location,name
mithlond,Grey Havens
forlond,Forlond
harlond_lindon,Harlond
annuminas,Annúminas
fornost,Fornost
carn_dum,Carn Dûm
hobbiton,Hobbiton
michel_delving,Michel Delving
bucklebury,Bucklebury
me_bree,Bree
amon_sul,Amon Sûl
rivendell,Rivendell
goblin_town,Goblin-town
gundabad,Gundabad
moria,Khazad-dûm
carrock,The Carrock
caras_galadhon,Caras Galadhon
dol_guldur,Dol Guldur
thranduil_halls,Thranduil's Halls
esgaroth,Esgaroth
dale,Dale
erebor,Erebor
dorwinion,Dorwinion
isengard,Isengard
helms_deep,Helm's Deep
edoras,Edoras
aldberg,Aldburg
dunharrow,Dunharrow
minas_tirith,Minas Tirith
osgiliath,Osgiliath
minas_morgul,Minas Morgul
morannon,The Morannon
barad_dur,Barad-dûr
mount_doom,Orodruin
nurn_fields,Fields of Nurn
pelargir,Pelargir
dol_amroth,Dol Amroth
linhir,Linhir
calembel,Calembel
erech,Erech
umbar,Umbar
pelennor,Pelennor
me_land_0001,Coldbay
me_land_0002,Driftbay
me_land_0003,Amon adarath
me_land_0004,Dol adarath
me_land_0005,Ashbag
me_land_0006,Azgbag
me_land_0007,Frostbay
me_land_0008,Alderbank
me_land_0009,Blackbag
me_land_0010,Aldberg
me_land_0011,Eithel adarath
me_land_0012,Balach
me_land_0013,Emyn adarath
me_land_0014,Imlad adarath
me_land_0015,Bearbank
me_land_0016,Ashbank
me_land_0017,Burzbag
me_land_0018,Dushbag
me_land_0019,Barrowbank
me_land_0020,Minas adarath
me_land_0021,Ghashbag
me_land_0022,Gorbag
me_land_0023,Ost adarath
me_land_0024,Beaconbank
me_land_0025,The Argonath
me_land_0026,Azrabad
me_land_0027,Borach
me_land_0028,Taur adarath
me_land_0029,Grishbag
me_land_0030,Applebank
me_land_0031,Bahrabad
me_land_0032,Bar adarath
me_land_0033,Calen adarath
me_land_0034,Alderbark
me_land_0035,Celon adarath
me_land_0036,Azanabad
me_land_0037,Blackbank
me_land_0038,Bramblebank
me_land_0039,Barazabad
me_land_0040,Nim adarath
me_land_0041,Amon aelath
me_land_0042,Dol aelath
me_land_0043,Icebay
me_land_0044,Darabad
me_land_0045,Northbay
me_land_0046,Amberbank
me_land_0047,Arzak
me_land_0048,Bucklandbank
me_land_0049,Cedarbank
me_land_0050,Gathach
me_land_0051,Palebay
me_land_0052,Karmach
me_land_0053,Farabad
me_land_0054,Krimpbag
me_land_0055,Eithel aelath
me_land_0056,Balkak
me_land_0057,Hadrabad
me_land_0058,Beorberg
me_land_0059,Deepbank
me_land_0060,Kharabad
me_land_0061,Bardbank
me_land_0062,Emyn aelath
me_land_0063,Lugbag
me_land_0064,Mauhbag
me_land_0065,Bregoberg
me_land_0066,Eastbank
me_land_0067,Imlad aelath
me_land_0068,Muzgbag
me_land_0069,Pinnath Gelin
me_land_0070,Sealbay
me_land_0071,Greenbank
me_land_0072,Nazgbag
me_land_0073,Minas aelath
me_land_0074,Khurach
me_land_0075,Bellbank
me_land_0076,Mahrabad
me_land_0077,Ceorlberg
me_land_0078,Skaibag
me_land_0079,Snowbay
me_land_0080,Uglbag
me_land_0081,Starbay
me_land_0082,Udûn
me_land_0083,Whitebay
me_land_0084,Brownbank
me_land_0085,Ost aelath
me_land_0086,Narabad
me_land_0087,Taur aelath
me_land_0088,Bizarabad
me_land_0089,Bar aelath
me_land_0090,Lodach
me_land_0091,Calen aelath
me_land_0092,Urukbag
me_land_0093,Narach
me_land_0094,Greybank
me_land_0095,Winterbay
me_land_0096,Qasabad
me_land_0097,Ashburz
me_land_0098,Longbank
me_land_0099,Celon aelath
me_land_0100,Rakhabad
me_land_0101,Nim aelath
me_land_0102,Azgburz
me_land_0103,Blackburz
me_land_0104,Coldcamp
me_land_0105,Amon annonath
me_land_0106,Déorberg
me_land_0107,Rhovach
me_land_0108,Burzburz
me_land_0109,Northbank
me_land_0110,Oakbank
me_land_0111,Dol annonath
me_land_0112,Dushburz
me_land_0113,Eithel annonath
me_land_0114,Emyn annonath
me_land_0115,Southbank
me_land_0116,Stonebank
me_land_0117,Driftcamp
me_land_0118,Sahrabad
me_land_0119,Eorlberg
me_land_0120,Imlad annonath
me_land_0121,Ghashburz
me_land_0122,Westbank
me_land_0123,Tazabad
me_land_0124,Gorburz
me_land_0125,Sagach
me_land_0126,Bundabad
me_land_0127,Frostcamp
me_land_0128,Grishburz
me_land_0129,Alderbourne
me_land_0130,Folcberg
me_land_0131,Icecamp
me_land_0132,Krimpburz
me_land_0133,Drazak
me_land_0134,Minas annonath
me_land_0135,Ost annonath
me_land_0136,Sharach
me_land_0137,Butterbank
me_land_0138,Ashbourne
me_land_0139,Lugburz
me_land_0140,Taur annonath
me_land_0141,Bar annonath
me_land_0142,Calen annonath
me_land_0143,Barrowbourne
me_land_0144,Uldach
me_land_0145,Umrabad
me_land_0146,Celon annonath
me_land_0147,Zarabad
me_land_0148,Nim annonath
me_land_0149,Mauhburz
me_land_0150,Beaconbourne
me_land_0151,Beebank
me_land_0152,Northcamp
me_land_0153,Muzgburz
me_land_0154,Nazgburz
me_land_0155,Amon belath
me_land_0156,Blackbourne
me_land_0157,Palecamp
me_land_0158,Gharak
me_land_0159,Bowbank
me_land_0160,Wainach
me_land_0161,Dol belath
me_land_0162,Sealcamp
me_land_0163,Snowcamp
me_land_0164,Bramblebourne
me_land_0165,Zorach
me_land_0166,Bucklandbourne
me_land_0167,Azrahir
me_land_0168,Eithel belath
me_land_0169,Emyn belath
me_land_0170,Cedarbourne
me_land_0171,Starcamp
me_land_0172,Deepbourne
me_land_0173,Bahrahir
me_land_0174,Imlad belath
me_land_0175,Darahir
me_land_0176,Balad
me_land_0177,Framberg
me_land_0178,Farahir
me_land_0179,Whitecamp
me_land_0180,Skaiburz
me_land_0181,Frogmorton
me_land_0182,Uglburz
me_land_0183,Dumabad
me_land_0184,Eastbourne
me_land_0185,Minas belath
me_land_0186,Tharbad
me_land_0187,Urukburz
me_land_0188,Ost belath
me_land_0189,Wintercamp
me_land_0190,Ashdûr
me_land_0191,Hadrahir
me_land_0192,Taur belath
me_land_0193,Azgdûr
me_land_0194,Greenbourne
me_land_0195,Blackdûr
me_land_0196,Burzdûr
me_land_0197,Kandak
me_land_0198,Bar belath
me_land_0199,Borad
me_land_0200,Coldfell
me_land_0201,Calen belath
me_land_0202,Gathad
me_land_0203,Greybourne
me_land_0204,Celon belath
me_land_0205,Dushdûr
me_land_0206,Nim belath
me_land_0207,Khazak
me_land_0208,Kharahir
me_land_0209,Longbourne
me_land_0210,Carrockbank
me_land_0211,Karmad
me_land_0212,Khurad
me_land_0213,Lodad
me_land_0214,Amon bornath
me_land_0215,Celduinbank
me_land_0216,Northbourne
me_land_0217,Grimberg
me_land_0218,Narad
me_land_0219,Mahrahir
me_land_0220,Dol bornath
me_land_0221,Eithel bornath
me_land_0222,Emyn bornath
me_land_0223,Oakbourne
me_land_0224,Ghashdûr
me_land_0225,Gordûr
me_land_0226,Imlad bornath
me_land_0227,Khorak
me_land_0228,Southbourne
me_land_0229,Helmberg
me_land_0230,Minas bornath
me_land_0231,Ost bornath
me_land_0232,Felekabad
me_land_0233,Grishdûr
me_land_0234,Ruzak
me_land_0235,Driftfell
me_land_0236,Rhovad
me_land_0237,Krimpdûr
me_land_0238,Skarnak
me_land_0239,Taur bornath
me_land_0240,Stonebourne
me_land_0241,Lugdûr
me_land_0242,Bar bornath
me_land_0243,Calen bornath
me_land_0244,Frostfell
me_land_0245,Mauhdûr
me_land_0246,Sagad
me_land_0247,Sharad
me_land_0248,Celon bornath
me_land_0249,Heruberg
me_land_0250,Uldad
me_land_0251,Narahir
me_land_0252,Icefell
me_land_0253,Wainad
me_land_0254,Qasahir
me_land_0255,Targak
me_land_0256,Zorad
me_land_0257,Balar
me_land_0258,Goldenbank
me_land_0259,Beechbark
me_land_0260,Harlond of Gondor
me_land_0261,Léodberg
me_land_0262,Varkak
me_land_0263,Muzgdûr
me_land_0264,Rakhahir
me_land_0265,Nim bornath
me_land_0266,Nazgdûr
me_land_0267,Westbourne
me_land_0268,Skaidûr
me_land_0269,Borar
me_land_0270,Ridberg
me_land_0271,Sahrahir
me_land_0272,Ugldûr
me_land_0273,Amon caranath
me_land_0274,Dimplebank
me_land_0275,Dalebank
me_land_0276,Alderbridge
me_land_0277,Thengelberg
me_land_0278,Dol caranath
me_land_0279,Eithel caranath
me_land_0280,Gathar
me_land_0281,Emyn caranath
me_land_0282,Urukdûr
me_land_0283,Ashfang
me_land_0284,Northfell
me_land_0285,Azgfang
me_land_0286,Imlad caranath
me_land_0287,Zandak
me_land_0288,Tazahir
me_land_0289,Woldberg
me_land_0290,Minas caranath
me_land_0291,Ashbridge
me_land_0292,Aldburna
me_land_0293,Beorburna
me_land_0294,Ost caranath
me_land_0295,Umrahir
me_land_0296,Gamilabad
me_land_0297,Karmar
me_land_0298,Khurar
me_land_0299,Taur caranath
me_land_0300,Bar caranath
me_land_0301,Bregoburna
me_land_0302,Barrowbridge
me_land_0303,Blackfang
me_land_0304,Zarahir
me_land_0305,Calen caranath
me_land_0306,Azramar
me_land_0307,Celon caranath
me_land_0308,Nim caranath
me_land_0309,Amon duinath
me_land_0310,Burzfang
me_land_0311,Honeybank
me_land_0312,Esgarbank
me_land_0313,Lodar
me_land_0314,Narar
me_land_0315,Rhovar
me_land_0316,Sagar
me_land_0317,Dol duinath
me_land_0318,Dushfang
me_land_0319,Birchbark
me_land_0320,Gatholabad
me_land_0321,Sharar
me_land_0322,Eithel duinath
me_land_0323,Beaconbridge
me_land_0324,Blackbridge
me_land_0325,Bahramar
me_land_0326,Daramar
me_land_0327,Bramblebridge
me_land_0328,Emyn duinath
me_land_0329,Uldar
me_land_0330,Ghashfang
me_land_0331,Faramar
me_land_0332,Wainar
me_land_0333,Imlad duinath
me_land_0334,Zorar
me_land_0335,Bucklandbridge
me_land_0336,Minas duinath
me_land_0337,Balath
me_land_0338,Ost duinath
me_land_0339,Palefell
me_land_0340,Taur duinath
me_land_0341,Riverbank
me_land_0342,Gorfang
me_land_0343,Khazabad
me_land_0344,Amon Lhaw
me_land_0345,Kingbank
me_land_0346,Grishfang
me_land_0347,Krimpfang
me_land_0348,Borath
me_land_0349,Bar duinath
me_land_0350,Calen duinath
me_land_0351,Celon duinath
me_land_0352,Lugfang
me_land_0353,Hadramar
me_land_0354,Mauhfang
me_land_0355,Gathath
me_land_0356,Cedarbridge
me_land_0357,Kharamar
me_land_0358,Deepbridge
me_land_0359,Fernbank
me_land_0360,Lakebank
me_land_0361,Skinbank
me_land_0362,Eastbridge
me_land_0363,Nim duinath
me_land_0364,Muzgfang
me_land_0365,Mahramar
me_land_0366,Greenbridge
me_land_0367,Sealfell
me_land_0368,Snowfell
me_land_0369,Nazgfang
me_land_0370,Skaifang
me_land_0371,Amon falasath
me_land_0372,Uglfang
me_land_0373,Ravenbank
me_land_0374,Dol falasath
me_land_0375,Redbank
me_land_0376,Karmath
me_land_0377,Eithel falasath
me_land_0378,Khurath
me_land_0379,Emyn falasath
me_land_0380,Imlad falasath
me_land_0381,Urukfang
me_land_0382,Ceorlburna
me_land_0383,Greybridge
me_land_0384,Déorburna
me_land_0385,Lodath
me_land_0386,Amberby
me_land_0387,Starfell
me_land_0388,Naramar
me_land_0389,Qasamar
me_land_0390,Ashgash
me_land_0391,Minas falasath
me_land_0392,Ost falasath
me_land_0393,Rakhamar
me_land_0394,Kheledabad
me_land_0395,Nargabad
me_land_0396,Taur falasath
me_land_0397,Longbridge
me_land_0398,Bar falasath
me_land_0399,Narath
me_land_0400,Calen falasath
me_land_0401,Azggash
me_land_0402,Celon falasath
me_land_0403,Sahramar
me_land_0404,Nim falasath
me_land_0405,Whitefell
me_land_0406,Tazamar
me_land_0407,Haybank
me_land_0408,Winterfell
me_land_0409,Northbridge
me_land_0410,Amon galenath
me_land_0411,Valebank
me_land_0412,Umramar
me_land_0413,Dol galenath
me_land_0414,Eithel galenath
me_land_0415,Zaramar
me_land_0416,Coldfloe
me_land_0417,Blackgash
me_land_0418,Driftfloe
me_land_0419,Emyn galenath
me_land_0420,Rhovath
me_land_0421,Imlad galenath
me_land_0422,Burzgash
me_land_0423,Azran
me_land_0424,Minas galenath
me_land_0425,Ost galenath
me_land_0426,Eorlburna
me_land_0427,Sharabad
me_land_0428,Oakbridge
me_land_0429,Dushgash
me_land_0430,Southbridge
me_land_0431,Durthang
me_land_0432,Taur galenath
me_land_0433,Arzan
me_land_0434,Balkan
me_land_0435,Bahran
me_land_0436,Stonebridge
me_land_0437,Bar galenath
me_land_0438,Calen galenath
me_land_0439,Daran
me_land_0440,Faran
me_land_0441,Celon galenath
me_land_0442,Zigilabad
me_land_0443,Ghashgash
me_land_0444,Drazan
me_land_0445,Nim galenath
me_land_0446,Sagath
me_land_0447,Sharath
me_land_0448,Amon gondath
me_land_0449,Gorgash
me_land_0450,Hadran
me_land_0451,Kharan
me_land_0452,Frostfloe
me_land_0453,Dol gondath
me_land_0454,Grishgash
me_land_0455,Mahran
me_land_0456,Westbridge
me_land_0457,Eithel gondath
me_land_0458,Bardby
me_land_0459,Emyn gondath
me_land_0460,Uldath
me_land_0461,Bellby
me_land_0462,Wainath
me_land_0463,Imlad gondath
me_land_0464,Krimpgash
me_land_0465,Luggash
me_land_0466,Zorath
me_land_0467,Minas gondath
me_land_0468,Hazelbank
me_land_0469,Naran
me_land_0470,Azanaglar
me_land_0471,Barazaglar
me_land_0472,Qasan
me_land_0473,Rakhan
me_land_0474,Alderbrook
me_land_0475,Ashbrook
me_land_0476,Balen
me_land_0477,Boren
me_land_0478,Bowby
me_land_0479,Ost gondath
me_land_0480,Taur gondath
me_land_0481,Bizaraglar
me_land_0482,Celduinby
me_land_0483,Barrowbrook
me_land_0484,Gharan
me_land_0485,Mauhgash
me_land_0486,Bundaglar
me_land_0487,Hollybank
me_land_0488,Bar gondath
me_land_0489,Calen gondath
me_land_0490,Daleby
me_land_0491,Beaconbrook
me_land_0492,Blackbrook
me_land_0493,Celon gondath
me_land_0494,Muzggash
me_land_0495,Sahran
me_land_0496,Bramblebrook
me_land_0497,Nazggash
me_land_0498,Nim gondath
me_land_0499,Gathen
me_land_0500,Kandan
me_land_0501,Tazan
me_land_0502,Glittering Caves
me_land_0503,Amon lothath
me_land_0504,Bucklandbrook
me_land_0505,Umran
me_land_0506,Skaigash
me_land_0507,Khazan
me_land_0508,Dol lothath
me_land_0509,Zaran
me_land_0510,Eithel lothath
me_land_0511,Framburna
me_land_0512,Emyn lothath
me_land_0513,Icefloe
me_land_0514,Imlad lothath
me_land_0515,Uglgash
me_land_0516,Karmen
me_land_0517,Northfloe
me_land_0518,Palefloe
me_land_0519,Minas lothath
me_land_0520,Khuren
me_land_0521,Cedarbrook
me_land_0522,Deepbrook
me_land_0523,Sealfloe
me_land_0524,Merrybank
me_land_0525,Mossbank
me_land_0526,Snowfloe
me_land_0527,Urukgash
me_land_0528,Wildbank
me_land_0529,Ost lothath
me_land_0530,Ashglob
me_land_0531,Azgglob
me_land_0532,Blackglob
me_land_0533,Taur lothath
me_land_0534,Burzglob
me_land_0535,Azrara
me_land_0536,Grimburna
me_land_0537,Helmburna
me_land_0538,Khoran
me_land_0539,Dushglob
me_land_0540,Loden
me_land_0541,Bar lothath
me_land_0542,Naren
me_land_0543,Calen lothath
me_land_0544,Ghashglob
me_land_0545,Celon lothath
me_land_0546,Nim lothath
me_land_0547,Amon mornath
me_land_0548,Dol mornath
me_land_0549,Eithel mornath
me_land_0550,Boughbark
me_land_0551,Gorglob
me_land_0552,Elmbark
me_land_0553,Emyn mornath
me_land_0554,Grishglob
me_land_0555,Krimpglob
me_land_0556,Heruburna
me_land_0557,Dumaglar
me_land_0558,Lugglob
me_land_0559,Imlad mornath
me_land_0560,Eastby
me_land_0561,Minas mornath
me_land_0562,Rhoven
me_land_0563,Eastbrook
me_land_0564,Bahrara
me_land_0565,Darara
me_land_0566,Farara
me_land_0567,Mauhglob
me_land_0568,Sagen
me_land_0569,Hadrara
me_land_0570,Muzgglob
me_land_0571,Ost mornath
me_land_0572,Esgarby
me_land_0573,Taur mornath
me_land_0574,Nazgglob
me_land_0575,Greenbrook
me_land_0576,Kharara
me_land_0577,Greybrook
me_land_0578,Bar mornath
me_land_0579,Calen mornath
me_land_0580,Skaiglob
me_land_0581,Longbrook
me_land_0582,Sharen
me_land_0583,Woodbank
me_land_0584,Nutbank
me_land_0585,Celon mornath
me_land_0586,Ulden
me_land_0587,Léodburna
me_land_0588,Uglglob
me_land_0589,Wainen
me_land_0590,Urukglob
me_land_0591,Northbrook
me_land_0592,Ruzan
me_land_0593,Zoren
me_land_0594,Ashgrat
me_land_0595,Kingby
me_land_0596,Nim mornath
me_land_0597,Oakbrook
me_land_0598,Amon nenath
me_land_0599,Dol nenath
me_land_0600,Eithel nenath
me_land_0601,Ridburna
me_land_0602,Emyn nenath
me_land_0603,Imlad nenath
me_land_0604,Azggrat
me_land_0605,Mahrara
me_land_0606,Lakeby
me_land_0607,Skarnan
me_land_0608,Minas nenath
me_land_0609,Bearden
me_land_0610,Balod
me_land_0611,Starfloe
me_land_0612,Targan
me_land_0613,Felekaglar
me_land_0614,Narara
me_land_0615,Varkan
me_land_0616,Ost nenath
me_land_0617,Taur nenath
me_land_0618,Blackgrat
me_land_0619,Bar nenath
me_land_0620,Burzgrat
me_land_0621,Gamilaglar
me_land_0622,Beeden
me_land_0623,Dushgrat
me_land_0624,Southbrook
me_land_0625,Calen nenath
me_land_0626,Celon nenath
me_land_0627,Nim nenath
me_land_0628,Zandan
me_land_0629,Amon rathath
me_land_0630,Dol rathath
me_land_0631,Qasara
me_land_0632,Ghashgrat
me_land_0633,Eithel rathath
me_land_0634,Gorgrat
me_land_0635,Stonebrook
me_land_0636,Westbrook
me_land_0637,Carrockden
me_land_0638,Whitefloe
me_land_0639,Rushbank
me_land_0640,Borod
me_land_0641,Emyn rathath
me_land_0642,Tarlang's Neck
me_land_0643,Gatholaglar
me_land_0644,Alderdown
me_land_0645,Grishgrat
me_land_0646,Gundaglar
me_land_0647,Ashdown
me_land_0648,Krimpgrat
me_land_0649,Rakhara
me_land_0650,Thengelburna
me_land_0651,Goldenden
me_land_0652,Minas rathath
me_land_0653,Barrowdown
me_land_0654,Luggrat
me_land_0655,Ost rathath
me_land_0656,Woldburna
me_land_0657,Taur rathath
me_land_0658,Sahrara
me_land_0659,Bar rathath
me_land_0660,Calen rathath
me_land_0661,Khazaglar
me_land_0662,Celon rathath
me_land_0663,Mauhgrat
me_land_0664,Tazara
me_land_0665,Nim rathath
me_land_0666,Amon sarnath
me_land_0667,Umrara
me_land_0668,Beacondown
me_land_0669,Dol sarnath
me_land_0670,Blackdown
me_land_0671,Winterfloe
me_land_0672,Zarara
me_land_0673,Arzar
me_land_0674,Coldhaven
me_land_0675,Muzggrat
me_land_0676,Alddenu
me_land_0677,Gathod
me_land_0678,Longby
me_land_0679,Cirith Ungol
me_land_0680,Eithel sarnath
me_land_0681,Drifthaven
me_land_0682,Brambledown
me_land_0683,Emyn sarnath
me_land_0684,Northby
me_land_0685,Frosthaven
me_land_0686,Henneth Annûn
me_land_0687,Imlad sarnath
me_land_0688,Minas sarnath
me_land_0689,Ost sarnath
me_land_0690,Karmod
me_land_0691,Bucklanddown
me_land_0692,Honeyden
me_land_0693,Taur sarnath
me_land_0694,Bar sarnath
me_land_0695,Icehaven
me_land_0696,Calen sarnath
me_land_0697,Nazggrat
me_land_0698,Celon sarnath
me_land_0699,Nim sarnath
me_land_0700,Cedardown
me_land_0701,Khurod
me_land_0702,Skaigrat
me_land_0703,Amon thoronath
me_land_0704,Uglgrat
me_land_0705,Azrasir
me_land_0706,Thistlebank
me_land_0707,Kheledaglar
me_land_0708,Lodod
me_land_0709,Urukgrat
me_land_0710,Bahrasir
me_land_0711,Narod
me_land_0712,Northhaven
me_land_0713,Ashkrak
me_land_0714,Dol thoronath
me_land_0715,Deepdown
me_land_0716,Rhovod
me_land_0717,Azgkrak
me_land_0718,Darasir
me_land_0719,Oakden
me_land_0720,Eithel thoronath
me_land_0721,Sagod
me_land_0722,Sharod
me_land_0723,Blackkrak
me_land_0724,Emyn thoronath
me_land_0725,Burzkrak
me_land_0726,Imlad thoronath
me_land_0727,Dushkrak
me_land_0728,Minas thoronath
me_land_0729,Palehaven
me_land_0730,Ghashkrak
me_land_0731,Gorkrak
me_land_0732,Uldod
me_land_0733,Eastdown
me_land_0734,Ravenby
me_land_0735,Farasir
me_land_0736,Ost thoronath
me_land_0737,Mindolluin
me_land_0738,Wainod
me_land_0739,Hadrasir
me_land_0740,Redby
me_land_0741,Grishkrak
me_land_0742,Bar thoronath
me_land_0743,Krimpkrak
me_land_0744,Kharasir
me_land_0745,Zorod
me_land_0746,Greendown
me_land_0747,Balor
me_land_0748,Boror
me_land_0749,Lugkrak
me_land_0750,Willowbank
me_land_0751,Beordenu
me_land_0752,Calen thoronath
me_land_0753,Westby
me_land_0754,Sealhaven
me_land_0755,Wellinghall
me_land_0756,Bregodenu
me_land_0757,Greydown
me_land_0758,Balkar
me_land_0759,Amberfell
me_land_0760,Mauhkrak
me_land_0761,Mahrasir
me_land_0762,Ceorldenu
me_land_0763,Narasir
me_land_0764,Muzgkrak
me_land_0765,Celon thoronath
me_land_0766,Longdown
me_land_0767,Nim thoronath
me_land_0768,Gathor
me_land_0769,Amon adardor
me_land_0770,Karmor
me_land_0771,Déordenu
me_land_0772,Khuror
me_land_0773,Lodor
me_land_0774,Naror
me_land_0775,Snowhaven
me_land_0776,Dol adardor
me_land_0777,Rhovor
me_land_0778,Eithel adardor
me_land_0779,Sagor
me_land_0780,Nargaglar
me_land_0781,Northdown
me_land_0782,Oakdown
me_land_0783,Sharor
me_land_0784,Starhaven
me_land_0785,Southdown
me_land_0786,Qasasir
me_land_0787,Nazgkrak
me_land_0788,Emyn adardor
me_land_0789,Riverden
me_land_0790,Stonedown
me_land_0791,Imlad adardor
me_land_0792,Uldor
me_land_0793,Drazar
me_land_0794,Gharar
me_land_0795,Eorldenu
me_land_0796,Minas adardor
me_land_0797,Ost adardor
me_land_0798,Ghân's Glade
me_land_0799,Firbark
me_land_0800,Wainor
me_land_0801,Folcdenu
me_land_0802,Skaikrak
me_land_0803,Taur adardor
me_land_0804,Rakhasir
me_land_0805,Framdenu
me_land_0806,Bar adardor
me_land_0807,Whitehaven
me_land_0808,Calen adardor
me_land_0809,Celon adardor
me_land_0810,Sahrasir
me_land_0811,Applebottom
me_land_0812,Nim adardor
me_land_0813,Amon aeldor
me_land_0814,Uglkrak
me_land_0815,Zoror
me_land_0816,Winterhaven
me_land_0817,Tazasir
me_land_0818,Umrasir
me_land_0819,Balun
me_land_0820,Urukkrak
me_land_0821,Zarasir
me_land_0822,Azrem
me_land_0823,Borun
me_land_0824,Coldmere
me_land_0825,Kandar
me_land_0826,Westdown
me_land_0827,Dol aeldor
me_land_0828,Alderfield
me_land_0829,Gathun
me_land_0830,Karmun
me_land_0831,Sharaglar
me_land_0832,Bahrem
me_land_0833,Khurun
me_land_0834,Eithel aeldor
me_land_0835,Driftmere
me_land_0836,Ashlug
me_land_0837,Ashfield
me_land_0838,Azglug
me_land_0839,Emyn aeldor
me_land_0840,Frostmere
me_land_0841,Imlad aeldor
me_land_0842,Minas aeldor
me_land_0843,Lodun
me_land_0844,Darem
me_land_0845,Blacklug
me_land_0846,Barrowfield
me_land_0847,Bramblebottom
me_land_0848,Farem
me_land_0849,Burzlug
me_land_0850,Grimdenu
me_land_0851,Beaconfield
me_land_0852,Khazar
me_land_0853,Ost aeldor
me_land_0854,Taur aeldor
me_land_0855,Narun
me_land_0856,Khorar
me_land_0857,Blackfield
me_land_0858,Dushlug
me_land_0859,Icemere
me_land_0860,Bramblefield
me_land_0861,Leafbark
me_land_0862,Bar aeldor
me_land_0863,Ruzar
me_land_0864,Bucklandfield
me_land_0865,Calen aeldor
me_land_0866,Rhovun
me_land_0867,Brownbottom
me_land_0868,Sagun
me_land_0869,Celon aeldor
me_land_0870,Zigilaglar
me_land_0871,Sharun
me_land_0872,Nim aeldor
me_land_0873,Hadrem
me_land_0874,Cedarfield
me_land_0875,Ghashlug
me_land_0876,Uldun
me_land_0877,Wainun
me_land_0878,Amon annondor
me_land_0879,Gorlug
me_land_0880,Dol annondor
me_land_0881,Eithel annondor
me_land_0882,Azanbizar
me_land_0883,Deepfield
me_land_0884,Zorun
me_land_0885,Edhellond
me_land_0886,Eastfield
me_land_0887,Barazbizar
me_land_0888,Grishlug
me_land_0889,Balur
me_land_0890,Krimplug
me_land_0891,Kharem
me_land_0892,Luglug
me_land_0893,Mahrem
me_land_0894,Narem
me_land_0895,Mauhlug
me_land_0896,Helmdenu
me_land_0897,Muzglug
me_land_0898,Greenfield
me_land_0899,Emyn annondor
me_land_0900,Greyfield
me_land_0901,Longfield
me_land_0902,Imlad annondor
me_land_0903,Oakbark
me_land_0904,Nazglug
me_land_0905,Northfield
me_land_0906,Bizarbizar
me_land_0907,Northmere
me_land_0908,Minas annondor
me_land_0909,Skailug
me_land_0910,Oakfield
me_land_0911,Sarn Ford
me_land_0912,Herudenu
me_land_0913,Ugllug
me_land_0914,Ost annondor
me_land_0915,Palemere
me_land_0916,Celebdil
me_land_0917,Borur
me_land_0918,Taur annondor
me_land_0919,Bar annondor
me_land_0920,Ashmauk
me_land_0921,Qasem
me_land_0922,Calen annondor
me_land_0923,Withered Heath
me_land_0924,Celon annondor
me_land_0925,Southfield
me_land_0926,Nim annondor
me_land_0927,Amon beldor
me_land_0928,Dol beldor
me_land_0929,Gathur
me_land_0930,Butterbottom
me_land_0931,Azgmauk
me_land_0932,Eithel beldor
me_land_0933,Stonefield
me_land_0934,Sealmere
me_land_0935,Westfield
me_land_0936,Emyn beldor
me_land_0937,Alderford
me_land_0938,Rakhem
me_land_0939,Sahrem
me_land_0940,Léoddenu
me_land_0941,Ashford
me_land_0942,Imlad beldor
me_land_0943,Minas beldor
me_land_0944,Riddenu
me_land_0945,Blackmauk
me_land_0946,Burzmauk
me_land_0947,Barrowford
me_land_0948,Bardfell
me_land_0949,Dushmauk
me_land_0950,Thengeldenu
me_land_0951,Beaconford
me_land_0952,Ost beldor
me_land_0953,Ghashmauk
me_land_0954,Tazem
me_land_0955,Lithlad
me_land_0956,Taur beldor
me_land_0957,Gormauk
me_land_0958,Wolddenu
me_land_0959,Bar beldor
me_land_0960,Calen beldor
me_land_0961,Grishmauk
me_land_0962,Bundbizar
me_land_0963,Bellfell
me_land_0964,Blackford
me_land_0965,Umrem
me_land_0966,Cloverbottom
me_land_0967,Celon beldor
me_land_0968,Brambleford
me_land_0969,Nim beldor
me_land_0970,Amon borndor
me_land_0971,Bowfell
me_land_0972,Dol borndor
me_land_0973,Bucklandford
me_land_0974,Karmur
me_land_0975,Krimpmauk
me_land_0976,Snowmere
me_land_0977,Zarem
me_land_0978,Khurur
me_land_0979,Lodur
me_land_0980,Cedarford
me_land_0981,Lugmauk
me_land_0982,Deepford
me_land_0983,Narur
me_land_0984,Eithel borndor
me_land_0985,Rowanbark
me_land_0986,Eastford
me_land_0987,Azresh
me_land_0988,Rhovur
me_land_0989,Dimplebottom
me_land_0990,Greenford
me_land_0991,Emyn borndor
me_land_0992,Bahresh
me_land_0993,Imlad borndor
me_land_0994,Celduinfell
me_land_0995,Minas borndor
me_land_0996,Aldfeld
me_land_0997,Ost borndor
me_land_0998,Fernbottom
me_land_0999,Taur borndor
me_land_1000,Skarnar
me_land_1001,Beorfeld
me_land_1002,Greyford
me_land_1003,Sagur
me_land_1004,Dumbizar
me_land_1005,Dalefell
me_land_1006,Mauhmauk
me_land_1007,Muzgmauk
me_land_1008,Longford
me_land_1009,Daresh
me_land_1010,Nazgmauk
me_land_1011,Skaimauk
me_land_1012,Bregofeld
me_land_1013,Bar borndor
me_land_1014,Sharur
me_land_1015,Uldur
me_land_1016,Eastfell
me_land_1017,Uglmauk
me_land_1018,Northford
me_land_1019,Calen borndor
me_land_1020,Starmere
me_land_1021,Celon borndor
me_land_1022,Barrow-downs
me_land_1023,Wainur
me_land_1024,Faresh
me_land_1025,Hadresh
me_land_1026,Nim borndor
me_land_1027,Zorur
me_land_1028,Oakford
me_land_1029,Urukmauk
me_land_1030,Kharesh
me_land_1031,Mahresh
me_land_1032,Southford
me_land_1033,Amon carandor
me_land_1034,Balach Camp
me_land_1035,Borach Camp
me_land_1036,Ashnakh
me_land_1037,Derndingle
me_land_1038,Dol carandor
me_land_1039,Naresh
me_land_1040,Stoneford
me_land_1041,Whitemere
me_land_1042,Eithel carandor
me_land_1043,Westford
me_land_1044,Emyn carandor
me_land_1045,Aldergate
me_land_1046,Imlad carandor
me_land_1047,Minas carandor
me_land_1048,Azgnakh
me_land_1049,Ceorlfeld
me_land_1050,Ashgate
me_land_1051,Ost carandor
me_land_1052,Barrowgate
me_land_1053,Beacongate
me_land_1054,Cirith Gorgor
me_land_1055,Blacknakh
me_land_1056,Bar carandor
me_land_1057,Calen carandor
me_land_1058,Celon carandor
me_land_1059,Blackgate
me_land_1060,Qasesh
me_land_1061,Bramblegate
me_land_1062,Haysend
me_land_1063,Gathach Camp
me_land_1064,Nim carandor
me_land_1065,Cedargate
me_land_1066,Rakhesh
me_land_1067,Sahresh
me_land_1068,Tazesh
me_land_1069,Amon duindor
me_land_1070,Burznakh
me_land_1071,Deepgate
me_land_1072,Dol duindor
me_land_1073,Haybottom
me_land_1074,Eithel duindor
me_land_1075,Emyn duindor
me_land_1076,Wintermere
me_land_1077,Dushnakh
me_land_1078,Umresh
me_land_1079,Ghashnakh
me_land_1080,Imlad duindor
me_land_1081,Minas duindor
me_land_1082,Coldpoint
me_land_1083,Eastgate
me_land_1084,Ost duindor
me_land_1085,Taur duindor
me_land_1086,Bar duindor
me_land_1087,Felekbizar
me_land_1088,Gornakh
me_land_1089,Calen duindor
me_land_1090,Zaresh
me_land_1091,Hazelbottom
me_land_1092,Karmach Camp
me_land_1093,Celon duindor
me_land_1094,Azrim
me_land_1095,Grishnakh
me_land_1096,Bahrim
me_land_1097,Nim duindor
me_land_1098,Darim
me_land_1099,Krimpnakh
me_land_1100,Lugnakh
me_land_1101,Amon falasdor
me_land_1102,Dol falasdor
me_land_1103,Driftpoint
me_land_1104,Eithel falasdor
me_land_1105,Mauhnakh
me_land_1106,Emyn falasdor
me_land_1107,Imlad falasdor
me_land_1108,Muzgnakh
me_land_1109,Minas falasdor
me_land_1110,Greengate
me_land_1111,Greygate
me_land_1112,Nazgnakh
me_land_1113,Gamilbizar
me_land_1114,Farim
me_land_1115,Gatholbizar
me_land_1116,Hadrim
me_land_1117,Déorfeld
me_land_1118,Ost falasdor
me_land_1119,Skainakh
me_land_1120,Longgate
me_land_1121,Taur falasdor
me_land_1122,Eorlfeld
me_land_1123,Kharim
me_land_1124,Mahrim
me_land_1125,Bar falasdor
me_land_1126,Uglnakh
me_land_1127,Narim
me_land_1128,Folcfeld
me_land_1129,Framfeld
me_land_1130,Calen falasdor
me_land_1131,Uruknakh
me_land_1132,Ashshak
me_land_1133,Northgate
me_land_1134,Oakgate
me_land_1135,Celon falasdor
me_land_1136,Frostpoint
me_land_1137,Azgshak
me_land_1138,Blackshak
me_land_1139,Khurach Camp
me_land_1140,Burzshak
me_land_1141,Nim falasdor
me_land_1142,Amon galendor
me_land_1143,Lodach Camp
me_land_1144,Gundbizar
me_land_1145,Dol galendor
me_land_1146,Southgate
me_land_1147,Eithel galendor
me_land_1148,Qasim
me_land_1149,Dushshak
me_land_1150,Emyn galendor
me_land_1151,Imlad galendor
me_land_1152,Minas galendor
me_land_1153,Ost galendor
me_land_1154,Targar
me_land_1155,Taur galendor
me_land_1156,Bar galendor
me_land_1157,Calen galendor
me_land_1158,Narach Camp
me_land_1159,Celon galendor
me_land_1160,Rakhim
me_land_1161,Nim galendor
me_land_1162,Rhovach Camp
me_land_1163,Ghashshak
me_land_1164,Sagach Camp
me_land_1165,Stonegate
me_land_1166,Esgarfell
me_land_1167,Westgate
me_land_1168,Icepoint
me_land_1169,Amon gonddor
me_land_1170,Gorshak
me_land_1171,Dol gonddor
me_land_1172,Sharach Camp
me_land_1173,Uldach Camp
me_land_1174,Sahrim
me_land_1175,Tazim
me_land_1176,Hollybottom
me_land_1177,Eithel gonddor
me_land_1178,Grishshak
me_land_1179,Alderhall
me_land_1180,Krimpshak
me_land_1181,Emyn gonddor
me_land_1182,Khazbizar
me_land_1183,Imlad gonddor
me_land_1184,Wainach Camp
me_land_1185,Lugshak
me_land_1186,Northpoint
me_land_1187,Mauhshak
me_land_1188,Minas gonddor
me_land_1189,Ost gonddor
me_land_1190,Palepoint
me_land_1191,Umrim
me_land_1192,Ashhall
me_land_1193,Kingfell
me_land_1194,Muzgshak
me_land_1195,Merrybottom
me_land_1196,Grimfeld
me_land_1197,Zarim
me_land_1198,Helmfeld
me_land_1199,Varkar
me_land_1200,Azrir
me_land_1201,Nazgshak
me_land_1202,Zandar
me_land_1203,Arzash
me_land_1204,Taur gonddor
me_land_1205,Barrowhall
me_land_1206,Bar gonddor
me_land_1207,Calen gonddor
me_land_1208,Skaishak
me_land_1209,Sealpoint
me_land_1210,Snowpoint
me_land_1211,Uglshak
me_land_1212,Celon gonddor
me_land_1213,Nim gonddor
me_land_1214,Urukshak
me_land_1215,Bahrir
me_land_1216,Amon lothdor
me_land_1217,Dol lothdor
me_land_1218,Darir
me_land_1219,Farir
me_land_1220,Zorach Camp
me_land_1221,Ashsnaga
me_land_1222,Starpoint
me_land_1223,Eithel lothdor
me_land_1224,Emyn lothdor
me_land_1225,Azgsnaga
me_land_1226,Hadrir
me_land_1227,Blacksnaga
me_land_1228,Min-Rimmon
me_land_1229,Balad Camp
me_land_1230,Burzsnaga
me_land_1231,Dushsnaga
me_land_1232,Kharir
me_land_1233,Minas lothdor
me_land_1234,Ost lothdor
me_land_1235,Taur lothdor
me_land_1236,Ghashsnaga
me_land_1237,Mahrir
me_land_1238,Borad Camp
me_land_1239,Herufeld
me_land_1240,Dwimorberg
me_land_1241,Bar lothdor
me_land_1242,Gathad Camp
me_land_1243,Whitepoint
me_land_1244,Narir
me_land_1245,Beaconhall
me_land_1246,Calen lothdor
me_land_1247,Gorsnaga
me_land_1248,Grishsnaga
me_land_1249,Ridfeld
me_land_1250,Balkash
me_land_1251,Krimpsnaga
me_land_1252,Qasir
me_land_1253,Mossbottom
me_land_1254,Rakhir
me_land_1255,Skinden
me_land_1256,Celon lothdor
me_land_1257,Nim lothdor
me_land_1258,Karmad Camp
me_land_1259,The Cross-roads
me_land_1260,Amon morndor
me_land_1261,Winterpoint
me_land_1262,Khurad Camp
me_land_1263,Lodad Camp
me_land_1264,Framsburg
me_land_1265,Narad Camp
me_land_1266,Dol morndor
me_land_1267,Mauhsnaga
me_land_1268,Coldshore
me_land_1269,Nardol
me_land_1270,Eithel morndor
me_land_1271,Muzgsnaga
me_land_1272,Emyn morndor
me_land_1273,Bramblehall
me_land_1274,Imlad morndor
me_land_1275,Rhovad Camp
me_land_1276,Thengelfeld
me_land_1277,Minas morndor
me_land_1278,Ost morndor
me_land_1279,Sagad Camp
me_land_1280,Tolfalas
me_land_1281,Nazgsnaga
me_land_1282,Driftshore
me_land_1283,Taur morndor
me_land_1284,Skaisnaga
me_land_1285,Bar morndor
me_land_1286,Calen morndor
me_land_1287,Rootbark
me_land_1288,Celon morndor
me_land_1289,Bucklandhall
me_land_1290,Nim morndor
me_land_1291,Sharad Camp
me_land_1292,Sahrir
me_land_1293,Uglsnaga
me_land_1294,Nutbottom
me_land_1295,Frostshore
me_land_1296,Uldad Camp
me_land_1297,Tazir
me_land_1298,Cedarhall
me_land_1299,Lakefell
me_land_1300,Amon nendor
me_land_1301,Uruksnaga
me_land_1302,Ashzagh
me_land_1303,Azgzagh
me_land_1304,Stoneden
me_land_1305,Dol nendor
me_land_1306,Longfell
me_land_1307,Eithel nendor
me_land_1308,Blackzagh
me_land_1309,Deephall
me_land_1310,Emyn nendor
me_land_1311,Imlad nendor
me_land_1312,Minas nendor
me_land_1313,Easthall
me_land_1314,Ost nendor
me_land_1315,Wainad Camp
me_land_1316,Wainhold
me_land_1317,Burzzagh
me_land_1318,Umrir
me_land_1319,Greenhall
me_land_1320,Dushzagh
me_land_1321,Fords of Isen
me_land_1322,Field of Celebrant
me_land_1323,Greyhall
me_land_1324,Taur nendor
me_land_1325,Bar nendor
me_land_1326,Ghashzagh
me_land_1327,Gorzagh
me_land_1328,Longhall
me_land_1329,Northhall
me_land_1330,Iceshore
me_land_1331,Oakhall
me_land_1332,Northshore
me_land_1333,Grishzagh
me_land_1334,Brandywine Bridge
me_land_1335,Krimpzagh
me_land_1336,Zarir
me_land_1337,Southhall
me_land_1338,Lugzagh
me_land_1339,Calen nendor
me_land_1340,Celon nendor
me_land_1341,Ravenfell
me_land_1342,Mauhzagh
me_land_1343,Zorad Camp
me_land_1344,Azrun
me_land_1345,Nim nendor
me_land_1346,Rushbottom
me_land_1347,Drazash
me_land_1348,Muzgzagh
me_land_1349,Amon rathdor
me_land_1350,Nazgzagh
me_land_1351,Grey Mountain Ruins
me_land_1352,Skaizagh
me_land_1353,Woldfeld
me_land_1354,Bahrun
me_land_1355,Dol rathdor
me_land_1356,Darun
me_land_1357,Uglzagh
me_land_1358,Eithel rathdor
me_land_1359,Urukzagh
me_land_1360,Farun
me_land_1361,Stonehall
me_land_1362,Emyn rathdor
me_land_1363,Imlad rathdor
me_land_1364,Ashbag Camp
me_land_1365,Westhall
me_land_1366,Balar Camp
me_land_1367,Hadrun
me_land_1368,Aldfold
me_land_1369,Kharun
me_land_1370,Minas rathdor
me_land_1371,Borar Camp
me_land_1372,Kheledbizar
me_land_1373,Ost rathdor
me_land_1374,Mahrun
me_land_1375,Taur rathdor
me_land_1376,Beorfold
me_land_1377,Gathar Camp
me_land_1378,Karmar Camp
me_land_1379,Paleshore
me_land_1380,Alderheath
me_land_1381,Bar rathdor
me_land_1382,Ashheath
me_land_1383,Barrowheath
me_land_1384,Calen rathdor
me_land_1385,Qasun
me_land_1386,Valeden
me_land_1387,Rakhun
me_land_1388,Sealshore
me_land_1389,Celon rathdor
me_land_1390,Nim rathdor
me_land_1391,Amon sarndor
me_land_1392,Khurar Camp
me_land_1393,Dol sarndor
me_land_1394,Lodar Camp
me_land_1395,Eithel sarndor
me_land_1396,Emyn sarndor
me_land_1397,Redfell
me_land_1398,Azgbag Camp
me_land_1399,Snowshore
me_land_1400,Beaconheath
me_land_1401,Narar Camp
me_land_1402,Imlad sarndor
me_land_1403,Gharash
me_land_1404,Minas sarndor
me_land_1405,Rhovar Camp
me_land_1406,Ost sarndor
me_land_1407,Starshore
me_land_1408,Sahrun
me_land_1409,Tazun
me_land_1410,Blackbag Camp
me_land_1411,Blackheath
me_land_1412,Sagar Camp
me_land_1413,Umrun
me_land_1414,Burzbag Camp
me_land_1415,Brambleheath
me_land_1416,Sharar Camp
me_land_1417,Zarun
me_land_1418,Whiteshore
me_land_1419,Azrur
me_land_1420,Uldar Camp
me_land_1421,Bahrur
me_land_1422,Taur sarndor
me_land_1423,Wainar Camp
me_land_1424,Kandash
me_land_1425,Thistlebottom
me_land_1426,Dushbag Camp
me_land_1427,Westfell
me_land_1428,Ghashbag Camp
me_land_1429,Bar sarndor
me_land_1430,Bucklandheath
me_land_1431,Calen sarndor
me_land_1432,Gorbag Camp
me_land_1433,Celon sarndor
me_land_1434,Wintershore
me_land_1435,Bregofold
me_land_1436,Darur
me_land_1437,Cedarheath
me_land_1438,Deepheath
me_land_1439,Grishbag Camp
me_land_1440,Zorar Camp
me_land_1441,Nim sarndor
me_land_1442,Amon thorondor
me_land_1443,Dol thorondor
me_land_1444,Eastheath
me_land_1445,Farur
me_land_1446,Greenheath
me_land_1447,Eithel thorondor
me_land_1448,Krimpbag Camp
me_land_1449,Coldwater
me_land_1450,Balath Camp
me_land_1451,Emyn thorondor
me_land_1452,Borath Camp
me_land_1453,Imlad thorondor
me_land_1454,Greyheath
me_land_1455,Lugbag Camp
me_land_1456,Minas thorondor
me_land_1457,Ost thorondor
me_land_1458,Taur thorondor
me_land_1459,Bar thorondor
me_land_1460,Mauhbag Camp
me_land_1461,Gathath Camp
me_land_1462,Wildden
me_land_1463,Calen thorondor
me_land_1464,Karmath Camp
me_land_1465,Celon thorondor
me_land_1466,Muzgbag Camp
me_land_1467,Nazgbag Camp
me_land_1468,Khurath Camp
me_land_1469,Nim thorondor
me_land_1470,Skaibag Camp
me_land_1471,Uglbag Camp
me_land_1472,Urukbag Camp
me_land_1473,Amon adardûr
me_land_1474,Dol adardûr
me_land_1475,Willowbottom
me_land_1476,Longheath
me_land_1477,Ashburz Camp
me_land_1478,Khazash
me_land_1479,Willowbark
me_land_1480,Eithel adardûr
me_land_1481,Emyn adardûr
me_land_1482,Lodath Camp
me_land_1483,Woodden
me_land_1484,Khorash
me_land_1485,Applebrook
me_land_1486,Hadrur
me_land_1487,Amberford
me_land_1488,Northheath
me_land_1489,Narath Camp
me_land_1490,Kharur
me_land_1491,Imlad adardûr
me_land_1492,Brownbrook
me_land_1493,Minas adardûr
me_land_1494,Azgburz Camp
me_land_1495,Ost adardûr
me_land_1496,Ceorlfold
me_land_1497,Mahrur
me_land_1498,Starkhorn
me_land_1499,Blackburz Camp
me_land_1500,Nargbizar
me_land_1501,Oakheath
me_land_1502,Southheath
me_land_1503,Rhovath Camp
me_land_1504,Sharbizar
me_land_1505,Ruzash
me_land_1506,Taur adardûr
me_land_1507,Sagath Camp
me_land_1508,Sharath Camp
me_land_1509,Stoneheath
me_land_1510,Skarnash
me_land_1511,Qasur
me_land_1512,Rakhur
me_land_1513,Driftwater
me_land_1514,Bar adardûr
me_land_1515,Butterbrook
me_land_1516,Westheath
me_land_1517,Calen adardûr
me_land_1518,Frostwater
me_land_1519,Sahrur
me_land_1520,Celon adardûr
me_land_1521,Nim adardûr
me_land_1522,Burzburz Camp
me_land_1523,Aldermere
me_land_1524,Uldath Camp
me_land_1525,Paths of the Dead
me_land_1526,Ashmere
me_land_1527,Wainath Camp
me_land_1528,Bardford
me_land_1529,Tazur
me_land_1530,Umrur
me_land_1531,Icewater
me_land_1532,Dushburz Camp
me_land_1533,Ghashburz Camp
me_land_1534,Zorath Camp
me_land_1535,Alderbole
me_land_1536,Northwater
me_land_1537,Amon aeldûr
me_land_1538,Zarur
me_land_1539,Dol aeldûr
me_land_1540,Barrowmere
me_land_1541,Azrabad Gate
me_land_1542,Bahrabad Gate
me_land_1543,Eithel aeldûr
me_land_1544,Emyn aeldûr
me_land_1545,Imlad aeldûr
me_land_1546,Beechbole
me_land_1547,Minas aeldûr
me_land_1548,Cair Andros
me_land_1549,Darabad Gate
me_land_1550,Beaconmere
me_land_1551,Ost aeldûr
me_land_1552,Blackmere
me_land_1553,Taur aeldûr
me_land_1554,Eorlfold
me_land_1555,Balen Camp
me_land_1556,Bar aeldûr
me_land_1557,Calen aeldûr
me_land_1558,Gorburz Camp
me_land_1559,Targash
me_land_1560,Boren Camp
me_land_1561,Celon aeldûr
me_land_1562,Palewater
me_land_1563,Nim aeldûr
me_land_1564,Grishburz Camp
me_land_1565,Folcfold
me_land_1566,Bramblemere
me_land_1567,Krimpburz Camp
me_land_1568,Amon annondûr
me_land_1569,Farabad Gate
me_land_1570,Bucklandmere
me_land_1571,Lugburz Camp
me_land_1572,Dol annondûr
me_land_1573,Mauhburz Camp
me_land_1574,Framfold
me_land_1575,Muzgburz Camp
me_land_1576,Eithel annondûr
me_land_1577,Nazgburz Camp
me_land_1578,Sealwater
me_land_1579,Skaiburz Camp
me_land_1580,Emyn annondûr
me_land_1581,Imlad annondûr
me_land_1582,Uglburz Camp
me_land_1583,Gathen Camp
me_land_1584,Urukburz Camp
me_land_1585,Varkash
me_land_1586,Hadrabad Gate
me_land_1587,Karmen Camp
me_land_1588,Minas annondûr
me_land_1589,Cloverbrook
me_land_1590,Bellford
me_land_1591,Ost annondûr
me_land_1592,Grimfold
me_land_1593,Taur annondûr
me_land_1594,Bearford
me_land_1595,Bar annondûr
me_land_1596,Beeford
me_land_1597,Ashdûr Camp
me_land_1598,Azgdûr Camp
me_land_1599,Khuren Camp
me_land_1600,Cedarmere
me_land_1601,Kharabad Gate
me_land_1602,Calen annondûr
me_land_1603,Zandash
me_land_1604,Mahrabad Gate
me_land_1605,Helmfold
me_land_1606,Loden Camp
me_land_1607,Zigilbizar
me_land_1608,Celon annondûr
me_land_1609,Carrockford
me_land_1610,Deepmere
me_land_1611,Dimplebrook
me_land_1612,Snowwater
me_land_1613,Arzek
me_land_1614,Balkek
me_land_1615,Nim annondûr
me_land_1616,Amon beldûr
me_land_1617,Herufold
me_land_1618,Dol beldûr
me_land_1619,Blackdûr Camp
me_land_1620,Eithel beldûr
me_land_1621,Azandûm
me_land_1622,Emyn beldûr
me_land_1623,Imlad beldûr
me_land_1624,Starwater
me_land_1625,Mountains of Mirkwood
me_land_1626,Barazdûm
me_land_1627,Naren Camp
me_land_1628,Léodfold
me_land_1629,Minas beldûr
me_land_1630,Rhoven Camp
me_land_1631,Ost beldûr
me_land_1632,Eastmere
me_land_1633,Taur beldûr
me_land_1634,Greenmere
me_land_1635,Drazek
me_land_1636,Burzdûr Camp
me_land_1637,Narabad Gate
me_land_1638,Bar beldûr
me_land_1639,Qasabad Gate
me_land_1640,Calen beldûr
me_land_1641,Dushdûr Camp
me_land_1642,Celon beldûr
me_land_1643,Greymere
me_land_1644,Longmere
me_land_1645,Whitewater
me_land_1646,Rakhabad Gate
me_land_1647,Carchost
me_land_1648,Ghashdûr Camp
me_land_1649,Sagen Camp
me_land_1650,Sharen Camp
me_land_1651,Nim beldûr
me_land_1652,Ulden Camp
me_land_1653,Gordûr Camp
me_land_1654,Wainen Camp
me_land_1655,Zoren Camp
me_land_1656,Amon borndûr
me_land_1657,Oakmere
me_land_1658,Winterwater
me_land_1659,Southmere
me_land_1660,Stonemere
me_land_1661,Grishdûr Camp
me_land_1662,Krimpdûr Camp
me_land_1663,Lugdûr Camp
me_land_1664,Mauhdûr Camp
me_land_1665,Balod Camp
me_land_1666,Dol borndûr
me_land_1667,Fernbrook
me_land_1668,Sahrabad Gate
me_land_1669,Westmere
me_land_1670,Haybrook
me_land_1671,Eithel borndûr
me_land_1672,Ridfold
me_land_1673,Emyn borndûr
me_land_1674,Hazelbrook
me_land_1675,Alderridge
me_land_1676,Imlad borndûr
me_land_1677,Minas borndûr
me_land_1678,Borod Camp
me_land_1679,Tazabad Gate
me_land_1680,Coldbay Reach
me_land_1681,Muzgdûr Camp
me_land_1682,Thengelfold
me_land_1683,Nazgdûr Camp
me_land_1684,Ashridge
me_land_1685,Gathod Camp
me_land_1686,Driftbay Reach
me_land_1687,Woldfold
me_land_1688,Frostbay Reach
me_land_1689,Ost borndûr
me_land_1690,Taur borndûr
me_land_1691,Skaidûr Camp
me_land_1692,Umrabad Gate
me_land_1693,Karmod Camp
me_land_1694,Bar borndûr
me_land_1695,Calen borndûr
me_land_1696,Celon borndûr
me_land_1697,Barrowridge
me_land_1698,Ugldûr Camp
me_land_1699,Icebay Reach
me_land_1700,Zarabad Gate
me_land_1701,Nim borndûr
me_land_1702,Beaconridge
me_land_1703,Amon carandûr
me_land_1704,Urukdûr Camp
me_land_1705,Blackridge
me_land_1706,Dol carandûr
me_land_1707,Goldenford
me_land_1708,Ashfang Camp
me_land_1709,Azrahir Gate
me_land_1710,Brambleridge
me_land_1711,Bucklandridge
me_land_1712,Cedarridge
me_land_1713,Bahrahir Gate
me_land_1714,Northbay Reach
me_land_1715,Azgfang Camp
me_land_1716,Blackfang Camp
me_land_1717,Deepridge
me_land_1718,Eithel carandûr
me_land_1719,Darahir Gate
me_land_1720,Eastridge
me_land_1721,Palebay Reach
me_land_1722,Burzfang Camp
me_land_1723,Farahir Gate
me_land_1724,Khurod Camp
me_land_1725,Greenridge
me_land_1726,Lodod Camp
me_land_1727,Aldford
me_land_1728,Dushfang Camp
me_land_1729,Sealbay Reach
me_land_1730,Emyn carandûr
me_land_1731,Imlad carandûr
me_land_1732,Minas carandûr
me_land_1733,Ost carandûr
me_land_1734,Taur carandûr
me_land_1735,Ghashfang Camp
me_land_1736,Narod Camp
me_land_1737,Rhovod Camp
me_land_1738,Greyridge
me_land_1739,Gharek
me_land_1740,Gorfang Camp
me_land_1741,Bar carandûr
me_land_1742,Beorford
me_land_1743,Grishfang Camp
me_land_1744,Hollybrook
me_land_1745,Krimpfang Camp
me_land_1746,Calen carandûr
me_land_1747,Lugfang Camp
me_land_1748,Sagod Camp
me_land_1749,Celon carandûr
me_land_1750,Bregoford
me_land_1751,Nim carandûr
me_land_1752,Amon duindûr
me_land_1753,Longridge
me_land_1754,Sharod Camp
me_land_1755,Bizardûm
me_land_1756,Hadrahir Gate
me_land_1757,Bunddûm
me_land_1758,Mauhfang Camp
me_land_1759,Uldod Camp
me_land_1760,Dumdûm
me_land_1761,Dol duindûr
me_land_1762,Snowbay Reach
me_land_1763,Northridge
me_land_1764,Eithel duindûr
me_land_1765,Wainod Camp
me_land_1766,Emyn duindûr
me_land_1767,Oakridge
me_land_1768,Starbay Reach
me_land_1769,Kandek
me_land_1770,Muzgfang Camp
me_land_1771,Imlad duindûr
me_land_1772,Felekdûm
me_land_1773,Minas duindûr
me_land_1774,Kharahir Gate
me_land_1775,Nazgfang Camp
me_land_1776,Ceorlford
me_land_1777,Ost duindûr
me_land_1778,Taur duindûr
me_land_1779,Skaifang Camp
me_land_1780,Bar duindûr
me_land_1781,Uglfang Camp
me_land_1782,Calen duindûr
me_land_1783,Urukfang Camp
me_land_1784,Zorod Camp
me_land_1785,Celon duindûr
me_land_1786,Mahrahir Gate
me_land_1787,Nim duindûr
me_land_1788,Amon falasdûr
me_land_1789,Ashgash Camp
me_land_1790,Southridge
me_land_1791,Bowford
me_land_1792,Azggash Camp
me_land_1793,Whitebay Reach
me_land_1794,Merrybrook
me_land_1795,Dol falasdûr
me_land_1796,Narahir Gate
me_land_1797,Qasahir Gate
me_land_1798,Stoneridge
me_land_1799,Westridge
me_land_1800,Blackgash Camp
me_land_1801,Balor Camp
me_land_1802,Burzgash Camp
me_land_1803,Honeyford
me_land_1804,Eithel falasdûr
me_land_1805,Alderstead
me_land_1806,Ashstead
me_land_1807,Rakhahir Gate
me_land_1808,Winterbay Reach
me_land_1809,Dushgash Camp
me_land_1810,Barrowstead
me_land_1811,Sahrahir Gate
me_land_1812,Emyn falasdûr
me_land_1813,Beaconstead
me_land_1814,Ghashgash Camp
me_land_1815,Coldcamp Reach
me_land_1816,Driftcamp Reach
me_land_1817,Imlad falasdûr
me_land_1818,Frostcamp Reach
me_land_1819,Déorford
me_land_1820,Boror Camp
me_land_1821,Minas falasdûr
me_land_1822,Icecamp Reach
me_land_1823,Gorgash Camp
me_land_1824,Ost falasdûr
me_land_1825,Gathor Camp
me_land_1826,Karmor Camp
me_land_1827,Mossbrook
me_land_1828,Blackstead
me_land_1829,Taur falasdûr
me_land_1830,Eorlford
me_land_1831,Grishgash Camp
me_land_1832,Folcford
me_land_1833,Bar falasdûr
me_land_1834,Khuror Camp
me_land_1835,Framford
me_land_1836,Calen falasdûr
me_land_1837,Celon falasdûr
me_land_1838,Nim falasdûr
me_land_1839,Celduinford
me_land_1840,Nutbrook
me_land_1841,Lodor Camp
me_land_1842,Northcamp Reach
me_land_1843,Grimford
me_land_1844,Amon galendûr
me_land_1845,Naror Camp
me_land_1846,Krimpgash Camp
me_land_1847,Rhovor Camp
me_land_1848,Narchost
me_land_1849,Luggash Camp
me_land_1850,Bramblestead
me_land_1851,Bucklandstead
me_land_1852,Cedarstead
me_land_1853,Tazahir Gate
me_land_1854,Mauhgash Camp
me_land_1855,Daleford
me_land_1856,Lond Daer
me_land_1857,Dol galendûr
me_land_1858,Gamildûm
me_land_1859,Esgarford
me_land_1860,Eithel galendûr
me_land_1861,Kingford
me_land_1862,Umrahir Gate
me_land_1863,Muzggash Camp
me_land_1864,Deepstead
me_land_1865,Bywater
me_land_1866,Nazggash Camp
me_land_1867,Eaststead
me_land_1868,Emyn galendûr
me_land_1869,Khazek
me_land_1870,Zarahir Gate
me_land_1871,Imlad galendûr
me_land_1872,Minas galendûr
me_land_1873,Ost galendûr
me_land_1874,Taur galendûr
me_land_1875,Sagor Camp
me_land_1876,Greenstead
me_land_1877,Sharor Camp
me_land_1878,Greystead
me_land_1879,Helmford
me_land_1880,Khorek
me_land_1881,Bar galendûr
me_land_1882,Skaigash Camp
me_land_1883,Uglgash Camp
me_land_1884,Longstead
me_land_1885,Palecamp Reach
me_land_1886,Urukgash Camp
me_land_1887,Uldor Camp
me_land_1888,Ruzek
me_land_1889,Wainor Camp
me_land_1890,Calen galendûr
me_land_1891,Celon galendûr
me_land_1892,Ashglob Camp
me_land_1893,Thistlebrook
me_land_1894,Nim galendûr
me_land_1895,Zoror Camp
me_land_1896,Northstead
me_land_1897,Amon gonddûr
me_land_1898,Dol gonddûr
me_land_1899,Azramar Gate
me_land_1900,Azgglob Camp
me_land_1901,Oakstead
me_land_1902,Balun Camp
me_land_1903,Eithel gonddûr
me_land_1904,Southstead
me_land_1905,Heruford
me_land_1906,Emyn gonddûr
me_land_1907,Skarnek
me_land_1908,Stonestead
me_land_1909,Weststead
me_land_1910,Alderwater
me_land_1911,Ashwater
me_land_1912,Blackglob Camp
me_land_1913,Imlad gonddûr
me_land_1914,Burzglob Camp
me_land_1915,Léodford
me_land_1916,Targek
me_land_1917,Minas gonddûr
me_land_1918,Varkek
me_land_1919,Willowbrook
me_land_1920,Borun Camp
me_land_1921,Gathun Camp
me_land_1922,Dushglob Camp
me_land_1923,Applebury
me_land_1924,Karmun Camp
me_land_1925,Ghashglob Camp
me_land_1926,Ost gonddûr
me_land_1927,Bahramar Gate
me_land_1928,Khurun Camp
me_land_1929,Sealcamp Reach
me_land_1930,Barrowwater
me_land_1931,Taur gonddûr
me_land_1932,Lodun Camp
me_land_1933,Gorglob Camp
me_land_1934,Beaconwater
me_land_1935,Lakeford
me_land_1936,Blackwater
me_land_1937,Riverford
me_land_1938,Bramblewater
me_land_1939,Bar gonddûr
me_land_1940,Daramar Gate
me_land_1941,Snowcamp Reach
me_land_1942,Calen gonddûr
me_land_1943,Ravenford
me_land_1944,Faramar Gate
me_land_1945,Gatholdûm
me_land_1946,Celon gonddûr
me_land_1947,Redford
me_land_1948,Grishglob Camp
me_land_1949,Ambergarth
me_land_1950,Nim gonddûr
me_land_1951,Hadramar Gate
me_land_1952,Starcamp Reach
me_land_1953,Kharamar Gate
me_land_1954,Mahramar Gate
me_land_1955,Narun Camp
me_land_1956,Whitecamp Reach
me_land_1957,Krimpglob Camp
me_land_1958,Rhovun Camp
me_land_1959,Sagun Camp
me_land_1960,Sharun Camp
me_land_1961,Amon lothdûr
me_land_1962,Wintercamp Reach
me_land_1963,Naramar Gate
me_land_1964,Birchbole
me_land_1965,Qasamar Gate
me_land_1966,Dol lothdûr
me_land_1967,Uldun Camp
me_land_1968,Rakhamar Gate
me_land_1969,Eithel lothdûr
me_land_1970,Wainun Camp
me_land_1971,Emyn lothdûr
me_land_1972,Lugglob Camp
me_land_1973,Imlad lothdûr
me_land_1974,Minas lothdûr
me_land_1975,Zandek
me_land_1976,Ost lothdûr
me_land_1977,Zorun Camp
me_land_1978,Taur lothdûr
me_land_1979,Coldfell Reach
me_land_1980,Sahramar Gate
me_land_1981,Tazamar Gate
me_land_1982,Mauhglob Camp
me_land_1983,Muzgglob Camp
me_land_1984,Nazgglob Camp
me_land_1985,Bar lothdûr
me_land_1986,Skaiglob Camp
me_land_1987,Uglglob Camp
me_land_1988,Calen lothdûr
me_land_1989,Umramar Gate
me_land_1990,Bramblebury
me_land_1991,Ridford
me_land_1992,Celon lothdûr
me_land_1993,Nim lothdûr
me_land_1994,Amon morndûr
me_land_1995,Bucklandwater
me_land_1996,Cedarwater
me_land_1997,Urukglob Camp
me_land_1998,Deepwater
me_land_1999,Dol morndûr
me_land_2000,Zaramar Gate
me_land_2001,Balur Camp
me_land_2002,Borur Camp
me_land_2003,Driftfell Reach
me_land_2004,Azran Gate
me_land_2005,Brownbury
me_land_2006,Gathur Camp
me_land_2007,Bahran Gate
me_land_2008,Butterbury
me_land_2009,Ashgrat Camp
me_land_2010,Azggrat Camp
me_land_2011,Eithel morndûr
me_land_2012,Emyn morndûr
me_land_2013,Blackgrat Camp
me_land_2014,Burzgrat Camp
me_land_2015,Imlad morndûr
me_land_2016,Daran Gate
me_land_2017,Arzesh
me_land_2018,Eastwater
me_land_2019,Minas morndûr
me_land_2020,Ost morndûr
me_land_2021,Karmur Camp
me_land_2022,Faran Gate
me_land_2023,Thengelford
me_land_2024,Taur morndûr
me_land_2025,Dushgrat Camp
me_land_2026,Greenwater
me_land_2027,Hadran Gate
me_land_2028,Bar morndûr
me_land_2029,Ghashgrat Camp
me_land_2030,Kharan Gate
me_land_2031,Greywater
me_land_2032,Bardgarth
me_land_2033,Longwater
me_land_2034,Oakwater
me_land_2035,Khurur Camp
me_land_2036,Mahran Gate
me_land_2037,Calen morndûr
me_land_2038,Naran Gate
me_land_2039,Celon morndûr
me_land_2040,Woldford
me_land_2041,Qasan Gate
me_land_2042,Southwater
me_land_2043,Rakhan Gate
me_land_2044,Stonewater
me_land_2045,Nim morndûr
me_land_2046,Amon nendûr
me_land_2047,Lodur Camp
me_land_2048,Gorgrat Camp
me_land_2049,Dol nendûr
me_land_2050,Sahran Gate
me_land_2051,Grishgrat Camp
me_land_2052,Krimpgrat Camp
me_land_2053,Tazan Gate
me_land_2054,Luggrat Camp
me_land_2055,Westwater
me_land_2056,Mauhgrat Camp
me_land_2057,Balkesh
me_land_2058,Eithel nendûr
me_land_2059,Umran Gate
me_land_2060,Alderwood
me_land_2061,Drazesh
me_land_2062,Zaran Gate
me_land_2063,Narur Camp
me_land_2064,Emyn nendûr
me_land_2065,Muzggrat Camp
me_land_2066,Nazggrat Camp
me_land_2067,Rhovur Camp
me_land_2068,Imlad nendûr
me_land_2069,Skaigrat Camp
me_land_2070,Frostfell Reach
me_land_2071,Azrara Gate
me_land_2072,Bahrara Gate
me_land_2073,Minas nendûr
me_land_2074,Ost nendûr
me_land_2075,Ashwood
me_land_2076,Uglgrat Camp
me_land_2077,Barrowwood
me_land_2078,Urukgrat Camp
me_land_2079,Beaconwood
me_land_2080,Dagorlad
me_land_2081,Taur nendûr
me_land_2082,Blackwood
me_land_2083,Bar nendûr
me_land_2084,Icefell Reach
me_land_2085,Sagur Camp
me_land_2086,Gharesh
me_land_2087,Calen nendûr
me_land_2088,Northfell Reach
me_land_2089,Ashkrak Camp
me_land_2090,Darara Gate
me_land_2091,Azgkrak Camp
me_land_2092,Farara Gate
me_land_2093,Sharur Camp
me_land_2094,Hadrara Gate
me_land_2095,Kandesh
me_land_2096,Celon nendûr
me_land_2097,Blackkrak Camp
me_land_2098,Palefell Reach
me_land_2099,Burzkrak Camp
me_land_2100,Khazesh
me_land_2101,Bramblewood
me_land_2102,Sealfell Reach
me_land_2103,Nim nendûr
me_land_2104,Bucklandwood
me_land_2105,Cedarwood
me_land_2106,Gunddûm
me_land_2107,Amon rathdûr
me_land_2108,Dol rathdûr
me_land_2109,Eithel rathdûr
me_land_2110,Khazdûm
me_land_2111,Emyn rathdûr
me_land_2112,Aldgar
me_land_2113,Kharara Gate
me_land_2114,Imlad rathdûr
me_land_2115,Minas rathdûr
me_land_2116,Uldur Camp
me_land_2117,Ost rathdûr
me_land_2118,Deepwood
me_land_2119,Snowfell Reach
me_land_2120,Khoresh
me_land_2121,Starfell Reach
me_land_2122,Eastwood
me_land_2123,Taur rathdûr
me_land_2124,Bar rathdûr
me_land_2125,Mahrara Gate
me_land_2126,Mount Gram
me_land_2127,Calen rathdûr
me_land_2128,Kheleddûm
me_land_2129,Ruzesh
me_land_2130,Celon rathdûr
me_land_2131,Wainur Camp
me_land_2132,Whitefell Reach
me_land_2133,Beorgar
me_land_2134,Zorur Camp
me_land_2135,Dushkrak Camp
me_land_2136,Winterfell Reach
me_land_2137,Narara Gate
me_land_2138,Ghashkrak Camp
me_land_2139,Qasara Gate
me_land_2140,Nim rathdûr
me_land_2141,Amon sarndûr
me_land_2142,Skarnesh
me_land_2143,Lossarnach
me_land_2144,Balach March
me_land_2145,Rakhara Gate
me_land_2146,Borach March
me_land_2147,Dol sarndûr
me_land_2148,Sahrara Gate
me_land_2149,Gorkrak Camp
me_land_2150,Bregogar
me_land_2151,Lamedon
me_land_2152,Tazara Gate
me_land_2153,Gathach March
me_land_2154,Grishkrak Camp
me_land_2155,Karmach March
me_land_2156,Khurach March
me_land_2157,Greenwood
me_land_2158,Greywood
me_land_2159,Targesh
me_land_2160,Umrara Gate
me_land_2161,Krimpkrak Camp
me_land_2162,Lugkrak Camp
me_land_2163,Longwood
me_land_2164,Zarara Gate
me_land_2165,Mauhkrak Camp
me_land_2166,Eithel sarndûr
me_land_2167,Ceorlgar
me_land_2168,Lodach March
me_land_2169,Muzgkrak Camp
me_land_2170,Emyn sarndûr
me_land_2171,Nazgkrak Camp
me_land_2172,Northwood
me_land_2173,Imlad sarndûr
me_land_2174,Azrasir Gate
me_land_2175,Coldfloe Reach
me_land_2176,Bahrasir Gate
me_land_2177,Minas sarndûr
me_land_2178,Darasir Gate
me_land_2179,Ost sarndûr
me_land_2180,Oakwood
me_land_2181,Taur sarndûr
me_land_2182,Varkesh
me_land_2183,Farasir Gate
me_land_2184,Skaikrak Camp
me_land_2185,Bar sarndûr
me_land_2186,Southwood
me_land_2187,Calen sarndûr
me_land_2188,Hadrasir Gate
me_land_2189,Stonewood
me_land_2190,Kharasir Gate
me_land_2191,Celon sarndûr
me_land_2192,Driftfloe Reach
me_land_2193,Westwood
me_land_2194,Déorgar
me_land_2195,Frostfloe Reach
me_land_2196,Narach March
me_land_2197,Uglkrak Camp
me_land_2198,Eorlgar
me_land_2199,Nim sarndûr
me_land_2200,Amon thorondûr
me_land_2201,Dol thorondûr
me_land_2202,Alderbank End
me_land_2203,Mahrasir Gate
me_land_2204,Bellgarth
me_land_2205,Rhovach March
me_land_2206,Urukkrak Camp
me_land_2207,Ashbank End
me_land_2208,Narasir Gate
me_land_2209,Barrowbank End
me_land_2210,Eithel thorondûr
me_land_2211,Cloverbury
me_land_2212,Emyn thorondûr
me_land_2213,Imlad thorondûr
me_land_2214,Sagach March
me_land_2215,Icefloe Reach
me_land_2216,Sharach March
me_land_2217,Minas thorondûr
me_land_2218,Ost thorondûr
me_land_2219,Taur thorondûr
me_land_2220,Northfloe Reach
me_land_2221,Beaconbank End
me_land_2222,Blackbank End
me_land_2223,Bowgarth
me_land_2224,Folcgar
me_land_2225,Bramblebank End
me_land_2226,Palefloe Reach
me_land_2227,Bar thorondûr
me_land_2228,Uldach March
me_land_2229,Sealfloe Reach
me_land_2230,Ashlug Camp
me_land_2231,Azglug Camp
me_land_2232,Calen thorondûr
me_land_2233,Blacklug Camp
me_land_2234,Qasasir Gate
me_land_2235,Zandesh
me_land_2236,Bucklandbank End
me_land_2237,Celon thorondûr
me_land_2238,Nim thorondûr
me_land_2239,Dunland Moot
me_land_2240,Arzor
me_land_2241,Skinford
me_land_2242,Amon adaren
me_land_2243,Snowfloe Reach
me_land_2244,Halifirien
me_land_2245,Wainach March
me_land_2246,Irensaga
me_land_2247,Starfloe Reach
me_land_2248,Dol adaren
me_land_2249,Cedarbank End
me_land_2250,Eithel adaren
me_land_2251,Rakhasir Gate
me_land_2252,Whitefloe Reach
me_land_2253,Sahrasir Gate
me_land_2254,Emyn adaren
me_land_2255,Imlad adaren
me_land_2256,Zorach March
me_land_2257,Minas adaren
me_land_2258,Tazasir Gate
me_land_2259,Winterfloe Reach
me_land_2260,Deepbank End
me_land_2261,Balad March
me_land_2262,Eastbank End
me_land_2263,Borad March
me_land_2264,Burzlug Camp
me_land_2265,Ost adaren
me_land_2266,Umrasir Gate
me_land_2267,Taur adaren
me_land_2268,Gathad March
me_land_2269,Karmad March
me_land_2270,Bar adaren
me_land_2271,Khurad March
me_land_2272,Greenbank End
me_land_2273,Amon Dîn
me_land_2274,Nargdûm
me_land_2275,Dushlug Camp
me_land_2276,Ghashlug Camp
me_land_2277,Valeford
me_land_2278,Greybank End
me_land_2279,Zarasir Gate
me_land_2280,Celon adaren
me_land_2281,Longbank End
me_land_2282,Grimgar
me_land_2283,Wildford
me_land_2284,Khazân
me_land_2285,Nim adaren
me_land_2286,Northbank End
me_land_2287,Azrem Gate
me_land_2288,Lodad March
me_land_2289,Amon aelen
me_land_2290,Bahrem Gate
me_land_2291,Narad March
me_land_2292,Shardûm
me_land_2293,Dol aelen
me_land_2294,Rhovad March
me_land_2295,Zigildûm
me_land_2296,Darem Gate
me_land_2297,Oakbank End
me_land_2298,Farem Gate
me_land_2299,Hadrem Gate
me_land_2300,Gorlug Camp
me_land_2301,Sagad March
me_land_2302,Eithel aelen
me_land_2303,Emyn aelen
me_land_2304,Celduingarth
me_land_2305,Kharem Gate
me_land_2306,Imlad aelen
me_land_2307,Coldhaven Reach
me_land_2308,Mahrem Gate
me_land_2309,Grishlug Camp
me_land_2310,Woodford
me_land_2311,Sharad March
me_land_2312,Uldad March
me_land_2313,Drifthaven Reach
me_land_2314,Halls of Ered Luin
me_land_2315,Krimplug Camp
me_land_2316,Wainad March
me_land_2317,Minas aelen
me_land_2318,Narem Gate
me_land_2319,Luglug Camp
me_land_2320,Ost aelen
me_land_2321,Zorad March
me_land_2322,Balar March
me_land_2323,Southbank End
me_land_2324,Qasem Gate
me_land_2325,Rakhem Gate
me_land_2326,Borar March
me_land_2327,Balkor
me_land_2328,Taur aelen
me_land_2329,Bar aelen
me_land_2330,Mauhlug Camp
me_land_2331,Helmgar
me_land_2332,Drazor
me_land_2333,Gathar March
me_land_2334,Karmar March
me_land_2335,Calen aelen
me_land_2336,Khurar March
me_land_2337,Lodar March
me_land_2338,Herugar
me_land_2339,Sahrem Gate
me_land_2340,Celon aelen
me_land_2341,Azangathol
me_land_2342,Narar March
me_land_2343,Rhovar March
me_land_2344,Sagar March
me_land_2345,Tazem Gate
me_land_2346,Frosthaven Reach
me_land_2347,Muzglug Camp
me_land_2348,Umrem Gate
me_land_2349,Léodgar
me_land_2350,Bearhall
me_land_2351,Nim aelen
me_land_2352,Stonebank End
me_land_2353,Amon annonen
me_land_2354,Dimplebury
me_land_2355,Zarem Gate
me_land_2356,Azresh Gate
me_land_2357,Icehaven Reach
me_land_2358,Dol annonen
me_land_2359,Bahresh Gate
me_land_2360,Westbank End
me_land_2361,Daresh Gate
me_land_2362,Eithel annonen
me_land_2363,Emyn annonen
me_land_2364,Faresh Gate
me_land_2365,Dalegarth
me_land_2366,Eastern March
me_land_2367,Amon Anwar
me_land_2368,Minas annonen
me_land_2369,Sharar March
me_land_2370,Hadresh Gate
me_land_2371,Uldar March
me_land_2372,Nazglug Camp
me_land_2373,Ridgar
me_land_2374,Alderbourne End
me_land_2375,Ashbourne End
me_land_2376,Ost annonen
me_land_2377,Wainar March
me_land_2378,Northhaven Reach
me_land_2379,Taur annonen
me_land_2380,Eastgarth
me_land_2381,Skailug Camp
me_land_2382,Esgargarth
me_land_2383,Kharesh Gate
me_land_2384,Bar annonen
me_land_2385,Calen annonen
me_land_2386,Ugllug Camp
me_land_2387,Uruklug Camp
me_land_2388,Celon annonen
me_land_2389,Fernbury
me_land_2390,Zorar March
me_land_2391,Barrowbourne End
me_land_2392,Ashmauk Camp
me_land_2393,Balath March
me_land_2394,Palehaven Reach
me_land_2395,Azgmauk Camp
me_land_2396,Nim annonen
me_land_2397,Beaconbourne End
me_land_2398,Blackmauk Camp
me_land_2399,Blackbourne End
me_land_2400,Gharor
me_land_2401,Kinggarth
me_land_2402,Amon belen
me_land_2403,Lakegarth
me_land_2404,Borath March
me_land_2405,Thengelgar
me_land_2406,Longgarth
me_land_2407,Bramblebourne End
me_land_2408,Gathath March
me_land_2409,Dol belen
me_land_2410,Kandor
me_land_2411,Woldgar
me_land_2412,Burzmauk Camp
me_land_2413,Beehall
me_land_2414,Mahresh Gate
me_land_2415,Bucklandbourne End
me_land_2416,Khazor
me_land_2417,Carrockhall
me_land_2418,Dushmauk Camp
me_land_2419,Eithel belen
me_land_2420,Emyn belen
me_land_2421,Naresh Gate
me_land_2422,Ghashmauk Camp
me_land_2423,Gormauk Camp
me_land_2424,Qasesh Gate
me_land_2425,Rakhesh Gate
me_land_2426,Karmath March
me_land_2427,Khurath March
me_land_2428,Lodath March
me_land_2429,Sahresh Gate
me_land_2430,Grishmauk Camp
me_land_2431,Narath March
me_land_2432,Barazgathol
me_land_2433,Imlad belen
me_land_2434,Minas belen
me_land_2435,Krimpmauk Camp
me_land_2436_endore,Ost belen
me_land_2437,Sealhaven Reach
me_land_2438,Tazesh Gate
me_land_2439,Taur belen
me_land_2440,Cedarbourne End
me_land_2441,Umresh Gate
me_land_2442,Snowhaven Reach
me_land_2443,Bar belen
me_land_2444,Zaresh Gate
me_land_2445,Azrim Gate
me_land_2446,Lugmauk Camp
me_land_2447,Calen belen
me_land_2448,Starhaven Reach
me_land_2449,Celon belen
me_land_2450,Bahrim Gate
me_land_2451,Khoror
me_land_2452,Mauhmauk Camp
me_land_2453,Darim Gate
me_land_2454,Nim belen
me_land_2455,Muzgmauk Camp
me_land_2456,Whitehaven Reach
me_land_2457,Northgarth
me_land_2458,Bizargathol
me_land_2459,Amon bornen
me_land_2460,Farim Gate
me_land_2461,Winterhaven Reach
me_land_2462,Bundgathol
me_land_2463,Dumgathol
me_land_2464,Hadrim Gate
me_land_2465,Dol bornen
me_land_2466,Rhovath March
me_land_2467,Nazgmauk Camp
me_land_2468,Eithel bornen
me_land_2469,Emyn bornen
me_land_2470,Skaimauk Camp
me_land_2471,Imlad bornen
me_land_2472,Felekgathol
me_land_2473,Sagath March
me_land_2474,Kharim Gate
me_land_2475,Uglmauk Camp
me_land_2476,Aldham
me_land_2477,Minas bornen
me_land_2478,Ost bornen
me_land_2479,Coldmere Reach
me_land_2480,Mahrim Gate
me_land_2481,Deepbourne End
me_land_2482,Urukmauk Camp
me_land_2483,Ashnakh Camp
me_land_2484,Taur bornen
me_land_2485,Narim Gate
me_land_2486,Bar bornen
me_land_2487,Azgnakh Camp
me_land_2488,Driftmere Reach
me_land_2489,Calen bornen
me_land_2490,Celon bornen
me_land_2491,Nim bornen
me_land_2492,Frostmere Reach
me_land_2493,Sharath March
me_land_2494,Ruzor
me_land_2495,Ravengarth
me_land_2496,Blacknakh Camp
me_land_2497,Eastbourne End
me_land_2498,Burznakh Camp
me_land_2499,Amon caranen
me_land_2500,Uldath March
me_land_2501,Wainath March
me_land_2502,Dushnakh Camp
me_land_2503,Skarnor
me_land_2504,Dol caranen
me_land_2505,Targor
me_land_2506,Eithel caranen
me_land_2507,Emyn caranen
me_land_2508,Greenbourne End
me_land_2509,Beorham
me_land_2510,Haybury
me_land_2511,Imlad caranen
me_land_2512,Qasim Gate
me_land_2513,Rakhim Gate
me_land_2514,Greybourne End
me_land_2515,Icemere Reach
me_land_2516,Redgarth
me_land_2517,Zorath March
me_land_2518,Gamilgathol
me_land_2519,Minas caranen
me_land_2520,Longbourne End
me_land_2521,Northbourne End
me_land_2522,Northmere Reach
me_land_2523,Oakbourne End
me_land_2524,Balen March
me_land_2525,Ghashnakh Camp
me_land_2526,Varkor
me_land_2527,Boren March
me_land_2528,Southbourne End
me_land_2529,Gathen March
me_land_2530,Ost caranen
me_land_2531,Taur caranen
me_land_2532,Gornakh Camp
me_land_2533,Bar caranen
me_land_2534,Stonebourne End
me_land_2535,Calen caranen
me_land_2536,Celon caranen
me_land_2537,Sahrim Gate
me_land_2538,Hazelbury
me_land_2539,Karmen March
me_land_2540,Zandor
me_land_2541,Khuren March
me_land_2542,Nim caranen
me_land_2543,Tazim Gate
me_land_2544,Westbourne End
me_land_2545,Grishnakh Camp
me_land_2546,Amon duinen
me_land_2547,Palemere Reach
me_land_2548,Hollybury
me_land_2549,Bregoham
me_land_2550,Dol duinen
me_land_2551,Alderbridge End
me_land_2552,Ashbridge End
me_land_2553,Sealmere Reach
me_land_2554,Eithel duinen
me_land_2555,Arzuk
me_land_2556,Umrim Gate
me_land_2557,Emyn duinen
me_land_2558,Imlad duinen
me_land_2559,Minas duinen
me_land_2560,Krimpnakh Camp
me_land_2561,Loden March
me_land_2562,Ost duinen
me_land_2563,Barrowbridge End
me_land_2564,Gatholgathol
me_land_2565,Taur duinen
me_land_2566,Bar duinen
me_land_2567,Naren March
me_land_2568,Ceorlham
me_land_2569,Déorham
me_land_2570,Calen duinen
me_land_2571,Celon duinen
me_land_2572,Nim duinen
me_land_2573,Rhoven March
me_land_2574,Sagen March
me_land_2575,Amon falasen
me_land_2576,Gundgathol
me_land_2577,Dol falasen
me_land_2578,Eithel falasen
me_land_2579,Beaconbridge End
me_land_2580,Westgarth
me_land_2581,Emyn falasen
me_land_2582,Snowmere Reach
me_land_2583,Balkuk
me_land_2584,Starmere Reach
me_land_2585,Sharen March
me_land_2586,Ulden March
me_land_2587,Blackbridge End
me_land_2588,Whitemere Reach
me_land_2589,Wintermere Reach
me_land_2590,Bramblebridge End
me_land_2591,Imlad falasen
me_land_2592,Minas falasen
me_land_2593,Ost falasen
me_land_2594,Merrybury
me_land_2595,Coldpoint Reach
me_land_2596,Taur falasen
me_land_2597,Lugnakh Camp
me_land_2598,Mauhnakh Camp
me_land_2599,Bucklandbridge End
me_land_2600,Wainen March
me_land_2601,Goldenhall
me_land_2602,Muzgnakh Camp
me_land_2603,Nazgnakh Camp
me_land_2604,Skainakh Camp
me_land_2605,Zoren March
me_land_2606,Eorlham
me_land_2607,Drazuk
me_land_2608,Uglnakh Camp
me_land_2609,Bar falasen
me_land_2610,Driftpoint Reach
me_land_2611,Calen falasen
me_land_2612,Uruknakh Camp
me_land_2613,Balod March
me_land_2614,Amberholm
me_land_2615,Borod March
me_land_2616,Gharuk
me_land_2617,Zarim Gate
me_land_2618,Gathod March
me_land_2619,Azrir Gate
me_land_2620,Bardholm
me_land_2621,Celon falasen
me_land_2622,Cedarbridge End
me_land_2623,Khazgathol
me_land_2624,Bahrir Gate
me_land_2625,Nim falasen
me_land_2626,Deepbridge End
me_land_2627,Amon galenen
me_land_2628,Ashshak Camp
me_land_2629,Eastbridge End
me_land_2630,Karmod March
me_land_2631,Frostpoint Reach
me_land_2632,Dol galenen
me_land_2633,Greenbridge End
me_land_2634,Folcham
me_land_2635,Eithel galenen
me_land_2636,Azgshak Camp
me_land_2637,Darir Gate
me_land_2638,Greybridge End
me_land_2639,Khurod March
me_land_2640,Longbridge End
me_land_2641,Mossbury
me_land_2642,Boughbole
me_land_2643,Emyn galenen
me_land_2644,Northbridge End
me_land_2645,Farir Gate
me_land_2646,Imlad galenen
me_land_2647,Blackshak Camp
me_land_2648,Burzshak Camp
me_land_2649,Icepoint Reach
me_land_2650,Dushshak Camp
me_land_2651,Minas galenen
me_land_2652,Oakbridge End
me_land_2653,Northpoint Reach
me_land_2654,Ost galenen
me_land_2655,Ghashshak Camp
me_land_2656,Gorshak Camp
me_land_2657,Hadrir Gate
me_land_2658,Southbridge End
me_land_2659,Palepoint Reach
me_land_2660,Stonebridge End
me_land_2661,Grishshak Camp
me_land_2662,Kharir Gate
me_land_2663,Westbridge End
me_land_2664,Krimpshak Camp
me_land_2665,Mahrir Gate
me_land_2666,Lugshak Camp
me_land_2667,Taur galenen
me_land_2668,Lodod March
me_land_2669,Kanduk
me_land_2670,Narir Gate
me_land_2671,Narod March
me_land_2672,Alderbrook End
me_land_2673,Qasir Gate
me_land_2674,Khazuk
me_land_2675,Bar galenen
me_land_2676,Rhovod March
me_land_2677,Sealpoint Reach
me_land_2678,Calen galenen
me_land_2679,Sagod March
me_land_2680,Fanuidhol
me_land_2681,Rakhir Gate
me_land_2682,Celon galenen
me_land_2683,Sharod March
me_land_2684,Sahrir Gate
me_land_2685,Honeyhall
me_land_2686,Khoruk
me_land_2687,Nim galenen
me_land_2688,Nutbury
me_land_2689,Amon gonden
me_land_2690,Uldod March
me_land_2691,Muzgshak Camp
me_land_2692,Wainod March
me_land_2693,Rushbury
me_land_2694,Ashbrook End
me_land_2695,Dol gonden
me_land_2696,Framham
me_land_2697,Ruzuk
me_land_2698,Barrowbrook End
me_land_2699,Eithel gonden
me_land_2700,Riverhall
me_land_2701,Snowpoint Reach
me_land_2702,Emyn gonden
me_land_2703,Imlad gonden
me_land_2704,Grimham
me_land_2705,Tazir Gate
me_land_2706,Zorod March
me_land_2707,Beaconbrook End
me_land_2708,Nazgshak Camp
me_land_2709,Umrir Gate
me_land_2710,Blackbrook End
me_land_2711,Skinhall
me_land_2712,Skaishak Camp
me_land_2713,Minas gonden
me_land_2714,Balor March
me_land_2715,Ost gonden
me_land_2716,Taur gonden
me_land_2717,Starpoint Reach
me_land_2718,Boror March
me_land_2719,Elmbole
me_land_2720,Whitepoint Reach
me_land_2721,Gathor March
me_land_2722,Bramblebrook End
me_land_2723,Zarir Gate
me_land_2724,Bar gonden
me_land_2725,Calen gonden
me_land_2726,Bucklandbrook End
me_land_2727,Skarnuk
me_land_2728,Cedarbrook End
me_land_2729,Kheledgathol
me_land_2730,Winterpoint Reach
me_land_2731,Celon gonden
me_land_2732,Deepbrook End
me_land_2733,Coldshore Reach
me_land_2734,Azrun Gate
me_land_2735,Bahrun Gate
me_land_2736,Nim gonden
me_land_2737,Narggathol
me_land_2738,Eastbrook End
me_land_2739,Greenbrook End
me_land_2740,Amon lothen
me_land_2741,Darun Gate
me_land_2742,Helmham
me_land_2743,Uglshak Camp
me_land_2744,Farun Gate
me_land_2745,Targuk
me_land_2746,Hadrun Gate
me_land_2747,Thistlebury
me_land_2748,Karmor March
me_land_2749,Driftshore Reach
me_land_2750,Kharun Gate
me_land_2751,Varkuk
me_land_2752,Heruham
me_land_2753,Greybrook End
me_land_2754,Longbrook End
me_land_2755,Frostshore Reach
me_land_2756,Khuror March
me_land_2757,Dol lothen
me_land_2758,Iceshore Reach
me_land_2759,Lodor March
me_land_2760,Northbrook End
me_land_2761,Urukshak Camp
me_land_2762,Ashsnaga Camp
me_land_2763,Naror March
me_land_2764,Northshore Reach
me_land_2765,Eithel lothen
me_land_2766,Emyn lothen
me_land_2767,Rhovor March
me_land_2768,Imlad lothen
me_land_2769,Minas lothen
me_land_2770,Ost lothen
me_land_2771,Sagor March
me_land_2772,Taur lothen
me_land_2773,Mahrun Gate
me_land_2774,Paleshore Reach
me_land_2775,Bar lothen
me_land_2776,Azgsnaga Camp
me_land_2777,Oakbrook End
me_land_2778,Sealshore Reach
me_land_2779,Calen lothen
me_land_2780,Celon lothen
me_land_2781,Southbrook End
me_land_2782,Blacksnaga Camp
me_land_2783,Narun Gate
me_land_2784,Willowbury
me_land_2785,Applecombe
me_land_2786,Snowshore Reach
me_land_2787,Zanduk
me_land_2788,Léodham
me_land_2789,Nim lothen
me_land_2790,Amon mornen
me_land_2791,Dol mornen
me_land_2792,Arzun
me_land_2793,Starshore Reach
me_land_2794,Bellholm
me_land_2795,Balkun
me_land_2796,Stonebrook End
me_land_2797,Westbrook End
me_land_2798,Eithel mornen
me_land_2799,Burzsnaga Camp
me_land_2800,Dushsnaga Camp
me_land_2801,Ghashsnaga Camp
me_land_2802,Emyn mornen
me_land_2803,Imlad mornen
me_land_2804,Sharor March
me_land_2805,Minas mornen
me_land_2806,Uldor March
me_land_2807,Ost mornen
me_land_2808,Bramblecombe
me_land_2809,Taur mornen
me_land_2810,Gorsnaga Camp
me_land_2811,Wainor March
me_land_2812,Browncombe
me_land_2813,Bar mornen
me_land_2814,Calen mornen
me_land_2815,Zoror March
me_land_2816,Whiteshore Reach
me_land_2817,Celon mornen
me_land_2818,Nim mornen
me_land_2819,Qasun Gate
me_land_2820,Shargathol
me_land_2821,Firbole
me_land_2822,Rakhun Gate
me_land_2823,Alderdown End
me_land_2824,Balun March
me_land_2825,Ashdown End
me_land_2826,Ridham
me_land_2827,Amon nenen
me_land_2828,Dol nenen
me_land_2829,Borun March
me_land_2830,Drazun
me_land_2831,Bowholm
me_land_2832,Barrowdown End
me_land_2833,Eithel nenen
me_land_2834,Gathun March
me_land_2835,Emyn nenen
me_land_2836,Grishsnaga Camp
me_land_2837,Krimpsnaga Camp
me_land_2838,Imlad nenen
me_land_2839,Buttercombe
me_land_2840,Beacondown End
me_land_2841,Karmun March
me_land_2842,Celduinholm
me_land_2843,Khurun March
me_land_2844,Lugsnaga Camp
me_land_2845,Blackdown End
me_land_2846,Brambledown End
me_land_2847,Minas nenen
me_land_2848,Wintershore Reach
me_land_2849,Mauhsnaga Camp
me_land_2850,Zigilgathol
me_land_2851,Thengelham
me_land_2852,Muzgsnaga Camp
me_land_2853,Nazgsnaga Camp
me_land_2854,Azaninbar
me_land_2855,Lodun March
me_land_2856,Gharun
me_land_2857,Leafbole
me_land_2858,Skaisnaga Camp
me_land_2859,Coldwater Reach
me_land_2860,Narun March
me_land_2861,Bucklanddown End
me_land_2862,Sahrun Gate
me_land_2863,Ost nenen
me_land_2864,Tazun Gate
me_land_2865,Cedardown End
me_land_2866,Rhovun March
me_land_2867,Sagun March
me_land_2868,Uglsnaga Camp
me_land_2869,Taur nenen
me_land_2870,Kandun
me_land_2871,Umrun Gate
me_land_2872,Khazun
me_land_2873,Bar nenen
me_land_2874,Khorun
me_land_2875,Calen nenen
me_land_2876,Driftwater Reach
me_land_2877,Uruksnaga Camp
me_land_2878,Ashzagh Camp
me_land_2879,Zarun Gate
me_land_2880,Valehall
me_land_2881,Azrur Gate
me_land_2882,Barazinbar
me_land_2883,Daleholm
me_land_2884,Oakbole
me_land_2885,Azgzagh Camp
me_land_2886,Wildhall
me_land_2887,Sharun March
me_land_2888,Uldun March
me_land_2889,Frostwater Reach
me_land_2890,Celon nenen
me_land_2891,Bahrur Gate
me_land_2892,Deepdown End
me_land_2893,Wainun March
me_land_2894,Nim nenen
me_land_2895,Zorun March
me_land_2896,Icewater Reach
me_land_2897,Woldham
me_land_2898,Eastdown End
me_land_2899,Blackzagh Camp
me_land_2900,Darur Gate
me_land_2901,Burzzagh Camp
me_land_2902,Balur March
me_land_2903,Farur Gate
me_land_2904,Hadrur Gate
me_land_2905,Amon rathen
me_land_2906,Ruzun
me_land_2907,Borur March
me_land_2908,Dushzagh Camp
me_land_2909,Dol rathen
me_land_2910,Gathur March
me_land_2911,Ghashzagh Camp
me_land_2912,Karmur March
me_land_2913,Northwater Reach
me_land_2914,Eithel rathen
me_land_2915,Emyn rathen
me_land_2916,Palewater Reach
me_land_2917,Kharur Gate
me_land_2918,Khurur March
me_land_2919,Lodur March
me_land_2920,Narur March
me_land_2921,Aldholt
me_land_2922,Mahrur Gate
me_land_2923,Imlad rathen
me_land_2924,Minas rathen
me_land_2925,Ost rathen
me_land_2926,Narur Gate
me_land_2927,Taur rathen
me_land_2928,Sealwater Reach
me_land_2929,Gorzagh Camp
me_land_2930,Beorholt
me_land_2931,Morgai
me_land_2932,Grishzagh Camp
me_land_2933,Snowwater Reach
me_land_2934,Krimpzagh Camp
me_land_2935,Lugzagh Camp
me_land_2936,Starwater Reach
me_land_2937,Calen rathen
me_land_2938,Celon rathen
me_land_2939,Qasur Gate
me_land_2940,Whitewater Reach
me_land_2941,Mauhzagh Camp
me_land_2942,Nim rathen
me_land_2943,Greendown End
me_land_2944,Amon sarnen
me_land_2945,Eastholm
me_land_2946,Greydown End
me_land_2947,Winterwater Reach
me_land_2948,Bregoholt
me_land_2949,Rakhur Gate
me_land_2950,Dol sarnen
me_land_2951,Sahrur Gate
me_land_2952,Eithel sarnen
me_land_2953,Skarnun
me_land_2954,Targun
me_land_2955,Emyn sarnen
me_land_2956,Tazur Gate
me_land_2957,Longdown End
me_land_2958,Varkun
me_land_2959,Northdown End
me_land_2960,Coldbay Sound
me_land_2961,Rhovur March
me_land_2962,Muzgzagh Camp
me_land_2963,Imlad sarnen
me_land_2964,Oakdown End
me_land_2965,Minas sarnen
me_land_2966,Ost sarnen
me_land_2967,Taur sarnen
me_land_2968,Umrur Gate
me_land_2969,Clovercombe
me_land_2970,Driftbay Sound
me_land_2971,Zarur Gate
me_land_2972,Bar sarnen
me_land_2973,Beorn's Hall
me_land_2974,Sagur March
me_land_2975,Dimplecombe
me_land_2976,Calen sarnen
me_land_2977,Frostbay Sound
me_land_2978,Nazgzagh Camp
me_land_2979,Skaizagh Camp
me_land_2980,Uglzagh Camp
me_land_2981,Bizarinbar
me_land_2982,Celon sarnen
me_land_2983,Southdown End
me_land_2984,Stonewain Valley
me_land_2985,Sharur March
me_land_2986,Zandun
me_land_2987,Ceorlholt
me_land_2988,Arzak Camp
me_land_2989,Azrabad Oasis
me_land_2990,Uldur March
me_land_2991,Balkak Camp
me_land_2992,Ferncombe
me_land_2993,Déorholt
me_land_2994,Urukzagh Camp
me_land_2995,Bahrabad Oasis
me_land_2996,Bundinbar
me_land_2997,Icebay Sound
me_land_2998,Nim sarnen
me_land_2999,Darabad Oasis
me_land_3000,Ashbag Cleft
me_land_3001,Drazak Camp
me_land_3002,Northbay Sound
me_land_3003,Amon thoronen
me_land_3004,Dol thoronen
me_land_3005,Wainur March
me_land_3006,Stonedown End
me_land_3007,Azgbag Cleft
me_land_3008,Eithel thoronen
me_land_3009,Blackbag Cleft
me_land_3010,Farabad Oasis
me_land_3011,Burzbag Cleft
me_land_3012,Emyn thoronen
me_land_3013,Haycombe
me_land_3014,Palebay Sound
me_land_3015,Sealbay Sound
me_land_3016,Westdown End
me_land_3017,Imlad thoronen
me_land_3018,Minas thoronen
me_land_3019,Alderfield End
me_land_3020,Zorur March
me_land_3021,Ost thoronen
me_land_3022,Esgarholm
me_land_3023,Taur thoronen
me_land_3024,Snowbay Sound
me_land_3025,Hadrabad Oasis
me_land_3026,Bar thoronen
me_land_3027,Balach Road
me_land_3028,Ashfield End
me_land_3029,Kharabad Oasis
me_land_3030,Barrowfield End
me_land_3031,Dushbag Cleft
me_land_3032,Calen thoronen
me_land_3033,Celon thoronen
me_land_3034,Nim thoronen
me_land_3035,Starbay Sound
me_land_3036,Whitebay Sound
me_land_3037,Borach Road
me_land_3038,Gharak Camp
me_land_3039,Duminbar
me_land_3040,Beaconfield End
me_land_3041,Blackfield End
me_land_3042,Mahrabad Oasis
me_land_3043,Amon adareth
me_land_3044,Bramblefield End
me_land_3045,Narabad Oasis
me_land_3046,Dol adareth
me_land_3047,Qasabad Oasis
me_land_3048,Eithel adareth
me_land_3049,Emyn adareth
me_land_3050,Ghashbag Cleft
me_land_3051,Gathach Road
me_land_3052,Rakhabad Oasis
me_land_3053,Sahrabad Oasis
me_land_3054,Karmach Road
me_land_3055,Bucklandfield End
me_land_3056,Khurach Road
me_land_3057,Winterbay Sound
me_land_3058,Imlad adareth
me_land_3059,Eorlholt
me_land_3060,Lodach Road
me_land_3061,Narach Road
me_land_3062,Rhovach Road
me_land_3063,Sagach Road
me_land_3064,Sharach Road
me_land_3065,Gorbag Cleft
me_land_3066,Tazabad Oasis
me_land_3067,Felekinbar
me_land_3068,Minas adareth
me_land_3069,Ost adareth
me_land_3070,Taur adareth
me_land_3071,Grishbag Cleft
me_land_3072,Coldcamp Sound
me_land_3073,Kandak Camp
me_land_3074,Driftcamp Sound
me_land_3075,Uldach Road
me_land_3076,Krimpbag Cleft
me_land_3077,Umrabad Oasis
me_land_3078,Bar adareth
me_land_3079,Gamilinbar
me_land_3080,Zarabad Oasis
me_land_3081,Bearholt
me_land_3082,Calen adareth
me_land_3083,Celon adareth
me_land_3084,Wainach Road
me_land_3085,Khazak Camp
me_land_3086,Cedarfield End
me_land_3087,Nim adareth
me_land_3088,Amon aeleth
me_land_3089,Frostcamp Sound
me_land_3090,Zorach Road
me_land_3091,Icecamp Sound
me_land_3092,Khorak Camp
me_land_3093,Hazelcombe
me_land_3094,Folcholt
me_land_3095,Northcamp Sound
me_land_3096,Deepfield End
me_land_3097,Dol aeleth
me_land_3098,Azrahir Oasis
me_land_3099,Ruzak Camp
me_land_3100,Eithel aeleth
me_land_3101,Balad Road
me_land_3102,Emyn aeleth
me_land_3103,Borad Road
me_land_3104,Gathad Road
me_land_3105,Imlad aeleth
me_land_3106,Erelas
me_land_3107,Eastfield End
me_land_3108,Greenfield End
me_land_3109,Karmad Road
me_land_3110,Bahrahir Oasis
me_land_3111,Greyfield End
me_land_3112,Darahir Oasis
me_land_3113,Ost aeleth
me_land_3114,Khurad Road
me_land_3115,Beeholt
me_land_3116,Farahir Oasis
me_land_3117,Taur aeleth
me_land_3118,Lugbag Cleft
me_land_3119,Bar aeleth
me_land_3120,Mauhbag Cleft
me_land_3121,Skarnak Camp
me_land_3122,Longfield End
me_land_3123,Hadrahir Oasis
me_land_3124,Palecamp Sound
me_land_3125,Northfield End
me_land_3126,Calen aeleth
me_land_3127,Muzgbag Cleft
me_land_3128,Kharahir Oasis
me_land_3129,Nazgbag Cleft
me_land_3130,Skaibag Cleft
me_land_3131,Kingholm
me_land_3132,Mahrahir Oasis
me_land_3133,Narahir Oasis
me_land_3134,Celon aeleth
me_land_3135,Nim aeleth
me_land_3136,Oakfield End
me_land_3137,Amon annoneth
me_land_3138,Dol annoneth
me_land_3139,Uglbag Cleft
me_land_3140,Sealcamp Sound
me_land_3141,Rowanbole
me_land_3142,Urukbag Cleft
me_land_3143,Ashburz Cleft
me_land_3144,Southfield End
me_land_3145,Framholt
me_land_3146,Stonefield End
me_land_3147,Carrockholt
me_land_3148,Azgburz Cleft
me_land_3149,Gatholinbar
me_land_3150,Westfield End
me_land_3151,Lodad Road
me_land_3152,Qasahir Oasis
me_land_3153,Rakhahir Oasis
me_land_3154,Grimholt
me_land_3155,Sahrahir Oasis
me_land_3156,Eithel annoneth
me_land_3157,Emyn annoneth
me_land_3158,Blackburz Cleft
me_land_3159,Tazahir Oasis
me_land_3160,Rauros
me_land_3161,Burzburz Cleft
me_land_3162,Snowcamp Sound
me_land_3163,Starcamp Sound
me_land_3164,Umrahir Oasis
me_land_3165,Imlad annoneth
me_land_3166,Minas annoneth
me_land_3167,Targak Camp
me_land_3168,Ost annoneth
me_land_3169,Narad Road
me_land_3170,Zarahir Oasis
me_land_3171,Taur annoneth
me_land_3172,Rhovad Road
me_land_3173,Bar annoneth
me_land_3174,Azramar Oasis
me_land_3175,Dushburz Cleft
me_land_3176,Lakeholm
me_land_3177,Varkak Camp
me_land_3178,Goldenholt
me_land_3179,Bahramar Oasis
me_land_3180,Alderford End
me_land_3181,Ashford End
me_land_3182,Whitecamp Sound
me_land_3183,Zandak Camp
me_land_3184,Ghashburz Cleft
me_land_3185,Arzan Camp
me_land_3186,Barrowford End
me_land_3187,Calen annoneth
me_land_3188,Daramar Oasis
me_land_3189,Celon annoneth
me_land_3190,Nim annoneth
me_land_3191,Amon beleth
me_land_3192,Dol beleth
me_land_3193,Faramar Oasis
me_land_3194,Helmholt
me_land_3195,Hadramar Oasis
me_land_3196,Gorburz Cleft
me_land_3197,Beaconford End
me_land_3198,Sagad Road
me_land_3199,Kharamar Oasis
me_land_3200,Eithel beleth
me_land_3201,Mahramar Oasis
me_land_3202,Naramar Oasis
me_land_3203,Honeyholt
me_land_3204,Balkan Camp
me_land_3205,Grishburz Cleft
me_land_3206,Sharad Road
me_land_3207,Krimpburz Cleft
me_land_3208,Blackford End
me_land_3209,Brambleford End
me_land_3210,Qasamar Oasis
me_land_3211,Rakhamar Oasis
me_land_3212,Uldad Road
me_land_3213,Sahramar Oasis
me_land_3214,Gundinbar
me_land_3215,Drazan Camp
me_land_3216,Tazamar Oasis
me_land_3217,Wainad Road
me_land_3218,Hollycombe
me_land_3219,Emyn beleth
me_land_3220,Rhosgobel
me_land_3221,Bucklandford End
me_land_3222,Heruholt
me_land_3223,Imlad beleth
me_land_3224,Umramar Oasis
me_land_3225,Minas beleth
me_land_3226,Wintercamp Sound
me_land_3227,Ost beleth
me_land_3228,Lugburz Cleft
me_land_3229,Taur beleth
me_land_3230,Zaramar Oasis
me_land_3231,Coldfell Sound
me_land_3232,Cedarford End
me_land_3233,Mauhburz Cleft
me_land_3234,Deepford End
me_land_3235,Eastford End
me_land_3236,Bar beleth
me_land_3237,Muzgburz Cleft
me_land_3238,Nazgburz Cleft
me_land_3239,Skaiburz Cleft
me_land_3240,Oakholt
me_land_3241,Greenford End
me_land_3242,Calen beleth
me_land_3243,Merrycombe
me_land_3244,Celon beleth
me_land_3245,Nim beleth
me_land_3246,Greyford End
me_land_3247,Amon borneth
me_land_3248,Azran Oasis
me_land_3249,Uglburz Cleft
me_land_3250,Bahran Oasis
me_land_3251,Khazinbar
me_land_3252,Daran Oasis
me_land_3253,Riverholt
me_land_3254,Dol borneth
me_land_3255,Driftfell Sound
me_land_3256,Dead Marshes
me_land_3257,Eithel borneth
me_land_3258,Longholm
me_land_3259,Urukburz Cleft
me_land_3260,Gorgoroth
me_land_3261,Ashdûr Cleft
me_land_3262,Emyn borneth
me_land_3263,Longford End
me_land_3264,Azgdûr Cleft
me_land_3265,Methedras
me_land_3266,Blackdûr Cleft
me_land_3267,Burzdûr Cleft
me_land_3268,Imlad borneth
me_land_3269,Qarsad
me_land_3270,Minas borneth
me_land_3271,Faran Oasis
me_land_3272,Northford End
me_land_3273,Gharan Camp
me_land_3274,Frostfell Sound
me_land_3275,Icefell Sound
me_land_3276,Ost borneth
me_land_3277,Hadran Oasis
me_land_3278,Dushdûr Cleft
me_land_3279,Ghashdûr Cleft
me_land_3280,Gordûr Cleft
me_land_3281,Kharan Oasis
me_land_3282,Zorad Road
me_land_3283,Taur borneth
me_land_3284,Oakford End
me_land_3285,Grishdûr Cleft
me_land_3286,Krimpdûr Cleft
me_land_3287,Lugdûr Cleft
me_land_3288,Balar Road
me_land_3289,Mauhdûr Cleft
me_land_3290,Muzgdûr Cleft
me_land_3291,Bar borneth
me_land_3292,Kandan Camp
me_land_3293,Southford End
me_land_3294,Calen borneth
me_land_3295,Léodholt
me_land_3296,Stoneford End
me_land_3297,Northfell Sound
me_land_3298,Mahran Oasis
me_land_3299,Celon borneth
me_land_3300,Nim borneth
me_land_3301,Borar Road
me_land_3302,Northholm
me_land_3303,Khazan Camp
me_land_3304,Gathar Road
me_land_3305,Palefell Sound
me_land_3306,Naran Oasis
me_land_3307,Amon caraneth
me_land_3308,Nazgdûr Cleft
me_land_3309,Qasan Oasis
me_land_3310,Sealfell Sound
me_land_3311,Rakhan Oasis
me_land_3312,Westford End
me_land_3313,Ridholt
me_land_3314,Karmar Road
me_land_3315,Dol caraneth
me_land_3316,Khurar Road
me_land_3317,Snowfell Sound
me_land_3318,Lodar Road
me_land_3319,Thengelholt
me_land_3320,Skaidûr Cleft
me_land_3321,Khoran Camp
me_land_3322,Ravenholm
me_land_3323,Redholm
me_land_3324,Eithel caraneth
me_land_3325,Aldergate End
me_land_3326,Emyn caraneth
me_land_3327,Sahran Oasis
me_land_3328,Tazan Oasis
me_land_3329,Calenhad
me_land_3330,Narar Road
me_land_3331,Ugldûr Cleft
me_land_3332,Starfell Sound
me_land_3333,Ashgate End
me_land_3334,Umran Oasis
me_land_3335,Mosscombe
me_land_3336,Minas caraneth
me_land_3337,Ost caraneth
me_land_3338,Urukdûr Cleft
me_land_3339,Taur caraneth
me_land_3340,Bar caraneth
me_land_3341,Ruzan Camp
me_land_3342,Calen caraneth
me_land_3343,Mûmak Gate
me_land_3344,Skarnan Camp
me_land_3345,Zaran Oasis
me_land_3346,Rhovar Road
me_land_3347,Ashfang Cleft
me_land_3348,Whitefell Sound
me_land_3349,Celon caraneth
me_land_3350,Barrowgate End
me_land_3351,Winterfell Sound
me_land_3352,Azrara Oasis
me_land_3353,Sagar Road
me_land_3354,Azgfang Cleft
me_land_3355,Beacongate End
me_land_3356,Blackfang Cleft
me_land_3357,Westholm
me_land_3358,Blackgate End
me_land_3359,Nim caraneth
me_land_3360,Amon duineth
me_land_3361,Ambermark
me_land_3362,Dol duineth
me_land_3363,Bahrara Oasis
me_land_3364,Eithel duineth
me_land_3365,Bramblegate End
me_land_3366,Coldfloe Sound
me_land_3367,Emyn duineth
me_land_3368,Darara Oasis
me_land_3369,Burzfang Cleft
me_land_3370,Imlad duineth
me_land_3371,Driftfloe Sound
me_land_3372,Sharar Road
me_land_3373,Farara Oasis
me_land_3374,Dushfang Cleft
me_land_3375,Targan Camp
me_land_3376,Ghashfang Cleft
me_land_3377,Uldar Road
me_land_3378,Frostfloe Sound
me_land_3379,Hadrara Oasis
me_land_3380,Bucklandgate End
me_land_3381,Wainar Road
me_land_3382,Cedargate End
me_land_3383,Gorfang Cleft
me_land_3384,Kharara Oasis
me_land_3385,Varkan Camp
me_land_3386,Skinholt
me_land_3387,Zorar Road
me_land_3388,Stoneholt
me_land_3389,Grishfang Cleft
me_land_3390,Minas duineth
me_land_3391,Ost duineth
me_land_3392,Deepgate End
me_land_3393,Balath Road
me_land_3394,Krimpfang Cleft
me_land_3395,Eastgate End
me_land_3396,Lugfang Cleft
me_land_3397,Zandan Camp
me_land_3398,Arzar Camp
me_land_3399,Greengate End
me_land_3400,Borath Road
me_land_3401,Mahrara Oasis
me_land_3402,Greygate End
me_land_3403,Taur duineth
me_land_3404,Emyn Arnen
me_land_3405,Bar duineth
me_land_3406,Narara Oasis
me_land_3407,Burh Gath
me_land_3408,Qasara Oasis
me_land_3409,Calen duineth
me_land_3410,Rakhara Oasis
me_land_3411,Sahrara Oasis
me_land_3412,Celon duineth
me_land_3413,Nim duineth
me_land_3414,Woldholt
me_land_3415,Amon falaseth
me_land_3416,Aldmere
me_land_3417,Longgate End
me_land_3418,Balkar Camp
me_land_3419,Mauhfang Cleft
me_land_3420,Dol falaseth
me_land_3421,Eithel falaseth
me_land_3422,Tazara Oasis
me_land_3423,Icefloe Sound
me_land_3424,Northfloe Sound
me_land_3425,Gathath Road
me_land_3426,Northgate End
me_land_3427,Emyn falaseth
me_land_3428,Umrara Oasis
me_land_3429,Imlad falaseth
me_land_3430,Zarara Oasis
me_land_3431,Minas falaseth
me_land_3432,Muzgfang Cleft
me_land_3433,Oakgate End
me_land_3434,Palefloe Sound
me_land_3435,Southgate End
me_land_3436,Karmath Road
me_land_3437,Stonegate End
me_land_3438,Khurath Road
me_land_3439,Valeholt
me_land_3440,Nazgfang Cleft
me_land_3441,Ost falaseth
me_land_3442,Taur falaseth
me_land_3443,Bar falaseth
me_land_3444,Sealfloe Sound
me_land_3445,Skaifang Cleft
me_land_3446,Snowfloe Sound
me_land_3447,Bardmark
me_land_3448,Calen falaseth
me_land_3449,Celon falaseth
me_land_3450,Azrasir Oasis
me_land_3451,Uglfang Cleft
me_land_3452,Drazar Camp
me_land_3453,Lodath Road
me_land_3454,Westgate End
me_land_3455,Alderhall End
me_land_3456,Nim falaseth
me_land_3457,Amon galeneth
me_land_3458,Dol galeneth
me_land_3459,Eithel galeneth
me_land_3460,Kheledinbar
me_land_3461,Emyn galeneth
me_land_3462,Narath Road
me_land_3463,Bahrasir Oasis
me_land_3464,Rhovath Road
me_land_3465,Starfloe Sound
me_land_3466,Ashhall End
me_land_3467,Barrowhall End
me_land_3468,Sagath Road
me_land_3469,Wildholt
me_land_3470,Bellmark
me_land_3471,Imlad galeneth
me_land_3472,Minas galeneth
me_land_3473,Beaconhall End
me_land_3474,Urukfang Cleft
me_land_3475,Blackhall End
me_land_3476,Ost galeneth
me_land_3477,Ashgash Cleft
me_land_3478,Beormere
me_land_3479,Sharath Road
me_land_3480,Bramblehall End
me_land_3481,Bucklandhall End
me_land_3482,Whitefloe Sound
me_land_3483,Taur galeneth
me_land_3484,Bar galeneth
me_land_3485,Azggash Cleft
me_land_3486,Darasir Oasis
me_land_3487,Calen galeneth
me_land_3488,Cedarhall End
me_land_3489,Winterfloe Sound
me_land_3490,Celon galeneth
me_land_3491,Farasir Oasis
me_land_3492,Nim galeneth
me_land_3493,Blackgash Cleft
me_land_3494,Amon gondeth
me_land_3495,Gharar Camp
me_land_3496,Deephall End
me_land_3497,Dol gondeth
me_land_3498,Stock
me_land_3499,Coldhaven Sound
me_land_3500,Eithel gondeth
me_land_3501,Hadrasir Oasis
me_land_3502,Emyn gondeth
me_land_3503,Imlad gondeth
me_land_3504,Burzgash Cleft
me_land_3505,Kharasir Oasis
me_land_3506,Uldath Road
me_land_3507,Dushgash Cleft
me_land_3508,Minas gondeth
me_land_3509,Wainath Road
me_land_3510,Ost gondeth
me_land_3511,Mahrasir Oasis
me_land_3512,Narginbar
me_land_3513,Taur gondeth
me_land_3514,Easthall End
me_land_3515,Bar gondeth
me_land_3516,Narasir Oasis
me_land_3517,Ghashgash Cleft
me_land_3518,Greenhall End
me_land_3519,Drifthaven Sound
me_land_3520,Calen gondeth
me_land_3521,Celon gondeth
me_land_3522,Gorgash Cleft
me_land_3523,Zorath Road
me_land_3524,Rushcombe
me_land_3525,Nim gondeth
me_land_3526,Greyhall End
me_land_3527,Balen Road
me_land_3528,Rootbole
me_land_3529,Grishgash Cleft
me_land_3530,Sharinbar
me_land_3531,Qasasir Oasis
me_land_3532,Amon lotheth
me_land_3533,Frosthaven Sound
me_land_3534,Kandar Camp
me_land_3535,Woodholt
me_land_3536,Dol lotheth
me_land_3537,Harnenhold
me_land_3538,Bregomere
me_land_3539,Rakhasir Oasis
me_land_3540,Longhall End
me_land_3541,Sahrasir Oasis
me_land_3542,Eithel lotheth
me_land_3543,Boren Road
me_land_3544,Krimpgash Cleft
me_land_3545,Khazar Camp
me_land_3546,Gathen Road
me_land_3547,Icehaven Sound
me_land_3548,Northhaven Sound
me_land_3549,Emyn lotheth
me_land_3550,Thistlecombe
me_land_3551,Imlad lotheth
me_land_3552,Tazasir Oasis
me_land_3553,Khorar Camp
me_land_3554,Umrasir Oasis
me_land_3555,Bowmark
me_land_3556,Zarasir Oasis
me_land_3557,Luggash Cleft
me_land_3558,Minas lotheth
me_land_3559,Mauhgash Cleft
me_land_3560,Northhall End
me_land_3561,Ost lotheth
me_land_3562,Taur lotheth
me_land_3563,Oakhall End
me_land_3564,Ruzar Camp
me_land_3565,Muzggash Cleft
me_land_3566,Willowcombe
me_land_3567,Bar lotheth
me_land_3568,Southhall End
me_land_3569,Karmen Road
me_land_3570,Stonehall End
me_land_3571,Skarnar Camp
me_land_3572,Applecroft
me_land_3573,Palehaven Sound
me_land_3574,Calen lotheth
me_land_3575,Azrem Oasis
me_land_3576,Khuren Road
me_land_3577,Celduinmark
me_land_3578,Sealhaven Sound
me_land_3579,Celon lotheth
me_land_3580,Loden Road
me_land_3581,Nim lotheth
me_land_3582,Zigilinbar
me_land_3583,Amon morneth
me_land_3584,Rammas Echor
me_land_3585,Dol morneth
me_land_3586,Naren Road
me_land_3587,Ceorlmere
me_land_3588,Eithel morneth
me_land_3589,Rhoven Road
me_land_3590,Westhall End
me_land_3591,Nazggash Cleft
me_land_3592,Dalemark
me_land_3593,Bahrem Oasis
me_land_3594,Emyn morneth
me_land_3595,Alderheath End
me_land_3596,Ashheath End
me_land_3597,Bramblecroft
me_land_3598,Imlad morneth
me_land_3599,Minas morneth
me_land_3600,Sagen Road
me_land_3601,Sharen Road
me_land_3602,Ost morneth
me_land_3603,Taur morneth
me_land_3604,Skaigash Cleft
me_land_3605,Darem Oasis
me_land_3606,Targar Camp
me_land_3607,Ulden Road
me_land_3608,Snowhaven Sound
me_land_3609,Uglgash Cleft
me_land_3610,Farem Oasis
me_land_3611,Wainen Road
me_land_3612,Starhaven Sound
me_land_3613,Bar morneth
me_land_3614,Barrowheath End
me_land_3615,Urukgash Cleft
me_land_3616,Varkar Camp
me_land_3617,Calen morneth
me_land_3618,Celon morneth
me_land_3619,Nim morneth
me_land_3620,Beaconheath End
me_land_3621,Amon neneth
me_land_3622,Hadrem Oasis
me_land_3623,Kharem Oasis
me_land_3624,Mahrem Oasis
me_land_3625,Dol neneth
me_land_3626,Eithel neneth
me_land_3627,Narem Oasis
me_land_3628,Zoren Road
me_land_3629,Whitehaven Sound
me_land_3630,Emyn neneth
me_land_3631,Blackheath End
me_land_3632,Winterhaven Sound
me_land_3633,Balod Road
me_land_3634,Qasem Oasis
me_land_3635,Déormere
me_land_3636,Rakhem Oasis
me_land_3637,Ashglob Cleft
me_land_3638,Imlad neneth
me_land_3639,Minas neneth
me_land_3640,Brambleheath End
me_land_3641,Coldmere Sound
me_land_3642,Driftmere Sound
me_land_3643,Azgglob Cleft
me_land_3644,Eorlmere
me_land_3645,Zandar Camp
me_land_3646,Ost neneth
me_land_3647,Blackglob Cleft
me_land_3648,Taur neneth
me_land_3649,Bar neneth
me_land_3650,Folcmere
me_land_3651,Sahrem Oasis
me_land_3652,Tazem Oasis
me_land_3653,Arzash Camp
me_land_3654,Frostmere Sound
me_land_3655,Borod Road
me_land_3656,Burzglob Cleft
me_land_3657,Bucklandheath End
me_land_3658,Dushglob Cleft
me_land_3659,Calen neneth
me_land_3660,Ghashglob Cleft
me_land_3661,Celon neneth
me_land_3662,Nim neneth
me_land_3663,Gorglob Cleft
me_land_3664,Grishglob Cleft
me_land_3665,Gathod Road
me_land_3666,Amon ratheth
me_land_3667,Krimpglob Cleft
me_land_3668,Umrem Oasis
me_land_3669,Dol ratheth
me_land_3670,Redhorn Gate
me_land_3671,Karmod Road
me_land_3672,Cedarheath End
me_land_3673,Deepheath End
me_land_3674,Eastheath End
me_land_3675,Zarem Oasis
me_land_3676,Browncroft
me_land_3677,Khurod Road
me_land_3678,Lodod Road
me_land_3679,Greenheath End
me_land_3680,Frammere
me_land_3681,Icemere Sound
me_land_3682,Eithel ratheth
me_land_3683,Balkash Camp
me_land_3684,Azresh Oasis
me_land_3685,Greyheath End
me_land_3686,Longheath End
me_land_3687,Narod Road
me_land_3688,Bahresh Oasis
me_land_3689,Northheath End
me_land_3690,Ost-in-Edhil
me_land_3691,Mauhglob Cleft
me_land_3692,Daresh Oasis
me_land_3693,Emyn ratheth
me_land_3694,Rhovod Road
me_land_3695,Drazash Camp
me_land_3696,Imlad ratheth
me_land_3697,Minas ratheth
me_land_3698,Northmere Sound
me_land_3699,Palemere Sound
me_land_3700,Ost ratheth
me_land_3701,Taur ratheth
me_land_3702,Muzgglob Cleft
me_land_3703,Faresh Oasis
me_land_3704,Nazgglob Cleft
me_land_3705,Bar ratheth
me_land_3706,Oakheath End
me_land_3707,Calen ratheth
me_land_3708,Hadresh Oasis
me_land_3709,Buttercroft
me_land_3710,Celon ratheth
me_land_3711,Nim ratheth
me_land_3712,Skaiglob Cleft
me_land_3713,Eastmark
me_land_3714,Uglglob Cleft
me_land_3715,Grimmere
me_land_3716,Sagod Road
me_land_3717,Southheath End
me_land_3718,Amon sarneth
me_land_3719,Kharesh Oasis
me_land_3720,Stoneheath End
me_land_3721,Westheath End
me_land_3722,Sharod Road
me_land_3723,Uldod Road
me_land_3724,Mahresh Oasis
me_land_3725,Urukglob Cleft
me_land_3726,Aldermere End
me_land_3727,Ashmere End
me_land_3728,Dol sarneth
me_land_3729,Wainod Road
me_land_3730,Eithel sarneth
me_land_3731,Barrowmere End
me_land_3732,Beaconmere End
me_land_3733,Ashgrat Cleft
me_land_3734,Esgarmark
me_land_3735,Naresh Oasis
me_land_3736,Emyn sarneth
me_land_3737,Qasesh Oasis
me_land_3738,Zorod Road
me_land_3739,Azggrat Cleft
me_land_3740,Balor Road
me_land_3741,Boror Road
me_land_3742,Kingmark
me_land_3743,Imlad sarneth
me_land_3744,Gathor Road
me_land_3745,Karmor Road
me_land_3746,Azankibil
me_land_3747,Minas sarneth
me_land_3748,Blackgrat Cleft
me_land_3749,Blackmere End
me_land_3750,Burzgrat Cleft
me_land_3751,Gharash Camp
me_land_3752,Bramblemere End
me_land_3753,Dushgrat Cleft
me_land_3754,Bucklandmere End
me_land_3755,Sealmere Sound
me_land_3756,Rakhesh Oasis
me_land_3757,Sahresh Oasis
me_land_3758,Khuror Road
me_land_3759,Cedarmere End
me_land_3760,Tazesh Oasis
me_land_3761,Ost sarneth
me_land_3762,Clovercroft
me_land_3763,Lakemark
me_land_3764,Ghashgrat Cleft
me_land_3765,Caradhras
me_land_3766,Lodor Road
me_land_3767,Naror Road
me_land_3768,Helmmere
me_land_3769,Taur sarneth
me_land_3770,Umresh Oasis
me_land_3771,Kandash Camp
me_land_3772,Zaresh Oasis
me_land_3773,Azrim Oasis
me_land_3774,Deepmere End
me_land_3775,Khazash Camp
me_land_3776,Snowmere Sound
me_land_3777,Bar sarneth
me_land_3778,Eastmere End
me_land_3779,Rhovor Road
me_land_3780,Calen sarneth
me_land_3781,Grishgrat Cleft
me_land_3782,Bahrim Oasis
me_land_3783,Celon sarneth
me_land_3784,Nim sarneth
me_land_3785,Krimpgrat Cleft
me_land_3786,Khorash Camp
me_land_3787,Starmere Sound
me_land_3788,Sagor Road
me_land_3789,Whitemere Sound
me_land_3790,Sharor Road
me_land_3791,Wintermere Sound
me_land_3792,Amon thoroneth
me_land_3793,Uldor Road
me_land_3794,Darim Oasis
me_land_3795,Luggrat Cleft
me_land_3796,Dol thoroneth
me_land_3797,Greenmere End
me_land_3798,Wainor Road
me_land_3799,Longmark
me_land_3800,Zoror Road
me_land_3801,Ruzash Camp
me_land_3802,Balun Road
me_land_3803,Bearmead
me_land_3804,Greymere End
me_land_3805,Mauhgrat Cleft
me_land_3806,Borun Road
me_land_3807,Farim Oasis
me_land_3808,Coldpoint Sound
me_land_3809,Hadrim Oasis
me_land_3810,Skarnash Camp
me_land_3811,Driftpoint Sound
me_land_3812,Longmere End
me_land_3813,Kharim Oasis
me_land_3814,Eithel thoroneth
me_land_3815,Mahrim Oasis
me_land_3816,Emyn thoroneth
me_land_3817,Narim Oasis
me_land_3818,Imlad thoroneth
me_land_3819,Frostpoint Sound
me_land_3820,Qasim Oasis
me_land_3821,Minas thoroneth
me_land_3822,Gathun Road
me_land_3823,Ost thoroneth
me_land_3824,Karmun Road
me_land_3825,Muzggrat Cleft
me_land_3826,Targash Camp
me_land_3827,Northmere End
me_land_3828,Oakmere End
me_land_3829,Taur thoroneth
me_land_3830,Bar thoroneth
me_land_3831,Khurun Road
me_land_3832,Nazggrat Cleft
me_land_3833,Lodun Road
me_land_3834,Narun Road
me_land_3835,Calen thoroneth
me_land_3836,Willowbole
me_land_3837,Icepoint Sound
me_land_3838,Northmark
me_land_3839,Ravenmark
me_land_3840,Varkash Camp
me_land_3841,Celon thoroneth
me_land_3842,Nim thoroneth
me_land_3843,Skaigrat Cleft
me_land_3844,Herumere
me_land_3845,Eilenach
me_land_3846,Rakhim Oasis
me_land_3847,Redmark
me_land_3848,Rhovun Road
me_land_3849,Dol adarion
me_land_3850,Southmere End
me_land_3851,Sahrim Oasis
me_land_3852,Stonemere End
me_land_3853,Northpoint Sound
me_land_3854,Sagun Road
me_land_3855,Uglgrat Cleft
me_land_3856,Palepoint Sound
me_land_3857,Sharun Road
me_land_3858,Eithel adarion
me_land_3859,Urukgrat Cleft
me_land_3860,Tazim Oasis
me_land_3861,Westmark
me_land_3862,Umrim Oasis
me_land_3863,Westmere End
me_land_3864,Emyn adarion
me_land_3865,Léodmere
me_land_3866,Zandash Camp
me_land_3867,Zarim Oasis
me_land_3868,Dimplecroft
me_land_3869,Alderridge End
me_land_3870,Ashkrak Cleft
me_land_3871,Azrir Oasis
me_land_3872,Uldun Road
me_land_3873,Beemead
me_land_3874,Ferncroft
me_land_3875,Imlad adarion
me_land_3876,Azgkrak Cleft
me_land_3877,Arzek Camp
me_land_3878,Bahrir Oasis
me_land_3879,Wainun Road
me_land_3880,Minas adarion
me_land_3881,Ost adarion
me_land_3882,Blackkrak Cleft
me_land_3883,Burzkrak Cleft
me_land_3884,Sealpoint Sound
me_land_3885,Ashridge End
me_land_3886,Balkek Camp
me_land_3887,Barrowridge End
me_land_3888,Dushkrak Cleft
me_land_3889,Ghashkrak Cleft
me_land_3890,Beaconridge End
me_land_3891,Snowpoint Sound
me_land_3892,Blackridge End
me_land_3893,Haycroft
me_land_3894,Taur adarion
me_land_3895,Brambleridge End
me_land_3896,Bucklandridge End
me_land_3897,Gorkrak Cleft
me_land_3898,Zorun Road
me_land_3899,Bar adarion
me_land_3900,Calen adarion
me_land_3901,Celon adarion
me_land_3902,Nim adarion
me_land_3903,Hazelcroft
me_land_3904,Barazkibil
me_land_3905,Amon aelion
me_land_3906,Cedarridge End
me_land_3907,Darir Oasis
me_land_3908,Dol aelion
me_land_3909,Eithel aelion
me_land_3910,Amberness
me_land_3911,Deepridge End
me_land_3912,Eastridge End
me_land_3913,Grishkrak Cleft
me_land_3914,Farir Oasis
me_land_3915,Emyn aelion
me_land_3916,Imlad aelion
me_land_3917,Hadrir Oasis
me_land_3918,Kharir Oasis
me_land_3919,Drazek Camp
me_land_3920,Starpoint Sound
me_land_3921,Minas aelion
me_land_3922,Krimpkrak Cleft
me_land_3923,Mahrir Oasis
me_land_3924,Lugkrak Cleft
me_land_3925,Ost aelion
me_land_3926,Taur aelion
me_land_3927,Hollycroft
me_land_3928,Bardness
me_land_3929,Whitepoint Sound
me_land_3930,Mauhkrak Cleft
me_land_3931,Muzgkrak Cleft
me_land_3932,Narir Oasis
me_land_3933,Bar aelion
me_land_3934,Winterpoint Sound
me_land_3935,Balur Road
me_land_3936,Nazgkrak Cleft
me_land_3937,Calen aelion
me_land_3938,Skaikrak Cleft
me_land_3939,Bellness
me_land_3940,Qasir Oasis
me_land_3941,Uglkrak Cleft
me_land_3942,Greenridge End
me_land_3943,Celon aelion
me_land_3944,Greyridge End
me_land_3945,Gharek Camp
me_land_3946,Rakhir Oasis
me_land_3947,Sahrir Oasis
me_land_3948,Nim aelion
me_land_3949,Ridmere
me_land_3950,Borur Road
me_land_3951,Urukkrak Cleft
me_land_3952,Thengelmere
me_land_3953,Gathur Road
me_land_3954,Amon annonion
me_land_3955,Longridge End
me_land_3956,Karmur Road
me_land_3957,Tazir Oasis
me_land_3958,Woodmen's Hall
me_land_3959,Umrir Oasis
me_land_3960,Northridge End
me_land_3961,Zarir Oasis
me_land_3962,Woldmere
me_land_3963,Azrun Oasis
me_land_3964,Bahrun Oasis
me_land_3965,Oakridge End
me_land_3966,Ashlug Cleft
me_land_3967,Azglug Cleft
me_land_3968,Dol annonion
me_land_3969,Southridge End
me_land_3970,Khurur Road
me_land_3971,Eithel annonion
me_land_3972,Emyn annonion
me_land_3973,Stoneridge End
me_land_3974,Darun Oasis
me_land_3975,Merrycroft
me_land_3976,Bizarkibil
me_land_3977,Kandek Camp
me_land_3978,Lodur Road
me_land_3979,Narur Road
me_land_3980,Imlad annonion
me_land_3981,Minas annonion
me_land_3982,Westridge End
me_land_3983,Farun Oasis
me_land_3984,Rhovur Road
me_land_3985,Carrockmead
me_land_3986,Alderstead End
me_land_3987,Ost annonion
me_land_3988,Blacklug Cleft
me_land_3989,Sagur Road
me_land_3990,Sharur Road
me_land_3991,Khazek Camp
me_land_3992,Hadrun Oasis
me_land_3993,Coldshore Sound
me_land_3994,Aldseld
me_land_3995,Burzlug Cleft
me_land_3996,Kharun Oasis
me_land_3997,Driftshore Sound
me_land_3998,Taur annonion
me_land_3999,Frostshore Sound
me_land_4000,Eagles' Eyrie
me_land_4001,Dushlug Cleft
me_land_4002,Bar annonion
me_land_4003,Khorek Camp
me_land_4004,Ghashlug Cleft
me_land_4005,Iceshore Sound
me_land_4006,Mahrun Oasis
me_land_4007,Ashstead End
me_land_4008,Gorlug Cleft
me_land_4009,Uldur Road
me_land_4010,Narun Oasis
me_land_4011,Wainur Road
me_land_4012,Zorur Road
me_land_4013,Balach Steppe
me_land_4014,Calen annonion
me_land_4015,Ruzek Camp
me_land_4016,Grishlug Cleft
me_land_4017,Borach Steppe
me_land_4018,Beorseld
me_land_4019,Alderbough
me_land_4020,Qasun Oasis
me_land_4021,Krimplug Cleft
me_land_4022,Celon annonion
me_land_4023,Skarnek Camp
me_land_4024,Gathach Steppe
me_land_4025,Luglug Cleft
me_land_4026,Nim annonion
me_land_4027,Mauhlug Cleft
me_land_4028,Northshore Sound
me_land_4029,Amon belion
me_land_4030,Bundkibil
me_land_4031,Rakhun Oasis
me_land_4032,Muzglug Cleft
me_land_4033,Paleshore Sound
me_land_4034,Barrowstead End
me_land_4035,Sealshore Sound
me_land_4036,Nazglug Cleft
me_land_4037,Beaconstead End
me_land_4038,Blackstead End
me_land_4039,Bregoseld
me_land_4040,Skailug Cleft
me_land_4041,Ugllug Cleft
me_land_4042,Dol belion
me_land_4043,Bramblestead End
me_land_4044,Targek Camp
me_land_4045,Eithel belion
me_land_4046,Emyn belion
me_land_4047,Karmach Steppe
me_land_4048,Khurach Steppe
me_land_4049,Sahrun Oasis
me_land_4050,Honeymead
me_land_4051,Snowshore Sound
me_land_4052,Tazun Oasis
me_land_4053,Uruklug Cleft
me_land_4054,Imlad belion
me_land_4055,Umrun Oasis
me_land_4056,Lodach Steppe
me_land_4057,Mosscroft
me_land_4058,Bucklandstead End
me_land_4059,Cedarstead End
me_land_4060,Varkek Camp
me_land_4061,Beechbough
me_land_4062,Narach Steppe
me_land_4063,Ashmauk Cleft
me_land_4064,Minas belion
me_land_4065,Azgmauk Cleft
me_land_4066,Blackmauk Cleft
me_land_4067,Cerin Amroth
me_land_4068,Burzmauk Cleft
me_land_4069,Ceorlseld
me_land_4070,Dushmauk Cleft
me_land_4071,Rhovach Steppe
me_land_4072,Bowness
me_land_4073,Celduinness
me_land_4074,Taur belion
me_land_4075,Sagach Steppe
me_land_4076,Bar belion
me_land_4077,Calen belion
me_land_4078,Deepstead End
me_land_4079,Oakmead
me_land_4080,Zandek Camp
me_land_4081,Déorseld
me_land_4082,Zarun Oasis
me_land_4083,Sharach Steppe
me_land_4084,Eaststead End
me_land_4085,Celon belion
me_land_4086,Nim belion
me_land_4087,Uldach Steppe
me_land_4088,Eorlseld
me_land_4089,Azrur Oasis
me_land_4090,Daleness
me_land_4091,Greenstead End
me_land_4092,Nutcroft
me_land_4093,Greystead End
me_land_4094,Amon bornion
me_land_4095,Wainach Steppe
me_land_4096,Dol bornion
me_land_4097,Bahrur Oasis
me_land_4098,Birchbough
me_land_4099,Darur Oasis
me_land_4100,Zorach Steppe
me_land_4101,Longstead End
me_land_4102,Arzesh Camp
me_land_4103,Eithel bornion
me_land_4104,Balkesh Camp
me_land_4105,Eastness
me_land_4106,Esgarness
me_land_4107,Northstead End
me_land_4108,Ghashmauk Cleft
me_land_4109,Gormauk Cleft
me_land_4110,Grishmauk Cleft
me_land_4111,Balad Steppe
me_land_4112,Oakstead End
me_land_4113,Southstead End
me_land_4114,Krimpmauk Cleft
me_land_4115,Kingness
me_land_4116,Firien Wood
me_land_4117,Farur Oasis
me_land_4118,Hadrur Oasis
me_land_4119,Stonestead End
me_land_4120,Rivermead
me_land_4121,Borad Steppe
me_land_4122,Lugmauk Cleft
me_land_4123,Mauhmauk Cleft
me_land_4124,Folcseld
me_land_4125,Gathad Steppe
me_land_4126,Karmad Steppe
me_land_4127,Lakeness
me_land_4128,Weststead End
me_land_4129,Emyn bornion
me_land_4130,Imlad bornion
me_land_4131,Muzgmauk Cleft
me_land_4132,Minas bornion
me_land_4133,Ost bornion
me_land_4134,Kharur Oasis
me_land_4135,Taur bornion
me_land_4136,Bar bornion
me_land_4137,Nazgmauk Cleft
me_land_4138,Longness
me_land_4139,Khurad Steppe
me_land_4140,Calen bornion
me_land_4141,Celon bornion
me_land_4142,Nim bornion
me_land_4143,Skaimauk Cleft
me_land_4144,Alderwater End
me_land_4145,Amon caranion
me_land_4146,Lodad Steppe
me_land_4147,Dol caranion
me_land_4148,Uglmauk Cleft
me_land_4149,Mahrur Oasis
me_land_4150,Eithel caranion
me_land_4151,Rushcroft
me_land_4152,Starshore Sound
me_land_4153,Dumkibil
me_land_4154,Whiteshore Sound
me_land_4155,Urukmauk Cleft
me_land_4156,Narur Oasis
me_land_4157,Ashwater End
me_land_4158,Qasur Oasis
me_land_4159,Rakhur Oasis
me_land_4160,Emyn caranion
me_land_4161,Ashnakh Cleft
me_land_4162,Narad Steppe
me_land_4163,Northness
me_land_4164,Rhovad Steppe
me_land_4165,Barrowwater End
me_land_4166,Azgnakh Cleft
me_land_4167,Blacknakh Cleft
me_land_4168,Burznakh Cleft
me_land_4169,Framseld
me_land_4170,Skinmead
me_land_4171,Imlad caranion
me_land_4172,Sagad Steppe
me_land_4173,Minas caranion
me_land_4174,Felekkibil
me_land_4175,Ost caranion
me_land_4176,Dushnakh Cleft
me_land_4177,Wintershore Sound
me_land_4178,Taur caranion
me_land_4179,Coldwater Sound
me_land_4180,Sahrur Oasis
me_land_4181,Ghashnakh Cleft
me_land_4182,Tazur Oasis
me_land_4183,Bar caranion
me_land_4184,Sharad Steppe
me_land_4185,Calen caranion
me_land_4186,Gornakh Cleft
me_land_4187,Celon caranion
me_land_4188,Grishnakh Cleft
me_land_4189,Krimpnakh Cleft
me_land_4190,Nim caranion
me_land_4191,Umrur Oasis
me_land_4192,Amon duinion
me_land_4193,Dol duinion
me_land_4194,Drazesh Camp
me_land_4195,Driftwater Sound
me_land_4196,Lugnakh Cleft
me_land_4197,Eithel duinion
me_land_4198,Zarur Oasis
me_land_4199,Mauhnakh Cleft
me_land_4200,Azrabad Wells
me_land_4201,Emyn duinion
me_land_4202,Muzgnakh Cleft
me_land_4203,Uldad Steppe
me_land_4204,Imlad duinion
me_land_4205,Bahrabad Wells
me_land_4206,Minas duinion
me_land_4207,Frostwater Sound
me_land_4208,Darabad Wells
me_land_4209,Icewater Sound
me_land_4210,Nazgnakh Cleft
me_land_4211,Ost duinion
me_land_4212,Wainad Steppe
me_land_4213,Northwater Sound
me_land_4214,Farabad Wells
me_land_4215,Gharesh Camp
me_land_4216,Taur duinion
me_land_4217,Bar duinion
me_land_4218,Calen duinion
me_land_4219,Beaconwater End
me_land_4220,Zorad Steppe
me_land_4221,Skainakh Cleft
me_land_4222,Palewater Sound
me_land_4223,Hadrabad Wells
me_land_4224,Blackwater End
me_land_4225,Kandesh Camp
me_land_4226,Sealwater Sound
me_land_4227,Bramblewater End
me_land_4228,Kharabad Wells
me_land_4229,Celon duinion
me_land_4230,Nim duinion
me_land_4231,Bucklandwater End
me_land_4232,Amon falasion
me_land_4233,Uglnakh Cleft
me_land_4234,Balar Steppe
me_land_4235,Uruknakh Cleft
me_land_4236,Gamilkibil
me_land_4237,Cedarwater End
me_land_4238,Mahrabad Wells
me_land_4239,Borar Steppe
me_land_4240,Dol falasion
me_land_4241,Ravenness
me_land_4242,Deepwater End
me_land_4243,Forochel Camp
me_land_4244,Eithel falasion
me_land_4245,Emyn falasion
me_land_4246,Gathar Steppe
me_land_4247,Eastwater End
me_land_4248,Narabad Wells
me_land_4249,Gatholkibil
me_land_4250,Redness
me_land_4251,Karmar Steppe
me_land_4252,Greenwater End
me_land_4253,Qasabad Wells
me_land_4254,Westness
me_land_4255,Greywater End
me_land_4256,Ashshak Cleft
me_land_4257,Rakhabad Wells
me_land_4258,Khazesh Camp
me_land_4259,Imlad falasion
me_land_4260,Azgshak Cleft
me_land_4261,Minas falasion
me_land_4262,Ost falasion
me_land_4263,Khurar Steppe
me_land_4264,Snowwater Sound
me_land_4265,Taur falasion
me_land_4266,Longwater End
me_land_4267,Lodar Steppe
me_land_4268,Narar Steppe
me_land_4269,Bar falasion
me_land_4270,Sahrabad Wells
me_land_4271,Iron Hills
me_land_4272,Rhovar Steppe
me_land_4273,Khoresh Camp
me_land_4274,Sagar Steppe
me_land_4275,Sharar Steppe
me_land_4276,Tazabad Wells
me_land_4277,Boughbough
me_land_4278,Calen falasion
me_land_4279,Amberstead
me_land_4280,Blackshak Cleft
me_land_4281,Uldar Steppe
me_land_4282,Celon falasion
me_land_4283,Wainar Steppe
me_land_4284,Nim falasion
me_land_4285,Gundkibil
me_land_4286,Northwater End
me_land_4287,Burzshak Cleft
me_land_4288,Oakwater End
me_land_4289,Dushshak Cleft
me_land_4290,Amon galenion
me_land_4291,Ruzesh Camp
me_land_4292,Zorar Steppe
me_land_4293,Southwater End
me_land_4294,Balath Steppe
me_land_4295,Borath Steppe
me_land_4296,Stonewater End
me_land_4297,Dol galenion
me_land_4298,Bardstead
me_land_4299,Eithel galenion
me_land_4300,Starwater Sound
me_land_4301,Umrabad Wells
me_land_4302,Skarnesh Camp
me_land_4303,Gathath Steppe
me_land_4304,Westwater End
me_land_4305,Khazkibil
me_land_4306,Emyn galenion
me_land_4307,Whitewater Sound
me_land_4308,Winterwater Sound
me_land_4309,Alderwood End
me_land_4310,Grimseld
me_land_4311,Coldbay Waste
me_land_4312,Karmath Steppe
me_land_4313,Imlad galenion
me_land_4314,Zarabad Wells
me_land_4315,Ashwood End
me_land_4316,Minas galenion
me_land_4317,Driftbay Waste
me_land_4318,Khurath Steppe
me_land_4319,Barrowwood End
me_land_4320,Ost galenion
me_land_4321,Lodath Steppe
me_land_4322,Frostbay Waste
me_land_4323,Bellstead
me_land_4324,Taur galenion
me_land_4325,Narath Steppe
me_land_4326,Azrahir Wells
me_land_4327,Icebay Waste
me_land_4328,Stonemead
me_land_4329,Bahrahir Wells
me_land_4330,Ghashshak Cleft
me_land_4331,Gorshak Cleft
me_land_4332,Beaconwood End
me_land_4333,Blackwood End
me_land_4334,Bar galenion
me_land_4335,Bramblewood End
me_land_4336,Bucklandwood End
me_land_4337,Darahir Wells
me_land_4338,Grishshak Cleft
me_land_4339,Rhovath Steppe
me_land_4340,Krimpshak Cleft
me_land_4341,Lugshak Cleft
me_land_4342,Northbay Waste
me_land_4343,Palebay Waste
me_land_4344,Farahir Wells
me_land_4345,Targesh Camp
me_land_4346,Calen galenion
me_land_4347,Mauhshak Cleft
me_land_4348,Hadrahir Wells
me_land_4349,Cedarwood End
me_land_4350,Muzgshak Cleft
me_land_4351,Celon galenion
me_land_4352,Varkesh Camp
me_land_4353,Sagath Steppe
me_land_4354,Thistlecroft
me_land_4355,Deepwood End
me_land_4356,Nim galenion
me_land_4357,Sharath Steppe
me_land_4358,Amon gondion
me_land_4359,Dol gondion
me_land_4360,Nazgshak Cleft
me_land_4361,Skaishak Cleft
me_land_4362,Eithel gondion
me_land_4363,Kharahir Wells
me_land_4364,Eastwood End
me_land_4365,Emyn gondion
me_land_4366,Bowstead
me_land_4367,Willowcroft
me_land_4368,Greenwood End
me_land_4369,Greywood End
me_land_4370,Sealbay Waste
me_land_4371,Zandesh Camp
me_land_4372,Longwood End
me_land_4373,Imlad gondion
me_land_4374,Snowbay Waste
me_land_4375,Minas gondion
me_land_4376,Starbay Waste
me_land_4377,Uldath Steppe
me_land_4378,Ost gondion
me_land_4379,Uglshak Cleft
me_land_4380,Shelob's Lair
me_land_4381,Mahrahir Wells
me_land_4382,Whitebay Waste
me_land_4383,Wainath Steppe
me_land_4384,Narahir Wells
me_land_4385,Winterbay Waste
me_land_4386,Zorath Steppe
me_land_4387,Coldcamp Waste
me_land_4388,The Angle
me_land_4389,Driftcamp Waste
me_land_4390,The Old Forest
me_land_4391,Northwood End
me_land_4392,Taur gondion
me_land_4393,Balen Steppe
me_land_4394,Qasahir Wells
me_land_4395,Rakhahir Wells
me_land_4396,Sahrahir Wells
me_land_4397,Boren Steppe
me_land_4398,Frostcamp Waste
me_land_4399,Gathen Steppe
me_land_4400,Karmen Steppe
me_land_4401,Urukshak Cleft
me_land_4402,Bar gondion
me_land_4403,Ashsnaga Cleft
me_land_4404,Calen gondion
me_land_4405,Tazahir Wells
me_land_4406,Icecamp Waste
me_land_4407,Northcamp Waste
me_land_4408,Oakwood End
me_land_4409,Southwood End
me_land_4410,Khuren Steppe
me_land_4411,Palecamp Waste
me_land_4412,Arzor Camp
me_land_4413,Balkor Camp
me_land_4414,Umrahir Wells
me_land_4415,Stonewood End
me_land_4416,Zarahir Wells
me_land_4417,Sealcamp Waste
me_land_4418,Loden Steppe
me_land_4419,Snowcamp Waste
me_land_4420,Celon gondion
me_land_4421,Drazor Camp
me_land_4422,Naren Steppe
me_land_4423,Valemead
me_land_4424,Kheledkibil
me_land_4425,Celduinstead
me_land_4426,Rhoven Steppe
me_land_4427,Helmseld
me_land_4428,Nim gondion
me_land_4429,Westwood End
me_land_4430,Amon lothion
me_land_4431,Dol lothion
me_land_4432,Eithel lothion
me_land_4433,Nargkibil
me_land_4434,Starcamp Waste
me_land_4435,Elmbough
me_land_4436,Alderbank Fold
me_land_4437,Gharor Camp
me_land_4438,Azramar Wells
me_land_4439,Emyn lothion
me_land_4440,Heruseld
me_land_4441,Imlad lothion
me_land_4442,Bahramar Wells
me_land_4443,Ashbank Fold
me_land_4444,Léodseld
me_land_4445,Sagen Steppe
me_land_4446,Daramar Wells
me_land_4447,Whitecamp Waste
me_land_4448,Dalestead
me_land_4449,Wintercamp Waste
me_land_4450,Coldfell Waste
me_land_4451,Driftfell Waste
me_land_4452,Sharen Steppe
me_land_4453,Minas lothion
me_land_4454,Ost lothion
me_land_4455,Taur lothion
me_land_4456,Ulden Steppe
me_land_4457,Faramar Wells
me_land_4458,Wainen Steppe
me_land_4459,Bar lothion
me_land_4460,Azgsnaga Cleft
me_land_4461,Barrowbank Fold
me_land_4462,Calen lothion
me_land_4463,Blacksnaga Cleft
me_land_4464,Beaconbank Fold
me_land_4465,Celon lothion
me_land_4466,Burzsnaga Cleft
me_land_4467,Hadramar Wells
me_land_4468,Dushsnaga Cleft
me_land_4469,Esgarstead
me_land_4470,Nim lothion
me_land_4471,Amon mornion
me_land_4472,Dol mornion
me_land_4473,Eithel mornion
me_land_4474,Blackbank Fold
me_land_4475,Bramblebank Fold
me_land_4476,Ghashsnaga Cleft
me_land_4477,Kharamar Wells
me_land_4478,Bucklandbank Fold
me_land_4479,Mahramar Wells
me_land_4480,Kandor Camp
me_land_4481,Zoren Steppe
me_land_4482,Khazor Camp
me_land_4483,Emyn mornion
me_land_4484,Gorsnaga Cleft
me_land_4485,Naramar Wells
me_land_4486,Qasamar Wells
me_land_4487,Khoror Camp
me_land_4488,Imlad mornion
me_land_4489,Sharkibil
me_land_4490,Frostfell Waste
me_land_4491,Minas mornion
me_land_4492,Balod Steppe
me_land_4493,Grishsnaga Cleft
me_land_4494,Cedarbank Fold
me_land_4495,Krimpsnaga Cleft
me_land_4496,Lugsnaga Cleft
me_land_4497,Rakhamar Wells
me_land_4498,Sahramar Wells
me_land_4499,Tazamar Wells
me_land_4500,Umramar Wells
me_land_4501,Ost mornion
me_land_4502,Mauhsnaga Cleft
me_land_4503,Muzgsnaga Cleft
me_land_4504,Zaramar Wells
me_land_4505,Deepbank Fold
me_land_4506,Azran Wells
me_land_4507,Bahran Wells
me_land_4508,Nazgsnaga Cleft
me_land_4509,Kingstead
me_land_4510,Skaisnaga Cleft
me_land_4511,Eastbank Fold
me_land_4512,Taur mornion
me_land_4513,Greenbank Fold
me_land_4514,Uglsnaga Cleft
me_land_4515,Daran Wells
me_land_4516,Faran Wells
me_land_4517,Icefell Waste
me_land_4518,Ruzor Camp
me_land_4519,Hadran Wells
me_land_4520,Bar mornion
me_land_4521,Calen mornion
me_land_4522,Northfell Waste
me_land_4523,Celon mornion
me_land_4524,Nim mornion
me_land_4525,Uruksnaga Cleft
me_land_4526,Borod Steppe
me_land_4527,Amon nenion
me_land_4528,Lakestead
me_land_4529,Dol nenion
me_land_4530,Greybank Fold
me_land_4531,Longbank Fold
me_land_4532,Ravenstead
me_land_4533,Palefell Waste
me_land_4534,Ashzagh Cleft
me_land_4535,Northbank Fold
me_land_4536,Redstead
me_land_4537,Sealfell Waste
me_land_4538,Kharan Wells
me_land_4539,Eithel nenion
me_land_4540,Emyn nenion
me_land_4541,Gathod Steppe
me_land_4542,Mahran Wells
me_land_4543,Skarnor Camp
me_land_4544,Karmod Steppe
me_land_4545,Khurod Steppe
me_land_4546,Lodod Steppe
me_land_4547,Oakbank Fold
me_land_4548,Targor Camp
me_land_4549,Southbank Fold
me_land_4550,Azgzagh Cleft
me_land_4551,Blackzagh Cleft
me_land_4552,Burzzagh Cleft
me_land_4553,Dushzagh Cleft
me_land_4554,Narod Steppe
me_land_4555,Ghashzagh Cleft
me_land_4556,Rhovod Steppe
me_land_4557,Imlad nenion
me_land_4558,Sagod Steppe
me_land_4559,Snowfell Waste
me_land_4560,Minas nenion
me_land_4561,Ost nenion
me_land_4562,Varkor Camp
me_land_4563,Sharod Steppe
me_land_4564,Gorzagh Cleft
me_land_4565,Taur nenion
me_land_4566,Starfell Waste
me_land_4567,Bar nenion
me_land_4568,Stonebank Fold
me_land_4569,Calen nenion
me_land_4570,Uldod Steppe
me_land_4571,Westbank Fold
me_land_4572,Zandor Camp
me_land_4573,Ridseld
me_land_4574,Grishzagh Cleft
me_land_4575,Amberstrand
me_land_4576,Thengelseld
me_land_4577,Wainod Steppe
me_land_4578,Krimpzagh Cleft
me_land_4579,Lugzagh Cleft
me_land_4580,Mauhzagh Cleft
me_land_4581,Zorod Steppe
me_land_4582,Celon nenion
me_land_4583,Nim nenion
me_land_4584,Woldseld
me_land_4585,Amon rathion
me_land_4586,Dol rathion
me_land_4587,Zigilkibil
me_land_4588,Alderbourne Fold
me_land_4589,Eithel rathion
me_land_4590,Naran Wells
me_land_4591,Balor Steppe
me_land_4592,Qasan Wells
me_land_4593,Ashbourne Fold
me_land_4594,Whitefell Waste
me_land_4595,Boror Steppe
me_land_4596,Rakhan Wells
me_land_4597,Aldstede
me_land_4598,Winterfell Waste
me_land_4599,Muzgzagh Cleft
me_land_4600,Emyn rathion
me_land_4601,Barrowbourne Fold
me_land_4602,Nazgzagh Cleft
me_land_4603,Skaizagh Cleft
me_land_4604,Uglzagh Cleft
me_land_4605,Coldfloe Waste
me_land_4606,Imlad rathion
me_land_4607,Beaconbourne Fold
me_land_4608,Minas rathion
me_land_4609,Beorstede
me_land_4610,Gathor Steppe
me_land_4611,Blackbourne Fold
me_land_4612,Bardstrand
me_land_4613,Sahran Wells
me_land_4614,Bregostede
me_land_4615,Karmor Steppe
me_land_4616,Khuror Steppe
me_land_4617,Ost rathion
me_land_4618,Arzuk Camp
me_land_4619,Balkuk Camp
me_land_4620,Lodor Steppe
me_land_4621,Urukzagh Cleft
me_land_4622,Bramblebourne Fold
me_land_4623,Ashbag Den
me_land_4624,Taur rathion
me_land_4625,Azgbag Den
me_land_4626,Appledelving
me_land_4627,Tazan Wells
me_land_4628,Driftfloe Waste
me_land_4629,Ceorlstede
me_land_4630,Frostfloe Waste
me_land_4631,Umran Wells
me_land_4632,Bar rathion
me_land_4633,Bucklandbourne Fold
me_land_4634,Icefloe Waste
me_land_4635,Cedarbourne Fold
me_land_4636,Déorstede
me_land_4637,Naror Steppe
me_land_4638,Brambledelving
me_land_4639,Zaran Wells
me_land_4640,Deepbourne Fold
me_land_4641,Rhovor Steppe
me_land_4642,Blackbag Den
me_land_4643,Burzbag Den
me_land_4644,Azannâla
me_land_4645,Azrara Wells
me_land_4646,Sagor Steppe
me_land_4647,Calen rathion
me_land_4648,Celon rathion
me_land_4649,Dushbag Den
me_land_4650,Eastbourne Fold
me_land_4651,Ghashbag Den
me_land_4652,Gorbag Den
me_land_4653,Greenbourne Fold
me_land_4654,Greybourne Fold
me_land_4655,Nim rathion
me_land_4656,Amon sarnion
me_land_4657,Longbourne Fold
me_land_4658,Dol sarnion
me_land_4659,Browndelving
me_land_4660,Grishbag Den
me_land_4661,Drazuk Camp
me_land_4662,Eithel sarnion
me_land_4663,Northfloe Waste
me_land_4664,Butterdelving
me_land_4665,Palefloe Waste
me_land_4666,Bahrara Wells
me_land_4667,Northbourne Fold
me_land_4668,Sharor Steppe
me_land_4669,Uldor Steppe
me_land_4670,Wainor Steppe
me_land_4671,Darara Wells
me_land_4672,Oakbourne Fold
me_land_4673,Emyn sarnion
me_land_4674,Baraznâla
me_land_4675,Zoror Steppe
me_land_4676,Balun Steppe
me_land_4677,Borun Steppe
me_land_4678,Bizarnâla
me_land_4679,Imlad sarnion
me_land_4680,Gathun Steppe
me_land_4681,Krimpbag Den
me_land_4682,Karmun Steppe
me_land_4683,Minas sarnion
me_land_4684,Khurun Steppe
me_land_4685,Sealfloe Waste
me_land_4686,Southbourne Fold
me_land_4687,Cloverdelving
me_land_4688,Lugbag Den
me_land_4689,Farara Wells
me_land_4690,Lodun Steppe
me_land_4691,Mauhbag Den
me_land_4692,Narun Steppe
me_land_4693,Ost sarnion
me_land_4694,Rhovun Steppe
me_land_4695,Taur sarnion
me_land_4696,Muzgbag Den
me_land_4697,Hadrara Wells
me_land_4698,Kharara Wells
me_land_4699,Nazgbag Den
me_land_4700,Bar sarnion
me_land_4701,Snowfloe Waste
me_land_4702,Sagun Steppe
me_land_4703,Skaibag Den
me_land_4704,Stonebourne Fold
me_land_4705,Westbourne Fold
me_land_4706,Starfloe Waste
me_land_4707,Whitefloe Waste
me_land_4708,Uglbag Den
me_land_4709,Urukbag Den
me_land_4710,Mahrara Wells
me_land_4711,Calen sarnion
me_land_4712,Alderbridge Fold
me_land_4713,Ashburz Den
me_land_4714,Ashbridge Fold
me_land_4715,Celon sarnion
me_land_4716,Sharun Steppe
me_land_4717,Winterfloe Waste
me_land_4718,Coldhaven Waste
me_land_4719,Uldun Steppe
me_land_4720,Azgburz Den
me_land_4721,Eorlstede
me_land_4722,Narara Wells
me_land_4723,Drifthaven Waste
me_land_4724,Wainun Steppe
me_land_4725,Nurn
me_land_4726,Nim sarnion
me_land_4727,Zorun Steppe
me_land_4728,Barrowbridge Fold
me_land_4729,Blackburz Den
me_land_4730,Beaconbridge Fold
me_land_4731,Balur Steppe
me_land_4732,Qasara Wells
me_land_4733,Amon thoronion
me_land_4734,Rakhara Wells
me_land_4735,Dol thoronion
me_land_4736,Dimpledelving
me_land_4737,Burzburz Den
me_land_4738,Blackbridge Fold
me_land_4739,Eithel thoronion
me_land_4740,Bramblebridge Fold
me_land_4741,Dushburz Den
me_land_4742,Emyn thoronion
me_land_4743,Frosthaven Waste
me_land_4744,Icehaven Waste
me_land_4745,Ghashburz Den
me_land_4746,Sahrara Wells
me_land_4747,Folcstede
me_land_4748,Imlad thoronion
me_land_4749,Minas thoronion
me_land_4750,Gorburz Den
me_land_4751,Ost thoronion
me_land_4752,Gharuk Camp
me_land_4753,Grishburz Den
me_land_4754,Borur Steppe
me_land_4755,Tazara Wells
me_land_4756,Kanduk Camp
me_land_4757,Gathur Steppe
me_land_4758,Northhaven Waste
me_land_4759,Karmur Steppe
me_land_4760,Ferndelving
me_land_4761,Taur thoronion
me_land_4762,Krimpburz Den
me_land_4763,Haydelving
me_land_4764,Umrara Wells
me_land_4765,Bar thoronion
me_land_4766,Lugburz Den
me_land_4767,Framstede
me_land_4768,Calen thoronion
me_land_4769,Zarara Wells
me_land_4770,Mauhburz Den
me_land_4771,Bucklandbridge Fold
me_land_4772,Celon thoronion
me_land_4773,Nim thoronion
me_land_4774,Amon adarlad
me_land_4775,Muzgburz Den
me_land_4776,Nazgburz Den
me_land_4777,Azrasir Wells
me_land_4778,Dol adarlad
me_land_4779,Eithel adarlad
me_land_4780,Skaiburz Den
me_land_4781,Bahrasir Wells
me_land_4782,Emyn adarlad
me_land_4783,Bundnâla
me_land_4784,Khurur Steppe
me_land_4785,Uglburz Den
me_land_4786,Imlad adarlad
me_land_4787,Minas adarlad
me_land_4788,Cedarbridge Fold
me_land_4789,Palehaven Waste
me_land_4790,Darasir Wells
me_land_4791,Ost adarlad
me_land_4792,Khazuk Camp
me_land_4793,Grimstede
me_land_4794,Urukburz Den
me_land_4795,Lodur Steppe
me_land_4796,Taur adarlad
me_land_4797,Farasir Wells
me_land_4798,Narur Steppe
me_land_4799,Rhovur Steppe
me_land_4800,Bar adarlad
me_land_4801,Hadrasir Wells
me_land_4802,Ashdûr Den
me_land_4803,Kharasir Wells
me_land_4804,Calen adarlad
me_land_4805,Celon adarlad
me_land_4806,Sagur Steppe
me_land_4807,Nim adarlad
me_land_4808,Amon aellad
me_land_4809,Mahrasir Wells
me_land_4810,Gladden Fields
me_land_4811,Azgdûr Den
me_land_4812,Deepbridge Fold
me_land_4813,Dol aellad
me_land_4814,Blackdûr Den
me_land_4815,Narasir Wells
me_land_4816,Eithel aellad
me_land_4817,Sharur Steppe
me_land_4818,Uldur Steppe
me_land_4819,Emyn aellad
me_land_4820,Qasasir Wells
me_land_4821,Wainur Steppe
me_land_4822,Zorur Steppe
me_land_4823,Rakhasir Wells
me_land_4824,Firbough
me_land_4825,Imlad aellad
me_land_4826,Burzdûr Den
me_land_4827,Minas aellad
me_land_4828,Ost aellad
me_land_4829,Sealhaven Waste
me_land_4830,Taur aellad
me_land_4831,Snowhaven Waste
me_land_4832,Eastbridge Fold
me_land_4833,Starhaven Waste
me_land_4834,Bar aellad
me_land_4835,Sahrasir Wells
me_land_4836,Calen aellad
me_land_4837,Tazasir Wells
me_land_4838,Greenbridge Fold
me_land_4839,Celon aellad
me_land_4840,Khoruk Camp
me_land_4841,Bellstrand
me_land_4842,Umrasir Wells
me_land_4843,Zarasir Wells
me_land_4844,Bowstrand
me_land_4845,Azrem Wells
me_land_4846,Dushdûr Den
me_land_4847,Nim aellad
me_land_4848,Balach of Balach
me_land_4849,Bahrem Wells
me_land_4850,Amon annonlad
me_land_4851,Greybridge Fold
me_land_4852,Borach of Balach
me_land_4853,Dol annonlad
me_land_4854,Ruzuk Camp
me_land_4855,Longbridge Fold
me_land_4856,Eithel annonlad
me_land_4857,Northbridge Fold
me_land_4858,Whitehaven Waste
me_land_4859,Ghashdûr Den
me_land_4860,Gathach of Balach
me_land_4861,Karmach of Balach
me_land_4862,Oakbridge Fold
me_land_4863,Darem Wells
me_land_4864,Emyn annonlad
me_land_4865,Southbridge Fold
me_land_4866,Hazeldelving
me_land_4867,Skarnuk Camp
me_land_4868,Stonebridge Fold
me_land_4869,Westbridge Fold
me_land_4870,Khurach of Balach
me_land_4871,Imlad annonlad
me_land_4872,Winterhaven Waste
me_land_4873,Dumnâla
me_land_4874,Lodach of Balach
me_land_4875,Farem Wells
me_land_4876,Feleknâla
me_land_4877,Hollydelving
me_land_4878,Minas annonlad
me_land_4879,Gamilnâla
me_land_4880,Leafbough
me_land_4881,Alderbrook Fold
me_land_4882,Hadrem Wells
me_land_4883,Ost annonlad
me_land_4884,Taur annonlad
me_land_4885,Bar annonlad
me_land_4886,Coldmere Waste
me_land_4887,Narach of Balach
me_land_4888,Kharem Wells
me_land_4889,Mahrem Wells
me_land_4890,Rhovach of Balach
me_land_4891,Narem Wells
me_land_4892,Sagach of Balach
me_land_4893,Calen annonlad
me_land_4894,Celduinstrand
me_land_4895,Targuk Camp
me_land_4896,Ashbrook Fold
me_land_4897,Celon annonlad
me_land_4898,Driftmere Waste
me_land_4899,Qasem Wells
me_land_4900,Gordûr Den
me_land_4901,Nim annonlad
me_land_4902,Grishdûr Den
me_land_4903,Frostmere Waste
me_land_4904,Rakhem Wells
me_land_4905,Barrowbrook Fold
me_land_4906,Icemere Waste
me_land_4907,Sharach of Balach
me_land_4908,Sahrem Wells
me_land_4909,Varkuk Camp
me_land_4910,Krimpdûr Den
me_land_4911,Zanduk Camp
me_land_4912,Tazem Wells
me_land_4913,Beaconbrook Fold
me_land_4914,Umrem Wells
me_land_4915,Lugdûr Den
me_land_4916,Blackbrook Fold
me_land_4917,Amon bellad
me_land_4918,Amon Hen
me_land_4919,Uldach of Balach
me_land_4920,Bramblebrook Fold
me_land_4921,Zarem Wells
me_land_4922,Azresh Wells
me_land_4923,Bahresh Wells
me_land_4924,Northmere Waste
me_land_4925,Dol bellad
me_land_4926,Wainach of Balach
me_land_4927,Zorach of Balach
me_land_4928,Dalestrand
me_land_4929,Eithel bellad
me_land_4930,Balad of Balach
me_land_4931,Bucklandbrook Fold
me_land_4932,Cedarbrook Fold
me_land_4933,Eaststrand
me_land_4934,Arzun Camp
me_land_4935,Deepbrook Fold
me_land_4936,Daresh Wells
me_land_4937,Mauhdûr Den
me_land_4938,Borad of Balach
me_land_4939,Faresh Wells
me_land_4940,Emyn bellad
me_land_4941,Hadresh Wells
me_land_4942,Gatholnâla
me_land_4943,Balkun Camp
me_land_4944,Palemere Waste
me_land_4945,Drazun Camp
me_land_4946,Helmstede
me_land_4947,Muzgdûr Den
me_land_4948,Eastbrook Fold
me_land_4949,Nazgdûr Den
me_land_4950,Esgarstrand
me_land_4951,Gathad of Balach
me_land_4952,Sealmere Waste
me_land_4953,Kingstrand
me_land_4954,Gharun Camp
me_land_4955,Herustede
me_land_4956,Karmad of Balach
me_land_4957,Kandun Camp
me_land_4958,Kharesh Wells
me_land_4959,Imlad bellad
me_land_4960,Léodstede
me_land_4961,Khurad of Balach
me_land_4962,Mahresh Wells
me_land_4963,Lodad of Balach
me_land_4964,Lakestrand
me_land_4965,Skaidûr Den
me_land_4966,Snowmere Waste
me_land_4967,Ugldûr Den
me_land_4968,Narad of Balach
me_land_4969,Urukdûr Den
me_land_4970,Greenbrook Fold
me_land_4971,Naresh Wells
me_land_4972,Rhovad of Balach
me_land_4973,Sagad of Balach
me_land_4974,Minas bellad
me_land_4975,Greybrook Fold
me_land_4976,Ashfang Den
me_land_4977,Ost bellad
me_land_4978,Taur bellad
me_land_4979,Sharad of Balach
me_land_4980,Azgfang Den
me_land_4981,Uldad of Balach
me_land_4982,Blackfang Den
me_land_4983,Wainad of Balach
me_land_4984,Burzfang Den
me_land_4985,Longbrook Fold
me_land_4986,Khazun Camp
me_land_4987,Bar bellad
me_land_4988,Calen bellad
me_land_4989,Zorad of Balach
me_land_4990,Northbrook Fold
me_land_4991,Dushfang Den
me_land_4992,Longstrand
me_land_4993,Celon bellad
me_land_4994,Ghashfang Den
me_land_4995,Nim bellad
me_land_4996,Ridstede
me_land_4997,Amon bornlad
me_land_4998,Qasesh Wells
me_land_4999,Dol bornlad
me_land_5000,Northstrand
me_land_5001,Balar of Balach
me_land_5002,Borar of Balach
me_land_5003,Gorfang Den
me_land_5004,Gathar of Balach
me_land_5005,Grishfang Den
me_land_5006,Wildmead
me_land_5007,Eithel bornlad
me_land_5008,Emyn bornlad
me_land_5009,Rakhesh Wells
me_land_5010,Oakbrook Fold
me_land_5011,Khorun Camp
me_land_5012,Southbrook Fold
me_land_5013,Imlad bornlad
me_land_5014,Minas bornlad
me_land_5015,Starmere Waste
me_land_5016,Stonebrook Fold
me_land_5017,Sahresh Wells
me_land_5018,Ost bornlad
me_land_5019,Krimpfang Den
me_land_5020,Karmar of Balach
me_land_5021,Khurar of Balach
me_land_5022,Taur bornlad
me_land_5023,Lugfang Den
me_land_5024,Lodar of Balach
me_land_5025,Westbrook Fold
me_land_5026,Alderdown Fold
me_land_5027,Mauhfang Den
me_land_5028,Tazesh Wells
me_land_5029,Bar bornlad
me_land_5030,Calen bornlad
me_land_5031,Ruzun Camp
me_land_5032,Celon bornlad
me_land_5033,Narar of Balach
me_land_5034,Whitemere Waste
me_land_5035,Muzgfang Den
me_land_5036,Rhovar of Balach
me_land_5037,Nim bornlad
me_land_5038,Amon caranlad
me_land_5039,Nazgfang Den
me_land_5040,Dol caranlad
me_land_5041,Umresh Wells
me_land_5042,Eithel caranlad
me_land_5043,Wintermere Waste
me_land_5044,Ravenstrand
me_land_5045,Skaifang Den
me_land_5046,Emyn caranlad
me_land_5047,Merrydelving
me_land_5048,Sagar of Balach
me_land_5049,Uglfang Den
me_land_5050,Imlad caranlad
me_land_5051,Coldpoint Waste
me_land_5052,Minas caranlad
me_land_5053,Sharar of Balach
me_land_5054,Skarnun Camp
me_land_5055,Ashdown Fold
me_land_5056,Barrowdown Fold
me_land_5057,Zaresh Wells
me_land_5058,Ost caranlad
me_land_5059,Taur caranlad
me_land_5060,Beacondown Fold
me_land_5061,Blackdown Fold
me_land_5062,Urukfang Den
me_land_5063,Ashgash Den
me_land_5064,Bar caranlad
me_land_5065,Azrim Wells
me_land_5066,Bahrim Wells
me_land_5067,Driftpoint Waste
me_land_5068,Azggash Den
me_land_5069,Uldar of Balach
me_land_5070,Calen caranlad
me_land_5071,Celon caranlad
me_land_5072,Nim caranlad
me_land_5073,Amon duinlad
me_land_5074,Wainar of Balach
me_land_5075,Brambledown Fold
me_land_5076,Darim Wells
me_land_5077,Dol duinlad
me_land_5078,Bucklanddown Fold
me_land_5079,Thengelstede
me_land_5080,Mossdelving
me_land_5081,Zorar of Balach
me_land_5082,Gundnâla
me_land_5083,Eithel duinlad
me_land_5084,Frostpoint Waste
me_land_5085,Khaznâla
me_land_5086,Balath of Balach
me_land_5087,Blackgash Den
me_land_5088,Nutdelving
me_land_5089,Burzgash Den
me_land_5090,Emyn duinlad
me_land_5091,Cedardown Fold
me_land_5092,Deepdown Fold
me_land_5093,Dushgash Den
me_land_5094,Rushdelving
me_land_5095,Icepoint Waste
me_land_5096,Khelednâla
me_land_5097,Ghashgash Den
me_land_5098,Imlad duinlad
me_land_5099,Eastdown Fold
me_land_5100,Borath of Balach
me_land_5101,Minas duinlad
me_land_5102,Ost duinlad
me_land_5103,Greendown Fold
me_land_5104,Taur duinlad
me_land_5105,Bar duinlad
me_land_5106,Gathath of Balach
me_land_5107,Gorgash Den
me_land_5108,Calen duinlad
me_land_5109,Farim Wells
me_land_5110,Celon duinlad
me_land_5111,Nim duinlad
me_land_5112,Thistledelving
me_land_5113,Amon falaslad
me_land_5114,Dol falaslad
me_land_5115,Woldstede
me_land_5116,Greydown Fold
me_land_5117,Northpoint Waste
me_land_5118,Karmath of Balach
me_land_5119,Targun Camp
me_land_5120,Longdown Fold
me_land_5121,Grishgash Den
me_land_5122,Khurath of Balach
me_land_5123,Aldwæd
me_land_5124,Eithel falaslad
me_land_5125,Willowdelving
me_land_5126,Varkun Camp
me_land_5127,Emyn falaslad
me_land_5128,Palepoint Waste
me_land_5129,Hadrim Wells
me_land_5130,Redstrand
me_land_5131,Imlad falaslad
me_land_5132,Applefold
me_land_5133,Krimpgash Den
me_land_5134,Lodath of Balach
me_land_5135,Minas falaslad
me_land_5136,Ost falaslad
me_land_5137,Beorwæd
me_land_5138,Taur falaslad
me_land_5139,Bregowæd
me_land_5140,Nargnâla
me_land_5141,Kharim Wells
me_land_5142,Narath of Balach
me_land_5143,Bar falaslad
me_land_5144,Rhovath of Balach
me_land_5145,Weststrand
me_land_5146,Sharnâla
me_land_5147,Northdown Fold
me_land_5148,Calen falaslad
me_land_5149,Sagath of Balach
me_land_5150,Celon falaslad
me_land_5151,Luggash Den
me_land_5152,Nim falaslad
me_land_5153,Oakdown Fold
me_land_5154,Sharath of Balach
me_land_5155,Mauhgash Den
me_land_5156,Muzggash Den
me_land_5157,Uldath of Balach
me_land_5158,Mahrim Wells
me_mountain_0001,Coldbay Heights
me_mountain_0002,Ashbag Heights
me_mountain_0003,Driftbay Heights
me_mountain_0004,Frostbay Heights
me_mountain_0005,Icebay Heights
me_mountain_0006,Azgbag Heights
me_mountain_0007,Northbay Heights
me_mountain_0008,Palebay Heights
me_mountain_0009,Sealbay Heights
me_mountain_0010,Blackbag Heights
me_mountain_0011,Ered Amon adarath
me_mountain_0012,Alderbank Heights
me_mountain_0013,Ashbank Heights
me_mountain_0014,Ered Dol adarath
me_mountain_0015,Barrowbank Heights
me_mountain_0016,Beaconbank Heights
me_mountain_0017,Blackbank Heights
me_mountain_0018,Ered Eithel adarath
me_mountain_0019,Bramblebank Heights
me_mountain_0020,Ered Emyn adarath
me_mountain_0021,Ered Imlad adarath
me_mountain_0022,Ered Minas adarath
me_mountain_0023,Bucklandbank Heights
me_mountain_0024,Cedarbank Heights
me_mountain_0025,Deepbank Heights
me_mountain_0026,Eastbank Heights
me_mountain_0027,Greenbank Heights
me_mountain_0028,Greybank Heights
me_mountain_0029,Longbank Heights
me_mountain_0030,Northbank Heights
me_mountain_0031,Oakbank Heights
me_mountain_0032,Southbank Heights
me_mountain_0033,Stonebank Heights
me_mountain_0034,Westbank Heights
me_mountain_0035,Alderbourne Heights
me_mountain_0036,Ashbourne Heights
me_mountain_0037,Barrowbourne Heights
me_mountain_0038,Beaconbourne Heights
me_mountain_0039,Blackbourne Heights
me_mountain_0040,Balach Heights
me_mountain_0041,Bramblebourne Heights
me_mountain_0042,Bucklandbourne Heights
me_mountain_0043,Cedarbourne Heights
me_mountain_0044,Deepbourne Heights
me_mountain_0045,Aldberg Heights
me_mountain_0046,Beorberg Heights
me_mountain_0047,Bregoberg Heights
me_mountain_0048,Burzbag Heights
me_mountain_0049,Dushbag Heights
me_mountain_0050,Ghashbag Heights
me_mountain_0051,Gorbag Heights
me_mountain_0052,Grishbag Heights
me_mountain_0053,Krimpbag Heights
me_mountain_0054,Lugbag Heights
me_mountain_0055,Mauhbag Heights
me_mountain_0056,Muzgbag Heights
me_mountain_0057,Nazgbag Heights
me_mountain_0058,Skaibag Heights
me_mountain_0059,Uglbag Heights
me_mountain_0060,Ered Ost adarath
me_mountain_0061,Urukbag Heights
me_mountain_0062,Ceorlberg Heights
me_mountain_0063,Eastbourne Heights
me_mountain_0064,Déorberg Heights
me_mountain_0065,Greenbourne Heights
me_mountain_0066,Greybourne Heights
me_mountain_0067,Eorlberg Heights
me_mountain_0068,Ered Taur adarath
me_mountain_0069,Ered Bar adarath
me_mountain_0070,Ered Calen adarath
me_mountain_0071,Ered Celon adarath
me_mountain_0072,Ashburz Heights
me_mountain_0073,Ered Nim adarath
me_mountain_0074,Ered Amon aelath
me_mountain_0075,Ered Dol aelath
me_mountain_0076,Ered Eithel aelath
me_mountain_0077,Ered Emyn aelath
me_mountain_0078,Ered Imlad aelath
me_mountain_0079,Azgburz Heights
me_mountain_0080,Ered Minas aelath
me_mountain_0081,Ered Ost aelath
me_mountain_0082,Blackburz Heights
me_mountain_0083,Ered Taur aelath
me_mountain_0084,Ered Bar aelath
me_mountain_0085,Ered Calen aelath
me_mountain_0086,Ered Celon aelath
me_mountain_0087,Ered Nim aelath
me_mountain_0088,Ered Amon annonath
me_mountain_0089,Ered Dol annonath
me_mountain_0090,Ered Eithel annonath
me_mountain_0091,Burzburz Heights
me_mountain_0092,Ered Emyn annonath
me_mountain_0093,Ered Imlad annonath
me_mountain_0094,Dushburz Heights
me_mountain_0095,Ered Minas annonath
me_mountain_0096,Ered Ost annonath
me_mountain_0097,Ghashburz Heights
me_mountain_0098,Ered Taur annonath
me_mountain_0099,Ered Bar annonath
me_mountain_0100,Ered Calen annonath
me_mountain_0101,Ered Celon annonath
me_mountain_0102,Ered Nim annonath
me_mountain_0103,Azrabad Heights
me_mountain_0104,Bahrabad Heights
me_mountain_0105,Darabad Heights
me_mountain_0106,Ered Amon belath
me_mountain_0107,Longbourne Heights
me_mountain_0108,Ered Dol belath
me_mountain_0109,Snowbay Heights
me_mountain_0110,Folcberg Heights
me_mountain_0111,Ered Eithel belath
me_mountain_0112,Starbay Heights
me_mountain_0113,Northbourne Heights
me_mountain_0114,Ered Emyn belath
me_mountain_0115,Oakbourne Heights
me_mountain_0116,Whitebay Heights
me_mountain_0117,Gorburz Heights
me_mountain_0118,Framberg Heights
me_mountain_0119,Winterbay Heights
me_mountain_0120,Southbourne Heights
me_mountain_0121,Coldcamp Heights
me_mountain_0122,Stonebourne Heights
me_mountain_0123,Westbourne Heights
me_mountain_0124,Ered Imlad belath
me_mountain_0125,Grimberg Heights
me_mountain_0126,Ered Minas belath
me_mountain_0127,Alderbridge Heights
me_mountain_0128,Ashbridge Heights
me_mountain_0129,Ered Ost belath
me_mountain_0130,Helmberg Heights
me_mountain_0131,Driftcamp Heights
me_mountain_0132,Frostcamp Heights
me_mountain_0133,Ered Taur belath
me_mountain_0134,Ered Bar belath
me_mountain_0135,Icecamp Heights
me_mountain_0136,Ered Calen belath
me_mountain_0137,Grishburz Heights
me_mountain_0138,Ered Celon belath
me_mountain_0139,Barrowbridge Heights
me_mountain_0140,Northcamp Heights
me_mountain_0141,Ered Nim belath
me_mountain_0142,Palecamp Heights
me_mountain_0143,Beaconbridge Heights
me_mountain_0144,Krimpburz Heights
me_mountain_0145,Sealcamp Heights
me_mountain_0146,Blackbridge Heights
me_mountain_0147,Ered Amon bornath
me_mountain_0148,Arzak Heights
me_mountain_0149,Ered Dol bornath
me_mountain_0150,Balkak Heights
me_mountain_0151,Snowcamp Heights
me_mountain_0152,Ered Eithel bornath
me_mountain_0153,Azanabad Heights
me_mountain_0154,Starcamp Heights
me_mountain_0155,Bramblebridge Heights
me_mountain_0156,Whitecamp Heights
me_mountain_0157,Wintercamp Heights
me_mountain_0158,Coldfell Heights
me_mountain_0159,Driftfell Heights
me_mountain_0160,Frostfell Heights
me_mountain_0161,Ered Emyn bornath
me_mountain_0162,Heruberg Heights
me_mountain_0163,Ered Imlad bornath
me_mountain_0164,Ered Minas bornath
me_mountain_0165,Lugburz Heights
me_mountain_0166,Icefell Heights
me_mountain_0167,Léodberg Heights
me_mountain_0168,Ridberg Heights
me_mountain_0169,Northfell Heights
me_mountain_0170,Bucklandbridge Heights
me_mountain_0171,Ered Ost bornath
me_mountain_0172,Palefell Heights
me_mountain_0173,Ered Taur bornath
me_mountain_0174,Cedarbridge Heights
me_mountain_0175,Sealfell Heights
me_mountain_0176,Deepbridge Heights
me_mountain_0177,Snowfell Heights
me_mountain_0178,Ered Bar bornath
me_mountain_0179,Barazabad Heights
me_mountain_0180,Eastbridge Heights
me_mountain_0181,Starfell Heights
me_mountain_0182,Whitefell Heights
me_mountain_0183,Winterfell Heights
me_mountain_0184,Coldfloe Heights
me_mountain_0185,Ered Calen bornath
me_mountain_0186,Mauhburz Heights
me_mountain_0187,Driftfloe Heights
me_mountain_0188,Muzgburz Heights
me_mountain_0189,Thengelberg Heights
me_mountain_0190,Ered Celon bornath
me_mountain_0191,Ered Nim bornath
me_mountain_0192,Frostfloe Heights
me_mountain_0193,Ered Amon caranath
me_mountain_0194,Greenbridge Heights
me_mountain_0195,Ered Dol caranath
me_mountain_0196,Icefloe Heights
me_mountain_0197,Ered Eithel caranath
me_mountain_0198,Greybridge Heights
me_mountain_0199,Bizarabad Heights
me_mountain_0200,Ered Emyn caranath
me_mountain_0201,Ered Imlad caranath
me_mountain_0202,Ered Minas caranath
me_mountain_0203,Ered Ost caranath
me_mountain_0204,Northfloe Heights
me_mountain_0205,Ered Taur caranath
me_mountain_0206,Nazgburz Heights
me_mountain_0207,Palefloe Heights
me_mountain_0208,Woldberg Heights
me_mountain_0209,Ered Bar caranath
me_mountain_0210,Sealfloe Heights
me_mountain_0211,Ered Calen caranath
me_mountain_0212,Snowfloe Heights
me_mountain_0213,Skaiburz Heights
me_mountain_0214,Starfloe Heights
me_mountain_0215,Ered Celon caranath
me_mountain_0216,Longbridge Heights
me_mountain_0217,Whitefloe Heights
me_mountain_0218,Ered Nim caranath
me_mountain_0219,Winterfloe Heights
me_mountain_0220,Ered Amon duinath
me_mountain_0221,Coldhaven Heights
me_mountain_0222,Northbridge Heights
me_mountain_0223,Uglburz Heights
me_mountain_0224,Bundabad Heights
me_mountain_0225,Drifthaven Heights
me_mountain_0226,Oakbridge Heights
me_mountain_0227,Frosthaven Heights
me_mountain_0228,Southbridge Heights
me_mountain_0229,Stonebridge Heights
me_mountain_0230,Urukburz Heights
me_mountain_0231,Westbridge Heights
me_mountain_0232,Ashdûr Heights
me_mountain_0233,Alderbrook Heights
me_mountain_0234,Borach Heights
me_mountain_0235,Dumabad Heights
me_mountain_0236,Ashbrook Heights
me_mountain_0237,Ered Dol duinath
me_mountain_0238,Icehaven Heights
me_mountain_0239,Aldburna Heights
me_mountain_0240,Ered Eithel duinath
me_mountain_0241,Northhaven Heights
me_mountain_0242,Palehaven Heights
me_mountain_0243,Sealhaven Heights
me_mountain_0244,Ered Emyn duinath
me_mountain_0245,Ered Imlad duinath
me_mountain_0246,Ered Minas duinath
me_mountain_0247,Azgdûr Heights
me_mountain_0248,Ered Ost duinath
me_mountain_0249,Barrowbrook Heights
me_mountain_0250,Snowhaven Heights
me_mountain_0251,Starhaven Heights
me_mountain_0252,Whitehaven Heights
me_mountain_0253,Ered Taur duinath
me_mountain_0254,Ered Bar duinath
me_mountain_0255,Beaconbrook Heights
me_mountain_0256,Beorburna Heights
me_mountain_0257,Winterhaven Heights
me_mountain_0258,Ered Calen duinath
me_mountain_0259,Coldmere Heights
me_mountain_0260,Bregoburna Heights
me_mountain_0261,Driftmere Heights
me_mountain_0262,Frostmere Heights
me_mountain_0263,Blackbrook Heights
me_mountain_0264,Icemere Heights
me_mountain_0265,Northmere Heights
me_mountain_0266,Bramblebrook Heights
me_mountain_0267,Farabad Heights
me_mountain_0268,Ered Celon duinath
me_mountain_0269,Drazak Heights
me_mountain_0270,Bucklandbrook Heights
me_mountain_0271,Cedarbrook Heights
me_mountain_0272,Ceorlburna Heights
me_mountain_0273,Ered Nim duinath
me_mountain_0274,Palemere Heights
me_mountain_0275,Deepbrook Heights
me_mountain_0276,Sealmere Heights
me_mountain_0277,Eastbrook Heights
me_mountain_0278,Blackdûr Heights
me_mountain_0279,Greenbrook Heights
me_mountain_0280,Gharak Heights
me_mountain_0281,Felekabad Heights
me_mountain_0282,Snowmere Heights
me_mountain_0283,Ered Amon falasath
me_mountain_0284,Greybrook Heights
me_mountain_0285,Kandak Heights
me_mountain_0286,Longbrook Heights
me_mountain_0287,Ered Dol falasath
me_mountain_0288,Starmere Heights
me_mountain_0289,Whitemere Heights
me_mountain_0290,Wintermere Heights
me_mountain_0291,Northbrook Heights
me_mountain_0292,Ered Eithel falasath
me_mountain_0293,Ered Emyn falasath
me_mountain_0294,Oakbrook Heights
me_mountain_0295,Ered Imlad falasath
me_mountain_0296,Southbrook Heights
me_mountain_0297,Ered Minas falasath
me_mountain_0298,Hadrabad Heights
me_mountain_0299,Stonebrook Heights
me_mountain_0300,Déorburna Heights
me_mountain_0301,Ered Ost falasath
me_mountain_0302,Ered Taur falasath
me_mountain_0303,Ered Bar falasath
me_mountain_0304,Ered Calen falasath
me_mountain_0305,Ered Celon falasath
me_mountain_0306,Gathach Heights
me_mountain_0307,Burzdûr Heights
me_mountain_0308,Westbrook Heights
me_mountain_0309,Alderdown Heights
me_mountain_0310,Dushdûr Heights
me_mountain_0311,Ashdown Heights
me_mountain_0312,Coldpoint Heights
me_mountain_0313,Driftpoint Heights
me_mountain_0314,Ghashdûr Heights
me_mountain_0315,Ered Nim falasath
me_mountain_0316,Ered Amon galenath
me_mountain_0317,Frostpoint Heights
me_mountain_0318,Ered Dol galenath
me_mountain_0319,Icepoint Heights
me_mountain_0320,Ered Eithel galenath
me_mountain_0321,Ered Emyn galenath
me_mountain_0322,Northpoint Heights
me_mountain_0323,Palepoint Heights
me_mountain_0324,Ered Imlad galenath
me_mountain_0325,Eorlburna Heights
me_mountain_0326,Sealpoint Heights
me_mountain_0327,Gordûr Heights
me_mountain_0328,Ered Minas galenath
me_mountain_0329,Snowpoint Heights
me_mountain_0330,Folcburna Heights
me_mountain_0331,Starpoint Heights
me_mountain_0332,Ered Ost galenath
me_mountain_0333,Ered Taur galenath
me_mountain_0334,Framburna Heights
me_mountain_0335,Grishdûr Heights
me_mountain_0336,Barrowdown Heights
me_mountain_0337,Kharabad Heights
me_mountain_0338,Ered Bar galenath
me_mountain_0339,Beacondown Heights
me_mountain_0340,Ered Calen galenath
me_mountain_0341,Blackdown Heights
me_mountain_0342,Brambledown Heights
me_mountain_0343,Ered Celon galenath
me_mountain_0344,Krimpdûr Heights
me_mountain_0345,Bucklanddown Heights
me_mountain_0346,Ered Nim galenath
me_mountain_0347,Cedardown Heights
me_mountain_0348,Lugdûr Heights
me_mountain_0349,Whitepoint Heights
me_mountain_0350,Mauhdûr Heights
me_mountain_0351,Winterpoint Heights
me_mountain_0352,Coldshore Heights
me_mountain_0353,Ered Amon gondath
me_mountain_0354,Deepdown Heights
me_mountain_0355,Driftshore Heights
me_mountain_0356,Eastdown Heights
me_mountain_0357,Greendown Heights
me_mountain_0358,Frostshore Heights
me_mountain_0359,Ered Dol gondath
me_mountain_0360,Iceshore Heights
me_mountain_0361,Northshore Heights
me_mountain_0362,Paleshore Heights
me_mountain_0363,Ered Eithel gondath
me_mountain_0364,Gamilabad Heights
me_mountain_0365,Sealshore Heights
me_mountain_0366,Greydown Heights
me_mountain_0367,Ered Emyn gondath
me_mountain_0368,Grimburna Heights
me_mountain_0369,Ered Imlad gondath
me_mountain_0370,Longdown Heights
me_mountain_0371,Muzgdûr Heights
me_mountain_0372,Snowshore Heights
me_mountain_0373,Ered Minas gondath
me_mountain_0374,Nazgdûr Heights
me_mountain_0375,Starshore Heights
me_mountain_0376,Ered Ost gondath
me_mountain_0377,Northdown Heights
me_mountain_0378,Skaidûr Heights
me_mountain_0379,Oakdown Heights
me_mountain_0380,Whiteshore Heights
me_mountain_0381,Ered Taur gondath
me_mountain_0382,Ered Bar gondath
me_mountain_0383,Ered Calen gondath
me_mountain_0384,Ered Celon gondath
me_mountain_0385,Ered Nim gondath
me_mountain_0386,Southdown Heights
me_mountain_0387,Stonedown Heights
me_mountain_0388,Wintershore Heights
me_mountain_0389,Coldwater Heights
me_mountain_0390,Driftwater Heights
me_mountain_0391,Ered Amon lothath
me_mountain_0392,Westdown Heights
me_mountain_0393,Frostwater Heights
me_mountain_0394,Ered Dol lothath
me_mountain_0395,Icewater Heights
me_mountain_0396,Khazak Heights
me_mountain_0397,Alderfield Heights
me_mountain_0398,Northwater Heights
me_mountain_0399,Ugldûr Heights
me_mountain_0400,Ered Eithel lothath
me_mountain_0401,Urukdûr Heights
me_mountain_0402,Palewater Heights
me_mountain_0403,Helmburna Heights
me_mountain_0404,Heruburna Heights
me_mountain_0405,Ashfield Heights
me_mountain_0406,Sealwater Heights
me_mountain_0407,Ashfang Heights
me_mountain_0408,Gatholabad Heights
me_mountain_0409,Gundabad Heights
me_mountain_0410,Snowwater Heights
me_mountain_0411,Starwater Heights
me_mountain_0412,Whitewater Heights
me_mountain_0413,Barrowfield Heights
me_mountain_0414,Azgfang Heights
me_mountain_0415,Ered Emyn lothath
me_mountain_0416,Khorak Heights
me_mountain_0417,Winterwater Heights
me_mountain_0418,Ruzak Heights
me_mountain_0419,Ered Imlad lothath
me_mountain_0420,Blackfang Heights
me_mountain_0421,Ered Minas lothath
me_mountain_0422,Ered Ost lothath
me_mountain_0423,Ered Taur lothath
me_mountain_0424,Beaconfield Heights
me_mountain_0425,Ered Bar lothath
me_mountain_0426,Ered Calen lothath
me_mountain_0427,Ered Celon lothath
me_mountain_0428,Ered Nim lothath
me_mountain_0429,Coldbay Reach Heights
me_mountain_0430,Ered Amon mornath
me_mountain_0431,Ered Dol mornath
me_mountain_0432,Ered Eithel mornath
me_mountain_0433,Blackfield Heights
me_mountain_0434,Ered Emyn mornath
me_mountain_0435,Driftbay Reach Heights
me_mountain_0436,Ered Imlad mornath
me_mountain_0437,Ered Minas mornath
me_mountain_0438,Ered Ost mornath
me_mountain_0439,Frostbay Reach Heights
me_mountain_0440,Léodburna Heights
me_mountain_0441,Icebay Reach Heights
me_mountain_0442,Ered Taur mornath
me_mountain_0443,Northbay Reach Heights
me_mountain_0444,Burzfang Heights
me_mountain_0445,Ered Bar mornath
me_mountain_0446,Dushfang Heights
me_mountain_0447,Bramblefield Heights
me_mountain_0448,Ered Calen mornath
me_mountain_0449,Ridburna Heights
me_mountain_0450,Ered Celon mornath
me_mountain_0451,Bucklandfield Heights
me_mountain_0452,Ered Nim mornath
me_mountain_0453,Thengelburna Heights
me_mountain_0454,Palebay Reach Heights
me_mountain_0455,Ered Amon nenath
me_mountain_0456,Woldburna Heights
me_mountain_0457,Sealbay Reach Heights
me_mountain_0458,Ered Dol nenath
me_mountain_0459,Alddenu Heights
me_mountain_0460,Ered Eithel nenath
me_mountain_0461,Ghashfang Heights
me_mountain_0462,Snowbay Reach Heights
me_mountain_0463,Starbay Reach Heights
me_mountain_0464,Whitebay Reach Heights
me_mountain_0465,Ered Emyn nenath
me_mountain_0466,Ered Imlad nenath
me_mountain_0467,Winterbay Reach Heights
me_mountain_0468,Ered Minas nenath
me_mountain_0469,Coldcamp Reach Heights
me_mountain_0470,Gorfang Heights
me_mountain_0471,Grishfang Heights
me_mountain_0472,Ered Ost nenath
me_mountain_0473,Driftcamp Reach Heights
me_mountain_0474,Ered Taur nenath
me_mountain_0475,Ered Bar nenath
me_mountain_0476,Ered Calen nenath
me_mountain_0477,Cedarfield Heights
me_mountain_0478,Ered Celon nenath
me_mountain_0479,Ered Nim nenath
me_mountain_0480,Frostcamp Reach Heights
me_mountain_0481,Icecamp Reach Heights
me_mountain_0482,Deepfield Heights
me_mountain_0483,Ered Amon rathath
me_mountain_0484,Northcamp Reach Heights
me_mountain_0485,Krimpfang Heights
me_mountain_0486,Ered Dol rathath
me_mountain_0487,Eastfield Heights
me_mountain_0488,Palecamp Reach Heights
me_mountain_0489,Sealcamp Reach Heights
me_mountain_0490,Greenfield Heights
me_mountain_0491,Ered Eithel rathath
me_mountain_0492,Ered Emyn rathath
me_mountain_0493,Greyfield Heights
me_mountain_0494,Snowcamp Reach Heights
me_mountain_0495,Mahrabad Heights
me_mountain_0496,Starcamp Reach Heights
me_mountain_0497,Skarnak Heights
me_mountain_0498,Whitecamp Reach Heights
me_mountain_0499,Lugfang Heights
me_mountain_0500,Ered Imlad rathath
me_mountain_0501,Longfield Heights
me_mountain_0502,Wintercamp Reach Heights
me_mountain_0503,Ered Minas rathath
me_mountain_0504,Ered Ost rathath
me_mountain_0505,Ered Taur rathath
me_mountain_0506,Northfield Heights
me_mountain_0507,Oakfield Heights
me_mountain_0508,Ered Bar rathath
me_mountain_0509,Coldfell Reach Heights
me_mountain_0510,Driftfell Reach Heights
me_mountain_0511,Ered Calen rathath
me_mountain_0512,Frostfell Reach Heights
me_mountain_0513,Icefell Reach Heights
me_mountain_0514,Mauhfang Heights
me_mountain_0515,Muzgfang Heights
me_mountain_0516,Northfell Reach Heights
me_mountain_0517,Targak Heights
me_mountain_0518,Palefell Reach Heights
me_mountain_0519,Ered Celon rathath
me_mountain_0520,Sealfell Reach Heights
me_mountain_0521,Ered Nim rathath
me_mountain_0522,Ered Amon sarnath
me_mountain_0523,Varkak Heights
me_mountain_0524,Beordenu Heights
me_mountain_0525,Snowfell Reach Heights
me_mountain_0526,Ered Dol sarnath
me_mountain_0527,Starfell Reach Heights
me_mountain_0528,Ered Eithel sarnath
me_mountain_0529,Southfield Heights
me_mountain_0530,Whitefell Reach Heights
me_mountain_0531,Stonefield Heights
me_mountain_0532,Westfield Heights
me_mountain_0533,Ered Emyn sarnath
me_mountain_0534,Winterfell Reach Heights
me_mountain_0535,Nazgfang Heights
me_mountain_0536,Alderford Heights
me_mountain_0537,Ered Imlad sarnath
me_mountain_0538,Coldfloe Reach Heights
me_mountain_0539,Bregodenu Heights
me_mountain_0540,Skaifang Heights
me_mountain_0541,Uglfang Heights
me_mountain_0542,Urukfang Heights
me_mountain_0543,Driftfloe Reach Heights
me_mountain_0544,Ceorldenu Heights
me_mountain_0545,Ered Minas sarnath
me_mountain_0546,Ashford Heights
me_mountain_0547,Frostfloe Reach Heights
me_mountain_0548,Ered Ost sarnath
me_mountain_0549,Déordenu Heights
me_mountain_0550,Ered Taur sarnath
me_mountain_0551,Khazabad Heights
me_mountain_0552,Icefloe Reach Heights
me_mountain_0553,Ered Bar sarnath
me_mountain_0554,Ered Calen sarnath
me_mountain_0555,Ered Celon sarnath
me_mountain_0556,Ered Nim sarnath
me_mountain_0557,Barrowford Heights
me_mountain_0558,Eorldenu Heights
me_mountain_0559,Ered Amon thoronath
me_mountain_0560,Beaconford Heights
me_mountain_0561,Blackford Heights
me_mountain_0562,Northfloe Reach Heights
me_mountain_0563,Ered Dol thoronath
me_mountain_0564,Brambleford Heights
me_mountain_0565,Ered Eithel thoronath
me_mountain_0566,Ashgash Heights
me_mountain_0567,Ered Emyn thoronath
me_mountain_0568,Folcdenu Heights
me_mountain_0569,Ered Imlad thoronath
me_mountain_0570,Ered Minas thoronath
me_mountain_0571,Ered Ost thoronath
me_mountain_0572,Ered Taur thoronath
me_mountain_0573,Framdenu Heights
me_mountain_0574,Palefloe Reach Heights
me_mountain_0575,Grimdenu Heights
me_mountain_0576,Sealfloe Reach Heights
me_mountain_0577,Ered Bar thoronath
me_mountain_0578,Ered Calen thoronath
me_mountain_0579,Bucklandford Heights
me_mountain_0580,Ered Celon thoronath
me_mountain_0581,Azggash Heights
me_mountain_0582,Snowfloe Reach Heights
me_mountain_0583,Ered Nim thoronath
me_mountain_0584,Ered Amon adardor
me_mountain_0585,Blackgash Heights
me_mountain_0586,Cedarford Heights
me_mountain_0587,Deepford Heights
me_mountain_0588,Starfloe Reach Heights
me_mountain_0589,Eastford Heights
me_mountain_0590,Narabad Heights
me_mountain_0591,Greenford Heights
me_mountain_0592,Kheledabad Heights
me_mountain_0593,Whitefloe Reach Heights
me_mountain_0594,Winterfloe Reach Heights
me_mountain_0595,Greyford Heights
me_mountain_0596,Coldhaven Reach Heights
me_mountain_0597,Ered Dol adardor
me_mountain_0598,Ered Eithel adardor
me_mountain_0599,Longford Heights
me_mountain_0600,Ered Emyn adardor
me_lake_0001,Nen Amon adarath
me_lake_0002,Lake Amberbank
me_lake_0003,Lake Applebank
me_lake_0004,Lake Bramblebank
me_lake_0005,Lake Balach
me_lake_0006,Lake Alderbank
me_lake_0007,Lake Ashbank
me_lake_0008,Nen Dol adarath
me_lake_0009,Lake Aldberg
me_lake_0010,Nen Eithel adarath
me_lake_0011,Nen Emyn adarath
me_lake_0012,Nen Imlad adarath
me_lake_0013,Lake Ashbag
me_lake_0014,Nen Minas adarath
me_lake_0015,Lake Azgbag
me_lake_0016,Lake Borach
me_lake_0017,Lake Gathach
me_lake_0018,Lake Karmach
me_lake_0019,Lake Khurach
me_lake_0020,Lake Lodach
me_lake_0021,Lake Narach
me_lake_0022,Lake Blackbag
me_lake_0023,Lake Burzbag
me_lake_0024,Lake Beorberg
me_lake_0025,Lake Rhovach
me_lake_0026,Lake Sagach
me_lake_0027,Lake Sharach
me_lake_0028,Lake Uldach
me_lake_0029,Lake Wainach
me_lake_0030,Lake Zorach
me_lake_0031,Lake Dushbag
me_lake_0032,Lake Balad
me_lake_0033,Lake Borad
me_lake_0034,Lake Ghashbag
me_lake_0035,Lake Gathad
me_lake_0036,Lake Gorbag
me_lake_0037,Lake Grishbag
me_lake_0038,Lake Krimpbag
me_lake_0039,Lake Karmad
me_lake_0040,Lake Khurad
me_lake_0041,Lake Lodad
me_lake_0042,Lake Narad
me_lake_0043,Lake Rhovad
me_lake_0044,Nen Ost adarath
me_lake_0045,Lake Sagad
me_lake_0046,Lake Lugbag
me_lake_0047,Lake Sharad
me_lake_0048,Lake Uldad
me_lake_0049,Lake Mauhbag
me_lake_0050,Lake Wainad
me_lake_0051,Lake Zorad
me_lake_0052,Nen Taur adarath
me_lake_0053,Lake Balar
me_lake_0054,Lake Muzgbag
me_lake_0055,Lake Borar
me_lake_0056,Lake Gathar
me_lake_0057,Lake Karmar
me_lake_0058,Lake Khurar
me_lake_0059,Lake Nazgbag
me_lake_0060,Lake Lodar
me_sea_0001,Bay of Coldbay
me_sea_0002,Bay of Icebay
me_sea_0003,Bay of Amon adarath
me_sea_0004,Dol adarath Reach
me_sea_0005,Eithel adarath Reach
me_sea_0006,Bay of Emyn adarath
me_sea_0007,Bay of Azrabad
me_sea_0008,Bahrabad Reach
me_sea_0009,Darabad Reach
me_sea_0010,Imlad adarath Reach
me_sea_0011,Bay of Ashbag
me_sea_0012,Minas adarath Reach
me_sea_0013,Azgbag Reach
me_sea_0014,Bay of Ost adarath
me_sea_0015,Bay of Arzak
me_sea_0016,Bay of Balach
me_sea_0017,Taur adarath Reach
me_sea_0018,Bay of Sealbay
me_sea_0019,Bay of Farabad
me_sea_0020,Bar adarath Reach
me_sea_0021,Bay of Calen adarath
me_sea_0022,Celon adarath Reach
me_sea_0023,Nim adarath Reach
me_sea_0024,Bay of Amon aelath
me_sea_0025,Dol aelath Reach
me_sea_0026,Eithel aelath Reach
me_sea_0027,Borach Reach
me_sea_0028,Hadrabad Reach
me_sea_0029,Bay of Emyn aelath
me_sea_0030,Bay of Whitebay
me_sea_0031,Kharabad Reach
me_sea_0032,Bay of Mahrabad
me_sea_0033,Balkak Reach
me_sea_0034,Narabad Reach
me_sea_0035,Qasabad Reach
me_sea_0036,Imlad aelath Reach
me_sea_0037,Minas aelath Reach
me_sea_0038,Bay of Rakhabad
me_sea_0039,Gathach Reach
me_sea_0040,Sahrabad Reach
me_sea_0041,Bay of Ost aelath
me_sea_0042,Tazabad Reach
me_sea_0043,Taur aelath Reach
me_sea_0044,Bar aelath Reach
me_sea_0045,Bay of Umrabad
me_sea_0046,Bay of Calen aelath
me_sea_0047,Celon aelath Reach
me_sea_0048,Zarabad Reach
me_sea_0049,Bay of Karmach
me_sea_0050,Drazak Reach
me_sea_0051,Nim aelath Reach
me_sea_0052,Khurach Reach
me_sea_0053,Bay of Driftcamp
me_sea_0054,Lodach Reach
me_sea_0055,Bay of Amon annonath
me_sea_0056,Bay of Narach
me_sea_0057,Bay of Northcamp
me_sea_0058,Azrahir Reach
me_sea_0059,Rhovach Reach
me_sea_0060,Bay of Bahrahir
me_sea_0061,Sagach Reach
me_sea_0062,Dol annonath Reach
me_sea_0063,Blackbag Reach
me_sea_0064,Bay of Gharak
me_sea_0065,Eithel annonath Reach
me_sea_0066,Darahir Reach
me_sea_0067,Farahir Reach
me_sea_0068,Kandak Reach
me_sea_0069,Bay of Emyn annonath
me_sea_0070,Bay of Hadrahir
me_sea_0071,Imlad annonath Reach
me_sea_0072,Khazak Reach
me_sea_0073,Bay of Sharach
me_sea_0074,Kharahir Reach
me_sea_0075,Bay of Burzbag
me_sea_0076,Mahrahir Reach
me_sea_0077,Uldach Reach
me_sea_0078,Minas annonath Reach
me_sea_0079,Bay of Narahir
me_sea_0080,Bay of Ost annonath
me_sea_0081,Taur annonath Reach
me_sea_0082,Bar annonath Reach
me_sea_0083,Qasahir Reach
me_sea_0084,Wainach Reach
me_sea_0085,Rakhahir Reach
me_sea_0086,Bay of Sahrahir
me_sea_0087,Tazahir Reach
me_sea_0088,Bay of Calen annonath
me_sea_0089,Umrahir Reach
me_sea_0090,Bay of Zorach
me_sea_0091,Celon annonath Reach
me_sea_0092,Nim annonath Reach
me_sea_0093,Bay of Snowcamp
me_sea_0094,Bay of Zarahir
me_sea_0095,Azramar Reach
me_sea_0096,Bay of Khorak
me_sea_0097,Bay of Amon belath
me_sea_0098,Dol belath Reach
me_sea_0099,Bay of Wintercamp
me_sea_0100,Eithel belath Reach
me_sea_0101,Bahramar Reach
me_sea_0102,Bay of Frostfell
me_sea_0103,Bay of Emyn belath
me_sea_0104,Ruzak Reach
me_sea_0105,Imlad belath Reach
me_sea_0106,Dushbag Reach
me_sea_0107,Minas belath Reach
me_sea_0108,Ghashbag Reach
me_sea_0109,Skarnak Reach
me_sea_0110,Bay of Daramar
me_sea_0111,Bay of Palefell
me_sea_0112,Bay of Starfell
me_sea_0113,Faramar Reach
me_sea_0114,Hadramar Reach
me_sea_0115,Bay of Coldfloe
me_sea_0116,Bay of Ost belath
me_sea_0117,Bay of Kharamar
me_sea_0118,Bay of Alderbank
me_sea_0119,Mahramar Reach
me_sea_0120,Taur belath Reach
me_sea_0121,Balad Reach
me_sea_0122,Bar belath Reach
me_sea_0123,Bay of Calen belath
me_sea_0124,Celon belath Reach
me_sea_0125,Nim belath Reach
me_sea_0126,Naramar Reach
me_sea_0127,Bay of Amon bornath
me_sea_0128,Dol bornath Reach
me_sea_0129,Bay of Icefloe
me_sea_0130,Bay of Qasamar
me_sea_0131,Bay of Sealfloe
me_sea_0132,Eithel bornath Reach
me_sea_0133,Bay of Whitefloe
me_sea_0134,Borad Reach
me_sea_0135,Bay of Emyn bornath
me_sea_0136,Imlad bornath Reach
me_sea_0137,Bay of Gathad
me_sea_0138,Rakhamar Reach
me_sea_0139,Karmad Reach
me_sea_0140,Sahramar Reach
me_sea_0141,Bay of Tazamar
me_sea_0142,Khurad Reach
me_sea_0143,Ashbank Reach
me_sea_0144,Minas bornath Reach
