index,key,display_name,kind,control_x,control_y,normalized_x,normalized_y,control_area,biome_id,continent,region,rgb,anchor
0,mithlond,Grey Havens,land,267,174,0.2609971,0.3405088,56,1,me_eriador,me_lindon_region,d653b9,yes
1,forlond,Forlond,land,240,161,0.2346041,0.3150685,41,1,me_eriador,me_lindon_region,748b32,yes
2,harlond_lindon,Harlond,land,251,207,0.2453568,0.4050881,51,1,me_eriador,me_lindon_region,12c2ab,yes
3,annuminas,Annúminas,land,348,161,0.3401760,0.3150685,72,1,me_eriador,me_north_arnor_region,b0fa24,yes
4,fornost,Fornost,land,373,146,0.3646139,0.2857143,54,1,me_eriador,me_north_arnor_region,4f319d,yes
5,carn_dum,Carn Dûm,land,414,105,0.4046921,0.2054795,71,5,me_forodwaith,me_angmar_region,ed6916,yes
6,hobbiton,Hobbiton,land,353,207,0.3450635,0.4050881,54,3,me_eriador,me_shire_breeland_region,8ba08f,yes
7,michel_delving,Michel Delving,land,322,217,0.3147605,0.4246575,42,1,me_eriador,me_shire_breeland_region,29d808,yes
8,bucklebury,Bucklebury,land,384,217,0.3753666,0.4246575,72,3,me_eriador,me_shire_breeland_region,c80f81,yes
9,me_bree,Bree,land,404,204,0.3949169,0.3992172,41,1,me_eriador,me_shire_breeland_region,6646fa,yes
10,amon_sul,Amon Sûl,land,435,187,0.4252199,0.3659491,62,1,me_eriador,me_shire_breeland_region,047e73,yes
11,rivendell,Rivendell,land,486,207,0.4750733,0.4050881,48,1,me_eriador,me_shire_breeland_region,a2b5ec,yes
12,goblin_town,Goblin-town,land,486,176,0.4750733,0.3444227,46,1,me_eriador,me_north_arnor_region,40ed65,yes
13,gundabad,Gundabad,land,501,115,0.4897361,0.2250489,104,5,me_forodwaith,me_angmar_region,df24de,yes
14,moria,Khazad-dûm,land,486,263,0.4750733,0.5146771,28,4,me_rhovanion,me_anduin_vale_region,7d5c57,yes
15,carrock,The Carrock,land,547,202,0.5347019,0.3953033,43,1,me_rhovanion,me_anduin_vale_region,1b93d0,yes
16,caras_galadhon,Caras Galadhon,land,537,268,0.5249267,0.5244618,32,1,me_rhovanion,me_anduin_vale_region,b9cb49,yes
17,dol_guldur,Dol Guldur,land,619,258,0.6050831,0.5048924,82,3,me_rhovanion,me_mirkwood_region,5802c2,yes
18,thranduil_halls,Thranduil's Halls,land,629,169,0.6148583,0.3307241,37,3,me_rhovanion,me_dale_region,f63a3b,yes
19,esgaroth,Esgaroth,land,660,189,0.6451613,0.3698630,42,3,me_rhovanion,me_dale_region,9471b4,yes
20,dale,Dale,land,675,171,0.6598240,0.3346380,30,3,me_rhovanion,me_dale_region,32a92d,yes
21,erebor,Erebor,land,675,156,0.6598240,0.3052838,37,1,me_rhovanion,me_dale_region,d0e0a6,yes
22,dorwinion,Dorwinion,land,745,240,0.7282502,0.4696673,39,9,me_mordor_and_rhun,me_rhun_region,6f181f,yes
23,isengard,Isengard,land,486,324,0.4750733,0.6340509,61,3,me_rhovanion,me_rohan_region,0d4f98,yes
24,helms_deep,Helm's Deep,land,496,353,0.4848485,0.6908023,31,1,me_rhovanion,me_rohan_region,ab8711,yes
25,edoras,Edoras,land,547,353,0.5347019,0.6908023,13,4,me_rhovanion,me_rohan_region,49be8a,yes
26,aldberg,Aldburg,land,588,358,0.5747801,0.7005871,9,4,me_rhovanion,me_rohan_region,e7f603,yes
27,dunharrow,Dunharrow,land,558,370,0.5454545,0.7240705,42,1,me_rhovanion,me_rohan_region,862d7c,yes
28,minas_tirith,Minas Tirith,land,639,368,0.6246334,0.7201566,27,4,me_gondor,me_anorien_region,2464f5,yes
29,osgiliath,Osgiliath,land,665,368,0.6500489,0.7201566,9,4,me_gondor,me_ithilien_region,c29c6e,yes
30,minas_morgul,Minas Morgul,land,706,360,0.6901271,0.7045010,86,8,me_mordor_and_rhun,me_mordor_region,60d3e7,yes
31,morannon,The Morannon,land,711,312,0.6950147,0.6105675,125,4,me_mordor_and_rhun,me_mordor_region,ff0b60,yes
32,barad_dur,Barad-dûr,land,772,350,0.7546432,0.6849315,41,8,me_mordor_and_rhun,me_mordor_region,9d42d9,yes
33,mount_doom,Orodruin,land,752,368,0.7350929,0.7201566,93,8,me_mordor_and_rhun,me_mordor_region,3b7a52,yes
34,pelargir,Pelargir,land,588,415,0.5747801,0.8121331,34,1,me_gondor,me_lebennin_region,d9b1cb,yes
35,dol_amroth,Dol Amroth,land,518,392,0.5063539,0.7671233,16,1,me_gondor,me_belfalas_region,77e944,yes
36,linhir,Linhir,land,558,398,0.5454545,0.7788650,31,1,me_gondor,me_lebennin_region,1620bd,yes
37,calembel,Calembel,land,532,391,0.5200391,0.7651663,59,1,me_gondor,me_belfalas_region,b45836,yes
38,erech,Erech,land,506,381,0.4946237,0.7455969,47,1,me_rhovanion,me_rohan_region,528faf,yes
39,umbar,Umbar,land,450,460,0.4398827,0.9001957,40,10,me_harad,me_umbar_region,f0c728,yes
40,pelennor,Pelennor,land,629,365,0.6148583,0.7142857,9,4,me_rhovanion,me_rohan_region,8efea1,yes
41,me_land_0001,Land 0001,land,220,87,0.2150538,0.1702544,55,5,me_forodwaith,me_forochel_region,2d361a,no
42,me_land_0002,Land 0002,land,252,351,0.2463343,0.6868885,4,1,me_gondor,me_belfalas_region,cb6d93,no
43,me_land_0003,Land 0003,land,255,353,0.2492669,0.6908023,13,1,me_gondor,me_belfalas_region,69a50c,no
44,me_land_0004,Land 0004,land,447,393,0.4369501,0.7690802,26,1,me_gondor,me_belfalas_region,07dc85,no
45,me_land_0005,Land 0005,land,519,246,0.5073314,0.4814090,51,1,me_rhovanion,me_anduin_vale_region,a613fe,no
46,me_land_0006,Land 0006,land,800,130,0.7820137,0.2544031,85,9,me_mordor_and_rhun,me_rhun_region,444b77,no
47,me_land_0007,Land 0007,land,427,476,0.4173998,0.9315068,68,10,me_harad,me_umbar_region,e282f0,no
48,me_land_0008,Land 0008,land,280,135,0.2737048,0.2641879,43,1,me_eriador,me_lindon_region,80ba69,no
49,me_land_0009,Land 0009,land,553,166,0.5405670,0.3248532,46,1,me_rhovanion,me_mirkwood_region,1ef1e2,no
50,me_land_0010,Land 0010,land,372,451,0.3636364,0.8825832,38,10,me_harad,me_umbar_region,bd295b,no
51,me_land_0011,Land 0011,land,434,200,0.4242424,0.3913894,31,1,me_eriador,me_shire_breeland_region,5b60d4,no
52,me_land_0012,Land 0012,land,480,456,0.4692082,0.8923679,35,10,me_harad,me_umbar_region,f9984d,no
53,me_land_0013,Land 0013,land,914,230,0.8934506,0.4500978,41,9,me_mordor_and_rhun,me_rhun_region,97cfc6,no
54,me_land_0014,Land 0014,land,529,216,0.5171065,0.4227006,45,1,me_rhovanion,me_anduin_vale_region,36073f,no
55,me_land_0015,Land 0015,land,587,439,0.5738025,0.8590998,40,10,me_harad,me_near_harad_region,d43eb8,no
56,me_land_0016,Land 0016,land,540,158,0.5278592,0.3091977,44,1,me_rhovanion,me_anduin_vale_region,727631,no
57,me_land_0017,Land 0017,land,794,183,0.7761486,0.3581213,63,9,me_mordor_and_rhun,me_rhun_region,10adaa,no
58,me_land_0018,Land 0018,land,881,107,0.8611926,0.2093933,38,1,me_forodwaith,me_northern_wastes_region,aee523,no
59,me_land_0019,Land 0019,land,682,160,0.6666667,0.3131115,29,1,me_mordor_and_rhun,me_rhun_region,4d1c9c,no
60,me_land_0020,Land 0020,land,723,110,0.7067449,0.2152642,115,5,me_forodwaith,me_northern_wastes_region,eb5415,no
61,me_land_0021,Land 0021,land,619,270,0.6050831,0.5283757,37,9,me_rhovanion,me_mirkwood_region,898b8e,no
62,me_land_0022,Land 0022,land,674,124,0.6588465,0.2426614,48,1,me_rhovanion,me_grey_mountains_region,27c307,no
63,me_land_0023,Land 0023,land,694,447,0.6783969,0.8747554,39,10,me_harad,me_near_harad_region,c5fa80,no
64,me_land_0024,Land 0024,land,754,351,0.7370479,0.6868885,62,8,me_mordor_and_rhun,me_mordor_region,6431f9,no
65,me_land_0025,Land 0025,land,877,353,0.8572825,0.6908023,54,1,me_mordor_and_rhun,me_mordor_region,026972,no
66,me_land_0026,Land 0026,land,903,214,0.8826979,0.4187867,51,9,me_mordor_and_rhun,me_rhun_region,a0a0eb,no
67,me_land_0027,Land 0027,land,294,305,0.2873900,0.5968689,78,1,me_eriador,me_lindon_region,3ed864,no
68,me_land_0028,Land 0028,land,689,149,0.6735093,0.2915851,51,1,me_mordor_and_rhun,me_rhun_region,dd0fdd,no
69,me_land_0029,Land 0029,land,875,405,0.8553275,0.7925636,78,1,me_mordor_and_rhun,me_mordor_region,7b4756,no
70,me_land_0030,Land 0030,land,863,117,0.8435973,0.2289628,26,1,me_forodwaith,me_northern_wastes_region,197ecf,no
71,me_land_0031,Land 0031,land,412,207,0.4027370,0.4050881,42,1,me_eriador,me_shire_breeland_region,b7b648,no
72,me_land_0032,Land 0032,land,586,424,0.5728250,0.8297456,40,10,me_gondor,me_lebennin_region,55edc1,no
73,me_land_0033,Land 0033,land,670,336,0.6549365,0.6575342,67,2,me_gondor,me_ithilien_region,f4253a,no
74,me_land_0034,Land 0034,land,586,389,0.5728250,0.7612524,52,1,me_gondor,me_lebennin_region,925cb3,no
75,me_land_0035,Land 0035,land,763,268,0.7458456,0.5244618,57,9,me_mordor_and_rhun,me_rhun_region,30942c,no
76,me_land_0036,Land 0036,land,587,129,0.5738025,0.2524462,48,1,me_rhovanion,me_grey_mountains_region,cecba5,no
77,me_land_0037,Land 0037,land,598,499,0.5845552,0.9765166,76,10,me_harad,me_far_harad_region,6d031e,no
78,me_land_0038,Land 0038,land,459,337,0.4486804,0.6594912,43,1,me_gondor,me_belfalas_region,0b3a97,no
79,me_land_0039,Land 0039,land,519,151,0.5073314,0.2954990,40,1,me_rhovanion,me_anduin_vale_region,a97210,no
80,me_land_0040,Land 0040,land,599,387,0.5855327,0.7573386,44,1,me_gondor,me_lebennin_region,47a989,no
81,me_land_0041,Land 0041,land,622,221,0.6080156,0.4324853,47,3,me_rhovanion,me_mirkwood_region,e5e102,no
82,me_land_0042,Land 0042,land,431,280,0.4213099,0.5479452,53,1,me_eriador,me_enedwaith_region,84187b,no
83,me_land_0043,Land 0043,land,488,337,0.4770283,0.6594912,40,1,me_rhovanion,me_rohan_region,224ff4,no
84,me_land_0044,Land 0044,land,683,298,0.6676442,0.5831703,65,6,me_mordor_and_rhun,me_mordor_region,c0876d,no
85,me_land_0045,Land 0045,land,760,461,0.7429130,0.9021526,132,10,me_harad,me_near_harad_region,5ebee6,no
86,me_land_0046,Land 0046,land,818,422,0.7996090,0.8258317,61,1,me_mordor_and_rhun,me_khand_region,fcf65f,no
87,me_land_0047,Land 0047,land,427,166,0.4173998,0.3248532,34,1,me_eriador,me_north_arnor_region,9b2dd8,no
88,me_land_0048,Land 0048,land,360,285,0.3519062,0.5577299,27,1,me_eriador,me_enedwaith_region,396551,no
89,me_land_0049,Land 0049,land,566,225,0.5532747,0.4403131,48,3,me_rhovanion,me_mirkwood_region,d79cca,no
90,me_land_0050,Land 0050,land,691,205,0.6754643,0.4011742,51,1,me_mordor_and_rhun,me_rhun_region,75d443,no
91,me_land_0051,Land 0051,land,645,272,0.6304985,0.5322896,51,9,me_rhovanion,me_mirkwood_region,140bbc,no
92,me_land_0052,Land 0052,land,363,422,0.3548387,0.8258317,50,1,me_gondor,me_belfalas_region,b24335,no
93,me_land_0053,Land 0053,land,815,75,0.7966764,0.1467710,58,1,me_forodwaith,me_northern_wastes_region,507aae,no
94,me_land_0054,Land 0054,land,786,422,0.7683284,0.8258317,70,1,me_mordor_and_rhun,me_khand_region,eeb227,no
95,me_land_0055,Land 0055,land,886,343,0.8660802,0.6712329,47,1,me_mordor_and_rhun,me_mordor_region,8ce9a0,no
96,me_land_0056,Land 0056,land,652,430,0.6373412,0.8414873,56,10,me_harad,me_near_harad_region,2b2119,no
97,me_land_0057,Land 0057,land,616,331,0.6021505,0.6477495,42,1,me_rhovanion,me_rohan_region,c95892,no
98,me_land_0058,Land 0058,land,508,238,0.4965787,0.4657534,35,1,me_eriador,me_enedwaith_region,67900b,no
99,me_land_0059,Land 0059,land,346,301,0.3382209,0.5890411,54,1,me_eriador,me_enedwaith_region,05c784,no
100,me_land_0060,Land 0060,land,418,456,0.4086022,0.8923679,56,10,me_harad,me_umbar_region,a3fefd,no
101,me_land_0061,Land 0061,land,441,113,0.4310850,0.2211350,78,5,me_forodwaith,me_angmar_region,423676,no
102,me_land_0062,Land 0062,land,670,415,0.6549365,0.8121331,61,1,me_gondor,me_south_gondor_region,e06def,no
103,me_land_0063,Land 0063,land,560,294,0.5474096,0.5753425,73,1,me_rhovanion,me_anduin_vale_region,7ea568,no
104,me_land_0064,Land 0064,land,342,283,0.3343109,0.5538160,56,1,me_eriador,me_enedwaith_region,1cdce1,no
105,me_land_0065,Land 0065,land,404,419,0.3949169,0.8199609,55,1,me_gondor,me_belfalas_region,bb145a,no
106,me_land_0066,Land 0066,land,884,237,0.8641251,0.4637965,68,9,me_mordor_and_rhun,me_rhun_region,594bd3,no
107,me_land_0067,Land 0067,land,813,142,0.7947214,0.2778865,49,9,me_mordor_and_rhun,me_rhun_region,f7834c,no
108,me_land_0068,Land 0068,land,758,157,0.7409580,0.3072407,51,9,me_mordor_and_rhun,me_rhun_region,95bac5,no
109,me_land_0069,Land 0069,land,713,262,0.6969697,0.5127202,77,1,me_mordor_and_rhun,me_rhun_region,33f23e,no
110,me_land_0070,Land 0070,land,913,214,0.8924731,0.4187867,44,9,me_mordor_and_rhun,me_rhun_region,d229b7,no
111,me_land_0071,Land 0071,land,327,190,0.3196481,0.3718200,55,1,me_eriador,me_shire_breeland_region,706130,no
112,me_land_0072,Land 0072,land,546,275,0.5337243,0.5381605,49,1,me_rhovanion,me_anduin_vale_region,0e98a9,no
113,me_land_0073,Land 0073,land,246,148,0.2404692,0.2896282,46,1,me_eriador,me_lindon_region,acd022,no
114,me_land_0074,Land 0074,land,828,383,0.8093842,0.7495108,43,1,me_mordor_and_rhun,me_mordor_region,4b079b,no
115,me_land_0075,Land 0075,land,745,176,0.7282502,0.3444227,55,9,me_mordor_and_rhun,me_rhun_region,e93f14,no
116,me_land_0076,Land 0076,land,407,38,0.3978495,0.0743640,40,5,me_forodwaith,me_angmar_region,87768d,no
117,me_land_0077,Land 0077,land,519,329,0.5073314,0.6438356,48,3,me_rhovanion,me_rohan_region,25ae06,no
118,me_land_0078,Land 0078,land,515,245,0.5034213,0.4794521,35,1,me_rhovanion,me_anduin_vale_region,c3e57f,no
119,me_land_0079,Land 0079,land,920,151,0.8993157,0.2954990,34,9,me_mordor_and_rhun,me_rhun_region,621cf8,no
120,me_land_0080,Land 0080,land,858,332,0.8387097,0.6497065,74,1,me_mordor_and_rhun,me_mordor_region,005471,no
121,me_land_0081,Land 0081,land,380,264,0.3714565,0.5166341,33,1,me_eriador,me_enedwaith_region,9e8bea,no
122,me_land_0082,Land 0082,land,287,327,0.2805474,0.6399217,36,1,me_eriador,me_lindon_region,3cc363,no
123,me_land_0083,Land 0083,land,713,150,0.6969697,0.2935421,52,1,me_mordor_and_rhun,me_rhun_region,dafadc,no
124,me_land_0084,Land 0084,land,544,234,0.5317693,0.4579256,34,1,me_rhovanion,me_anduin_vale_region,793255,no
125,me_land_0085,Land 0085,land,595,392,0.5816227,0.7671233,43,1,me_gondor,me_lebennin_region,1769ce,no
126,me_land_0086,Land 0086,land,236,273,0.2306940,0.5342466,48,1,me_eriador,me_lindon_region,b5a147,no
127,me_land_0087,Land 0087,land,656,155,0.6412512,0.3033268,36,3,me_rhovanion,me_dale_region,53d8c0,no
128,me_land_0088,Land 0088,land,779,487,0.7614858,0.9530333,48,10,me_harad,me_far_harad_region,f21039,no
129,me_land_0089,Land 0089,land,379,336,0.3704790,0.6575342,45,1,me_gondor,me_belfalas_region,9047b2,no
130,me_land_0090,Land 0090,land,603,121,0.5894428,0.2367906,65,1,me_rhovanion,me_grey_mountains_region,2e7f2b,no
131,me_land_0091,Land 0091,land,560,430,0.5474096,0.8414873,35,10,me_harad,me_near_harad_region,ccb6a4,no
132,me_land_0092,Land 0092,land,580,326,0.5669599,0.6379648,54,1,me_rhovanion,me_rohan_region,6aee1d,no
133,me_land_0093,Land 0093,land,711,346,0.6950147,0.6771037,52,8,me_mordor_and_rhun,me_mordor_region,092596,no
134,me_land_0094,Land 0094,land,475,431,0.4643206,0.8434442,60,10,me_harad,me_umbar_region,a75d0f,no
135,me_land_0095,Land 0095,land,776,323,0.7585533,0.6320939,64,8,me_mordor_and_rhun,me_mordor_region,459488,no
136,me_land_0096,Land 0096,land,698,187,0.6823069,0.3659491,51,1,me_mordor_and_rhun,me_rhun_region,e3cc01,no
137,me_land_0097,Land 0097,land,283,126,0.2766373,0.2465753,64,1,me_eriador,me_lindon_region,82037a,no
138,me_land_0098,Land 0098,land,648,414,0.6334311,0.8101761,38,1,me_gondor,me_south_gondor_region,203af3,no
139,me_land_0099,Land 0099,land,762,78,0.7448680,0.1526419,101,5,me_forodwaith,me_northern_wastes_region,be726c,no
140,me_land_0100,Land 0100,land,568,479,0.5552297,0.9373777,115,10,me_harad,me_near_harad_region,5ca9e5,no
141,me_land_0101,Land 0101,land,895,284,0.8748778,0.5557730,79,9,me_mordor_and_rhun,me_rhun_region,fae15e,no
142,me_land_0102,Land 0102,land,498,132,0.4868035,0.2583170,33,1,me_eriador,me_north_arnor_region,9918d7,no
143,me_land_0103,Land 0103,land,827,378,0.8084066,0.7397260,17,1,me_mordor_and_rhun,me_mordor_region,375050,no
144,me_land_0104,Land 0104,land,907,262,0.8866080,0.5127202,55,9,me_mordor_and_rhun,me_rhun_region,d587c9,no
145,me_land_0105,Land 0105,land,451,489,0.4408602,0.9569472,67,10,me_harad,me_umbar_region,73bf42,no
146,me_land_0106,Land 0106,land,495,463,0.4838710,0.9060665,47,10,me_harad,me_umbar_region,11f6bb,no
147,me_land_0107,Land 0107,land,641,430,0.6265885,0.8414873,76,10,me_harad,me_near_harad_region,b02e34,no
148,me_land_0108,Land 0108,land,255,139,0.2492669,0.2720157,49,1,me_eriador,me_lindon_region,4e65ad,no
149,me_land_0109,Land 0109,land,827,394,0.8084066,0.7710372,41,1,me_mordor_and_rhun,me_mordor_region,ec9d26,no
150,me_land_0110,Land 0110,land,445,231,0.4349951,0.4520548,46,1,me_eriador,me_shire_breeland_region,8ad49f,no
151,me_land_0111,Land 0111,land,223,167,0.2179863,0.3268102,39,1,me_eriador,me_lindon_region,290c18,no
152,me_land_0112,Land 0112,land,660,388,0.6451613,0.7592955,38,2,me_gondor,me_ithilien_region,c74391,no
153,me_land_0113,Land 0113,land,522,427,0.5102639,0.8356164,23,10,me_harad,me_umbar_region,657b0a,no
154,me_land_0114,Land 0114,land,329,114,0.3216031,0.2230920,92,5,me_forodwaith,me_forochel_region,03b283,no
155,me_land_0115,Land 0115,land,899,342,0.8787879,0.6692759,53,1,me_mordor_and_rhun,me_mordor_region,a1e9fc,no
156,me_land_0116,Land 0116,land,405,299,0.3958944,0.5851272,61,1,me_eriador,me_enedwaith_region,402175,no
157,me_land_0117,Land 0117,land,482,356,0.4711632,0.6966732,57,1,me_rhovanion,me_rohan_region,de58ee,no
158,me_land_0118,Land 0118,land,315,125,0.3079179,0.2446184,46,1,me_eriador,me_north_arnor_region,7c9067,no
159,me_land_0119,Land 0119,land,302,229,0.2952102,0.4481409,59,1,me_eriador,me_shire_breeland_region,1ac7e0,no
160,me_land_0120,Land 0120,land,641,404,0.6265885,0.7906067,39,1,me_gondor,me_south_gondor_region,b8ff59,no
161,me_land_0121,Land 0121,land,584,163,0.5708700,0.3189824,126,3,me_rhovanion,me_mirkwood_region,5736d2,no
162,me_land_0122,Land 0122,land,843,355,0.8240469,0.6947162,44,1,me_mordor_and_rhun,me_mordor_region,f56e4b,no
163,me_land_0123,Land 0123,land,484,392,0.4731183,0.7671233,51,1,me_gondor,me_belfalas_region,93a5c4,no
164,me_land_0124,Land 0124,land,334,200,0.3264907,0.3913894,55,1,me_eriador,me_shire_breeland_region,31dd3d,no
165,me_land_0125,Land 0125,land,889,402,0.8690127,0.7866928,26,1,me_mordor_and_rhun,me_mordor_region,d014b6,no
166,me_land_0126,Land 0126,land,836,431,0.8172043,0.8434442,52,10,me_harad,me_near_harad_region,6e4c2f,no
167,me_land_0127,Land 0127,land,368,430,0.3597263,0.8414873,56,10,me_harad,me_umbar_region,0c83a8,no
168,me_land_0128,Land 0128,land,252,308,0.2463343,0.6027397,52,1,me_eriador,me_lindon_region,aabb21,no
169,me_land_0129,Land 0129,land,671,150,0.6559140,0.2935421,33,1,me_rhovanion,me_dale_region,48f29a,no
170,me_land_0130,Land 0130,land,889,290,0.8690127,0.5675147,62,9,me_mordor_and_rhun,me_rhun_region,e72a13,no
171,me_land_0131,Land 0131,land,359,213,0.3509286,0.4168297,39,3,me_eriador,me_shire_breeland_region,85618c,no
172,me_land_0132,Land 0132,land,453,248,0.4428152,0.4853229,38,1,me_eriador,me_shire_breeland_region,239905,no
173,me_land_0133,Land 0133,land,469,215,0.4584555,0.4207436,57,1,me_eriador,me_shire_breeland_region,c1d07e,no
174,me_land_0134,Land 0134,land,625,424,0.6109482,0.8297456,50,10,me_gondor,me_south_gondor_region,6007f7,no
175,me_land_0135,Land 0135,land,443,424,0.4330401,0.8297456,61,10,me_gondor,me_belfalas_region,fe3f70,no
176,me_land_0136,Land 0136,land,558,129,0.5454545,0.2524462,26,1,me_rhovanion,me_grey_mountains_region,9c76e9,no
177,me_land_0137,Land 0137,land,552,314,0.5395894,0.6144814,35,1,me_rhovanion,me_rohan_region,3aae62,no
178,me_land_0138,Land 0138,land,706,346,0.6901271,0.6771037,99,8,me_mordor_and_rhun,me_mordor_region,d8e5db,no
179,me_land_0139,Land 0139,land,662,160,0.6471163,0.3131115,48,3,me_rhovanion,me_dale_region,771d54,no
180,me_land_0140,Land 0140,land,275,311,0.2688172,0.6086106,82,1,me_eriador,me_lindon_region,1554cd,no
181,me_land_0141,Land 0141,land,726,497,0.7096774,0.9726027,55,10,me_harad,me_far_harad_region,b38c46,no
182,me_land_0142,Land 0142,land,864,413,0.8445748,0.8082192,43,1,me_mordor_and_rhun,me_mordor_region,51c3bf,no
183,me_land_0143,Land 0143,land,879,225,0.8592375,0.4403131,54,9,me_mordor_and_rhun,me_rhun_region,effb38,no
184,me_land_0144,Land 0144,land,311,177,0.3040078,0.3463796,33,1,me_eriador,me_north_arnor_region,8e32b1,no
185,me_land_0145,Land 0145,land,430,240,0.4203324,0.4696673,39,1,me_eriador,me_shire_breeland_region,2c6a2a,no
186,me_land_0146,Land 0146,land,580,399,0.5669599,0.7808219,66,1,me_gondor,me_lebennin_region,caa1a3,no
187,me_land_0147,Land 0147,land,613,500,0.5992180,0.9784736,90,10,me_harad,me_far_harad_region,68d91c,no
188,me_land_0148,Land 0148,land,648,337,0.6334311,0.6594912,39,2,me_gondor,me_anorien_region,071095,no
189,me_land_0149,Land 0149,land,499,166,0.4877810,0.3248532,81,1,me_eriador,me_north_arnor_region,a5480e,no
190,me_land_0150,Land 0150,land,570,362,0.5571848,0.7084149,34,1,me_rhovanion,me_rohan_region,437f87,no
191,me_land_0151,Land 0151,land,270,143,0.2639296,0.2798434,57,1,me_eriador,me_lindon_region,e1b700,no
192,me_land_0152,Land 0152,land,683,99,0.6676442,0.1937378,119,5,me_forodwaith,me_northern_wastes_region,7fee79,no
193,me_land_0153,Land 0153,land,552,173,0.5395894,0.3385519,51,1,me_rhovanion,me_anduin_vale_region,1e25f2,no
194,me_land_0154,Land 0154,land,439,138,0.4291300,0.2700587,65,1,me_eriador,me_north_arnor_region,bc5d6b,no
195,me_land_0155,Land 0155,land,343,334,0.3352884,0.6536204,58,1,me_eriador,me_enedwaith_region,5a94e4,no
196,me_land_0156,Land 0156,land,891,151,0.8709677,0.2954990,60,9,me_mordor_and_rhun,me_rhun_region,f8cc5d,no
197,me_land_0157,Land 0157,land,497,285,0.4858260,0.5577299,47,1,me_rhovanion,me_anduin_vale_region,9703d6,no
198,me_land_0158,Land 0158,land,344,251,0.3362659,0.4911937,41,1,me_eriador,me_enedwaith_region,353b4f,no
199,me_land_0159,Land 0159,land,718,273,0.7018573,0.5342466,71,9,me_mordor_and_rhun,me_rhun_region,d372c8,no
200,me_land_0160,Land 0160,land,548,119,0.5356794,0.2328767,65,1,me_forodwaith,me_northern_wastes_region,71aa41,no
201,me_land_0161,Land 0161,land,453,424,0.4428152,0.8297456,46,10,me_gondor,me_belfalas_region,0fe1ba,no
202,me_land_0162,Land 0162,land,577,348,0.5640274,0.6810176,30,1,me_rhovanion,me_rohan_region,ae1933,no
203,me_land_0163,Land 0163,land,401,235,0.3919844,0.4598826,38,1,me_eriador,me_shire_breeland_region,4c50ac,no
204,me_land_0164,Land 0164,land,754,72,0.7370479,0.1409002,73,5,me_forodwaith,me_northern_wastes_region,ea8825,no
205,me_land_0165,Land 0165,land,547,160,0.5347019,0.3131115,36,1,me_rhovanion,me_anduin_vale_region,88bf9e,no
206,me_land_0166,Land 0166,land,296,320,0.2893451,0.6262231,67,1,me_eriador,me_lindon_region,26f717,no
207,me_land_0167,Land 0167,land,705,468,0.6891496,0.9158513,112,10,me_harad,me_near_harad_region,c52e90,no
208,me_land_0168,Land 0168,land,365,276,0.3567937,0.5401174,34,1,me_eriador,me_enedwaith_region,636609,no
209,me_land_0169,Land 0169,land,250,168,0.2443793,0.3287671,59,1,me_eriador,me_lindon_region,019d82,no
210,me_land_0170,Land 0170,land,862,133,0.8426197,0.2602740,77,9,me_mordor_and_rhun,me_rhun_region,9fd4fb,no
211,me_land_0171,Land 0171,land,761,138,0.7438905,0.2700587,55,9,me_mordor_and_rhun,me_rhun_region,3e0c74,no
212,me_land_0172,Land 0172,land,671,144,0.6559140,0.2818004,31,1,me_rhovanion,me_dale_region,dc43ed,no
213,me_land_0173,Land 0173,land,525,294,0.5131965,0.5753425,35,3,me_rhovanion,me_anduin_vale_region,7a7b66,no
214,me_land_0174,Land 0174,land,645,55,0.6304985,0.1076321,89,5,me_forodwaith,me_northern_wastes_region,18b2df,no
215,me_land_0175,Land 0175,land,725,432,0.7086999,0.8454012,46,10,me_harad,me_near_harad_region,b6ea58,no
216,me_land_0176,Land 0176,land,455,273,0.4447703,0.5342466,52,1,me_eriador,me_enedwaith_region,5521d1,no
217,me_land_0177,Land 0177,land,358,190,0.3499511,0.3718200,42,1,me_eriador,me_shire_breeland_region,f3594a,no
218,me_land_0178,Land 0178,land,886,273,0.8660802,0.5342466,43,9,me_mordor_and_rhun,me_rhun_region,9190c3,no
219,me_land_0179,Land 0179,land,531,255,0.5190616,0.4990215,55,1,me_rhovanion,me_anduin_vale_region,2fc83c,no
220,me_land_0180,Land 0180,land,814,130,0.7956989,0.2544031,61,9,me_mordor_and_rhun,me_rhun_region,cdffb5,no
221,me_land_0181,Land 0181,land,490,230,0.4789834,0.4500978,46,1,me_eriador,me_shire_breeland_region,6c372e,no
222,me_land_0182,Land 0182,land,497,137,0.4858260,0.2681018,41,1,me_eriador,me_north_arnor_region,0a6ea7,no
223,me_land_0183,Land 0183,land,878,416,0.8582600,0.8140900,55,1,me_mordor_and_rhun,me_mordor_region,a8a620,no
224,me_land_0184,Land 0184,land,815,151,0.7966764,0.2954990,49,9,me_mordor_and_rhun,me_rhun_region,46dd99,no
225,me_land_0185,Land 0185,land,425,21,0.4154448,0.0410959,87,5,me_forodwaith,me_angmar_region,e51512,no
226,me_land_0186,Land 0186,land,677,132,0.6617791,0.2583170,83,1,me_rhovanion,me_grey_mountains_region,834c8b,no
227,me_land_0187,Land 0187,land,661,415,0.6461388,0.8121331,35,1,me_gondor,me_south_gondor_region,218404,no
228,me_land_0188,Land 0188,land,568,131,0.5552297,0.2563601,30,1,me_rhovanion,me_grey_mountains_region,bfbb7d,no
229,me_land_0189,Land 0189,land,359,246,0.3509286,0.4814090,42,1,me_eriador,me_shire_breeland_region,5df2f6,no
230,me_land_0190,Land 0190,land,788,321,0.7702835,0.6281800,73,8,me_mordor_and_rhun,me_mordor_region,fc2a6f,no
231,me_land_0191,Land 0191,land,479,469,0.4682307,0.9178082,36,10,me_harad,me_umbar_region,9a61e8,no
232,me_land_0192,Land 0192,land,620,158,0.6060606,0.3091977,42,3,me_rhovanion,me_dale_region,389961,no
233,me_land_0193,Land 0193,land,319,209,0.3118280,0.4090020,27,1,me_eriador,me_shire_breeland_region,d6d0da,no
234,me_land_0194,Land 0194,land,635,402,0.6207234,0.7866928,37,1,me_gondor,me_south_gondor_region,750853,no
235,me_land_0195,Land 0195,land,333,286,0.3255132,0.5596869,44,1,me_eriador,me_enedwaith_region,133fcc,no
236,me_land_0196,Land 0196,land,507,374,0.4956012,0.7318982,41,1,me_rhovanion,me_rohan_region,b17745,no
237,me_land_0197,Land 0197,land,699,420,0.6832845,0.8219178,52,1,me_mordor_and_rhun,me_khand_region,4faebe,no
238,me_land_0198,Land 0198,land,372,339,0.3636364,0.6634051,48,1,me_gondor,me_belfalas_region,ede637,no
239,me_land_0199,Land 0199,land,742,335,0.7253177,0.6555773,58,8,me_mordor_and_rhun,me_mordor_region,8c1db0,no
240,me_land_0200,Land 0200,land,415,289,0.4056696,0.5655577,43,1,me_eriador,me_enedwaith_region,2a5529,no
241,me_land_0201,Land 0201,land,667,121,0.6520039,0.2367906,65,1,me_rhovanion,me_grey_mountains_region,c88ca2,no
242,me_land_0202,Land 0202,land,507,359,0.4956012,0.7025440,63,1,me_rhovanion,me_rohan_region,66c41b,no
243,me_land_0203,Land 0203,land,342,273,0.3343109,0.5342466,53,1,me_eriador,me_enedwaith_region,04fb94,no
244,me_land_0204,Land 0204,land,600,107,0.5865103,0.2093933,106,5,me_forodwaith,me_northern_wastes_region,a3330d,no
245,me_land_0205,Land 0205,land,569,188,0.5562072,0.3679061,50,3,me_rhovanion,me_mirkwood_region,416a86,no
246,me_land_0206,Land 0206,land,442,446,0.4320626,0.8727984,53,10,me_harad,me_umbar_region,dfa1ff,no
247,me_land_0207,Land 0207,land,385,451,0.3763441,0.8825832,50,10,me_harad,me_umbar_region,7dd978,no
248,me_land_0208,Land 0208,land,623,185,0.6089932,0.3620352,60,3,me_rhovanion,me_dale_region,1c10f1,no
249,me_land_0209,Land 0209,land,409,193,0.3998045,0.3776908,32,1,me_eriador,me_shire_breeland_region,ba486a,no
250,me_land_0210,Land 0210,land,424,219,0.4144673,0.4285714,53,1,me_eriador,me_shire_breeland_region,587fe3,no
251,me_land_0211,Land 0211,land,788,263,0.7702835,0.5146771,47,9,me_mordor_and_rhun,me_rhun_region,f6b75c,no
252,me_land_0212,Land 0212,land,356,158,0.3479961,0.3091977,36,1,me_eriador,me_north_arnor_region,94eed5,no
253,me_land_0213,Land 0213,land,661,392,0.6461388,0.7671233,44,1,me_gondor,me_ithilien_region,33264e,no
254,me_land_0214,Land 0214,land,832,295,0.8132942,0.5772994,34,9,me_mordor_and_rhun,me_mordor_region,d15dc7,no
255,me_land_0215,Land 0215,land,434,252,0.4242424,0.4931507,39,1,me_eriador,me_enedwaith_region,6f9540,no
256,me_land_0216,Land 0216,land,536,318,0.5239492,0.6223092,62,3,me_rhovanion,me_rohan_region,0dccb9,no
257,me_land_0217,Land 0217,land,868,237,0.8484848,0.4637965,68,9,me_mordor_and_rhun,me_rhun_region,ac0432,no
258,me_land_0218,Land 0218,land,340,258,0.3323558,0.5048924,28,1,me_eriador,me_enedwaith_region,4a3bab,no
259,me_land_0219,Land 0219,land,518,145,0.5063539,0.2837573,42,1,me_rhovanion,me_anduin_vale_region,e87324,no
260,me_land_0220,Land 0220,land,558,143,0.5454545,0.2798434,47,1,me_rhovanion,me_mirkwood_region,86aa9d,no
261,me_land_0221,Land 0221,land,625,170,0.6109482,0.3326810,30,3,me_rhovanion,me_dale_region,24e216,no
262,me_land_0222,Land 0222,land,563,145,0.5503421,0.2837573,43,1,me_rhovanion,me_mirkwood_region,c3198f,no
263,me_land_0223,Land 0223,land,423,435,0.4134897,0.8512720,40,10,me_harad,me_umbar_region,615108,no
264,me_land_0224,Land 0224,land,385,238,0.3763441,0.4657534,49,1,me_eriador,me_shire_breeland_region,ff8881,no
265,me_land_0225,Land 0225,land,812,360,0.7937439,0.7045010,63,8,me_mordor_and_rhun,me_mordor_region,9dbffa,no
266,me_land_0226,Land 0226,land,807,411,0.7888563,0.8043053,48,1,me_mordor_and_rhun,me_mordor_region,3bf773,no
267,me_land_0227,Land 0227,land,912,145,0.8914956,0.2837573,53,9,me_mordor_and_rhun,me_rhun_region,da2eec,no
268,me_land_0228,Land 0228,land,345,429,0.3372434,0.8395303,99,10,me_harad,me_umbar_region,786665,no
269,me_land_0229,Land 0229,land,615,371,0.6011730,0.7260274,30,1,me_rhovanion,me_rohan_region,169dde,no
270,me_land_0230,Land 0230,land,401,169,0.3919844,0.3307241,55,1,me_eriador,me_north_arnor_region,b4d557,no
271,me_land_0231,Land 0231,land,551,381,0.5386119,0.7455969,29,1,me_rhovanion,me_rohan_region,530cd0,no
272,me_land_0232,Land 0232,land,629,402,0.6148583,0.7866928,43,1,me_gondor,me_south_gondor_region,f14449,no
273,me_land_0233,Land 0233,land,552,43,0.5395894,0.0841487,50,5,me_forodwaith,me_northern_wastes_region,8f7bc2,no
274,me_land_0234,Land 0234,land,665,410,0.6500489,0.8023483,36,1,me_gondor,me_south_gondor_region,2db33b,no
275,me_land_0235,Land 0235,land,799,331,0.7810362,0.6477495,53,8,me_mordor_and_rhun,me_mordor_region,cbeab4,no
276,me_land_0236,Land 0236,land,857,309,0.8377322,0.6046967,57,9,me_mordor_and_rhun,me_mordor_region,6a222d,no
277,me_land_0237,Land 0237,land,434,355,0.4242424,0.6947162,32,1,me_gondor,me_belfalas_region,0859a6,no
278,me_land_0238,Land 0238,land,373,230,0.3646139,0.4500978,50,3,me_eriador,me_shire_breeland_region,a6911f,no
279,me_land_0239,Land 0239,land,232,293,0.2267840,0.5733855,70,1,me_eriador,me_lindon_region,44c898,no
280,me_land_0240,Land 0240,land,749,494,0.7321603,0.9667319,66,10,me_harad,me_far_harad_region,e30011,no
281,me_land_0241,Land 0241,land,615,47,0.6011730,0.0919765,92,5,me_forodwaith,me_northern_wastes_region,81378a,no
282,me_land_0242,Land 0242,land,530,208,0.5180841,0.4070450,87,1,me_rhovanion,me_anduin_vale_region,1f6f03,no
283,me_land_0243,Land 0243,land,764,492,0.7468231,0.9628180,55,10,me_harad,me_far_harad_region,bda67c,no
284,me_land_0244,Land 0244,land,423,471,0.4134897,0.9217221,36,10,me_harad,me_umbar_region,5bddf5,no
285,me_land_0245,Land 0245,land,552,372,0.5395894,0.7279843,34,1,me_rhovanion,me_rohan_region,fa156e,no
286,me_land_0246,Land 0246,land,595,158,0.5816227,0.3091977,76,3,me_rhovanion,me_mirkwood_region,984ce7,no
287,me_land_0247,Land 0247,land,621,52,0.6070381,0.1017613,106,5,me_forodwaith,me_northern_wastes_region,368460,no
288,me_land_0248,Land 0248,land,796,93,0.7781036,0.1819961,63,5,me_forodwaith,me_northern_wastes_region,d4bbd9,no
289,me_land_0249,Land 0249,land,405,315,0.3958944,0.6164384,74,1,me_eriador,me_enedwaith_region,72f352,no
290,me_land_0250,Land 0250,land,619,168,0.6050831,0.3287671,34,3,me_rhovanion,me_dale_region,112acb,no
291,me_land_0251,Land 0251,land,619,279,0.6050831,0.5459883,80,9,me_rhovanion,me_mirkwood_region,af6244,no
292,me_land_0252,Land 0252,land,384,50,0.3753666,0.0978474,136,5,me_forodwaith,me_forochel_region,4d99bd,no
293,me_land_0253,Land 0253,land,237,194,0.2316716,0.3796477,31,1,me_eriador,me_lindon_region,ebd136,no
294,me_land_0254,Land 0254,land,908,247,0.8875855,0.4833659,40,9,me_mordor_and_rhun,me_rhun_region,8a08af,no
295,me_land_0255,Land 0255,land,660,238,0.6451613,0.4657534,50,3,me_rhovanion,me_mirkwood_region,284028,no
296,me_land_0256,Land 0256,land,709,130,0.6930596,0.2544031,59,1,me_mordor_and_rhun,me_rhun_region,c677a1,no
297,me_land_0257,Land 0257,land,775,152,0.7575758,0.2974560,95,9,me_mordor_and_rhun,me_rhun_region,64af1a,no
298,me_land_0258,Land 0258,land,783,65,0.7653959,0.1272016,99,5,me_forodwaith,me_northern_wastes_region,02e693,no
299,me_land_0259,Land 0259,land,443,180,0.4330401,0.3522505,41,1,me_eriador,me_shire_breeland_region,a11e0c,no
300,me_land_0260,Land 0260,land,576,395,0.5630499,0.7729941,34,1,me_gondor,me_lebennin_region,3f5585,no
301,me_land_0261,Land 0261,land,383,147,0.3743891,0.2876712,83,1,me_eriador,me_north_arnor_region,dd8cfe,no
302,me_land_0262,Land 0262,land,373,246,0.3646139,0.4814090,55,1,me_eriador,me_shire_breeland_region,7bc477,no
303,me_land_0263,Land 0263,land,608,339,0.5943304,0.6634051,37,1,me_rhovanion,me_rohan_region,19fbf0,no
304,me_land_0264,Land 0264,land,334,242,0.3264907,0.4735812,43,1,me_eriador,me_shire_breeland_region,b83369,no
305,me_land_0265,Land 0265,land,880,395,0.8602151,0.7729941,60,1,me_mordor_and_rhun,me_mordor_region,566ae2,no
306,me_land_0266,Land 0266,land,494,267,0.4828935,0.5225049,41,1,me_rhovanion,me_anduin_vale_region,f4a25b,no
307,me_land_0267,Land 0267,land,687,236,0.6715543,0.4618395,46,1,me_mordor_and_rhun,me_rhun_region,92d9d4,no
308,me_land_0268,Land 0268,land,338,88,0.3304008,0.1722114,109,5,me_forodwaith,me_forochel_region,31114d,no
309,me_land_0269,Land 0269,land,580,312,0.5669599,0.6105675,54,1,me_rhovanion,me_rohan_region,cf48c6,no
310,me_land_0270,Land 0270,land,636,166,0.6217009,0.3248532,34,3,me_rhovanion,me_dale_region,6d803f,no
311,me_land_0271,Land 0271,land,560,158,0.5474096,0.3091977,45,1,me_rhovanion,me_mirkwood_region,0bb7b8,no
312,me_land_0272,Land 0272,land,887,316,0.8670577,0.6183953,47,1,me_mordor_and_rhun,me_mordor_region,a9ef31,no
313,me_land_0273,Land 0273,land,555,205,0.5425220,0.4011742,66,3,me_rhovanion,me_mirkwood_region,4826aa,no
314,me_land_0274,Land 0274,land,404,444,0.3949169,0.8688845,51,10,me_harad,me_umbar_region,e65e23,no
315,me_land_0275,Land 0275,land,921,158,0.9002933,0.3091977,44,9,me_mordor_and_rhun,me_rhun_region,84959c,no
316,me_land_0276,Land 0276,land,667,200,0.6520039,0.3913894,34,3,me_rhovanion,me_dale_region,22cd15,no
317,me_land_0277,Land 0277,land,733,442,0.7165200,0.8649706,70,10,me_harad,me_near_harad_region,c1048e,no
318,me_land_0278,Land 0278,land,695,139,0.6793744,0.2720157,61,1,me_mordor_and_rhun,me_rhun_region,5f3c07,no
319,me_land_0279,Land 0279,land,369,131,0.3607038,0.2563601,45,1,me_eriador,me_north_arnor_region,fd7380,no
320,me_land_0280,Land 0280,land,310,157,0.3030303,0.3072407,71,1,me_eriador,me_north_arnor_region,9baaf9,no
321,me_land_0281,Land 0281,land,405,45,0.3958944,0.0880626,46,5,me_forodwaith,me_angmar_region,39e272,no
322,me_land_0282,Land 0282,land,763,348,0.7458456,0.6810176,39,8,me_mordor_and_rhun,me_mordor_region,d819eb,no
323,me_land_0283,Land 0283,land,296,292,0.2893451,0.5714286,75,1,me_eriador,me_lindon_region,765164,no
324,me_land_0284,Land 0284,land,695,461,0.6793744,0.9021526,82,10,me_harad,me_near_harad_region,1488dd,no
325,me_land_0285,Land 0285,land,806,364,0.7878788,0.7123288,51,8,me_mordor_and_rhun,me_mordor_region,b2c056,no
326,me_land_0286,Land 0286,land,782,465,0.7644184,0.9099804,128,10,me_harad,me_near_harad_region,50f7cf,no
327,me_land_0287,Land 0287,land,323,330,0.3157380,0.6457926,74,1,me_eriador,me_enedwaith_region,ef2f48,no
328,me_land_0288,Land 0288,land,895,367,0.8748778,0.7181996,99,1,me_mordor_and_rhun,me_mordor_region,8d66c1,no
329,me_land_0289,Land 0289,land,361,275,0.3528837,0.5381605,30,1,me_eriador,me_enedwaith_region,2b9e3a,no
330,me_land_0290,Land 0290,land,829,75,0.8103617,0.1467710,42,1,me_forodwaith,me_northern_wastes_region,c9d5b3,no
331,me_land_0291,Land 0291,land,518,290,0.5063539,0.5675147,60,1,me_rhovanion,me_anduin_vale_region,680d2c,no
332,me_land_0292,Land 0292,land,854,202,0.8347996,0.3953033,74,9,me_mordor_and_rhun,me_rhun_region,0644a5,no
333,me_land_0293,Land 0293,land,431,464,0.4213099,0.9080235,72,10,me_harad,me_umbar_region,a47c1e,no
334,me_land_0294,Land 0294,land,689,436,0.6735093,0.8532290,74,10,me_harad,me_near_harad_region,42b397,no
335,me_land_0295,Land 0295,land,792,388,0.7741935,0.7592955,60,8,me_mordor_and_rhun,me_mordor_region,e0eb10,no
336,me_land_0296,Land 0296,land,451,274,0.4408602,0.5362035,29,1,me_eriador,me_enedwaith_region,7f2289,no
337,me_land_0297,Land 0297,land,466,440,0.4555230,0.8610568,58,10,me_harad,me_umbar_region,1d5a02,no
338,me_land_0298,Land 0298,land,544,267,0.5317693,0.5225049,35,1,me_rhovanion,me_anduin_vale_region,bb917b,no
339,me_land_0299,Land 0299,land,852,405,0.8328446,0.7925636,53,1,me_mordor_and_rhun,me_mordor_region,59c8f4,no
340,me_land_0300,Land 0300,land,710,351,0.6940371,0.6868885,41,8,me_mordor_and_rhun,me_mordor_region,f8006d,no
341,me_land_0301,Land 0301,land,521,323,0.5092864,0.6320939,32,3,me_rhovanion,me_rohan_region,9637e6,no
342,me_land_0302,Land 0302,land,403,350,0.3939394,0.6849315,54,1,me_gondor,me_belfalas_region,346f5f,no
343,me_land_0303,Land 0303,land,600,310,0.5865103,0.6066536,46,9,me_rhovanion,me_rohan_region,d2a6d8,no
344,me_land_0304,Land 0304,land,729,64,0.7126100,0.1252446,84,5,me_forodwaith,me_northern_wastes_region,70de51,no
345,me_land_0305,Land 0305,land,281,368,0.2746823,0.7201566,56,1,me_gondor,me_belfalas_region,0f15ca,no
346,me_land_0306,Land 0306,land,367,69,0.3587488,0.1350294,89,5,me_forodwaith,me_forochel_region,ad4d43,no
347,me_land_0307,Land 0307,land,332,34,0.3245357,0.0665362,130,5,me_forodwaith,me_forochel_region,4b84bc,no
348,me_land_0308,Land 0308,land,634,198,0.6197458,0.3874755,29,3,me_rhovanion,me_dale_region,e9bc35,no
349,me_land_0309,Land 0309,land,534,248,0.5219941,0.4853229,48,1,me_rhovanion,me_anduin_vale_region,87f3ae,no
350,me_land_0310,Land 0310,land,661,400,0.6461388,0.7827789,33,1,me_gondor,me_ithilien_region,262b27,no
351,me_land_0311,Land 0311,land,577,437,0.5640274,0.8551859,48,10,me_harad,me_near_harad_region,c462a0,no
352,me_land_0312,Land 0312,land,671,302,0.6559140,0.5909980,78,6,me_rhovanion,me_rohan_region,629a19,no
353,me_land_0313,Land 0313,land,618,335,0.6041056,0.6555773,34,1,me_rhovanion,me_rohan_region,00d192,no
354,me_land_0314,Land 0314,land,897,255,0.8768328,0.4990215,51,9,me_mordor_and_rhun,me_rhun_region,9f090b,no
355,me_land_0315,Land 0315,land,815,119,0.7966764,0.2328767,44,1,me_forodwaith,me_northern_wastes_region,3d4084,no
356,me_land_0316,Land 0316,land,774,476,0.7565982,0.9315068,80,10,me_harad,me_near_harad_region,db77fd,no
357,me_land_0317,Land 0317,land,561,202,0.5483871,0.3953033,52,3,me_rhovanion,me_mirkwood_region,79af76,no
358,me_land_0318,Land 0318,land,721,102,0.7047898,0.1996086,83,5,me_forodwaith,me_northern_wastes_region,17e6ef,no
359,me_land_0319,Land 0319,land,361,339,0.3528837,0.6634051,74,1,me_gondor,me_belfalas_region,b61e68,no
360,me_land_0320,Land 0320,land,523,466,0.5112414,0.9119374,49,10,me_harad,me_umbar_region,5455e1,no
361,me_land_0321,Land 0321,land,662,214,0.6471163,0.4187867,62,3,me_rhovanion,me_dale_region,f28d5a,no
362,me_land_0322,Land 0322,land,685,175,0.6695992,0.3424658,37,1,me_mordor_and_rhun,me_rhun_region,90c4d3,no
363,me_land_0323,Land 0323,land,850,450,0.8308895,0.8806262,78,10,me_harad,me_near_harad_region,2efc4c,no
364,me_land_0324,Land 0324,land,601,98,0.5874878,0.1917808,129,5,me_forodwaith,me_northern_wastes_region,cd33c5,no
365,me_land_0325,Land 0325,land,587,383,0.5738025,0.7495108,39,1,me_rhovanion,me_rohan_region,6b6b3e,no
366,me_land_0326,Land 0326,land,382,71,0.3734115,0.1389432,82,5,me_forodwaith,me_forochel_region,09a2b7,no
367,me_land_0327,Land 0327,land,465,295,0.4545455,0.5772994,56,1,me_eriador,me_enedwaith_region,a7da30,no
368,me_land_0328,Land 0328,land,576,323,0.5630499,0.6320939,41,1,me_rhovanion,me_rohan_region,4611a9,no
369,me_land_0329,Land 0329,land,516,437,0.5043988,0.8551859,54,10,me_harad,me_umbar_region,e44922,no
370,me_land_0330,Land 0330,land,558,266,0.5454545,0.5205479,39,1,me_rhovanion,me_mirkwood_region,82809b,no
371,me_land_0331,Land 0331,land,386,323,0.3773216,0.6320939,69,1,me_eriador,me_enedwaith_region,20b814,no
372,me_land_0332,Land 0332,land,445,218,0.4349951,0.4266145,54,1,me_eriador,me_shire_breeland_region,beef8d,no
373,me_land_0333,Land 0333,land,560,360,0.5474096,0.7045010,18,1,me_rhovanion,me_rohan_region,5d2706,no
374,me_land_0334,Land 0334,land,343,136,0.3352884,0.2661448,59,1,me_eriador,me_north_arnor_region,fb5e7f,no
375,me_land_0335,Land 0335,land,430,309,0.4203324,0.6046967,48,1,me_eriador,me_enedwaith_region,9995f8,no
376,me_land_0336,Land 0336,land,485,181,0.4740958,0.3542074,35,1,me_eriador,me_shire_breeland_region,37cd71,no
377,me_land_0337,Land 0337,land,795,478,0.7771261,0.9354207,87,10,me_harad,me_near_harad_region,d604ea,no
378,me_land_0338,Land 0338,land,788,339,0.7702835,0.6634051,70,8,me_mordor_and_rhun,me_mordor_region,743c63,no
379,me_land_0339,Land 0339,land,688,187,0.6725318,0.3659491,51,1,me_mordor_and_rhun,me_rhun_region,1273dc,no
380,me_land_0340,Land 0340,land,496,256,0.4848485,0.5009785,39,1,me_rhovanion,me_anduin_vale_region,b0ab55,no
381,me_land_0341,Land 0341,land,767,485,0.7497556,0.9491194,39,10,me_harad,me_far_harad_region,4ee2ce,no
382,me_land_0342,Land 0342,land,664,40,0.6490714,0.0782779,152,5,me_forodwaith,me_northern_wastes_region,ed1a47,no
383,me_land_0343,Land 0343,land,554,364,0.5415445,0.7123288,34,1,me_rhovanion,me_rohan_region,8b51c0,no
384,me_land_0344,Land 0344,land,642,104,0.6275660,0.2035225,76,5,me_forodwaith,me_northern_wastes_region,298939,no
385,me_land_0345,Land 0345,land,443,171,0.4330401,0.3346380,35,1,me_eriador,me_north_arnor_region,c7c0b2,no
386,me_land_0346,Land 0346,land,510,443,0.4985337,0.8669276,37,10,me_harad,me_umbar_region,65f82b,no
387,me_land_0347,Land 0347,land,366,184,0.3577713,0.3600783,42,1,me_eriador,me_shire_breeland_region,042fa4,no
388,me_land_0348,Land 0348,land,753,135,0.7360704,0.2641879,77,9,me_mordor_and_rhun,me_rhun_region,a2671d,no
389,me_land_0349,Land 0349,land,600,128,0.5865103,0.2504892,88,1,me_rhovanion,me_grey_mountains_region,409e96,no
390,me_land_0350,Land 0350,land,254,234,0.2482893,0.4579256,41,1,me_eriador,me_lindon_region,ded60f,no
391,me_land_0351,Land 0351,land,657,149,0.6422287,0.2915851,33,3,me_rhovanion,me_dale_region,7d0d88,no
392,me_land_0352,Land 0352,land,476,320,0.4652981,0.6262231,57,1,me_rhovanion,me_rohan_region,1b4501,no
393,me_land_0353,Land 0353,land,297,147,0.2903226,0.2876712,37,1,me_eriador,me_north_arnor_region,b97c7a,no
394,me_land_0354,Land 0354,land,333,184,0.3255132,0.3600783,45,1,me_eriador,me_shire_breeland_region,57b3f3,no
395,me_land_0355,Land 0355,land,410,312,0.4007820,0.6105675,43,1,me_eriador,me_enedwaith_region,f5eb6c,no
396,me_land_0356,Land 0356,land,598,274,0.5845552,0.5362035,50,9,me_rhovanion,me_mirkwood_region,9422e5,no
397,me_land_0357,Land 0357,land,372,168,0.3636364,0.3287671,34,1,me_eriador,me_north_arnor_region,325a5e,no
398,me_land_0358,Land 0358,land,348,187,0.3401760,0.3659491,45,1,me_eriador,me_shire_breeland_region,d091d7,no
399,me_land_0359,Land 0359,land,790,345,0.7722385,0.6751468,32,8,me_mordor_and_rhun,me_mordor_region,6ec950,no
400,me_land_0360,Land 0360,land,458,264,0.4477028,0.5166341,32,1,me_eriador,me_enedwaith_region,0d00c9,no
401,me_land_0361,Land 0361,land,606,399,0.5923754,0.7808219,37,1,me_gondor,me_lebennin_region,ab3842,no
402,me_land_0362,Land 0362,land,871,259,0.8514174,0.5068493,84,9,me_mordor_and_rhun,me_rhun_region,496fbb,no
403,me_land_0363,Land 0363,land,837,184,0.8181818,0.3600783,70,9,me_mordor_and_rhun,me_rhun_region,e7a734,no
404,me_land_0364,Land 0364,land,681,310,0.6656891,0.6066536,135,6,me_mordor_and_rhun,me_mordor_region,85dead,no
405,me_land_0365,Land 0365,land,718,321,0.7018573,0.6281800,83,8,me_mordor_and_rhun,me_mordor_region,241626,no
406,me_land_0366,Land 0366,land,472,367,0.4613881,0.7181996,70,1,me_rhovanion,me_rohan_region,c24d9f,no
407,me_land_0367,Land 0367,land,897,352,0.8768328,0.6888454,59,1,me_mordor_and_rhun,me_mordor_region,608518,no
408,me_land_0368,Land 0368,land,360,444,0.3519062,0.8688845,72,10,me_harad,me_umbar_region,febc91,no
409,me_land_0369,Land 0369,land,480,47,0.4692082,0.0919765,112,5,me_forodwaith,me_angmar_region,9cf40a,no
410,me_land_0370,Land 0370,land,887,350,0.8670577,0.6849315,57,1,me_mordor_and_rhun,me_mordor_region,3b2b83,no
411,me_land_0371,Land 0371,land,435,167,0.4252199,0.3268102,59,1,me_eriador,me_north_arnor_region,d962fc,no
412,me_land_0372,Land 0372,land,313,145,0.3059629,0.2837573,70,1,me_eriador,me_north_arnor_region,779a75,no
413,me_land_0373,Land 0373,land,658,501,0.6432063,0.9804305,88,10,me_harad,me_far_harad_region,15d1ee,no
414,me_land_0374,Land 0374,land,401,154,0.3919844,0.3013699,58,1,me_eriador,me_north_arnor_region,b40967,no
415,me_land_0375,Land 0375,land,668,271,0.6529814,0.5303327,56,1,me_rhovanion,me_mirkwood_region,5240e0,no
416,me_land_0376,Land 0376,land,888,297,0.8680352,0.5812133,37,9,me_mordor_and_rhun,me_mordor_region,f07859,no
417,me_land_0377,Land 0377,land,616,294,0.6021505,0.5753425,37,9,me_rhovanion,me_brown_lands_region,8eafd2,no
418,me_land_0378,Land 0378,land,315,173,0.3079179,0.3385519,35,1,me_eriador,me_north_arnor_region,2ce74b,no
419,me_land_0379,Land 0379,land,727,223,0.7106549,0.4363992,51,9,me_mordor_and_rhun,me_rhun_region,cb1ec4,no
420,me_land_0380,Land 0380,land,863,178,0.8435973,0.3483366,53,9,me_mordor_and_rhun,me_rhun_region,69563d,no
421,me_land_0381,Land 0381,land,553,220,0.5405670,0.4305284,68,1,me_rhovanion,me_mirkwood_region,078db6,no
422,me_land_0382,Land 0382,land,800,481,0.7820137,0.9412916,45,10,me_harad,me_far_harad_region,a5c52f,no
423,me_land_0383,Land 0383,land,464,315,0.4535679,0.6164384,59,1,me_eriador,me_enedwaith_region,43fca8,no
424,me_land_0384,Land 0384,land,264,147,0.2580645,0.2876712,66,1,me_eriador,me_lindon_region,e23421,no
425,me_land_0385,Land 0385,land,604,420,0.5904203,0.8219178,57,1,me_gondor,me_lebennin_region,806b9a,no
426,me_land_0386,Land 0386,land,702,183,0.6862170,0.3581213,46,1,me_mordor_and_rhun,me_rhun_region,1ea313,no
427,me_land_0387,Land 0387,land,828,402,0.8093842,0.7866928,48,1,me_mordor_and_rhun,me_mordor_region,bcda8c,no
428,me_land_0388,Land 0388,land,304,107,0.2971652,0.2093933,74,5,me_forodwaith,me_forochel_region,5b1205,no
429,me_land_0389,Land 0389,land,336,303,0.3284457,0.5929550,58,1,me_eriador,me_enedwaith_region,f9497e,no
430,me_land_0390,Land 0390,land,519,239,0.5073314,0.4677104,29,1,me_rhovanion,me_anduin_vale_region,9780f7,no
431,me_land_0391,Land 0391,land,358,58,0.3499511,0.1135029,95,5,me_forodwaith,me_forochel_region,35b870,no
432,me_land_0392,Land 0392,land,443,175,0.4330401,0.3424658,24,1,me_eriador,me_north_arnor_region,d3efe9,no
433,me_land_0393,Land 0393,land,697,164,0.6813294,0.3209393,45,1,me_mordor_and_rhun,me_rhun_region,722762,no
434,me_land_0394,Land 0394,land,210,145,0.2052786,0.2837573,74,1,me_eriador,me_lindon_region,105edb,no
435,me_land_0395,Land 0395,land,589,476,0.5757576,0.9315068,86,10,me_harad,me_near_harad_region,ae9654,no
436,me_land_0396,Land 0396,land,735,169,0.7184751,0.3307241,39,9,me_mordor_and_rhun,me_rhun_region,4ccdcd,no
437,me_land_0397,Land 0397,land,517,461,0.5053763,0.9021526,34,10,me_harad,me_umbar_region,eb0546,no
438,me_land_0398,Land 0398,land,584,47,0.5708700,0.0919765,84,5,me_forodwaith,me_northern_wastes_region,893cbf,no
439,me_land_0399,Land 0399,land,391,280,0.3822092,0.5479452,42,1,me_eriador,me_enedwaith_region,277438,no
440,me_land_0400,Land 0400,land,722,149,0.7057674,0.2915851,61,9,me_mordor_and_rhun,me_rhun_region,c5abb1,no
441,me_land_0401,Land 0401,land,541,384,0.5288368,0.7514677,39,1,me_gondor,me_belfalas_region,63e32a,no
442,me_land_0402,Land 0402,land,429,248,0.4193548,0.4853229,55,1,me_eriador,me_shire_breeland_region,021aa3,no
443,me_land_0403,Land 0403,land,538,204,0.5259042,0.3992172,53,1,me_rhovanion,me_anduin_vale_region,a0521c,no
444,me_land_0404,Land 0404,land,612,130,0.5982405,0.2544031,90,3,me_rhovanion,me_grey_mountains_region,3e8995,no
445,me_land_0405,Land 0405,land,675,435,0.6598240,0.8512720,54,10,me_harad,me_near_harad_region,dcc10e,no
446,me_land_0406,Land 0406,land,387,160,0.3782991,0.3131115,40,1,me_eriador,me_north_arnor_region,7af887,no
447,me_land_0407,Land 0407,land,829,96,0.8103617,0.1878669,36,1,me_forodwaith,me_northern_wastes_region,193000,no
448,me_land_0408,Land 0408,land,842,80,0.8230694,0.1565558,42,1,me_forodwaith,me_northern_wastes_region,b76779,no
449,me_land_0409,Land 0409,land,571,496,0.5581623,0.9706458,135,10,me_harad,me_far_harad_region,559ef2,no
450,me_land_0410,Land 0410,land,830,428,0.8113392,0.8375734,56,10,me_harad,me_near_harad_region,f3d66b,no
451,me_land_0411,Land 0411,land,620,475,0.6060606,0.9295499,82,10,me_harad,me_near_harad_region,920de4,no
452,me_land_0412,Land 0412,land,610,310,0.5962854,0.6066536,60,9,me_rhovanion,me_rohan_region,30455d,no
453,me_land_0413,Land 0413,land,763,185,0.7458456,0.3620352,47,9,me_mordor_and_rhun,me_rhun_region,ce7cd6,no
454,me_land_0414,Land 0414,land,861,290,0.8416422,0.5675147,54,9,me_mordor_and_rhun,me_rhun_region,6cb44f,no
455,me_land_0415,Land 0415,land,233,40,0.2277615,0.0782779,118,5,me_forodwaith,me_forochel_region,0aebc8,no
456,me_land_0416,Land 0416,land,753,148,0.7360704,0.2896282,34,9,me_mordor_and_rhun,me_rhun_region,a92341,no
457,me_land_0417,Land 0417,land,673,481,0.6578690,0.9412916,53,10,me_harad,me_far_harad_region,475aba,no
458,me_land_0418,Land 0418,land,843,383,0.8240469,0.7495108,44,1,me_mordor_and_rhun,me_mordor_region,e59233,no
459,me_land_0419,Land 0419,land,762,274,0.7448680,0.5362035,64,9,me_mordor_and_rhun,me_rhun_region,83c9ac,no
460,me_land_0420,Land 0420,land,228,133,0.2228739,0.2602740,54,1,me_eriador,me_lindon_region,220125,no
461,me_land_0421,Land 0421,land,761,162,0.7438905,0.3170254,39,9,me_mordor_and_rhun,me_rhun_region,c0389e,no
462,me_land_0422,Land 0422,land,427,360,0.4173998,0.7045010,43,1,me_gondor,me_belfalas_region,5e7017,no
463,me_land_0423,Land 0423,land,434,75,0.4242424,0.1467710,132,5,me_forodwaith,me_angmar_region,fca790,no
464,me_land_0424,Land 0424,land,872,201,0.8523949,0.3933464,37,9,me_mordor_and_rhun,me_rhun_region,9adf09,no
465,me_land_0425,Land 0425,land,540,274,0.5278592,0.5362035,40,1,me_rhovanion,me_anduin_vale_region,391682,no
466,me_land_0426,Land 0426,land,243,42,0.2375367,0.0821918,71,5,me_forodwaith,me_forochel_region,d74dfb,no
467,me_land_0427,Land 0427,land,735,269,0.7184751,0.5264188,70,9,me_mordor_and_rhun,me_rhun_region,758574,no
468,me_land_0428,Land 0428,land,434,174,0.4242424,0.3405088,45,1,me_eriador,me_north_arnor_region,13bced,no
469,me_land_0429,Land 0429,land,451,279,0.4408602,0.5459883,37,1,me_eriador,me_enedwaith_region,b1f466,no
470,me_land_0430,Land 0430,land,534,151,0.5219941,0.2954990,47,1,me_rhovanion,me_anduin_vale_region,502bdf,no
471,me_land_0431,Land 0431,land,340,432,0.3323558,0.8454012,54,10,me_harad,me_umbar_region,ee6358,no
472,me_land_0432,Land 0432,land,245,309,0.2394917,0.6046967,60,1,me_eriador,me_lindon_region,8c9ad1,no
473,me_land_0433,Land 0433,land,300,210,0.2932551,0.4109589,76,1,me_eriador,me_shire_breeland_region,2ad24a,no
474,me_land_0434,Land 0434,land,648,345,0.6334311,0.6751468,119,2,me_gondor,me_anorien_region,c909c3,no
475,me_land_0435,Land 0435,land,506,206,0.4946237,0.4031311,55,1,me_eriador,me_enedwaith_region,67413c,no
476,me_land_0436,Land 0436,land,666,420,0.6510264,0.8219178,43,1,me_gondor,me_south_gondor_region,0578b5,no
477,me_land_0437,Land 0437,land,460,429,0.4496579,0.8395303,41,10,me_harad,me_umbar_region,a3b02e,no
478,me_land_0438,Land 0438,land,246,283,0.2404692,0.5538160,51,1,me_eriador,me_lindon_region,41e7a7,no
479,me_land_0439,Land 0439,land,547,255,0.5347019,0.4990215,36,1,me_rhovanion,me_anduin_vale_region,e01f20,no
480,me_land_0440,Land 0440,land,578,194,0.5650049,0.3796477,41,3,me_rhovanion,me_mirkwood_region,7e5699,no
481,me_land_0441,Land 0441,land,706,371,0.6901271,0.7260274,71,8,me_mordor_and_rhun,me_mordor_region,1c8e12,no
482,me_land_0442,Land 0442,land,760,142,0.7429130,0.2778865,40,9,me_mordor_and_rhun,me_rhun_region,bac58b,no
483,me_land_0443,Land 0443,land,894,244,0.8739003,0.4774951,52,9,me_mordor_and_rhun,me_rhun_region,58fd04,no
484,me_land_0444,Land 0444,land,561,494,0.5483871,0.9667319,60,10,me_harad,me_far_harad_region,f7347d,no
485,me_land_0445,Land 0445,land,459,409,0.4486804,0.8003914,52,1,me_gondor,me_belfalas_region,956bf6,no
486,me_land_0446,Land 0446,land,761,150,0.7438905,0.2935421,49,9,me_mordor_and_rhun,me_rhun_region,33a36f,no
487,me_land_0447,Land 0447,land,679,455,0.6637341,0.8904110,64,10,me_harad,me_near_harad_region,d1dae8,no
488,me_land_0448,Land 0448,land,357,458,0.3489736,0.8962818,119,10,me_harad,me_umbar_region,701261,no
489,me_land_0449,Land 0449,land,902,326,0.8817204,0.6379648,54,1,me_mordor_and_rhun,me_mordor_region,0e49da,no
490,me_land_0450,Land 0450,land,503,453,0.4916911,0.8864971,31,10,me_harad,me_umbar_region,ac8153,no
491,me_land_0451,Land 0451,land,717,432,0.7008798,0.8454012,64,10,me_harad,me_near_harad_region,4ab8cc,no
492,me_land_0452,Land 0452,land,315,271,0.3079179,0.5303327,61,1,me_eriador,me_enedwaith_region,e8f045,no
493,me_land_0453,Land 0453,land,767,333,0.7497556,0.6516634,37,8,me_mordor_and_rhun,me_mordor_region,8727be,no
494,me_land_0454,Land 0454,land,925,220,0.9042033,0.4305284,51,1,me_mordor_and_rhun,me_rhun_region,255f37,no
495,me_land_0455,Land 0455,land,260,224,0.2541544,0.4383562,59,1,me_eriador,me_lindon_region,c396b0,no
496,me_land_0456,Land 0456,land,596,213,0.5826002,0.4168297,105,3,me_rhovanion,me_mirkwood_region,61ce29,no
497,me_land_0457,Land 0457,land,652,228,0.6373412,0.4461840,106,3,me_rhovanion,me_mirkwood_region,0005a2,no
498,me_land_0458,Land 0458,land,682,199,0.6666667,0.3894325,46,3,me_mordor_and_rhun,me_rhun_region,9e3d1b,no
499,me_land_0459,Land 0459,land,700,288,0.6842620,0.5636008,49,1,me_mordor_and_rhun,me_rhun_region,3c7494,no
500,me_land_0460,Land 0460,land,888,277,0.8680352,0.5420744,56,9,me_mordor_and_rhun,me_rhun_region,daac0d,no
501,me_land_0461,Land 0461,land,427,41,0.4173998,0.0802348,125,5,me_forodwaith,me_angmar_region,78e386,no
502,me_land_0462,Land 0462,land,923,236,0.9022483,0.4618395,27,1,me_mordor_and_rhun,me_rhun_region,171aff,no
503,me_land_0463,Land 0463,land,573,338,0.5601173,0.6614481,35,1,me_rhovanion,me_rohan_region,b55278,no
504,me_land_0464,Land 0464,land,458,468,0.4477028,0.9158513,43,10,me_harad,me_umbar_region,5389f1,no
505,me_land_0465,Land 0465,land,260,295,0.2541544,0.5772994,37,1,me_eriador,me_lindon_region,f1c16a,no
506,me_land_0466,Land 0466,land,259,299,0.2531769,0.5851272,32,1,me_eriador,me_lindon_region,8ff8e3,no
507,me_land_0467,Land 0467,land,399,299,0.3900293,0.5851272,38,1,me_eriador,me_enedwaith_region,2e305c,no
508,me_land_0468,Land 0468,land,241,211,0.2355816,0.4129159,36,1,me_eriador,me_lindon_region,cc67d5,no
509,me_land_0469,Land 0469,land,815,319,0.7966764,0.6242661,75,1,me_mordor_and_rhun,me_mordor_region,6a9f4e,no
510,me_land_0470,Land 0470,land,855,248,0.8357771,0.4853229,33,9,me_mordor_and_rhun,me_rhun_region,08d6c7,no
511,me_land_0471,Land 0471,land,387,447,0.3782991,0.8747554,41,10,me_harad,me_umbar_region,a70e40,no
512,me_land_0472,Land 0472,land,769,372,0.7517107,0.7279843,45,8,me_mordor_and_rhun,me_mordor_region,4545b9,no
513,me_land_0473,Land 0473,land,406,189,0.3968719,0.3698630,40,1,me_eriador,me_shire_breeland_region,e37d32,no
514,me_land_0474,Land 0474,land,408,230,0.3988270,0.4500978,36,1,me_eriador,me_shire_breeland_region,81b4ab,no
515,me_land_0475,Land 0475,land,411,434,0.4017595,0.8493151,32,10,me_harad,me_umbar_region,1fec24,no
516,me_land_0476,Land 0476,land,403,472,0.3939394,0.9236791,41,10,me_harad,me_umbar_region,be239d,no
517,me_land_0477,Land 0477,land,411,424,0.4017595,0.8297456,48,10,me_gondor,me_belfalas_region,5c5b16,no
518,me_land_0478,Land 0478,land,370,258,0.3616813,0.5048924,33,1,me_eriador,me_enedwaith_region,fa928f,no
519,me_land_0479,Land 0479,land,389,420,0.3802542,0.8219178,68,1,me_gondor,me_belfalas_region,98ca08,no
520,me_land_0480,Land 0480,land,591,140,0.5777126,0.2739726,75,3,me_rhovanion,me_mirkwood_region,370181,no
521,me_land_0481,Land 0481,land,439,479,0.4291300,0.9373777,38,10,me_harad,me_umbar_region,d538fa,no
522,me_land_0482,Land 0482,land,479,396,0.4682307,0.7749511,68,1,me_gondor,me_belfalas_region,737073,no
523,me_land_0483,Land 0483,land,412,461,0.4027370,0.9021526,55,10,me_harad,me_umbar_region,afdf65,no
524,me_land_0484,Land 0484,land,807,431,0.7888563,0.8434442,65,10,me_harad,me_near_harad_region,4e16de,no
525,me_land_0485,Land 0485,land,565,44,0.5522972,0.0861057,46,5,me_forodwaith,me_northern_wastes_region,ec4e57,no
526,me_land_0486,Land 0486,land,526,137,0.5141740,0.2681018,69,1,me_rhovanion,me_grey_mountains_region,8a85d0,no
527,me_land_0487,Land 0487,land,492,54,0.4809384,0.1056751,118,5,me_forodwaith,me_angmar_region,28bd49,no
528,me_land_0488,Land 0488,land,870,363,0.8504399,0.7103718,68,1,me_mordor_and_rhun,me_mordor_region,c6f4c2,no
529,me_land_0489,Land 0489,land,572,142,0.5591398,0.2778865,42,1,me_rhovanion,me_mirkwood_region,652c3b,no
530,me_land_0490,Land 0490,land,787,188,0.7693060,0.3679061,46,9,me_mordor_and_rhun,me_rhun_region,0363b4,no
531,me_land_0491,Land 0491,land,463,117,0.4525904,0.2289628,71,5,me_forodwaith,me_angmar_region,a19b2d,no
532,me_land_0492,Land 0492,land,801,179,0.7829912,0.3502935,75,9,me_mordor_and_rhun,me_rhun_region,3fd2a6,no
533,me_land_0493,Land 0493,land,308,244,0.3010753,0.4774951,29,1,me_eriador,me_shire_breeland_region,de0a1f,no
534,me_land_0494,Land 0494,land,329,206,0.3216031,0.4031311,51,1,me_eriador,me_shire_breeland_region,7c4198,no
535,me_land_0495,Land 0495,land,728,327,0.7116325,0.6399217,49,8,me_mordor_and_rhun,me_mordor_region,1a7911,no
536,me_land_0496,Land 0496,land,647,321,0.6324536,0.6281800,56,1,me_rhovanion,me_rohan_region,b8b08a,no
537,me_land_0497,Land 0497,land,419,182,0.4095797,0.3561644,61,1,me_eriador,me_shire_breeland_region,56e803,no
538,me_land_0498,Land 0498,land,361,316,0.3528837,0.6183953,33,1,me_eriador,me_enedwaith_region,f51f7c,no
539,me_land_0499,Land 0499,land,916,298,0.8954057,0.5831703,54,9,me_mordor_and_rhun,me_mordor_region,9356f5,no
540,me_land_0500,Land 0500,land,206,128,0.2013685,0.2504892,68,1,me_eriador,me_lindon_region,318e6e,no
541,me_land_0501,Land 0501,land,632,497,0.6177908,0.9726027,133,10,me_harad,me_far_harad_region,cfc5e7,no
542,me_land_0502,Land 0502,land,707,290,0.6911046,0.5675147,80,1,me_mordor_and_rhun,me_rhun_region,6dfd60,no
543,me_land_0503,Land 0503,land,899,312,0.8787879,0.6105675,58,9,me_mordor_and_rhun,me_mordor_region,0c34d9,no
544,me_land_0504,Land 0504,land,429,433,0.4193548,0.8473581,44,10,me_harad,me_umbar_region,aa6c52,no
545,me_land_0505,Land 0505,land,547,240,0.5347019,0.4696673,37,1,me_rhovanion,me_anduin_vale_region,48a3cb,no
546,me_land_0506,Land 0506,land,429,454,0.4193548,0.8884540,55,10,me_harad,me_umbar_region,e6db44,no
547,me_land_0507,Land 0507,land,524,384,0.5122190,0.7514677,32,1,me_gondor,me_belfalas_region,8512bd,no
548,me_land_0508,Land 0508,land,875,281,0.8553275,0.5499022,72,9,me_mordor_and_rhun,me_rhun_region,234a36,no
549,me_land_0509,Land 0509,land,809,127,0.7908113,0.2485323,42,1,me_mordor_and_rhun,me_rhun_region,c181af,no
550,me_land_0510,Land 0510,land,372,162,0.3636364,0.3170254,41,1,me_eriador,me_north_arnor_region,5fb928,no
551,me_land_0511,Land 0511,land,467,231,0.4565005,0.4520548,42,1,me_eriador,me_shire_breeland_region,fdf0a1,no
552,me_land_0512,Land 0512,land,801,108,0.7829912,0.2113503,62,5,me_forodwaith,me_northern_wastes_region,9c281a,no
553,me_land_0513,Land 0513,land,406,257,0.3968719,0.5029354,30,1,me_eriador,me_enedwaith_region,3a5f93,no
554,me_land_0514,Land 0514,land,778,474,0.7605083,0.9275930,54,10,me_harad,me_near_harad_region,d8970c,no
555,me_land_0515,Land 0515,land,483,329,0.4721408,0.6438356,36,1,me_rhovanion,me_rohan_region,76ce85,no
556,me_land_0516,Land 0516,land,319,250,0.3118280,0.4892368,27,1,me_eriador,me_shire_breeland_region,1505fe,no
557,me_land_0517,Land 0517,land,751,325,0.7341153,0.6360078,47,8,me_mordor_and_rhun,me_mordor_region,b33d77,no
558,me_land_0518,Land 0518,land,317,169,0.3098729,0.3307241,52,1,me_eriador,me_north_arnor_region,5174f0,no
559,me_land_0519,Land 0519,land,812,110,0.7937439,0.2152642,71,1,me_forodwaith,me_northern_wastes_region,efac69,no
560,me_land_0520,Land 0520,land,739,273,0.7223851,0.5342466,34,9,me_mordor_and_rhun,me_rhun_region,8de3e2,no
561,me_land_0521,Land 0521,land,855,269,0.8357771,0.5264188,49,9,me_mordor_and_rhun,me_rhun_region,2c1b5b,no
562,me_land_0522,Land 0522,land,601,256,0.5874878,0.5009785,97,3,me_rhovanion,me_mirkwood_region,ca52d4,no
563,me_land_0523,Land 0523,land,603,433,0.5894428,0.8473581,50,10,me_harad,me_near_harad_region,688a4d,no
564,me_land_0524,Land 0524,land,474,404,0.4633431,0.7906067,85,1,me_gondor,me_belfalas_region,06c1c6,no
565,me_land_0525,Land 0525,land,460,357,0.4496579,0.6986301,45,1,me_gondor,me_belfalas_region,a4f93f,no
566,me_land_0526,Land 0526,land,791,355,0.7732160,0.6947162,49,8,me_mordor_and_rhun,me_mordor_region,4330b8,no
567,me_land_0527,Land 0527,land,599,379,0.5855327,0.7416830,33,1,me_rhovanion,me_rohan_region,e16831,no
568,me_land_0528,Land 0528,land,546,262,0.5337243,0.5127202,32,1,me_rhovanion,me_anduin_vale_region,7f9faa,no
569,me_land_0529,Land 0529,land,348,347,0.3401760,0.6790607,61,1,me_gondor,me_belfalas_region,1dd723,no
570,me_land_0530,Land 0530,land,382,195,0.3734115,0.3816047,46,1,me_eriador,me_shire_breeland_region,bc0e9c,no
571,me_land_0531,Land 0531,land,517,321,0.5053763,0.6281800,42,3,me_rhovanion,me_rohan_region,5a4615,no
572,me_land_0532,Land 0532,land,901,140,0.8807429,0.2739726,45,9,me_mordor_and_rhun,me_rhun_region,f87d8e,no
573,me_land_0533,Land 0533,land,281,332,0.2746823,0.6497065,63,1,me_eriador,me_lindon_region,96b507,no
574,me_land_0534,Land 0534,land,417,270,0.4076246,0.5283757,47,1,me_eriador,me_enedwaith_region,34ec80,no
575,me_land_0535,Land 0535,land,847,105,0.8279570,0.2054795,75,1,me_forodwaith,me_northern_wastes_region,d323f9,no
576,me_land_0536,Land 0536,land,453,137,0.4428152,0.2681018,48,1,me_eriador,me_north_arnor_region,715b72,no
577,me_land_0537,Land 0537,land,469,265,0.4584555,0.5185910,72,1,me_rhovanion,me_anduin_vale_region,0f92eb,no
578,me_land_0538,Land 0538,land,604,326,0.5904203,0.6379648,54,1,me_rhovanion,me_rohan_region,adca64,no
579,me_land_0539,Land 0539,land,629,388,0.6148583,0.7592955,37,1,me_gondor,me_south_gondor_region,4c01dd,no
580,me_land_0540,Land 0540,land,295,176,0.2883675,0.3444227,55,1,me_eriador,me_lindon_region,ea3956,no
581,me_land_0541,Land 0541,land,430,447,0.4203324,0.8747554,51,10,me_harad,me_umbar_region,8870cf,no
582,me_land_0542,Land 0542,land,886,161,0.8660802,0.3150685,48,9,me_mordor_and_rhun,me_rhun_region,26a848,no
583,me_land_0543,Land 0543,land,348,261,0.3401760,0.5107632,35,1,me_eriador,me_enedwaith_region,c4dfc1,no
584,me_land_0544,Land 0544,land,617,385,0.6031281,0.7534247,45,1,me_gondor,me_lebennin_region,63173a,no
585,me_land_0545,Land 0545,land,453,237,0.4428152,0.4637965,51,1,me_eriador,me_shire_breeland_region,014eb3,no
586,me_land_0546,Land 0546,land,847,344,0.8279570,0.6731898,33,1,me_mordor_and_rhun,me_mordor_region,9f862c,no
587,me_land_0547,Land 0547,land,629,333,0.6148583,0.6516634,35,1,me_rhovanion,me_rohan_region,3dbda5,no
588,me_land_0548,Land 0548,land,691,124,0.6754643,0.2426614,64,1,me_mordor_and_rhun,me_rhun_region,dbf51e,no
589,me_land_0549,Land 0549,land,357,45,0.3489736,0.0880626,63,5,me_forodwaith,me_forochel_region,7a2c97,no
590,me_land_0550,Land 0550,land,606,235,0.5923754,0.4598826,59,3,me_rhovanion,me_mirkwood_region,186410,no
591,me_land_0551,Land 0551,land,676,204,0.6608016,0.3992172,40,3,me_rhovanion,me_dale_region,b69b89,no
592,me_land_0552,Land 0552,land,332,172,0.3245357,0.3365949,34,1,me_eriador,me_north_arnor_region,54d302,no
593,me_land_0553,Land 0553,land,588,346,0.5747801,0.6771037,49,1,me_rhovanion,me_rohan_region,f30a7b,no
594,me_land_0554,Land 0554,land,632,417,0.6177908,0.8160470,67,1,me_gondor,me_south_gondor_region,9141f4,no
595,me_land_0555,Land 0555,land,451,266,0.4408602,0.5205479,33,1,me_eriador,me_enedwaith_region,2f796d,no
596,me_land_0556,Land 0556,land,710,276,0.6940371,0.5401174,66,1,me_mordor_and_rhun,me_rhun_region,cdb0e6,no
597,me_land_0557,Land 0557,land,582,438,0.5689150,0.8571429,39,10,me_harad,me_near_harad_region,6be85f,no
598,me_land_0558,Land 0558,land,681,487,0.6656891,0.9530333,75,10,me_harad,me_far_harad_region,0a1fd8,no
599,me_land_0559,Land 0559,land,486,136,0.4750733,0.2661448,29,1,me_eriador,me_north_arnor_region,a85751,no
600,me_land_0560,Land 0560,land,474,178,0.4633431,0.3483366,28,1,me_eriador,me_north_arnor_region,468eca,no
601,me_land_0561,Land 0561,land,458,450,0.4477028,0.8806262,62,10,me_harad,me_umbar_region,e4c643,no
602,me_land_0562,Land 0562,land,531,236,0.5190616,0.4618395,41,1,me_rhovanion,me_anduin_vale_region,82fdbc,no
603,me_land_0563,Land 0563,land,506,186,0.4946237,0.3639922,41,1,me_eriador,me_enedwaith_region,213535,no
604,me_land_0564,Land 0564,land,446,276,0.4359726,0.5401174,41,1,me_eriador,me_enedwaith_region,bf6cae,no
605,me_land_0565,Land 0565,land,767,352,0.7497556,0.6888454,28,8,me_mordor_and_rhun,me_mordor_region,5da427,no
606,me_land_0566,Land 0566,land,853,428,0.8338221,0.8375734,53,10,me_harad,me_near_harad_region,fbdba0,no
607,me_land_0567,Land 0567,land,871,438,0.8514174,0.8571429,101,10,me_harad,me_near_harad_region,9a1319,no
608,me_land_0568,Land 0568,land,408,468,0.3988270,0.9158513,58,10,me_harad,me_umbar_region,384a92,no
609,me_land_0569,Land 0569,land,624,413,0.6099707,0.8082192,49,1,me_gondor,me_south_gondor_region,d6820b,no
610,me_land_0570,Land 0570,land,526,226,0.5141740,0.4422701,39,1,me_rhovanion,me_anduin_vale_region,74b984,no
611,me_land_0571,Land 0571,land,207,160,0.2023460,0.3131115,49,1,me_eriador,me_lindon_region,12f0fd,no
612,me_land_0572,Land 0572,land,814,175,0.7956989,0.3424658,43,9,me_mordor_and_rhun,me_rhun_region,b12876,no
613,me_land_0573,Land 0573,land,585,337,0.5718475,0.6594912,36,1,me_rhovanion,me_rohan_region,4f5fef,no
614,me_land_0574,Land 0574,land,263,200,0.2570870,0.3913894,68,1,me_eriador,me_lindon_region,ed9768,no
615,me_land_0575,Land 0575,land,690,448,0.6744868,0.8767123,45,10,me_harad,me_near_harad_region,8bcee1,no
616,me_land_0576,Land 0576,land,409,179,0.3998045,0.3502935,39,1,me_eriador,me_shire_breeland_region,2a065a,no
617,me_land_0577,Land 0577,land,818,132,0.7996090,0.2583170,59,9,me_mordor_and_rhun,me_rhun_region,c83dd3,no
618,me_land_0578,Land 0578,land,819,292,0.8005865,0.5714286,46,9,me_mordor_and_rhun,me_mordor_region,04acc5,no
619,me_land_0579,Land 0579,land,597,350,0.5835777,0.6849315,34,1,me_rhovanion,me_rohan_region,a2e43e,no
620,me_land_0580,Land 0580,land,509,179,0.4975562,0.3502935,37,1,me_eriador,me_enedwaith_region,411bb7,no
621,me_land_0581,Land 0581,land,708,164,0.6920821,0.3209393,39,1,me_mordor_and_rhun,me_rhun_region,df5330,no
622,me_land_0582,Land 0582,land,592,400,0.5786901,0.7827789,41,1,me_gondor,me_lebennin_region,7d8aa9,no
623,me_land_0583,Land 0583,land,906,320,0.8856305,0.6262231,53,1,me_mordor_and_rhun,me_mordor_region,1bc222,no
624,me_land_0584,Land 0584,land,678,209,0.6627566,0.4090020,56,3,me_rhovanion,me_dale_region,b9f99b,no
625,me_land_0585,Land 0585,land,501,429,0.4897361,0.8395303,45,10,me_harad,me_umbar_region,583114,no
626,me_land_0586,Land 0586,land,895,294,0.8748778,0.5753425,33,9,me_mordor_and_rhun,me_mordor_region,f6688d,no
627,me_land_0587,Land 0587,land,740,254,0.7233627,0.4970646,68,9,me_mordor_and_rhun,me_rhun_region,94a006,no
628,me_land_0588,Land 0588,land,501,288,0.4897361,0.5636008,63,1,me_rhovanion,me_anduin_vale_region,32d77f,no
629,me_land_0589,Land 0589,land,885,140,0.8651026,0.2739726,48,9,me_mordor_and_rhun,me_rhun_region,d10ef8,no
630,me_land_0590,Land 0590,land,878,382,0.8582600,0.7475538,40,1,me_mordor_and_rhun,me_mordor_region,6f4671,no
631,me_land_0591,Land 0591,land,579,211,0.5659824,0.4129159,44,3,me_rhovanion,me_mirkwood_region,0d7dea,no
632,me_land_0592,Land 0592,land,616,415,0.6021505,0.8121331,29,1,me_gondor,me_lebennin_region,abb563,no
633,me_land_0593,Land 0593,land,466,472,0.4555230,0.9236791,39,10,me_harad,me_umbar_region,49ecdc,no
634,me_land_0594,Land 0594,land,626,38,0.6119257,0.0743640,95,5,me_forodwaith,me_northern_wastes_region,e82455,no
635,me_land_0595,Land 0595,land,490,86,0.4789834,0.1682975,86,5,me_forodwaith,me_angmar_region,865bce,no
636,me_land_0596,Land 0596,land,238,296,0.2326491,0.5792564,45,1,me_eriador,me_lindon_region,249347,no
637,me_land_0597,Land 0597,land,631,233,0.6168133,0.4559687,54,3,me_rhovanion,me_mirkwood_region,c2cac0,no
638,me_land_0598,Land 0598,land,786,429,0.7683284,0.8395303,89,10,me_harad,me_near_harad_region,610239,no
639,me_land_0599,Land 0599,land,891,314,0.8709677,0.6144814,34,1,me_mordor_and_rhun,me_mordor_region,ff39b2,no
640,me_land_0600,Land 0600,land,641,304,0.6265885,0.5949119,80,9,me_rhovanion,me_rohan_region,9d712b,no
641,me_land_0601,Land 0601,land,823,268,0.8044966,0.5244618,43,9,me_mordor_and_rhun,me_rhun_region,3ba8a4,no
642,me_land_0602,Land 0602,land,726,232,0.7096774,0.4540117,53,9,me_mordor_and_rhun,me_rhun_region,d9e01d,no
643,me_land_0603,Land 0603,land,324,199,0.3167155,0.3894325,60,1,me_eriador,me_shire_breeland_region,781796,no
644,me_land_0604,Land 0604,land,630,408,0.6158358,0.7984344,39,1,me_gondor,me_south_gondor_region,164f0f,no
645,me_land_0605,Land 0605,land,704,205,0.6881720,0.4011742,81,1,me_mordor_and_rhun,me_rhun_region,b48688,no
646,me_land_0606,Land 0606,land,590,365,0.5767351,0.7142857,59,1,me_rhovanion,me_rohan_region,52be01,no
647,me_land_0607,Land 0607,land,532,297,0.5200391,0.5812133,58,3,me_rhovanion,me_anduin_vale_region,f0f57a,no
648,me_land_0608,Land 0608,land,698,493,0.6823069,0.9647750,128,10,me_harad,me_far_harad_region,8f2cf3,no
649,me_land_0609,Land 0609,land,734,127,0.7174976,0.2485323,70,1,me_mordor_and_rhun,me_rhun_region,2d646c,no
650,me_land_0610,Land 0610,land,548,374,0.5356794,0.7318982,31,1,me_rhovanion,me_rohan_region,cb9be5,no
651,me_land_0611,Land 0611,land,353,187,0.3450635,0.3659491,39,1,me_eriador,me_shire_breeland_region,69d35e,no
652,me_land_0612,Land 0612,land,456,356,0.4457478,0.6966732,67,1,me_gondor,me_belfalas_region,080ad7,no
653,me_land_0613,Land 0613,land,616,419,0.6021505,0.8199609,26,1,me_gondor,me_lebennin_region,a64250,no
654,me_land_0614,Land 0614,land,664,180,0.6490714,0.3522505,41,3,me_rhovanion,me_dale_region,4479c9,no
655,me_land_0615,Land 0615,land,814,454,0.7956989,0.8884540,124,10,me_harad,me_near_harad_region,e2b142,no
656,me_land_0616,Land 0616,land,398,280,0.3890518,0.5479452,44,1,me_eriador,me_enedwaith_region,80e8bb,no
657,me_land_0617,Land 0617,land,480,424,0.4692082,0.8297456,43,10,me_gondor,me_belfalas_region,1f2034,no
658,me_land_0618,Land 0618,land,393,192,0.3841642,0.3757339,33,1,me_eriador,me_shire_breeland_region,bd57ad,no
659,me_land_0619,Land 0619,land,607,370,0.5933529,0.7240705,36,1,me_rhovanion,me_rohan_region,5b8f26,no
660,me_land_0620,Land 0620,land,757,161,0.7399804,0.3150685,41,9,me_mordor_and_rhun,me_rhun_region,f9c69f,no
661,me_land_0621,Land 0621,land,571,328,0.5581623,0.6418787,33,1,me_rhovanion,me_rohan_region,97fe18,no
662,me_land_0622,Land 0622,land,422,254,0.4125122,0.4970646,57,1,me_eriador,me_enedwaith_region,363591,no
663,me_land_0623,Land 0623,land,258,165,0.2521994,0.3228963,38,1,me_eriador,me_lindon_region,d46d0a,no
664,me_land_0624,Land 0624,land,305,268,0.2981427,0.5244618,55,1,me_eriador,me_enedwaith_region,72a483,no
665,me_land_0625,Land 0625,land,380,211,0.3714565,0.4129159,44,3,me_eriador,me_shire_breeland_region,10dbfc,no
666,me_land_0626,Land 0626,land,420,247,0.4105572,0.4833659,52,1,me_eriador,me_shire_breeland_region,af1375,no
667,me_land_0627,Land 0627,land,716,75,0.6999022,0.1467710,89,5,me_forodwaith,me_northern_wastes_region,4d4aee,no
668,me_land_0628,Land 0628,land,709,135,0.6930596,0.2641879,38,1,me_mordor_and_rhun,me_rhun_region,eb8267,no
669,me_land_0629,Land 0629,land,574,212,0.5610948,0.4148728,43,3,me_rhovanion,me_mirkwood_region,89b9e0,no
670,me_land_0630,Land 0630,land,520,315,0.5083089,0.6164384,54,3,me_rhovanion,me_rohan_region,27f159,no
671,me_land_0631,Land 0631,land,360,157,0.3519062,0.3072407,41,1,me_eriador,me_north_arnor_region,c628d2,no
672,me_land_0632,Land 0632,land,365,176,0.3567937,0.3444227,48,1,me_eriador,me_north_arnor_region,64604b,no
673,me_land_0633,Land 0633,land,551,272,0.5386119,0.5322896,32,1,me_rhovanion,me_anduin_vale_region,0297c4,no
674,me_land_0634,Land 0634,land,506,426,0.4946237,0.8336595,32,10,me_harad,me_umbar_region,a0cf3d,no
675,me_land_0635,Land 0635,land,695,257,0.6793744,0.5029354,102,1,me_mordor_and_rhun,me_rhun_region,3f06b6,no
676,me_land_0636,Land 0636,land,901,266,0.8807429,0.5205479,42,9,me_mordor_and_rhun,me_rhun_region,dd3e2f,no
677,me_land_0637,Land 0637,land,777,336,0.7595308,0.6575342,58,8,me_mordor_and_rhun,me_mordor_region,7b75a8,no
678,me_land_0638,Land 0638,land,286,231,0.2795699,0.4520548,50,1,me_eriador,me_lindon_region,19ad21,no
679,me_land_0639,Land 0639,land,459,176,0.4486804,0.3444227,67,1,me_eriador,me_north_arnor_region,b7e49a,no
680,me_land_0640,Land 0640,land,778,119,0.7605083,0.2328767,104,1,me_forodwaith,me_northern_wastes_region,561c13,no
681,me_land_0641,Land 0641,land,359,252,0.3509286,0.4931507,31,1,me_eriador,me_enedwaith_region,f4538c,no
682,me_land_0642,Land 0642,land,529,275,0.5171065,0.5381605,69,1,me_rhovanion,me_anduin_vale_region,928b05,no
683,me_land_0643,Land 0643,land,340,226,0.3323558,0.4422701,58,1,me_eriador,me_shire_breeland_region,30c27e,no
684,me_land_0644,Land 0644,land,841,140,0.8220919,0.2739726,50,9,me_mordor_and_rhun,me_rhun_region,cef9f7,no
685,me_land_0645,Land 0645,land,575,273,0.5620723,0.5342466,33,1,me_rhovanion,me_mirkwood_region,6d3170,no
686,me_land_0646,Land 0646,land,341,317,0.3333333,0.6203523,62,1,me_eriador,me_enedwaith_region,0b68e9,no
687,me_land_0647,Land 0647,land,337,189,0.3294233,0.3698630,37,1,me_eriador,me_shire_breeland_region,a9a062,no
688,me_land_0648,Land 0648,land,371,287,0.3626588,0.5616438,56,1,me_eriador,me_enedwaith_region,47d7db,no
689,me_land_0649,Land 0649,land,438,332,0.4281525,0.6497065,57,1,me_eriador,me_enedwaith_region,e60f54,no
690,me_land_0650,Land 0650,land,520,253,0.5083089,0.4951076,51,1,me_rhovanion,me_anduin_vale_region,8446cd,no
691,me_land_0651,Land 0651,land,740,154,0.7233627,0.3013699,34,9,me_mordor_and_rhun,me_rhun_region,227e46,no
692,me_land_0652,Land 0652,land,509,316,0.4975562,0.6183953,37,3,me_rhovanion,me_rohan_region,c0b5bf,no
693,me_land_0653,Land 0653,land,259,50,0.2531769,0.0978474,70,5,me_forodwaith,me_forochel_region,5eed38,no
694,me_land_0654,Land 0654,land,357,256,0.3489736,0.5009785,29,1,me_eriador,me_enedwaith_region,fd24b1,no
695,me_land_0655,Land 0655,land,680,402,0.6647116,0.7866928,47,1,me_gondor,me_ithilien_region,9b5c2a,no
696,me_land_0656,Land 0656,land,806,279,0.7878788,0.5459883,79,9,me_mordor_and_rhun,me_rhun_region,3993a3,no
697,me_land_0657,Land 0657,land,545,133,0.5327468,0.2602740,40,1,me_rhovanion,me_grey_mountains_region,d7cb1c,no
698,me_land_0658,Land 0658,land,889,199,0.8690127,0.3894325,58,9,me_mordor_and_rhun,me_rhun_region,760295,no
699,me_land_0659,Land 0659,land,434,480,0.4242424,0.9393346,39,10,me_harad,me_umbar_region,143a0e,no
700,me_land_0660,Land 0660,land,566,200,0.5532747,0.3913894,39,3,me_rhovanion,me_mirkwood_region,b27187,no
701,me_land_0661,Land 0661,land,500,328,0.4887586,0.6418787,31,3,me_rhovanion,me_rohan_region,50a900,no
702,me_land_0662,Land 0662,land,518,371,0.5063539,0.7260274,34,1,me_rhovanion,me_rohan_region,eee079,no
703,me_land_0663,Land 0663,land,659,264,0.6441838,0.5166341,57,1,me_rhovanion,me_mirkwood_region,8d17f2,no
704,me_land_0664,Land 0664,land,788,74,0.7702835,0.1448141,72,5,me_forodwaith,me_northern_wastes_region,2b4f6b,no
705,me_land_0665,Land 0665,land,545,187,0.5327468,0.3659491,48,1,me_rhovanion,me_anduin_vale_region,c986e4,no
706,me_land_0666,Land 0666,land,393,295,0.3841642,0.5772994,37,1,me_eriador,me_enedwaith_region,67be5d,no
707,me_land_0667,Land 0667,land,766,328,0.7487781,0.6418787,42,8,me_mordor_and_rhun,me_mordor_region,05f5d6,no
708,me_land_0668,Land 0668,land,653,148,0.6383187,0.2896282,30,3,me_rhovanion,me_dale_region,a42d4f,no
709,me_land_0669,Land 0669,land,670,253,0.6549365,0.4951076,86,1,me_rhovanion,me_mirkwood_region,4264c8,no
710,me_land_0670,Land 0670,land,581,334,0.5679374,0.6536204,34,1,me_rhovanion,me_rohan_region,e09c41,no
711,me_land_0671,Land 0671,land,673,120,0.6578690,0.2348337,39,1,me_forodwaith,me_northern_wastes_region,7ed3ba,no
712,me_land_0672,Land 0672,land,600,483,0.5865103,0.9452055,103,10,me_harad,me_far_harad_region,1d0b33,no
713,me_land_0673,Land 0673,land,445,204,0.4349951,0.3992172,35,1,me_eriador,me_shire_breeland_region,bb42ac,no
714,me_land_0674,Land 0674,land,396,188,0.3870968,0.3679061,50,1,me_eriador,me_shire_breeland_region,597a25,no
715,me_land_0675,Land 0675,land,836,285,0.8172043,0.5577299,35,9,me_mordor_and_rhun,me_rhun_region,f7b19e,no
716,me_land_0676,Land 0676,land,417,361,0.4076246,0.7064579,47,1,me_gondor,me_belfalas_region,95e917,no
717,me_land_0677,Land 0677,land,354,178,0.3460411,0.3483366,39,1,me_eriador,me_north_arnor_region,342090,no
718,me_land_0678,Land 0678,land,513,24,0.5014663,0.0469667,74,5,me_forodwaith,me_angmar_region,d25809,no
719,me_land_0679,Land 0679,land,419,430,0.4095797,0.8414873,44,10,me_harad,me_umbar_region,708f82,no
720,me_land_0680,Land 0680,land,705,286,0.6891496,0.5596869,27,1,me_mordor_and_rhun,me_rhun_region,0ec6fb,no
721,me_land_0681,Land 0681,land,649,499,0.6344086,0.9765166,109,10,me_harad,me_far_harad_region,acfe74,no
722,me_land_0682,Land 0682,land,600,343,0.5865103,0.6712329,45,1,me_rhovanion,me_rohan_region,4b35ed,no
723,me_land_0683,Land 0683,land,374,459,0.3655914,0.8982387,42,10,me_harad,me_umbar_region,e96d66,no
724,me_land_0684,Land 0684,land,480,439,0.4692082,0.8590998,47,10,me_harad,me_umbar_region,87a4df,no
725,me_land_0685,Land 0685,land,791,465,0.7732160,0.9099804,66,10,me_harad,me_near_harad_region,25dc58,no
726,me_land_0686,Land 0686,land,250,41,0.2443793,0.0802348,53,5,me_forodwaith,me_forochel_region,c413d1,no
727,me_land_0687,Land 0687,land,657,123,0.6422287,0.2407045,40,1,me_rhovanion,me_grey_mountains_region,624b4a,no
728,me_land_0688,Land 0688,land,888,397,0.8680352,0.7769080,41,1,me_mordor_and_rhun,me_mordor_region,0082c3,no
729,me_land_0689,Land 0689,land,666,487,0.6510264,0.9530333,74,10,me_harad,me_far_harad_region,9eba3c,no
730,me_land_0690,Land 0690,land,372,312,0.3636364,0.6105675,36,1,me_eriador,me_enedwaith_region,3cf1b5,no
731,me_land_0691,Land 0691,land,466,402,0.4555230,0.7866928,42,1,me_gondor,me_belfalas_region,db292e,no
732,me_land_0692,Land 0692,land,620,423,0.6060606,0.8277886,27,1,me_gondor,me_south_gondor_region,7960a7,no
733,me_land_0693,Land 0693,land,280,199,0.2737048,0.3894325,43,1,me_eriador,me_lindon_region,179820,no
734,me_land_0694,Land 0694,land,817,142,0.7986315,0.2778865,45,9,me_mordor_and_rhun,me_rhun_region,b5cf99,no
735,me_land_0695,Land 0695,land,556,436,0.5434995,0.8532290,54,10,me_harad,me_near_harad_region,540712,no
736,me_land_0696,Land 0696,land,594,368,0.5806452,0.7201566,42,1,me_rhovanion,me_rohan_region,f23e8b,no
737,me_land_0697,Land 0697,land,868,349,0.8484848,0.6829746,33,1,me_mordor_and_rhun,me_mordor_region,907604,no
738,me_land_0698,Land 0698,land,536,460,0.5239492,0.9001957,40,10,me_harad,me_umbar_region,2ead7d,no
739,me_land_0699,Land 0699,land,760,303,0.7429130,0.5929550,42,9,me_mordor_and_rhun,me_mordor_region,cce4f6,no
740,me_land_0700,Land 0700,land,323,136,0.3157380,0.2661448,66,1,me_eriador,me_north_arnor_region,6b1c6f,no
741,me_land_0701,Land 0701,land,658,483,0.6432063,0.9452055,83,10,me_harad,me_far_harad_region,0953e8,no
742,me_land_0702,Land 0702,land,316,428,0.3088954,0.8375734,126,1,me_harad,me_umbar_region,a78b61,no
743,me_land_0703,Land 0703,land,682,356,0.6666667,0.6966732,91,2,me_mordor_and_rhun,me_mordor_region,45c2da,no
744,me_land_0704,Land 0704,land,916,275,0.8954057,0.5381605,64,9,me_mordor_and_rhun,me_rhun_region,e3fa53,no
745,me_land_0705,Land 0705,land,270,220,0.2639296,0.4305284,78,1,me_eriador,me_lindon_region,8231cc,no
746,me_land_0706,Land 0706,land,732,233,0.7155425,0.4559687,49,9,me_mordor_and_rhun,me_rhun_region,206945,no
747,me_land_0707,Land 0707,land,680,170,0.6647116,0.3326810,25,1,me_rhovanion,me_dale_region,bea0be,no
748,me_land_0708,Land 0708,land,499,442,0.4877810,0.8649706,44,10,me_harad,me_umbar_region,5cd837,no
749,me_land_0709,Land 0709,land,814,379,0.7956989,0.7416830,28,8,me_mordor_and_rhun,me_mordor_region,fb0fb0,no
750,me_land_0710,Land 0710,land,423,273,0.4134897,0.5342466,40,1,me_eriador,me_enedwaith_region,994729,no
751,me_land_0711,Land 0711,land,432,472,0.4222874,0.9236791,35,10,me_harad,me_umbar_region,377ea2,no
752,me_land_0712,Land 0712,land,635,184,0.6207234,0.3600783,43,3,me_rhovanion,me_dale_region,d5b61b,no
753,me_land_0713,Land 0713,land,633,454,0.6187683,0.8884540,114,10,me_harad,me_near_harad_region,73ed94,no
754,me_land_0714,Land 0714,land,743,439,0.7262952,0.8590998,36,10,me_harad,me_near_harad_region,12250d,no
755,me_land_0715,Land 0715,land,452,287,0.4418377,0.5616438,43,1,me_eriador,me_enedwaith_region,b05c86,no
756,me_land_0716,Land 0716,land,384,438,0.3753666,0.8571429,90,10,me_harad,me_umbar_region,4e93ff,no
757,me_land_0717,Land 0717,land,406,137,0.3968719,0.2681018,54,1,me_eriador,me_north_arnor_region,eccb78,no
758,me_land_0718,Land 0718,land,600,305,0.5865103,0.5968689,51,9,me_rhovanion,me_rohan_region,8b02f1,no
759,me_land_0719,Land 0719,land,563,251,0.5503421,0.4911937,35,1,me_rhovanion,me_mirkwood_region,293a6a,no
760,me_land_0720,Land 0720,land,322,203,0.3147605,0.3972603,28,1,me_eriador,me_shire_breeland_region,c771e3,no
761,me_land_0721,Land 0721,land,897,262,0.8768328,0.5127202,44,9,me_mordor_and_rhun,me_rhun_region,65a95c,no
762,me_land_0722,Land 0722,land,505,213,0.4936461,0.4168297,47,1,me_eriador,me_enedwaith_region,03e0d5,no
763,me_land_0723,Land 0723,land,493,384,0.4819159,0.7514677,44,1,me_gondor,me_belfalas_region,a2184e,no
764,me_land_0724,Land 0724,land,229,203,0.2238514,0.3972603,56,1,me_eriador,me_lindon_region,404fc7,no
765,me_land_0725,Land 0725,land,396,467,0.3870968,0.9138943,49,10,me_harad,me_umbar_region,de8740,no
766,me_land_0726,Land 0726,land,311,22,0.3040078,0.0430528,45,5,me_forodwaith,me_forochel_region,7cbeb9,no
767,me_land_0727,Land 0727,land,394,109,0.3851417,0.2133072,99,5,me_forodwaith,me_angmar_region,1af632,no
768,me_land_0728,Land 0728,land,680,190,0.6647116,0.3718200,57,3,me_rhovanion,me_dale_region,b92dab,no
769,me_land_0729,Land 0729,land,707,242,0.6911046,0.4735812,38,1,me_mordor_and_rhun,me_rhun_region,576524,no
770,me_land_0730,Land 0730,land,367,233,0.3587488,0.4559687,39,1,me_eriador,me_shire_breeland_region,f59c9d,no
771,me_land_0731,Land 0731,land,723,128,0.7067449,0.2504892,41,9,me_mordor_and_rhun,me_rhun_region,93d416,no
772,me_land_0732,Land 0732,land,393,123,0.3841642,0.2407045,69,1,me_eriador,me_north_arnor_region,320b8f,no
773,me_land_0733,Land 0733,land,811,120,0.7927664,0.2348337,47,1,me_forodwaith,me_northern_wastes_region,d04308,no
774,me_land_0734,Land 0734,land,553,145,0.5405670,0.2837573,27,1,me_rhovanion,me_mirkwood_region,6e7a81,no
775,me_land_0735,Land 0735,land,507,452,0.4956012,0.8845401,23,10,me_harad,me_umbar_region,0cb1fa,no
776,me_land_0736,Land 0736,land,853,252,0.8338221,0.4931507,38,9,me_mordor_and_rhun,me_rhun_region,aae973,no
777,me_land_0737,Land 0737,land,351,53,0.3431085,0.1037182,76,5,me_forodwaith,me_forochel_region,4920ec,no
778,me_land_0738,Land 0738,land,572,402,0.5591398,0.7866928,36,1,me_gondor,me_lebennin_region,e75865,no
779,me_land_0739,Land 0739,land,338,340,0.3304008,0.6653620,40,1,me_gondor,me_belfalas_region,858fde,no
780,me_land_0740,Land 0740,land,903,180,0.8826979,0.3522505,30,9,me_mordor_and_rhun,me_rhun_region,23c757,no
781,me_land_0741,Land 0741,land,419,314,0.4095797,0.6144814,54,1,me_eriador,me_enedwaith_region,c1fed0,no
782,me_land_0742,Land 0742,land,499,377,0.4877810,0.7377691,40,1,me_rhovanion,me_rohan_region,603649,no
783,me_land_0743,Land 0743,land,412,162,0.4027370,0.3170254,35,1,me_eriador,me_north_arnor_region,fe6dc2,no
784,me_land_0744,Land 0744,land,529,311,0.5171065,0.6086106,34,3,me_rhovanion,me_rohan_region,9ca53b,no
785,me_land_0745,Land 0745,land,344,214,0.3362659,0.4187867,40,1,me_eriador,me_shire_breeland_region,3adcb4,no
786,me_land_0746,Land 0746,land,840,152,0.8211144,0.2974560,56,9,me_mordor_and_rhun,me_rhun_region,d9142d,no
787,me_land_0747,Land 0747,land,396,290,0.3870968,0.5675147,49,1,me_eriador,me_enedwaith_region,774ba6,no
788,me_land_0748,Land 0748,land,568,345,0.5552297,0.6751468,50,1,me_rhovanion,me_rohan_region,15831f,no
789,me_land_0749,Land 0749,land,288,332,0.2815249,0.6497065,38,1,me_eriador,me_lindon_region,b3ba98,no
790,me_land_0750,Land 0750,land,592,436,0.5786901,0.8532290,33,10,me_harad,me_near_harad_region,51f211,no
791,me_land_0751,Land 0751,land,626,373,0.6119257,0.7299413,43,1,me_rhovanion,me_rohan_region,f0298a,no
792,me_land_0752,Land 0752,land,551,459,0.5386119,0.8982387,57,10,me_harad,me_near_harad_region,8e6103,no
793,me_land_0753,Land 0753,land,710,428,0.6940371,0.8375734,98,10,me_harad,me_near_harad_region,2c987c,no
794,me_land_0754,Land 0754,land,355,31,0.3470186,0.0606654,64,5,me_forodwaith,me_forochel_region,cacff5,no
795,me_land_0755,Land 0755,land,669,139,0.6539589,0.2720157,33,1,me_rhovanion,me_dale_region,69076e,no
796,me_land_0756,Land 0756,land,331,125,0.3235582,0.2446184,55,1,me_eriador,me_north_arnor_region,073ee7,no
797,me_land_0757,Land 0757,land,571,47,0.5581623,0.0919765,67,5,me_forodwaith,me_northern_wastes_region,a57660,no
798,me_land_0758,Land 0758,land,716,230,0.6999022,0.4500978,46,9,me_mordor_and_rhun,me_rhun_region,43add9,no
799,me_land_0759,Land 0759,land,514,173,0.5024438,0.3385519,48,1,me_rhovanion,me_anduin_vale_region,e1e552,no
800,me_land_0760,Land 0760,land,391,153,0.3822092,0.2994129,50,1,me_eriador,me_north_arnor_region,801ccb,no
801,me_land_0761,Land 0761,land,506,122,0.4946237,0.2387476,64,1,me_eriador,me_north_arnor_region,1e5444,no
802,me_land_0762,Land 0762,land,652,319,0.6373412,0.6242661,82,1,me_rhovanion,me_rohan_region,bc8bbd,no
803,me_land_0763,Land 0763,land,537,454,0.5249267,0.8884540,46,10,me_harad,me_umbar_region,5ac336,no
804,me_land_0764,Land 0764,land,333,435,0.3255132,0.8512720,35,10,me_harad,me_umbar_region,f8faaf,no
805,me_land_0765,Land 0765,land,234,220,0.2287390,0.4305284,55,1,me_eriador,me_lindon_region,973228,no
806,me_land_0766,Land 0766,land,579,382,0.5659824,0.7475538,42,1,me_rhovanion,me_rohan_region,3569a1,no
807,me_land_0767,Land 0767,land,653,283,0.6383187,0.5538160,47,9,me_rhovanion,me_mirkwood_region,d3a11a,no
808,me_land_0768,Land 0768,land,923,248,0.9022483,0.4853229,48,1,me_mordor_and_rhun,me_rhun_region,71d893,no
809,me_land_0769,Land 0769,land,728,320,0.7116325,0.6262231,56,8,me_mordor_and_rhun,me_mordor_region,10100c,no
810,me_land_0770,Land 0770,land,380,305,0.3714565,0.5968689,38,1,me_eriador,me_enedwaith_region,ae4785,no
811,me_land_0771,Land 0771,land,369,281,0.3607038,0.5499022,34,1,me_eriador,me_enedwaith_region,4c7efe,no
812,me_land_0772,Land 0772,land,540,327,0.5278592,0.6399217,36,1,me_rhovanion,me_rohan_region,eab677,no
813,me_land_0773,Land 0773,land,698,326,0.6823069,0.6379648,115,6,me_mordor_and_rhun,me_mordor_region,88edf0,no
814,me_land_0774,Land 0774,land,293,217,0.2864125,0.4246575,69,1,me_eriador,me_lindon_region,272569,no
815,me_land_0775,Land 0775,land,591,313,0.5777126,0.6125245,47,1,me_rhovanion,me_rohan_region,c55ce2,no
816,me_land_0776,Land 0776,land,221,161,0.2160313,0.3150685,33,1,me_eriador,me_lindon_region,63945b,no
817,me_land_0777,Land 0777,land,396,270,0.3870968,0.5283757,43,1,me_eriador,me_enedwaith_region,01cbd4,no
818,me_land_0778,Land 0778,land,906,146,0.8856305,0.2857143,53,9,me_mordor_and_rhun,me_rhun_region,a0034d,no
819,me_land_0779,Land 0779,land,478,277,0.4672532,0.5420744,45,1,me_rhovanion,me_anduin_vale_region,3e3ac6,no
820,me_land_0780,Land 0780,land,365,227,0.3567937,0.4442270,29,3,me_eriador,me_shire_breeland_region,dc723f,no
821,me_land_0781,Land 0781,land,711,189,0.6950147,0.3698630,75,1,me_mordor_and_rhun,me_rhun_region,7aa9b8,no
822,me_land_0782,Land 0782,land,830,100,0.8113392,0.1956947,32,1,me_forodwaith,me_northern_wastes_region,18e131,no
823,me_land_0783,Land 0783,land,895,215,0.8748778,0.4207436,73,9,me_mordor_and_rhun,me_rhun_region,b718aa,no
824,me_land_0784,Land 0784,land,719,70,0.7028348,0.1369863,97,5,me_forodwaith,me_northern_wastes_region,555023,no
825,me_land_0785,Land 0785,land,567,436,0.5542522,0.8532290,67,10,me_harad,me_near_harad_region,f3879c,no
826,me_land_0786,Land 0786,land,678,447,0.6627566,0.8747554,54,10,me_harad,me_near_harad_region,91bf15,no
827,me_land_0787,Land 0787,land,320,213,0.3128055,0.4168297,24,1,me_eriador,me_shire_breeland_region,2ff68e,no
828,me_land_0788,Land 0788,land,250,253,0.2443793,0.4951076,53,1,me_eriador,me_lindon_region,ce2e07,no
829,me_land_0789,Land 0789,land,862,174,0.8426197,0.3405088,33,9,me_mordor_and_rhun,me_rhun_region,6c6580,no
830,me_land_0790,Land 0790,land,462,320,0.4516129,0.6262231,71,1,me_eriador,me_enedwaith_region,0a9cf9,no
831,me_land_0791,Land 0791,land,552,186,0.5395894,0.3639922,42,1,me_rhovanion,me_anduin_vale_region,a8d472,no
832,me_land_0792,Land 0792,land,814,428,0.7956989,0.8375734,55,10,me_harad,me_near_harad_region,470beb,no
833,me_land_0793,Land 0793,land,766,190,0.7487781,0.3718200,53,9,me_mordor_and_rhun,me_rhun_region,e54364,no
834,me_land_0794,Land 0794,land,475,371,0.4643206,0.7260274,32,1,me_rhovanion,me_rohan_region,837add,no
835,me_land_0795,Land 0795,land,637,46,0.6226784,0.0900196,132,5,me_forodwaith,me_northern_wastes_region,21b256,no
836,me_land_0796,Land 0796,land,719,356,0.7028348,0.6966732,81,8,me_mordor_and_rhun,me_mordor_region,bfe9cf,no
837,me_land_0797,Land 0797,land,323,228,0.3157380,0.4461840,62,1,me_eriador,me_shire_breeland_region,5e2148,no
838,me_land_0798,Land 0798,land,818,186,0.7996090,0.3639922,58,9,me_mordor_and_rhun,me_rhun_region,fc58c1,no
839,me_land_0799,Land 0799,land,285,295,0.2785924,0.5772994,52,1,me_eriador,me_lindon_region,9a903a,no
840,me_land_0800,Land 0800,land,502,224,0.4907136,0.4383562,43,1,me_eriador,me_enedwaith_region,38c7b3,no
841,me_land_0801,Land 0801,land,505,320,0.4936461,0.6262231,41,3,me_rhovanion,me_rohan_region,d6ff2c,no
842,me_land_0802,Land 0802,land,625,176,0.6109482,0.3444227,47,3,me_rhovanion,me_dale_region,7536a5,no
843,me_land_0803,Land 0803,land,337,67,0.3294233,0.1311155,136,5,me_forodwaith,me_forochel_region,136e1e,no
844,me_land_0804,Land 0804,land,355,135,0.3470186,0.2641879,127,1,me_eriador,me_north_arnor_region,b1a597,no
845,me_land_0805,Land 0805,land,413,30,0.4037146,0.0587084,98,5,me_forodwaith,me_angmar_region,4fdd10,no
846,me_land_0806,Land 0806,land,310,119,0.3030303,0.2328767,43,1,me_forodwaith,me_forochel_region,ee1489,no
847,me_land_0807,Land 0807,land,265,165,0.2590420,0.3228963,68,1,me_eriador,me_lindon_region,8c4c02,no
848,me_land_0808,Land 0808,land,494,227,0.4828935,0.4442270,50,1,me_eriador,me_shire_breeland_region,2a837b,no
849,me_land_0809,Land 0809,land,853,309,0.8338221,0.6046967,28,9,me_mordor_and_rhun,me_mordor_region,c8baf4,no
850,me_land_0810,Land 0810,land,395,442,0.3861193,0.8649706,65,10,me_harad,me_umbar_region,66f26d,no
851,me_land_0811,Land 0811,land,539,147,0.5268817,0.2876712,53,1,me_rhovanion,me_anduin_vale_region,0529e6,no
852,me_land_0812,Land 0812,land,406,287,0.3968719,0.5616438,41,1,me_eriador,me_enedwaith_region,a3615f,no
853,me_land_0813,Land 0813,land,585,317,0.5718475,0.6203523,51,1,me_rhovanion,me_rohan_region,4198d8,no
854,me_land_0814,Land 0814,land,427,81,0.4173998,0.1585127,55,5,me_forodwaith,me_angmar_region,dfd051,no
855,me_land_0815,Land 0815,land,389,464,0.3802542,0.9080235,46,10,me_harad,me_umbar_region,7e07ca,no
856,me_land_0816,Land 0816,land,833,291,0.8142717,0.5694716,28,9,me_mordor_and_rhun,me_rhun_region,1c3f43,no
857,me_land_0817,Land 0817,land,789,177,0.7712610,0.3463796,42,9,me_mordor_and_rhun,me_rhun_region,ba76bc,no
858,me_land_0818,Land 0818,land,601,375,0.5874878,0.7338552,51,1,me_rhovanion,me_rohan_region,58ae35,no
859,me_land_0819,Land 0819,land,380,251,0.3714565,0.4911937,40,1,me_eriador,me_enedwaith_region,f6e5ae,no
860,me_land_0820,Land 0820,land,503,389,0.4916911,0.7612524,30,1,me_gondor,me_belfalas_region,951d27,no
861,me_land_0821,Land 0821,land,759,251,0.7419355,0.4911937,42,9,me_mordor_and_rhun,me_rhun_region,3354a0,no
862,me_land_0822,Land 0822,land,563,382,0.5503421,0.7475538,42,1,me_rhovanion,me_rohan_region,d18c19,no
863,me_land_0823,Land 0823,land,494,201,0.4828935,0.3933464,59,1,me_eriador,me_shire_breeland_region,6fc392,no
864,me_land_0824,Land 0824,land,834,141,0.8152493,0.2759295,43,9,me_mordor_and_rhun,me_rhun_region,0dfb0b,no
865,me_land_0825,Land 0825,land,309,275,0.3020528,0.5381605,55,1,me_eriador,me_enedwaith_region,ac3284,no
866,me_land_0826,Land 0826,land,493,251,0.4819159,0.4911937,37,1,me_rhovanion,me_anduin_vale_region,4a69fd,no
867,me_land_0827,Land 0827,land,600,406,0.5865103,0.7945205,37,1,me_gondor,me_lebennin_region,e8a176,no
868,me_land_0828,Land 0828,land,363,97,0.3548387,0.1898239,90,5,me_forodwaith,me_forochel_region,86d8ef,no
869,me_land_0829,Land 0829,land,275,289,0.2688172,0.5655577,49,1,me_eriador,me_lindon_region,251068,no
870,me_land_0830,Land 0830,land,681,165,0.6656891,0.3228963,21,1,me_mordor_and_rhun,me_rhun_region,c347e1,no
871,me_land_0831,Land 0831,land,443,166,0.4330401,0.3248532,44,1,me_eriador,me_north_arnor_region,617f5a,no
872,me_land_0832,Land 0832,land,444,262,0.4340176,0.5127202,50,1,me_eriador,me_enedwaith_region,ffb6d3,no
873,me_land_0833,Land 0833,land,460,145,0.4496579,0.2837573,56,1,me_eriador,me_north_arnor_region,9dee4c,no
874,me_land_0834,Land 0834,land,688,350,0.6725318,0.6849315,86,8,me_mordor_and_rhun,me_mordor_region,3c25c5,no
875,me_land_0835,Land 0835,land,677,347,0.6617791,0.6790607,69,2,me_gondor,me_ithilien_region,da5d3e,no
876,me_land_0836,Land 0836,land,645,292,0.6304985,0.5714286,45,9,me_rhovanion,me_brown_lands_region,7894b7,no
877,me_land_0837,Land 0837,land,446,241,0.4359726,0.4716243,46,1,me_eriador,me_shire_breeland_region,16cc30,no
878,me_land_0838,Land 0838,land,616,433,0.6021505,0.8473581,22,10,me_harad,me_near_harad_region,b503a9,no
879,me_land_0839,Land 0839,land,519,455,0.5073314,0.8904110,26,10,me_harad,me_umbar_region,533b22,no
880,me_land_0840,Land 0840,land,841,401,0.8220919,0.7847358,46,1,me_mordor_and_rhun,me_mordor_region,f1729b,no
881,me_land_0841,Land 0841,land,615,397,0.6011730,0.7769080,51,1,me_gondor,me_lebennin_region,8faa14,no
882,me_land_0842,Land 0842,land,873,238,0.8533724,0.4657534,26,9,me_mordor_and_rhun,me_rhun_region,2de18d,no
883,me_land_0843,Land 0843,land,372,430,0.3636364,0.8414873,70,10,me_harad,me_umbar_region,cc1906,no
884,me_land_0844,Land 0844,land,637,161,0.6226784,0.3150685,35,3,me_rhovanion,me_dale_region,6a507f,no
885,me_land_0845,Land 0845,land,417,217,0.4076246,0.4246575,43,1,me_eriador,me_shire_breeland_region,0887f8,no
886,me_land_0846,Land 0846,land,389,134,0.3802542,0.2622309,63,1,me_eriador,me_north_arnor_region,a6bf71,no
887,me_land_0847,Land 0847,land,769,267,0.7517107,0.5225049,60,9,me_mordor_and_rhun,me_rhun_region,44f6ea,no
888,me_land_0848,Land 0848,land,927,247,0.9061584,0.4833659,47,1,me_mordor_and_rhun,me_rhun_region,e32e63,no
889,me_land_0849,Land 0849,land,833,414,0.8142717,0.8101761,30,1,me_mordor_and_rhun,me_mordor_region,8165dc,no
890,me_land_0850,Land 0850,land,742,455,0.7253177,0.8904110,73,10,me_harad,me_near_harad_region,1f9d55,no
891,me_land_0851,Land 0851,land,189,39,0.1847507,0.0763209,121,5,me_forodwaith,me_forochel_region,bdd4ce,no
892,me_land_0852,Land 0852,land,770,168,0.7526882,0.3287671,43,9,me_mordor_and_rhun,me_rhun_region,5c0c47,no
893,me_land_0853,Land 0853,land,611,404,0.5972630,0.7906067,39,1,me_gondor,me_lebennin_region,fa43c0,no
894,me_land_0854,Land 0854,land,707,197,0.6911046,0.3855186,64,1,me_mordor_and_rhun,me_rhun_region,987b39,no
895,me_land_0855,Land 0855,land,250,66,0.2443793,0.1291585,108,5,me_forodwaith,me_forochel_region,36b2b2,no
896,me_land_0856,Land 0856,land,419,485,0.4095797,0.9491194,57,10,me_harad,me_umbar_region,d4ea2b,no
897,me_land_0857,Land 0857,land,401,163,0.3919844,0.3189824,43,1,me_eriador,me_north_arnor_region,7321a4,no
898,me_land_0858,Land 0858,land,904,167,0.8836755,0.3268102,46,9,me_mordor_and_rhun,me_rhun_region,11591d,no
899,me_land_0859,Land 0859,land,579,102,0.5659824,0.1996086,77,5,me_forodwaith,me_northern_wastes_region,af9096,no
900,me_land_0860,Land 0860,land,596,319,0.5826002,0.6242661,39,1,me_rhovanion,me_rohan_region,4dc80f,no
901,me_land_0861,Land 0861,land,426,55,0.4164223,0.1076321,129,5,me_forodwaith,me_angmar_region,ebff88,no
902,me_land_0862,Land 0862,land,403,26,0.3939394,0.0508806,104,5,me_forodwaith,me_angmar_region,8a3701,no
903,me_land_0863,Land 0863,land,470,458,0.4594330,0.8962818,41,10,me_harad,me_umbar_region,286e7a,no
904,me_land_0864,Land 0864,land,858,82,0.8387097,0.1604697,20,1,me_forodwaith,me_northern_wastes_region,c6a5f3,no
905,me_land_0865,Land 0865,land,732,327,0.7155425,0.6399217,49,8,me_mordor_and_rhun,me_mordor_region,64dd6c,no
906,me_land_0866,Land 0866,land,367,469,0.3587488,0.9178082,79,10,me_harad,me_umbar_region,0314e5,no
907,me_land_0867,Land 0867,land,839,267,0.8201369,0.5225049,40,9,me_mordor_and_rhun,me_rhun_region,a14c5e,no
908,me_land_0868,Land 0868,land,272,119,0.2658847,0.2328767,106,1,me_forodwaith,me_forochel_region,3f83d7,no
909,me_land_0869,Land 0869,land,903,337,0.8826979,0.6594912,52,1,me_mordor_and_rhun,me_mordor_region,ddbb50,no
910,me_land_0870,Land 0870,land,900,292,0.8797654,0.5714286,68,9,me_mordor_and_rhun,me_mordor_region,7bf2c9,no
911,me_land_0871,Land 0871,land,335,177,0.3274682,0.3463796,48,1,me_eriador,me_north_arnor_region,1a2a42,no
912,me_land_0872,Land 0872,land,531,306,0.5190616,0.5988258,38,3,me_rhovanion,me_rohan_region,b861bb,no
913,me_land_0873,Land 0873,land,255,161,0.2492669,0.3150685,61,1,me_eriador,me_lindon_region,569934,no
914,me_land_0874,Land 0874,land,804,407,0.7859238,0.7964775,23,1,me_mordor_and_rhun,me_mordor_region,f4d0ad,no
915,me_land_0875,Land 0875,land,353,194,0.3450635,0.3796477,43,1,me_eriador,me_shire_breeland_region,930826,no
916,me_land_0876,Land 0876,land,467,225,0.4565005,0.4403131,56,1,me_eriador,me_shire_breeland_region,313f9f,no
917,me_land_0877,Land 0877,land,285,144,0.2785924,0.2818004,37,1,me_eriador,me_lindon_region,cf7718,no
918,me_land_0878,Land 0878,land,400,426,0.3910068,0.8336595,53,10,me_harad,me_umbar_region,6dae91,no
919,me_land_0879,Land 0879,land,411,354,0.4017595,0.6927593,48,1,me_gondor,me_belfalas_region,0be60a,no
920,me_land_0880,Land 0880,land,541,282,0.5288368,0.5518591,45,1,me_rhovanion,me_anduin_vale_region,aa1d83,no
921,me_land_0881,Land 0881,land,639,389,0.6246334,0.7612524,42,1,me_gondor,me_south_gondor_region,4854fc,no
922,me_land_0882,Land 0882,land,714,120,0.6979472,0.2348337,61,1,me_forodwaith,me_northern_wastes_region,e68c75,no
923,me_land_0883,Land 0883,land,798,262,0.7800587,0.5127202,53,9,me_mordor_and_rhun,me_rhun_region,84c3ee,no
924,me_land_0884,Land 0884,land,428,224,0.4183773,0.4383562,52,1,me_eriador,me_shire_breeland_region,22fb67,no
925,me_land_0885,Land 0885,land,746,278,0.7292278,0.5440313,39,9,me_mordor_and_rhun,me_rhun_region,c132e0,no
926,me_land_0886,Land 0886,land,505,336,0.4936461,0.6575342,37,3,me_rhovanion,me_rohan_region,5f6a59,no
927,me_land_0887,Land 0887,land,529,462,0.5171065,0.9041096,38,10,me_harad,me_umbar_region,fda1d2,no
928,me_land_0888,Land 0888,land,619,454,0.6050831,0.8884540,59,10,me_harad,me_near_harad_region,9bd94b,no
929,me_land_0889,Land 0889,land,383,476,0.3743891,0.9315068,46,10,me_harad,me_umbar_region,3a10c4,no
930,me_land_0890,Land 0890,land,823,329,0.8044966,0.6438356,64,1,me_mordor_and_rhun,me_mordor_region,d8483d,no
931,me_land_0891,Land 0891,land,709,179,0.6930596,0.3502935,50,1,me_mordor_and_rhun,me_rhun_region,767fb6,no
932,me_land_0892,Land 0892,land,563,257,0.5503421,0.5029354,30,1,me_rhovanion,me_mirkwood_region,14b72f,no
933,me_land_0893,Land 0893,land,830,418,0.8113392,0.8180039,31,1,me_mordor_and_rhun,me_mordor_region,b2eea8,no
934,me_land_0894,Land 0894,land,375,103,0.3665689,0.2015656,95,5,me_forodwaith,me_forochel_region,512621,no
935,me_land_0895,Land 0895,land,554,396,0.5415445,0.7749511,31,1,me_gondor,me_lebennin_region,ef5d9a,no
936,me_land_0896,Land 0896,land,259,266,0.2531769,0.5205479,45,1,me_eriador,me_lindon_region,8d9513,no
937,me_land_0897,Land 0897,land,638,319,0.6236559,0.6242661,43,1,me_rhovanion,me_rohan_region,2bcc8c,no
938,me_land_0898,Land 0898,land,658,330,0.6432063,0.6457926,84,2,me_rhovanion,me_rohan_region,ca0405,no
939,me_land_0899,Land 0899,land,833,78,0.8142717,0.1526419,37,1,me_forodwaith,me_northern_wastes_region,683b7e,no
940,me_land_0900,Land 0900,land,469,56,0.4584555,0.1095890,91,5,me_forodwaith,me_angmar_region,0672f7,no
941,me_land_0901,Land 0901,land,295,181,0.2883675,0.3542074,40,1,me_eriador,me_lindon_region,a4aa70,no
942,me_land_0902,Land 0902,land,447,184,0.4369501,0.3600783,35,1,me_eriador,me_shire_breeland_region,42e1e9,no
943,me_land_0903,Land 0903,land,680,415,0.6647116,0.8121331,43,1,me_gondor,me_south_gondor_region,e11962,no
944,me_land_0904,Land 0904,land,288,72,0.2815249,0.1409002,51,5,me_forodwaith,me_forochel_region,7f50db,no
945,me_land_0905,Land 0905,land,233,133,0.2277615,0.2602740,40,1,me_eriador,me_lindon_region,1d8854,no
946,me_land_0906,Land 0906,land,521,233,0.5092864,0.4559687,28,1,me_rhovanion,me_anduin_vale_region,bbbfcd,no
947,me_land_0907,Land 0907,land,325,212,0.3176931,0.4148728,28,1,me_eriador,me_shire_breeland_region,59f746,no
948,me_land_0908,Land 0908,land,671,196,0.6559140,0.3835616,24,3,me_rhovanion,me_dale_region,f82ebf,no
949,me_land_0909,Land 0909,land,755,279,0.7380254,0.5459883,57,9,me_mordor_and_rhun,me_rhun_region,966638,no
950,me_land_0910,Land 0910,land,642,203,0.6275660,0.3972603,26,3,me_rhovanion,me_dale_region,349db1,no
951,me_land_0911,Land 0911,land,202,141,0.1974585,0.2759295,80,1,me_eriador,me_lindon_region,d2d52a,no
952,me_land_0912,Land 0912,land,768,259,0.7507331,0.5068493,46,9,me_mordor_and_rhun,me_rhun_region,710ca3,no
953,me_land_0913,Land 0913,land,461,308,0.4506354,0.6027397,50,1,me_eriador,me_enedwaith_region,0f441c,no
954,me_land_0914,Land 0914,land,819,413,0.8005865,0.8082192,43,1,me_mordor_and_rhun,me_mordor_region,ad7b95,no
955,me_land_0915,Land 0915,land,319,60,0.3118280,0.1174168,83,5,me_forodwaith,me_forochel_region,4bb30e,no
956,me_land_0916,Land 0916,land,670,177,0.6549365,0.3463796,50,3,me_rhovanion,me_dale_region,e9ea87,no
957,me_land_0917,Land 0917,land,401,273,0.3919844,0.5342466,37,1,me_eriador,me_enedwaith_region,882200,no
958,me_land_0918,Land 0918,land,543,141,0.5307918,0.2759295,50,1,me_rhovanion,me_anduin_vale_region,265979,no
959,me_land_0919,Land 0919,land,610,376,0.5962854,0.7358121,35,1,me_rhovanion,me_rohan_region,c490f2,no
960,me_land_0920,Land 0920,land,626,293,0.6119257,0.5733855,37,9,me_rhovanion,me_brown_lands_region,62c86b,no
961,me_land_0921,Land 0921,land,397,177,0.3880743,0.3463796,48,1,me_eriador,me_north_arnor_region,00ffe4,no
962,me_land_0922,Land 0922,land,416,233,0.4066471,0.4559687,45,1,me_eriador,me_shire_breeland_region,9f375d,no
963,me_land_0923,Land 0923,land,374,262,0.3655914,0.5127202,36,1,me_eriador,me_enedwaith_region,3d6ed6,no
964,me_land_0924,Land 0924,land,349,148,0.3411535,0.2896282,69,1,me_eriador,me_north_arnor_region,dba64f,no
965,me_land_0925,Land 0925,land,417,275,0.4076246,0.5381605,34,1,me_eriador,me_enedwaith_region,79ddc8,no
966,me_land_0926,Land 0926,land,427,234,0.4173998,0.4579256,46,1,me_eriador,me_shire_breeland_region,181541,no
967,me_land_0927,Land 0927,land,303,406,0.2961877,0.7945205,27,1,me_gondor,me_belfalas_region,b64cba,no
968,me_land_0928,Land 0928,land,502,244,0.4907136,0.4774951,49,1,me_eriador,me_enedwaith_region,548433,no
969,me_land_0929,Land 0929,land,560,435,0.5474096,0.8512720,50,10,me_harad,me_near_harad_region,f2bbac,no
970,me_land_0930,Land 0930,land,336,137,0.3284457,0.2681018,35,1,me_eriador,me_north_arnor_region,90f325,no
971,me_land_0931,Land 0931,land,750,431,0.7331378,0.8434442,61,10,me_harad,me_near_harad_region,2f2a9e,no
972,me_land_0932,Land 0932,land,462,207,0.4516129,0.4050881,47,1,me_eriador,me_shire_breeland_region,cd6217,no
973,me_land_0933,Land 0933,land,278,230,0.2717498,0.4500978,55,1,me_eriador,me_lindon_region,6b9990,no
974,me_land_0934,Land 0934,land,318,205,0.3108504,0.4011742,50,1,me_eriador,me_shire_breeland_region,09d109,no
975,me_land_0935,Land 0935,land,471,229,0.4604106,0.4481409,28,1,me_eriador,me_shire_breeland_region,a80882,no
976,me_land_0936,Land 0936,land,551,160,0.5386119,0.3131115,26,1,me_rhovanion,me_anduin_vale_region,463ffb,no
977,me_land_0937,Land 0937,land,903,161,0.8826979,0.3150685,67,9,me_mordor_and_rhun,me_rhun_region,e47774,no
978,me_land_0938,Land 0938,land,647,377,0.6324536,0.7377691,28,2,me_gondor,me_anorien_region,82aeed,no
979,me_land_0939,Land 0939,land,838,85,0.8191593,0.1663405,42,1,me_forodwaith,me_northern_wastes_region,20e666,no
980,me_land_0940,Land 0940,land,844,389,0.8250244,0.7612524,59,1,me_mordor_and_rhun,me_mordor_region,bf1ddf,no
981,me_land_0941,Land 0941,land,555,383,0.5425220,0.7495108,21,1,me_rhovanion,me_rohan_region,5d5558,no
982,me_land_0942,Land 0942,land,321,417,0.3137830,0.8160470,95,1,me_gondor,me_belfalas_region,fb8cd1,no
983,me_land_0943,Land 0943,land,425,304,0.4154448,0.5949119,63,1,me_eriador,me_enedwaith_region,99c44a,no
984,me_land_0944,Land 0944,land,344,306,0.3362659,0.5988258,53,1,me_eriador,me_enedwaith_region,37fbc3,no
985,me_land_0945,Land 0945,land,324,207,0.3167155,0.4050881,18,1,me_eriador,me_shire_breeland_region,d6333c,no
986,me_land_0946,Land 0946,land,550,430,0.5376344,0.8414873,34,10,me_harad,me_near_harad_region,746ab5,no
987,me_land_0947,Land 0947,land,346,204,0.3382209,0.3992172,39,1,me_eriador,me_shire_breeland_region,12a22e,no
988,me_land_0948,Land 0948,land,340,449,0.3323558,0.8786693,92,10,me_harad,me_umbar_region,b0d9a7,no
989,me_land_0949,Land 0949,land,576,253,0.5630499,0.4951076,43,3,me_rhovanion,me_mirkwood_region,4f1120,no
990,me_land_0950,Land 0950,land,458,352,0.4477028,0.6888454,30,1,me_gondor,me_belfalas_region,ed4899,no
991,me_land_0951,Land 0951,land,314,335,0.3069404,0.6555773,66,1,me_gondor,me_belfalas_region,8b8012,no
992,me_land_0952,Land 0952,land,350,26,0.3421310,0.0508806,98,5,me_forodwaith,me_forochel_region,29b78b,no
993,me_land_0953,Land 0953,land,776,350,0.7585533,0.6849315,34,8,me_mordor_and_rhun,me_mordor_region,c7ef04,no
994,me_land_0954,Land 0954,land,884,244,0.8641251,0.4774951,54,9,me_mordor_and_rhun,me_rhun_region,66267d,no
995,me_land_0955,Land 0955,land,253,242,0.2473118,0.4735812,47,1,me_eriador,me_lindon_region,045df6,no
996,me_land_0956,Land 0956,land,792,453,0.7741935,0.8864971,63,10,me_harad,me_near_harad_region,a2956f,no
997,me_land_0957,Land 0957,land,723,340,0.7067449,0.6653620,63,8,me_mordor_and_rhun,me_mordor_region,40cce8,no
998,me_land_0958,Land 0958,land,563,333,0.5503421,0.6516634,53,1,me_rhovanion,me_rohan_region,df0461,no
999,me_land_0959,Land 0959,land,530,364,0.5180841,0.7123288,50,1,me_rhovanion,me_rohan_region,7d3bda,no
1000,me_land_0960,Land 0960,land,569,231,0.5562072,0.4520548,42,3,me_rhovanion,me_mirkwood_region,1b7353,no
1001,me_land_0961,Land 0961,land,693,296,0.6774194,0.5792564,38,1,me_mordor_and_rhun,me_mordor_region,b9aacc,no
1002,me_land_0962,Land 0962,land,527,127,0.5151515,0.2485323,46,1,me_rhovanion,me_grey_mountains_region,57e245,no
1003,me_land_0963,Land 0963,land,511,328,0.4995112,0.6418787,52,3,me_rhovanion,me_rohan_region,f619be,no
1004,me_land_0964,Land 0964,land,552,376,0.5395894,0.7358121,18,1,me_rhovanion,me_rohan_region,945137,no
1005,me_land_0965,Land 0965,land,572,278,0.5591398,0.5440313,46,1,me_rhovanion,me_mirkwood_region,3288b0,no
1006,me_land_0966,Land 0966,land,439,279,0.4291300,0.5459883,70,1,me_eriador,me_enedwaith_region,d0c029,no
1007,me_land_0967,Land 0967,land,619,369,0.6050831,0.7221135,29,1,me_rhovanion,me_rohan_region,6ef7a2,no
1008,me_land_0968,Land 0968,land,647,402,0.6324536,0.7866928,40,1,me_gondor,me_south_gondor_region,0d2f1b,no
1009,me_land_0969,Land 0969,land,437,263,0.4271750,0.5146771,39,1,me_eriador,me_enedwaith_region,ab6694,no
1010,me_land_0970,Land 0970,land,814,434,0.7956989,0.8493151,76,10,me_harad,me_near_harad_region,499e0d,no
1011,me_land_0971,Land 0971,land,360,196,0.3519062,0.3835616,31,3,me_eriador,me_shire_breeland_region,e7d586,no
1012,me_land_0972,Land 0972,land,658,95,0.6432063,0.1859100,75,5,me_forodwaith,me_northern_wastes_region,860cff,no
1013,me_land_0973,Land 0973,land,605,439,0.5913978,0.8590998,41,10,me_harad,me_near_harad_region,244478,no
1014,me_land_0974,Land 0974,land,662,292,0.6471163,0.5714286,59,9,me_rhovanion,me_brown_lands_region,c27bf1,no
1015,me_land_0975,Land 0975,land,846,416,0.8269795,0.8140900,35,1,me_mordor_and_rhun,me_mordor_region,60b36a,no
1016,me_land_0976,Land 0976,land,563,212,0.5503421,0.4148728,35,3,me_rhovanion,me_mirkwood_region,feeae3,no
1017,me_land_0977,Land 0977,land,776,343,0.7585533,0.6712329,43,8,me_mordor_and_rhun,me_mordor_region,9d225c,no
1018,me_land_0978,Land 0978,land,831,326,0.8123167,0.6379648,49,1,me_mordor_and_rhun,me_mordor_region,3b59d5,no
1019,me_land_0979,Land 0979,land,682,390,0.6666667,0.7632094,16,1,me_mordor_and_rhun,me_mordor_region,d9914e,no
1020,me_land_0980,Land 0980,land,558,313,0.5454545,0.6125245,50,1,me_rhovanion,me_rohan_region,77c8c7,no
1021,me_land_0981,Land 0981,land,445,467,0.4349951,0.9138943,45,10,me_harad,me_umbar_region,160040,no
1022,me_land_0982,Land 0982,land,651,477,0.6363636,0.9334638,64,10,me_harad,me_near_harad_region,b437b9,no
1023,me_land_0983,Land 0983,land,712,174,0.6959922,0.3405088,42,1,me_mordor_and_rhun,me_rhun_region,526f32,no
1024,me_land_0984,Land 0984,land,409,339,0.3998045,0.6634051,76,1,me_gondor,me_belfalas_region,f0a6ab,no
1025,me_land_0985,Land 0985,land,874,304,0.8543500,0.5949119,37,9,me_mordor_and_rhun,me_mordor_region,8ede24,no
1026,me_land_0986,Land 0986,land,335,440,0.3274682,0.8610568,62,10,me_harad,me_umbar_region,2d159d,no
1027,me_land_0987,Land 0987,land,651,128,0.6363636,0.2504892,52,1,me_rhovanion,me_grey_mountains_region,cb4d16,no
1028,me_land_0988,Land 0988,land,645,158,0.6304985,0.3091977,45,3,me_rhovanion,me_dale_region,69848f,no
1029,me_land_0989,Land 0989,land,210,128,0.2052786,0.2504892,48,1,me_eriador,me_lindon_region,07bc08,no
1030,me_land_0990,Land 0990,land,589,405,0.5757576,0.7925636,36,1,me_gondor,me_lebennin_region,a5f381,no
1031,me_land_0991,Land 0991,land,535,306,0.5229717,0.5988258,43,3,me_rhovanion,me_rohan_region,442afa,no
1032,me_land_0992,Land 0992,land,566,273,0.5532747,0.5342466,37,1,me_rhovanion,me_mirkwood_region,e26273,no
1033,me_land_0993,Land 0993,land,728,190,0.7116325,0.3718200,58,9,me_mordor_and_rhun,me_rhun_region,8099ec,no
1034,me_land_0994,Land 0994,land,563,67,0.5503421,0.1311155,86,5,me_forodwaith,me_northern_wastes_region,1ed165,no
1035,me_land_0995,Land 0995,land,493,190,0.4819159,0.3718200,62,1,me_eriador,me_shire_breeland_region,bd08de,no
1036,me_land_0996,Land 0996,land,237,167,0.2316716,0.3268102,59,1,me_eriador,me_lindon_region,5b4057,no
1037,me_land_0997,Land 0997,land,750,258,0.7331378,0.5048924,44,9,me_mordor_and_rhun,me_rhun_region,f977d0,no
1038,me_land_0998,Land 0998,land,606,127,0.5923754,0.2485323,64,1,me_rhovanion,me_grey_mountains_region,97af49,no
1039,me_land_0999,Land 0999,land,452,111,0.4418377,0.2172211,95,5,me_forodwaith,me_angmar_region,35e6c2,no
1040,me_land_1000,Land 1000,land,603,320,0.5894428,0.6262231,41,1,me_rhovanion,me_rohan_region,d41e3b,no
1041,me_land_1001,Land 1001,land,521,185,0.5092864,0.3620352,51,1,me_rhovanion,me_anduin_vale_region,7255b4,no
1042,me_land_1002,Land 1002,land,522,378,0.5102639,0.7397260,38,1,me_rhovanion,me_rohan_region,108d2d,no
1043,me_land_1003,Land 1003,land,669,248,0.6539589,0.4853229,59,1,me_rhovanion,me_mirkwood_region,aec4a6,no
1044,me_land_1004,Land 1004,land,860,354,0.8406647,0.6927593,51,1,me_mordor_and_rhun,me_mordor_region,4cfc1f,no
1045,me_land_1005,Land 1005,land,648,69,0.6334311,0.1350294,56,5,me_forodwaith,me_northern_wastes_region,eb3398,no
1046,me_land_1006,Land 1006,land,624,164,0.6099707,0.3209393,37,3,me_rhovanion,me_dale_region,896b11,no
1047,me_land_1007,Land 1007,land,711,441,0.6950147,0.8630137,70,10,me_harad,me_near_harad_region,27a28a,no
1048,me_land_1008,Land 1008,land,401,450,0.3919844,0.8806262,54,10,me_harad,me_umbar_region,c5da03,no
1049,me_land_1009,Land 1009,land,915,184,0.8944282,0.3600783,51,9,me_mordor_and_rhun,me_rhun_region,64117c,no
1050,me_land_1010,Land 1010,land,593,335,0.5796676,0.6555773,39,1,me_rhovanion,me_rohan_region,0248f5,no
1051,me_land_1011,Land 1011,land,368,154,0.3597263,0.3013699,46,1,me_eriador,me_north_arnor_region,a0806e,no
1052,me_land_1012,Land 1012,land,410,223,0.4007820,0.4363992,48,1,me_eriador,me_shire_breeland_region,3eb7e7,no
1053,me_land_1013,Land 1013,land,412,170,0.4027370,0.3326810,44,1,me_eriador,me_north_arnor_region,dcef60,no
1054,me_land_1014,Land 1014,land,288,127,0.2815249,0.2485323,46,1,me_eriador,me_lindon_region,7b26d9,no
1055,me_land_1015,Land 1015,land,852,125,0.8328446,0.2446184,79,1,me_mordor_and_rhun,me_rhun_region,195e52,no
1056,me_land_1016,Land 1016,land,392,448,0.3831867,0.8767123,39,10,me_harad,me_umbar_region,b795cb,no
1057,me_land_1017,Land 1017,land,438,350,0.4281525,0.6849315,26,1,me_gondor,me_belfalas_region,55cd44,no
1058,me_land_1018,Land 1018,land,531,55,0.5190616,0.1076321,62,5,me_forodwaith,me_angmar_region,f404bd,no
1059,me_land_1019,Land 1019,land,471,188,0.4604106,0.3679061,26,1,me_eriador,me_shire_breeland_region,923c36,no
1060,me_land_1020,Land 1020,land,828,336,0.8093842,0.6575342,45,1,me_mordor_and_rhun,me_mordor_region,3073af,no
1061,me_land_1021,Land 1021,land,920,282,0.8993157,0.5518591,55,9,me_mordor_and_rhun,me_rhun_region,ceab28,no
1062,me_land_1022,Land 1022,land,694,214,0.6783969,0.4187867,56,1,me_mordor_and_rhun,me_rhun_region,6ce2a1,no
1063,me_land_1023,Land 1023,land,308,236,0.3010753,0.4618395,24,1,me_eriador,me_shire_breeland_region,0b1a1a,no
1064,me_land_1024,Land 1024,land,660,257,0.6451613,0.5029354,89,1,me_rhovanion,me_mirkwood_region,a95193,no
1065,me_land_1025,Land 1025,land,804,379,0.7859238,0.7416830,42,8,me_mordor_and_rhun,me_mordor_region,47890c,no
1066,me_land_1026,Land 1026,land,665,397,0.6500489,0.7769080,29,1,me_gondor,me_ithilien_region,e5c085,no
1067,me_land_1027,Land 1027,land,301,241,0.2942326,0.4716243,46,1,me_eriador,me_shire_breeland_region,83f7fe,no
1068,me_land_1028,Land 1028,land,371,192,0.3626588,0.3757339,44,1,me_eriador,me_shire_breeland_region,222f77,no
1069,me_land_1029,Land 1029,land,567,246,0.5542522,0.4814090,39,1,me_rhovanion,me_mirkwood_region,c066f0,no
1070,me_land_1030,Land 1030,land,473,438,0.4623656,0.8571429,45,10,me_harad,me_umbar_region,5e9e69,no
1071,me_land_1031,Land 1031,land,578,446,0.5650049,0.8727984,65,10,me_harad,me_near_harad_region,fcd5e2,no
1072,me_land_1032,Land 1032,land,545,304,0.5327468,0.5949119,36,1,me_rhovanion,me_rohan_region,9b0d5b,no
1073,me_land_1033,Land 1033,land,635,385,0.6207234,0.7534247,36,1,me_gondor,me_anorien_region,3944d4,no
1074,me_land_1034,Land 1034,land,559,211,0.5464321,0.4129159,31,3,me_rhovanion,me_mirkwood_region,d77c4d,no
1075,me_land_1035,Land 1035,land,476,422,0.4652981,0.8258317,22,1,me_gondor,me_belfalas_region,75b3c6,no
1076,me_land_1036,Land 1036,land,345,209,0.3372434,0.4090020,26,1,me_eriador,me_shire_breeland_region,13eb3f,no
1077,me_land_1037,Land 1037,land,770,123,0.7526882,0.2407045,44,1,me_mordor_and_rhun,me_rhun_region,b222b8,no
1078,me_land_1038,Land 1038,land,666,159,0.6510264,0.3111546,39,3,me_rhovanion,me_dale_region,505a31,no
1079,me_land_1039,Land 1039,land,827,413,0.8084066,0.8082192,38,1,me_mordor_and_rhun,me_mordor_region,ee91aa,no
1080,me_land_1040,Land 1040,land,579,431,0.5659824,0.8434442,33,10,me_harad,me_near_harad_region,8cc923,no
1081,me_land_1041,Land 1041,land,360,222,0.3519062,0.4344423,30,3,me_eriador,me_shire_breeland_region,2b009c,no
1082,me_land_1042,Land 1042,land,363,307,0.3548387,0.6007828,59,1,me_eriador,me_enedwaith_region,c93815,no
1083,me_land_1043,Land 1043,land,882,391,0.8621701,0.7651663,46,1,me_mordor_and_rhun,me_mordor_region,676f8e,no
1084,me_land_1044,Land 1044,land,483,172,0.4721408,0.3365949,24,1,me_eriador,me_north_arnor_region,05a707,no
1085,me_land_1045,Land 1045,land,625,308,0.6109482,0.6027397,74,9,me_rhovanion,me_rohan_region,a3de80,no
1086,me_land_1046,Land 1046,land,908,271,0.8875855,0.5303327,52,9,me_mordor_and_rhun,me_rhun_region,4215f9,no
1087,me_land_1047,Land 1047,land,444,401,0.4340176,0.7847358,54,1,me_gondor,me_belfalas_region,e04d72,no
1088,me_land_1048,Land 1048,land,397,141,0.3880743,0.2759295,47,1,me_eriador,me_north_arnor_region,7e84eb,no
1089,me_land_1049,Land 1049,land,700,376,0.6842620,0.7358121,42,8,me_mordor_and_rhun,me_mordor_region,1cbc64,no
1090,me_land_1050,Land 1050,land,514,119,0.5024438,0.2328767,88,1,me_forodwaith,me_angmar_region,baf3dd,no
1091,me_land_1051,Land 1051,land,427,175,0.4173998,0.3424658,51,1,me_eriador,me_north_arnor_region,592b56,no
1092,me_land_1052,Land 1052,land,439,227,0.4291300,0.4442270,33,1,me_eriador,me_shire_breeland_region,f762cf,no
1093,me_land_1053,Land 1053,land,916,152,0.8954057,0.2974560,47,9,me_mordor_and_rhun,me_rhun_region,959a48,no
1094,me_land_1054,Land 1054,land,547,451,0.5347019,0.8825832,59,10,me_harad,me_near_harad_region,33d1c1,no
1095,me_land_1055,Land 1055,land,917,305,0.8963832,0.5968689,50,9,me_mordor_and_rhun,me_mordor_region,d2093a,no
1096,me_land_1056,Land 1056,land,398,329,0.3890518,0.6438356,41,1,me_eriador,me_enedwaith_region,7040b3,no
1097,me_land_1057,Land 1057,land,433,157,0.4232649,0.3072407,77,1,me_eriador,me_north_arnor_region,0e782c,no
1098,me_land_1058,Land 1058,land,477,338,0.4662757,0.6614481,25,1,me_rhovanion,me_rohan_region,acafa5,no
1099,me_land_1059,Land 1059,land,366,59,0.3577713,0.1154599,78,5,me_forodwaith,me_forochel_region,4ae71e,no
1100,me_land_1060,Land 1060,land,589,335,0.5757576,0.6555773,27,1,me_rhovanion,me_rohan_region,e91e97,no
1101,me_land_1061,Land 1061,land,521,267,0.5092864,0.5225049,56,1,me_rhovanion,me_anduin_vale_region,875610,no
1102,me_land_1062,Land 1062,land,718,474,0.7018573,0.9275930,80,10,me_harad,me_near_harad_region,258d89,no
1103,me_land_1063,Land 1063,land,720,118,0.7038123,0.2309198,54,5,me_forodwaith,me_northern_wastes_region,c3c502,no
1104,me_land_1064,Land 1064,land,914,222,0.8934506,0.4344423,40,9,me_mordor_and_rhun,me_rhun_region,61fc7b,no
1105,me_land_1065,Land 1065,land,563,391,0.5503421,0.7651663,58,1,me_gondor,me_lebennin_region,0033f4,no
1106,me_land_1066,Land 1066,land,575,431,0.5620723,0.8434442,34,10,me_harad,me_near_harad_region,9e6b6d,no
1107,me_land_1067,Land 1067,land,690,213,0.6744868,0.4168297,44,1,me_mordor_and_rhun,me_rhun_region,3ca2e6,no
1108,me_land_1068,Land 1068,land,491,484,0.4799609,0.9471624,65,10,me_harad,me_umbar_region,dada5f,no
1109,me_land_1069,Land 1069,land,450,262,0.4398827,0.5127202,35,1,me_eriador,me_enedwaith_region,7911d8,no
1110,me_land_1070,Land 1070,land,322,281,0.3147605,0.5499022,51,1,me_eriador,me_enedwaith_region,174951,no
1111,me_land_1071,Land 1071,land,605,395,0.5913978,0.7729941,30,1,me_gondor,me_lebennin_region,b580ca,no
1112,me_land_1072,Land 1072,land,889,361,0.8690127,0.7064579,59,1,me_mordor_and_rhun,me_mordor_region,53b843,no
1113,me_land_1073,Land 1073,land,657,415,0.6422287,0.8121331,25,1,me_gondor,me_south_gondor_region,f1efbc,no
1114,me_land_1074,Land 1074,land,665,190,0.6500489,0.3718200,33,3,me_rhovanion,me_dale_region,902735,no
1115,me_land_1075,Land 1075,land,252,284,0.2463343,0.5557730,51,1,me_eriador,me_lindon_region,2e5eae,no
1116,me_land_1076,Land 1076,land,356,221,0.3479961,0.4324853,44,3,me_eriador,me_shire_breeland_region,cc9627,no
1117,me_land_1077,Land 1077,land,486,52,0.4750733,0.1017613,70,5,me_forodwaith,me_angmar_region,6acda0,no
1118,me_land_1078,Land 1078,land,719,242,0.7028348,0.4735812,36,9,me_mordor_and_rhun,me_rhun_region,090519,no
1119,me_land_1079,Land 1079,land,417,193,0.4076246,0.3776908,35,1,me_eriador,me_shire_breeland_region,a73c92,no
1120,me_land_1080,Land 1080,land,470,135,0.4594330,0.2641879,61,1,me_eriador,me_north_arnor_region,45740b,no
1121,me_land_1081,Land 1081,land,591,32,0.5777126,0.0626223,97,5,me_forodwaith,me_northern_wastes_region,e3ab84,no
1122,me_land_1082,Land 1082,land,823,115,0.8044966,0.2250489,58,1,me_forodwaith,me_northern_wastes_region,81e2fd,no
1123,me_land_1083,Land 1083,land,382,341,0.3734115,0.6673190,41,1,me_gondor,me_belfalas_region,201a76,no
1124,me_land_1084,Land 1084,land,565,156,0.5522972,0.3052838,57,1,me_rhovanion,me_mirkwood_region,be51ef,no
1125,me_land_1085,Land 1085,land,843,86,0.8240469,0.1682975,37,1,me_forodwaith,me_northern_wastes_region,5c8968,no
1126,me_land_1086,Land 1086,land,806,391,0.7878788,0.7651663,34,8,me_mordor_and_rhun,me_mordor_region,fac0e1,no
1127,me_land_1087,Land 1087,land,439,216,0.4291300,0.4227006,35,1,me_eriador,me_shire_breeland_region,98f85a,no
1128,me_land_1088,Land 1088,land,629,132,0.6148583,0.2583170,74,3,me_rhovanion,me_grey_mountains_region,372fd3,no
1129,me_land_1089,Land 1089,land,476,334,0.4652981,0.6536204,39,1,me_rhovanion,me_rohan_region,d5674c,no
1130,me_land_1090,Land 1090,land,689,194,0.6735093,0.3796477,37,1,me_mordor_and_rhun,me_rhun_region,739ec5,no
1131,me_land_1091,Land 1091,land,761,332,0.7438905,0.6497065,59,8,me_mordor_and_rhun,me_mordor_region,11d63e,no
1132,me_land_1092,Land 1092,land,489,441,0.4780059,0.8630137,36,10,me_harad,me_umbar_region,b00db7,no
1133,me_land_1093,Land 1093,land,599,442,0.5855327,0.8649706,38,10,me_harad,me_near_harad_region,4e4530,no
1134,me_land_1094,Land 1094,land,742,248,0.7253177,0.4853229,67,9,me_mordor_and_rhun,me_rhun_region,ec7ca9,no
1135,me_land_1095,Land 1095,land,558,392,0.5454545,0.7671233,26,1,me_gondor,me_lebennin_region,8ab422,no
1136,me_land_1096,Land 1096,land,587,429,0.5738025,0.8395303,20,10,me_harad,me_near_harad_region,28eb9b,no
1137,me_land_1097,Land 1097,land,483,466,0.4721408,0.9119374,40,10,me_harad,me_umbar_region,c72314,no
1138,me_land_1098,Land 1098,land,896,320,0.8758553,0.6262231,43,1,me_mordor_and_rhun,me_mordor_region,655a8d,no
1139,me_land_1099,Land 1099,land,744,451,0.7272727,0.8825832,36,10,me_harad,me_near_harad_region,039206,no
1140,me_land_1100,Land 1100,land,657,343,0.6422287,0.6712329,81,2,me_gondor,me_ithilien_region,a1c97f,no
1141,me_land_1101,Land 1101,land,318,183,0.3108504,0.3581213,39,1,me_eriador,me_shire_breeland_region,4000f8,no
1142,me_land_1102,Land 1102,land,884,330,0.8641251,0.6457926,45,1,me_mordor_and_rhun,me_mordor_region,de3871,no
1143,me_land_1103,Land 1103,land,871,106,0.8514174,0.2074364,39,1,me_forodwaith,me_northern_wastes_region,7c6fea,no
1144,me_land_1104,Land 1104,land,542,374,0.5298143,0.7318982,43,1,me_rhovanion,me_rohan_region,1aa763,no
1145,me_land_1105,Land 1105,land,511,376,0.4995112,0.7358121,29,1,me_rhovanion,me_rohan_region,b8dedc,no
1146,me_land_1106,Land 1106,land,595,422,0.5816227,0.8258317,58,1,me_gondor,me_lebennin_region,571655,no
1147,me_land_1107,Land 1107,land,706,490,0.6901271,0.9589041,79,10,me_harad,me_far_harad_region,f54dce,no
1148,me_land_1108,Land 1108,land,878,229,0.8582600,0.4481409,44,9,me_mordor_and_rhun,me_rhun_region,938547,no
1149,me_land_1109,Land 1109,land,848,411,0.8289345,0.8043053,46,1,me_mordor_and_rhun,me_mordor_region,31bcc0,no
1150,me_land_1110,Land 1110,land,394,232,0.3851417,0.4540117,30,1,me_eriador,me_shire_breeland_region,cff439,no
1151,me_land_1111,Land 1111,land,471,453,0.4604106,0.8864971,42,10,me_harad,me_umbar_region,6e2bb2,no
1152,me_land_1112,Land 1112,land,387,231,0.3782991,0.4520548,59,1,me_eriador,me_shire_breeland_region,0c632b,no
1153,me_land_1113,Land 1113,land,692,174,0.6764418,0.3405088,47,1,me_mordor_and_rhun,me_rhun_region,aa9aa4,no
1154,me_land_1114,Land 1114,land,653,413,0.6383187,0.8082192,28,1,me_gondor,me_south_gondor_region,48d21d,no
1155,me_land_1115,Land 1115,land,502,296,0.4907136,0.5792564,84,3,me_eriador,me_enedwaith_region,e70996,no
1156,me_land_1116,Land 1116,land,661,271,0.6461388,0.5303327,46,1,me_rhovanion,me_mirkwood_region,85410f,no
1157,me_land_1117,Land 1117,land,502,228,0.4907136,0.4461840,28,1,me_eriador,me_enedwaith_region,237888,no
1158,me_land_1118,Land 1118,land,317,296,0.3098729,0.5792564,39,1,me_eriador,me_enedwaith_region,c1b001,no
1159,me_land_1119,Land 1119,land,351,271,0.3431085,0.5303327,56,1,me_eriador,me_enedwaith_region,5fe77a,no
1160,me_land_1120,Land 1120,land,675,151,0.6598240,0.2954990,28,1,me_rhovanion,me_dale_region,fe1ef3,no
1161,me_land_1121,Land 1121,land,355,333,0.3470186,0.6516634,36,1,me_eriador,me_enedwaith_region,9c566c,no
1162,me_land_1122,Land 1122,land,665,385,0.6500489,0.7534247,67,2,me_gondor,me_ithilien_region,3a8de5,no
1163,me_land_1123,Land 1123,land,524,280,0.5122190,0.5479452,56,1,me_rhovanion,me_anduin_vale_region,d8c55e,no
1164,me_land_1124,Land 1124,land,808,351,0.7898338,0.6868885,25,8,me_mordor_and_rhun,me_mordor_region,76fcd7,no
1165,me_land_1125,Land 1125,land,305,413,0.2981427,0.8082192,59,1,me_gondor,me_belfalas_region,153450,no
1166,me_land_1126,Land 1126,land,403,209,0.3939394,0.4090020,33,1,me_eriador,me_shire_breeland_region,b36bc9,no
1167,me_land_1127,Land 1127,land,504,28,0.4926686,0.0547945,81,5,me_forodwaith,me_angmar_region,51a342,no
1168,me_land_1128,Land 1128,land,413,283,0.4037146,0.5538160,41,1,me_eriador,me_enedwaith_region,efdabb,no
1169,me_land_1129,Land 1129,land,228,224,0.2228739,0.4383562,33,1,me_eriador,me_lindon_region,8e1234,no
1170,me_land_1130,Land 1130,land,258,254,0.2521994,0.4970646,42,1,me_eriador,me_lindon_region,2c49ad,no
1171,me_land_1131,Land 1131,land,309,259,0.3020528,0.5068493,46,1,me_eriador,me_enedwaith_region,ca8126,no
1172,me_land_1132,Land 1132,land,615,379,0.6011730,0.7416830,33,1,me_rhovanion,me_rohan_region,68b89f,no
1173,me_land_1133,Land 1133,land,231,146,0.2258065,0.2857143,51,1,me_eriador,me_lindon_region,06f018,no
1174,me_land_1134,Land 1134,land,381,172,0.3724340,0.3365949,50,1,me_eriador,me_north_arnor_region,a52791,no
1175,me_land_1135,Land 1135,land,624,33,0.6099707,0.0645793,78,5,me_forodwaith,me_northern_wastes_region,435f0a,no
1176,me_land_1136,Land 1136,land,730,344,0.7135875,0.6731898,48,8,me_mordor_and_rhun,me_mordor_region,e19683,no
1177,me_land_1137,Land 1137,land,604,381,0.5904203,0.7455969,48,1,me_rhovanion,me_rohan_region,7fcdfc,no
1178,me_land_1138,Land 1138,land,651,200,0.6363636,0.3913894,27,3,me_rhovanion,me_dale_region,1e0575,no
1179,me_land_1139,Land 1139,land,570,461,0.5571848,0.9021526,63,10,me_harad,me_near_harad_region,bc3cee,no
1180,me_land_1140,Land 1140,land,895,235,0.8748778,0.4598826,69,9,me_mordor_and_rhun,me_rhun_region,5a7467,no
1181,me_land_1141,Land 1141,land,567,340,0.5542522,0.6653620,36,1,me_rhovanion,me_rohan_region,f8abe0,no
1182,me_land_1142,Land 1142,land,671,102,0.6559140,0.1996086,119,5,me_forodwaith,me_northern_wastes_region,96e359,no
1183,me_land_1143,Land 1143,land,427,268,0.4173998,0.5244618,44,1,me_eriador,me_enedwaith_region,351ad2,no
1184,me_land_1144,Land 1144,land,220,122,0.2150538,0.2387476,80,1,me_eriador,me_lindon_region,d3524b,no
1185,me_land_1145,Land 1145,land,848,351,0.8289345,0.6868885,44,1,me_mordor_and_rhun,me_mordor_region,7189c4,no
1186,me_land_1146,Land 1146,land,405,461,0.3958944,0.9021526,42,10,me_harad,me_umbar_region,0fc13d,no
1187,me_land_1147,Land 1147,land,578,469,0.5650049,0.9178082,101,10,me_harad,me_near_harad_region,adf8b6,no
1188,me_land_1148,Land 1148,land,848,454,0.8289345,0.8884540,48,10,me_harad,me_near_harad_region,4c302f,no
1189,me_land_1149,Land 1149,land,901,352,0.8807429,0.6888454,33,1,me_mordor_and_rhun,me_mordor_region,ea67a8,no
1190,me_land_1150,Land 1150,land,486,80,0.4750733,0.1565558,48,5,me_forodwaith,me_angmar_region,889f21,no
1191,me_land_1151,Land 1151,land,628,395,0.6138807,0.7729941,38,1,me_gondor,me_south_gondor_region,26d69a,no
1192,me_land_1152,Land 1152,land,663,472,0.6480938,0.9236791,64,10,me_harad,me_near_harad_region,c50e13,no
1193,me_land_1153,Land 1153,land,410,277,0.4007820,0.5420744,40,1,me_eriador,me_enedwaith_region,63458c,no
1194,me_land_1154,Land 1154,land,367,270,0.3587488,0.5283757,36,1,me_eriador,me_enedwaith_region,017d05,no
1195,me_land_1155,Land 1155,land,490,246,0.4789834,0.4814090,33,1,me_eriador,me_shire_breeland_region,9fb47e,no
1196,me_land_1156,Land 1156,land,356,291,0.3479961,0.5694716,36,1,me_eriador,me_enedwaith_region,3debf7,no
1197,me_land_1157,Land 1157,land,871,197,0.8514174,0.3855186,35,9,me_mordor_and_rhun,me_rhun_region,dc2370,no
1198,me_land_1158,Land 1158,land,286,225,0.2795699,0.4403131,34,1,me_eriador,me_lindon_region,7a5ae9,no
1199,me_land_1159,Land 1159,land,747,282,0.7302053,0.5518591,45,9,me_mordor_and_rhun,me_rhun_region,189262,no
1200,me_land_1160,Land 1160,land,594,341,0.5806452,0.6673190,40,1,me_rhovanion,me_rohan_region,b6c9db,no
1201,me_land_1161,Land 1161,land,673,114,0.6578690,0.2230920,105,5,me_forodwaith,me_northern_wastes_region,550154,no
1202,me_land_1162,Land 1162,land,786,139,0.7683284,0.2720157,68,9,me_mordor_and_rhun,me_rhun_region,f338cd,no
1203,me_land_1163,Land 1163,land,561,364,0.5483871,0.7123288,28,1,me_rhovanion,me_rohan_region,917046,no
1204,me_land_1164,Land 1164,land,224,34,0.2189638,0.0665362,76,5,me_forodwaith,me_forochel_region,2fa7bf,no
1205,me_land_1165,Land 1165,land,700,151,0.6842620,0.2954990,49,1,me_mordor_and_rhun,me_rhun_region,cddf38,no
1206,me_land_1166,Land 1166,land,390,182,0.3812317,0.3561644,49,1,me_eriador,me_shire_breeland_region,6c16b1,no
1207,me_land_1167,Land 1167,land,564,425,0.5513196,0.8317025,29,10,me_harad,me_near_harad_region,0a4e2a,no
1208,me_land_1168,Land 1168,land,430,28,0.4203324,0.0547945,76,5,me_forodwaith,me_angmar_region,a885a3,no
1209,me_land_1169,Land 1169,land,379,444,0.3704790,0.8688845,40,10,me_harad,me_umbar_region,46bd1c,no
1210,me_land_1170,Land 1170,land,281,284,0.2746823,0.5557730,53,1,me_eriador,me_lindon_region,e4f495,no
1211,me_land_1171,Land 1171,land,507,340,0.4956012,0.6653620,23,1,me_rhovanion,me_rohan_region,832c0e,no
1212,me_land_1172,Land 1172,land,833,392,0.8142717,0.7671233,59,1,me_mordor_and_rhun,me_mordor_region,216387,no
1213,me_land_1173,Land 1173,land,502,365,0.4907136,0.7142857,43,1,me_rhovanion,me_rohan_region,bf9b00,no
1214,me_land_1174,Land 1174,land,699,359,0.6832845,0.7025440,44,8,me_mordor_and_rhun,me_mordor_region,5dd279,no
1215,me_land_1175,Land 1175,land,702,455,0.6862170,0.8904110,81,10,me_harad,me_near_harad_region,fc09f2,no
1216,me_land_1176,Land 1176,land,593,284,0.5796676,0.5557730,43,9,me_rhovanion,me_mirkwood_region,9a416b,no
1217,me_land_1177,Land 1177,land,643,382,0.6285435,0.7475538,42,1,me_gondor,me_anorien_region,3878e4,no
1218,me_land_1178,Land 1178,land,748,244,0.7311828,0.4774951,29,9,me_mordor_and_rhun,me_rhun_region,d6b05d,no
1219,me_land_1179,Land 1179,land,389,313,0.3802542,0.6125245,51,1,me_eriador,me_enedwaith_region,74e7d6,no
1220,me_land_1180,Land 1180,land,225,123,0.2199413,0.2407045,80,1,me_eriador,me_lindon_region,131f4f,no
1221,me_land_1181,Land 1181,land,664,77,0.6490714,0.1506849,55,5,me_forodwaith,me_northern_wastes_region,b156c8,no
1222,me_land_1182,Land 1182,land,315,187,0.3079179,0.3659491,42,1,me_eriador,me_shire_breeland_region,4f8e41,no
1223,me_land_1183,Land 1183,land,748,445,0.7311828,0.8708415,48,10,me_harad,me_near_harad_region,edc5ba,no
1224,me_land_1184,Land 1184,land,827,324,0.8084066,0.6340509,29,1,me_mordor_and_rhun,me_mordor_region,8bfd33,no
1225,me_land_1185,Land 1185,land,490,139,0.4789834,0.2720157,49,1,me_eriador,me_north_arnor_region,2a34ac,no
1226,me_land_1186,Land 1186,land,819,442,0.8005865,0.8649706,107,10,me_harad,me_near_harad_region,c86c25,no
1227,me_land_1187,Land 1187,land,917,172,0.8963832,0.3365949,46,9,me_mordor_and_rhun,me_rhun_region,66a39e,no
1228,me_land_1188,Land 1188,land,892,271,0.8719453,0.5303327,53,9,me_mordor_and_rhun,me_rhun_region,04db17,no
1229,me_land_1189,Land 1189,land,810,458,0.7917889,0.8962818,82,10,me_harad,me_near_harad_region,a31290,no
1230,me_land_1190,Land 1190,land,638,396,0.6236559,0.7749511,32,1,me_gondor,me_south_gondor_region,414a09,no
1231,me_land_1191,Land 1191,land,399,312,0.3900293,0.6105675,52,1,me_eriador,me_enedwaith_region,df8182,no
1232,me_land_1192,Land 1192,land,632,270,0.6177908,0.5283757,69,9,me_rhovanion,me_mirkwood_region,7db8fb,no
1233,me_land_1193,Land 1193,land,273,227,0.2668622,0.4442270,45,1,me_eriador,me_lindon_region,1bf074,no
1234,me_land_1194,Land 1194,land,846,401,0.8269795,0.7847358,39,1,me_mordor_and_rhun,me_mordor_region,ba27ed,no
1235,me_land_1195,Land 1195,land,705,251,0.6891496,0.4911937,83,1,me_mordor_and_rhun,me_rhun_region,585f66,no
1236,me_land_1196,Land 1196,land,855,278,0.8357771,0.5440313,46,9,me_mordor_and_rhun,me_rhun_region,f696df,no
1237,me_land_1197,Land 1197,land,535,172,0.5229717,0.3365949,36,1,me_rhovanion,me_anduin_vale_region,94ce58,no
1238,me_land_1198,Land 1198,land,498,436,0.4868035,0.8532290,49,10,me_harad,me_umbar_region,3305d1,no
1239,me_land_1199,Land 1199,land,236,146,0.2306940,0.2857143,56,1,me_eriador,me_lindon_region,d13d4a,no
1240,me_land_1200,Land 1200,land,491,322,0.4799609,0.6301370,40,3,me_rhovanion,me_rohan_region,6f74c3,no
1241,me_land_1201,Land 1201,land,888,242,0.8680352,0.4735812,39,9,me_mordor_and_rhun,me_rhun_region,0dac3c,no
1242,me_land_1202,Land 1202,land,497,491,0.4858260,0.9608611,80,10,me_harad,me_umbar_region,abe3b5,no
1243,me_land_1203,Land 1203,land,830,268,0.8113392,0.5244618,51,9,me_mordor_and_rhun,me_rhun_region,4a1b2e,no
1244,me_land_1204,Land 1204,land,382,90,0.3734115,0.1761252,103,5,me_forodwaith,me_forochel_region,e852a7,no
1245,me_land_1205,Land 1205,land,805,426,0.7869013,0.8336595,41,10,me_harad,me_near_harad_region,868a20,no
1246,me_land_1206,Land 1206,land,664,127,0.6490714,0.2485323,39,1,me_rhovanion,me_grey_mountains_region,24c199,no
1247,me_land_1207,Land 1207,land,741,327,0.7243402,0.6399217,56,8,me_mordor_and_rhun,me_mordor_region,c2f912,no
1248,me_land_1208,Land 1208,land,306,127,0.2991202,0.2485323,41,1,me_eriador,me_north_arnor_region,61308b,no
1249,me_land_1209,Land 1209,land,655,423,0.6402737,0.8277886,32,1,me_gondor,me_south_gondor_region,ff6804,no
1250,me_land_1210,Land 1210,land,872,381,0.8523949,0.7455969,64,1,me_mordor_and_rhun,me_mordor_region,9d9f7d,no
1251,me_land_1211,Land 1211,land,448,402,0.4379277,0.7866928,53,1,me_gondor,me_belfalas_region,3bd6f6,no
1252,me_land_1212,Land 1212,land,655,143,0.6402737,0.2798434,38,3,me_rhovanion,me_dale_region,da0e6f,no
1253,me_land_1213,Land 1213,land,241,260,0.2355816,0.5088063,57,1,me_eriador,me_lindon_region,7845e8,no
1254,me_land_1214,Land 1214,land,399,222,0.3900293,0.4344423,61,1,me_eriador,me_shire_breeland_region,167d61,no
1255,me_land_1215,Land 1215,land,699,245,0.6832845,0.4794521,51,1,me_mordor_and_rhun,me_rhun_region,b4b4da,no
1256,me_land_1216,Land 1216,land,606,390,0.5923754,0.7632094,38,1,me_gondor,me_lebennin_region,52ec53,no
1257,me_land_1217,Land 1217,land,457,490,0.4467253,0.9589041,54,10,me_harad,me_umbar_region,f123cc,no
1258,me_land_1218,Land 1218,land,249,298,0.2434018,0.5831703,28,1,me_eriador,me_lindon_region,8f5b45,no
1259,me_land_1219,Land 1219,land,338,275,0.3304008,0.5381605,38,1,me_eriador,me_enedwaith_region,2d92be,no
1260,me_land_1220,Land 1220,land,275,101,0.2688172,0.1976517,101,5,me_forodwaith,me_forochel_region,cbca37,no
1261,me_land_1221,Land 1221,land,530,170,0.5180841,0.3326810,52,1,me_rhovanion,me_anduin_vale_region,6a01b0,no
1262,me_land_1222,Land 1222,land,557,110,0.5444770,0.2152642,64,5,me_forodwaith,me_northern_wastes_region,083929,no
1263,me_land_1223,Land 1223,land,269,33,0.2629521,0.0645793,142,5,me_forodwaith,me_forochel_region,a670a2,no
1264,me_land_1224,Land 1224,land,586,286,0.5728250,0.5596869,49,9,me_rhovanion,me_mirkwood_region,44a81b,no
1265,me_land_1225,Land 1225,land,293,230,0.2864125,0.4500978,52,1,me_eriador,me_lindon_region,e2df94,no
1266,me_land_1226,Land 1226,land,826,166,0.8074291,0.3248532,73,9,me_mordor_and_rhun,me_rhun_region,81170d,no
1267,me_land_1227,Land 1227,land,445,441,0.4349951,0.8630137,42,10,me_harad,me_umbar_region,1f4e86,no
1268,me_land_1228,Land 1228,land,188,53,0.1837732,0.1037182,145,5,me_forodwaith,me_forochel_region,bd85ff,no
1269,me_land_1229,Land 1229,land,661,90,0.6461388,0.1761252,40,5,me_forodwaith,me_northern_wastes_region,5bbd78,no
1270,me_land_1230,Land 1230,land,639,277,0.6246334,0.5420744,52,9,me_rhovanion,me_mirkwood_region,f9f4f1,no
1271,me_land_1231,Land 1231,land,653,308,0.6383187,0.6027397,53,9,me_rhovanion,me_rohan_region,982c6a,no
1272,me_land_1232,Land 1232,land,903,237,0.8826979,0.4637965,46,9,me_mordor_and_rhun,me_rhun_region,3663e3,no
1273,me_land_1233,Land 1233,land,315,331,0.3079179,0.6477495,42,1,me_eriador,me_enedwaith_region,d49b5c,no
1274,me_land_1234,Land 1234,land,784,261,0.7663734,0.5107632,36,9,me_mordor_and_rhun,me_rhun_region,72d2d5,no
1275,me_land_1235,Land 1235,land,607,283,0.5933529,0.5538160,83,9,me_rhovanion,me_mirkwood_region,110a4e,no
1276,me_land_1236,Land 1236,land,861,245,0.8416422,0.4794521,71,9,me_mordor_and_rhun,me_rhun_region,af41c7,no
1277,me_land_1237,Land 1237,land,730,336,0.7135875,0.6575342,58,8,me_mordor_and_rhun,me_mordor_region,4d7940,no
1278,me_land_1238,Land 1238,land,320,340,0.3128055,0.6653620,109,1,me_gondor,me_belfalas_region,ebb0b9,no
1279,me_land_1239,Land 1239,land,845,155,0.8260020,0.3033268,43,9,me_mordor_and_rhun,me_rhun_region,89e832,no
1280,me_land_1240,Land 1240,land,613,290,0.5992180,0.5675147,55,9,me_rhovanion,me_brown_lands_region,281fab,no
1281,me_land_1241,Land 1241,land,541,305,0.5288368,0.5968689,28,1,me_rhovanion,me_rohan_region,c65724,no
1282,me_land_1242,Land 1242,land,751,65,0.7341153,0.1272016,57,5,me_forodwaith,me_northern_wastes_region,648e9d,no
1283,me_land_1243,Land 1243,land,331,332,0.3235582,0.6497065,61,1,me_eriador,me_enedwaith_region,02c616,no
1284,me_land_1244,Land 1244,land,506,269,0.4946237,0.5264188,57,1,me_rhovanion,me_anduin_vale_region,a0fd8f,no
1285,me_land_1245,Land 1245,land,283,206,0.2766373,0.4031311,93,1,me_eriador,me_lindon_region,3f3508,no
1286,me_land_1246,Land 1246,land,460,46,0.4496579,0.0900196,89,5,me_forodwaith,me_angmar_region,dd6c81,no
1287,me_land_1247,Land 1247,land,862,170,0.8426197,0.3326810,34,9,me_mordor_and_rhun,me_rhun_region,7ba3fa,no
1288,me_land_1248,Land 1248,land,455,221,0.4447703,0.4324853,44,1,me_eriador,me_shire_breeland_region,19db73,no
1289,me_land_1249,Land 1249,land,414,185,0.4046921,0.3620352,37,1,me_eriador,me_shire_breeland_region,b812ec,no
1290,me_land_1250,Land 1250,land,674,409,0.6588465,0.8003914,29,1,me_gondor,me_south_gondor_region,564a65,no
1291,me_land_1251,Land 1251,land,760,364,0.7429130,0.7123288,62,8,me_mordor_and_rhun,me_mordor_region,f481de,no
1292,me_land_1252,Land 1252,land,613,344,0.5992180,0.6731898,34,1,me_rhovanion,me_rohan_region,92b957,no
1293,me_land_1253,Land 1253,land,534,445,0.5219941,0.8708415,55,10,me_harad,me_umbar_region,30f0d0,no
1294,me_land_1254,Land 1254,land,855,370,0.8357771,0.7240705,38,1,me_mordor_and_rhun,me_mordor_region,cf2849,no
1295,me_land_1255,Land 1255,land,678,296,0.6627566,0.5792564,78,1,me_rhovanion,me_brown_lands_region,6d5fc2,no
1296,me_land_1256,Land 1256,land,508,367,0.4965787,0.7181996,38,1,me_rhovanion,me_rohan_region,0b973b,no
1297,me_land_1257,Land 1257,land,275,326,0.2688172,0.6379648,89,1,me_eriador,me_lindon_region,a9ceb4,no
1298,me_land_1258,Land 1258,land,859,234,0.8396872,0.4579256,70,9,me_mordor_and_rhun,me_rhun_region,48062d,no
1299,me_land_1259,Land 1259,land,723,346,0.7067449,0.6771037,50,8,me_mordor_and_rhun,me_mordor_region,e63da6,no
1300,me_land_1260,Land 1260,land,558,169,0.5454545,0.3307241,51,3,me_rhovanion,me_mirkwood_region,84751f,no
1301,me_land_1261,Land 1261,land,382,180,0.3734115,0.3522505,32,1,me_eriador,me_shire_breeland_region,22ac98,no
1302,me_land_1262,Land 1262,land,448,223,0.4379277,0.4363992,38,1,me_eriador,me_shire_breeland_region,c0e411,no
1303,me_land_1263,Land 1263,land,435,196,0.4252199,0.3835616,33,1,me_eriador,me_shire_breeland_region,5f1b8a,no
1304,me_land_1264,Land 1264,land,332,224,0.3245357,0.4383562,58,1,me_eriador,me_shire_breeland_region,fd5303,no
1305,me_land_1265,Land 1265,land,334,322,0.3264907,0.6301370,52,1,me_eriador,me_enedwaith_region,9b8a7c,no
1306,me_land_1266,Land 1266,land,467,161,0.4565005,0.3150685,69,1,me_eriador,me_north_arnor_region,39c1f5,no
1307,me_land_1267,Land 1267,land,452,431,0.4418377,0.8434442,54,10,me_harad,me_umbar_region,d7f96e,no
1308,me_land_1268,Land 1268,land,847,172,0.8279570,0.3365949,51,9,me_mordor_and_rhun,me_rhun_region,7630e7,no
1309,me_land_1269,Land 1269,land,520,358,0.5083089,0.7005871,42,1,me_rhovanion,me_rohan_region,146860,no
1310,me_land_1270,Land 1270,land,432,206,0.4222874,0.4031311,46,1,me_eriador,me_shire_breeland_region,b29fd9,no
1311,me_land_1271,Land 1271,land,575,284,0.5620723,0.5557730,71,9,me_rhovanion,me_mirkwood_region,50d752,no
1312,me_land_1272,Land 1272,land,277,159,0.2707722,0.3111546,55,1,me_eriador,me_lindon_region,ef0ecb,no
1313,me_land_1273,Land 1273,land,470,479,0.4594330,0.9373777,67,10,me_harad,me_umbar_region,8d4644,no
1314,me_land_1274,Land 1274,land,585,350,0.5718475,0.6849315,15,1,me_rhovanion,me_rohan_region,2b7dbd,no
1315,me_land_1275,Land 1275,land,462,136,0.4516129,0.2661448,47,1,me_eriador,me_north_arnor_region,c9b536,no
1316,me_land_1276,Land 1276,land,675,284,0.6598240,0.5557730,65,1,me_rhovanion,me_mirkwood_region,67ecaf,no
1317,me_land_1277,Land 1277,land,334,103,0.3264907,0.2015656,80,5,me_forodwaith,me_forochel_region,062428,no
1318,me_land_1278,Land 1278,land,355,93,0.3470186,0.1819961,112,5,me_forodwaith,me_forochel_region,a45ba1,no
1319,me_land_1279,Land 1279,land,473,269,0.4623656,0.5264188,50,1,me_rhovanion,me_anduin_vale_region,42931a,no
1320,me_land_1280,Land 1280,land,385,184,0.3763441,0.3600783,34,1,me_eriador,me_shire_breeland_region,e0ca93,no
1321,me_land_1281,Land 1281,land,439,358,0.4291300,0.7005871,35,1,me_gondor,me_belfalas_region,7f020c,no
1322,me_land_1282,Land 1282,land,680,156,0.6647116,0.3052838,28,1,me_rhovanion,me_dale_region,1d3985,no
1323,me_land_1283,Land 1283,land,518,213,0.5063539,0.4168297,51,1,me_rhovanion,me_anduin_vale_region,bb70fe,no
1324,me_land_1284,Land 1284,land,593,272,0.5796676,0.5322896,62,9,me_rhovanion,me_mirkwood_region,59a877,no
1325,me_land_1285,Land 1285,land,737,205,0.7204301,0.4011742,106,9,me_mordor_and_rhun,me_rhun_region,f7dff0,no
1326,me_land_1286,Land 1286,land,745,188,0.7282502,0.3679061,91,9,me_mordor_and_rhun,me_rhun_region,961769,no
1327,me_land_1287,Land 1287,land,728,263,0.7116325,0.5146771,68,9,me_mordor_and_rhun,me_rhun_region,344ee2,no
1328,me_land_1288,Land 1288,land,544,322,0.5317693,0.6301370,45,1,me_rhovanion,me_rohan_region,d2865b,no
1329,me_land_1289,Land 1289,land,486,476,0.4750733,0.9315068,40,10,me_harad,me_umbar_region,70bdd4,no
1330,me_land_1290,Land 1290,land,662,284,0.6471163,0.5557730,36,9,me_rhovanion,me_mirkwood_region,0ef54d,no
1331,me_land_1291,Land 1291,land,456,119,0.4457478,0.2328767,84,1,me_forodwaith,me_angmar_region,ad2cc6,no
1332,me_land_1292,Land 1292,land,642,297,0.6275660,0.5812133,48,9,me_rhovanion,me_brown_lands_region,4b643f,no
1333,me_land_1293,Land 1293,land,263,262,0.2570870,0.5127202,40,1,me_eriador,me_lindon_region,e99bb8,no
1334,me_land_1294,Land 1294,land,795,416,0.7771261,0.8140900,71,1,me_mordor_and_rhun,me_mordor_region,87d331,no
1335,me_land_1295,Land 1295,land,577,341,0.5640274,0.6673190,34,1,me_rhovanion,me_rohan_region,260aaa,no
1336,me_land_1296,Land 1296,land,676,196,0.6608016,0.3835616,33,3,me_rhovanion,me_dale_region,c44223,no
1337,me_land_1297,Land 1297,land,901,171,0.8807429,0.3346380,34,9,me_mordor_and_rhun,me_rhun_region,62799c,no
1338,me_land_1298,Land 1298,land,422,294,0.4125122,0.5753425,43,1,me_eriador,me_enedwaith_region,00b115,no
1339,me_land_1299,Land 1299,land,888,332,0.8680352,0.6497065,26,1,me_mordor_and_rhun,me_mordor_region,9ee88e,no
1340,me_land_1300,Land 1300,land,436,322,0.4261975,0.6301370,34,1,me_eriador,me_enedwaith_region,3d2007,no
1341,me_land_1301,Land 1301,land,330,307,0.3225806,0.6007828,52,1,me_eriador,me_enedwaith_region,db5780,no
1342,me_land_1302,Land 1302,land,602,189,0.5884653,0.3698630,83,3,me_rhovanion,me_mirkwood_region,798ef9,no
1343,me_land_1303,Land 1303,land,872,126,0.8523949,0.2465753,67,1,me_mordor_and_rhun,me_rhun_region,17c672,no
1344,me_land_1304,Land 1304,land,564,135,0.5513196,0.2641879,39,1,me_rhovanion,me_grey_mountains_region,b5fdeb,no
1345,me_land_1305,Land 1305,land,726,121,0.7096774,0.2367906,51,1,me_mordor_and_rhun,me_rhun_region,543564,no
1346,me_land_1306,Land 1306,land,597,259,0.5835777,0.5068493,54,3,me_rhovanion,me_mirkwood_region,f26cdd,no
1347,me_land_1307,Land 1307,land,546,432,0.5337243,0.8454012,34,10,me_harad,me_near_harad_region,90a456,no
1348,me_land_1308,Land 1308,land,702,324,0.6862170,0.6340509,67,8,me_mordor_and_rhun,me_mordor_region,2edbcf,no
1349,me_land_1309,Land 1309,land,900,270,0.8797654,0.5283757,31,9,me_mordor_and_rhun,me_rhun_region,cd1348,no
1350,me_land_1310,Land 1310,land,617,341,0.6031281,0.6673190,38,1,me_rhovanion,me_rohan_region,6b4ac1,no
1351,me_land_1311,Land 1311,land,379,462,0.3704790,0.9041096,44,10,me_harad,me_umbar_region,09823a,no
1352,me_land_1312,Land 1312,land,190,59,0.1857283,0.1154599,66,5,me_forodwaith,me_forochel_region,a7b9b3,no
1353,me_land_1313,Land 1313,land,720,209,0.7038123,0.4090020,60,9,me_mordor_and_rhun,me_rhun_region,45f12c,no
1354,me_land_1314,Land 1314,land,257,200,0.2512219,0.3913894,47,1,me_eriador,me_lindon_region,e428a5,no
1355,me_land_1315,Land 1315,land,241,224,0.2355816,0.4383562,55,1,me_eriador,me_lindon_region,82601e,no
1356,me_land_1316,Land 1316,land,453,104,0.4428152,0.2035225,91,5,me_forodwaith,me_angmar_region,209797,no
1357,me_land_1317,Land 1317,land,535,263,0.5229717,0.5146771,30,1,me_rhovanion,me_anduin_vale_region,becf10,no
1358,me_land_1318,Land 1318,land,461,192,0.4506354,0.3757339,41,1,me_eriador,me_shire_breeland_region,5d0689,no
1359,me_land_1319,Land 1319,land,578,121,0.5650049,0.2367906,52,1,me_rhovanion,me_grey_mountains_region,fb3e02,no
1360,me_land_1320,Land 1320,land,682,442,0.6666667,0.8649706,44,10,me_harad,me_near_harad_region,99757b,no
1361,me_land_1321,Land 1321,land,529,179,0.5171065,0.3502935,42,1,me_rhovanion,me_anduin_vale_region,37acf4,no
1362,me_land_1322,Land 1322,land,879,159,0.8592375,0.3111546,46,9,me_mordor_and_rhun,me_rhun_region,d5e46d,no
1363,me_land_1323,Land 1323,land,506,200,0.4946237,0.3913894,43,1,me_eriador,me_enedwaith_region,741be6,no
1364,me_land_1324,Land 1324,land,781,156,0.7634409,0.3052838,44,9,me_mordor_and_rhun,me_rhun_region,12535f,no
1365,me_land_1325,Land 1325,land,506,168,0.4946237,0.3287671,62,1,me_eriador,me_north_arnor_region,b08ad8,no
1366,me_land_1326,Land 1326,land,716,499,0.6999022,0.9765166,37,10,me_harad,me_far_harad_region,4ec251,no
1367,me_land_1327,Land 1327,land,450,229,0.4398827,0.4481409,34,1,me_eriador,me_shire_breeland_region,ecf9ca,no
1368,me_land_1328,Land 1328,land,869,388,0.8494624,0.7592955,45,1,me_mordor_and_rhun,me_mordor_region,8b3143,no
1369,me_land_1329,Land 1329,land,704,221,0.6881720,0.4324853,74,1,me_mordor_and_rhun,me_rhun_region,2968bc,no
1370,me_land_1330,Land 1330,land,797,266,0.7790811,0.5205479,31,9,me_mordor_and_rhun,me_rhun_region,c7a035,no
1371,me_land_1331,Land 1331,land,420,165,0.4105572,0.3228963,47,1,me_eriador,me_north_arnor_region,65d7ae,no
1372,me_land_1332,Land 1332,land,639,217,0.6246334,0.4246575,98,3,me_rhovanion,me_dale_region,040f27,no
1373,me_land_1333,Land 1333,land,464,147,0.4535679,0.2876712,25,1,me_eriador,me_north_arnor_region,a246a0,no
1374,me_land_1334,Land 1334,land,634,357,0.6197458,0.6986301,77,2,me_gondor,me_anorien_region,407e19,no
1375,me_land_1335,Land 1335,land,741,342,0.7243402,0.6692759,50,8,me_mordor_and_rhun,me_mordor_region,deb592,no
1376,me_land_1336,Land 1336,land,468,428,0.4574780,0.8375734,51,10,me_harad,me_umbar_region,7ced0b,no
1377,me_land_1337,Land 1337,land,670,221,0.6549365,0.4324853,72,3,me_rhovanion,me_mirkwood_region,1b2484,no
1378,me_land_1338,Land 1338,land,550,249,0.5376344,0.4872798,27,1,me_rhovanion,me_anduin_vale_region,b95bfd,no
1379,me_land_1339,Land 1339,land,772,164,0.7546432,0.3209393,55,9,me_mordor_and_rhun,me_rhun_region,579376,no
1380,me_land_1340,Land 1340,land,503,192,0.4916911,0.3757339,38,1,me_eriador,me_enedwaith_region,f5caef,no
1381,me_land_1341,Land 1341,land,318,284,0.3108504,0.5557730,38,1,me_eriador,me_enedwaith_region,940268,no
1382,me_land_1342,Land 1342,land,628,430,0.6138807,0.8414873,56,10,me_harad,me_near_harad_region,3239e1,no
1383,me_land_1343,Land 1343,land,448,131,0.4379277,0.2563601,32,1,me_eriador,me_north_arnor_region,d0715a,no
1384,me_land_1344,Land 1344,land,503,219,0.4916911,0.4285714,50,1,me_eriador,me_enedwaith_region,6ea8d3,no
1385,me_land_1345,Land 1345,land,862,269,0.8426197,0.5264188,63,9,me_mordor_and_rhun,me_rhun_region,0ce04c,no
1386,me_land_1346,Land 1346,land,268,283,0.2619746,0.5538160,52,1,me_eriador,me_lindon_region,ab17c5,no
1387,me_land_1347,Land 1347,land,558,238,0.5454545,0.4657534,63,1,me_rhovanion,me_mirkwood_region,494f3e,no
1388,me_land_1348,Land 1348,land,381,186,0.3724340,0.3639922,26,1,me_eriador,me_shire_breeland_region,e786b7,no
1389,me_land_1349,Land 1349,land,814,293,0.7956989,0.5733855,15,9,me_mordor_and_rhun,me_mordor_region,85be30,no
1390,me_land_1350,Land 1350,land,741,366,0.7243402,0.7162427,61,8,me_mordor_and_rhun,me_mordor_region,23f5a9,no
1391,me_land_1351,Land 1351,land,421,201,0.4115347,0.3933464,51,1,me_eriador,me_shire_breeland_region,c22d22,no
1392,me_land_1352,Land 1352,land,406,133,0.3968719,0.2602740,64,1,me_eriador,me_north_arnor_region,60649b,no
1393,me_land_1353,Land 1353,land,378,293,0.3695015,0.5733855,50,1,me_eriador,me_enedwaith_region,fe9c14,no
1394,me_land_1354,Land 1354,land,692,290,0.6764418,0.5675147,53,1,me_mordor_and_rhun,me_rhun_region,9cd38d,no
1395,me_land_1355,Land 1355,land,414,179,0.4046921,0.3502935,27,1,me_eriador,me_shire_breeland_region,3b0b06,no
1396,me_land_1356,Land 1356,land,908,352,0.8875855,0.6888454,44,1,me_mordor_and_rhun,me_mordor_region,d9427f,no
1397,me_land_1357,Land 1357,land,316,291,0.3088954,0.5694716,44,1,me_eriador,me_enedwaith_region,7779f8,no
1398,me_land_1358,Land 1358,land,397,256,0.3880743,0.5009785,41,1,me_eriador,me_enedwaith_region,15b171,no
1399,me_land_1359,Land 1359,land,565,314,0.5522972,0.6144814,43,1,me_rhovanion,me_rohan_region,b3e8ea,no
1400,me_land_1360,Land 1360,land,652,467,0.6373412,0.9138943,96,10,me_harad,me_near_harad_region,522063,no
1401,me_land_1361,Land 1361,land,444,225,0.4340176,0.4403131,28,1,me_eriador,me_shire_breeland_region,f057dc,no
1402,me_land_1362,Land 1362,land,328,267,0.3206256,0.5225049,55,1,me_eriador,me_enedwaith_region,8e8f55,no
1403,me_land_1363,Land 1363,land,628,121,0.6138807,0.2367906,98,1,me_rhovanion,me_grey_mountains_region,2cc6ce,no
1404,me_land_1364,Land 1364,land,547,64,0.5347019,0.1252446,117,5,me_forodwaith,me_northern_wastes_region,cafe47,no
1405,me_land_1365,Land 1365,land,328,283,0.3206256,0.5538160,28,1,me_eriador,me_enedwaith_region,6935c0,no
1406,me_land_1366,Land 1366,land,681,204,0.6656891,0.3992172,21,3,me_mordor_and_rhun,me_rhun_region,076d39,no
1407,me_land_1367,Land 1367,land,509,243,0.4975562,0.4755382,27,1,me_eriador,me_enedwaith_region,a5a4b2,no
1408,me_land_1368,Land 1368,land,808,476,0.7898338,0.9315068,60,10,me_harad,me_near_harad_region,43dc2b,no
1409,me_land_1369,Land 1369,land,550,499,0.5376344,0.9765166,99,10,me_harad,me_far_harad_region,e213a4,no
1410,me_land_1370,Land 1370,land,749,151,0.7321603,0.2954990,54,9,me_mordor_and_rhun,me_rhun_region,804b1d,no
1411,me_land_1371,Land 1371,land,590,469,0.5767351,0.9178082,67,10,me_harad,me_near_harad_region,1e8296,no
1412,me_land_1372,Land 1372,land,651,487,0.6363636,0.9530333,79,10,me_harad,me_far_harad_region,bcba0f,no
1413,me_land_1373,Land 1373,land,652,124,0.6373412,0.2426614,31,1,me_rhovanion,me_grey_mountains_region,5af188,no
1414,me_land_1374,Land 1374,land,475,60,0.4643206,0.1174168,58,5,me_forodwaith,me_angmar_region,f92901,no
1415,me_land_1375,Land 1375,land,570,386,0.5571848,0.7553816,37,1,me_gondor,me_lebennin_region,97607a,no
1416,me_land_1376,Land 1376,land,513,424,0.5014663,0.8297456,19,10,me_gondor,me_belfalas_region,3597f3,no
1417,me_land_1377,Land 1377,land,684,275,0.6686217,0.5381605,61,1,me_mordor_and_rhun,me_rhun_region,d3cf6c,no
1418,me_land_1378,Land 1378,land,638,376,0.6236559,0.7358121,43,1,me_gondor,me_anorien_region,7206e5,no
1419,me_land_1379,Land 1379,land,355,242,0.3470186,0.4735812,45,1,me_eriador,me_shire_breeland_region,103e5e,no
1420,me_land_1380,Land 1380,land,762,339,0.7448680,0.6634051,42,8,me_mordor_and_rhun,me_mordor_region,ae75d7,no
1421,me_land_1381,Land 1381,land,867,170,0.8475073,0.3326810,48,9,me_mordor_and_rhun,me_rhun_region,4cad50,no
1422,me_land_1382,Land 1382,land,401,257,0.3919844,0.5029354,32,1,me_eriador,me_enedwaith_region,eae4c9,no
1423,me_land_1383,Land 1383,land,214,117,0.2091887,0.2289628,63,5,me_forodwaith,me_forochel_region,891c42,no
1424,me_land_1384,Land 1384,land,919,227,0.8983382,0.4442270,39,9,me_mordor_and_rhun,me_rhun_region,2753bb,no
1425,me_land_1385,Land 1385,land,758,493,0.7409580,0.9647750,49,10,me_harad,me_far_harad_region,c58b34,no
1426,me_land_1386,Land 1386,land,723,137,0.7067449,0.2681018,55,9,me_mordor_and_rhun,me_rhun_region,63c2ad,no
1427,me_land_1387,Land 1387,land,696,469,0.6803519,0.9178082,48,10,me_harad,me_near_harad_region,01fa26,no
1428,me_land_1388,Land 1388,land,338,294,0.3304008,0.5753425,60,1,me_eriador,me_enedwaith_region,a0319f,no
1429,me_land_1389,Land 1389,land,267,271,0.2609971,0.5303327,37,1,me_eriador,me_lindon_region,3e6918,no
1430,me_land_1390,Land 1390,land,347,255,0.3391984,0.4990215,35,1,me_eriador,me_enedwaith_region,dca091,no
1431,me_land_1391,Land 1391,land,380,346,0.3714565,0.6771037,46,1,me_gondor,me_belfalas_region,7ad80a,no
1432,me_land_1392,Land 1392,land,534,382,0.5219941,0.7475538,49,1,me_rhovanion,me_rohan_region,190f83,no
1433,me_land_1393,Land 1393,land,466,155,0.4555230,0.3033268,54,1,me_eriador,me_north_arnor_region,b746fc,no
1434,me_land_1394,Land 1394,land,591,122,0.5777126,0.2387476,68,1,me_rhovanion,me_grey_mountains_region,557e75,no
1435,me_land_1395,Land 1395,land,574,205,0.5610948,0.4011742,33,3,me_rhovanion,me_mirkwood_region,f3b5ee,no
1436,me_land_1396,Land 1396,land,694,194,0.6783969,0.3796477,43,1,me_mordor_and_rhun,me_rhun_region,91ed67,no
1437,me_land_1397,Land 1397,land,789,398,0.7712610,0.7788650,56,8,me_mordor_and_rhun,me_mordor_region,3024e0,no
1438,me_land_1398,Land 1398,land,372,455,0.3636364,0.8904110,22,10,me_harad,me_umbar_region,ce5c59,no
1439,me_land_1399,Land 1399,land,615,220,0.6011730,0.4305284,88,3,me_rhovanion,me_mirkwood_region,6c93d2,no
1440,me_land_1400,Land 1400,land,510,333,0.4985337,0.6516634,29,3,me_rhovanion,me_rohan_region,0acb4b,no
1441,me_land_1401,Land 1401,land,551,197,0.5386119,0.3855186,49,1,me_rhovanion,me_anduin_vale_region,a902c4,no
1442,me_land_1402,Land 1402,land,351,228,0.3431085,0.4461840,36,1,me_eriador,me_shire_breeland_region,473a3d,no
1443,me_land_1403,Land 1403,land,837,409,0.8181818,0.8003914,40,1,me_mordor_and_rhun,me_mordor_region,e571b6,no
1444,me_land_1404,Land 1404,land,834,448,0.8152493,0.8767123,91,10,me_harad,me_near_harad_region,83a92f,no
1445,me_land_1405,Land 1405,land,859,113,0.8396872,0.2211350,29,1,me_forodwaith,me_northern_wastes_region,21e0a8,no
1446,me_land_1406,Land 1406,land,764,115,0.7468231,0.2250489,70,5,me_forodwaith,me_northern_wastes_region,c01821,no
1447,me_land_1407,Land 1407,land,846,284,0.8269795,0.5557730,50,9,me_mordor_and_rhun,me_rhun_region,5e4f9a,no
1448,me_land_1408,Land 1408,land,621,64,0.6070381,0.1252446,114,5,me_forodwaith,me_northern_wastes_region,fc8713,no
1449,me_land_1409,Land 1409,land,350,287,0.3421310,0.5616438,44,1,me_eriador,me_enedwaith_region,9abe8c,no
1450,me_land_1410,Land 1410,land,398,252,0.3890518,0.4931507,23,1,me_eriador,me_enedwaith_region,38f605,no
1451,me_land_1411,Land 1411,land,630,53,0.6158358,0.1037182,77,5,me_forodwaith,me_northern_wastes_region,d72d7e,no
1452,me_land_1412,Land 1412,land,456,309,0.4457478,0.6046967,63,1,me_eriador,me_enedwaith_region,7564f7,no
1453,me_land_1413,Land 1413,land,236,154,0.2306940,0.3013699,52,1,me_eriador,me_lindon_region,139c70,no
1454,me_land_1414,Land 1414,land,433,217,0.4232649,0.4246575,42,1,me_eriador,me_shire_breeland_region,b1d3e9,no
1455,me_land_1415,Land 1415,land,233,204,0.2277615,0.3992172,31,1,me_eriador,me_lindon_region,500b62,no
1456,me_land_1416,Land 1416,land,616,300,0.6021505,0.5870841,48,9,me_rhovanion,me_brown_lands_region,ee42db,no
1457,me_land_1417,Land 1417,land,425,198,0.4154448,0.3874755,28,1,me_eriador,me_shire_breeland_region,8c7a54,no
1458,me_land_1418,Land 1418,land,262,68,0.2561095,0.1330724,116,5,me_forodwaith,me_forochel_region,2ab1cd,no
1459,me_land_1419,Land 1419,land,280,239,0.2737048,0.4677104,74,1,me_eriador,me_lindon_region,c8e946,no
1460,me_land_1420,Land 1420,land,696,374,0.6803519,0.7318982,55,8,me_mordor_and_rhun,me_mordor_region,6720bf,no
1461,me_land_1421,Land 1421,land,381,66,0.3724340,0.1291585,69,5,me_forodwaith,me_forochel_region,055838,no
1462,me_land_1422,Land 1422,land,571,135,0.5581623,0.2641879,29,1,me_rhovanion,me_grey_mountains_region,a38fb1,no
1463,me_land_1423,Land 1423,land,581,262,0.5679374,0.5127202,67,1,me_rhovanion,me_mirkwood_region,41c72a,no
1464,me_land_1424,Land 1424,land,433,317,0.4232649,0.6203523,45,1,me_eriador,me_enedwaith_region,dffea3,no
1465,me_land_1425,Land 1425,land,483,89,0.4721408,0.1741683,56,5,me_forodwaith,me_angmar_region,7e361c,no
1466,me_land_1426,Land 1426,land,697,219,0.6813294,0.4285714,40,1,me_mordor_and_rhun,me_rhun_region,1c6d95,no
1467,me_land_1427,Land 1427,land,385,166,0.3763441,0.3248532,36,1,me_eriador,me_north_arnor_region,baa50e,no
1468,me_land_1428,Land 1428,land,472,284,0.4613881,0.5557730,57,1,me_rhovanion,me_anduin_vale_region,58dc87,no
1469,me_land_1429,Land 1429,land,883,225,0.8631476,0.4403131,47,9,me_mordor_and_rhun,me_rhun_region,f71400,no
1470,me_land_1430,Land 1430,land,656,400,0.6412512,0.7827789,47,1,me_gondor,me_south_gondor_region,954b79,no
1471,me_land_1431,Land 1431,land,746,353,0.7292278,0.6908023,37,8,me_mordor_and_rhun,me_mordor_region,3382f2,no
1472,me_land_1432,Land 1432,land,477,288,0.4662757,0.5636008,43,1,me_rhovanion,me_anduin_vale_region,d1ba6b,no
1473,me_land_1433,Land 1433,land,344,174,0.3362659,0.3405088,50,1,me_eriador,me_north_arnor_region,6ff1e4,no
1474,me_land_1434,Land 1434,land,667,312,0.6520039,0.6105675,72,6,me_rhovanion,me_rohan_region,0e295d,no
1475,me_land_1435,Land 1435,land,892,327,0.8719453,0.6399217,43,1,me_mordor_and_rhun,me_mordor_region,ac60d6,no
1476,me_land_1436,Land 1436,land,591,174,0.5777126,0.3405088,108,3,me_rhovanion,me_mirkwood_region,4a984f,no
1477,me_land_1437,Land 1437,land,480,177,0.4692082,0.3463796,30,1,me_eriador,me_north_arnor_region,e8cfc8,no
1478,me_land_1438,Land 1438,land,259,241,0.2531769,0.4716243,54,1,me_eriador,me_lindon_region,870741,no
1479,me_land_1439,Land 1439,land,893,131,0.8729228,0.2563601,43,9,me_mordor_and_rhun,me_rhun_region,253eba,no
1480,me_land_1440,Land 1440,land,547,344,0.5347019,0.6731898,21,1,me_rhovanion,me_rohan_region,c37633,no
1481,me_land_1441,Land 1441,land,345,128,0.3372434,0.2504892,45,1,me_eriador,me_north_arnor_region,61adac,no
1482,me_land_1442,Land 1442,land,734,157,0.7174976,0.3072407,50,9,me_mordor_and_rhun,me_rhun_region,ffe525,no
1483,me_land_1443,Land 1443,land,275,153,0.2688172,0.2994129,40,1,me_eriador,me_lindon_region,9e1c9e,no
1484,me_land_1444,Land 1444,land,893,280,0.8729228,0.5479452,40,9,me_mordor_and_rhun,me_rhun_region,3c5417,no
1485,me_land_1445,Land 1445,land,859,365,0.8396872,0.7142857,58,1,me_mordor_and_rhun,me_mordor_region,da8b90,no
1486,me_land_1446,Land 1446,land,421,80,0.4115347,0.1565558,74,5,me_forodwaith,me_angmar_region,78c309,no
1487,me_land_1447,Land 1447,land,764,257,0.7468231,0.5029354,47,9,me_mordor_and_rhun,me_rhun_region,16fa82,no
1488,me_land_1448,Land 1448,land,572,396,0.5591398,0.7749511,42,1,me_gondor,me_lebennin_region,b531fb,no
1489,me_land_1449,Land 1449,land,877,207,0.8572825,0.4050881,47,9,me_mordor_and_rhun,me_rhun_region,536974,no
1490,me_land_1450,Land 1450,land,375,305,0.3665689,0.5968689,26,1,me_eriador,me_enedwaith_region,f1a0ed,no
1491,me_land_1451,Land 1451,land,448,471,0.4379277,0.9217221,53,10,me_harad,me_umbar_region,8fd866,no
1492,me_land_1452,Land 1452,land,624,456,0.6099707,0.8923679,63,10,me_harad,me_near_harad_region,2e0fdf,no
1493,me_land_1453,Land 1453,land,921,223,0.9002933,0.4363992,36,9,me_mordor_and_rhun,me_rhun_region,cc4758,no
1494,me_land_1454,Land 1454,land,445,191,0.4349951,0.3737769,39,1,me_eriador,me_shire_breeland_region,6a7ed1,no
1495,me_land_1455,Land 1455,land,323,118,0.3157380,0.2309198,49,5,me_forodwaith,me_forochel_region,08b64a,no
1496,me_land_1456,Land 1456,land,319,326,0.3118280,0.6379648,42,1,me_eriador,me_enedwaith_region,a6edc3,no
1497,me_land_1457,Land 1457,land,642,398,0.6275660,0.7788650,37,1,me_gondor,me_south_gondor_region,45253c,no
1498,me_land_1458,Land 1458,land,405,262,0.3958944,0.5127202,29,1,me_eriador,me_enedwaith_region,e35cb5,no
1499,me_land_1459,Land 1459,land,284,323,0.2776149,0.6320939,62,1,me_eriador,me_lindon_region,1fcba7,no
1500,me_land_1460,Land 1460,land,430,289,0.4203324,0.5655577,63,1,me_eriador,me_enedwaith_region,be0320,no
1501,me_land_1461,Land 1461,land,525,337,0.5131965,0.6594912,40,1,me_rhovanion,me_rohan_region,5c3a99,no
1502,me_land_1462,Land 1462,land,762,327,0.7448680,0.6399217,28,8,me_mordor_and_rhun,me_mordor_region,fa7212,no
1503,me_land_1463,Land 1463,land,494,178,0.4828935,0.3483366,58,1,me_eriador,me_north_arnor_region,98a98b,no
1504,me_land_1464,Land 1464,land,801,414,0.7829912,0.8101761,51,1,me_mordor_and_rhun,me_mordor_region,36e104,no
1505,me_land_1465,Land 1465,land,562,149,0.5493646,0.2915851,36,1,me_rhovanion,me_mirkwood_region,d5187d,no
1506,me_land_1466,Land 1466,land,837,363,0.8181818,0.7103718,46,1,me_mordor_and_rhun,me_mordor_region,734ff6,no
1507,me_land_1467,Land 1467,land,466,416,0.4555230,0.8140900,60,1,me_gondor,me_belfalas_region,11876f,no
1508,me_land_1468,Land 1468,land,409,44,0.3998045,0.0861057,38,5,me_forodwaith,me_angmar_region,afbee8,no
1509,me_land_1469,Land 1469,land,510,142,0.4985337,0.2778865,73,1,me_eriador,me_north_arnor_region,4df661,no
1510,me_land_1470,Land 1470,land,450,307,0.4398827,0.6007828,85,1,me_eriador,me_enedwaith_region,ec2dda,no
1511,me_land_1471,Land 1471,land,488,200,0.4770283,0.3913894,45,1,me_eriador,me_shire_breeland_region,8a6553,no
1512,me_land_1472,Land 1472,land,492,161,0.4809384,0.3150685,66,1,me_eriador,me_north_arnor_region,289ccc,no
1513,me_land_1473,Land 1473,land,569,209,0.5562072,0.4090020,39,3,me_rhovanion,me_mirkwood_region,c6d445,no
1514,me_land_1474,Land 1474,land,471,313,0.4604106,0.6125245,51,1,me_rhovanion,me_rohan_region,650bbe,no
1515,me_land_1475,Land 1475,land,543,204,0.5307918,0.3992172,33,1,me_rhovanion,me_anduin_vale_region,034337,no
1516,me_land_1476,Land 1476,land,304,331,0.2971652,0.6477495,39,1,me_eriador,me_enedwaith_region,a17ab0,no
1517,me_land_1477,Land 1477,land,929,253,0.9081134,0.4951076,27,1,me_mordor_and_rhun,me_rhun_region,3fb229,no
1518,me_land_1478,Land 1478,land,810,470,0.7917889,0.9197652,65,10,me_harad,me_near_harad_region,dde9a2,no
1519,me_land_1479,Land 1479,land,687,258,0.6715543,0.5048924,80,1,me_mordor_and_rhun,me_rhun_region,7c211b,no
1520,me_land_1480,Land 1480,land,341,423,0.3333333,0.8277886,51,1,me_gondor,me_belfalas_region,1a5894,no
1521,me_land_1481,Land 1481,land,769,176,0.7517107,0.3444227,52,9,me_mordor_and_rhun,me_rhun_region,b8900d,no
1522,me_land_1482,Land 1482,land,630,155,0.6158358,0.3033268,39,3,me_rhovanion,me_dale_region,56c786,no
1523,me_land_1483,Land 1483,land,699,224,0.6832845,0.4383562,47,1,me_mordor_and_rhun,me_rhun_region,f4feff,no
1524,me_land_1484,Land 1484,land,390,457,0.3812317,0.8943249,41,10,me_harad,me_umbar_region,933678,no
1525,me_land_1485,Land 1485,land,609,243,0.5953079,0.4755382,93,3,me_rhovanion,me_mirkwood_region,316df1,no
1526,me_land_1486,Land 1486,land,497,309,0.4858260,0.6046967,57,3,me_rhovanion,me_rohan_region,cfa56a,no
1527,me_land_1487,Land 1487,land,511,340,0.4995112,0.6653620,28,1,me_rhovanion,me_rohan_region,6ddce3,no
1528,me_land_1488,Land 1488,land,386,205,0.3773216,0.4011742,41,3,me_eriador,me_shire_breeland_region,0c145c,no
1529,me_land_1489,Land 1489,land,335,211,0.3274682,0.4129159,40,1,me_eriador,me_shire_breeland_region,aa4bd5,no
1530,me_land_1490,Land 1490,land,909,220,0.8885630,0.4305284,40,9,me_mordor_and_rhun,me_rhun_region,48834e,no
1531,me_land_1491,Land 1491,land,425,464,0.4154448,0.9080235,44,10,me_harad,me_umbar_region,e6bac7,no
1532,me_land_1492,Land 1492,land,488,420,0.4770283,0.8219178,53,1,me_gondor,me_belfalas_region,84f240,no
1533,me_land_1493,Land 1493,land,495,99,0.4838710,0.1937378,185,5,me_forodwaith,me_angmar_region,2329b9,no
1534,me_land_1494,Land 1494,land,509,159,0.4975562,0.3111546,68,1,me_eriador,me_north_arnor_region,c16132,no
1535,me_land_1495,Land 1495,land,295,382,0.2883675,0.7475538,27,1,me_gondor,me_belfalas_region,5f98ab,no
1536,me_land_1496,Land 1496,land,525,310,0.5131965,0.6066536,38,3,me_rhovanion,me_rohan_region,fdd024,no
1537,me_land_1497,Land 1497,land,860,249,0.8406647,0.4872798,26,9,me_mordor_and_rhun,me_rhun_region,9c079d,no
1538,me_land_1498,Land 1498,land,905,302,0.8846530,0.5909980,54,9,me_mordor_and_rhun,me_mordor_region,3a3f16,no
1539,me_land_1499,Land 1499,land,571,311,0.5581623,0.6086106,54,1,me_rhovanion,me_rohan_region,d8768f,no
1540,me_land_1500,Land 1500,land,761,69,0.7438905,0.1350294,65,5,me_forodwaith,me_northern_wastes_region,76ae08,no
1541,me_land_1501,Land 1501,land,361,226,0.3528837,0.4422701,25,3,me_eriador,me_shire_breeland_region,14e581,no
1542,me_land_1502,Land 1502,land,551,125,0.5386119,0.2446184,43,1,me_rhovanion,me_grey_mountains_region,b31cfa,no
1543,me_land_1503,Land 1503,land,281,172,0.2746823,0.3365949,82,1,me_eriador,me_lindon_region,515473,no
1544,me_land_1504,Land 1504,land,338,263,0.3304008,0.5146771,52,1,me_eriador,me_enedwaith_region,ef8bec,no
1545,me_land_1505,Land 1505,land,669,49,0.6539589,0.0958904,73,5,me_forodwaith,me_northern_wastes_region,8dc365,no
1546,me_land_1506,Land 1506,land,770,340,0.7526882,0.6653620,43,8,me_mordor_and_rhun,me_mordor_region,2bfade,no
1547,me_land_1507,Land 1507,land,616,437,0.6021505,0.8551859,53,10,me_harad,me_near_harad_region,ca3257,no
1548,me_land_1508,Land 1508,land,530,454,0.5180841,0.8884540,43,10,me_harad,me_umbar_region,6869d0,no
1549,me_land_1509,Land 1509,land,444,252,0.4340176,0.4931507,37,1,me_eriador,me_enedwaith_region,06a149,no
1550,me_land_1510,Land 1510,land,390,301,0.3812317,0.5890411,46,1,me_eriador,me_enedwaith_region,a4d8c2,no
1551,me_land_1511,Land 1511,land,369,172,0.3607038,0.3365949,35,1,me_eriador,me_north_arnor_region,43103b,no
1552,me_land_1512,Land 1512,land,510,257,0.4985337,0.5029354,57,1,me_rhovanion,me_anduin_vale_region,e147b4,no
1553,me_land_1513,Land 1513,land,592,409,0.5786901,0.8003914,39,1,me_gondor,me_lebennin_region,7f7f2d,no
1554,me_land_1514,Land 1514,land,535,480,0.5229717,0.9393346,60,10,me_harad,me_umbar_region,1db6a6,no
1555,me_land_1515,Land 1515,land,214,193,0.2091887,0.3776908,48,1,me_eriador,me_lindon_region,bbee1f,no
1556,me_land_1516,Land 1516,land,301,204,0.2942326,0.3992172,68,1,me_eriador,me_shire_breeland_region,5a2598,no
1557,me_land_1517,Land 1517,land,274,175,0.2678397,0.3424658,84,1,me_eriador,me_lindon_region,f85d11,no
1558,me_land_1518,Land 1518,land,716,495,0.6999022,0.9686888,57,10,me_harad,me_far_harad_region,96948a,no
1559,me_land_1519,Land 1519,land,387,346,0.3782991,0.6771037,36,1,me_gondor,me_belfalas_region,34cc03,no
1560,me_land_1520,Land 1520,land,426,87,0.4164223,0.1702544,67,5,me_forodwaith,me_angmar_region,d3037c,no
1561,me_land_1521,Land 1521,land,449,142,0.4389052,0.2778865,56,1,me_eriador,me_north_arnor_region,713af5,no
1562,me_land_1522,Land 1522,land,368,342,0.3597263,0.6692759,47,1,me_gondor,me_belfalas_region,0f726e,no
1563,me_land_1523,Land 1523,land,652,70,0.6373412,0.1369863,69,5,me_forodwaith,me_northern_wastes_region,ada9e7,no
1564,me_land_1524,Land 1524,land,529,342,0.5171065,0.6692759,24,1,me_rhovanion,me_rohan_region,4be160,no
1565,me_land_1525,Land 1525,land,396,334,0.3870968,0.6536204,35,1,me_eriador,me_enedwaith_region,ea18d9,no
1566,me_land_1526,Land 1526,land,596,147,0.5826002,0.2876712,46,3,me_rhovanion,me_mirkwood_region,885052,no
1567,me_land_1527,Land 1527,land,395,339,0.3861193,0.6634051,49,1,me_gondor,me_belfalas_region,2687cb,no
1568,me_land_1528,Land 1528,land,556,286,0.5434995,0.5596869,59,1,me_rhovanion,me_mirkwood_region,c4bf44,no
1569,me_land_1529,Land 1529,land,643,391,0.6285435,0.7651663,38,1,me_gondor,me_south_gondor_region,62f6bd,no
1570,me_land_1530,Land 1530,land,419,224,0.4095797,0.4383562,46,1,me_eriador,me_shire_breeland_region,012e36,no
1571,me_land_1531,Land 1531,land,872,180,0.8523949,0.3522505,55,9,me_mordor_and_rhun,me_rhun_region,9f65af,no
1572,me_land_1532,Land 1532,land,431,330,0.4213099,0.6457926,52,1,me_eriador,me_enedwaith_region,3d9d28,no
1573,me_land_1533,Land 1533,land,683,323,0.6676442,0.6320939,90,6,me_mordor_and_rhun,me_mordor_region,dbd4a1,no
1574,me_land_1534,Land 1534,land,738,299,0.7214076,0.5851272,56,9,me_mordor_and_rhun,me_mordor_region,7a0c1a,no
1575,me_land_1535,Land 1535,land,433,120,0.4232649,0.2348337,71,1,me_forodwaith,me_angmar_region,184393,no
1576,me_land_1536,Land 1536,land,701,168,0.6852395,0.3287671,47,1,me_mordor_and_rhun,me_rhun_region,b67b0c,no
1577,me_land_1537,Land 1537,land,397,347,0.3880743,0.6790607,52,1,me_gondor,me_belfalas_region,54b285,no
1578,me_land_1538,Land 1538,land,329,261,0.3216031,0.5107632,38,1,me_eriador,me_enedwaith_region,f2e9fe,no
1579,me_land_1539,Land 1539,land,325,241,0.3176931,0.4716243,81,1,me_eriador,me_shire_breeland_region,912177,no
1580,me_land_1540,Land 1540,land,414,299,0.4046921,0.5851272,66,1,me_eriador,me_enedwaith_region,2f58f0,no
1581,me_land_1541,Land 1541,land,857,343,0.8377322,0.6712329,51,1,me_mordor_and_rhun,me_mordor_region,cd9069,no
1582,me_land_1542,Land 1542,land,910,210,0.8895406,0.4109589,53,9,me_mordor_and_rhun,me_rhun_region,6bc7e2,no
1583,me_land_1543,Land 1543,land,556,258,0.5434995,0.5048924,35,1,me_rhovanion,me_mirkwood_region,09ff5b,no
1584,me_land_1544,Land 1544,land,437,245,0.4271750,0.4794521,36,1,me_eriador,me_shire_breeland_region,a836d4,no
1585,me_land_1545,Land 1545,land,600,149,0.5865103,0.2915851,64,3,me_rhovanion,me_mirkwood_region,466e4d,no
1586,me_land_1546,Land 1546,land,501,238,0.4897361,0.4657534,39,1,me_eriador,me_shire_breeland_region,e4a5c6,no
1587,me_land_1547,Land 1547,land,371,293,0.3626588,0.5733855,33,1,me_eriador,me_enedwaith_region,82dd3f,no
1588,me_land_1548,Land 1548,land,634,209,0.6197458,0.4090020,63,3,me_rhovanion,me_dale_region,2114b8,no
1589,me_land_1549,Land 1549,land,530,31,0.5180841,0.0606654,114,5,me_forodwaith,me_angmar_region,bf4c31,no
1590,me_land_1550,Land 1550,land,808,481,0.7898338,0.9412916,31,10,me_harad,me_far_harad_region,5d83aa,no
1591,me_land_1551,Land 1551,land,865,427,0.8455523,0.8356164,29,10,me_harad,me_near_harad_region,fbbb23,no
1592,me_land_1552,Land 1552,land,698,444,0.6823069,0.8688845,44,10,me_harad,me_near_harad_region,99f29c,no
1593,me_land_1553,Land 1553,land,273,272,0.2668622,0.5322896,38,1,me_eriador,me_lindon_region,382a15,no
1594,me_land_1554,Land 1554,land,728,241,0.7116325,0.4716243,60,9,me_mordor_and_rhun,me_rhun_region,d6618e,no
1595,me_land_1555,Land 1555,land,471,464,0.4604106,0.9080235,49,10,me_harad,me_umbar_region,749907,no
1596,me_land_1556,Land 1556,land,269,135,0.2629521,0.2641879,39,1,me_eriador,me_lindon_region,12d080,no
1597,me_land_1557,Land 1557,land,597,225,0.5835777,0.4403131,60,3,me_rhovanion,me_mirkwood_region,b107f9,no
1598,me_land_1558,Land 1558,land,673,318,0.6578690,0.6223092,99,6,me_rhovanion,me_rohan_region,4f3f72,no
1599,me_land_1559,Land 1559,land,356,320,0.3479961,0.6262231,44,1,me_eriador,me_enedwaith_region,ed76eb,no
1600,me_land_1560,Land 1560,land,612,418,0.5982405,0.8180039,49,1,me_gondor,me_lebennin_region,8bae64,no
1601,me_land_1561,Land 1561,land,685,203,0.6695992,0.3972603,27,3,me_mordor_and_rhun,me_rhun_region,29e5dd,no
1602,me_land_1562,Land 1562,land,649,341,0.6344086,0.6673190,32,2,me_gondor,me_anorien_region,c81d56,no
1603,me_land_1563,Land 1563,land,674,400,0.6588465,0.7827789,27,1,me_gondor,me_ithilien_region,6654cf,no
1604,me_land_1564,Land 1564,land,198,36,0.1935484,0.0704501,81,5,me_forodwaith,me_forochel_region,048c48,no
1605,me_land_1565,Land 1565,land,775,305,0.7575758,0.5968689,27,9,me_mordor_and_rhun,me_mordor_region,a2c3c1,no
1606,me_land_1566,Land 1566,land,554,252,0.5415445,0.4931507,29,1,me_rhovanion,me_mirkwood_region,40fb3a,no
1607,me_land_1567,Land 1567,land,239,291,0.2336266,0.5694716,55,1,me_eriador,me_lindon_region,df32b3,no
1608,me_land_1568,Land 1568,land,790,384,0.7722385,0.7514677,37,8,me_mordor_and_rhun,me_mordor_region,7d6a2c,no
1609,me_land_1569,Land 1569,land,314,212,0.3069404,0.4148728,32,1,me_eriador,me_shire_breeland_region,1ba1a5,no
1610,me_land_1570,Land 1570,land,530,162,0.5180841,0.3170254,46,1,me_rhovanion,me_anduin_vale_region,b9d91e,no
1611,me_land_1571,Land 1571,land,600,34,0.5865103,0.0665362,95,5,me_forodwaith,me_northern_wastes_region,581097,no
1612,me_land_1572,Land 1572,land,460,250,0.4496579,0.4892368,34,1,me_eriador,me_shire_breeland_region,f64810,no
1613,me_land_1573,Land 1573,land,635,180,0.6207234,0.3522505,39,3,me_rhovanion,me_dale_region,947f89,no
1614,me_land_1574,Land 1574,land,364,134,0.3558162,0.2622309,74,1,me_eriador,me_north_arnor_region,32b702,no
1615,me_land_1575,Land 1575,land,597,38,0.5835777,0.0743640,42,5,me_forodwaith,me_northern_wastes_region,d0ee7b,no
1616,me_land_1576,Land 1576,land,786,171,0.7683284,0.3346380,58,9,me_mordor_and_rhun,me_rhun_region,6f25f4,no
1617,me_land_1577,Land 1577,land,559,425,0.5464321,0.8317025,13,10,me_harad,me_near_harad_region,0d5d6d,no
1618,me_land_1578,Land 1578,land,253,46,0.2473118,0.0900196,41,5,me_forodwaith,me_forochel_region,ab94e6,no
1619,me_land_1579,Land 1579,land,797,430,0.7790811,0.8414873,80,10,me_harad,me_near_harad_region,49cc5f,no
1620,me_land_1580,Land 1580,land,347,235,0.3391984,0.4598826,40,1,me_eriador,me_shire_breeland_region,e803d8,no
1621,me_land_1581,Land 1581,land,532,157,0.5200391,0.3072407,45,1,me_rhovanion,me_anduin_vale_region,863b51,no
1622,me_land_1582,Land 1582,land,735,358,0.7184751,0.7005871,67,8,me_mordor_and_rhun,me_mordor_region,2472ca,no
1623,me_land_1583,Land 1583,land,880,364,0.8602151,0.7123288,60,1,me_mordor_and_rhun,me_mordor_region,c2aa43,no
1624,me_land_1584,Land 1584,land,423,171,0.4134897,0.3346380,31,1,me_eriador,me_north_arnor_region,60e1bc,no
1625,me_land_1585,Land 1585,land,868,331,0.8484848,0.6477495,57,1,me_mordor_and_rhun,me_mordor_region,ff1935,no
1626,me_land_1586,Land 1586,land,265,45,0.2590420,0.0880626,62,5,me_forodwaith,me_forochel_region,9d50ae,no
1627,me_land_1587,Land 1587,land,428,171,0.4183773,0.3346380,27,1,me_eriador,me_north_arnor_region,3b8827,no
1628,me_land_1588,Land 1588,land,888,367,0.8680352,0.7181996,49,1,me_mordor_and_rhun,me_mordor_region,d9bfa0,no
1629,me_land_1589,Land 1589,land,198,151,0.1935484,0.2954990,41,1,me_eriador,me_lindon_region,77f719,no
1630,me_land_1590,Land 1590,land,520,223,0.5083089,0.4363992,67,1,me_rhovanion,me_anduin_vale_region,162e92,no
1631,me_land_1591,Land 1591,land,745,483,0.7282502,0.9452055,84,10,me_harad,me_far_harad_region,b4660b,no
1632,me_land_1592,Land 1592,land,383,296,0.3743891,0.5792564,33,1,me_eriador,me_enedwaith_region,529d84,no
1633,me_land_1593,Land 1593,land,534,341,0.5219941,0.6673190,23,1,me_rhovanion,me_rohan_region,f0d4fd,no
1634,me_land_1594,Land 1594,land,817,471,0.7986315,0.9217221,42,10,me_harad,me_near_harad_region,8f0c76,no
1635,me_land_1595,Land 1595,land,377,280,0.3685239,0.5479452,39,1,me_eriador,me_enedwaith_region,2d43ef,no
1636,me_land_1596,Land 1596,land,226,55,0.2209189,0.1076321,80,5,me_forodwaith,me_forochel_region,cb7b68,no
1637,me_land_1597,Land 1597,land,654,452,0.6392962,0.8845401,76,10,me_harad,me_near_harad_region,69b2e1,no
1638,me_land_1598,Land 1598,land,379,204,0.3704790,0.3992172,38,3,me_eriador,me_shire_breeland_region,07ea5a,no
1639,me_land_1599,Land 1599,land,541,225,0.5288368,0.4403131,24,1,me_rhovanion,me_anduin_vale_region,a621d3,no
1640,me_land_1600,Land 1600,land,539,331,0.5268817,0.6477495,36,1,me_rhovanion,me_rohan_region,44594c,no
1641,me_land_1601,Land 1601,land,504,469,0.4926686,0.9178082,46,10,me_harad,me_umbar_region,e290c5,no
1642,me_land_1602,Land 1602,land,534,433,0.5219941,0.8473581,52,10,me_harad,me_umbar_region,80c83e,no
1643,me_land_1603,Land 1603,land,554,263,0.5415445,0.5146771,33,1,me_rhovanion,me_mirkwood_region,1effb7,no
1644,me_land_1604,Land 1604,land,651,397,0.6363636,0.7769080,44,1,me_gondor,me_south_gondor_region,bd3730,no
1645,me_land_1605,Land 1605,land,367,314,0.3587488,0.6144814,35,1,me_eriador,me_enedwaith_region,5b6ea9,no
1646,me_land_1606,Land 1606,land,896,298,0.8758553,0.5831703,36,9,me_mordor_and_rhun,me_mordor_region,f9a622,no
1647,me_land_1607,Land 1607,land,336,237,0.3284457,0.4637965,31,1,me_eriador,me_shire_breeland_region,97dd9b,no
1648,me_land_1608,Land 1608,land,509,163,0.4975562,0.3189824,41,1,me_eriador,me_north_arnor_region,361514,no
1649,me_land_1609,Land 1609,land,649,148,0.6344086,0.2896282,31,3,me_rhovanion,me_dale_region,d44c8d,no
1650,me_land_1610,Land 1610,land,647,309,0.6324536,0.6046967,55,9,me_rhovanion,me_rohan_region,728406,no
1651,me_land_1611,Land 1611,land,891,339,0.8709677,0.6634051,38,1,me_mordor_and_rhun,me_mordor_region,10bb7f,no
1652,me_land_1612,Land 1612,land,352,254,0.3440860,0.4970646,37,1,me_eriador,me_enedwaith_region,aef2f8,no
1653,me_land_1613,Land 1613,land,555,277,0.5425220,0.5420744,43,1,me_rhovanion,me_mirkwood_region,4d2a71,no
1654,me_land_1614,Land 1614,land,735,176,0.7184751,0.3444227,44,9,me_mordor_and_rhun,me_rhun_region,eb61ea,no
1655,me_land_1615,Land 1615,land,445,153,0.4349951,0.2994129,62,1,me_eriador,me_north_arnor_region,899963,no
1656,me_land_1616,Land 1616,land,690,227,0.6744868,0.4442270,45,1,me_mordor_and_rhun,me_rhun_region,27d0dc,no
1657,me_land_1617,Land 1617,land,595,384,0.5816227,0.7514677,30,1,me_gondor,me_lebennin_region,c60855,no
1658,me_land_1618,Land 1618,land,475,300,0.4643206,0.5870841,38,1,me_eriador,me_enedwaith_region,643fce,no
1659,me_land_1619,Land 1619,land,887,373,0.8670577,0.7299413,50,1,me_mordor_and_rhun,me_mordor_region,027747,no
1660,me_land_1620,Land 1620,land,471,124,0.4604106,0.2426614,46,1,me_eriador,me_north_arnor_region,a0aec0,no
1661,me_land_1621,Land 1621,land,296,269,0.2893451,0.5264188,58,1,me_eriador,me_lindon_region,3ee639,no
1662,me_land_1622,Land 1622,land,302,279,0.2952102,0.5459883,53,1,me_eriador,me_enedwaith_region,dd1db2,no
1663,me_land_1623,Land 1623,land,478,478,0.4672532,0.9354207,40,10,me_harad,me_umbar_region,7b552b,no
1664,me_land_1624,Land 1624,land,682,419,0.6666667,0.8199609,53,1,me_mordor_and_rhun,me_mordor_region,198ca4,no
1665,me_land_1625,Land 1625,land,321,262,0.3137830,0.5127202,32,1,me_eriador,me_enedwaith_region,b7c41d,no
1666,me_land_1626,Land 1626,land,352,281,0.3440860,0.5499022,44,1,me_eriador,me_enedwaith_region,55fb96,no
1667,me_land_1627,Land 1627,land,916,194,0.8954057,0.3796477,71,9,me_mordor_and_rhun,me_rhun_region,f4330f,no
1668,me_land_1628,Land 1628,land,512,370,0.5004888,0.7240705,42,1,me_rhovanion,me_rohan_region,926a88,no
1669,me_land_1629,Land 1629,land,320,55,0.3128055,0.1076321,39,5,me_forodwaith,me_forochel_region,30a201,no
1670,me_land_1630,Land 1630,land,888,262,0.8680352,0.5127202,58,9,me_mordor_and_rhun,me_rhun_region,ced97a,no
1671,me_land_1631,Land 1631,land,555,247,0.5425220,0.4833659,27,1,me_rhovanion,me_mirkwood_region,6d10f3,no
1672,me_land_1632,Land 1632,land,572,436,0.5591398,0.8532290,33,10,me_harad,me_near_harad_region,0b486c,no
1673,me_land_1633,Land 1633,land,737,431,0.7204301,0.8434442,60,10,me_harad,me_near_harad_region,a97fe5,no
1674,me_land_1634,Land 1634,land,394,35,0.3851417,0.0684932,89,5,me_forodwaith,me_angmar_region,47b75e,no
1675,me_land_1635,Land 1635,land,570,390,0.5571848,0.7632094,26,1,me_gondor,me_lebennin_region,e5eed7,no
1676,me_land_1636,Land 1636,land,827,121,0.8084066,0.2367906,43,1,me_mordor_and_rhun,me_rhun_region,842650,no
1677,me_land_1637,Land 1637,land,549,467,0.5366569,0.9138943,74,10,me_harad,me_near_harad_region,c09542,no
1678,me_land_1638,Land 1638,land,904,241,0.8836755,0.4716243,37,9,me_mordor_and_rhun,me_rhun_region,5eccbb,no
1679,me_land_1639,Land 1639,land,208,73,0.2033236,0.1428571,82,5,me_forodwaith,me_forochel_region,fd0434,no
1680,me_land_1640,Land 1640,land,435,455,0.4252199,0.8904110,43,10,me_harad,me_umbar_region,9b3bad,no
1681,me_land_1641,Land 1641,land,622,401,0.6080156,0.7847358,31,1,me_gondor,me_south_gondor_region,397326,no
1682,me_land_1642,Land 1642,land,382,276,0.3734115,0.5401174,44,1,me_eriador,me_enedwaith_region,d7aa9f,no
1683,me_land_1643,Land 1643,land,307,140,0.3000978,0.2739726,45,1,me_eriador,me_north_arnor_region,75e218,no
1684,me_land_1644,Land 1644,land,622,293,0.6080156,0.5733855,28,9,me_rhovanion,me_brown_lands_region,141991,no
1685,me_land_1645,Land 1645,land,499,143,0.4877810,0.2798434,33,1,me_eriador,me_north_arnor_region,b2510a,no
1686,me_land_1646,Land 1646,land,714,376,0.6979472,0.7358121,26,8,me_mordor_and_rhun,me_mordor_region,508883,no
1687,me_land_1647,Land 1647,land,523,389,0.5112414,0.7612524,36,1,me_gondor,me_belfalas_region,eebffc,no
1688,me_land_1648,Land 1648,land,779,359,0.7614858,0.7025440,64,8,me_mordor_and_rhun,me_mordor_region,8cf775,no
1689,me_land_1649,Land 1649,land,665,461,0.6500489,0.9021526,76,10,me_harad,me_near_harad_region,2b2eee,no
1690,me_land_1650,Land 1650,land,398,131,0.3890518,0.2563601,59,1,me_eriador,me_north_arnor_region,c96667,no
1691,me_land_1651,Land 1651,land,452,478,0.4418377,0.9354207,50,10,me_harad,me_umbar_region,679de0,no
1692,me_land_1652,Land 1652,land,367,243,0.3587488,0.4755382,53,1,me_eriador,me_shire_breeland_region,05d559,no
1693,me_land_1653,Land 1653,land,536,130,0.5239492,0.2544031,41,1,me_rhovanion,me_grey_mountains_region,a40cd2,no
1694,me_land_1654,Land 1654,land,506,434,0.4946237,0.8493151,47,10,me_harad,me_umbar_region,42444b,no
1695,me_land_1655,Land 1655,land,715,255,0.6989247,0.4990215,77,1,me_mordor_and_rhun,me_rhun_region,e07bc4,no
1696,me_land_1656,Land 1656,land,389,247,0.3802542,0.4833659,35,1,me_eriador,me_shire_breeland_region,7eb33d,no
1697,me_land_1657,Land 1657,land,515,383,0.5034213,0.7495108,44,1,me_rhovanion,me_rohan_region,1ceab6,no
1698,me_land_1658,Land 1658,land,843,425,0.8240469,0.8317025,47,10,me_harad,me_near_harad_region,bb222f,no
1699,me_land_1659,Land 1659,land,844,330,0.8250244,0.6457926,48,1,me_mordor_and_rhun,me_mordor_region,5959a8,no
1700,me_land_1660,Land 1660,land,456,252,0.4457478,0.4931507,29,1,me_eriador,me_enedwaith_region,f79121,no
1701,me_land_1661,Land 1661,land,896,180,0.8758553,0.3522505,57,9,me_mordor_and_rhun,me_rhun_region,95c89a,no
1702,me_land_1662,Land 1662,land,526,374,0.5141740,0.7318982,28,1,me_rhovanion,me_rohan_region,340013,no
1703,me_land_1663,Land 1663,land,876,378,0.8563050,0.7397260,41,1,me_mordor_and_rhun,me_mordor_region,d2378c,no
1704,me_land_1664,Land 1664,land,532,371,0.5200391,0.7260274,44,1,me_rhovanion,me_rohan_region,706f05,no
1705,me_land_1665,Land 1665,land,891,127,0.8709677,0.2485323,51,1,me_mordor_and_rhun,me_rhun_region,0ea67e,no
1706,me_land_1666,Land 1666,land,624,377,0.6099707,0.7377691,31,1,me_rhovanion,me_rohan_region,acddf7,no
1707,me_land_1667,Land 1667,land,261,46,0.2551320,0.0900196,32,5,me_forodwaith,me_forochel_region,4b1570,no
1708,me_land_1668,Land 1668,land,492,375,0.4809384,0.7338552,86,1,me_rhovanion,me_rohan_region,e94ce9,no
1709,me_land_1669,Land 1669,land,714,236,0.6979472,0.4618395,48,1,me_mordor_and_rhun,me_rhun_region,878462,no
1710,me_land_1670,Land 1670,land,566,195,0.5532747,0.3816047,40,3,me_rhovanion,me_mirkwood_region,25bbdb,no
1711,me_land_1671,Land 1671,land,743,55,0.7262952,0.1076321,69,5,me_forodwaith,me_northern_wastes_region,c3f354,no
1712,me_land_1672,Land 1672,land,477,357,0.4662757,0.6986301,53,1,me_rhovanion,me_rohan_region,622acd,no
1713,me_land_1673,Land 1673,land,691,163,0.6754643,0.3189824,38,1,me_mordor_and_rhun,me_rhun_region,006246,no
1714,me_land_1674,Land 1674,land,489,464,0.4780059,0.9080235,33,10,me_harad,me_umbar_region,9e99bf,no
1715,me_land_1675,Land 1675,land,578,319,0.5650049,0.6242661,51,1,me_rhovanion,me_rohan_region,3cd138,no
1716,me_land_1676,Land 1676,land,425,439,0.4154448,0.8590998,36,10,me_harad,me_umbar_region,db08b1,no
1717,me_land_1677,Land 1677,land,487,329,0.4760508,0.6438356,25,1,me_rhovanion,me_rohan_region,79402a,no
1718,me_land_1678,Land 1678,land,230,244,0.2248289,0.4774951,68,1,me_eriador,me_lindon_region,1777a3,no
1719,me_land_1679,Land 1679,land,848,199,0.8289345,0.3894325,42,9,me_mordor_and_rhun,me_rhun_region,b5af1c,no
1720,me_land_1680,Land 1680,land,536,272,0.5239492,0.5322896,28,1,me_rhovanion,me_anduin_vale_region,53e695,no
1721,me_land_1681,Land 1681,land,729,156,0.7126100,0.3052838,46,9,me_mordor_and_rhun,me_rhun_region,f21e0e,no
1722,me_land_1682,Land 1682,land,413,331,0.4037146,0.6477495,53,1,me_eriador,me_enedwaith_region,905587,no
1723,me_land_1683,Land 1683,land,837,291,0.8181818,0.5694716,20,9,me_mordor_and_rhun,me_rhun_region,2e8d00,no
1724,me_land_1684,Land 1684,land,247,224,0.2414467,0.4383562,34,1,me_eriador,me_lindon_region,6afbf2,no
1725,me_land_1685,Land 1685,land,674,336,0.6588465,0.6575342,45,2,me_gondor,me_ithilien_region,09336b,no
1726,me_land_1686,Land 1686,land,361,326,0.3528837,0.6379648,63,1,me_eriador,me_enedwaith_region,a76ae4,no
1727,me_land_1687,Land 1687,land,541,451,0.5288368,0.8825832,49,10,me_harad,me_umbar_region,45a25d,no
1728,me_land_1688,Land 1688,land,821,84,0.8025415,0.1643836,55,1,me_forodwaith,me_northern_wastes_region,e3d9d6,no
1729,me_land_1689,Land 1689,land,877,198,0.8572825,0.3874755,46,9,me_mordor_and_rhun,me_rhun_region,82114f,no
1730,me_land_1690,Land 1690,land,880,133,0.8602151,0.2602740,54,9,me_mordor_and_rhun,me_rhun_region,2048c8,no
1731,me_land_1691,Land 1691,land,923,255,0.9022483,0.4990215,48,1,me_mordor_and_rhun,me_rhun_region,be8041,no
1732,me_land_1692,Land 1692,land,641,151,0.6265885,0.2954990,40,3,me_rhovanion,me_dale_region,5cb7ba,no
1733,me_land_1693,Land 1693,land,454,322,0.4437928,0.6301370,49,1,me_eriador,me_enedwaith_region,faef33,no
1734,me_land_1694,Land 1694,land,565,367,0.5522972,0.7181996,47,1,me_rhovanion,me_rohan_region,9926ac,no
1735,me_land_1695,Land 1695,land,249,201,0.2434018,0.3933464,40,1,me_eriador,me_lindon_region,375e25,no
1736,me_land_1696,Land 1696,land,312,108,0.3049853,0.2113503,82,5,me_forodwaith,me_forochel_region,d5959e,no
1737,me_land_1697,Land 1697,land,392,228,0.3831867,0.4461840,42,1,me_eriador,me_shire_breeland_region,73cd17,no
1738,me_land_1698,Land 1698,land,854,168,0.8347996,0.3287671,33,9,me_mordor_and_rhun,me_rhun_region,120490,no
1739,me_land_1699,Land 1699,land,762,154,0.7448680,0.3013699,30,9,me_mordor_and_rhun,me_rhun_region,b03c09,no
1740,me_land_1700,Land 1700,land,349,144,0.3411535,0.2818004,66,1,me_eriador,me_north_arnor_region,4e7382,no
1741,me_land_1701,Land 1701,land,663,136,0.6480938,0.2661448,39,1,me_rhovanion,me_grey_mountains_region,ecaafb,no
1742,me_land_1702,Land 1702,land,645,165,0.6304985,0.3228963,22,3,me_rhovanion,me_dale_region,8ae274,no
1743,me_land_1703,Land 1703,land,349,125,0.3411535,0.2446184,64,1,me_eriador,me_north_arnor_region,2919ed,no
1744,me_land_1704,Land 1704,land,675,74,0.6598240,0.1448141,112,5,me_forodwaith,me_northern_wastes_region,c75166,no
1745,me_land_1705,Land 1705,land,592,324,0.5786901,0.6340509,37,1,me_rhovanion,me_rohan_region,6588df,no
1746,me_land_1706,Land 1706,land,496,239,0.4848485,0.4677104,44,1,me_eriador,me_shire_breeland_region,03c058,no
1747,me_land_1707,Land 1707,land,543,154,0.5307918,0.3013699,39,1,me_rhovanion,me_anduin_vale_region,a1f7d1,no
1748,me_land_1708,Land 1708,land,912,293,0.8914956,0.5733855,49,9,me_mordor_and_rhun,me_mordor_region,402f4a,no
1749,me_land_1709,Land 1709,land,816,156,0.7976540,0.3052838,44,9,me_mordor_and_rhun,me_rhun_region,de66c3,no
1750,me_land_1710,Land 1710,land,734,365,0.7174976,0.7142857,48,8,me_mordor_and_rhun,me_mordor_region,7c9e3c,no
1751,me_land_1711,Land 1711,land,553,426,0.5405670,0.8336595,18,10,me_harad,me_near_harad_region,1ad5b5,no
1752,me_land_1712,Land 1712,land,589,395,0.5757576,0.7729941,41,1,me_gondor,me_lebennin_region,b90d2e,no
1753,me_land_1713,Land 1713,land,512,429,0.5004888,0.8395303,30,10,me_harad,me_umbar_region,5744a7,no
1754,me_land_1714,Land 1714,land,899,336,0.8787879,0.6575342,27,1,me_mordor_and_rhun,me_mordor_region,f57c20,no
1755,me_land_1715,Land 1715,land,743,476,0.7262952,0.9315068,120,10,me_harad,me_near_harad_region,93b399,no
1756,me_land_1716,Land 1716,land,702,236,0.6862170,0.4618395,33,1,me_mordor_and_rhun,me_rhun_region,31eb12,no
1757,me_land_1717,Land 1717,land,710,406,0.6940371,0.7945205,25,8,me_mordor_and_rhun,me_mordor_region,d0228b,no
1758,me_land_1718,Land 1718,land,304,306,0.2971652,0.5988258,32,1,me_eriador,me_enedwaith_region,6e5a04,no
1759,me_land_1719,Land 1719,land,635,491,0.6207234,0.9608611,94,10,me_harad,me_far_harad_region,0c917d,no
1760,me_land_1720,Land 1720,land,300,64,0.2932551,0.1252446,57,5,me_forodwaith,me_forochel_region,aac8f6,no
1761,me_land_1721,Land 1721,land,723,154,0.7067449,0.3013699,37,9,me_mordor_and_rhun,me_rhun_region,49006f,no
1762,me_land_1722,Land 1722,land,393,306,0.3841642,0.5988258,47,1,me_eriador,me_enedwaith_region,e737e8,no
1763,me_land_1723,Land 1723,land,661,201,0.6461388,0.3933464,58,3,me_rhovanion,me_dale_region,856f61,no
1764,me_land_1724,Land 1724,land,869,279,0.8494624,0.5459883,56,9,me_mordor_and_rhun,me_rhun_region,23a6da,no
1765,me_land_1725,Land 1725,land,862,405,0.8426197,0.7925636,39,1,me_mordor_and_rhun,me_mordor_region,c1de53,no
1766,me_land_1726,Land 1726,land,438,337,0.4281525,0.6594912,48,1,me_gondor,me_belfalas_region,6015cc,no
1767,me_land_1727,Land 1727,land,834,281,0.8152493,0.5499022,49,9,me_mordor_and_rhun,me_rhun_region,fe4d45,no
1768,me_land_1728,Land 1728,land,860,429,0.8406647,0.8395303,47,10,me_harad,me_near_harad_region,9c84be,no
1769,me_land_1729,Land 1729,land,583,207,0.5698925,0.4050881,51,3,me_rhovanion,me_mirkwood_region,3abc37,no
1770,me_land_1730,Land 1730,land,870,164,0.8504399,0.3209393,42,9,me_mordor_and_rhun,me_rhun_region,d8f3b0,no
1771,me_land_1731,Land 1731,land,547,211,0.5347019,0.4129159,65,1,me_rhovanion,me_anduin_vale_region,1562a2,no
1772,me_land_1732,Land 1732,land,492,364,0.4809384,0.7123288,43,1,me_rhovanion,me_rohan_region,b39a1b,no
1773,me_land_1733,Land 1733,land,664,432,0.6490714,0.8454012,67,10,me_harad,me_near_harad_region,51d194,no
1774,me_land_1734,Land 1734,land,511,107,0.4995112,0.2093933,101,5,me_forodwaith,me_angmar_region,f0090d,no
1775,me_land_1735,Land 1735,land,302,301,0.2952102,0.5890411,42,1,me_eriador,me_enedwaith_region,8e4086,no
1776,me_land_1736,Land 1736,land,412,264,0.4027370,0.5166341,45,1,me_eriador,me_enedwaith_region,2c77ff,no
1777,me_land_1737,Land 1737,land,433,138,0.4232649,0.2700587,63,1,me_eriador,me_north_arnor_region,caaf78,no
1778,me_land_1738,Land 1738,land,578,231,0.5650049,0.4520548,52,3,me_rhovanion,me_mirkwood_region,68e6f1,no
1779,me_land_1739,Land 1739,land,615,227,0.6011730,0.4442270,55,3,me_rhovanion,me_mirkwood_region,071e6a,no
1780,me_land_1740,Land 1740,land,546,313,0.5337243,0.6125245,38,1,me_rhovanion,me_rohan_region,a555e3,no
1781,me_land_1741,Land 1741,land,677,183,0.6617791,0.3581213,43,3,me_rhovanion,me_dale_region,438d5c,no
1782,me_land_1742,Land 1742,land,290,316,0.2834800,0.6183953,68,1,me_eriador,me_lindon_region,e1c4d5,no
1783,me_land_1743,Land 1743,land,896,170,0.8758553,0.3326810,51,9,me_mordor_and_rhun,me_rhun_region,7ffc4e,no
1784,me_land_1744,Land 1744,land,441,161,0.4310850,0.3150685,55,1,me_eriador,me_north_arnor_region,1e33c7,no
1785,me_land_1745,Land 1745,land,440,64,0.4301075,0.1252446,89,5,me_forodwaith,me_angmar_region,bc6b40,no
1786,me_land_1746,Land 1746,land,666,355,0.6510264,0.6947162,84,2,me_gondor,me_ithilien_region,5aa2b9,no
1787,me_land_1747,Land 1747,land,743,140,0.7262952,0.2739726,48,9,me_mordor_and_rhun,me_rhun_region,f8da32,no
1788,me_land_1748,Land 1748,land,809,372,0.7908113,0.7279843,37,8,me_mordor_and_rhun,me_mordor_region,9711ab,no
1789,me_land_1749,Land 1749,land,436,241,0.4261975,0.4716243,33,1,me_eriador,me_shire_breeland_region,354924,no
1790,me_land_1750,Land 1750,land,876,163,0.8563050,0.3189824,44,9,me_mordor_and_rhun,me_rhun_region,d3809d,no
1791,me_land_1751,Land 1751,land,626,264,0.6119257,0.5166341,58,3,me_rhovanion,me_mirkwood_region,71b816,no
1792,me_land_1752,Land 1752,land,277,275,0.2707722,0.5381605,52,1,me_eriador,me_lindon_region,0fef8f,no
1793,me_land_1753,Land 1753,land,669,492,0.6539589,0.9628180,63,10,me_harad,me_far_harad_region,ae2708,no
1794,me_land_1754,Land 1754,land,673,388,0.6578690,0.7592955,40,1,me_gondor,me_ithilien_region,4c5e81,no
1795,me_land_1755,Land 1755,land,807,147,0.7888563,0.2876712,46,9,me_mordor_and_rhun,me_rhun_region,ea95fa,no
1796,me_land_1756,Land 1756,land,577,406,0.5640274,0.7945205,29,1,me_gondor,me_lebennin_region,88cd73,no
1797,me_land_1757,Land 1757,land,449,255,0.4389052,0.4990215,36,1,me_eriador,me_enedwaith_region,2704ec,no
1798,me_land_1758,Land 1758,land,705,379,0.6891496,0.7416830,20,8,me_mordor_and_rhun,me_mordor_region,c53c65,no
1799,me_land_1759,Land 1759,land,414,175,0.4046921,0.3424658,25,1,me_eriador,me_north_arnor_region,6373de,no
1800,me_land_1760,Land 1760,land,452,187,0.4418377,0.3659491,35,1,me_eriador,me_shire_breeland_region,01ab57,no
1801,me_land_1761,Land 1761,land,331,423,0.3235582,0.8277886,83,1,me_gondor,me_belfalas_region,9fe2d0,no
1802,me_land_1762,Land 1762,land,284,153,0.2776149,0.2994129,49,1,me_eriador,me_lindon_region,3e1a49,no
1803,me_land_1763,Land 1763,land,821,409,0.8025415,0.8003914,42,1,me_mordor_and_rhun,me_mordor_region,dc51c2,no
1804,me_land_1764,Land 1764,land,413,124,0.4037146,0.2426614,64,1,me_eriador,me_north_arnor_region,7a893b,no
1805,me_land_1765,Land 1765,land,575,177,0.5620723,0.3463796,98,3,me_rhovanion,me_mirkwood_region,18c0b4,no
1806,me_land_1766,Land 1766,land,397,213,0.3880743,0.4168297,30,1,me_eriador,me_shire_breeland_region,b6f82d,no
1807,me_land_1767,Land 1767,land,839,117,0.8201369,0.2289628,57,1,me_forodwaith,me_northern_wastes_region,552fa6,no
1808,me_land_1768,Land 1768,land,620,179,0.6060606,0.3502935,45,3,me_rhovanion,me_dale_region,f3671f,no
1809,me_land_1769,Land 1769,land,924,192,0.9032258,0.3757339,75,1,me_mordor_and_rhun,me_rhun_region,919e98,no
1810,me_land_1770,Land 1770,land,439,296,0.4291300,0.5792564,59,1,me_eriador,me_enedwaith_region,2fd611,no
1811,me_land_1771,Land 1771,land,827,156,0.8084066,0.3052838,48,9,me_mordor_and_rhun,me_rhun_region,ce0d8a,no
1812,me_land_1772,Land 1772,land,339,254,0.3313783,0.4970646,34,1,me_eriador,me_enedwaith_region,6c4503,no
1813,me_land_1773,Land 1773,land,578,147,0.5650049,0.2876712,79,3,me_rhovanion,me_mirkwood_region,0a7c7c,no
1814,me_land_1774,Land 1774,land,609,444,0.5953079,0.8688845,69,10,me_harad,me_near_harad_region,a8b3f5,no
1815,me_land_1775,Land 1775,land,627,328,0.6129032,0.6418787,28,1,me_rhovanion,me_rohan_region,46eb6e,no
1816,me_land_1776,Land 1776,land,324,132,0.3167155,0.2583170,48,1,me_eriador,me_north_arnor_region,e522e7,no
1817,me_land_1777,Land 1777,land,617,485,0.6031281,0.9491194,77,10,me_harad,me_far_harad_region,835a60,no
1818,me_land_1778,Land 1778,land,821,96,0.8025415,0.1878669,66,1,me_forodwaith,me_northern_wastes_region,2191d9,no
1819,me_land_1779,Land 1779,land,375,137,0.3665689,0.2681018,57,1,me_eriador,me_north_arnor_region,bfc952,no
1820,me_land_1780,Land 1780,land,840,434,0.8211144,0.8493151,55,10,me_harad,me_near_harad_region,5e00cb,no
1821,me_land_1781,Land 1781,land,311,131,0.3040078,0.2563601,67,1,me_eriador,me_north_arnor_region,fc3844,no
1822,me_land_1782,Land 1782,land,806,132,0.7878788,0.2583170,39,9,me_mordor_and_rhun,me_rhun_region,9a6fbd,no
1823,me_land_1783,Land 1783,land,681,180,0.6656891,0.3522505,32,3,me_mordor_and_rhun,me_rhun_region,38a736,no
1824,me_land_1784,Land 1784,land,357,230,0.3489736,0.4500978,39,1,me_eriador,me_shire_breeland_region,d6deaf,no
1825,me_land_1785,Land 1785,land,428,275,0.4183773,0.5381605,29,1,me_eriador,me_enedwaith_region,751628,no
1826,me_land_1786,Land 1786,land,575,136,0.5620723,0.2661448,40,1,me_rhovanion,me_grey_mountains_region,134da1,no
1827,me_land_1787,Land 1787,land,614,110,0.6001955,0.2152642,120,5,me_forodwaith,me_northern_wastes_region,b1851a,no
1828,me_land_1788,Land 1788,land,792,461,0.7741935,0.9021526,71,10,me_harad,me_near_harad_region,4fbc93,no
1829,me_land_1789,Land 1789,land,590,115,0.5767351,0.2250489,64,5,me_forodwaith,me_northern_wastes_region,edf40c,no
1830,me_land_1790,Land 1790,land,758,170,0.7409580,0.3326810,61,9,me_mordor_and_rhun,me_rhun_region,8c2b85,no
1831,me_land_1791,Land 1791,land,524,288,0.5122190,0.5636008,43,1,me_rhovanion,me_anduin_vale_region,2a62fe,no
1832,me_land_1792,Land 1792,land,631,228,0.6168133,0.4461840,72,3,me_rhovanion,me_mirkwood_region,c89a77,no
1833,me_land_1793,Land 1793,land,691,283,0.6754643,0.5538160,42,1,me_mordor_and_rhun,me_rhun_region,66d1f0,no
1834,me_land_1794,Land 1794,land,842,90,0.8230694,0.1761252,53,1,me_forodwaith,me_northern_wastes_region,050969,no
1835,me_land_1795,Land 1795,land,821,77,0.8025415,0.1506849,52,1,me_forodwaith,me_northern_wastes_region,a340e2,no
1836,me_land_1796,Land 1796,land,694,148,0.6783969,0.2896282,35,1,me_mordor_and_rhun,me_rhun_region,41785b,no
1837,me_land_1797,Land 1797,land,811,94,0.7927664,0.1839530,72,1,me_forodwaith,me_northern_wastes_region,dfafd4,no
1838,me_land_1798,Land 1798,land,686,286,0.6705767,0.5596869,58,1,me_mordor_and_rhun,me_rhun_region,7de74d,no
1839,me_land_1799,Land 1799,land,442,128,0.4320626,0.2504892,46,1,me_eriador,me_north_arnor_region,1c1ec6,no
1840,me_land_1800,Land 1800,land,672,266,0.6568915,0.5205479,58,1,me_rhovanion,me_mirkwood_region,ba563f,no
1841,me_land_1801,Land 1801,land,720,466,0.7038123,0.9119374,65,10,me_harad,me_near_harad_region,588db8,no
1842,me_land_1802,Land 1802,land,548,339,0.5356794,0.6634051,27,1,me_rhovanion,me_rohan_region,f6c531,no
1843,me_land_1803,Land 1803,land,509,388,0.4975562,0.7592955,36,1,me_gondor,me_belfalas_region,94fcaa,no
1844,me_land_1804,Land 1804,land,484,480,0.4731183,0.9393346,36,10,me_harad,me_umbar_region,333423,no
1845,me_land_1805,Land 1805,land,537,280,0.5249267,0.5479452,53,1,me_rhovanion,me_anduin_vale_region,d16b9c,no
1846,me_land_1806,Land 1806,land,581,83,0.5679374,0.1624266,94,5,me_forodwaith,me_northern_wastes_region,6fa315,no
1847,me_land_1807,Land 1807,land,617,411,0.6031281,0.8043053,43,1,me_gondor,me_lebennin_region,0dda8e,no
1848,me_land_1808,Land 1808,land,920,288,0.8993157,0.5636008,42,9,me_mordor_and_rhun,me_rhun_region,ac1207,no
1849,me_land_1809,Land 1809,land,841,316,0.8220919,0.6183953,30,1,me_mordor_and_rhun,me_mordor_region,4a4980,no
1850,me_land_1810,Land 1810,land,530,149,0.5180841,0.2915851,27,1,me_rhovanion,me_anduin_vale_region,e880f9,no
1851,me_land_1811,Land 1811,land,634,395,0.6197458,0.7729941,29,1,me_gondor,me_south_gondor_region,86b872,no
1852,me_land_1812,Land 1812,land,377,179,0.3685239,0.3502935,27,1,me_eriador,me_shire_breeland_region,24efeb,no
1853,me_land_1813,Land 1813,land,876,289,0.8563050,0.5655577,61,9,me_mordor_and_rhun,me_rhun_region,c32764,no
1854,me_land_1814,Land 1814,land,409,241,0.3998045,0.4716243,59,1,me_eriador,me_shire_breeland_region,615edd,no
1855,me_land_1815,Land 1815,land,852,116,0.8328446,0.2270059,41,1,me_forodwaith,me_northern_wastes_region,ff9656,no
1856,me_land_1816,Land 1816,land,502,382,0.4907136,0.7475538,31,1,me_rhovanion,me_rohan_region,9dcdcf,no
1857,me_land_1817,Land 1817,land,392,216,0.3831867,0.4227006,34,3,me_eriador,me_shire_breeland_region,3c0548,no
1858,me_land_1818,Land 1818,land,572,240,0.5591398,0.4696673,35,3,me_rhovanion,me_mirkwood_region,da3cc1,no
1859,me_land_1819,Land 1819,land,341,234,0.3333333,0.4579256,31,1,me_eriador,me_shire_breeland_region,78743a,no
1860,me_land_1820,Land 1820,land,836,295,0.8172043,0.5772994,34,9,me_mordor_and_rhun,me_mordor_region,16abb3,no
1861,me_land_1821,Land 1821,land,638,324,0.6236559,0.6340509,42,1,me_rhovanion,me_rohan_region,b4e32c,no
1862,me_land_1822,Land 1822,land,291,297,0.2844575,0.5812133,54,1,me_eriador,me_lindon_region,531aa5,no
1863,me_land_1823,Land 1823,land,497,381,0.4858260,0.7455969,26,1,me_rhovanion,me_rohan_region,f1521e,no
1864,me_land_1824,Land 1824,land,853,244,0.8338221,0.4774951,52,9,me_mordor_and_rhun,me_rhun_region,8f8997,no
1865,me_land_1825,Land 1825,land,713,165,0.6969697,0.3228963,44,1,me_mordor_and_rhun,me_rhun_region,2dc110,no
1866,me_land_1826,Land 1826,land,534,244,0.5219941,0.4774951,26,1,me_rhovanion,me_anduin_vale_region,cbf889,no
1867,me_land_1827,Land 1827,land,855,258,0.8357771,0.5048924,50,9,me_mordor_and_rhun,me_rhun_region,6a3002,no
1868,me_land_1828,Land 1828,land,881,305,0.8611926,0.5968689,39,9,me_mordor_and_rhun,me_mordor_region,08677b,no
1869,me_land_1829,Land 1829,land,785,84,0.7673509,0.1643836,92,5,me_forodwaith,me_northern_wastes_region,a69ef4,no
1870,me_land_1830,Land 1830,land,467,339,0.4565005,0.6634051,30,1,me_gondor,me_belfalas_region,44d66d,no
1871,me_land_1831,Land 1831,land,586,448,0.5728250,0.8767123,57,10,me_harad,me_near_harad_region,e30de6,no
1872,me_land_1832,Land 1832,land,448,293,0.4379277,0.5733855,63,1,me_eriador,me_enedwaith_region,81455f,no
1873,me_land_1833,Land 1833,land,311,150,0.3040078,0.2935421,56,1,me_eriador,me_north_arnor_region,1f7cd8,no
1874,me_land_1834,Land 1834,land,314,282,0.3069404,0.5518591,49,1,me_eriador,me_enedwaith_region,bdb451,no
1875,me_land_1835,Land 1835,land,510,212,0.4985337,0.4148728,39,1,me_eriador,me_enedwaith_region,5bebca,no
1876,me_land_1836,Land 1836,land,799,420,0.7810362,0.8219178,35,1,me_mordor_and_rhun,me_khand_region,fa2343,no
1877,me_land_1837,Land 1837,land,369,220,0.3607038,0.4305284,52,3,me_eriador,me_shire_breeland_region,985abc,no
1878,me_land_1838,Land 1838,land,408,31,0.3988270,0.0606654,38,5,me_forodwaith,me_angmar_region,369235,no
1879,me_land_1839,Land 1839,land,405,77,0.3958944,0.1506849,105,5,me_forodwaith,me_angmar_region,d4c9ae,no
1880,me_land_1840,Land 1840,land,805,151,0.7869013,0.2954990,51,9,me_mordor_and_rhun,me_rhun_region,730127,no
1881,me_land_1841,Land 1841,land,468,251,0.4574780,0.4911937,47,1,me_rhovanion,me_anduin_vale_region,1138a0,no
1882,me_land_1842,Land 1842,land,631,71,0.6168133,0.1389432,76,5,me_forodwaith,me_northern_wastes_region,af7019,no
1883,me_land_1843,Land 1843,land,430,182,0.4203324,0.3561644,61,1,me_eriador,me_shire_breeland_region,4da792,no
1884,me_land_1844,Land 1844,land,881,212,0.8611926,0.4148728,48,9,me_mordor_and_rhun,me_rhun_region,ebdf0b,no
1885,me_land_1845,Land 1845,land,559,278,0.5464321,0.5440313,38,1,me_rhovanion,me_mirkwood_region,8a1684,no
1886,me_land_1846,Land 1846,land,356,153,0.3479961,0.2994129,47,1,me_eriador,me_north_arnor_region,284dfd,no
1887,me_land_1847,Land 1847,land,518,229,0.5063539,0.4481409,37,1,me_rhovanion,me_anduin_vale_region,c68576,no
1888,me_land_1848,Land 1848,land,362,265,0.3538612,0.5185910,32,1,me_eriador,me_enedwaith_region,64bcef,no
1889,me_land_1849,Land 1849,land,570,163,0.5571848,0.3189824,79,3,me_rhovanion,me_mirkwood_region,02f468,no
1890,me_land_1850,Land 1850,land,454,214,0.4437928,0.4187867,32,1,me_eriador,me_shire_breeland_region,a12be1,no
1891,me_land_1851,Land 1851,land,855,112,0.8357771,0.2191781,52,1,me_forodwaith,me_northern_wastes_region,3f635a,no
1892,me_land_1852,Land 1852,land,228,299,0.2228739,0.5851272,48,1,me_eriador,me_lindon_region,dd9ad3,no
1893,me_land_1853,Land 1853,land,655,201,0.6402737,0.3933464,23,3,me_rhovanion,me_dale_region,7bd24c,no
1894,me_land_1854,Land 1854,land,769,94,0.7517107,0.1839530,59,5,me_forodwaith,me_northern_wastes_region,1a09c5,no
1895,me_land_1855,Land 1855,land,555,162,0.5425220,0.3170254,27,1,me_rhovanion,me_mirkwood_region,b8413e,no
1896,me_land_1856,Land 1856,land,733,190,0.7165200,0.3718200,60,9,me_mordor_and_rhun,me_rhun_region,5678b7,no
1897,me_land_1857,Land 1857,land,639,470,0.6246334,0.9197652,126,10,me_harad,me_near_harad_region,f4b030,no
1898,me_land_1858,Land 1858,land,858,411,0.8387097,0.8043053,43,1,me_mordor_and_rhun,me_mordor_region,92e7a9,no
1899,me_land_1859,Land 1859,land,313,65,0.3059629,0.1272016,52,5,me_forodwaith,me_forochel_region,311f22,no
1900,me_land_1860,Land 1860,land,572,444,0.5591398,0.8688845,56,10,me_harad,me_near_harad_region,cf569b,no
1901,me_land_1861,Land 1861,land,668,478,0.6529814,0.9354207,53,10,me_harad,me_near_harad_region,6d8e14,no
1902,me_land_1862,Land 1862,land,853,455,0.8338221,0.8904110,25,10,me_harad,me_near_harad_region,0bc58d,no
1903,me_land_1863,Land 1863,land,444,477,0.4340176,0.9334638,53,10,me_harad,me_umbar_region,a9fd06,no
1904,me_land_1864,Land 1864,land,874,426,0.8543500,0.8336595,55,10,me_harad,me_near_harad_region,48347f,no
1905,me_land_1865,Land 1865,land,464,286,0.4535679,0.5596869,51,1,me_eriador,me_enedwaith_region,e66bf8,no
1906,me_land_1866,Land 1866,land,649,330,0.6344086,0.6457926,54,2,me_rhovanion,me_rohan_region,84a371,no
1907,me_land_1867,Land 1867,land,761,450,0.7438905,0.8806262,74,10,me_harad,me_near_harad_region,22daea,no
1908,me_land_1868,Land 1868,land,339,133,0.3313783,0.2602740,28,1,me_eriador,me_north_arnor_region,c11263,no
1909,me_land_1869,Land 1869,land,686,120,0.6705767,0.2348337,91,1,me_forodwaith,me_northern_wastes_region,5f49dc,no
1910,me_land_1870,Land 1870,land,691,473,0.6754643,0.9256360,99,10,me_harad,me_near_harad_region,fd8155,no
1911,me_land_1871,Land 1871,land,328,54,0.3206256,0.1056751,138,5,me_forodwaith,me_forochel_region,9bb8ce,no
1912,me_land_1872,Land 1872,land,659,169,0.6441838,0.3307241,39,3,me_rhovanion,me_dale_region,39f047,no
1913,me_land_1873,Land 1873,land,638,439,0.6236559,0.8590998,91,10,me_harad,me_near_harad_region,d827c0,no
1914,me_land_1874,Land 1874,land,509,192,0.4975562,0.3757339,46,1,me_eriador,me_enedwaith_region,765f39,no
1915,me_land_1875,Land 1875,land,843,252,0.8240469,0.4931507,45,9,me_mordor_and_rhun,me_rhun_region,1496b2,no
1916,me_land_1876,Land 1876,land,406,273,0.3968719,0.5342466,31,1,me_eriador,me_enedwaith_region,b2ce2b,no
1917,me_land_1877,Land 1877,land,882,218,0.8621701,0.4266145,64,9,me_mordor_and_rhun,me_rhun_region,5105a4,no
1918,me_land_1878,Land 1878,land,399,146,0.3900293,0.2857143,45,1,me_eriador,me_north_arnor_region,ef3d1d,no
1919,me_land_1879,Land 1879,land,732,165,0.7155425,0.3228963,45,9,me_mordor_and_rhun,me_rhun_region,8d7496,no
1920,me_land_1880,Land 1880,land,583,412,0.5698925,0.8062622,11,1,me_gondor,me_lebennin_region,2bac0f,no
1921,me_land_1881,Land 1881,land,444,455,0.4340176,0.8904110,34,10,me_harad,me_umbar_region,c9e388,no
1922,me_land_1882,Land 1882,land,406,266,0.3968719,0.5205479,35,1,me_eriador,me_enedwaith_region,681b01,no
1923,me_land_1883,Land 1883,land,888,114,0.8680352,0.2230920,32,1,me_forodwaith,me_northern_wastes_region,06527a,no
1924,me_land_1884,Land 1884,land,875,329,0.8553275,0.6438356,46,1,me_mordor_and_rhun,me_mordor_region,a489f3,no
1925,me_land_1885,Land 1885,land,849,147,0.8299120,0.2876712,70,9,me_mordor_and_rhun,me_rhun_region,42c16c,no
1926,me_land_1886,Land 1886,land,723,475,0.7067449,0.9295499,41,10,me_harad,me_near_harad_region,e0f8e5,no
1927,me_land_1887,Land 1887,land,603,443,0.5894428,0.8669276,23,10,me_harad,me_near_harad_region,7f305e,no
1928,me_land_1888,Land 1888,land,359,426,0.3509286,0.8336595,85,10,me_harad,me_umbar_region,1d67d7,no
1929,me_land_1889,Land 1889,land,444,248,0.4340176,0.4853229,32,1,me_eriador,me_shire_breeland_region,bb9f50,no
1930,me_land_1890,Land 1890,land,463,200,0.4525904,0.3913894,44,1,me_eriador,me_shire_breeland_region,59d6c9,no
1931,me_land_1891,Land 1891,land,284,279,0.2776149,0.5459883,37,1,me_eriador,me_lindon_region,f80e42,no
1932,me_land_1892,Land 1892,land,884,118,0.8641251,0.2309198,39,1,me_forodwaith,me_northern_wastes_region,9645bb,no
1933,me_land_1893,Land 1893,land,423,288,0.4134897,0.5636008,46,1,me_eriador,me_enedwaith_region,347d34,no
1934,me_land_1894,Land 1894,land,583,250,0.5698925,0.4892368,65,3,me_rhovanion,me_mirkwood_region,d2b4ad,no
1935,me_land_1895,Land 1895,land,626,435,0.6119257,0.8512720,46,10,me_harad,me_near_harad_region,70ec26,no
1936,me_land_1896,Land 1896,land,521,258,0.5092864,0.5048924,52,1,me_rhovanion,me_anduin_vale_region,0f239f,no
1937,me_land_1897,Land 1897,land,659,53,0.6441838,0.1037182,56,5,me_forodwaith,me_northern_wastes_region,ad5b18,no
1938,me_land_1898,Land 1898,land,549,148,0.5366569,0.2896282,46,1,me_rhovanion,me_anduin_vale_region,4b9291,no
1939,me_land_1899,Land 1899,land,910,243,0.8895406,0.4755382,50,9,me_mordor_and_rhun,me_rhun_region,e9ca0a,no
1940,me_land_1900,Land 1900,land,667,282,0.6520039,0.5518591,49,9,me_rhovanion,me_mirkwood_region,880183,no
1941,me_land_1901,Land 1901,land,378,84,0.3695015,0.1643836,113,5,me_forodwaith,me_forochel_region,2638fc,no
1942,me_land_1902,Land 1902,land,781,142,0.7634409,0.2778865,46,9,me_mordor_and_rhun,me_rhun_region,c47075,no
1943,me_land_1903,Land 1903,land,306,292,0.2991202,0.5714286,66,1,me_eriador,me_enedwaith_region,62a7ee,no
1944,me_land_1904,Land 1904,land,253,178,0.2473118,0.3483366,53,1,me_eriador,me_lindon_region,00df67,no
1945,me_land_1905,Land 1905,land,634,153,0.6197458,0.2994129,34,3,me_rhovanion,me_dale_region,9f16e0,no
1946,me_land_1906,Land 1906,land,736,48,0.7194526,0.0939335,42,5,me_forodwaith,me_northern_wastes_region,3d4e59,no
1947,me_land_1907,Land 1907,land,658,427,0.6432063,0.8356164,46,10,me_harad,me_near_harad_region,db85d2,no
1948,me_land_1908,Land 1908,land,402,109,0.3929619,0.2133072,72,5,me_forodwaith,me_angmar_region,79bd4b,no
1949,me_land_1909,Land 1909,land,335,429,0.3274682,0.8395303,39,10,me_harad,me_umbar_region,17f4c4,no
1950,me_land_1910,Land 1910,land,407,175,0.3978495,0.3424658,39,1,me_eriador,me_north_arnor_region,b62c3d,no
1951,me_land_1911,Land 1911,land,333,278,0.3255132,0.5440313,39,1,me_eriador,me_enedwaith_region,5463b6,no
1952,me_land_1912,Land 1912,land,396,437,0.3870968,0.8551859,53,10,me_harad,me_umbar_region,f29b2f,no
1953,me_land_1913,Land 1913,land,392,329,0.3831867,0.6438356,47,1,me_eriador,me_enedwaith_region,90d2a8,no
1954,me_land_1914,Land 1914,land,897,192,0.8768328,0.3757339,65,9,me_mordor_and_rhun,me_rhun_region,2f0a21,no
1955,me_land_1915,Land 1915,land,390,62,0.3812317,0.1213307,96,5,me_forodwaith,me_angmar_region,cd419a,no
1956,me_land_1916,Land 1916,land,722,409,0.7057674,0.8003914,14,8,me_mordor_and_rhun,me_mordor_region,6b7913,no
1957,me_land_1917,Land 1917,land,522,128,0.5102639,0.2504892,51,1,me_rhovanion,me_grey_mountains_region,09b08c,no
1958,me_land_1918,Land 1918,land,575,327,0.5620723,0.6399217,24,1,me_rhovanion,me_rohan_region,a7e805,no
1959,me_land_1919,Land 1919,land,364,285,0.3558162,0.5577299,30,1,me_eriador,me_enedwaith_region,461f7e,no
1960,me_land_1920,Land 1920,land,604,306,0.5904203,0.5988258,51,9,me_rhovanion,me_rohan_region,e456f7,no
1961,me_land_1921,Land 1921,land,413,453,0.4037146,0.8864971,30,10,me_harad,me_umbar_region,828e70,no
1962,me_land_1922,Land 1922,land,826,104,0.8074291,0.2035225,43,1,me_forodwaith,me_northern_wastes_region,20c5e9,no
1963,me_land_1923,Land 1923,land,244,268,0.2385142,0.5244618,96,1,me_eriador,me_lindon_region,befd62,no
1964,me_land_1924,Land 1924,land,548,299,0.5356794,0.5851272,64,1,me_rhovanion,me_anduin_vale_region,5d34db,no
1965,me_land_1925,Land 1925,land,465,142,0.4545455,0.2778865,37,1,me_eriador,me_north_arnor_region,fb6c54,no
1966,me_land_1926,Land 1926,land,343,278,0.3352884,0.5440313,35,1,me_eriador,me_enedwaith_region,99a3cd,no
1967,me_land_1927,Land 1927,land,440,319,0.4301075,0.6242661,62,1,me_eriador,me_enedwaith_region,37db46,no
1968,me_land_1928,Land 1928,land,888,172,0.8680352,0.3365949,52,9,me_mordor_and_rhun,me_rhun_region,d612bf,no
1969,me_land_1929,Land 1929,land,648,233,0.6334311,0.4559687,100,3,me_rhovanion,me_mirkwood_region,744a38,no
1970,me_land_1930,Land 1930,land,310,429,0.3030303,0.8395303,50,1,me_harad,me_umbar_region,1281b1,no
1971,me_land_1931,Land 1931,land,300,75,0.2932551,0.1467710,85,5,me_forodwaith,me_forochel_region,b0b92a,no
1972,me_land_1932,Land 1932,land,346,165,0.3382209,0.3228963,40,1,me_eriador,me_north_arnor_region,4ef0a3,no
1973,me_land_1933,Land 1933,land,555,53,0.5425220,0.1037182,124,5,me_forodwaith,me_northern_wastes_region,ed281c,no
1974,me_land_1934,Land 1934,land,815,88,0.7966764,0.1722114,51,1,me_forodwaith,me_northern_wastes_region,8b5f95,no
1975,me_land_1935,Land 1935,land,822,296,0.8035191,0.5792564,42,9,me_mordor_and_rhun,me_mordor_region,29970e,no
1976,me_land_1936,Land 1936,land,232,305,0.2267840,0.5968689,38,1,me_eriador,me_lindon_region,c7ce87,no
1977,me_land_1937,Land 1937,land,468,358,0.4574780,0.7005871,60,1,me_gondor,me_belfalas_region,660600,no
1978,me_land_1938,Land 1938,land,391,145,0.3822092,0.2837573,42,1,me_eriador,me_north_arnor_region,043d79,no
1979,me_land_1939,Land 1939,land,541,200,0.5288368,0.3913894,36,1,me_rhovanion,me_anduin_vale_region,a274f2,no
1980,me_land_1940,Land 1940,land,356,304,0.3479961,0.5949119,52,1,me_eriador,me_enedwaith_region,40ac6b,no
1981,me_land_1941,Land 1941,land,379,257,0.3704790,0.5029354,31,1,me_eriador,me_enedwaith_region,dee3e4,no
1982,me_land_1942,Land 1942,land,813,256,0.7947214,0.5009785,43,9,me_mordor_and_rhun,me_rhun_region,7d1b5d,no
1983,me_land_1943,Land 1943,land,591,59,0.5777126,0.1154599,54,5,me_forodwaith,me_northern_wastes_region,1b52d6,no
1984,me_land_1944,Land 1944,land,836,176,0.8172043,0.3444227,43,9,me_mordor_and_rhun,me_rhun_region,b98a4f,no
1985,me_land_1945,Land 1945,land,395,248,0.3861193,0.4853229,34,1,me_eriador,me_shire_breeland_region,57c1c8,no
1986,me_land_1946,Land 1946,land,710,257,0.6940371,0.5029354,53,1,me_mordor_and_rhun,me_rhun_region,f5f941,no
1987,me_land_1947,Land 1947,land,535,473,0.5229717,0.9256360,43,10,me_harad,me_umbar_region,9430ba,no
1988,me_land_1948,Land 1948,land,385,255,0.3763441,0.4990215,41,1,me_eriador,me_enedwaith_region,326833,no
1989,me_land_1949,Land 1949,land,574,261,0.5610948,0.5107632,52,1,me_rhovanion,me_mirkwood_region,d09fac,no
1990,me_land_1950,Land 1950,land,436,413,0.4261975,0.8082192,30,1,me_gondor,me_belfalas_region,6ed725,no
1991,me_land_1951,Land 1951,land,795,304,0.7771261,0.5949119,35,9,me_mordor_and_rhun,me_mordor_region,0d0e9e,no
1992,me_land_1952,Land 1952,land,216,163,0.2111437,0.3189824,39,1,me_eriador,me_lindon_region,ab4617,no
1993,me_land_1953,Land 1953,land,871,186,0.8514174,0.3639922,53,9,me_mordor_and_rhun,me_rhun_region,497d90,no
1994,me_land_1954,Land 1954,land,620,266,0.6060606,0.5205479,31,9,me_rhovanion,me_mirkwood_region,e7b509,no
1995,me_land_1955,Land 1955,land,281,64,0.2746823,0.1252446,83,5,me_forodwaith,me_forochel_region,85ec82,no
1996,me_land_1956,Land 1956,land,348,294,0.3401760,0.5753425,52,1,me_eriador,me_enedwaith_region,2423fb,no
1997,me_land_1957,Land 1957,land,908,328,0.8875855,0.6418787,55,1,me_mordor_and_rhun,me_mordor_region,c25b74,no
1998,me_land_1958,Land 1958,land,678,141,0.6627566,0.2759295,43,1,me_rhovanion,me_dale_region,6092ed,no
1999,me_land_1959,Land 1959,land,883,290,0.8631476,0.5675147,58,9,me_mordor_and_rhun,me_rhun_region,feca66,no
2000,me_land_1960,Land 1960,land,373,279,0.3646139,0.5459883,31,1,me_eriador,me_enedwaith_region,9d01df,no
2001,me_land_1961,Land 1961,land,892,308,0.8719453,0.6027397,47,9,me_mordor_and_rhun,me_mordor_region,3b3958,no
2002,me_land_1962,Land 1962,land,464,127,0.4535679,0.2485323,37,1,me_eriador,me_north_arnor_region,d970d1,no
2003,me_land_1963,Land 1963,land,610,333,0.5962854,0.6516634,41,1,me_rhovanion,me_rohan_region,77a84a,no
2004,me_land_1964,Land 1964,land,616,458,0.6021505,0.8962818,37,10,me_harad,me_near_harad_region,15dfc3,no
2005,me_land_1965,Land 1965,land,671,172,0.6559140,0.3365949,27,3,me_rhovanion,me_dale_region,b4173c,no
2006,me_land_1966,Land 1966,land,797,325,0.7790811,0.6360078,55,8,me_mordor_and_rhun,me_mordor_region,524eb5,no
2007,me_land_1967,Land 1967,land,670,76,0.6549365,0.1487280,42,5,me_forodwaith,me_northern_wastes_region,f0862e,no
2008,me_land_1968,Land 1968,land,866,286,0.8465298,0.5596869,47,9,me_mordor_and_rhun,me_rhun_region,8ebda7,no
2009,me_land_1969,Land 1969,land,704,140,0.6881720,0.2739726,41,1,me_mordor_and_rhun,me_rhun_region,2cf520,no
2010,me_land_1970,Land 1970,land,758,327,0.7409580,0.6399217,43,8,me_mordor_and_rhun,me_mordor_region,cb2c99,no
2011,me_land_1971,Land 1971,land,542,342,0.5298143,0.6692759,32,1,me_rhovanion,me_rohan_region,696412,no
2012,me_land_1972,Land 1972,land,245,233,0.2394917,0.4559687,71,1,me_eriador,me_lindon_region,079b8b,no
2013,me_land_1973,Land 1973,land,431,64,0.4213099,0.1252446,94,5,me_forodwaith,me_angmar_region,a5d304,no
2014,me_land_1974,Land 1974,land,681,253,0.6656891,0.4951076,49,1,me_mordor_and_rhun,me_rhun_region,440a7d,no
2015,me_land_1975,Land 1975,land,539,429,0.5268817,0.8395303,18,10,me_harad,me_umbar_region,e241f6,no
2016,me_land_1976,Land 1976,land,325,255,0.3176931,0.4990215,35,1,me_eriador,me_enedwaith_region,80796f,no
2017,me_land_1977,Land 1977,land,498,212,0.4868035,0.4148728,52,1,me_eriador,me_shire_breeland_region,1eb0e8,no
2018,me_land_1978,Land 1978,land,571,194,0.5581623,0.3796477,41,3,me_rhovanion,me_mirkwood_region,bce861,no
2019,me_land_1979,Land 1979,land,707,237,0.6911046,0.4637965,33,1,me_mordor_and_rhun,me_rhun_region,5b1fda,no
2020,me_land_1980,Land 1980,land,657,405,0.6422287,0.7925636,32,1,me_gondor,me_south_gondor_region,f95753,no
2021,me_land_1981,Land 1981,land,413,146,0.4037146,0.2857143,67,1,me_eriador,me_north_arnor_region,978ecc,no
2022,me_land_1982,Land 1982,land,307,323,0.3000978,0.6320939,46,1,me_eriador,me_enedwaith_region,35c645,no
2023,me_land_1983,Land 1983,land,261,58,0.2551320,0.1135029,86,5,me_forodwaith,me_forochel_region,d3fdbe,no
2024,me_land_1984,Land 1984,land,556,191,0.5434995,0.3737769,48,3,me_rhovanion,me_mirkwood_region,723537,no
2025,me_land_1985,Land 1985,land,549,440,0.5366569,0.8610568,57,10,me_harad,me_near_harad_region,106cb0,no
2026,me_land_1986,Land 1986,land,497,122,0.4858260,0.2387476,65,1,me_eriador,me_north_arnor_region,aea429,no
2027,me_land_1987,Land 1987,land,650,211,0.6353861,0.4129159,51,3,me_rhovanion,me_dale_region,4cdba2,no
2028,me_land_1988,Land 1988,land,680,267,0.6647116,0.5225049,59,1,me_rhovanion,me_mirkwood_region,eb131b,no
2029,me_land_1989,Land 1989,land,412,83,0.4027370,0.1624266,95,5,me_forodwaith,me_angmar_region,894a94,no
2030,me_land_1990,Land 1990,land,328,315,0.3206256,0.6164384,63,1,me_eriador,me_enedwaith_region,27820d,no
2031,me_land_1991,Land 1991,land,296,130,0.2893451,0.2544031,35,1,me_eriador,me_lindon_region,c5b986,no
2032,me_land_1992,Land 1992,land,685,448,0.6695992,0.8767123,50,10,me_harad,me_near_harad_region,63f0ff,no
2033,me_land_1993,Land 1993,land,415,134,0.4056696,0.2622309,36,1,me_eriador,me_north_arnor_region,022878,no
2034,me_land_1994,Land 1994,land,229,62,0.2238514,0.1213307,121,5,me_forodwaith,me_forochel_region,a05ff1,no
2035,me_land_1995,Land 1995,land,404,293,0.3949169,0.5733855,40,1,me_eriador,me_enedwaith_region,3e976a,no
2036,me_land_1996,Land 1996,land,308,333,0.3010753,0.6516634,37,1,me_eriador,me_enedwaith_region,dccee3,no
2037,me_land_1997,Land 1997,land,593,445,0.5796676,0.8708415,39,10,me_harad,me_near_harad_region,7b065c,no
2038,me_land_1998,Land 1998,land,584,121,0.5708700,0.2367906,50,1,me_rhovanion,me_grey_mountains_region,193dd5,no
2039,me_land_1999,Land 1999,land,458,463,0.4477028,0.9060665,38,10,me_harad,me_umbar_region,b7754e,no
2040,me_land_2000,Land 2000,land,353,337,0.3450635,0.6594912,33,1,me_gondor,me_belfalas_region,55acc7,no
2041,me_land_2001,Land 2001,land,393,159,0.3841642,0.3111546,45,1,me_eriador,me_north_arnor_region,f3e440,no
2042,me_land_2002,Land 2002,land,470,303,0.4594330,0.5929550,38,1,me_eriador,me_enedwaith_region,921bb9,no
2043,me_land_2003,Land 2003,land,512,280,0.5004888,0.5479452,55,1,me_rhovanion,me_anduin_vale_region,305332,no
2044,me_land_2004,Land 2004,land,805,372,0.7869013,0.7279843,27,8,me_mordor_and_rhun,me_mordor_region,ce8aab,no
2045,me_land_2005,Land 2005,land,720,328,0.7038123,0.6418787,58,8,me_mordor_and_rhun,me_mordor_region,6cc224,no
2046,me_land_2006,Land 2006,land,557,176,0.5444770,0.3444227,38,3,me_rhovanion,me_mirkwood_region,0af99d,no
2047,me_land_2007,Land 2007,land,835,302,0.8162268,0.5909980,42,9,me_mordor_and_rhun,me_mordor_region,a93116,no
2048,me_land_2008,Land 2008,land,296,237,0.2893451,0.4637965,66,1,me_eriador,me_lindon_region,47688f,no
2049,me_land_2009,Land 2009,land,335,421,0.3274682,0.8238748,32,1,me_gondor,me_belfalas_region,e5a008,no
2050,me_land_2010,Land 2010,land,568,140,0.5552297,0.2739726,30,1,me_rhovanion,me_mirkwood_region,83d781,no
2051,me_land_2011,Land 2011,land,873,97,0.8533724,0.1898239,18,1,me_forodwaith,me_northern_wastes_region,220efa,no
2052,me_land_2012,Land 2012,land,811,155,0.7927664,0.3033268,41,9,me_mordor_and_rhun,me_rhun_region,c04673,no
2053,me_land_2013,Land 2013,land,848,273,0.8289345,0.5342466,38,9,me_mordor_and_rhun,me_rhun_region,5e7dec,no
2054,me_land_2014,Land 2014,land,599,119,0.5855327,0.2328767,48,1,me_forodwaith,me_northern_wastes_region,fcb565,no
2055,me_land_2015,Land 2015,land,351,116,0.3431085,0.2270059,68,5,me_forodwaith,me_forochel_region,9aecde,no
2056,me_land_2016,Land 2016,land,739,280,0.7223851,0.5479452,34,9,me_mordor_and_rhun,me_rhun_region,392457,no
2057,me_land_2017,Land 2017,land,528,479,0.5161290,0.9373777,109,10,me_harad,me_umbar_region,d75bd0,no
2058,me_land_2018,Land 2018,land,563,125,0.5503421,0.2446184,42,1,me_rhovanion,me_grey_mountains_region,759349,no
2059,me_land_2019,Land 2019,land,746,361,0.7292278,0.7064579,61,8,me_mordor_and_rhun,me_mordor_region,13cac2,no
2060,me_land_2020,Land 2020,land,566,294,0.5532747,0.5753425,34,1,me_rhovanion,me_anduin_vale_region,b2023b,no
2061,me_land_2021,Land 2021,land,570,273,0.5571848,0.5342466,21,1,me_rhovanion,me_mirkwood_region,5039b4,no
2062,me_land_2022,Land 2022,land,643,421,0.6285435,0.8238748,65,1,me_gondor,me_south_gondor_region,ee712d,no
2063,me_land_2023,Land 2023,land,407,346,0.3978495,0.6771037,53,1,me_gondor,me_belfalas_region,8ca8a6,no
2064,me_land_2024,Land 2024,land,621,229,0.6070381,0.4481409,48,3,me_rhovanion,me_mirkwood_region,2ae01f,no
2065,me_land_2025,Land 2025,land,647,142,0.6324536,0.2778865,45,3,me_rhovanion,me_dale_region,c91798,no
2066,me_land_2026,Land 2026,land,392,427,0.3831867,0.8356164,50,10,me_harad,me_umbar_region,674f11,no
2067,me_land_2027,Land 2027,land,446,461,0.4359726,0.9021526,33,10,me_harad,me_umbar_region,05868a,no
2068,me_land_2028,Land 2028,land,613,171,0.5992180,0.3346380,48,3,me_rhovanion,me_mirkwood_region,a3be03,no
2069,me_land_2029,Land 2029,land,506,233,0.4946237,0.4559687,35,1,me_eriador,me_enedwaith_region,41f57c,no
2070,me_land_2030,Land 2030,land,406,216,0.3968719,0.4227006,54,1,me_eriador,me_shire_breeland_region,e02cf5,no
2071,me_land_2031,Land 2031,land,312,267,0.3049853,0.5225049,42,1,me_eriador,me_enedwaith_region,7e646e,no
2072,me_land_2032,Land 2032,land,470,442,0.4594330,0.8649706,38,10,me_harad,me_umbar_region,1c9be7,no
2073,me_land_2033,Land 2033,land,492,471,0.4809384,0.9217221,27,10,me_harad,me_umbar_region,bad360,no
2074,me_land_2034,Land 2034,land,695,71,0.6793744,0.1389432,151,5,me_forodwaith,me_northern_wastes_region,590ad9,no
2075,me_land_2035,Land 2035,land,861,256,0.8416422,0.5009785,45,9,me_mordor_and_rhun,me_rhun_region,f74252,no
2076,me_land_2036,Land 2036,land,370,200,0.3616813,0.3913894,42,3,me_eriador,me_shire_breeland_region,9579cb,no
2077,me_land_2037,Land 2037,land,389,297,0.3802542,0.5812133,32,1,me_eriador,me_enedwaith_region,33b144,no
2078,me_land_2038,Land 2038,land,927,268,0.9061584,0.5244618,26,1,me_mordor_and_rhun,me_rhun_region,d1e8bd,no
2079,me_land_2039,Land 2039,land,240,248,0.2346041,0.4853229,59,1,me_eriador,me_lindon_region,702036,no
2080,me_land_2040,Land 2040,land,301,274,0.2942326,0.5362035,37,1,me_eriador,me_enedwaith_region,0e57af,no
2081,me_land_2041,Land 2041,land,413,93,0.4037146,0.1819961,54,5,me_forodwaith,me_angmar_region,ac8f28,no
2082,me_land_2042,Land 2042,land,628,337,0.6138807,0.6594912,34,1,me_rhovanion,me_rohan_region,4ac6a1,no
2083,me_land_2043,Land 2043,land,507,456,0.4956012,0.8923679,36,10,me_harad,me_umbar_region,e8fe1a,no
2084,me_land_2044,Land 2044,land,675,166,0.6598240,0.3248532,29,3,me_rhovanion,me_dale_region,873593,no
2085,me_land_2045,Land 2045,land,256,131,0.2502444,0.2563601,42,1,me_eriador,me_lindon_region,256d0c,no
2086,me_land_2046,Land 2046,land,546,381,0.5337243,0.7455969,31,1,me_rhovanion,me_rohan_region,c3a485,no
2087,me_land_2047,Land 2047,land,335,204,0.3274682,0.3992172,34,1,me_eriador,me_shire_breeland_region,61dbfe,no
2088,me_land_2048,Land 2048,land,359,200,0.3509286,0.3913894,38,3,me_eriador,me_shire_breeland_region,001377,no
2089,me_land_2049,Land 2049,land,583,297,0.5698925,0.5812133,65,9,me_rhovanion,me_anduin_vale_region,9e4af0,no
2090,me_land_2050,Land 2050,land,398,209,0.3890518,0.4090020,34,1,me_eriador,me_shire_breeland_region,3c8269,no
2091,me_land_2051,Land 2051,land,832,333,0.8132942,0.6516634,40,1,me_mordor_and_rhun,me_mordor_region,dab9e2,no
2092,me_land_2052,Land 2052,land,644,409,0.6295210,0.8003914,30,1,me_gondor,me_south_gondor_region,78f15b,no
2093,me_land_2053,Land 2053,land,523,200,0.5112414,0.3913894,65,1,me_rhovanion,me_anduin_vale_region,1728d4,no
2094,me_land_2054,Land 2054,land,919,237,0.8983382,0.4637965,32,9,me_mordor_and_rhun,me_rhun_region,b5604d,no
2095,me_land_2055,Land 2055,land,306,67,0.2991202,0.1311155,64,5,me_forodwaith,me_forochel_region,5397c6,no
2096,me_land_2056,Land 2056,land,669,155,0.6539589,0.3033268,37,3,me_rhovanion,me_dale_region,f1cf3f,no
2097,me_land_2057,Land 2057,land,539,262,0.5268817,0.5127202,29,1,me_rhovanion,me_anduin_vale_region,9006b8,no
2098,me_land_2058,Land 2058,land,438,223,0.4281525,0.4363992,32,1,me_eriador,me_shire_breeland_region,2e3e31,no
2099,me_land_2059,Land 2059,land,738,142,0.7214076,0.2778865,54,9,me_mordor_and_rhun,me_rhun_region,cc75aa,no
2100,me_land_2060,Land 2060,land,412,227,0.4027370,0.4442270,29,1,me_eriador,me_shire_breeland_region,6aad23,no
2101,me_land_2061,Land 2061,land,680,249,0.6647116,0.4872798,36,1,me_rhovanion,me_mirkwood_region,08e49c,no
2102,me_land_2062,Land 2062,land,495,245,0.4838710,0.4794521,33,1,me_eriador,me_shire_breeland_region,a71c15,no
2103,me_land_2063,Land 2063,land,484,168,0.4731183,0.3287671,35,1,me_eriador,me_north_arnor_region,45538e,no
2104,me_land_2064,Land 2064,land,337,347,0.3294233,0.6790607,41,1,me_gondor,me_belfalas_region,e38b07,no
2105,me_land_2065,Land 2065,land,631,351,0.6168133,0.6868885,76,1,me_gondor,me_anorien_region,81c280,no
2106,me_land_2066,Land 2066,land,814,289,0.7956989,0.5655577,48,9,me_mordor_and_rhun,me_rhun_region,1ff9f9,no
2107,me_land_2067,Land 2067,land,685,483,0.6695992,0.9452055,75,10,me_harad,me_far_harad_region,be3172,no
2108,me_land_2068,Land 2068,land,368,215,0.3597263,0.4207436,27,3,me_eriador,me_shire_breeland_region,5c68eb,no
2109,me_land_2069,Land 2069,land,380,156,0.3714565,0.3052838,45,1,me_eriador,me_north_arnor_region,faa064,no
2110,me_land_2070,Land 2070,land,384,266,0.3753666,0.5205479,30,1,me_eriador,me_enedwaith_region,98d7dd,no
2111,me_land_2071,Land 2071,land,816,284,0.7976540,0.5557730,80,9,me_mordor_and_rhun,me_rhun_region,370f56,no
2112,me_land_2072,Land 2072,land,507,422,0.4956012,0.8258317,18,1,me_gondor,me_belfalas_region,d546cf,no
2113,me_land_2073,Land 2073,land,739,323,0.7223851,0.6320939,34,8,me_mordor_and_rhun,me_mordor_region,737e48,no
2114,me_land_2074,Land 2074,land,254,251,0.2482893,0.4911937,37,1,me_eriador,me_lindon_region,11b5c1,no
2115,me_land_2075,Land 2075,land,504,329,0.4926686,0.6438356,31,3,me_rhovanion,me_rohan_region,afed3a,no
2116,me_land_2076,Land 2076,land,693,425,0.6774194,0.8317025,75,10,me_harad,me_near_harad_region,4e24b3,no
2117,me_land_2077,Land 2077,land,362,345,0.3538612,0.6751468,51,1,me_gondor,me_belfalas_region,ec5c2c,no
2118,me_land_2078,Land 2078,land,324,308,0.3167155,0.6027397,63,1,me_eriador,me_enedwaith_region,8a93a5,no
2119,me_land_2079,Land 2079,land,388,267,0.3792766,0.5225049,54,1,me_eriador,me_enedwaith_region,28cb1e,no
2120,me_land_2080,Land 2080,land,462,299,0.4516129,0.5851272,54,1,me_eriador,me_enedwaith_region,c70297,no
2121,me_land_2081,Land 2081,land,849,151,0.8299120,0.2954990,27,9,me_mordor_and_rhun,me_rhun_region,653a10,no
2122,me_land_2082,Land 2082,land,550,191,0.5376344,0.3737769,32,1,me_rhovanion,me_anduin_vale_region,037189,no
2123,me_land_2083,Land 2083,land,419,439,0.4095797,0.8590998,34,10,me_harad,me_umbar_region,a1a902,no
2124,me_land_2084,Land 2084,land,573,378,0.5601173,0.7397260,50,1,me_rhovanion,me_rohan_region,3fe07b,no
2125,me_land_2085,Land 2085,land,785,489,0.7673509,0.9569472,68,10,me_harad,me_far_harad_region,de17f4,no
2126,me_land_2086,Land 2086,land,538,342,0.5259042,0.6692759,20,1,me_rhovanion,me_rohan_region,7c4f6d,no
2127,me_land_2087,Land 2087,land,347,231,0.3391984,0.4520548,32,1,me_eriador,me_shire_breeland_region,1a86e6,no
2128,me_land_2088,Land 2088,land,567,453,0.5542522,0.8864971,43,10,me_harad,me_near_harad_region,b8be5f,no
2129,me_land_2089,Land 2089,land,419,426,0.4095797,0.8336595,40,10,me_harad,me_umbar_region,56f5d8,no
2130,me_land_2090,Land 2090,land,352,152,0.3440860,0.2974560,52,1,me_eriador,me_north_arnor_region,f52d51,no
2131,me_land_2091,Land 2091,land,583,428,0.5698925,0.8375734,30,10,me_harad,me_near_harad_region,9364ca,no
2132,me_land_2092,Land 2092,land,655,197,0.6402737,0.3855186,26,3,me_rhovanion,me_dale_region,319c43,no
2133,me_land_2093,Land 2093,land,644,89,0.6295210,0.1741683,123,5,me_forodwaith,me_northern_wastes_region,cfd3bc,no
2134,me_land_2094,Land 2094,land,734,228,0.7174976,0.4461840,45,9,me_mordor_and_rhun,me_rhun_region,6e0b35,no
2135,me_land_2095,Land 2095,land,847,424,0.8279570,0.8297456,34,10,me_mordor_and_rhun,me_khand_region,0c42ae,no
2136,me_land_2096,Land 2096,land,677,162,0.6617791,0.3170254,28,1,me_rhovanion,me_dale_region,aa7a27,no
2137,me_land_2097,Land 2097,land,834,110,0.8152493,0.2152642,36,1,me_forodwaith,me_northern_wastes_region,48b1a0,no
2138,me_land_2098,Land 2098,land,483,340,0.4721408,0.6653620,17,4,me_rhovanion,me_rohan_region,e6e919,no
2139,me_land_2099,Land 2099,land,823,279,0.8044966,0.5459883,68,9,me_mordor_and_rhun,me_rhun_region,852092,no
2140,me_land_2100,Land 2100,land,664,241,0.6490714,0.4716243,63,3,me_rhovanion,me_mirkwood_region,23580b,no
2141,me_land_2101,Land 2101,land,282,228,0.2756598,0.4461840,29,1,me_eriador,me_lindon_region,c18f84,no
2142,me_land_2102,Land 2102,land,463,265,0.4525904,0.5185910,51,1,me_eriador,me_enedwaith_region,5fc6fd,no
2143,me_land_2103,Land 2103,land,689,169,0.6735093,0.3307241,32,1,me_mordor_and_rhun,me_rhun_region,fdfe76,no
2144,me_land_2104,Land 2104,land,762,484,0.7448680,0.9471624,43,10,me_harad,me_far_harad_region,9c35ef,no
2145,me_land_2105,Land 2105,land,619,321,0.6050831,0.6281800,67,1,me_rhovanion,me_rohan_region,3a6d68,no
2146,me_land_2106,Land 2106,land,390,34,0.3812317,0.0665362,111,5,me_forodwaith,me_angmar_region,d8a4e1,no
2147,me_land_2107,Land 2107,land,874,336,0.8543500,0.6575342,59,1,me_mordor_and_rhun,me_mordor_region,76dc5a,no
2148,me_land_2108,Land 2108,land,851,387,0.8318671,0.7573386,36,1,me_mordor_and_rhun,me_mordor_region,1513d3,no
2149,me_land_2109,Land 2109,land,748,138,0.7311828,0.2700587,39,9,me_mordor_and_rhun,me_rhun_region,b34b4c,no
2150,me_land_2110,Land 2110,land,669,231,0.6539589,0.4520548,83,3,me_rhovanion,me_mirkwood_region,5182c5,no
2151,me_land_2111,Land 2111,land,279,252,0.2727273,0.4931507,59,1,me_eriador,me_lindon_region,efba3e,no
2152,me_land_2112,Land 2112,land,858,296,0.8387097,0.5792564,37,9,me_mordor_and_rhun,me_mordor_region,8df1b7,no
2153,me_land_2113,Land 2113,land,555,242,0.5425220,0.4735812,34,1,me_rhovanion,me_mirkwood_region,2c2930,no
2154,me_land_2114,Land 2114,land,341,179,0.3333333,0.3502935,36,1,me_eriador,me_shire_breeland_region,ca60a9,no
2155,me_land_2115,Land 2115,land,519,338,0.5073314,0.6614481,46,1,me_rhovanion,me_rohan_region,689822,no
2156,me_land_2116,Land 2116,land,581,215,0.5679374,0.4207436,86,3,me_rhovanion,me_mirkwood_region,06cf9b,no
2157,me_land_2117,Land 2117,land,871,341,0.8514174,0.6673190,59,1,me_mordor_and_rhun,me_mordor_region,a50714,no
2158,me_land_2118,Land 2118,land,764,177,0.7468231,0.3463796,38,9,me_mordor_and_rhun,me_rhun_region,433e8d,no
2159,me_land_2119,Land 2119,land,578,371,0.5650049,0.7260274,68,1,me_rhovanion,me_rohan_region,e17606,no
2160,me_land_2120,Land 2120,land,317,303,0.3098729,0.5929550,67,1,me_eriador,me_enedwaith_region,7fad7f,no
2161,me_land_2121,Land 2121,land,824,262,0.8054741,0.5127202,79,9,me_mordor_and_rhun,me_rhun_region,1de4f8,no
2162,me_land_2122,Land 2122,land,811,310,0.7927664,0.6066536,93,9,me_mordor_and_rhun,me_mordor_region,bc1c71,no
2163,me_land_2123,Land 2123,land,471,193,0.4604106,0.3776908,32,1,me_eriador,me_shire_breeland_region,5a53ea,no
2164,me_land_2124,Land 2124,land,555,181,0.5425220,0.3542074,43,3,me_rhovanion,me_mirkwood_region,f88b63,no
2165,me_land_2125,Land 2125,land,549,286,0.5366569,0.5596869,50,1,me_rhovanion,me_anduin_vale_region,96c2dc,no
2166,me_land_2126,Land 2126,land,417,159,0.4076246,0.3111546,34,1,me_eriador,me_north_arnor_region,34fa55,no
2167,me_land_2127,Land 2127,land,375,220,0.3665689,0.4305284,49,3,me_eriador,me_shire_breeland_region,d331ce,no
2168,me_land_2128,Land 2128,land,865,194,0.8455523,0.3796477,44,9,me_mordor_and_rhun,me_rhun_region,716947,no
2169,me_land_2129,Land 2129,land,514,67,0.5024438,0.1311155,78,5,me_forodwaith,me_angmar_region,0fa0c0,no
2170,me_land_2130,Land 2130,land,287,51,0.2805474,0.0998043,82,5,me_forodwaith,me_forochel_region,add839,no
2171,me_land_2131,Land 2131,land,656,292,0.6412512,0.5714286,48,9,me_rhovanion,me_brown_lands_region,4c0fb2,no
2172,me_land_2132,Land 2132,land,683,460,0.6676442,0.9001957,107,10,me_harad,me_near_harad_region,ea472b,no
2173,me_land_2133,Land 2133,land,383,260,0.3743891,0.5088063,39,1,me_eriador,me_enedwaith_region,887ea4,no
2174,me_land_2134,Land 2134,land,502,487,0.4907136,0.9530333,84,10,me_harad,me_umbar_region,26b61d,no
2175,me_land_2135,Land 2135,land,884,336,0.8641251,0.6575342,47,1,me_mordor_and_rhun,me_mordor_region,c4ed96,no
2176,me_land_2136,Land 2136,land,883,347,0.8631476,0.6790607,42,1,me_mordor_and_rhun,me_mordor_region,63250f,no
2177,me_land_2137,Land 2137,land,473,289,0.4623656,0.5655577,34,1,me_rhovanion,me_anduin_vale_region,015c88,no
2178,me_land_2138,Land 2138,land,606,411,0.5923754,0.8043053,30,1,me_gondor,me_lebennin_region,9f9401,no
2179,me_land_2139,Land 2139,land,373,463,0.3646139,0.9060665,47,10,me_harad,me_umbar_region,3dcb7a,no
2180,me_land_2140,Land 2140,land,805,138,0.7869013,0.2700587,53,9,me_mordor_and_rhun,me_rhun_region,dc02f3,no
2181,me_land_2141,Land 2141,land,758,119,0.7409580,0.2328767,71,1,me_forodwaith,me_northern_wastes_region,7a3a6c,no
2182,me_land_2142,Land 2142,land,515,197,0.5034213,0.3855186,41,1,me_rhovanion,me_anduin_vale_region,1871e5,no
2183,me_land_2143,Land 2143,land,414,257,0.4046921,0.5029354,42,1,me_eriador,me_enedwaith_region,b6a95e,no
2184,me_land_2144,Land 2144,land,824,179,0.8054741,0.3502935,54,9,me_mordor_and_rhun,me_rhun_region,54e0d7,no
2185,me_land_2145,Land 2145,land,763,262,0.7458456,0.5127202,45,9,me_mordor_and_rhun,me_rhun_region,f31850,no
2186,me_land_2146,Land 2146,land,864,216,0.8445748,0.4227006,51,9,me_mordor_and_rhun,me_rhun_region,914fc9,no
2187,me_land_2147,Land 2147,land,748,341,0.7311828,0.6673190,51,8,me_mordor_and_rhun,me_mordor_region,2f8742,no
2188,me_land_2148,Land 2148,land,669,389,0.6539589,0.7612524,27,1,me_gondor,me_ithilien_region,cdbebb,no
2189,me_land_2149,Land 2149,land,633,390,0.6187683,0.7632094,22,1,me_gondor,me_south_gondor_region,6bf634,no
2190,me_land_2150,Land 2150,land,404,429,0.3949169,0.8395303,41,10,me_harad,me_umbar_region,0a2dad,no
2191,me_land_2151,Land 2151,land,828,187,0.8093842,0.3659491,59,9,me_mordor_and_rhun,me_rhun_region,a86526,no
2192,me_land_2152,Land 2152,land,547,368,0.5347019,0.7201566,35,1,me_rhovanion,me_rohan_region,469c9f,no
2193,me_land_2153,Land 2153,land,277,298,0.2707722,0.5831703,68,1,me_eriador,me_lindon_region,e4d418,no
2194,me_land_2154,Land 2154,land,493,147,0.4819159,0.2876712,37,1,me_eriador,me_north_arnor_region,830b91,no
2195,me_land_2155,Land 2155,land,824,175,0.8054741,0.3424658,44,9,me_mordor_and_rhun,me_rhun_region,21430a,no
2196,me_land_2156,Land 2156,land,791,372,0.7732160,0.7279843,53,8,me_mordor_and_rhun,me_mordor_region,bf7a83,no
2197,me_land_2157,Land 2157,land,274,280,0.2678397,0.5479452,39,1,me_eriador,me_lindon_region,5db1fc,no
2198,me_land_2158,Land 2158,land,755,81,0.7380254,0.1585127,73,5,me_forodwaith,me_northern_wastes_region,fbe975,no
2199,me_land_2159,Land 2159,land,815,372,0.7966764,0.7279843,14,8,me_mordor_and_rhun,me_mordor_region,9a20ee,no
2200,me_land_2160,Land 2160,land,620,481,0.6060606,0.9412916,39,10,me_harad,me_far_harad_region,385867,no
2201,me_land_2161,Land 2161,land,395,204,0.3861193,0.3992172,45,1,me_eriador,me_shire_breeland_region,d68fe0,no
2202,me_land_2162,Land 2162,land,620,419,0.6060606,0.8199609,20,1,me_gondor,me_south_gondor_region,74c759,no
2203,me_land_2163,Land 2163,land,398,262,0.3890518,0.5127202,44,1,me_eriador,me_enedwaith_region,12fed2,no
2204,me_land_2164,Land 2164,land,856,182,0.8367546,0.3561644,61,9,me_mordor_and_rhun,me_rhun_region,b1364b,no
2205,me_land_2165,Land 2165,land,534,429,0.5219941,0.8395303,13,10,me_harad,me_umbar_region,4f6dc4,no
2206,me_land_2166,Land 2166,land,311,76,0.3040078,0.1487280,106,5,me_forodwaith,me_forochel_region,eda53d,no
2207,me_land_2167,Land 2167,land,611,386,0.5972630,0.7553816,46,1,me_gondor,me_lebennin_region,8bdcb6,no
2208,me_land_2168,Land 2168,land,887,184,0.8670577,0.3600783,63,9,me_mordor_and_rhun,me_rhun_region,2a142f,no
2209,me_land_2169,Land 2169,land,769,71,0.7517107,0.1389432,88,5,me_forodwaith,me_northern_wastes_region,c84ba8,no
2210,me_land_2170,Land 2170,land,367,437,0.3587488,0.8551859,56,10,me_harad,me_umbar_region,668321,no
2211,me_land_2171,Land 2171,land,356,312,0.3479961,0.6105675,55,1,me_eriador,me_enedwaith_region,04ba9a,no
2212,me_land_2172,Land 2172,land,878,236,0.8582600,0.4618395,42,9,me_mordor_and_rhun,me_rhun_region,a2f213,no
2213,me_land_2173,Land 2173,land,402,181,0.3929619,0.3542074,51,1,me_eriador,me_shire_breeland_region,41298c,no
2214,me_land_2174,Land 2174,land,478,460,0.4672532,0.9001957,25,10,me_harad,me_umbar_region,df6105,no
2215,me_land_2175,Land 2175,land,574,121,0.5610948,0.2367906,51,1,me_rhovanion,me_grey_mountains_region,7d987e,no
2216,me_land_2176,Land 2176,land,737,354,0.7204301,0.6927593,43,8,me_mordor_and_rhun,me_mordor_region,1bcff7,no
2217,me_land_2177,Land 2177,land,498,361,0.4868035,0.7064579,37,1,me_rhovanion,me_rohan_region,ba0770,no
2218,me_land_2178,Land 2178,land,488,364,0.4770283,0.7123288,28,1,me_rhovanion,me_rohan_region,583ee9,no
2219,me_land_2179,Land 2179,land,695,277,0.6793744,0.5420744,50,1,me_mordor_and_rhun,me_rhun_region,f67662,no
2220,me_land_2180,Land 2180,land,755,285,0.7380254,0.5577299,43,9,me_mordor_and_rhun,me_rhun_region,94addb,no
2221,me_land_2181,Land 2181,land,852,391,0.8328446,0.7651663,60,1,me_mordor_and_rhun,me_mordor_region,32e554,no
2222,me_land_2182,Land 2182,land,385,201,0.3763441,0.3933464,40,3,me_eriador,me_shire_breeland_region,d11ccd,no
2223,me_land_2183,Land 2183,land,378,269,0.3695015,0.5264188,32,1,me_eriador,me_enedwaith_region,6f5446,no
2224,me_land_2184,Land 2184,land,601,166,0.5874878,0.3248532,118,3,me_rhovanion,me_mirkwood_region,0d8bbf,no
2225,me_land_2185,Land 2185,land,656,209,0.6412512,0.4090020,50,3,me_rhovanion,me_dale_region,abc338,no
2226,me_land_2186,Land 2186,land,484,112,0.4731183,0.2191781,64,5,me_forodwaith,me_angmar_region,49fab1,no
2227,me_land_2187,Land 2187,land,402,284,0.3929619,0.5557730,36,1,me_eriador,me_enedwaith_region,e8322a,no
2228,me_land_2188,Land 2188,land,465,131,0.4545455,0.2563601,31,1,me_eriador,me_north_arnor_region,8669a3,no
2229,me_land_2189,Land 2189,land,265,140,0.2590420,0.2739726,46,1,me_eriador,me_lindon_region,24a11c,no
2230,me_land_2190,Land 2190,land,214,198,0.2091887,0.3874755,34,1,me_eriador,me_lindon_region,c2d895,no
2231,me_land_2191,Land 2191,land,488,196,0.4770283,0.3835616,47,1,me_eriador,me_shire_breeland_region,61100e,no
2232,me_land_2192,Land 2192,land,535,55,0.5229717,0.1076321,113,5,me_forodwaith,me_angmar_region,ff4787,no
2233,me_land_2193,Land 2193,land,600,53,0.5865103,0.1037182,83,5,me_forodwaith,me_northern_wastes_region,9d7f00,no
2234,me_land_2194,Land 2194,land,443,432,0.4330401,0.8454012,68,10,me_harad,me_umbar_region,3bb679,no
2235,me_land_2195,Land 2195,land,775,486,0.7575758,0.9510763,52,10,me_harad,me_far_harad_region,d9edf2,no
2236,me_land_2196,Land 2196,land,376,274,0.3675464,0.5362035,36,1,me_eriador,me_enedwaith_region,78256b,no
2237,me_land_2197,Land 2197,land,882,151,0.8621701,0.2954990,37,9,me_mordor_and_rhun,me_rhun_region,165ce4,no
2238,me_land_2198,Land 2198,land,869,308,0.8494624,0.6027397,43,9,me_mordor_and_rhun,me_mordor_region,b4945d,no
2239,me_land_2199,Land 2199,land,860,284,0.8406647,0.5557730,52,9,me_mordor_and_rhun,me_rhun_region,52cbd6,no
2240,me_land_2200,Land 2200,land,717,156,0.7008798,0.3052838,43,9,me_mordor_and_rhun,me_rhun_region,f1034f,no
2241,me_land_2201,Land 2201,land,817,114,0.7986315,0.2230920,42,1,me_forodwaith,me_northern_wastes_region,8f3ac8,no
2242,me_land_2202,Land 2202,land,697,266,0.6813294,0.5205479,38,1,me_mordor_and_rhun,me_rhun_region,2d7241,no
2243,me_land_2203,Land 2203,land,569,104,0.5562072,0.2035225,161,5,me_forodwaith,me_northern_wastes_region,cba9ba,no
2244,me_land_2204,Land 2204,land,303,234,0.2961877,0.4579256,35,1,me_eriador,me_shire_breeland_region,69e133,no
2245,me_land_2205,Land 2205,land,239,278,0.2336266,0.5440313,50,1,me_eriador,me_lindon_region,0818ac,no
2246,me_land_2206,Land 2206,land,690,198,0.6744868,0.3874755,27,1,me_mordor_and_rhun,me_rhun_region,a65025,no
2247,me_land_2207,Land 2207,land,754,498,0.7370479,0.9745597,22,10,me_harad,me_far_harad_region,44879e,no
2248,me_land_2208,Land 2208,land,445,451,0.4349951,0.8825832,29,10,me_harad,me_umbar_region,e2bf17,no
2249,me_land_2209,Land 2209,land,506,477,0.4946237,0.9334638,55,10,me_harad,me_umbar_region,80f690,no
2250,me_land_2210,Land 2210,land,446,368,0.4359726,0.7201566,44,1,me_gondor,me_belfalas_region,1f2e09,no
2251,me_land_2211,Land 2211,land,288,257,0.2815249,0.5029354,45,1,me_eriador,me_lindon_region,bd6582,no
2252,me_land_2212,Land 2212,land,423,31,0.4134897,0.0606654,54,5,me_forodwaith,me_angmar_region,5b9cfb,no
2253,me_land_2213,Land 2213,land,796,156,0.7781036,0.3052838,47,9,me_mordor_and_rhun,me_rhun_region,f9d474,no
2254,me_land_2214,Land 2214,land,675,249,0.6598240,0.4872798,39,1,me_rhovanion,me_mirkwood_region,980bed,no
2255,me_land_2215,Land 2215,land,672,53,0.6568915,0.1037182,134,5,me_forodwaith,me_northern_wastes_region,364366,no
2256,me_land_2216,Land 2216,land,449,208,0.4389052,0.4070450,31,1,me_eriador,me_shire_breeland_region,d47adf,no
2257,me_land_2217,Land 2217,land,499,193,0.4877810,0.3776908,40,1,me_eriador,me_shire_breeland_region,72b258,no
2258,me_land_2218,Land 2218,land,578,43,0.5650049,0.0841487,64,5,me_forodwaith,me_northern_wastes_region,10e9d1,no
2259,me_land_2219,Land 2219,land,443,211,0.4330401,0.4129159,34,1,me_eriador,me_shire_breeland_region,af214a,no
2260,me_land_2220,Land 2220,land,866,404,0.8465298,0.7906067,56,1,me_mordor_and_rhun,me_mordor_region,4d58c3,no
2261,me_land_2221,Land 2221,land,638,289,0.6236559,0.5655577,49,9,me_rhovanion,me_brown_lands_region,eb903c,no
2262,me_land_2222,Land 2222,land,284,269,0.2776149,0.5264188,67,1,me_eriador,me_lindon_region,89c7b5,no
2263,me_land_2223,Land 2223,land,284,68,0.2776149,0.1330724,47,5,me_forodwaith,me_forochel_region,27ff2e,no
2264,me_land_2224,Land 2224,land,389,191,0.3802542,0.3737769,47,1,me_eriador,me_shire_breeland_region,c636a7,no
2265,me_land_2225,Land 2225,land,666,306,0.6510264,0.5988258,43,9,me_rhovanion,me_rohan_region,646e20,no
2266,me_land_2226,Land 2226,land,470,320,0.4594330,0.6262231,41,1,me_eriador,me_enedwaith_region,02a599,no
2267,me_land_2227,Land 2227,land,710,375,0.6940371,0.7338552,27,8,me_mordor_and_rhun,me_mordor_region,a0dd12,no
2268,me_land_2228,Land 2228,land,574,289,0.5610948,0.5655577,50,9,me_rhovanion,me_anduin_vale_region,3f148b,no
2269,me_land_2229,Land 2229,land,852,305,0.8328446,0.5968689,45,9,me_mordor_and_rhun,me_mordor_region,dd4c04,no
2270,me_land_2230,Land 2230,land,804,483,0.7859238,0.9452055,26,10,me_harad,me_far_harad_region,7b837d,no
2271,me_land_2231,Land 2231,land,849,98,0.8299120,0.1917808,56,1,me_forodwaith,me_northern_wastes_region,19baf6,no
2272,me_land_2232,Land 2232,land,839,272,0.8201369,0.5322896,47,9,me_mordor_and_rhun,me_rhun_region,b7f26f,no
2273,me_land_2233,Land 2233,land,365,117,0.3567937,0.2289628,41,5,me_forodwaith,me_forochel_region,5629e8,no
2274,me_land_2234,Land 2234,land,611,370,0.5972630,0.7240705,23,1,me_rhovanion,me_rohan_region,f46161,no
2275,me_land_2235,Land 2235,land,431,321,0.4213099,0.6281800,26,1,me_eriador,me_enedwaith_region,9298da,no
2276,me_land_2236,Land 2236,land,861,327,0.8416422,0.6399217,49,1,me_mordor_and_rhun,me_mordor_region,30d053,no
2277,me_land_2237,Land 2237,land,586,330,0.5728250,0.6457926,39,1,me_rhovanion,me_rohan_region,cf07cc,no
2278,me_land_2238,Land 2238,land,377,198,0.3685239,0.3874755,37,3,me_eriador,me_shire_breeland_region,6d3f45,no
2279,me_land_2239,Land 2239,land,482,82,0.4711632,0.1604697,60,5,me_forodwaith,me_angmar_region,0b76be,no
2280,me_land_2240,Land 2240,land,669,125,0.6539589,0.2446184,21,1,me_rhovanion,me_grey_mountains_region,a9ae37,no
2281,me_land_2241,Land 2241,land,875,243,0.8553275,0.4755382,65,9,me_mordor_and_rhun,me_rhun_region,47e5b0,no
2282,me_land_2242,Land 2242,land,751,250,0.7341153,0.4892368,60,9,me_mordor_and_rhun,me_rhun_region,e61d29,no
2283,me_land_2243,Land 2243,land,514,471,0.5024438,0.9217221,63,10,me_harad,me_umbar_region,8454a2,no
2284,me_land_2244,Land 2244,land,734,181,0.7174976,0.3542074,46,9,me_mordor_and_rhun,me_rhun_region,228c1b,no
2285,me_land_2245,Land 2245,land,583,237,0.5698925,0.4637965,53,3,me_rhovanion,me_mirkwood_region,c0c394,no
2286,me_land_2246,Land 2246,land,547,153,0.5347019,0.2994129,31,1,me_rhovanion,me_anduin_vale_region,5efb0d,no
2287,me_land_2247,Land 2247,land,517,425,0.5053763,0.8317025,11,10,me_harad,me_umbar_region,fd3286,no
2288,me_land_2248,Land 2248,land,414,477,0.4046921,0.9334638,56,10,me_harad,me_umbar_region,9b69ff,no
2289,me_land_2249,Land 2249,land,447,319,0.4369501,0.6242661,58,1,me_eriador,me_enedwaith_region,39a178,no
2290,me_land_2250,Land 2250,land,401,325,0.3919844,0.6360078,62,1,me_eriador,me_enedwaith_region,d7d8f1,no
2291,me_land_2251,Land 2251,land,848,326,0.8289345,0.6379648,43,1,me_mordor_and_rhun,me_mordor_region,76106a,no
2292,me_land_2252,Land 2252,land,497,479,0.4858260,0.9373777,40,10,me_harad,me_umbar_region,1447e3,no
2293,me_land_2253,Land 2253,land,243,116,0.2375367,0.2270059,149,5,me_forodwaith,me_forochel_region,b27f5c,no
2294,me_land_2254,Land 2254,land,302,292,0.2952102,0.5714286,39,1,me_eriador,me_enedwaith_region,50b6d5,no
2295,me_land_2255,Land 2255,land,334,313,0.3264907,0.6125245,36,1,me_eriador,me_enedwaith_region,eeee4e,no
2296,me_land_2256,Land 2256,land,685,165,0.6695992,0.3228963,22,1,me_mordor_and_rhun,me_rhun_region,8d25c7,no
2297,me_land_2257,Land 2257,land,786,164,0.7683284,0.3209393,53,9,me_mordor_and_rhun,me_rhun_region,2b5d40,no
2298,me_land_2258,Land 2258,land,426,119,0.4164223,0.2328767,87,1,me_forodwaith,me_angmar_region,c994b9,no
2299,me_land_2259,Land 2259,land,402,228,0.3929619,0.4461840,38,1,me_eriador,me_shire_breeland_region,67cc32,no
2300,me_land_2260,Land 2260,land,497,39,0.4858260,0.0763209,102,5,me_forodwaith,me_angmar_region,0603ab,no
2301,me_land_2261,Land 2261,land,798,68,0.7800587,0.1330724,81,5,me_forodwaith,me_northern_wastes_region,a43b24,no
2302,me_land_2262,Land 2262,land,326,274,0.3186706,0.5362035,55,1,me_eriador,me_enedwaith_region,42729d,no
2303,me_land_2263,Land 2263,land,609,351,0.5953079,0.6868885,27,1,me_rhovanion,me_rohan_region,e0aa16,no
2304,me_land_2264,Land 2264,land,910,334,0.8895406,0.6536204,65,1,me_mordor_and_rhun,me_mordor_region,7ee18f,no
2305,me_land_2265,Land 2265,land,589,92,0.5757576,0.1800391,106,5,me_forodwaith,me_northern_wastes_region,1d1908,no
2306,me_land_2266,Land 2266,land,868,119,0.8484848,0.2328767,42,1,me_forodwaith,me_northern_wastes_region,bb5081,no
2307,me_land_2267,Land 2267,land,355,248,0.3470186,0.4853229,27,1,me_eriador,me_shire_breeland_region,5987fa,no
2308,me_land_2268,Land 2268,land,355,329,0.3470186,0.6438356,34,1,me_eriador,me_enedwaith_region,f7bf73,no
2309,me_land_2269,Land 2269,land,341,186,0.3333333,0.3639922,40,1,me_eriador,me_shire_breeland_region,95f6ec,no
2310,me_land_2270,Land 2270,land,784,367,0.7663734,0.7181996,66,8,me_mordor_and_rhun,me_mordor_region,342e65,no
2311,me_land_2271,Land 2271,land,640,434,0.6256109,0.8493151,40,10,me_harad,me_near_harad_region,d265de,no
2312,me_land_2272,Land 2272,land,409,452,0.3998045,0.8845401,40,10,me_harad,me_umbar_region,709d57,no
2313,me_land_2273,Land 2273,land,535,239,0.5229717,0.4677104,29,1,me_rhovanion,me_anduin_vale_region,0ed4d0,no
2314,me_land_2274,Land 2274,land,397,195,0.3880743,0.3816047,40,1,me_eriador,me_shire_breeland_region,ad0c49,no
2315,me_land_2275,Land 2275,land,798,164,0.7800587,0.3209393,42,9,me_mordor_and_rhun,me_rhun_region,4b43c2,no
2316,me_land_2276,Land 2276,land,274,212,0.2678397,0.4148728,47,1,me_eriador,me_lindon_region,e97b3b,no
2317,me_land_2277,Land 2277,land,507,227,0.4956012,0.4442270,23,1,me_eriador,me_enedwaith_region,87b2b4,no
2318,me_land_2278,Land 2278,land,881,141,0.8611926,0.2759295,51,9,me_mordor_and_rhun,me_rhun_region,25ea2d,no
2319,me_land_2279,Land 2279,land,814,413,0.7956989,0.8082192,31,1,me_mordor_and_rhun,me_mordor_region,c421a6,no
2320,me_land_2280,Land 2280,land,276,207,0.2697947,0.4050881,33,1,me_eriador,me_lindon_region,62591f,no
2321,me_land_2281,Land 2281,land,616,242,0.6021505,0.4735812,57,3,me_rhovanion,me_mirkwood_region,009098,no
2322,me_land_2282,Land 2282,land,879,294,0.8592375,0.5753425,39,9,me_mordor_and_rhun,me_mordor_region,9ec811,no
2323,me_land_2283,Land 2283,land,700,207,0.6842620,0.4050881,51,1,me_mordor_and_rhun,me_rhun_region,3cff8a,no
2324,me_land_2284,Land 2284,land,602,57,0.5884653,0.1115460,74,5,me_forodwaith,me_northern_wastes_region,db3703,no
2325,me_land_2285,Land 2285,land,507,462,0.4956012,0.9041096,34,10,me_harad,me_umbar_region,796e7c,no
2326,me_land_2286,Land 2286,land,628,357,0.6138807,0.6986301,19,1,me_rhovanion,me_rohan_region,17a5f5,no
2327,me_land_2287,Land 2287,land,238,129,0.2326491,0.2524462,46,1,me_eriador,me_lindon_region,b5dd6e,no
2328,me_land_2288,Land 2288,land,867,304,0.8475073,0.5949119,42,9,me_mordor_and_rhun,me_mordor_region,5414e7,no
2329,me_land_2289,Land 2289,land,284,309,0.2776149,0.6046967,73,1,me_eriador,me_lindon_region,f24c60,no
2330,me_land_2290,Land 2290,land,879,402,0.8592375,0.7866928,32,1,me_mordor_and_rhun,me_mordor_region,9083d9,no
2331,me_land_2291,Land 2291,land,821,471,0.8025415,0.9217221,31,10,me_harad,me_near_harad_region,2ebb52,no
2332,me_land_2292,Land 2292,land,531,441,0.5190616,0.8630137,63,10,me_harad,me_umbar_region,ccf2cb,no
2333,me_land_2293,Land 2293,land,685,207,0.6695992,0.4050881,37,3,me_mordor_and_rhun,me_rhun_region,6b2a44,no
2334,me_land_2294,Land 2294,land,695,452,0.6793744,0.8845401,49,10,me_harad,me_near_harad_region,0961bd,no
2335,me_land_2295,Land 2295,land,663,424,0.6480938,0.8297456,34,10,me_gondor,me_south_gondor_region,a79936,no
2336,me_land_2296,Land 2296,land,614,428,0.6001955,0.8375734,36,10,me_harad,me_near_harad_region,45d0af,no
2337,me_land_2297,Land 2297,land,804,271,0.7859238,0.5303327,56,9,me_mordor_and_rhun,me_rhun_region,e40828,no
2338,me_land_2298,Land 2298,land,298,331,0.2913001,0.6477495,45,1,me_eriador,me_enedwaith_region,823fa1,no
2339,me_land_2299,Land 2299,land,391,211,0.3822092,0.4129159,38,3,me_eriador,me_shire_breeland_region,20771a,no
2340,me_land_2300,Land 2300,land,850,269,0.8308895,0.5264188,31,9,me_mordor_and_rhun,me_rhun_region,beae93,no
2341,me_land_2301,Land 2301,land,296,280,0.2893451,0.5479452,67,1,me_eriador,me_lindon_region,5ce60c,no
2342,me_land_2302,Land 2302,land,296,199,0.2893451,0.3894325,73,1,me_eriador,me_lindon_region,fb1d85,no
2343,me_land_2303,Land 2303,land,726,256,0.7096774,0.5009785,72,9,me_mordor_and_rhun,me_rhun_region,9954fe,no
2344,me_land_2304,Land 2304,land,457,434,0.4467253,0.8493151,49,10,me_harad,me_umbar_region,378c77,no
2345,me_land_2305,Land 2305,land,655,205,0.6402737,0.4011742,29,3,me_rhovanion,me_dale_region,d5c3f0,no
2346,me_land_2306,Land 2306,land,582,408,0.5689150,0.7984344,34,1,me_gondor,me_lebennin_region,73fb69,no
2347,me_land_2307,Land 2307,land,419,134,0.4095797,0.2622309,28,1,me_eriador,me_north_arnor_region,1232e2,no
2348,me_land_2308,Land 2308,land,484,147,0.4731183,0.2876712,27,1,me_eriador,me_north_arnor_region,b06a5b,no
2349,me_land_2309,Land 2309,land,721,492,0.7047898,0.9628180,53,10,me_harad,me_far_harad_region,4ea1d4,no
2350,me_land_2310,Land 2310,land,451,447,0.4408602,0.8747554,42,10,me_harad,me_umbar_region,ecd94d,no
2351,me_land_2311,Land 2311,land,575,333,0.5620723,0.6516634,34,1,me_rhovanion,me_rohan_region,8b10c6,no
2352,me_land_2312,Land 2312,land,589,102,0.5757576,0.1996086,75,5,me_forodwaith,me_northern_wastes_region,29483f,no
2353,me_land_2313,Land 2313,land,798,425,0.7800587,0.8317025,39,10,me_harad,me_near_harad_region,c77fb8,no
2354,me_land_2314,Land 2314,land,637,416,0.6226784,0.8140900,47,1,me_gondor,me_south_gondor_region,65b731,no
2355,me_land_2315,Land 2315,land,254,148,0.2482893,0.2896282,75,1,me_eriador,me_lindon_region,03eeaa,no
2356,me_land_2316,Land 2316,land,369,350,0.3607038,0.6849315,40,1,me_gondor,me_belfalas_region,a22623,no
2357,me_land_2317,Land 2317,land,839,111,0.8201369,0.2172211,46,1,me_forodwaith,me_northern_wastes_region,405d9c,no
2358,me_land_2318,Land 2318,land,790,351,0.7722385,0.6868885,41,8,me_mordor_and_rhun,me_mordor_region,de9515,no
2359,me_land_2319,Land 2319,land,419,155,0.4095797,0.3033268,41,1,me_eriador,me_north_arnor_region,7ccc8e,no
2360,me_land_2320,Land 2320,land,664,297,0.6490714,0.5812133,41,9,me_rhovanion,me_brown_lands_region,1b0407,no
2361,me_land_2321,Land 2321,land,793,178,0.7751711,0.3483366,34,9,me_mordor_and_rhun,me_rhun_region,b93b80,no
2362,me_land_2322,Land 2322,land,331,212,0.3235582,0.4148728,29,1,me_eriador,me_shire_breeland_region,5772f9,no
2363,me_land_2323,Land 2323,land,782,351,0.7644184,0.6868885,47,8,me_mordor_and_rhun,me_mordor_region,f5aa72,no
2364,me_land_2324,Land 2324,land,321,269,0.3137830,0.5264188,42,1,me_eriador,me_enedwaith_region,93e1eb,no
2365,me_land_2325,Land 2325,land,412,362,0.4027370,0.7084149,20,1,me_gondor,me_belfalas_region,321964,no
2366,me_land_2326,Land 2326,land,292,143,0.2854350,0.2798434,37,1,me_eriador,me_lindon_region,d050dd,no
2367,me_land_2327,Land 2327,land,351,168,0.3431085,0.3287671,42,1,me_eriador,me_north_arnor_region,6e8856,no
2368,me_land_2328,Land 2328,land,530,187,0.5180841,0.3659491,30,1,me_rhovanion,me_anduin_vale_region,0cbfcf,no
2369,me_land_2329,Land 2329,land,754,144,0.7370479,0.2818004,30,9,me_mordor_and_rhun,me_rhun_region,aaf748,no
2370,me_land_2330,Land 2330,land,853,102,0.8338221,0.1996086,56,1,me_forodwaith,me_northern_wastes_region,492ec1,no
2371,me_land_2331,Land 2331,land,870,429,0.8504399,0.8395303,40,10,me_harad,me_near_harad_region,e7663a,no
2372,me_land_2332,Land 2332,land,749,461,0.7321603,0.9021526,147,10,me_harad,me_near_harad_region,859db3,no
2373,me_land_2333,Land 2333,land,222,56,0.2170088,0.1095890,120,5,me_forodwaith,me_forochel_region,23d52c,no
2374,me_land_2334,Land 2334,land,572,169,0.5591398,0.3307241,73,3,me_rhovanion,me_mirkwood_region,c20ca5,no
2375,me_land_2335,Land 2335,land,562,163,0.5493646,0.3189824,35,3,me_rhovanion,me_mirkwood_region,60441e,no
2376,me_land_2336,Land 2336,land,559,383,0.5464321,0.7495108,20,1,me_rhovanion,me_rohan_region,fe7b97,no
2377,me_land_2337,Land 2337,land,813,417,0.7947214,0.8160470,42,1,me_mordor_and_rhun,me_mordor_region,9cb310,no
2378,me_land_2338,Land 2338,land,420,146,0.4105572,0.2857143,54,1,me_eriador,me_north_arnor_region,3aea89,no
2379,me_land_2339,Land 2339,land,222,48,0.2170088,0.0939335,106,5,me_forodwaith,me_forochel_region,d92202,no
2380,me_land_2340,Land 2340,land,341,204,0.3333333,0.3992172,39,1,me_eriador,me_shire_breeland_region,77597b,no
2381,me_land_2341,Land 2341,land,635,242,0.6207234,0.4735812,80,3,me_rhovanion,me_mirkwood_region,1590f4,no
2382,me_land_2342,Land 2342,land,536,365,0.5239492,0.7142857,32,1,me_rhovanion,me_rohan_region,b3c86d,no
2383,me_land_2343,Land 2343,land,859,419,0.8396872,0.8199609,51,1,me_mordor_and_rhun,me_mordor_region,51ffe6,no
2384,me_land_2344,Land 2344,land,253,226,0.2473118,0.4422701,44,1,me_eriador,me_lindon_region,f0375f,no
2385,me_land_2345,Land 2345,land,434,476,0.4242424,0.9315068,21,10,me_harad,me_umbar_region,8e6ed8,no
2386,me_land_2346,Land 2346,land,592,319,0.5786901,0.6242661,29,1,me_rhovanion,me_rohan_region,2ca651,no
2387,me_land_2347,Land 2347,land,546,281,0.5337243,0.5499022,33,1,me_rhovanion,me_anduin_vale_region,caddca,no
2388,me_land_2348,Land 2348,land,213,72,0.2082111,0.1409002,80,5,me_forodwaith,me_forochel_region,691543,no
2389,me_land_2349,Land 2349,land,370,135,0.3616813,0.2641879,44,1,me_eriador,me_north_arnor_region,074cbc,no
2390,me_land_2350,Land 2350,land,750,121,0.7331378,0.2367906,80,1,me_mordor_and_rhun,me_rhun_region,a58435,no
2391,me_land_2351,Land 2351,land,795,342,0.7771261,0.6692759,37,8,me_mordor_and_rhun,me_mordor_region,43bbae,no
2392,me_land_2352,Land 2352,land,858,439,0.8387097,0.8590998,77,10,me_harad,me_near_harad_region,e1f327,no
2393,me_land_2353,Land 2353,land,226,163,0.2209189,0.3189824,31,1,me_eriador,me_lindon_region,802aa0,no
2394,me_land_2354,Land 2354,land,593,350,0.5796676,0.6849315,15,1,me_rhovanion,me_rohan_region,1e6219,no
2395,me_land_2355,Land 2355,land,217,133,0.2121212,0.2602740,69,1,me_eriador,me_lindon_region,bc9992,no
2396,me_land_2356,Land 2356,land,402,142,0.3929619,0.2778865,45,1,me_eriador,me_north_arnor_region,5ad10b,no
2397,me_land_2357,Land 2357,land,609,250,0.5953079,0.4892368,101,3,me_rhovanion,me_mirkwood_region,f90884,no
2398,me_land_2358,Land 2358,land,274,138,0.2678397,0.2700587,41,1,me_eriador,me_lindon_region,973ffd,no
2399,me_land_2359,Land 2359,land,375,19,0.3665689,0.0371820,187,1,me_forodwaith,me_forochel_region,357776,no
2400,me_land_2360,Land 2360,land,722,267,0.7057674,0.5225049,64,9,me_mordor_and_rhun,me_rhun_region,d3aeef,no
2401,me_land_2361,Land 2361,land,377,165,0.3685239,0.3228963,31,1,me_eriador,me_north_arnor_region,71e668,no
2402,me_land_2362,Land 2362,land,582,275,0.5689150,0.5381605,63,1,me_rhovanion,me_mirkwood_region,101de1,no
2403,me_land_2363,Land 2363,land,655,135,0.6402737,0.2641879,54,1,me_rhovanion,me_grey_mountains_region,ae555a,no
2404,me_land_2364,Land 2364,land,493,272,0.4819159,0.5322896,40,1,me_rhovanion,me_anduin_vale_region,4c8cd3,no
2405,me_land_2365,Land 2365,land,850,418,0.8308895,0.8180039,40,1,me_mordor_and_rhun,me_mordor_region,eac44c,no
2406,me_land_2366,Land 2366,land,869,322,0.8494624,0.6301370,35,1,me_mordor_and_rhun,me_mordor_region,88fbc5,no
2407,me_land_2367,Land 2367,land,494,131,0.4828935,0.2563601,50,1,me_eriador,me_north_arnor_region,27333e,no
2408,me_land_2368,Land 2368,land,376,185,0.3675464,0.3620352,31,1,me_eriador,me_shire_breeland_region,c56ab7,no
2409,me_land_2369,Land 2369,land,586,154,0.5728250,0.3013699,99,3,me_rhovanion,me_mirkwood_region,63a230,no
2410,me_land_2370,Land 2370,land,810,339,0.7917889,0.6634051,28,8,me_mordor_and_rhun,me_mordor_region,01d9a9,no
2411,me_land_2371,Land 2371,land,624,381,0.6099707,0.7455969,28,1,me_rhovanion,me_rohan_region,a01122,no
2412,me_land_2372,Land 2372,land,321,321,0.3137830,0.6281800,44,1,me_eriador,me_enedwaith_region,3e489b,no
2413,me_land_2373,Land 2373,land,705,329,0.6891496,0.6438356,73,8,me_mordor_and_rhun,me_mordor_region,dc8014,no
2414,me_land_2374,Land 2374,land,670,188,0.6549365,0.3679061,30,3,me_rhovanion,me_dale_region,7ab78d,no
2415,me_land_2375,Land 2375,land,499,261,0.4877810,0.5107632,38,1,me_rhovanion,me_anduin_vale_region,18ef06,no
2416,me_land_2376,Land 2376,land,387,357,0.3782991,0.6986301,27,1,me_gondor,me_belfalas_region,b7267f,no
2417,me_land_2377,Land 2377,land,435,399,0.4252199,0.7808219,36,1,me_gondor,me_belfalas_region,555df8,no
2418,me_land_2378,Land 2378,land,756,341,0.7390029,0.6673190,58,8,me_mordor_and_rhun,me_mordor_region,f39571,no
2419,me_land_2379,Land 2379,land,856,424,0.8367546,0.8297456,35,10,me_mordor_and_rhun,me_khand_region,91ccea,no
2420,me_land_2380,Land 2380,land,322,233,0.3147605,0.4559687,75,1,me_eriador,me_shire_breeland_region,300463,no
2421,me_land_2381,Land 2381,land,611,303,0.5972630,0.5929550,46,9,me_rhovanion,me_rohan_region,ce3bdc,no
2422,me_land_2382,Land 2382,land,375,255,0.3665689,0.4990215,21,1,me_eriador,me_enedwaith_region,6c7355,no
2423,me_land_2383,Land 2383,land,431,100,0.4213099,0.1956947,107,5,me_forodwaith,me_angmar_region,0aaace,no
2424,me_land_2384,Land 2384,land,543,239,0.5307918,0.4677104,23,1,me_rhovanion,me_anduin_vale_region,a8e247,no
2425,me_land_2385,Land 2385,land,216,248,0.2111437,0.4853229,32,1,me_eriador,me_lindon_region,4719c0,no
2426,me_land_2386,Land 2386,land,667,91,0.6520039,0.1780822,59,5,me_forodwaith,me_northern_wastes_region,e55139,no
2427,me_land_2387,Land 2387,land,456,286,0.4457478,0.5596869,28,1,me_eriador,me_enedwaith_region,8388b2,no
2428,me_land_2388,Land 2388,land,338,415,0.3304008,0.8121331,35,1,me_gondor,me_belfalas_region,21c02b,no
2429,me_land_2389,Land 2389,land,700,439,0.6842620,0.8590998,64,10,me_harad,me_near_harad_region,bff7a4,no
2430,me_land_2390,Land 2390,land,384,352,0.3753666,0.6888454,37,1,me_gondor,me_belfalas_region,5e2f1d,no
2431,me_land_2391,Land 2391,land,621,390,0.6070381,0.7632094,53,1,me_gondor,me_south_gondor_region,fc6696,no
2432,me_land_2392,Land 2392,land,535,143,0.5229717,0.2798434,34,1,me_rhovanion,me_anduin_vale_region,9a9e0f,no
2433,me_land_2393,Land 2393,land,349,218,0.3411535,0.4266145,37,3,me_eriador,me_shire_breeland_region,38d588,no
2434,me_land_2394,Land 2394,land,422,124,0.4125122,0.2426614,31,1,me_eriador,me_north_arnor_region,d70d01,no
2435,me_land_2395,Land 2395,land,451,465,0.4408602,0.9099804,33,10,me_harad,me_umbar_region,75447a,no
2436,me_land_2396,Land 2396,land,256,275,0.2502444,0.5381605,50,1,me_eriador,me_lindon_region,137bf3,no
2437,me_land_2397,Land 2397,land,233,193,0.2277615,0.3776908,61,1,me_eriador,me_lindon_region,b1b36c,no
2438,me_land_2398,Land 2398,land,546,392,0.5337243,0.7671233,42,1,me_gondor,me_belfalas_region,4feae5,no
2439,me_land_2399,Land 2399,land,334,337,0.3264907,0.6594912,66,1,me_gondor,me_belfalas_region,ee225e,no
2440,me_land_2400,Land 2400,land,604,312,0.5904203,0.6105675,24,9,me_rhovanion,me_rohan_region,8c59d7,no
2441,me_land_2401,Land 2401,land,605,415,0.5913978,0.8121331,31,1,me_gondor,me_lebennin_region,2a9150,no
2442,me_land_2402,Land 2402,land,703,134,0.6871945,0.2622309,46,1,me_mordor_and_rhun,me_rhun_region,c8c8c9,no
2443,me_land_2403,Land 2403,land,553,360,0.5405670,0.7045010,29,1,me_rhovanion,me_rohan_region,670042,no
2444,me_land_2404,Land 2404,land,837,307,0.8181818,0.6007828,37,9,me_mordor_and_rhun,me_mordor_region,0537bb,no
2445,me_land_2405,Land 2405,land,873,386,0.8533724,0.7553816,38,1,me_mordor_and_rhun,me_mordor_region,a36f34,no
2446,me_land_2406,Land 2406,land,552,337,0.5395894,0.6594912,47,1,me_rhovanion,me_rohan_region,41a6ad,no
2447,me_land_2407,Land 2407,land,771,332,0.7536657,0.6497065,37,8,me_mordor_and_rhun,me_mordor_region,dfde26,no
2448,me_land_2408,Land 2408,land,564,34,0.5513196,0.0665362,83,5,me_forodwaith,me_northern_wastes_region,7e159f,no
2449,me_land_2409,Land 2409,land,309,327,0.3020528,0.6399217,31,1,me_eriador,me_enedwaith_region,1c4d18,no
2450,me_land_2410,Land 2410,land,470,421,0.4594330,0.8238748,39,1,me_gondor,me_belfalas_region,ba8491,no
2451,me_land_2411,Land 2411,land,598,331,0.5845552,0.6477495,57,1,me_rhovanion,me_rohan_region,58bc0a,no
2452,me_land_2412,Land 2412,land,857,177,0.8377322,0.3463796,32,9,me_mordor_and_rhun,me_rhun_region,f6f383,no
2453,me_land_2413,Land 2413,land,447,428,0.4369501,0.8375734,28,10,me_harad,me_umbar_region,952afc,no
2454,me_land_2414,Land 2414,land,521,271,0.5092864,0.5303327,30,1,me_rhovanion,me_anduin_vale_region,336275,no
2455,me_land_2415,Land 2415,land,892,386,0.8719453,0.7553816,71,1,me_mordor_and_rhun,me_mordor_region,d199ee,no
2456,me_land_2416,Land 2416,land,346,266,0.3382209,0.5205479,47,1,me_eriador,me_enedwaith_region,6fd167,no
2457,me_land_2417,Land 2417,land,921,263,0.9002933,0.5146771,41,9,me_mordor_and_rhun,me_rhun_region,0e08e0,no
2458,me_land_2418,Land 2418,land,486,96,0.4750733,0.1878669,101,5,me_forodwaith,me_angmar_region,ac4059,no
2459,me_land_2419,Land 2419,land,748,274,0.7311828,0.5362035,41,9,me_mordor_and_rhun,me_rhun_region,4a77d2,no
2460,me_land_2420,Land 2420,land,291,135,0.2844575,0.2641879,47,1,me_eriador,me_lindon_region,e8af4b,no
2461,me_land_2421,Land 2421,land,748,143,0.7311828,0.2798434,38,9,me_mordor_and_rhun,me_rhun_region,86e6c4,no
2462,me_land_2422,Land 2422,land,304,31,0.2971652,0.0606654,132,5,me_forodwaith,me_forochel_region,251e3d,no
2463,me_land_2423,Land 2423,land,602,45,0.5884653,0.0880626,45,5,me_forodwaith,me_northern_wastes_region,c355b6,no
2464,me_land_2424,Land 2424,land,606,212,0.5923754,0.4148728,86,3,me_rhovanion,me_mirkwood_region,618d2f,no
2465,me_land_2425,Land 2425,land,459,240,0.4486804,0.4696673,35,1,me_eriador,me_shire_breeland_region,ffc4a8,no
2466,me_land_2426,Land 2426,land,783,152,0.7653959,0.2974560,38,9,me_mordor_and_rhun,me_rhun_region,9dfc21,no
2467,me_land_2427,Land 2427,land,700,98,0.6842620,0.1917808,154,5,me_forodwaith,me_northern_wastes_region,3c339a,no
2468,me_land_2428,Land 2428,land,876,151,0.8563050,0.2954990,69,9,me_mordor_and_rhun,me_rhun_region,da6b13,no
2469,me_land_2429,Land 2429,land,561,285,0.5483871,0.5577299,30,1,me_rhovanion,me_mirkwood_region,78a28c,no
2470,me_land_2430,Land 2430,land,586,312,0.5728250,0.6105675,27,1,me_rhovanion,me_rohan_region,16da05,no
2471,me_land_2431,Land 2431,land,301,182,0.2942326,0.3561644,25,1,me_eriador,me_shire_breeland_region,b5117e,no
2472,me_land_2432,Land 2432,land,515,28,0.5034213,0.0547945,99,5,me_forodwaith,me_angmar_region,5348f7,no
2473,me_land_2433,Land 2433,land,566,309,0.5532747,0.6046967,23,1,me_rhovanion,me_rohan_region,f18070,no
2474,me_land_2434,Land 2434,land,250,162,0.2443793,0.3170254,41,1,me_eriador,me_lindon_region,8fb7e9,no
2475,me_land_2435,Land 2435,land,848,248,0.8289345,0.4853229,38,9,me_mordor_and_rhun,me_rhun_region,2def62,no
2476,me_land_2436_endore,Land 2436,land,354,351,0.3460411,0.6868885,23,1,me_gondor,me_belfalas_region,cc26db,no
2477,me_land_2437,Land 2437,land,683,435,0.6676442,0.8512720,44,10,me_harad,me_near_harad_region,6a5e54,no
2478,me_land_2438,Land 2438,land,577,257,0.5640274,0.5029354,39,1,me_rhovanion,me_mirkwood_region,0895cd,no
2479,me_land_2439,Land 2439,land,739,436,0.7223851,0.8532290,40,10,me_harad,me_near_harad_region,a6cd46,no
2480,me_land_2440,Land 2440,land,212,136,0.2072336,0.2661448,61,1,me_eriador,me_lindon_region,4504bf,no
2481,me_land_2441,Land 2441,land,629,151,0.6148583,0.2954990,44,3,me_rhovanion,me_dale_region,e33c38,no
2482,me_land_2442,Land 2442,land,815,70,0.7966764,0.1369863,22,1,me_forodwaith,me_northern_wastes_region,8173b1,no
2483,me_land_2443,Land 2443,land,850,366,0.8308895,0.7162427,44,1,me_mordor_and_rhun,me_mordor_region,1fab2a,no
2484,me_land_2444,Land 2444,land,755,434,0.7380254,0.8493151,73,10,me_harad,me_near_harad_region,bde2a3,no
2485,me_land_2445,Land 2445,land,560,500,0.5474096,0.9784736,65,10,me_harad,me_far_harad_region,5c1a1c,no
2486,me_land_2446,Land 2446,land,437,419,0.4271750,0.8199609,59,1,me_gondor,me_belfalas_region,fa5195,no
2487,me_land_2447,Land 2447,land,363,83,0.3548387,0.1624266,71,5,me_forodwaith,me_forochel_region,98890e,no
2488,me_land_2448,Land 2448,land,850,371,0.8308895,0.7260274,23,1,me_mordor_and_rhun,me_mordor_region,36c087,no
2489,me_land_2449,Land 2449,land,593,192,0.5796676,0.3757339,57,3,me_rhovanion,me_mirkwood_region,d4f800,no
2490,me_land_2450,Land 2450,land,602,232,0.5884653,0.4540117,74,3,me_rhovanion,me_mirkwood_region,732f79,no
2491,me_land_2451,Land 2451,land,911,260,0.8905181,0.5088063,25,9,me_mordor_and_rhun,me_rhun_region,1166f2,no
2492,me_land_2452,Land 2452,land,281,294,0.2746823,0.5753425,25,1,me_eriador,me_lindon_region,af9e6b,no
2493,me_land_2453,Land 2453,land,702,195,0.6862170,0.3816047,41,1,me_mordor_and_rhun,me_rhun_region,4dd5e4,no
2494,me_land_2454,Land 2454,land,374,251,0.3655914,0.4911937,22,1,me_eriador,me_enedwaith_region,ec0d5d,no
2495,me_land_2455,Land 2455,land,488,30,0.4770283,0.0587084,177,5,me_forodwaith,me_angmar_region,8a44d6,no
2496,me_land_2456,Land 2456,land,694,153,0.6783969,0.2994129,42,1,me_mordor_and_rhun,me_rhun_region,287c4f,no
2497,me_land_2457,Land 2457,land,213,154,0.2082111,0.3013699,44,1,me_eriador,me_lindon_region,c6b3c8,no
2498,me_land_2458,Land 2458,land,335,231,0.3274682,0.4520548,50,1,me_eriador,me_shire_breeland_region,64eb41,no
2499,me_land_2459,Land 2459,land,357,265,0.3489736,0.5185910,31,1,me_eriador,me_enedwaith_region,0322ba,no
2500,me_land_2460,Land 2460,land,513,233,0.5014663,0.4559687,34,1,me_rhovanion,me_anduin_vale_region,a15a33,no
2501,me_land_2461,Land 2461,land,285,246,0.2785924,0.4814090,49,1,me_eriador,me_lindon_region,3f91ac,no
2502,me_land_2462,Land 2462,land,729,87,0.7126100,0.1702544,61,5,me_forodwaith,me_northern_wastes_region,ddc925,no
2503,me_land_2463,Land 2463,land,374,203,0.3655914,0.3972603,25,3,me_eriador,me_shire_breeland_region,7c009e,no
2504,me_land_2464,Land 2464,land,892,344,0.8719453,0.6731898,45,1,me_mordor_and_rhun,me_mordor_region,1a3817,no
2505,me_land_2465,Land 2465,land,408,253,0.3988270,0.4951076,45,1,me_eriador,me_enedwaith_region,b86f90,no
2506,me_land_2466,Land 2466,land,762,344,0.7448680,0.6731898,37,8,me_mordor_and_rhun,me_mordor_region,56a709,no
2507,me_land_2467,Land 2467,land,406,279,0.3968719,0.5459883,32,1,me_eriador,me_enedwaith_region,f4de82,no
2508,me_land_2468,Land 2468,land,361,44,0.3528837,0.0861057,85,5,me_forodwaith,me_forochel_region,9315fb,no
2509,me_land_2469,Land 2469,land,446,200,0.4359726,0.3913894,43,1,me_eriador,me_shire_breeland_region,314d74,no
2510,me_land_2470,Land 2470,land,680,430,0.6647116,0.8414873,50,10,me_harad,me_near_harad_region,cf84ed,no
2511,me_land_2471,Land 2471,land,262,158,0.2561095,0.3091977,53,1,me_eriador,me_lindon_region,6dbc66,no
2512,me_land_2472,Land 2472,land,420,150,0.4105572,0.2935421,39,1,me_eriador,me_north_arnor_region,0bf3df,no
2513,me_land_2473,Land 2473,land,245,173,0.2394917,0.3385519,73,1,me_eriador,me_lindon_region,aa2b58,no
2514,me_land_2474,Land 2474,land,372,109,0.3636364,0.2133072,73,5,me_forodwaith,me_forochel_region,4862d1,no
2515,me_land_2475,Land 2475,land,329,184,0.3216031,0.3600783,33,1,me_eriador,me_shire_breeland_region,e69a4a,no
2516,me_land_2476,Land 2476,land,597,488,0.5835777,0.9549902,49,10,me_harad,me_far_harad_region,84d1c3,no
2517,me_land_2477,Land 2477,land,881,407,0.8611926,0.7964775,44,1,me_mordor_and_rhun,me_mordor_region,23093c,no
2518,me_land_2478,Land 2478,land,221,249,0.2160313,0.4872798,42,1,me_eriador,me_lindon_region,c140b5,no
2519,me_land_2479,Land 2479,land,468,207,0.4574780,0.4050881,63,1,me_eriador,me_shire_breeland_region,5f782e,no
2520,me_land_2480,Land 2480,land,714,124,0.6979472,0.2426614,38,1,me_mordor_and_rhun,me_rhun_region,fdafa7,no
2521,me_land_2481,Land 2481,land,423,132,0.4134897,0.2583170,44,1,me_eriador,me_north_arnor_region,9be720,no
2522,me_land_2482,Land 2482,land,591,422,0.5777126,0.8258317,27,1,me_gondor,me_lebennin_region,3a1e99,no
2523,me_land_2483,Land 2483,land,468,150,0.4574780,0.2935421,38,1,me_eriador,me_north_arnor_region,d85612,no
2524,me_land_2484,Land 2484,land,344,36,0.3362659,0.0704501,78,5,me_forodwaith,me_forochel_region,768d8b,no
2525,me_land_2485,Land 2485,land,765,443,0.7478006,0.8669276,84,10,me_harad,me_near_harad_region,14c504,no
2526,me_land_2486,Land 2486,land,292,70,0.2854350,0.1369863,58,5,me_forodwaith,me_forochel_region,b2fc7d,no
2527,me_land_2487,Land 2487,land,637,204,0.6226784,0.3992172,27,3,me_rhovanion,me_dale_region,5133f6,no
2528,me_land_2488,Land 2488,land,679,146,0.6637341,0.2857143,28,1,me_rhovanion,me_dale_region,ef6b6f,no
2529,me_land_2489,Land 2489,land,846,293,0.8269795,0.5733855,55,9,me_mordor_and_rhun,me_mordor_region,8da2e8,no
2530,me_land_2490,Land 2490,land,513,126,0.5014663,0.2465753,65,1,me_rhovanion,me_grey_mountains_region,2bda61,no
2531,me_land_2491,Land 2491,land,461,279,0.4506354,0.5459883,44,1,me_eriador,me_enedwaith_region,ca11da,no
2532,me_land_2492,Land 2492,land,421,140,0.4115347,0.2739726,33,1,me_eriador,me_north_arnor_region,684953,no
2533,me_land_2493,Land 2493,land,474,460,0.4633431,0.9001957,21,10,me_harad,me_umbar_region,0680cc,no
2534,me_land_2494,Land 2494,land,757,187,0.7399804,0.3659491,55,9,me_mordor_and_rhun,me_rhun_region,a4b845,no
2535,me_land_2495,Land 2495,land,292,267,0.2854350,0.5225049,50,1,me_eriador,me_lindon_region,42efbe,no
2536,me_land_2496,Land 2496,land,616,158,0.6021505,0.3091977,40,3,me_rhovanion,me_dale_region,e12737,no
2537,me_land_2497,Land 2497,land,711,158,0.6950147,0.3091977,39,1,me_mordor_and_rhun,me_rhun_region,7f5eb0,no
2538,me_land_2498,Land 2498,land,486,130,0.4750733,0.2544031,36,1,me_eriador,me_north_arnor_region,1d9629,no
2539,me_land_2499,Land 2499,land,845,133,0.8260020,0.2602740,66,9,me_mordor_and_rhun,me_rhun_region,bbcda2,no
2540,me_land_2500,Land 2500,land,894,226,0.8739003,0.4422701,43,9,me_mordor_and_rhun,me_rhun_region,5a051b,no
2541,me_land_2501,Land 2501,land,524,458,0.5122190,0.8962818,27,10,me_harad,me_umbar_region,f83c94,no
2542,me_land_2502,Land 2502,land,563,206,0.5503421,0.4031311,29,3,me_rhovanion,me_mirkwood_region,96740d,no
2543,me_land_2503,Land 2503,land,332,82,0.3245357,0.1604697,69,5,me_forodwaith,me_forochel_region,34ab86,no
2544,me_land_2504,Land 2504,land,676,341,0.6608016,0.6673190,59,2,me_gondor,me_ithilien_region,d2e2ff,no
2545,me_land_2505,Land 2505,land,552,258,0.5395894,0.5048924,24,1,me_rhovanion,me_anduin_vale_region,711a78,no
2546,me_land_2506,Land 2506,land,702,424,0.6862170,0.8297456,61,10,me_mordor_and_rhun,me_khand_region,0f51f1,no
2547,me_land_2507,Land 2507,land,455,157,0.4447703,0.3072407,41,1,me_eriador,me_north_arnor_region,ad896a,no
2548,me_land_2508,Land 2508,land,351,214,0.3431085,0.4187867,38,3,me_eriador,me_shire_breeland_region,4bc0e3,no
2549,me_land_2509,Land 2509,land,415,351,0.4056696,0.6868885,48,1,me_gondor,me_belfalas_region,e9f85c,no
2550,me_land_2510,Land 2510,land,814,367,0.7956989,0.7181996,32,8,me_mordor_and_rhun,me_mordor_region,882fd5,no
2551,me_land_2511,Land 2511,land,553,140,0.5405670,0.2739726,50,1,me_rhovanion,me_mirkwood_region,26674e,no
2552,me_land_2512,Land 2512,land,453,208,0.4428152,0.4070450,38,1,me_eriador,me_shire_breeland_region,c49ec7,no
2553,me_land_2513,Land 2513,land,576,238,0.5630499,0.4657534,34,3,me_rhovanion,me_mirkwood_region,62d640,no
2554,me_land_2514,Land 2514,land,440,258,0.4301075,0.5048924,30,1,me_eriador,me_enedwaith_region,010db9,no
2555,me_land_2515,Land 2515,land,577,185,0.5640274,0.3620352,55,3,me_rhovanion,me_mirkwood_region,9f4532,no
2556,me_land_2516,Land 2516,land,563,261,0.5503421,0.5107632,40,1,me_rhovanion,me_mirkwood_region,3d7cab,no
2557,me_land_2517,Land 2517,land,755,488,0.7380254,0.9549902,54,10,me_harad,me_far_harad_region,dbb424,no
2558,me_land_2518,Land 2518,land,278,126,0.2717498,0.2465753,51,1,me_eriador,me_lindon_region,79eb9d,no
2559,me_land_2519,Land 2519,land,648,204,0.6334311,0.3992172,37,3,me_rhovanion,me_dale_region,182316,no
2560,me_land_2520,Land 2520,land,487,123,0.4760508,0.2407045,50,1,me_eriador,me_north_arnor_region,b65a8f,no
2561,me_land_2521,Land 2521,land,310,318,0.3030303,0.6223092,33,1,me_eriador,me_enedwaith_region,549208,no
2562,me_land_2522,Land 2522,land,841,192,0.8220919,0.3757339,57,9,me_mordor_and_rhun,me_rhun_region,f2c981,no
2563,me_land_2523,Land 2523,land,531,494,0.5190616,0.9667319,115,10,me_harad,me_umbar_region,9100fa,no
2564,me_land_2524,Land 2524,land,651,407,0.6363636,0.7964775,36,1,me_gondor,me_south_gondor_region,2f3873,no
2565,me_land_2525,Land 2525,land,479,308,0.4682307,0.6027397,55,1,me_rhovanion,me_rohan_region,cd6fec,no
2566,me_land_2526,Land 2526,land,532,267,0.5200391,0.5225049,29,1,me_rhovanion,me_anduin_vale_region,6ba765,no
2567,me_land_2527,Land 2527,land,680,483,0.6647116,0.9452055,60,10,me_harad,me_far_harad_region,09dede,no
2568,me_land_2528,Land 2528,land,465,493,0.4545455,0.9647750,66,10,me_harad,me_umbar_region,a81657,no
2569,me_land_2529,Land 2529,land,578,202,0.5650049,0.3953033,26,3,me_rhovanion,me_mirkwood_region,464dd0,no
2570,me_land_2530,Land 2530,land,417,92,0.4076246,0.1800391,82,5,me_forodwaith,me_angmar_region,e48549,no
2571,me_land_2531,Land 2531,land,356,284,0.3479961,0.5557730,25,1,me_eriador,me_enedwaith_region,82bcc2,no
2572,me_land_2532,Land 2532,land,471,338,0.4604106,0.6614481,29,1,me_rhovanion,me_rohan_region,20f43b,no
2573,me_land_2533,Land 2533,land,287,148,0.2805474,0.2896282,24,1,me_eriador,me_lindon_region,bf2bb4,no
2574,me_land_2534,Land 2534,land,526,432,0.5141740,0.8454012,62,10,me_harad,me_umbar_region,5d632d,no
2575,me_land_2535,Land 2535,land,262,132,0.2561095,0.2583170,50,1,me_eriador,me_lindon_region,fb9aa6,no
2576,me_land_2536,Land 2536,land,611,459,0.5972630,0.8982387,82,10,me_harad,me_near_harad_region,380998,no
2577,me_land_2537,Land 2537,land,302,386,0.2952102,0.7553816,49,1,me_gondor,me_belfalas_region,d64111,no
2578,me_land_2538,Land 2538,land,647,152,0.6324536,0.2974560,31,3,me_rhovanion,me_dale_region,74788a,no
2579,me_land_2539,Land 2539,land,451,483,0.4408602,0.9452055,47,10,me_harad,me_umbar_region,12b003,no
2580,me_land_2540,Land 2540,land,836,261,0.8172043,0.5107632,78,9,me_mordor_and_rhun,me_rhun_region,b0e77c,no
2581,me_land_2541,Land 2541,land,921,297,0.9002933,0.5812133,18,9,me_mordor_and_rhun,me_mordor_region,4f1ef5,no
2582,me_land_2542,Land 2542,land,370,196,0.3616813,0.3835616,24,3,me_eriador,me_shire_breeland_region,ed566e,no
2583,me_land_2543,Land 2543,land,252,109,0.2463343,0.2133072,88,5,me_forodwaith,me_forochel_region,8b8de7,no
2584,me_land_2544,Land 2544,land,875,421,0.8553275,0.8238748,34,1,me_mordor_and_rhun,me_khand_region,29c560,no
2585,me_land_2545,Land 2545,land,501,372,0.4897361,0.7279843,38,1,me_rhovanion,me_rohan_region,c7fcd9,no
2586,me_land_2546,Land 2546,land,469,256,0.4584555,0.5009785,41,1,me_rhovanion,me_anduin_vale_region,663452,no
2587,me_land_2547,Land 2547,land,611,119,0.5972630,0.2328767,52,1,me_forodwaith,me_northern_wastes_region,046bcb,no
2588,me_land_2548,Land 2548,land,344,287,0.3362659,0.5616438,31,1,me_eriador,me_enedwaith_region,a2a344,no
2589,me_land_2549,Land 2549,land,654,301,0.6392962,0.5890411,60,9,me_rhovanion,me_brown_lands_region,40dabd,no
2590,me_land_2550,Land 2550,land,392,237,0.3831867,0.4637965,29,1,me_eriador,me_shire_breeland_region,df1236,no
2591,me_land_2551,Land 2551,land,509,111,0.4975562,0.2172211,63,5,me_forodwaith,me_angmar_region,7d49af,no
2592,me_land_2552,Land 2552,land,545,250,0.5327468,0.4892368,50,1,me_rhovanion,me_anduin_vale_region,1b8128,no
2593,me_land_2553,Land 2553,land,534,336,0.5219941,0.6575342,32,1,me_rhovanion,me_rohan_region,b9b8a1,no
2594,me_land_2554,Land 2554,land,361,31,0.3528837,0.0606654,75,5,me_forodwaith,me_forochel_region,57f01a,no
2595,me_land_2555,Land 2555,land,585,60,0.5718475,0.1174168,93,5,me_forodwaith,me_northern_wastes_region,f62793,no
2596,me_land_2556,Land 2556,land,562,115,0.5493646,0.2250489,63,5,me_forodwaith,me_northern_wastes_region,945f0c,no
2597,me_land_2557,Land 2557,land,461,331,0.4506354,0.6477495,51,1,me_eriador,me_enedwaith_region,329685,no
2598,me_land_2558,Land 2558,land,496,299,0.4848485,0.5851272,41,3,me_eriador,me_enedwaith_region,d0cdfe,no
2599,me_land_2559,Land 2559,land,777,128,0.7595308,0.2504892,65,9,me_mordor_and_rhun,me_rhun_region,6f0577,no
2600,me_land_2560,Land 2560,land,575,388,0.5620723,0.7592955,30,1,me_gondor,me_lebennin_region,0d3cf0,no
2601,me_land_2561,Land 2561,land,369,228,0.3607038,0.4461840,24,3,me_eriador,me_shire_breeland_region,ab7469,no
2602,me_land_2562,Land 2562,land,322,438,0.3147605,0.8571429,85,10,me_harad,me_umbar_region,49abe2,no
2603,me_land_2563,Land 2563,land,450,163,0.4398827,0.3189824,56,1,me_eriador,me_north_arnor_region,e7e35b,no
2604,me_land_2564,Land 2564,land,803,112,0.7849462,0.2191781,58,5,me_forodwaith,me_northern_wastes_region,861ad4,no
2605,me_land_2565,Land 2565,land,593,378,0.5796676,0.7397260,48,1,me_rhovanion,me_rohan_region,24524d,no
2606,me_land_2566,Land 2566,land,870,212,0.8504399,0.4148728,65,9,me_mordor_and_rhun,me_rhun_region,c289c6,no
2607,me_land_2567,Land 2567,land,662,279,0.6471163,0.5459883,39,9,me_rhovanion,me_mirkwood_region,60c13f,no
2608,me_land_2568,Land 2568,land,309,302,0.3020528,0.5909980,47,1,me_eriador,me_enedwaith_region,fef8b8,no
2609,me_land_2569,Land 2569,land,777,138,0.7595308,0.2700587,47,9,me_mordor_and_rhun,me_rhun_region,9d3031,no
2610,me_land_2570,Land 2570,land,300,325,0.2932551,0.6360078,40,1,me_eriador,me_enedwaith_region,3b67aa,no
2611,me_land_2571,Land 2571,land,697,352,0.6813294,0.6888454,79,8,me_mordor_and_rhun,me_mordor_region,d99f23,no
2612,me_land_2572,Land 2572,land,767,357,0.7497556,0.6986301,28,8,me_mordor_and_rhun,me_mordor_region,77d69c,no
2613,me_land_2573,Land 2573,land,583,231,0.5698925,0.4520548,27,3,me_rhovanion,me_mirkwood_region,160e15,no
2614,me_land_2574,Land 2574,land,711,214,0.6950147,0.4187867,79,1,me_mordor_and_rhun,me_rhun_region,b4458e,no
2615,me_land_2575,Land 2575,land,458,204,0.4477028,0.3992172,38,1,me_eriador,me_shire_breeland_region,527d07,no
2616,me_land_2576,Land 2576,land,780,99,0.7624633,0.1937378,71,5,me_forodwaith,me_northern_wastes_region,f0b480,no
2617,me_land_2577,Land 2577,land,362,169,0.3538612,0.3307241,42,1,me_eriador,me_north_arnor_region,8eebf9,no
2618,me_land_2578,Land 2578,land,851,382,0.8318671,0.7475538,31,1,me_mordor_and_rhun,me_mordor_region,2d2372,no
2619,me_land_2579,Land 2579,land,332,295,0.3245357,0.5772994,39,1,me_eriador,me_enedwaith_region,cb5aeb,no
2620,me_land_2580,Land 2580,land,763,358,0.7458456,0.7005871,47,8,me_mordor_and_rhun,me_mordor_region,699264,no
2621,me_land_2581,Land 2581,land,475,67,0.4643206,0.1311155,46,5,me_forodwaith,me_angmar_region,07c9dd,no
2622,me_land_2582,Land 2582,land,362,240,0.3538612,0.4696673,50,1,me_eriador,me_shire_breeland_region,a60156,no
2623,me_land_2583,Land 2583,land,258,169,0.2521994,0.3307241,42,1,me_eriador,me_lindon_region,4438cf,no
2624,me_land_2584,Land 2584,land,322,170,0.3147605,0.3326810,28,1,me_eriador,me_north_arnor_region,e27048,no
2625,me_land_2585,Land 2585,land,284,200,0.2776149,0.3913894,54,1,me_eriador,me_lindon_region,80a7c1,no
2626,me_land_2586,Land 2586,land,619,352,0.6050831,0.6888454,39,1,me_rhovanion,me_rohan_region,1edf3a,no
2627,me_land_2587,Land 2587,land,673,229,0.6578690,0.4481409,52,3,me_rhovanion,me_mirkwood_region,bd16b3,no
2628,me_land_2588,Land 2588,land,474,304,0.4633431,0.5949119,24,1,me_rhovanion,me_rohan_region,5b4e2c,no
2629,me_land_2589,Land 2589,land,260,233,0.2541544,0.4559687,54,1,me_eriador,me_lindon_region,f985a5,no
2630,me_land_2590,Land 2590,land,767,299,0.7497556,0.5851272,27,9,me_mordor_and_rhun,me_mordor_region,97bd1e,no
2631,me_land_2591,Land 2591,land,658,275,0.6432063,0.5381605,31,9,me_rhovanion,me_mirkwood_region,35f497,no
2632,me_land_2592,Land 2592,land,321,179,0.3137830,0.3502935,34,1,me_eriador,me_shire_breeland_region,d42c10,no
2633,me_land_2593,Land 2593,land,804,265,0.7859238,0.5185910,63,9,me_mordor_and_rhun,me_rhun_region,726389,no
2634,me_land_2594,Land 2594,land,351,322,0.3431085,0.6301370,62,1,me_eriador,me_enedwaith_region,109b02,no
2635,me_land_2595,Land 2595,land,436,104,0.4261975,0.2035225,81,5,me_forodwaith,me_angmar_region,aed27b,no
2636,me_land_2596,Land 2596,land,196,107,0.1915934,0.2093933,58,5,me_forodwaith,me_forochel_region,4d09f4,no
2637,me_land_2597,Land 2597,land,839,462,0.8201369,0.9041096,64,10,me_harad,me_near_harad_region,eb416d,no
2638,me_land_2598,Land 2598,land,865,321,0.8455523,0.6281800,58,1,me_mordor_and_rhun,me_mordor_region,8978e6,no
2639,me_land_2599,Land 2599,land,365,194,0.3567937,0.3796477,37,1,me_eriador,me_shire_breeland_region,27b05f,no
2640,me_land_2600,Land 2600,land,270,131,0.2639296,0.2563601,37,1,me_eriador,me_lindon_region,c5e7d8,no
2641,me_land_2601,Land 2601,land,244,205,0.2385142,0.4011742,45,1,me_eriador,me_lindon_region,641f51,no
2642,me_land_2602,Land 2602,land,305,426,0.2981427,0.8336595,24,1,me_harad,me_umbar_region,0256ca,no
2643,me_land_2603,Land 2603,land,565,282,0.5522972,0.5518591,40,1,me_rhovanion,me_mirkwood_region,a08e43,no
2644,me_land_2604,Land 2604,land,657,305,0.6422287,0.5968689,40,9,me_rhovanion,me_rohan_region,3ec5bc,no
2645,me_land_2605,Land 2605,land,381,134,0.3724340,0.2622309,77,1,me_eriador,me_north_arnor_region,dcfd35,no
2646,me_land_2606,Land 2606,land,553,47,0.5405670,0.0919765,43,5,me_forodwaith,me_northern_wastes_region,7b34ae,no
2647,me_land_2607,Land 2607,land,725,289,0.7086999,0.5655577,20,9,me_mordor_and_rhun,me_rhun_region,196c27,no
2648,me_land_2608,Land 2608,land,226,236,0.2209189,0.4618395,76,1,me_eriador,me_lindon_region,b7a3a0,no
2649,me_land_2609,Land 2609,land,645,135,0.6304985,0.2641879,66,3,me_rhovanion,me_grey_mountains_region,55db19,no
2650,me_land_2610,Land 2610,land,650,426,0.6353861,0.8336595,39,10,me_harad,me_near_harad_region,f41292,no
2651,me_land_2611,Land 2611,land,755,256,0.7380254,0.5009785,48,9,me_mordor_and_rhun,me_rhun_region,924a0b,no
2652,me_land_2612,Land 2612,land,451,328,0.4408602,0.6418787,51,1,me_eriador,me_enedwaith_region,308184,no
2653,me_land_2613,Land 2613,land,287,263,0.2805474,0.5146771,45,1,me_eriador,me_lindon_region,ceb8fd,no
2654,me_land_2614,Land 2614,land,479,372,0.4682307,0.7279843,56,1,me_rhovanion,me_rohan_region,6cf076,no
2655,me_land_2615,Land 2615,land,742,182,0.7253177,0.3561644,48,9,me_mordor_and_rhun,me_rhun_region,0b27ef,no
2656,me_land_2616,Land 2616,land,512,270,0.5004888,0.5283757,57,1,me_rhovanion,me_anduin_vale_region,a95f68,no
2657,me_land_2617,Land 2617,land,596,431,0.5826002,0.8434442,47,10,me_harad,me_near_harad_region,4796e1,no
2658,me_land_2618,Land 2618,land,415,221,0.4056696,0.4324853,27,1,me_eriador,me_shire_breeland_region,e5ce5a,no
2659,me_land_2619,Land 2619,land,733,105,0.7165200,0.2054795,96,5,me_forodwaith,me_northern_wastes_region,8405d3,no
2660,me_land_2620,Land 2620,land,545,46,0.5327468,0.0900196,108,5,me_forodwaith,me_northern_wastes_region,223d4c,no
2661,me_land_2621,Land 2621,land,655,119,0.6402737,0.2328767,51,1,me_forodwaith,me_northern_wastes_region,c074c5,no
2662,me_land_2622,Land 2622,land,623,194,0.6089932,0.3796477,64,3,me_rhovanion,me_dale_region,5eac3e,no
2663,me_land_2623,Land 2623,land,312,194,0.3049853,0.3796477,46,1,me_eriador,me_shire_breeland_region,fce3b7,no
2664,me_land_2624,Land 2624,land,447,127,0.4369501,0.2485323,61,1,me_eriador,me_north_arnor_region,9b1b30,no
2665,me_land_2625,Land 2625,land,712,139,0.6959922,0.2720157,46,1,me_mordor_and_rhun,me_rhun_region,3952a9,no
2666,me_land_2626,Land 2626,land,591,385,0.5777126,0.7534247,30,1,me_gondor,me_lebennin_region,d78a22,no
2667,me_land_2627,Land 2627,land,548,331,0.5356794,0.6477495,44,1,me_rhovanion,me_rohan_region,75c19b,no
2668,me_land_2628,Land 2628,land,434,291,0.4242424,0.5694716,47,1,me_eriador,me_enedwaith_region,13f914,no
2669,me_land_2629,Land 2629,land,331,134,0.3235582,0.2622309,35,1,me_eriador,me_north_arnor_region,b2308d,no
2670,me_land_2630,Land 2630,land,869,395,0.8494624,0.7729941,64,1,me_mordor_and_rhun,me_mordor_region,506806,no
2671,me_land_2631,Land 2631,land,417,74,0.4076246,0.1448141,69,5,me_forodwaith,me_angmar_region,ee9f7f,no
2672,me_land_2632,Land 2632,land,400,65,0.3910068,0.1272016,122,5,me_forodwaith,me_angmar_region,8cd6f8,no
2673,me_land_2633,Land 2633,land,436,328,0.4261975,0.6418787,30,1,me_eriador,me_enedwaith_region,2b0e71,no
2674,me_land_2634,Land 2634,land,718,343,0.7018573,0.6712329,54,8,me_mordor_and_rhun,me_mordor_region,c945ea,no
2675,me_land_2635,Land 2635,land,734,274,0.7174976,0.5362035,44,9,me_mordor_and_rhun,me_rhun_region,677d63,no
2676,me_land_2636,Land 2636,land,693,336,0.6774194,0.6575342,80,1,me_mordor_and_rhun,me_mordor_region,05b4dc,no
2677,me_land_2637,Land 2637,land,629,317,0.6148583,0.6203523,61,9,me_rhovanion,me_rohan_region,a3ec55,no
2678,me_land_2638,Land 2638,land,559,387,0.5464321,0.7573386,19,1,me_gondor,me_lebennin_region,4223ce,no
2679,me_land_2639,Land 2639,land,265,297,0.2590420,0.5812133,33,1,me_eriador,me_lindon_region,e05b47,no
2680,me_land_2640,Land 2640,land,793,331,0.7751711,0.6477495,42,8,me_mordor_and_rhun,me_mordor_region,7e92c0,no
2681,me_land_2641,Land 2641,land,862,142,0.8426197,0.2778865,75,9,me_mordor_and_rhun,me_rhun_region,1cca39,no
2682,me_land_2642,Land 2642,land,671,129,0.6559140,0.2524462,38,1,me_rhovanion,me_grey_mountains_region,bb01b2,no
2683,me_land_2643,Land 2643,land,479,389,0.4682307,0.7612524,40,1,me_gondor,me_belfalas_region,59392b,no
2684,me_land_2644,Land 2644,land,429,438,0.4193548,0.8571429,32,10,me_harad,me_umbar_region,f770a4,no
2685,me_land_2645,Land 2645,land,842,306,0.8230694,0.5988258,46,9,me_mordor_and_rhun,me_mordor_region,95a81d,no
2686,me_land_2646,Land 2646,land,523,462,0.5112414,0.9041096,20,10,me_harad,me_umbar_region,33df96,no
2687,me_land_2647,Land 2647,land,278,148,0.2717498,0.2896282,45,1,me_eriador,me_lindon_region,d2170f,no
2688,me_land_2648,Land 2648,land,664,173,0.6490714,0.3385519,40,3,me_rhovanion,me_dale_region,704e88,no
2689,me_land_2649,Land 2649,land,558,309,0.5454545,0.6046967,30,1,me_rhovanion,me_rohan_region,0e8601,no
2690,me_land_2650,Land 2650,land,564,54,0.5513196,0.1056751,73,5,me_forodwaith,me_northern_wastes_region,acbd7a,no
2691,me_land_2651,Land 2651,land,696,81,0.6803519,0.1585127,61,5,me_forodwaith,me_northern_wastes_region,4af4f3,no
2692,me_land_2652,Land 2652,land,680,225,0.6647116,0.4403131,61,3,me_rhovanion,me_mirkwood_region,e92c6c,no
2693,me_land_2653,Land 2653,land,579,388,0.5659824,0.7592955,30,1,me_gondor,me_lebennin_region,8763e5,no
2694,me_land_2654,Land 2654,land,349,85,0.3411535,0.1663405,93,5,me_forodwaith,me_forochel_region,259b5e,no
2695,me_land_2655,Land 2655,land,243,71,0.2375367,0.1389432,88,5,me_forodwaith,me_forochel_region,c3d2d7,no
2696,me_land_2656,Land 2656,land,818,170,0.7996090,0.3326810,43,9,me_mordor_and_rhun,me_rhun_region,620a50,no
2697,me_land_2657,Land 2657,land,461,244,0.4506354,0.4774951,30,1,me_eriador,me_shire_breeland_region,0041c9,no
2698,me_land_2658,Land 2658,land,723,368,0.7067449,0.7201566,44,8,me_mordor_and_rhun,me_mordor_region,9e7942,no
2699,me_land_2659,Land 2659,land,773,133,0.7556207,0.2602740,32,9,me_mordor_and_rhun,me_rhun_region,3cb0bb,no
2700,me_land_2660,Land 2660,land,702,495,0.6862170,0.9686888,49,10,me_harad,me_far_harad_region,dae834,no
2701,me_land_2661,Land 2661,land,231,250,0.2258065,0.4892368,75,1,me_eriador,me_lindon_region,791fad,no
2702,me_land_2662,Land 2662,land,262,315,0.2561095,0.6164384,56,1,me_eriador,me_lindon_region,175726,no
2703,me_land_2663,Land 2663,land,879,372,0.8592375,0.7279843,48,1,me_mordor_and_rhun,me_mordor_region,b58e9f,no
2704,me_land_2664,Land 2664,land,294,47,0.2873900,0.0919765,72,5,me_forodwaith,me_forochel_region,53c618,no
2705,me_land_2665,Land 2665,land,524,174,0.5122190,0.3405088,39,1,me_rhovanion,me_anduin_vale_region,f1fd91,no
2706,me_land_2666,Land 2666,land,536,258,0.5239492,0.5048924,38,1,me_rhovanion,me_anduin_vale_region,90350a,no
2707,me_land_2667,Land 2667,land,582,292,0.5689150,0.5714286,46,9,me_rhovanion,me_anduin_vale_region,2e6c83,no
2708,me_land_2668,Land 2668,land,892,391,0.8719453,0.7651663,32,1,me_mordor_and_rhun,me_mordor_region,cca3fc,no
2709,me_land_2669,Land 2669,land,834,438,0.8152493,0.8571429,66,10,me_harad,me_near_harad_region,6adb75,no
2710,me_land_2670,Land 2670,land,319,312,0.3118280,0.6105675,64,1,me_eriador,me_enedwaith_region,0912ee,no
2711,me_land_2671,Land 2671,land,431,212,0.4213099,0.4148728,40,1,me_eriador,me_shire_breeland_region,a74a67,no
2712,me_land_2672,Land 2672,land,908,227,0.8875855,0.4442270,56,9,me_mordor_and_rhun,me_rhun_region,4581e0,no
2713,me_land_2673,Land 2673,land,874,167,0.8543500,0.3268102,33,9,me_mordor_and_rhun,me_rhun_region,e3b959,no
2714,me_land_2674,Land 2674,land,299,221,0.2922776,0.4324853,60,1,me_eriador,me_shire_breeland_region,81f0d2,no
2715,me_land_2675,Land 2675,land,382,328,0.3734115,0.6418787,42,1,me_eriador,me_enedwaith_region,20284b,no
2716,me_land_2676,Land 2676,land,630,297,0.6158358,0.5812133,47,9,me_rhovanion,me_brown_lands_region,be5fc4,no
2717,me_land_2677,Land 2677,land,439,451,0.4291300,0.8825832,28,10,me_harad,me_umbar_region,5c973d,no
2718,me_land_2678,Land 2678,land,476,485,0.4652981,0.9491194,70,10,me_harad,me_umbar_region,faceb6,no
2719,me_land_2679,Land 2679,land,584,491,0.5708700,0.9608611,69,10,me_harad,me_far_harad_region,99062f,no
2720,me_land_2680,Land 2680,land,567,256,0.5542522,0.5009785,40,1,me_rhovanion,me_mirkwood_region,373da8,no
2721,me_land_2681,Land 2681,land,714,81,0.6979472,0.1585127,75,5,me_forodwaith,me_northern_wastes_region,d57521,no
2722,me_land_2682,Land 2682,land,333,249,0.3255132,0.4872798,55,1,me_eriador,me_shire_breeland_region,73ac9a,no
2723,me_land_2683,Land 2683,land,523,116,0.5112414,0.2270059,133,5,me_forodwaith,me_angmar_region,11e413,no
2724,me_land_2684,Land 2684,land,601,491,0.5874878,0.9608611,43,10,me_harad,me_far_harad_region,b01b8c,no
2725,me_land_2685,Land 2685,land,738,467,0.7214076,0.9138943,94,10,me_harad,me_near_harad_region,4e5305,no
2726,me_land_2686,Land 2686,land,729,472,0.7126100,0.9236791,60,10,me_harad,me_near_harad_region,ec8a7e,no
2727,me_land_2687,Land 2687,land,664,405,0.6490714,0.7925636,32,1,me_gondor,me_south_gondor_region,8ac1f7,no
2728,me_land_2688,Land 2688,land,418,355,0.4086022,0.6947162,49,1,me_gondor,me_belfalas_region,28f970,no
2729,me_land_2689,Land 2689,land,861,359,0.8416422,0.7025440,52,1,me_mordor_and_rhun,me_mordor_region,c730e9,no
2730,me_land_2690,Land 2690,land,572,382,0.5591398,0.7475538,29,1,me_rhovanion,me_rohan_region,656862,no
2731,me_land_2691,Land 2691,land,684,410,0.6686217,0.8023483,48,1,me_mordor_and_rhun,me_mordor_region,039fdb,no
2732,me_land_2692,Land 2692,land,388,469,0.3792766,0.9178082,53,10,me_harad,me_umbar_region,a1d754,no
2733,me_land_2693,Land 2693,land,743,494,0.7262952,0.9667319,85,10,me_harad,me_far_harad_region,400ecd,no
2734,me_land_2694,Land 2694,land,378,469,0.3695015,0.9178082,63,10,me_harad,me_umbar_region,de4646,no
2735,me_land_2695,Land 2695,land,378,152,0.3695015,0.2974560,37,1,me_eriador,me_north_arnor_region,7c7dbf,no
2736,me_land_2696,Land 2696,land,376,310,0.3675464,0.6066536,31,1,me_eriador,me_enedwaith_region,1ab538,no
2737,me_land_2697,Land 2697,land,516,356,0.5043988,0.6966732,37,1,me_rhovanion,me_rohan_region,b8ecb1,no
2738,me_land_2698,Land 2698,land,785,183,0.7673509,0.3581213,60,9,me_mordor_and_rhun,me_rhun_region,57242a,no
2739,me_land_2699,Land 2699,land,652,264,0.6373412,0.5166341,52,1,me_rhovanion,me_mirkwood_region,f55ba3,no
2740,me_land_2700,Land 2700,land,601,217,0.5874878,0.4246575,45,3,me_rhovanion,me_mirkwood_region,93931c,no
2741,me_land_2701,Land 2701,land,463,481,0.4525904,0.9412916,33,10,me_harad,me_umbar_region,31ca95,no
2742,me_land_2702,Land 2702,land,243,129,0.2375367,0.2524462,48,1,me_eriador,me_lindon_region,d0020e,no
2743,me_land_2703,Land 2703,land,475,308,0.4643206,0.6027397,26,1,me_rhovanion,me_rohan_region,6e3987,no
2744,me_land_2704,Land 2704,land,301,252,0.2942326,0.4931507,54,1,me_eriador,me_enedwaith_region,0c7100,no
2745,me_land_2705,Land 2705,land,452,335,0.4418377,0.6555773,59,1,me_gondor,me_belfalas_region,aaa879,no
2746,me_land_2706,Land 2706,land,519,386,0.5073314,0.7553816,31,1,me_gondor,me_belfalas_region,48dff2,no
2747,me_land_2707,Land 2707,land,313,169,0.3059629,0.3307241,37,1,me_eriador,me_north_arnor_region,e7176b,no
2748,me_land_2708,Land 2708,land,443,271,0.4330401,0.5303327,32,1,me_eriador,me_enedwaith_region,854ee4,no
2749,me_land_2709,Land 2709,land,793,368,0.7751711,0.7201566,39,8,me_mordor_and_rhun,me_mordor_region,23865d,no
2750,me_land_2710,Land 2710,land,767,142,0.7497556,0.2778865,78,9,me_mordor_and_rhun,me_rhun_region,c1bdd6,no
2751,me_land_2711,Land 2711,land,638,156,0.6236559,0.3052838,27,3,me_rhovanion,me_dale_region,5ff54f,no
2752,me_land_2712,Land 2712,land,737,372,0.7204301,0.7279843,23,8,me_mordor_and_rhun,me_mordor_region,fe2cc8,no
2753,me_land_2713,Land 2713,land,715,348,0.6989247,0.6810176,31,8,me_mordor_and_rhun,me_mordor_region,9c6441,no
2754,me_land_2714,Land 2714,land,568,150,0.5552297,0.2935421,40,1,me_rhovanion,me_mirkwood_region,3a9bba,no
2755,me_land_2715,Land 2715,land,517,445,0.5053763,0.8708415,40,10,me_harad,me_umbar_region,d8d333,no
2756,me_land_2716,Land 2716,land,398,217,0.3890518,0.4246575,30,1,me_eriador,me_shire_breeland_region,770aac,no
2757,me_land_2717,Land 2717,land,249,216,0.2434018,0.4227006,44,1,me_eriador,me_lindon_region,154225,no
2758,me_land_2718,Land 2718,land,651,374,0.6363636,0.7318982,13,2,me_gondor,me_anorien_region,b3799e,no
2759,me_land_2719,Land 2719,land,455,231,0.4447703,0.4520548,29,1,me_eriador,me_shire_breeland_region,51b117,no
2760,me_land_2720,Land 2720,land,705,175,0.6891496,0.3424658,45,1,me_mordor_and_rhun,me_rhun_region,efe890,no
2761,me_land_2721,Land 2721,land,862,105,0.8426197,0.2054795,59,1,me_forodwaith,me_northern_wastes_region,8e2009,no
2762,me_land_2722,Land 2722,land,312,47,0.3049853,0.0919765,71,5,me_forodwaith,me_forochel_region,2c5782,no
2763,me_land_2723,Land 2723,land,499,147,0.4877810,0.2876712,24,1,me_eriador,me_north_arnor_region,ca8efb,no
2764,me_land_2724,Land 2724,land,493,168,0.4819159,0.3287671,55,1,me_eriador,me_north_arnor_region,68c674,no
2765,me_land_2725,Land 2725,land,482,301,0.4711632,0.5890411,32,1,me_eriador,me_enedwaith_region,06fded,no
2766,me_land_2726,Land 2726,land,271,332,0.2649071,0.6497065,43,1,me_eriador,me_lindon_region,a53566,no
2767,me_land_2727,Land 2727,land,769,463,0.7517107,0.9060665,98,10,me_harad,me_near_harad_region,436cdf,no
2768,me_land_2728,Land 2728,land,536,184,0.5239492,0.3600783,46,1,me_rhovanion,me_anduin_vale_region,e1a458,no
2769,me_land_2729,Land 2729,land,409,234,0.3998045,0.4579256,35,1,me_eriador,me_shire_breeland_region,7fdbd1,no
2770,me_land_2730,Land 2730,land,612,267,0.5982405,0.5225049,49,9,me_rhovanion,me_mirkwood_region,1e134a,no
2771,me_land_2731,Land 2731,land,536,373,0.5239492,0.7299413,40,1,me_rhovanion,me_rohan_region,bc4ac3,no
2772,me_land_2732,Land 2732,land,902,202,0.8817204,0.3953033,80,9,me_mordor_and_rhun,me_rhun_region,5a823c,no
2773,me_land_2733,Land 2733,land,906,344,0.8856305,0.6731898,54,1,me_mordor_and_rhun,me_mordor_region,f8b9b5,no
2774,me_land_2734,Land 2734,land,364,252,0.3558162,0.4931507,43,1,me_eriador,me_enedwaith_region,96f12e,no
2775,me_land_2735,Land 2735,land,784,146,0.7663734,0.2857143,52,9,me_mordor_and_rhun,me_rhun_region,3528a7,no
2776,me_land_2736,Land 2736,land,717,137,0.7008798,0.2681018,37,9,me_mordor_and_rhun,me_rhun_region,d36020,no
2777,me_land_2737,Land 2737,land,640,410,0.6256109,0.8023483,31,1,me_gondor,me_south_gondor_region,719799,no
2778,me_land_2738,Land 2738,land,739,171,0.7223851,0.3346380,46,9,me_mordor_and_rhun,me_rhun_region,0fcf12,no
2779,me_land_2739,Land 2739,land,217,159,0.2121212,0.3111546,24,1,me_eriador,me_lindon_region,ae068b,no
2780,me_land_2740,Land 2740,land,774,88,0.7565982,0.1722114,102,5,me_forodwaith,me_northern_wastes_region,4c3e04,no
2781,me_land_2741,Land 2741,land,378,240,0.3695015,0.4696673,62,1,me_eriador,me_shire_breeland_region,ea757d,no
2782,me_land_2742,Land 2742,land,279,262,0.2727273,0.5127202,49,1,me_eriador,me_lindon_region,88acf6,no
2783,me_land_2743,Land 2743,land,706,441,0.6901271,0.8630137,48,10,me_harad,me_near_harad_region,26e46f,no
2784,me_land_2744,Land 2744,land,465,169,0.4545455,0.3307241,63,1,me_eriador,me_north_arnor_region,c51be8,no
2785,me_land_2745,Land 2745,land,538,176,0.5259042,0.3444227,33,1,me_rhovanion,me_anduin_vale_region,635361,no
2786,me_land_2746,Land 2746,land,558,26,0.5454545,0.0508806,95,5,me_forodwaith,me_northern_wastes_region,018ada,no
2787,me_land_2747,Land 2747,land,399,103,0.3900293,0.2015656,87,5,me_forodwaith,me_angmar_region,9fc253,no
2788,me_land_2748,Land 2748,land,251,136,0.2453568,0.2661448,47,1,me_eriador,me_lindon_region,3df9cc,no
2789,me_land_2749,Land 2749,land,351,332,0.3431085,0.6497065,41,1,me_eriador,me_enedwaith_region,dc3145,no
2790,me_land_2750,Land 2750,land,247,220,0.2414467,0.4305284,28,1,me_eriador,me_lindon_region,7a68be,no
2791,me_land_2751,Land 2751,land,905,176,0.8846530,0.3444227,37,9,me_mordor_and_rhun,me_rhun_region,18a037,no
2792,me_land_2752,Land 2752,land,733,242,0.7165200,0.4735812,68,9,me_mordor_and_rhun,me_rhun_region,b6d7b0,no
2793,me_land_2753,Land 2753,land,513,433,0.5014663,0.8473581,30,10,me_harad,me_umbar_region,550f29,no
2794,me_land_2754,Land 2754,land,253,143,0.2473118,0.2798434,37,1,me_eriador,me_lindon_region,f346a2,no
2795,me_land_2755,Land 2755,land,424,448,0.4144673,0.8767123,41,10,me_harad,me_umbar_region,917e1b,no
2796,me_land_2756,Land 2756,land,485,454,0.4740958,0.8884540,38,10,me_harad,me_umbar_region,2fb594,no
2797,me_land_2757,Land 2757,land,668,98,0.6529814,0.1917808,51,5,me_forodwaith,me_northern_wastes_region,cded0d,no
2798,me_land_2758,Land 2758,land,448,64,0.4379277,0.1252446,121,5,me_forodwaith,me_angmar_region,6c2486,no
2799,me_land_2759,Land 2759,land,288,123,0.2815249,0.2407045,59,1,me_eriador,me_lindon_region,0a5bff,no
2800,me_land_2760,Land 2760,land,438,235,0.4281525,0.4598826,44,1,me_eriador,me_shire_breeland_region,a89378,no
2801,me_land_2761,Land 2761,land,873,234,0.8533724,0.4579256,24,9,me_mordor_and_rhun,me_rhun_region,46caf1,no
2802,me_land_2762,Land 2762,land,492,317,0.4809384,0.6203523,66,3,me_rhovanion,me_rohan_region,e5026a,no
2803,me_land_2763,Land 2763,land,465,182,0.4545455,0.3561644,44,1,me_eriador,me_shire_breeland_region,8339e3,no
2804,me_land_2764,Land 2764,land,886,256,0.8660802,0.5009785,41,9,me_mordor_and_rhun,me_rhun_region,21715c,no
2805,me_land_2765,Land 2765,land,910,324,0.8895406,0.6340509,44,1,me_mordor_and_rhun,me_mordor_region,bfa8d5,no
2806,me_land_2766,Land 2766,land,541,389,0.5288368,0.7612524,37,1,me_gondor,me_belfalas_region,5de04e,no
2807,me_land_2767,Land 2767,land,727,136,0.7106549,0.2661448,82,9,me_mordor_and_rhun,me_rhun_region,fc17c7,no
2808,me_land_2768,Land 2768,land,629,379,0.6148583,0.7416830,40,1,me_rhovanion,me_rohan_region,9a4f40,no
2809,me_land_2769,Land 2769,land,719,247,0.7028348,0.4833659,71,9,me_mordor_and_rhun,me_rhun_region,3886b9,no
2810,me_land_2770,Land 2770,land,305,255,0.2981427,0.4990215,35,1,me_eriador,me_enedwaith_region,d6be32,no
2811,me_land_2771,Land 2771,land,300,267,0.2932551,0.5225049,38,1,me_eriador,me_enedwaith_region,74f5ab,no
2812,me_land_2772,Land 2772,land,527,235,0.5151515,0.4598826,32,1,me_rhovanion,me_anduin_vale_region,132d24,no
2813,me_land_2773,Land 2773,land,734,283,0.7174976,0.5538160,25,9,me_mordor_and_rhun,me_rhun_region,b1649d,no
2814,me_land_2774,Land 2774,land,397,120,0.3880743,0.2348337,56,1,me_forodwaith,me_angmar_region,4f9c16,no
2815,me_land_2775,Land 2775,land,500,336,0.4887586,0.6575342,47,1,me_rhovanion,me_rohan_region,edd38f,no
2816,me_land_2776,Land 2776,land,277,164,0.2707722,0.3209393,72,1,me_eriador,me_lindon_region,8c0b08,no
2817,me_land_2777,Land 2777,land,511,451,0.4995112,0.8825832,31,10,me_harad,me_umbar_region,2a4281,no
2818,me_land_2778,Land 2778,land,678,279,0.6627566,0.5459883,34,1,me_rhovanion,me_mirkwood_region,c879fa,no
2819,me_land_2779,Land 2779,land,212,158,0.2072336,0.3091977,27,1,me_eriador,me_lindon_region,66b173,no
2820,me_land_2780,Land 2780,land,570,428,0.5571848,0.8375734,38,10,me_harad,me_near_harad_region,04e8ec,no
2821,me_land_2781,Land 2781,land,520,310,0.5083089,0.6066536,81,3,me_rhovanion,me_rohan_region,a32065,no
2822,me_land_2782,Land 2782,land,689,279,0.6735093,0.5459883,37,1,me_mordor_and_rhun,me_rhun_region,4157de,no
2823,me_land_2783,Land 2783,land,658,247,0.6432063,0.4833659,93,3,me_rhovanion,me_mirkwood_region,df8f57,no
2824,me_land_2784,Land 2784,land,486,143,0.4750733,0.2798434,23,1,me_eriador,me_north_arnor_region,7dc6d0,no
2825,me_land_2785,Land 2785,land,493,339,0.4819159,0.6634051,29,1,me_rhovanion,me_rohan_region,1bfe49,no
2826,me_land_2786,Land 2786,land,430,129,0.4203324,0.2524462,41,1,me_eriador,me_north_arnor_region,ba35c2,no
2827,me_land_2787,Land 2787,land,729,373,0.7126100,0.7299413,26,8,me_mordor_and_rhun,me_mordor_region,586d3b,no
2828,me_land_2788,Land 2788,land,539,336,0.5268817,0.6575342,27,1,me_rhovanion,me_rohan_region,f6a4b4,no
2829,me_land_2789,Land 2789,land,430,162,0.4203324,0.3170254,31,1,me_eriador,me_north_arnor_region,94dc2d,no
2830,me_land_2790,Land 2790,land,823,452,0.8044966,0.8845401,49,10,me_harad,me_near_harad_region,3313a6,no
2831,me_land_2791,Land 2791,land,923,273,0.9022483,0.5342466,42,1,me_mordor_and_rhun,me_rhun_region,d14b1f,no
2832,me_land_2792,Land 2792,land,591,500,0.5777126,0.9784736,74,10,me_harad,me_far_harad_region,6f8298,no
2833,me_land_2793,Land 2793,land,790,93,0.7722385,0.1819961,70,5,me_forodwaith,me_northern_wastes_region,0dba11,no
2834,me_land_2794,Land 2794,land,332,220,0.3245357,0.4305284,33,1,me_eriador,me_shire_breeland_region,abf18a,no
2835,me_land_2795,Land 2795,land,554,106,0.5415445,0.2074364,89,5,me_forodwaith,me_northern_wastes_region,4a2903,no
2836,me_land_2796,Land 2796,land,374,443,0.3655914,0.8669276,54,10,me_harad,me_umbar_region,e8607c,no
2837,me_land_2797,Land 2797,land,413,37,0.4037146,0.0724070,66,5,me_forodwaith,me_angmar_region,8697f5,no
2838,me_land_2798,Land 2798,land,458,172,0.4477028,0.3365949,41,1,me_eriador,me_north_arnor_region,24cf6e,no
2839,me_land_2799,Land 2799,land,666,331,0.6510264,0.6477495,49,2,me_rhovanion,me_rohan_region,c306e7,no
2840,me_land_2800,Land 2800,land,500,81,0.4887586,0.1585127,75,5,me_forodwaith,me_angmar_region,613e60,no
2841,me_land_2801,Land 2801,land,832,176,0.8132942,0.3444227,42,9,me_mordor_and_rhun,me_rhun_region,ff75d9,no
2842,me_land_2802,Land 2802,land,364,64,0.3558162,0.1252446,58,5,me_forodwaith,me_forochel_region,9dad52,no
2843,me_land_2803,Land 2803,land,714,355,0.6979472,0.6947162,32,8,me_mordor_and_rhun,me_mordor_region,3be4cb,no
2844,me_land_2804,Land 2804,land,403,358,0.3939394,0.7005871,39,1,me_gondor,me_belfalas_region,da1c44,no
2845,me_land_2805,Land 2805,land,605,494,0.5913978,0.9667319,71,10,me_harad,me_far_harad_region,7853bd,no
2846,me_land_2806,Land 2806,land,858,376,0.8387097,0.7358121,37,1,me_mordor_and_rhun,me_mordor_region,168b36,no
2847,me_land_2807,Land 2807,land,435,272,0.4252199,0.5322896,36,1,me_eriador,me_enedwaith_region,b4c2af,no
2848,me_land_2808,Land 2808,land,831,127,0.8123167,0.2485323,59,1,me_mordor_and_rhun,me_rhun_region,52fa28,no
2849,me_land_2809,Land 2809,land,742,352,0.7253177,0.6888454,42,8,me_mordor_and_rhun,me_mordor_region,f131a1,no
2850,me_land_2810,Land 2810,land,810,74,0.7917889,0.1448141,72,1,me_forodwaith,me_northern_wastes_region,8f691a,no
2851,me_land_2811,Land 2811,land,890,225,0.8699902,0.4403131,53,9,me_mordor_and_rhun,me_rhun_region,2da093,no
2852,me_land_2812,Land 2812,land,558,133,0.5454545,0.2602740,30,1,me_rhovanion,me_grey_mountains_region,cbd80c,no
2853,me_land_2813,Land 2813,land,218,194,0.2130987,0.3796477,50,1,me_eriador,me_lindon_region,6a0f85,no
2854,me_land_2814,Land 2814,land,382,309,0.3734115,0.6046967,50,1,me_eriador,me_enedwaith_region,0846fe,no
2855,me_land_2815,Land 2815,land,884,206,0.8641251,0.4031311,39,9,me_mordor_and_rhun,me_rhun_region,a67e77,no
2856,me_land_2816,Land 2816,land,537,193,0.5249267,0.3776908,41,1,me_rhovanion,me_anduin_vale_region,44b5f0,no
2857,me_land_2817,Land 2817,land,305,59,0.2981427,0.1154599,70,5,me_forodwaith,me_forochel_region,e2ed69,no
2858,me_land_2818,Land 2818,land,593,328,0.5796676,0.6418787,30,1,me_rhovanion,me_rohan_region,8124e2,no
2859,me_land_2819,Land 2819,land,869,140,0.8494624,0.2739726,68,9,me_mordor_and_rhun,me_rhun_region,1f5c5b,no
2860,me_land_2820,Land 2820,land,741,444,0.7243402,0.8688845,40,10,me_harad,me_near_harad_region,bd93d4,no
2861,me_land_2821,Land 2821,land,848,256,0.8289345,0.5009785,38,9,me_mordor_and_rhun,me_rhun_region,5bcb4d,no
2862,me_land_2822,Land 2822,land,565,119,0.5522972,0.2328767,37,1,me_forodwaith,me_northern_wastes_region,fa02c6,no
2863,me_land_2823,Land 2823,land,568,402,0.5552297,0.7866928,18,1,me_gondor,me_lebennin_region,983a3f,no
2864,me_land_2824,Land 2824,land,600,437,0.5865103,0.8551859,29,10,me_harad,me_near_harad_region,3671b8,no
2865,me_land_2825,Land 2825,land,471,413,0.4604106,0.8082192,57,1,me_gondor,me_belfalas_region,d4a931,no
2866,me_land_2826,Land 2826,land,661,223,0.6461388,0.4363992,83,3,me_rhovanion,me_mirkwood_region,72e0aa,no
2867,me_land_2827,Land 2827,land,345,419,0.3372434,0.8199609,33,1,me_gondor,me_belfalas_region,111823,no
2868,me_land_2828,Land 2828,land,795,112,0.7771261,0.2191781,83,5,me_forodwaith,me_northern_wastes_region,af4f9c,no
2869,me_land_2829,Land 2829,land,565,320,0.5522972,0.6262231,55,1,me_rhovanion,me_rohan_region,4d8715,no
2870,me_land_2830,Land 2830,land,729,216,0.7126100,0.4227006,54,9,me_mordor_and_rhun,me_rhun_region,ebbe8e,no
2871,me_land_2831,Land 2831,land,875,357,0.8553275,0.6986301,50,1,me_mordor_and_rhun,me_mordor_region,89f607,no
2872,me_land_2832,Land 2832,land,886,167,0.8660802,0.3268102,30,9,me_mordor_and_rhun,me_rhun_region,282d80,no
2873,me_land_2833,Land 2833,land,525,230,0.5131965,0.4500978,30,1,me_rhovanion,me_anduin_vale_region,c664f9,no
2874,me_land_2834,Land 2834,land,833,180,0.8142717,0.3522505,31,9,me_mordor_and_rhun,me_rhun_region,649c72,no
2875,me_land_2835,Land 2835,land,647,215,0.6324536,0.4207436,85,3,me_rhovanion,me_dale_region,02d3eb,no
2876,me_land_2836,Land 2836,land,448,83,0.4379277,0.1624266,172,5,me_forodwaith,me_angmar_region,a10b64,no
2877,me_land_2837,Land 2837,land,611,465,0.5972630,0.9099804,48,10,me_harad,me_near_harad_region,3f42dd,no
2878,me_land_2838,Land 2838,land,919,183,0.8983382,0.3581213,55,9,me_mordor_and_rhun,me_rhun_region,dd7a56,no
2879,me_land_2839,Land 2839,land,724,162,0.7077224,0.3170254,46,9,me_mordor_and_rhun,me_rhun_region,7bb1cf,no
2880,me_land_2840,Land 2840,land,396,355,0.3870968,0.6947162,55,1,me_gondor,me_belfalas_region,19e948,no
2881,me_land_2841,Land 2841,land,625,350,0.6109482,0.6849315,49,1,me_rhovanion,me_rohan_region,b820c1,no
2882,me_land_2842,Land 2842,land,908,182,0.8875855,0.3561644,52,9,me_mordor_and_rhun,me_rhun_region,56583a,no
2883,me_land_2843,Land 2843,land,686,249,0.6705767,0.4872798,50,1,me_mordor_and_rhun,me_rhun_region,f48fb3,no
2884,me_land_2844,Land 2844,land,646,107,0.6314761,0.2093933,113,5,me_forodwaith,me_northern_wastes_region,92c72c,no
2885,me_land_2845,Land 2845,land,507,248,0.4956012,0.4853229,42,1,me_eriador,me_enedwaith_region,30fea5,no
2886,me_land_2846,Land 2846,land,523,62,0.5112414,0.1213307,100,5,me_forodwaith,me_angmar_region,cf361e,no
2887,me_land_2847,Land 2847,land,583,202,0.5698925,0.3953033,32,3,me_rhovanion,me_mirkwood_region,6d6d97,no
2888,me_land_2848,Land 2848,land,284,38,0.2776149,0.0743640,96,5,me_forodwaith,me_forochel_region,0ba510,no
2889,me_land_2849,Land 2849,land,540,108,0.5278592,0.2113503,129,5,me_forodwaith,me_angmar_region,a9dc89,no
2890,me_land_2850,Land 2850,land,858,117,0.8387097,0.2289628,33,1,me_forodwaith,me_northern_wastes_region,481402,no
2891,me_land_2851,Land 2851,land,523,24,0.5112414,0.0469667,88,5,me_forodwaith,me_angmar_region,e64b7b,no
2892,me_land_2852,Land 2852,land,513,238,0.5014663,0.4657534,29,1,me_rhovanion,me_anduin_vale_region,8482f4,no
2893,me_land_2853,Land 2853,land,382,300,0.3734115,0.5870841,34,1,me_eriador,me_enedwaith_region,22ba6d,no
2894,me_land_2854,Land 2854,land,206,199,0.2013685,0.3894325,29,1,me_eriador,me_lindon_region,c0f1e6,no
2895,me_land_2855,Land 2855,land,224,208,0.2189638,0.4070450,57,1,me_eriador,me_lindon_region,5f295f,no
2896,me_land_2856,Land 2856,land,519,155,0.5073314,0.3033268,31,1,me_rhovanion,me_anduin_vale_region,fd60d8,no
2897,me_land_2857,Land 2857,land,428,155,0.4183773,0.3033268,70,1,me_eriador,me_north_arnor_region,9b9851,no
2898,me_land_2858,Land 2858,land,374,317,0.3655914,0.6203523,60,1,me_eriador,me_enedwaith_region,39cfca,no
2899,me_land_2859,Land 2859,land,376,170,0.3675464,0.3326810,19,1,me_eriador,me_north_arnor_region,d80743,no
2900,me_land_2860,Land 2860,land,917,269,0.8963832,0.5264188,40,9,me_mordor_and_rhun,me_rhun_region,763ebc,no
2901,me_land_2861,Land 2861,land,786,329,0.7683284,0.6438356,56,8,me_mordor_and_rhun,me_mordor_region,147635,no
2902,me_land_2862,Land 2862,land,695,52,0.6793744,0.1017613,146,5,me_forodwaith,me_northern_wastes_region,b2adae,no
2903,me_land_2863,Land 2863,land,335,120,0.3274682,0.2348337,54,1,me_forodwaith,me_forochel_region,50e527,no
2904,me_land_2864,Land 2864,land,248,53,0.2424242,0.1037182,56,5,me_forodwaith,me_forochel_region,ef1ca0,no
2905,me_land_2865,Land 2865,land,378,227,0.3695015,0.4442270,48,3,me_eriador,me_shire_breeland_region,8d5419,no
2906,me_land_2866,Land 2866,land,563,231,0.5503421,0.4520548,40,3,me_rhovanion,me_mirkwood_region,2b8b92,no
2907,me_land_2867,Land 2867,land,303,246,0.2961877,0.4814090,39,1,me_eriador,me_shire_breeland_region,c9c30b,no
2908,me_land_2868,Land 2868,land,408,327,0.3988270,0.6399217,76,1,me_eriador,me_enedwaith_region,67fa84,no
2909,me_land_2869,Land 2869,land,372,208,0.3636364,0.4070450,41,3,me_eriador,me_shire_breeland_region,0631fd,no
2910,me_land_2870,Land 2870,land,428,257,0.4183773,0.5029354,34,1,me_eriador,me_enedwaith_region,a46976,no
2911,me_land_2871,Land 2871,land,244,298,0.2385142,0.5831703,38,1,me_eriador,me_lindon_region,42a0ef,no
2912,me_land_2872,Land 2872,land,358,217,0.3499511,0.4246575,24,3,me_eriador,me_shire_breeland_region,e0d868,no
2913,me_land_2873,Land 2873,land,620,172,0.6060606,0.3365949,32,3,me_rhovanion,me_dale_region,7f0fe1,no
2914,me_land_2874,Land 2874,land,528,383,0.5161290,0.7495108,37,1,me_rhovanion,me_rohan_region,1d475a,no
2915,me_land_2875,Land 2875,land,605,272,0.5913978,0.5322896,60,9,me_rhovanion,me_mirkwood_region,bb7ed3,no
2916,me_land_2876,Land 2876,land,884,382,0.8641251,0.7475538,46,1,me_mordor_and_rhun,me_mordor_region,59b64c,no
2917,me_land_2877,Land 2877,land,736,450,0.7194526,0.8806262,49,10,me_harad,me_near_harad_region,f7edc5,no
2918,me_land_2878,Land 2878,land,734,237,0.7174976,0.4637965,40,9,me_mordor_and_rhun,me_rhun_region,96253e,no
2919,me_land_2879,Land 2879,land,485,259,0.4740958,0.5068493,27,1,me_rhovanion,me_anduin_vale_region,345cb7,no
2920,me_land_2880,Land 2880,land,503,462,0.4916911,0.9041096,42,10,me_harad,me_umbar_region,d29430,no
2921,me_land_2881,Land 2881,land,223,148,0.2179863,0.2896282,57,1,me_eriador,me_lindon_region,70cba9,no
2922,me_land_2882,Land 2882,land,632,372,0.6177908,0.7279843,38,1,me_gondor,me_anorien_region,0f0322,no
2923,me_land_2883,Land 2883,land,598,112,0.5845552,0.2191781,63,5,me_forodwaith,me_northern_wastes_region,ad3a9b,no
2924,me_land_2884,Land 2884,land,827,91,0.8084066,0.1780822,43,1,me_forodwaith,me_northern_wastes_region,4b7214,no
2925,me_land_2885,Land 2885,land,831,82,0.8123167,0.1604697,28,1,me_forodwaith,me_northern_wastes_region,e9a98d,no
2926,me_land_2886,Land 2886,land,830,114,0.8113392,0.2230920,37,1,me_forodwaith,me_northern_wastes_region,87e106,no
2927,me_land_2887,Land 2887,land,323,294,0.3157380,0.5753425,56,1,me_eriador,me_enedwaith_region,26187f,no
2928,me_land_2888,Land 2888,land,658,447,0.6432063,0.8747554,102,10,me_harad,me_near_harad_region,c44ff8,no
2929,me_land_2889,Land 2889,land,233,163,0.2277615,0.3189824,46,1,me_eriador,me_lindon_region,628771,no
2930,me_land_2890,Land 2890,land,633,461,0.6187683,0.9021526,75,10,me_harad,me_near_harad_region,00beea,no
2931,me_land_2891,Land 2891,land,736,347,0.7194526,0.6790607,47,8,me_mordor_and_rhun,me_mordor_region,9ef663,no
2932,me_land_2892,Land 2892,land,416,248,0.4066471,0.4853229,61,1,me_eriador,me_shire_breeland_region,3d2ddc,no
2933,me_land_2893,Land 2893,land,801,350,0.7829912,0.6849315,50,8,me_mordor_and_rhun,me_mordor_region,db6555,no
2934,me_land_2894,Land 2894,land,680,241,0.6647116,0.4716243,41,1,me_rhovanion,me_mirkwood_region,799cce,no
2935,me_land_2895,Land 2895,land,716,408,0.6999022,0.7984344,17,8,me_mordor_and_rhun,me_mordor_region,17d447,no
2936,me_land_2896,Land 2896,land,660,230,0.6451613,0.4500978,51,3,me_rhovanion,me_mirkwood_region,b60bc0,no
2937,me_land_2897,Land 2897,land,257,259,0.2512219,0.5068493,33,1,me_eriador,me_lindon_region,544339,no
2938,me_land_2898,Land 2898,land,451,442,0.4408602,0.8649706,50,10,me_harad,me_umbar_region,f27ab2,no
2939,me_land_2899,Land 2899,land,787,157,0.7693060,0.3072407,49,9,me_mordor_and_rhun,me_rhun_region,90b22b,no
2940,me_land_2900,Land 2900,land,457,413,0.4467253,0.8082192,38,1,me_gondor,me_belfalas_region,2ee9a4,no
2941,me_land_2901,Land 2901,land,709,456,0.6930596,0.8923679,94,10,me_harad,me_near_harad_region,cd211d,no
2942,me_land_2902,Land 2902,land,731,456,0.7145650,0.8923679,83,10,me_harad,me_near_harad_region,6b5896,no
2943,me_land_2903,Land 2903,land,868,206,0.8484848,0.4031311,36,9,me_mordor_and_rhun,me_rhun_region,09900f,no
2944,me_land_2904,Land 2904,land,518,202,0.5063539,0.3953033,35,1,me_rhovanion,me_anduin_vale_region,a7c788,no
2945,me_land_2905,Land 2905,land,378,161,0.3695015,0.3150685,35,1,me_eriador,me_north_arnor_region,45ff01,no
2946,me_land_2906,Land 2906,land,923,211,0.9022483,0.4129159,93,1,me_mordor_and_rhun,me_rhun_region,e4367a,no
2947,me_land_2907,Land 2907,land,719,162,0.7028348,0.3170254,41,9,me_mordor_and_rhun,me_rhun_region,826df3,no
2948,me_land_2908,Land 2908,land,369,297,0.3607038,0.5812133,43,1,me_eriador,me_enedwaith_region,20a56c,no
2949,me_land_2909,Land 2909,land,782,78,0.7644184,0.1526419,64,5,me_forodwaith,me_northern_wastes_region,bedce5,no
2950,me_land_2910,Land 2910,land,575,129,0.5620723,0.2524462,40,1,me_rhovanion,me_grey_mountains_region,5d145e,no
2951,me_land_2911,Land 2911,land,687,181,0.6715543,0.3542074,38,1,me_mordor_and_rhun,me_rhun_region,fb4bd7,no
2952,me_land_2912,Land 2912,land,431,86,0.4213099,0.1682975,71,5,me_forodwaith,me_angmar_region,998350,no
2953,me_land_2913,Land 2913,land,628,192,0.6138807,0.3757339,31,3,me_rhovanion,me_dale_region,37bac9,no
2954,me_land_2914,Land 2914,land,735,69,0.7184751,0.1350294,83,5,me_forodwaith,me_northern_wastes_region,d5f242,no
2955,me_land_2915,Land 2915,land,596,188,0.5826002,0.3679061,52,3,me_rhovanion,me_mirkwood_region,7429bb,no
2956,me_land_2916,Land 2916,land,429,352,0.4193548,0.6888454,45,1,me_gondor,me_belfalas_region,126134,no
2957,me_land_2917,Land 2917,land,512,463,0.5004888,0.9060665,37,10,me_harad,me_umbar_region,b098ad,no
2958,me_land_2918,Land 2918,land,458,441,0.4477028,0.8630137,41,10,me_harad,me_umbar_region,4ed026,no
2959,me_land_2919,Land 2919,land,439,32,0.4291300,0.0626223,95,5,me_forodwaith,me_angmar_region,ed079f,no
2960,me_land_2920,Land 2920,land,847,114,0.8279570,0.2230920,57,1,me_forodwaith,me_northern_wastes_region,8b3f18,no
2961,me_land_2921,Land 2921,land,270,239,0.2639296,0.4677104,68,1,me_eriador,me_lindon_region,297691,no
2962,me_land_2922,Land 2922,land,852,283,0.8328446,0.5538160,55,9,me_mordor_and_rhun,me_rhun_region,c7ae0a,no
2963,me_land_2923,Land 2923,land,844,375,0.8250244,0.7338552,31,1,me_mordor_and_rhun,me_mordor_region,65e583,no
2964,me_land_2924,Land 2924,land,566,326,0.5532747,0.6379648,39,1,me_rhovanion,me_rohan_region,041cfc,no
2965,me_land_2925,Land 2925,land,501,354,0.4897361,0.6927593,25,1,me_rhovanion,me_rohan_region,a25475,no
2966,me_land_2926,Land 2926,land,902,185,0.8817204,0.3620352,47,9,me_mordor_and_rhun,me_rhun_region,408bee,no
2967,me_land_2927,Land 2927,land,605,407,0.5913978,0.7964775,28,1,me_gondor,me_lebennin_region,dec367,no
2968,me_land_2928,Land 2928,land,715,367,0.6989247,0.7181996,82,8,me_mordor_and_rhun,me_mordor_region,7cfae0,no
2969,me_land_2929,Land 2929,land,674,492,0.6588465,0.9628180,60,10,me_harad,me_far_harad_region,1b3259,no
2970,me_land_2930,Land 2930,land,636,145,0.6217009,0.2837573,56,3,me_rhovanion,me_dale_region,b969d2,no
2971,me_land_2931,Land 2931,land,840,373,0.8211144,0.7299413,47,1,me_mordor_and_rhun,me_mordor_region,57a14b,no
2972,me_land_2932,Land 2932,land,828,458,0.8093842,0.8962818,62,10,me_harad,me_near_harad_region,f5d8c4,no
2973,me_land_2933,Land 2933,land,363,457,0.3548387,0.8943249,39,10,me_harad,me_umbar_region,94103d,no
2974,me_land_2934,Land 2934,land,530,245,0.5180841,0.4794521,48,1,me_rhovanion,me_anduin_vale_region,3247b6,no
2975,me_land_2935,Land 2935,land,839,167,0.8201369,0.3268102,27,9,me_mordor_and_rhun,me_rhun_region,d07f2f,no
2976,me_land_2936,Land 2936,land,536,495,0.5239492,0.9686888,53,10,me_harad,me_umbar_region,6eb6a8,no
2977,me_land_2937,Land 2937,land,579,271,0.5659824,0.5303327,33,1,me_rhovanion,me_mirkwood_region,0cee21,no
2978,me_land_2938,Land 2938,land,855,86,0.8357771,0.1682975,50,1,me_forodwaith,me_northern_wastes_region,ab259a,no
2979,me_land_2939,Land 2939,land,583,26,0.5698925,0.0508806,31,5,me_forodwaith,me_northern_wastes_region,495d13,no
2980,me_land_2940,Land 2940,land,775,407,0.7575758,0.7964775,25,1,me_mordor_and_rhun,me_mordor_region,e7948c,no
2981,me_land_2941,Land 2941,land,474,22,0.4633431,0.0430528,166,5,me_forodwaith,me_angmar_region,85cc05,no
2982,me_land_2942,Land 2942,land,636,486,0.6217009,0.9510763,86,10,me_harad,me_far_harad_region,24037e,no
2983,me_land_2943,Land 2943,land,221,255,0.2160313,0.4990215,34,1,me_eriador,me_lindon_region,c23af7,no
2984,me_land_2944,Land 2944,land,843,263,0.8240469,0.5146771,36,9,me_mordor_and_rhun,me_rhun_region,607270,no
2985,me_land_2945,Land 2945,land,389,94,0.3802542,0.1839530,101,5,me_forodwaith,me_angmar_region,fea9e9,no
2986,me_land_2946,Land 2946,land,542,137,0.5298143,0.2681018,44,1,me_rhovanion,me_grey_mountains_region,9ce162,no
2987,me_land_2947,Land 2947,land,537,226,0.5249267,0.4422701,31,1,me_rhovanion,me_anduin_vale_region,3b18db,no
2988,me_land_2948,Land 2948,land,460,150,0.4496579,0.2935421,41,1,me_eriador,me_north_arnor_region,d95054,no
2989,me_land_2949,Land 2949,land,362,298,0.3538612,0.5831703,43,1,me_eriador,me_enedwaith_region,7787cd,no
2990,me_land_2950,Land 2950,land,298,307,0.2913001,0.6007828,34,1,me_eriador,me_enedwaith_region,15bf46,no
2991,me_land_2951,Land 2951,land,572,43,0.5591398,0.0841487,38,5,me_forodwaith,me_northern_wastes_region,b3f6bf,no
2992,me_land_2952,Land 2952,land,772,358,0.7546432,0.7005871,37,8,me_mordor_and_rhun,me_mordor_region,522e38,no
2993,me_land_2953,Land 2953,land,767,129,0.7497556,0.2524462,59,9,me_mordor_and_rhun,me_rhun_region,f065b1,no
2994,me_land_2954,Land 2954,land,498,472,0.4868035,0.9236791,40,10,me_harad,me_umbar_region,8e9d2a,no
2995,me_land_2955,Land 2955,land,610,315,0.5962854,0.6164384,42,9,me_rhovanion,me_rohan_region,2cd4a3,no
2996,me_land_2956,Land 2956,land,465,281,0.4545455,0.5499022,28,1,me_eriador,me_enedwaith_region,cb0c1c,no
2997,me_land_2957,Land 2957,land,753,355,0.7360704,0.6947162,61,8,me_mordor_and_rhun,me_mordor_region,694395,no
2998,me_land_2958,Land 2958,land,240,310,0.2346041,0.6066536,28,1,me_eriador,me_lindon_region,077b0e,no
2999,me_land_2959,Land 2959,land,474,324,0.4633431,0.6340509,32,1,me_rhovanion,me_rohan_region,a5b287,no
3000,me_land_2960,Land 2960,land,233,208,0.2277615,0.4070450,31,1,me_eriador,me_lindon_region,43ea00,no
3001,me_land_2961,Land 2961,land,670,166,0.6549365,0.3248532,39,3,me_rhovanion,me_dale_region,e22179,no
3002,me_land_2962,Land 2962,land,505,136,0.4936461,0.2661448,49,1,me_eriador,me_north_arnor_region,8058f2,no
3003,me_land_2963,Land 2963,land,826,274,0.8074291,0.5362035,48,9,me_mordor_and_rhun,me_rhun_region,1e906b,no
3004,me_land_2964,Land 2964,land,494,211,0.4828935,0.4129159,60,1,me_eriador,me_shire_breeland_region,bcc7e4,no
3005,me_land_2965,Land 2965,land,516,495,0.5043988,0.9686888,154,10,me_harad,me_umbar_region,5aff5d,no
3006,me_land_2966,Land 2966,land,841,256,0.8220919,0.5009785,35,9,me_mordor_and_rhun,me_rhun_region,f936d6,no
3007,me_land_2967,Land 2967,land,586,183,0.5728250,0.3581213,65,3,me_rhovanion,me_mirkwood_region,976e4f,no
3008,me_land_2968,Land 2968,land,342,345,0.3343109,0.6751468,37,1,me_gondor,me_belfalas_region,35a5c8,no
3009,me_land_2969,Land 2969,land,789,257,0.7712610,0.5029354,25,9,me_mordor_and_rhun,me_rhun_region,d3dd41,no
3010,me_land_2970,Land 2970,land,374,268,0.3655914,0.5244618,32,1,me_eriador,me_enedwaith_region,7214ba,no
3011,me_land_2971,Land 2971,land,735,322,0.7184751,0.6301370,34,8,me_mordor_and_rhun,me_mordor_region,104c33,no
3012,me_land_2972,Land 2972,land,441,148,0.4310850,0.2896282,80,1,me_eriador,me_north_arnor_region,ae83ac,no
3013,me_land_2973,Land 2973,land,858,149,0.8387097,0.2915851,81,9,me_mordor_and_rhun,me_rhun_region,4cbb25,no
3014,me_land_2974,Land 2974,land,907,252,0.8866080,0.4931507,44,9,me_mordor_and_rhun,me_rhun_region,eaf29e,no
3015,me_land_2975,Land 2975,land,314,317,0.3069404,0.6203523,47,1,me_eriador,me_enedwaith_region,892a17,no
3016,me_land_2976,Land 2976,land,560,339,0.5474096,0.6634051,51,1,me_rhovanion,me_rohan_region,276190,no
3017,me_land_2977,Land 2977,land,661,309,0.6461388,0.6046967,34,9,me_rhovanion,me_rohan_region,c59909,no
3018,me_land_2978,Land 2978,land,507,223,0.4956012,0.4363992,25,1,me_eriador,me_enedwaith_region,63d082,no
3019,me_land_2979,Land 2979,land,772,453,0.7546432,0.8864971,59,10,me_harad,me_near_harad_region,0207fb,no
3020,me_land_2980,Land 2980,land,314,69,0.3069404,0.1350294,40,5,me_forodwaith,me_forochel_region,a03f74,no
3021,me_land_2981,Land 2981,land,777,170,0.7595308,0.3326810,69,9,me_mordor_and_rhun,me_rhun_region,3e76ed,no
3022,me_land_2982,Land 2982,land,874,267,0.8543500,0.5225049,86,9,me_mordor_and_rhun,me_rhun_region,dcae66,no
3023,me_land_2983,Land 2983,land,561,460,0.5483871,0.9001957,48,10,me_harad,me_near_harad_region,7ae5df,no
3024,me_land_2984,Land 2984,land,561,472,0.5483871,0.9236791,64,10,me_harad,me_near_harad_region,191d58,no
3025,me_land_2985,Land 2985,land,351,441,0.3431085,0.8630137,72,10,me_harad,me_umbar_region,b754d1,no
3026,me_land_2986,Land 2986,land,575,297,0.5620723,0.5812133,41,9,me_rhovanion,me_anduin_vale_region,558c4a,no
3027,me_land_2987,Land 2987,land,691,231,0.6754643,0.4520548,53,1,me_mordor_and_rhun,me_rhun_region,f3c3c3,no
3028,me_land_2988,Land 2988,land,424,319,0.4144673,0.6242661,61,1,me_eriador,me_enedwaith_region,91fb3c,no
3029,me_land_2989,Land 2989,land,885,155,0.8651026,0.3033268,33,9,me_mordor_and_rhun,me_rhun_region,3032b5,no
3030,me_land_2990,Land 2990,land,211,45,0.2062561,0.0880626,181,5,me_forodwaith,me_forochel_region,ce6a2e,no
3031,me_land_2991,Land 2991,land,480,449,0.4692082,0.8786693,41,10,me_harad,me_umbar_region,6ca1a7,no
3032,me_land_2992,Land 2992,land,573,367,0.5601173,0.7181996,45,1,me_rhovanion,me_rohan_region,0ad920,no
3033,me_land_2993,Land 2993,land,864,231,0.8445748,0.4520548,52,9,me_mordor_and_rhun,me_rhun_region,a91099,no
3034,me_land_2994,Land 2994,land,624,136,0.6099707,0.2661448,65,3,me_rhovanion,me_grey_mountains_region,474812,no
3035,me_land_2995,Land 2995,land,487,63,0.4760508,0.1232877,79,5,me_forodwaith,me_angmar_region,e57f8b,no
3036,me_land_2996,Land 2996,land,426,309,0.4164223,0.6046967,36,1,me_eriador,me_enedwaith_region,83b704,no
3037,me_land_2997,Land 2997,land,765,282,0.7478006,0.5518591,84,9,me_mordor_and_rhun,me_rhun_region,21ee7d,no
3038,me_land_2998,Land 2998,land,566,167,0.5532747,0.3268102,32,3,me_rhovanion,me_mirkwood_region,c025f6,no
3039,me_land_2999,Land 2999,land,439,402,0.4291300,0.7866928,39,1,me_gondor,me_belfalas_region,5e5d6f,no
3040,me_land_3000,Land 3000,land,641,207,0.6265885,0.4050881,43,3,me_rhovanion,me_dale_region,fc94e8,no
3041,me_land_3001,Land 3001,land,665,209,0.6500489,0.4090020,40,3,me_rhovanion,me_dale_region,9acc61,no
3042,me_land_3002,Land 3002,land,911,256,0.8905181,0.5009785,24,9,me_mordor_and_rhun,me_rhun_region,3903da,no
3043,me_land_3003,Land 3003,land,323,47,0.3157380,0.0919765,90,5,me_forodwaith,me_forochel_region,d73b53,no
3044,me_land_3004,Land 3004,land,432,222,0.4222874,0.4344423,26,1,me_eriador,me_shire_breeland_region,7572cc,no
3045,me_land_3005,Land 3005,land,624,385,0.6099707,0.7534247,20,1,me_gondor,me_anorien_region,13aa45,no
3046,me_land_3006,Land 3006,land,693,477,0.6774194,0.9334638,64,10,me_harad,me_near_harad_region,b1e1be,no
3047,me_land_3007,Land 3007,land,400,188,0.3910068,0.3679061,30,1,me_eriador,me_shire_breeland_region,501937,no
3048,me_land_3008,Land 3008,land,679,284,0.6637341,0.5557730,41,1,me_rhovanion,me_mirkwood_region,ee50b0,no
3049,me_land_3009,Land 3009,land,684,149,0.6686217,0.2915851,35,1,me_mordor_and_rhun,me_rhun_region,8c8829,no
3050,me_land_3010,Land 3010,land,261,311,0.2551320,0.6086106,41,1,me_eriador,me_lindon_region,2abfa2,no
3051,me_land_3011,Land 3011,land,730,255,0.7135875,0.4990215,60,9,me_mordor_and_rhun,me_rhun_region,c8f71b,no
3052,me_land_3012,Land 3012,land,716,198,0.6999022,0.3874755,84,9,me_mordor_and_rhun,me_rhun_region,672e94,no
3053,me_land_3013,Land 3013,land,614,93,0.6001955,0.1819961,125,5,me_forodwaith,me_northern_wastes_region,05660d,no
3054,me_land_3014,Land 3014,land,454,95,0.4437928,0.1859100,133,5,me_forodwaith,me_angmar_region,a39d86,no
3055,me_land_3015,Land 3015,land,216,145,0.2111437,0.2837573,55,1,me_eriador,me_lindon_region,41d4ff,no
3056,me_land_3016,Land 3016,land,241,156,0.2355816,0.3052838,28,1,me_eriador,me_lindon_region,e00c78,no
3057,me_land_3017,Land 3017,land,812,404,0.7937439,0.7906067,26,1,me_mordor_and_rhun,me_mordor_region,7e43f1,no
3058,me_land_3018,Land 3018,land,679,176,0.6637341,0.3444227,30,3,me_rhovanion,me_dale_region,1c7b6a,no
3059,me_land_3019,Land 3019,land,517,284,0.5053763,0.5557730,39,1,me_rhovanion,me_anduin_vale_region,bab2e3,no
3060,me_land_3020,Land 3020,land,369,146,0.3607038,0.2857143,76,1,me_eriador,me_north_arnor_region,58ea5c,no
3061,me_land_3021,Land 3021,land,365,122,0.3567937,0.2387476,40,1,me_eriador,me_north_arnor_region,f721d5,no
3062,me_land_3022,Land 3022,land,864,252,0.8445748,0.4931507,41,9,me_mordor_and_rhun,me_rhun_region,95594e,no
3063,me_land_3023,Land 3023,land,591,266,0.5777126,0.5205479,57,1,me_rhovanion,me_mirkwood_region,3390c7,no
3064,me_land_3024,Land 3024,land,726,353,0.7096774,0.6908023,62,8,me_mordor_and_rhun,me_mordor_region,d1c840,no
3065,me_land_3025,Land 3025,land,862,122,0.8426197,0.2387476,59,1,me_mordor_and_rhun,me_rhun_region,6fffb9,no
3066,me_land_3026,Land 3026,land,462,441,0.4516129,0.8630137,40,10,me_harad,me_umbar_region,0e3732,no
3067,me_land_3027,Land 3027,land,526,356,0.5141740,0.6966732,37,1,me_rhovanion,me_rohan_region,ac6eab,no
3068,me_land_3028,Land 3028,land,656,475,0.6412512,0.9295499,48,10,me_harad,me_near_harad_region,4aa624,no
3069,me_land_3029,Land 3029,land,338,194,0.3304008,0.3796477,43,1,me_eriador,me_shire_breeland_region,e8dd9d,no
3070,me_land_3030,Land 3030,land,909,202,0.8885630,0.3953033,64,9,me_mordor_and_rhun,me_rhun_region,871516,no
3071,me_land_3031,Land 3031,land,361,311,0.3528837,0.6086106,23,1,me_eriador,me_enedwaith_region,254c8f,no
3072,me_land_3032,Land 3032,land,886,122,0.8660802,0.2387476,45,1,me_mordor_and_rhun,me_rhun_region,c38408,no
3073,me_land_3033,Land 3033,land,626,420,0.6119257,0.8219178,37,1,me_gondor,me_south_gondor_region,61bb81,no
3074,me_land_3034,Land 3034,land,481,56,0.4701857,0.1095890,51,5,me_forodwaith,me_angmar_region,fff2fa,no
3075,me_land_3035,Land 3035,land,930,236,0.9090909,0.4618395,40,1,me_mordor_and_rhun,me_rhun_region,9e2a73,no
3076,me_land_3036,Land 3036,land,882,264,0.8621701,0.5166341,68,9,me_mordor_and_rhun,me_rhun_region,3c61ec,no
3077,me_land_3037,Land 3037,land,623,146,0.6089932,0.2857143,58,3,me_rhovanion,me_dale_region,da9965,no
3078,me_land_3038,Land 3038,land,524,365,0.5122190,0.7142857,46,1,me_rhovanion,me_rohan_region,78d0de,no
3079,me_land_3039,Land 3039,land,618,203,0.6041056,0.3972603,91,3,me_rhovanion,me_dale_region,170857,no
3080,me_land_3040,Land 3040,land,547,291,0.5347019,0.5694716,50,1,me_rhovanion,me_anduin_vale_region,b53fd0,no
3081,me_land_3041,Land 3041,land,357,163,0.3489736,0.3189824,42,1,me_eriador,me_north_arnor_region,537749,no
3082,me_land_3042,Land 3042,land,495,431,0.4838710,0.8434442,35,10,me_harad,me_umbar_region,f1aec2,no
3083,me_land_3043,Land 3043,land,654,495,0.6392962,0.9686888,68,10,me_harad,me_far_harad_region,8fe63b,no
3084,me_land_3044,Land 3044,land,681,94,0.6656891,0.1839530,79,5,me_forodwaith,me_northern_wastes_region,2e1db4,no
3085,me_land_3045,Land 3045,land,523,89,0.5112414,0.1741683,226,5,me_forodwaith,me_angmar_region,cc552d,no
3086,me_land_3046,Land 3046,land,660,409,0.6451613,0.8003914,29,1,me_gondor,me_south_gondor_region,6a8ca6,no
3087,me_land_3047,Land 3047,land,307,23,0.3000978,0.0450098,65,5,me_forodwaith,me_forochel_region,08c41f,no
3088,me_land_3048,Land 3048,land,460,84,0.4496579,0.1643836,130,5,me_forodwaith,me_angmar_region,a6fb98,no
3089,me_land_3049,Land 3049,land,293,250,0.2864125,0.4892368,60,1,me_eriador,me_lindon_region,453311,no
3090,me_land_3050,Land 3050,land,854,155,0.8347996,0.3033268,44,9,me_mordor_and_rhun,me_rhun_region,e36a8a,no
3091,me_land_3051,Land 3051,land,757,197,0.7399804,0.3855186,76,9,me_mordor_and_rhun,me_rhun_region,81a203,no
3092,me_land_3052,Land 3052,land,692,410,0.6764418,0.8023483,55,1,me_mordor_and_rhun,me_mordor_region,1fd97c,no
3093,me_land_3053,Land 3053,land,789,282,0.7712610,0.5518591,82,9,me_mordor_and_rhun,me_rhun_region,be10f5,no
3094,me_land_3054,Land 3054,land,793,71,0.7751711,0.1389432,51,5,me_forodwaith,me_northern_wastes_region,5c486e,no
3095,me_land_3055,Land 3055,land,844,165,0.8250244,0.3228963,41,9,me_mordor_and_rhun,me_rhun_region,fa7fe7,no
3096,me_land_3056,Land 3056,land,453,371,0.4428152,0.7260274,33,1,me_gondor,me_belfalas_region,98b760,no
3097,me_land_3057,Land 3057,land,387,273,0.3782991,0.5342466,43,1,me_eriador,me_enedwaith_region,36eed9,no
3098,me_land_3058,Land 3058,land,486,213,0.4750733,0.4168297,40,1,me_eriador,me_shire_breeland_region,d52652,no
3099,me_land_3059,Land 3059,land,346,444,0.3382209,0.8688845,48,10,me_harad,me_umbar_region,735dcb,no
3100,me_land_3060,Land 3060,land,659,67,0.6441838,0.1311155,64,5,me_forodwaith,me_northern_wastes_region,119544,no
3101,me_land_3061,Land 3061,land,607,346,0.5933529,0.6771037,34,1,me_rhovanion,me_rohan_region,afccbd,no
3102,me_land_3062,Land 3062,land,781,110,0.7634409,0.2152642,92,5,me_forodwaith,me_northern_wastes_region,4e0436,no
3103,me_land_3063,Land 3063,land,553,213,0.5405670,0.4168297,39,3,me_rhovanion,me_mirkwood_region,ec3baf,no
3104,me_land_3064,Land 3064,land,554,472,0.5415445,0.9236791,49,10,me_harad,me_near_harad_region,8a7328,no
3105,me_land_3065,Land 3065,land,858,135,0.8387097,0.2641879,53,9,me_mordor_and_rhun,me_rhun_region,28aaa1,no
3106,me_land_3066,Land 3066,land,870,300,0.8504399,0.5870841,40,9,me_mordor_and_rhun,me_mordor_region,c6e21a,no
3107,me_land_3067,Land 3067,land,840,162,0.8211144,0.3170254,32,9,me_mordor_and_rhun,me_rhun_region,651993,no
3108,me_land_3068,Land 3068,land,834,101,0.8152493,0.1976517,23,1,me_forodwaith,me_northern_wastes_region,03510c,no
3109,me_land_3069,Land 3069,land,494,195,0.4828935,0.3816047,27,1,me_eriador,me_shire_breeland_region,a18885,no
3110,me_land_3070,Land 3070,land,768,363,0.7507331,0.7103718,44,8,me_mordor_and_rhun,me_mordor_region,3fbffe,no
3111,me_land_3071,Land 3071,land,702,118,0.6862170,0.2309198,97,5,me_forodwaith,me_northern_wastes_region,ddf777,no
3112,me_land_3072,Land 3072,land,443,96,0.4330401,0.1878669,55,5,me_forodwaith,me_angmar_region,7c2ef0,no
3113,me_land_3073,Land 3073,land,848,277,0.8289345,0.5420744,29,9,me_mordor_and_rhun,me_rhun_region,1a6669,no
3114,me_land_3074,Land 3074,land,349,120,0.3411535,0.2348337,41,1,me_forodwaith,me_forochel_region,b89de2,no
3115,me_land_3075,Land 3075,land,683,144,0.6676442,0.2818004,46,1,me_mordor_and_rhun,me_rhun_region,56d55b,no
3116,me_land_3076,Land 3076,land,626,466,0.6119257,0.9119374,84,10,me_harad,me_near_harad_region,f50cd4,no
3117,me_land_3077,Land 3077,land,421,237,0.4115347,0.4637965,45,1,me_eriador,me_shire_breeland_region,93444d,no
3118,me_land_3078,Land 3078,land,872,417,0.8523949,0.8160470,32,1,me_mordor_and_rhun,me_mordor_region,317bc6,no
3119,me_land_3079,Land 3079,land,670,454,0.6549365,0.8884540,45,10,me_harad,me_near_harad_region,cfb33f,no
3120,me_land_3080,Land 3080,land,839,417,0.8201369,0.8160470,30,1,me_mordor_and_rhun,me_mordor_region,6deab8,no
3121,me_land_3081,Land 3081,land,860,158,0.8406647,0.3091977,40,9,me_mordor_and_rhun,me_rhun_region,0c2231,no
3122,me_land_3082,Land 3082,land,602,223,0.5884653,0.4363992,65,3,me_rhovanion,me_mirkwood_region,aa59aa,no
3123,me_land_3083,Land 3083,land,550,132,0.5376344,0.2583170,32,1,me_rhovanion,me_grey_mountains_region,489123,no
3124,me_land_3084,Land 3084,land,550,477,0.5376344,0.9334638,68,10,me_harad,me_near_harad_region,e6c89c,no
3125,me_land_3085,Land 3085,land,722,124,0.7057674,0.2426614,27,1,me_mordor_and_rhun,me_rhun_region,850015,no
3126,me_land_3086,Land 3086,land,637,315,0.6226784,0.6164384,49,9,me_rhovanion,me_rohan_region,23378e,no
3127,me_land_3087,Land 3087,land,343,40,0.3352884,0.0782779,89,5,me_forodwaith,me_forochel_region,c16f07,no
3128,me_land_3088,Land 3088,land,601,453,0.5874878,0.8864971,93,10,me_harad,me_near_harad_region,5fa680,no
3129,me_land_3089,Land 3089,land,309,165,0.3020528,0.3228963,23,1,me_eriador,me_north_arnor_region,fdddf9,no
3130,me_land_3090,Land 3090,land,514,262,0.5024438,0.5127202,53,1,me_rhovanion,me_anduin_vale_region,9c1572,no
3131,me_land_3091,Land 3091,land,613,192,0.5992180,0.3757339,82,3,me_rhovanion,me_mirkwood_region,3a4ceb,no
3132,me_land_3092,Land 3092,land,693,243,0.6774194,0.4755382,48,1,me_mordor_and_rhun,me_rhun_region,d88464,no
3133,me_land_3093,Land 3093,land,520,140,0.5083089,0.2739726,38,1,me_rhovanion,me_anduin_vale_region,76bbdd,no
3134,me_land_3094,Land 3094,land,307,422,0.3000978,0.8258317,59,1,me_gondor,me_belfalas_region,14f356,no
3135,me_land_3095,Land 3095,land,638,336,0.6236559,0.6575342,62,1,me_gondor,me_anorien_region,b32acf,no
3136,me_land_3096,Land 3096,land,897,274,0.8768328,0.5362035,38,9,me_mordor_and_rhun,me_rhun_region,516248,no
3137,me_land_3097,Land 3097,land,614,349,0.6001955,0.6829746,29,1,me_rhovanion,me_rohan_region,ef99c1,no
3138,me_land_3098,Land 3098,land,459,256,0.4486804,0.5009785,23,1,me_eriador,me_enedwaith_region,8dd13a,no
3139,me_land_3099,Land 3099,land,747,107,0.7302053,0.2093933,94,5,me_forodwaith,me_northern_wastes_region,2c08b3,no
3140,me_land_3100,Land 3100,land,404,477,0.3949169,0.9334638,62,10,me_harad,me_umbar_region,ca402c,no
3141,me_land_3101,Land 3101,land,532,130,0.5200391,0.2544031,32,1,me_rhovanion,me_grey_mountains_region,6877a5,no
3142,me_land_3102,Land 3102,land,833,363,0.8142717,0.7103718,44,1,me_mordor_and_rhun,me_mordor_region,06af1e,no
3143,me_land_3103,Land 3103,land,885,360,0.8651026,0.7045010,48,1,me_mordor_and_rhun,me_mordor_region,a4e697,no
3144,me_land_3104,Land 3104,land,500,332,0.4887586,0.6497065,22,3,me_rhovanion,me_rohan_region,431e10,no
3145,me_land_3105,Land 3105,land,584,376,0.5708700,0.7358121,51,1,me_rhovanion,me_rohan_region,e15589,no
3146,me_land_3106,Land 3106,land,747,64,0.7302053,0.1252446,51,5,me_forodwaith,me_northern_wastes_region,7f8d02,no
3147,me_land_3107,Land 3107,land,287,376,0.2805474,0.7358121,17,1,me_gondor,me_belfalas_region,1dc47b,no
3148,me_land_3108,Land 3108,land,284,237,0.2776149,0.4637965,33,1,me_eriador,me_lindon_region,bbfbf4,no
3149,me_land_3109,Land 3109,land,527,448,0.5151515,0.8767123,49,10,me_harad,me_umbar_region,5a336d,no
3150,me_land_3110,Land 3110,land,720,178,0.7038123,0.3483366,58,9,me_mordor_and_rhun,me_rhun_region,f86ae6,no
3151,me_land_3111,Land 3111,land,587,201,0.5738025,0.3933464,53,3,me_rhovanion,me_mirkwood_region,96a25f,no
3152,me_land_3112,Land 3112,land,528,369,0.5161290,0.7221135,23,1,me_rhovanion,me_rohan_region,34d9d8,no
3153,me_land_3113,Land 3113,land,591,66,0.5777126,0.1291585,62,5,me_forodwaith,me_northern_wastes_region,d31151,no
3154,me_land_3114,Land 3114,land,654,378,0.6392962,0.7397260,35,2,me_gondor,me_anorien_region,7148ca,no
3155,me_land_3115,Land 3115,land,317,224,0.3098729,0.4383562,44,1,me_eriador,me_shire_breeland_region,0f8043,no
3156,me_land_3116,Land 3116,land,619,126,0.6050831,0.2465753,68,1,me_rhovanion,me_grey_mountains_region,adb7bc,no
3157,me_land_3117,Land 3117,land,694,359,0.6783969,0.7025440,44,8,me_mordor_and_rhun,me_mordor_region,4bef35,no
3158,me_land_3118,Land 3118,land,400,20,0.3910068,0.0391389,100,5,me_forodwaith,me_angmar_region,ea26ae,no
3159,me_land_3119,Land 3119,land,381,288,0.3724340,0.5636008,39,1,me_eriador,me_enedwaith_region,885e27,no
3160,me_land_3120,Land 3120,land,342,122,0.3343109,0.2387476,48,1,me_eriador,me_north_arnor_region,2695a0,no
3161,me_land_3121,Land 3121,land,455,268,0.4447703,0.5244618,31,1,me_eriador,me_enedwaith_region,c4cd19,no
3162,me_land_3122,Land 3122,land,688,298,0.6725318,0.5831703,34,6,me_mordor_and_rhun,me_mordor_region,630492,no
3163,me_land_3123,Land 3123,land,854,350,0.8347996,0.6849315,54,1,me_mordor_and_rhun,me_mordor_region,013c0b,no
3164,me_land_3124,Land 3124,land,349,108,0.3411535,0.2113503,102,5,me_forodwaith,me_forochel_region,9f7384,no
3165,me_land_3125,Land 3125,land,263,119,0.2570870,0.2328767,63,1,me_forodwaith,me_forochel_region,3daafd,no
3166,me_land_3126,Land 3126,land,834,349,0.8152493,0.6829746,67,1,me_mordor_and_rhun,me_mordor_region,dbe276,no
3167,me_land_3127,Land 3127,land,527,253,0.5151515,0.4951076,48,1,me_rhovanion,me_anduin_vale_region,7a19ef,no
3168,me_land_3128,Land 3128,land,868,177,0.8484848,0.3463796,35,9,me_mordor_and_rhun,me_rhun_region,185168,no
3169,me_land_3129,Land 3129,land,383,245,0.3743891,0.4794521,40,1,me_eriador,me_shire_breeland_region,b688e1,no
3170,me_land_3130,Land 3130,land,866,369,0.8465298,0.7221135,63,1,me_mordor_and_rhun,me_mordor_region,54c05a,no
3171,me_land_3131,Land 3131,land,543,461,0.5307918,0.9021526,54,10,me_harad,me_near_harad_region,f2f7d3,no
3172,me_land_3132,Land 3132,land,355,296,0.3470186,0.5792564,38,1,me_eriador,me_enedwaith_region,912f4c,no
3173,me_land_3133,Land 3133,land,316,106,0.3088954,0.2074364,61,5,me_forodwaith,me_forochel_region,2f66c5,no
3174,me_land_3134,Land 3134,land,776,493,0.7585533,0.9647750,75,10,me_harad,me_far_harad_region,cd9e3e,no
3175,me_land_3135,Land 3135,land,673,359,0.6578690,0.7025440,87,2,me_gondor,me_ithilien_region,6bd5b7,no
3176,me_land_3136,Land 3136,land,518,280,0.5063539,0.5479452,23,1,me_rhovanion,me_anduin_vale_region,0a0d30,no
3177,me_land_3137,Land 3137,land,856,95,0.8367546,0.1859100,62,1,me_forodwaith,me_northern_wastes_region,a844a9,no
3178,me_land_3138,Land 3138,land,598,413,0.5845552,0.8082192,50,1,me_gondor,me_lebennin_region,467c22,no
3179,me_land_3139,Land 3139,land,684,171,0.6686217,0.3346380,24,1,me_mordor_and_rhun,me_rhun_region,e4b39b,no
3180,me_land_3140,Land 3140,land,247,37,0.2414467,0.0724070,163,5,me_forodwaith,me_forochel_region,82eb14,no
3181,me_land_3141,Land 3141,land,770,287,0.7526882,0.5616438,25,9,me_mordor_and_rhun,me_rhun_region,21228d,no
3182,me_land_3142,Land 3142,land,772,64,0.7546432,0.1252446,82,5,me_forodwaith,me_northern_wastes_region,bf5a06,no
3183,me_land_3143,Land 3143,land,566,269,0.5532747,0.5264188,35,1,me_rhovanion,me_mirkwood_region,5d917f,no
3184,me_land_3144,Land 3144,land,549,245,0.5366569,0.4794521,30,1,me_rhovanion,me_anduin_vale_region,fbc8f8,no
3185,me_land_3145,Land 3145,land,198,143,0.1935484,0.2798434,30,1,me_eriador,me_lindon_region,9a0071,no
3186,me_land_3146,Land 3146,land,620,459,0.6060606,0.8982387,38,10,me_harad,me_near_harad_region,3837ea,no
3187,me_land_3147,Land 3147,land,699,380,0.6832845,0.7436399,35,8,me_mordor_and_rhun,me_mordor_region,d66f63,no
3188,me_land_3148,Land 3148,land,512,312,0.5004888,0.6105675,77,3,me_rhovanion,me_rohan_region,74a6dc,no
3189,me_land_3149,Land 3149,land,461,168,0.4506354,0.3287671,41,1,me_eriador,me_north_arnor_region,12de55,no
3190,me_land_3150,Land 3150,land,387,281,0.3782991,0.5499022,35,1,me_eriador,me_enedwaith_region,b115ce,no
3191,me_land_3151,Land 3151,land,847,379,0.8279570,0.7416830,24,1,me_mordor_and_rhun,me_mordor_region,4f4d47,no
3192,me_land_3152,Land 3152,land,220,215,0.2150538,0.4207436,53,1,me_eriador,me_lindon_region,ed84c0,no
3193,me_land_3153,Land 3153,land,496,45,0.4848485,0.0880626,93,5,me_forodwaith,me_angmar_region,8bbc39,no
3194,me_land_3154,Land 3154,land,541,230,0.5288368,0.4500978,28,1,me_rhovanion,me_anduin_vale_region,29f3b2,no
3195,me_land_3155,Land 3155,land,557,93,0.5444770,0.1819961,181,5,me_forodwaith,me_northern_wastes_region,c82b2b,no
3196,me_land_3156,Land 3156,land,892,331,0.8719453,0.6477495,20,1,me_mordor_and_rhun,me_mordor_region,6662a4,no
3197,me_land_3157,Land 3157,land,459,126,0.4486804,0.2465753,44,1,me_eriador,me_north_arnor_region,049a1d,no
3198,me_land_3158,Land 3158,land,692,159,0.6764418,0.3111546,35,1,me_mordor_and_rhun,me_rhun_region,a2d196,no
3199,me_land_3159,Land 3159,land,403,123,0.3939394,0.2407045,80,1,me_eriador,me_north_arnor_region,41090f,no
3200,me_land_3160,Land 3160,land,748,330,0.7311828,0.6457926,56,8,me_mordor_and_rhun,me_mordor_region,df4088,no
3201,me_land_3161,Land 3161,land,692,223,0.6764418,0.4363992,35,1,me_mordor_and_rhun,me_rhun_region,7d7801,no
3202,me_land_3162,Land 3162,land,227,254,0.2218964,0.4970646,49,1,me_eriador,me_lindon_region,1baf7a,no
3203,me_land_3163,Land 3163,land,630,324,0.6158358,0.6340509,41,1,me_rhovanion,me_rohan_region,b9e6f3,no
3204,me_land_3164,Land 3164,land,820,165,0.8015640,0.3228963,48,9,me_mordor_and_rhun,me_rhun_region,581e6c,no
3205,me_land_3165,Land 3165,land,612,123,0.5982405,0.2407045,37,1,me_rhovanion,me_grey_mountains_region,f655e5,no
3206,me_land_3166,Land 3166,land,430,261,0.4203324,0.5107632,30,1,me_eriador,me_enedwaith_region,948d5e,no
3207,me_land_3167,Land 3167,land,559,125,0.5464321,0.2446184,27,1,me_rhovanion,me_grey_mountains_region,32c4d7,no
3208,me_land_3168,Land 3168,land,712,333,0.6959922,0.6516634,81,8,me_mordor_and_rhun,me_mordor_region,d0fc50,no
3209,me_land_3169,Land 3169,land,743,205,0.7262952,0.4011742,73,9,me_mordor_and_rhun,me_rhun_region,6f33c9,no
3210,me_land_3170,Land 3170,land,467,195,0.4565005,0.3816047,39,1,me_eriador,me_shire_breeland_region,0d6b42,no
3211,me_land_3171,Land 3171,land,827,151,0.8084066,0.2954990,36,9,me_mordor_and_rhun,me_rhun_region,aba2bb,no
3212,me_land_3172,Land 3172,land,573,219,0.5601173,0.4285714,75,3,me_rhovanion,me_mirkwood_region,49da34,no
3213,me_land_3173,Land 3173,land,675,405,0.6598240,0.7925636,23,1,me_gondor,me_south_gondor_region,e811ad,no
3214,me_land_3174,Land 3174,land,263,238,0.2570870,0.4657534,34,1,me_eriador,me_lindon_region,864926,no
3215,me_land_3175,Land 3175,land,372,346,0.3636364,0.6771037,34,1,me_gondor,me_belfalas_region,24809f,no
3216,me_land_3176,Land 3176,land,410,197,0.4007820,0.3855186,26,1,me_eriador,me_shire_breeland_region,c2b818,no
3217,me_land_3177,Land 3177,land,864,157,0.8445748,0.3072407,48,9,me_mordor_and_rhun,me_rhun_region,60ef91,no
3218,me_land_3178,Land 3178,land,665,324,0.6500489,0.6340509,77,6,me_rhovanion,me_rohan_region,ff270a,no
3219,me_land_3179,Land 3179,land,730,149,0.7135875,0.2915851,49,9,me_mordor_and_rhun,me_rhun_region,9d5e83,no
3220,me_land_3180,Land 3180,land,620,239,0.6060606,0.4677104,71,3,me_rhovanion,me_mirkwood_region,3b95fc,no
3221,me_land_3181,Land 3181,land,500,233,0.4887586,0.4559687,32,1,me_eriador,me_shire_breeland_region,d9cd75,no
3222,me_land_3182,Land 3182,land,503,176,0.4916911,0.3444227,67,1,me_eriador,me_north_arnor_region,7804ee,no
3223,me_land_3183,Land 3183,land,575,245,0.5620723,0.4794521,48,3,me_rhovanion,me_mirkwood_region,163c67,no
3224,me_land_3184,Land 3184,land,717,130,0.7008798,0.2544031,43,9,me_mordor_and_rhun,me_rhun_region,b473e0,no
3225,me_land_3185,Land 3185,land,606,290,0.5923754,0.5675147,59,9,me_rhovanion,me_brown_lands_region,52ab59,no
3226,me_land_3186,Land 3186,land,498,319,0.4868035,0.6242661,38,3,me_rhovanion,me_rohan_region,f0e2d2,no
3227,me_land_3187,Land 3187,land,495,427,0.4838710,0.8356164,26,10,me_harad,me_umbar_region,8f1a4b,no
3228,me_land_3188,Land 3188,land,692,134,0.6764418,0.2622309,48,1,me_mordor_and_rhun,me_rhun_region,2d51c4,no
3229,me_land_3189,Land 3189,land,843,347,0.8240469,0.6790607,38,1,me_mordor_and_rhun,me_mordor_region,cb893d,no
3230,me_land_3190,Land 3190,land,780,375,0.7624633,0.7338552,62,8,me_mordor_and_rhun,me_mordor_region,69c0b6,no
3231,me_land_3191,Land 3191,land,635,276,0.6207234,0.5401174,45,9,me_rhovanion,me_mirkwood_region,07f82f,no
3232,me_land_3192,Land 3192,land,458,225,0.4477028,0.4403131,38,1,me_eriador,me_shire_breeland_region,a62fa8,no
3233,me_land_3193,Land 3193,land,831,406,0.8123167,0.7945205,39,1,me_mordor_and_rhun,me_mordor_region,446721,no
3234,me_land_3194,Land 3194,land,707,109,0.6911046,0.2133072,143,5,me_forodwaith,me_northern_wastes_region,e29e9a,no
3235,me_land_3195,Land 3195,land,615,375,0.6011730,0.7338552,20,1,me_rhovanion,me_rohan_region,80d613,no
3236,me_land_3196,Land 3196,land,274,30,0.2678397,0.0587084,67,5,me_forodwaith,me_forochel_region,1f0d8c,no
3237,me_land_3197,Land 3197,land,682,371,0.6666667,0.7260274,23,8,me_mordor_and_rhun,me_mordor_region,bd4505,no
3238,me_land_3198,Land 3198,land,386,177,0.3773216,0.3463796,32,1,me_eriador,me_north_arnor_region,5b7c7e,no
3239,me_land_3199,Land 3199,land,454,132,0.4437928,0.2583170,41,1,me_eriador,me_north_arnor_region,f9b3f7,no
3240,me_land_3200,Land 3200,land,425,211,0.4154448,0.4129159,51,1,me_eriador,me_shire_breeland_region,97eb70,no
3241,me_land_3201,Land 3201,land,429,486,0.4193548,0.9510763,50,10,me_harad,me_umbar_region,3622e9,no
3242,me_land_3202,Land 3202,land,825,83,0.8064516,0.1624266,36,1,me_forodwaith,me_northern_wastes_region,d45a62,no
3243,me_land_3203,Land 3203,land,513,178,0.5014663,0.3483366,28,1,me_rhovanion,me_anduin_vale_region,7291db,no
3244,me_land_3204,Land 3204,land,401,193,0.3919844,0.3776908,24,1,me_eriador,me_shire_breeland_region,10c954,no
3245,me_land_3205,Land 3205,land,757,182,0.7399804,0.3561644,51,9,me_mordor_and_rhun,me_rhun_region,af00cd,no
3246,me_land_3206,Land 3206,land,338,312,0.3304008,0.6105675,36,1,me_eriador,me_enedwaith_region,4d3846,no
3247,me_land_3207,Land 3207,land,492,333,0.4809384,0.6516634,42,1,me_rhovanion,me_rohan_region,eb6fbf,no
3248,me_land_3208,Land 3208,land,599,393,0.5855327,0.7690802,31,1,me_gondor,me_lebennin_region,89a738,no
3249,me_land_3209,Land 3209,land,793,265,0.7751711,0.5185910,37,9,me_mordor_and_rhun,me_rhun_region,27deb1,no
3250,me_land_3210,Land 3210,land,620,299,0.6060606,0.5851272,33,9,me_rhovanion,me_brown_lands_region,c6162a,no
3251,me_land_3211,Land 3211,land,515,455,0.5034213,0.8904110,26,10,me_harad,me_umbar_region,644da3,no
3252,me_land_3212,Land 3212,land,327,216,0.3196481,0.4227006,27,1,me_eriador,me_shire_breeland_region,02851c,no
3253,me_land_3213,Land 3213,land,368,37,0.3597263,0.0724070,72,5,me_forodwaith,me_forochel_region,a0bc95,no
3254,me_land_3214,Land 3214,land,570,84,0.5571848,0.1643836,177,5,me_forodwaith,me_northern_wastes_region,3ef40e,no
3255,me_land_3215,Land 3215,land,660,243,0.6451613,0.4755382,22,3,me_rhovanion,me_mirkwood_region,dd2b87,no
3256,me_land_3216,Land 3216,land,288,372,0.2815249,0.7279843,25,1,me_gondor,me_belfalas_region,7b6300,no
3257,me_land_3217,Land 3217,land,561,300,0.5483871,0.5870841,50,1,me_rhovanion,me_anduin_vale_region,199a79,no
3258,me_land_3218,Land 3218,land,456,188,0.4457478,0.3679061,47,1,me_eriador,me_shire_breeland_region,b7d1f2,no
3259,me_land_3219,Land 3219,land,248,242,0.2424242,0.4735812,39,1,me_eriador,me_lindon_region,56096b,no
3260,me_land_3220,Land 3220,land,793,360,0.7751711,0.7045010,44,8,me_mordor_and_rhun,me_mordor_region,f440e4,no
3261,me_land_3221,Land 3221,land,592,257,0.5786901,0.5029354,35,3,me_rhovanion,me_mirkwood_region,92785d,no
3262,me_land_3222,Land 3222,land,628,273,0.6138807,0.5342466,37,9,me_rhovanion,me_mirkwood_region,30afd6,no
3263,me_land_3223,Land 3223,land,565,184,0.5522972,0.3600783,34,3,me_rhovanion,me_mirkwood_region,cee74f,no
3264,me_land_3224,Land 3224,land,274,54,0.2678397,0.1056751,67,5,me_forodwaith,me_forochel_region,6d1ec8,no
3265,me_land_3225,Land 3225,land,864,113,0.8445748,0.2211350,36,1,me_forodwaith,me_northern_wastes_region,0b5641,no
3266,me_land_3226,Land 3226,land,323,105,0.3157380,0.2054795,51,5,me_forodwaith,me_forochel_region,a98dba,no
3267,me_land_3227,Land 3227,land,489,457,0.4780059,0.8943249,42,10,me_harad,me_umbar_region,47c533,no
3268,me_land_3228,Land 3228,land,218,154,0.2130987,0.3013699,40,1,me_eriador,me_lindon_region,e5fcac,no
3269,me_land_3229,Land 3229,land,727,362,0.7106549,0.7084149,49,8,me_mordor_and_rhun,me_mordor_region,843425,no
3270,me_land_3230,Land 3230,land,518,135,0.5063539,0.2641879,48,1,me_rhovanion,me_grey_mountains_region,226b9e,no
3271,me_land_3231,Land 3231,land,542,442,0.5298143,0.8649706,64,10,me_harad,me_umbar_region,c0a317,no
3272,me_land_3232,Land 3232,land,615,504,0.6011730,0.9863014,59,10,me_harad,me_far_harad_region,5eda90,no
3273,me_land_3233,Land 3233,land,785,361,0.7673509,0.7064579,49,8,me_mordor_and_rhun,me_mordor_region,fd1209,no
3274,me_land_3234,Land 3234,land,360,294,0.3519062,0.5753425,22,1,me_eriador,me_enedwaith_region,9b4982,no
3275,me_land_3235,Land 3235,land,362,88,0.3538612,0.1722114,51,5,me_forodwaith,me_forochel_region,3980fb,no
3276,me_land_3236,Land 3236,land,478,313,0.4672532,0.6125245,58,1,me_rhovanion,me_rohan_region,d7b874,no
3277,me_land_3237,Land 3237,land,278,224,0.2717498,0.4383562,35,1,me_eriador,me_lindon_region,75efed,no
3278,me_land_3238,Land 3238,land,247,279,0.2414467,0.5459883,55,1,me_eriador,me_lindon_region,142766,no
3279,me_land_3239,Land 3239,land,457,455,0.4467253,0.8904110,41,10,me_harad,me_umbar_region,b25edf,no
3280,me_land_3240,Land 3240,land,438,484,0.4281525,0.9471624,62,10,me_harad,me_umbar_region,509658,no
3281,me_land_3241,Land 3241,land,517,466,0.5053763,0.9119374,26,10,me_harad,me_umbar_region,eecdd1,no
3282,me_land_3242,Land 3242,land,426,365,0.4164223,0.7142857,35,1,me_gondor,me_belfalas_region,8d054a,no
3283,me_land_3243,Land 3243,land,449,454,0.4389052,0.8884540,35,10,me_harad,me_umbar_region,2b3cc3,no
3284,me_land_3244,Land 3244,land,863,96,0.8435973,0.1878669,61,1,me_forodwaith,me_northern_wastes_region,c9743c,no
3285,me_land_3245,Land 3245,land,245,144,0.2394917,0.2818004,45,1,me_eriador,me_lindon_region,67abb5,no
3286,me_land_3246,Land 3246,land,447,270,0.4369501,0.5283757,25,1,me_eriador,me_enedwaith_region,05e32e,no
3287,me_land_3247,Land 3247,land,427,203,0.4173998,0.3972603,30,1,me_eriador,me_shire_breeland_region,a41aa7,no
3288,me_land_3248,Land 3248,land,621,314,0.6070381,0.6144814,50,9,me_rhovanion,me_rohan_region,425220,no
3289,me_land_3249,Land 3249,land,621,217,0.6070381,0.4246575,67,3,me_rhovanion,me_dale_region,e08999,no
3290,me_land_3250,Land 3250,land,607,267,0.5933529,0.5225049,77,9,me_rhovanion,me_mirkwood_region,7ec112,no
3291,me_land_3251,Land 3251,land,557,461,0.5444770,0.9021526,51,10,me_harad,me_near_harad_region,1cf88b,no
3292,me_land_3252,Land 3252,land,735,65,0.7184751,0.1272016,44,5,me_forodwaith,me_northern_wastes_region,bb3004,no
3293,me_land_3253,Land 3253,land,386,154,0.3773216,0.3013699,31,1,me_eriador,me_north_arnor_region,59677d,no
3294,me_land_3254,Land 3254,land,831,90,0.8123167,0.1761252,35,1,me_forodwaith,me_northern_wastes_region,f79ef6,no
3295,me_land_3255,Land 3255,land,448,251,0.4379277,0.4911937,24,1,me_eriador,me_enedwaith_region,95d66f,no
3296,me_land_3256,Land 3256,land,282,257,0.2756598,0.5029354,28,1,me_eriador,me_lindon_region,340de8,no
3297,me_land_3257,Land 3257,land,449,28,0.4389052,0.0547945,92,5,me_forodwaith,me_angmar_region,d24561,no
3298,me_land_3258,Land 3258,land,528,264,0.5161290,0.5166341,46,1,me_rhovanion,me_anduin_vale_region,707cda,no
3299,me_land_3259,Land 3259,land,527,378,0.5151515,0.7397260,29,1,me_rhovanion,me_rohan_region,0eb453,no
3300,me_land_3260,Land 3260,land,754,272,0.7370479,0.5322896,49,9,me_mordor_and_rhun,me_rhun_region,acebcc,no
3301,me_land_3261,Land 3261,land,322,222,0.3147605,0.4344423,38,1,me_eriador,me_shire_breeland_region,4b2345,no
3302,me_land_3262,Land 3262,land,393,453,0.3841642,0.8864971,25,10,me_harad,me_umbar_region,e95abe,no
3303,me_land_3263,Land 3263,land,359,350,0.3509286,0.6849315,30,1,me_gondor,me_belfalas_region,879237,no
3304,me_land_3264,Land 3264,land,553,309,0.5405670,0.6046967,39,1,me_rhovanion,me_rohan_region,25c9b0,no
3305,me_land_3265,Land 3265,land,591,132,0.5777126,0.2583170,53,1,me_rhovanion,me_grey_mountains_region,c40129,no
3306,me_land_3266,Land 3266,land,370,237,0.3616813,0.4637965,46,1,me_eriador,me_shire_breeland_region,6238a2,no
3307,me_land_3267,Land 3267,land,890,377,0.8699902,0.7377691,88,1,me_mordor_and_rhun,me_mordor_region,00701b,no
3308,me_land_3268,Land 3268,land,891,220,0.8709677,0.4305284,50,9,me_mordor_and_rhun,me_rhun_region,9ea794,no
3309,me_land_3269,Land 3269,land,270,153,0.2639296,0.2994129,34,1,me_eriador,me_lindon_region,3cdf0d,no
3310,me_land_3270,Land 3270,land,270,314,0.2639296,0.6144814,57,1,me_eriador,me_lindon_region,db1686,no
3311,me_land_3271,Land 3271,land,411,153,0.4017595,0.2994129,58,1,me_eriador,me_north_arnor_region,794dff,no
3312,me_land_3272,Land 3272,land,840,283,0.8211144,0.5538160,39,9,me_mordor_and_rhun,me_rhun_region,178578,no
3313,me_land_3273,Land 3273,land,478,184,0.4672532,0.3600783,30,1,me_eriador,me_shire_breeland_region,b5bcf1,no
3314,me_land_3274,Land 3274,land,655,382,0.6402737,0.7475538,43,2,me_gondor,me_anorien_region,53f46a,no
3315,me_land_3275,Land 3275,land,577,26,0.5640274,0.0508806,50,5,me_forodwaith,me_northern_wastes_region,f22be3,no
3316,me_land_3276,Land 3276,land,728,426,0.7116325,0.8336595,71,10,me_harad,me_near_harad_region,90635c,no
3317,me_land_3277,Land 3277,land,609,150,0.5953079,0.2935421,76,3,me_rhovanion,me_mirkwood_region,2e9ad5,no
3318,me_land_3278,Land 3278,land,264,113,0.2580645,0.2211350,66,5,me_forodwaith,me_forochel_region,ccd24e,no
3319,me_land_3279,Land 3279,land,441,121,0.4310850,0.2367906,49,1,me_eriador,me_north_arnor_region,6b09c7,no
3320,me_land_3280,Land 3280,land,487,241,0.4760508,0.4716243,25,1,me_eriador,me_shire_breeland_region,094140,no
3321,me_land_3281,Land 3281,land,840,311,0.8211144,0.6086106,36,9,me_mordor_and_rhun,me_mordor_region,a778b9,no
3322,me_land_3282,Land 3282,land,398,84,0.3890518,0.1643836,131,5,me_forodwaith,me_angmar_region,45b032,no
3323,me_land_3283,Land 3283,land,577,462,0.5640274,0.9041096,61,10,me_harad,me_near_harad_region,e3e7ab,no
3324,me_land_3284,Land 3284,land,498,85,0.4868035,0.1663405,96,5,me_forodwaith,me_angmar_region,821f24,no
3325,me_land_3285,Land 3285,land,622,251,0.6080156,0.4911937,86,3,me_rhovanion,me_mirkwood_region,20569d,no
3326,me_land_3286,Land 3286,land,492,182,0.4809384,0.3561644,38,1,me_eriador,me_shire_breeland_region,be8e16,no
3327,me_land_3287,Land 3287,land,635,406,0.6207234,0.7945205,30,1,me_gondor,me_south_gondor_region,5cc58f,no
3328,me_land_3288,Land 3288,land,439,195,0.4291300,0.3816047,32,1,me_eriador,me_shire_breeland_region,fafd08,no
3329,me_land_3289,Land 3289,land,678,261,0.6627566,0.5107632,63,1,me_rhovanion,me_mirkwood_region,993481,no
3330,me_land_3290,Land 3290,land,444,195,0.4340176,0.3816047,33,1,me_eriador,me_shire_breeland_region,376bfa,no
3331,me_land_3291,Land 3291,land,811,423,0.7927664,0.8277886,31,1,me_mordor_and_rhun,me_khand_region,d5a373,no
3332,me_land_3292,Land 3292,land,534,135,0.5219941,0.2641879,42,1,me_rhovanion,me_grey_mountains_region,73daec,no
3333,me_land_3293,Land 3293,land,835,124,0.8162268,0.2426614,54,1,me_mordor_and_rhun,me_rhun_region,121265,no
3334,me_land_3294,Land 3294,land,724,441,0.7077224,0.8630137,54,10,me_harad,me_near_harad_region,b049de,no
3335,me_land_3295,Land 3295,land,301,312,0.2942326,0.6105675,53,1,me_eriador,me_enedwaith_region,4e8157,no
3336,me_land_3296,Land 3296,land,619,429,0.6050831,0.8395303,27,10,me_harad,me_near_harad_region,ecb8d0,no
3337,me_land_3297,Land 3297,land,314,181,0.3069404,0.3542074,34,1,me_eriador,me_shire_breeland_region,8af049,no
3338,me_land_3298,Land 3298,land,691,355,0.6754643,0.6947162,36,8,me_mordor_and_rhun,me_mordor_region,2927c2,no
3339,me_land_3299,Land 3299,land,504,256,0.4926686,0.5009785,38,1,me_rhovanion,me_anduin_vale_region,c75f3b,no
3340,me_land_3300,Land 3300,land,512,102,0.5004888,0.1996086,171,5,me_forodwaith,me_angmar_region,6596b4,no
3341,me_land_3301,Land 3301,land,540,433,0.5278592,0.8473581,39,10,me_harad,me_umbar_region,03ce2d,no
3342,me_land_3302,Land 3302,land,766,431,0.7487781,0.8434442,132,10,me_harad,me_near_harad_region,a205a6,no
3343,me_land_3303,Land 3303,land,612,433,0.5982405,0.8473581,32,10,me_harad,me_near_harad_region,403d1f,no
3344,me_land_3304,Land 3304,land,666,393,0.6510264,0.7690802,28,1,me_gondor,me_ithilien_region,de7498,no
3345,me_land_3305,Land 3305,land,819,317,0.8005865,0.6203523,39,1,me_mordor_and_rhun,me_mordor_region,7cac11,no
3346,me_land_3306,Land 3306,land,703,226,0.6871945,0.4422701,39,1,me_mordor_and_rhun,me_rhun_region,1ae38a,no
3347,me_land_3307,Land 3307,land,727,126,0.7106549,0.2465753,29,1,me_mordor_and_rhun,me_rhun_region,b91b03,no
3348,me_land_3308,Land 3308,land,622,104,0.6080156,0.2035225,143,5,me_forodwaith,me_northern_wastes_region,57527c,no
3349,me_land_3309,Land 3309,land,851,84,0.8318671,0.1643836,52,1,me_forodwaith,me_northern_wastes_region,f589f5,no
3350,me_land_3310,Land 3310,land,240,52,0.2346041,0.1017613,137,5,me_forodwaith,me_forochel_region,93c16e,no
3351,me_land_3311,Land 3311,land,499,324,0.4877810,0.6340509,31,3,me_rhovanion,me_rohan_region,31f8e7,no
3352,me_land_3312,Land 3312,land,615,492,0.6011730,0.9628180,100,10,me_harad,me_far_harad_region,d03060,no
3353,me_land_3313,Land 3313,land,314,37,0.3069404,0.0724070,94,5,me_forodwaith,me_forochel_region,6e67d9,no
3354,me_land_3314,Land 3314,land,230,34,0.2248289,0.0665362,76,5,me_forodwaith,me_forochel_region,0c9f52,no
3355,me_land_3315,Land 3315,land,850,204,0.8308895,0.3992172,12,9,me_mordor_and_rhun,me_rhun_region,aad6cb,no
3356,me_land_3316,Land 3316,land,206,120,0.2013685,0.2348337,63,1,me_forodwaith,me_forochel_region,490e44,no
3357,me_land_3317,Land 3317,land,358,437,0.3499511,0.8551859,79,10,me_harad,me_umbar_region,e745bd,no
3358,me_land_3318,Land 3318,land,891,321,0.8709677,0.6281800,38,1,me_mordor_and_rhun,me_mordor_region,857d36,no
3359,me_land_3319,Land 3319,land,620,405,0.6060606,0.7925636,35,1,me_gondor,me_south_gondor_region,23b4af,no
3360,me_land_3320,Land 3320,land,567,333,0.5542522,0.6516634,30,1,me_rhovanion,me_rohan_region,c1ec28,no
3361,me_land_3321,Land 3321,land,643,310,0.6285435,0.6066536,47,9,me_rhovanion,me_rohan_region,6023a1,no
3362,me_land_3322,Land 3322,land,674,280,0.6588465,0.5479452,33,1,me_rhovanion,me_mirkwood_region,fe5b1a,no
3363,me_land_3323,Land 3323,land,762,92,0.7448680,0.1800391,90,5,me_forodwaith,me_northern_wastes_region,9c9293,no
3364,me_land_3324,Land 3324,land,834,265,0.8152493,0.5185910,29,9,me_mordor_and_rhun,me_rhun_region,3aca0c,no
3365,me_land_3325,Land 3325,land,210,65,0.2052786,0.1272016,115,5,me_forodwaith,me_forochel_region,d90185,no
3366,me_land_3326,Land 3326,land,444,92,0.4340176,0.1800391,82,5,me_forodwaith,me_angmar_region,7738fe,no
3367,me_land_3327,Land 3327,land,871,252,0.8514174,0.4931507,75,9,me_mordor_and_rhun,me_rhun_region,157077,no
3368,me_land_3328,Land 3328,land,652,158,0.6373412,0.3091977,46,3,me_rhovanion,me_dale_region,b3a7f0,no
3369,me_land_3329,Land 3329,land,462,235,0.4516129,0.4598826,41,1,me_eriador,me_shire_breeland_region,51df69,no
3370,me_land_3330,Land 3330,land,413,57,0.4037146,0.1115460,102,5,me_forodwaith,me_angmar_region,f016e2,no
3371,me_land_3331,Land 3331,land,343,102,0.3352884,0.1996086,89,5,me_forodwaith,me_forochel_region,8e4e5b,no
3372,me_land_3332,Land 3332,land,669,278,0.6539589,0.5440313,31,1,me_rhovanion,me_mirkwood_region,2c85d4,no
3373,me_land_3333,Land 3333,land,906,294,0.8856305,0.5753425,56,9,me_mordor_and_rhun,me_mordor_region,cabd4d,no
3374,me_land_3334,Land 3334,land,234,213,0.2287390,0.4168297,49,1,me_eriador,me_lindon_region,68f4c6,no
3375,me_land_3335,Land 3335,land,288,320,0.2815249,0.6262231,30,1,me_eriador,me_lindon_region,072c3f,no
3376,me_land_3336,Land 3336,land,331,24,0.3235582,0.0469667,115,5,me_forodwaith,me_forochel_region,a563b8,no
3377,me_land_3337,Land 3337,land,809,163,0.7908113,0.3189824,56,9,me_mordor_and_rhun,me_rhun_region,439b31,no
3378,me_land_3338,Land 3338,land,560,490,0.5474096,0.9589041,55,10,me_harad,me_far_harad_region,e1d2aa,no
3379,me_land_3339,Land 3339,land,451,156,0.4408602,0.3052838,37,1,me_eriador,me_north_arnor_region,800a23,no
3380,me_land_3340,Land 3340,land,541,164,0.5288368,0.3209393,41,1,me_rhovanion,me_anduin_vale_region,1e419c,no
3381,me_land_3341,Land 3341,land,840,330,0.8211144,0.6457926,57,1,me_mordor_and_rhun,me_mordor_region,bc7915,no
3382,me_land_3342,Land 3342,land,751,56,0.7341153,0.1095890,62,5,me_forodwaith,me_northern_wastes_region,5ab08e,no
3383,me_land_3343,Land 3343,land,299,155,0.2922776,0.3033268,19,1,me_eriador,me_north_arnor_region,f8e807,no
3384,me_land_3344,Land 3344,land,756,96,0.7390029,0.1878669,46,5,me_forodwaith,me_northern_wastes_region,971f80,no
3385,me_land_3345,Land 3345,land,589,241,0.5757576,0.4716243,87,3,me_rhovanion,me_mirkwood_region,3556f9,no
3386,me_land_3346,Land 3346,land,478,92,0.4672532,0.1800391,28,5,me_forodwaith,me_angmar_region,d38e72,no
3387,me_land_3347,Land 3347,land,498,366,0.4868035,0.7162427,34,1,me_rhovanion,me_rohan_region,71c5eb,no
3388,me_land_3348,Land 3348,land,550,324,0.5376344,0.6340509,56,1,me_rhovanion,me_rohan_region,0ffd64,no
3389,me_land_3349,Land 3349,land,283,75,0.2766373,0.1467710,27,5,me_forodwaith,me_forochel_region,ae34dd,no
3390,me_land_3350,Land 3350,land,329,434,0.3216031,0.8493151,68,10,me_harad,me_umbar_region,4c6c56,no
3391,me_land_3351,Land 3351,land,367,455,0.3587488,0.8904110,35,10,me_harad,me_umbar_region,eaa3cf,no
3392,me_land_3352,Land 3352,land,865,276,0.8455523,0.5401174,54,9,me_mordor_and_rhun,me_rhun_region,88db48,no
3393,me_land_3353,Land 3353,land,359,270,0.3509286,0.5283757,28,1,me_eriador,me_enedwaith_region,2712c1,no
3394,me_land_3354,Land 3354,land,590,486,0.5767351,0.9510763,61,10,me_harad,me_far_harad_region,c54a3a,no
3395,me_land_3355,Land 3355,land,637,500,0.6226784,0.9784736,90,10,me_harad,me_far_harad_region,6381b3,no
3396,me_land_3356,Land 3356,land,887,308,0.8670577,0.6027397,44,9,me_mordor_and_rhun,me_mordor_region,01b92c,no
3397,me_land_3357,Land 3357,land,481,333,0.4701857,0.6516634,29,1,me_rhovanion,me_rohan_region,9ff0a5,no
3398,me_land_3358,Land 3358,land,361,180,0.3528837,0.3522505,46,1,me_eriador,me_shire_breeland_region,3e281e,no
3399,me_land_3359,Land 3359,land,542,122,0.5298143,0.2387476,50,1,me_rhovanion,me_grey_mountains_region,dc5f97,no
3400,me_land_3360,Land 3360,land,450,366,0.4398827,0.7162427,51,1,me_gondor,me_belfalas_region,7a9710,no
3401,me_land_3361,Land 3361,land,724,168,0.7077224,0.3287671,38,9,me_mordor_and_rhun,me_rhun_region,18ce89,no
3402,me_land_3362,Land 3362,land,469,178,0.4584555,0.3483366,47,1,me_eriador,me_north_arnor_region,b70602,no
3403,me_land_3363,Land 3363,land,403,246,0.3939394,0.4814090,43,1,me_eriador,me_shire_breeland_region,553d7b,no
3404,me_land_3364,Land 3364,land,306,41,0.2991202,0.0802348,60,5,me_forodwaith,me_forochel_region,f374f4,no
3405,me_land_3365,Land 3365,land,672,449,0.6568915,0.8786693,71,10,me_harad,me_near_harad_region,91ac6d,no
3406,me_land_3366,Land 3366,land,858,401,0.8387097,0.7847358,52,1,me_mordor_and_rhun,me_mordor_region,2fe3e6,no
3407,me_land_3367,Land 3367,land,341,210,0.3333333,0.4109589,28,1,me_eriador,me_shire_breeland_region,ce1b5f,no
3408,me_land_3368,Land 3368,land,457,282,0.4467253,0.5518591,34,1,me_eriador,me_enedwaith_region,6c52d8,no
3409,me_land_3369,Land 3369,land,748,85,0.7311828,0.1663405,30,5,me_forodwaith,me_northern_wastes_region,0a8a51,no
3410,me_land_3370,Land 3370,land,710,62,0.6940371,0.1213307,193,5,me_forodwaith,me_northern_wastes_region,a8c1ca,no
3411,me_land_3371,Land 3371,land,401,456,0.3919844,0.8923679,35,10,me_harad,me_umbar_region,46f943,no
3412,me_land_3372,Land 3372,land,325,127,0.3176931,0.2485323,34,1,me_eriador,me_north_arnor_region,e530bc,no
3413,me_land_3373,Land 3373,land,748,316,0.7311828,0.6183953,23,8,me_mordor_and_rhun,me_mordor_region,836835,no
3414,me_land_3374,Land 3374,land,907,206,0.8866080,0.4031311,30,9,me_mordor_and_rhun,me_rhun_region,219fae,no
3415,me_land_3375,Land 3375,land,592,346,0.5786901,0.6771037,24,1,me_rhovanion,me_rohan_region,bfd727,no
3416,me_land_3376,Land 3376,land,624,94,0.6099707,0.1839530,203,5,me_forodwaith,me_northern_wastes_region,5e0ea0,no
3417,me_land_3377,Land 3377,land,814,478,0.7956989,0.9354207,32,10,me_harad,me_near_harad_region,fc4619,no
3418,me_land_3378,Land 3378,land,563,456,0.5503421,0.8923679,51,10,me_harad,me_near_harad_region,9a7d92,no
3419,me_land_3379,Land 3379,land,614,59,0.6001955,0.1154599,137,5,me_forodwaith,me_northern_wastes_region,38b50b,no
3420,me_land_3380,Land 3380,land,746,336,0.7292278,0.6575342,40,8,me_mordor_and_rhun,me_mordor_region,d6ec84,no
3421,me_land_3381,Land 3381,land,296,159,0.2893451,0.3111546,36,1,me_eriador,me_lindon_region,7523fd,no
3422,me_land_3382,Land 3382,land,465,453,0.4545455,0.8864971,47,10,me_harad,me_umbar_region,135b76,no
3423,me_land_3383,Land 3383,land,489,355,0.4780059,0.6947162,36,1,me_rhovanion,me_rohan_region,b192ef,no
3424,me_land_3384,Land 3384,land,398,96,0.3890518,0.1878669,80,5,me_forodwaith,me_angmar_region,4fca68,no
3425,me_land_3385,Land 3385,land,267,228,0.2609971,0.4461840,60,1,me_eriador,me_lindon_region,ee01e1,no
3426,me_land_3386,Land 3386,land,848,432,0.8289345,0.8454012,60,10,me_harad,me_near_harad_region,8c395a,no
3427,me_land_3387,Land 3387,land,626,286,0.6119257,0.5596869,49,9,me_rhovanion,me_mirkwood_region,2a70d3,no
3428,me_land_3388,Land 3388,land,584,188,0.5708700,0.3679061,54,3,me_rhovanion,me_mirkwood_region,c8a84c,no
3429,me_land_3389,Land 3389,land,529,335,0.5171065,0.6555773,24,1,me_rhovanion,me_rohan_region,66dfc5,no
3430,me_land_3390,Land 3390,land,724,172,0.7077224,0.3365949,23,9,me_mordor_and_rhun,me_rhun_region,05173e,no
3431,me_land_3391,Land 3391,land,523,157,0.5112414,0.3072407,42,1,me_rhovanion,me_anduin_vale_region,a34eb7,no
3432,me_land_3392,Land 3392,land,810,386,0.7917889,0.7553816,46,8,me_mordor_and_rhun,me_mordor_region,418630,no
3433,me_land_3393,Land 3393,land,924,177,0.9032258,0.3463796,30,1,me_mordor_and_rhun,me_rhun_region,dfbda9,no
3434,me_land_3394,Land 3394,land,241,199,0.2355816,0.3894325,39,1,me_eriador,me_lindon_region,7df522,no
3435,me_land_3395,Land 3395,land,906,267,0.8856305,0.5225049,21,9,me_mordor_and_rhun,me_rhun_region,1c2c9b,no
3436,me_land_3396,Land 3396,land,735,462,0.7184751,0.9041096,53,10,me_harad,me_near_harad_region,ba6414,no
3437,me_land_3397,Land 3397,land,649,388,0.6344086,0.7592955,47,1,me_gondor,me_south_gondor_region,589b8d,no
3438,me_land_3398,Land 3398,land,441,267,0.4310850,0.5225049,24,1,me_eriador,me_enedwaith_region,f6d306,no
3439,me_land_3399,Land 3399,land,365,54,0.3567937,0.1056751,87,5,me_forodwaith,me_forochel_region,950a7f,no
3440,me_land_3400,Land 3400,land,240,243,0.2346041,0.4755382,71,1,me_eriador,me_lindon_region,3341f8,no
3441,me_land_3401,Land 3401,land,800,121,0.7820137,0.2367906,61,1,me_mordor_and_rhun,me_rhun_region,d17971,no
3442,me_land_3402,Land 3402,land,278,203,0.2717498,0.3972603,25,1,me_eriador,me_lindon_region,6fb0ea,no
3443,me_land_3403,Land 3403,land,523,327,0.5112414,0.6399217,26,3,me_rhovanion,me_rohan_region,0de863,no
3444,me_land_3404,Land 3404,land,768,478,0.7507331,0.9354207,48,10,me_harad,me_near_harad_region,ac1fdc,no
3445,me_land_3405,Land 3405,land,864,389,0.8445748,0.7612524,32,1,me_mordor_and_rhun,me_mordor_region,4a5755,no
3446,me_land_3406,Land 3406,land,763,171,0.7458456,0.3346380,33,9,me_mordor_and_rhun,me_rhun_region,e88ece,no
3447,me_land_3407,Land 3407,land,551,386,0.5386119,0.7553816,20,1,me_gondor,me_lebennin_region,86c647,no
3448,me_land_3408,Land 3408,land,653,390,0.6383187,0.7632094,36,1,me_gondor,me_south_gondor_region,24fdc0,no
3449,me_land_3409,Land 3409,land,807,103,0.7888563,0.2015656,77,5,me_forodwaith,me_northern_wastes_region,c33539,no
3450,me_land_3410,Land 3410,land,792,165,0.7741935,0.3228963,46,9,me_mordor_and_rhun,me_rhun_region,616cb2,no
3451,me_land_3411,Land 3411,land,790,431,0.7722385,0.8434442,54,10,me_harad,me_near_harad_region,ffa42b,no
3452,me_land_3412,Land 3412,land,836,338,0.8172043,0.6614481,43,1,me_mordor_and_rhun,me_mordor_region,9ddba4,no
3453,me_land_3413,Land 3413,land,830,107,0.8113392,0.2093933,30,1,me_forodwaith,me_northern_wastes_region,3c131d,no
3454,me_land_3414,Land 3414,land,379,231,0.3704790,0.4520548,41,1,me_eriador,me_shire_breeland_region,da4a96,no
3455,me_land_3415,Land 3415,land,476,444,0.4652981,0.8688845,43,10,me_harad,me_umbar_region,78820f,no
3456,me_land_3416,Land 3416,land,875,320,0.8553275,0.6262231,34,1,me_mordor_and_rhun,me_mordor_region,16b988,no
3457,me_land_3417,Land 3417,land,244,241,0.2385142,0.4716243,33,1,me_eriador,me_lindon_region,b4f101,no
3458,me_land_3418,Land 3418,land,536,121,0.5239492,0.2367906,66,1,me_rhovanion,me_grey_mountains_region,53287a,no
3459,me_land_3419,Land 3419,land,533,197,0.5210166,0.3855186,54,1,me_rhovanion,me_anduin_vale_region,f15ff3,no
3460,me_land_3420,Land 3420,land,328,173,0.3206256,0.3385519,34,1,me_eriador,me_north_arnor_region,8f976c,no
3461,me_land_3421,Land 3421,land,327,445,0.3196481,0.8708415,40,10,me_harad,me_umbar_region,2dcee5,no
3462,me_land_3422,Land 3422,land,456,260,0.4457478,0.5088063,26,1,me_eriador,me_enedwaith_region,cc065e,no
3463,me_land_3423,Land 3423,land,552,23,0.5395894,0.0450098,49,5,me_forodwaith,me_northern_wastes_region,6a3dd7,no
3464,me_land_3424,Land 3424,land,761,427,0.7438905,0.8356164,70,10,me_harad,me_near_harad_region,087550,no
3465,me_land_3425,Land 3425,land,549,82,0.5366569,0.1604697,164,5,me_forodwaith,me_northern_wastes_region,a6acc9,no
3466,me_land_3426,Land 3426,land,291,327,0.2844575,0.6399217,32,1,me_eriador,me_lindon_region,44e442,no
3467,me_land_3427,Land 3427,land,585,484,0.5718475,0.9471624,62,10,me_harad,me_far_harad_region,e31bbb,no
3468,me_land_3428,Land 3428,land,681,231,0.6656891,0.4520548,45,1,me_mordor_and_rhun,me_rhun_region,815334,no
3469,me_land_3429,Land 3429,land,688,69,0.6725318,0.1350294,181,5,me_forodwaith,me_northern_wastes_region,1f8aad,no
3470,me_land_3430,Land 3430,land,857,188,0.8377322,0.3679061,44,9,me_mordor_and_rhun,me_rhun_region,bdc226,no
3471,me_land_3431,Land 3431,land,804,386,0.7859238,0.7553816,36,8,me_mordor_and_rhun,me_mordor_region,5bf99f,no
3472,me_land_3432,Land 3432,land,863,200,0.8435973,0.3913894,55,9,me_mordor_and_rhun,me_rhun_region,fa3118,no
3473,me_land_3433,Land 3433,land,418,445,0.4086022,0.8708415,43,10,me_harad,me_umbar_region,986891,no
3474,me_land_3434,Land 3434,land,443,44,0.4330401,0.0861057,150,5,me_forodwaith,me_angmar_region,36a00a,no
3475,me_land_3435,Land 3435,land,604,351,0.5904203,0.6868885,24,1,me_rhovanion,me_rohan_region,d4d783,no
3476,me_land_3436,Land 3436,land,401,335,0.3919844,0.6555773,57,1,me_gondor,me_belfalas_region,730efc,no
3477,me_land_3437,Land 3437,land,831,410,0.8123167,0.8023483,19,1,me_mordor_and_rhun,me_mordor_region,114675,no
3478,me_land_3438,Land 3438,land,286,32,0.2795699,0.0626223,110,5,me_forodwaith,me_forochel_region,af7dee,no
3479,me_land_3439,Land 3439,land,771,457,0.7536657,0.8943249,61,10,me_harad,me_near_harad_region,4db567,no
3480,me_land_3440,Land 3440,land,912,284,0.8914956,0.5557730,63,9,me_mordor_and_rhun,me_rhun_region,ebece0,no
3481,me_land_3441,Land 3441,land,818,102,0.7996090,0.1996086,56,1,me_forodwaith,me_northern_wastes_region,8a2459,no
3482,me_land_3442,Land 3442,land,587,109,0.5738025,0.2133072,73,5,me_forodwaith,me_northern_wastes_region,285bd2,no
3483,me_land_3443,Land 3443,land,628,484,0.6138807,0.9471624,106,10,me_harad,me_far_harad_region,c6934b,no
3484,me_land_3444,Land 3444,land,261,279,0.2551320,0.5459883,53,1,me_eriador,me_lindon_region,64cac4,no
3485,me_land_3445,Land 3445,land,593,199,0.5796676,0.3894325,39,3,me_rhovanion,me_mirkwood_region,03023d,no
3486,me_land_3446,Land 3446,land,715,269,0.6989247,0.5264188,52,1,me_mordor_and_rhun,me_rhun_region,a139b6,no
3487,me_land_3447,Land 3447,land,468,276,0.4574780,0.5401174,51,1,me_rhovanion,me_anduin_vale_region,3f712f,no
3488,me_land_3448,Land 3448,land,249,212,0.2434018,0.4148728,34,1,me_eriador,me_lindon_region,dda8a8,no
3489,me_land_3449,Land 3449,land,359,205,0.3509286,0.4011742,38,3,me_eriador,me_shire_breeland_region,7be021,no
3490,me_land_3450,Land 3450,land,559,478,0.5464321,0.9354207,48,10,me_harad,me_near_harad_region,1a179a,no
3491,me_land_3451,Land 3451,land,592,232,0.5786901,0.4540117,56,3,me_rhovanion,me_mirkwood_region,b84f13,no
3492,me_land_3452,Land 3452,land,359,115,0.3509286,0.2250489,71,5,me_forodwaith,me_forochel_region,56868c,no
3493,me_land_3453,Land 3453,land,783,273,0.7653959,0.5342466,67,9,me_mordor_and_rhun,me_rhun_region,f4be05,no
3494,me_land_3454,Land 3454,land,424,419,0.4144673,0.8199609,62,1,me_gondor,me_belfalas_region,92f57e,no
3495,me_land_3455,Land 3455,land,249,127,0.2434018,0.2485323,37,1,me_eriador,me_lindon_region,312cf7,no
3496,me_land_3456,Land 3456,land,463,476,0.4525904,0.9315068,35,10,me_harad,me_umbar_region,cf6470,no
3497,me_land_3457,Land 3457,land,262,171,0.2561095,0.3346380,32,1,me_eriador,me_lindon_region,6d9be9,no
3498,me_land_3458,Land 3458,land,840,453,0.8211144,0.8864971,55,10,me_harad,me_near_harad_region,0bd362,no
3499,me_land_3459,Land 3459,land,591,440,0.5777126,0.8610568,28,10,me_harad,me_near_harad_region,aa0adb,no
3500,me_land_3460,Land 3460,land,891,136,0.8709677,0.2661448,53,9,me_mordor_and_rhun,me_rhun_region,484254,no
3501,me_land_3461,Land 3461,land,383,59,0.3743891,0.1154599,88,5,me_forodwaith,me_forochel_region,e679cd,no
3502,me_land_3462,Land 3462,land,255,230,0.2492669,0.4500978,29,1,me_eriador,me_lindon_region,84b146,no
3503,me_land_3463,Land 3463,land,829,287,0.8103617,0.5616438,45,9,me_mordor_and_rhun,me_rhun_region,22e8bf,no
3504,me_land_3464,Land 3464,land,535,107,0.5229717,0.2093933,142,5,me_forodwaith,me_angmar_region,c12038,no
3505,me_land_3465,Land 3465,land,585,81,0.5718475,0.1585127,52,5,me_forodwaith,me_northern_wastes_region,5f57b1,no
3506,me_land_3466,Land 3466,land,579,198,0.5659824,0.3874755,30,3,me_rhovanion,me_mirkwood_region,fd8f2a,no
3507,me_land_3467,Land 3467,land,712,242,0.6959922,0.4735812,45,1,me_mordor_and_rhun,me_rhun_region,9bc6a3,no
3508,me_land_3468,Land 3468,land,392,345,0.3831867,0.6751468,33,1,me_gondor,me_belfalas_region,39fe1c,no
3509,me_land_3469,Land 3469,land,917,199,0.8963832,0.3894325,79,9,me_mordor_and_rhun,me_rhun_region,d83595,no
3510,me_land_3470,Land 3470,land,730,340,0.7135875,0.6653620,18,8,me_mordor_and_rhun,me_mordor_region,766d0e,no
3511,me_land_3471,Land 3471,land,432,134,0.4222874,0.2622309,36,1,me_eriador,me_north_arnor_region,14a487,no
3512,me_land_3472,Land 3472,land,402,198,0.3929619,0.3874755,27,1,me_eriador,me_shire_breeland_region,b2dc00,no
3513,me_land_3473,Land 3473,land,782,179,0.7644184,0.3502935,61,9,me_mordor_and_rhun,me_rhun_region,511379,no
3514,me_land_3474,Land 3474,land,573,233,0.5601173,0.4559687,30,3,me_rhovanion,me_mirkwood_region,ef4af2,no
3515,me_land_3475,Land 3475,land,676,382,0.6608016,0.7475538,44,2,me_gondor,me_ithilien_region,8d826b,no
3516,me_land_3476,Land 3476,land,542,481,0.5298143,0.9412916,49,10,me_harad,me_umbar_region,2bb9e4,no
3517,me_land_3477,Land 3477,land,492,359,0.4809384,0.7025440,32,1,me_rhovanion,me_rohan_region,c9f15d,no
3518,me_land_3478,Land 3478,land,721,431,0.7047898,0.8434442,39,10,me_harad,me_near_harad_region,6828d6,no
3519,me_land_3479,Land 3479,land,614,181,0.6001955,0.3542074,63,3,me_rhovanion,me_dale_region,06604f,no
3520,me_land_3480,Land 3480,land,453,412,0.4428152,0.8062622,61,1,me_gondor,me_belfalas_region,a497c8,no
3521,me_land_3481,Land 3481,land,439,365,0.4291300,0.7142857,59,1,me_gondor,me_belfalas_region,42cf41,no
3522,me_land_3482,Land 3482,land,628,162,0.6138807,0.3170254,31,3,me_rhovanion,me_dale_region,e106ba,no
3523,me_land_3483,Land 3483,land,583,98,0.5698925,0.1917808,41,5,me_forodwaith,me_northern_wastes_region,7f3e33,no
3524,me_land_3484,Land 3484,land,342,48,0.3343109,0.0939335,125,5,me_forodwaith,me_forochel_region,1d75ac,no
3525,me_land_3485,Land 3485,land,291,377,0.2844575,0.7377691,33,1,me_gondor,me_belfalas_region,bbad25,no
3526,me_land_3486,Land 3486,land,674,396,0.6588465,0.7749511,34,1,me_gondor,me_ithilien_region,59e49e,no
3527,me_land_3487,Land 3487,land,620,289,0.6060606,0.5655577,40,9,me_rhovanion,me_brown_lands_region,f81c17,no
3528,me_land_3488,Land 3488,land,597,295,0.5835777,0.5772994,62,9,me_rhovanion,me_brown_lands_region,965390,no
3529,me_land_3489,Land 3489,land,270,158,0.2639296,0.3091977,42,1,me_eriador,me_lindon_region,348b09,no
3530,me_land_3490,Land 3490,land,794,144,0.7761486,0.2818004,52,9,me_mordor_and_rhun,me_rhun_region,d2c282,no
3531,me_land_3491,Land 3491,land,501,267,0.4897361,0.5225049,45,1,me_rhovanion,me_anduin_vale_region,70f9fb,no
3532,me_land_3492,Land 3492,land,706,276,0.6901271,0.5401174,30,1,me_mordor_and_rhun,me_rhun_region,0f3174,no
3533,me_land_3493,Land 3493,land,906,281,0.8856305,0.5499022,77,9,me_mordor_and_rhun,me_rhun_region,ad68ed,no
3534,me_land_3494,Land 3494,land,689,492,0.6735093,0.9628180,150,10,me_harad,me_far_harad_region,4ba066,no
3535,me_land_3495,Land 3495,land,545,128,0.5327468,0.2504892,36,1,me_rhovanion,me_grey_mountains_region,e9d7df,no
3536,me_land_3496,Land 3496,land,624,225,0.6099707,0.4403131,30,3,me_rhovanion,me_mirkwood_region,880f58,no
3537,me_land_3497,Land 3497,land,592,296,0.5786901,0.5792564,37,9,me_rhovanion,me_anduin_vale_region,2646d1,no
3538,me_land_3498,Land 3498,land,757,112,0.7399804,0.2191781,72,5,me_forodwaith,me_northern_wastes_region,c47e4a,no
3539,me_land_3499,Land 3499,land,331,191,0.3235582,0.3737769,39,1,me_eriador,me_shire_breeland_region,62b5c3,no
3540,me_land_3500,Land 3500,land,631,435,0.6168133,0.8512720,57,10,me_harad,me_near_harad_region,00ed3c,no
3541,me_land_3501,Land 3501,land,798,388,0.7800587,0.7592955,54,8,me_mordor_and_rhun,me_mordor_region,9f24b5,no
3542,me_land_3502,Land 3502,land,543,309,0.5307918,0.6046967,35,1,me_rhovanion,me_rohan_region,3d5c2e,no
3543,me_land_3503,Land 3503,land,862,87,0.8426197,0.1702544,41,1,me_forodwaith,me_northern_wastes_region,db93a7,no
3544,me_land_3504,Land 3504,land,924,278,0.9032258,0.5440313,18,1,me_mordor_and_rhun,me_rhun_region,79cb20,no
3545,me_land_3505,Land 3505,land,664,454,0.6490714,0.8884540,59,10,me_harad,me_near_harad_region,180299,no
3546,me_land_3506,Land 3506,land,414,420,0.4046921,0.8219178,45,1,me_gondor,me_belfalas_region,b63a12,no
3547,me_land_3507,Land 3507,land,640,459,0.6256109,0.8982387,88,10,me_harad,me_near_harad_region,54718b,no
3548,me_land_3508,Land 3508,land,902,232,0.8817204,0.4540117,43,9,me_mordor_and_rhun,me_rhun_region,f2a904,no
3549,me_land_3509,Land 3509,land,765,134,0.7478006,0.2622309,32,9,me_mordor_and_rhun,me_rhun_region,90e07d,no
3550,me_land_3510,Land 3510,land,662,152,0.6471163,0.2974560,38,3,me_rhovanion,me_dale_region,2f17f6,no
3551,me_land_3511,Land 3511,land,589,306,0.5757576,0.5988258,67,9,me_rhovanion,me_rohan_region,cd4f6f,no
3552,me_land_3512,Land 3512,land,417,294,0.4076246,0.5753425,36,1,me_eriador,me_enedwaith_region,6b86e8,no
3553,me_land_3513,Land 3513,land,382,190,0.3734115,0.3718200,35,1,me_eriador,me_shire_breeland_region,09be61,no
3554,me_land_3514,Land 3514,land,805,422,0.7869013,0.8258317,35,1,me_mordor_and_rhun,me_khand_region,a7f5da,no
3555,me_land_3515,Land 3515,land,229,123,0.2238514,0.2407045,114,1,me_eriador,me_lindon_region,462d53,no
3556,me_land_3516,Land 3516,land,807,355,0.7888563,0.6947162,40,8,me_mordor_and_rhun,me_mordor_region,e464cc,no
3557,me_land_3517,Land 3517,land,447,284,0.4369501,0.5557730,60,1,me_eriador,me_enedwaith_region,829c45,no
3558,me_land_3518,Land 3518,land,642,328,0.6275660,0.6418787,45,1,me_rhovanion,me_rohan_region,20d3be,no
3559,me_land_3519,Land 3519,land,504,150,0.4926686,0.2935421,58,1,me_eriador,me_north_arnor_region,bf0b37,no
3560,me_land_3520,Land 3520,land,782,319,0.7644184,0.6242661,36,8,me_mordor_and_rhun,me_mordor_region,5d42b0,no
3561,me_land_3521,Land 3521,land,634,111,0.6197458,0.2172211,119,5,me_forodwaith,me_northern_wastes_region,fb7a29,no
3562,me_land_3522,Land 3522,land,775,368,0.7575758,0.7201566,49,8,me_mordor_and_rhun,me_mordor_region,99b1a2,no
3563,me_land_3523,Land 3523,land,470,239,0.4594330,0.4677104,46,1,me_eriador,me_shire_breeland_region,37e91b,no
3564,me_land_3524,Land 3524,land,428,469,0.4183773,0.9178082,25,10,me_harad,me_umbar_region,d62094,no
3565,me_land_3525,Land 3525,land,926,226,0.9051808,0.4422701,42,1,me_mordor_and_rhun,me_rhun_region,74580d,no
3566,me_land_3526,Land 3526,land,242,124,0.2365591,0.2426614,51,1,me_eriador,me_lindon_region,128f86,no
3567,me_land_3527,Land 3527,land,620,138,0.6060606,0.2700587,68,3,me_rhovanion,me_dale_region,b0c6ff,no
3568,me_land_3528,Land 3528,land,332,448,0.3245357,0.8767123,31,10,me_harad,me_umbar_region,4efe78,no
3569,me_land_3529,Land 3529,land,273,72,0.2668622,0.1409002,82,5,me_forodwaith,me_forochel_region,ed35f1,no
3570,me_land_3530,Land 3530,land,634,343,0.6197458,0.6712329,74,1,me_gondor,me_anorien_region,8b6d6a,no
3571,me_land_3531,Land 3531,land,379,119,0.3704790,0.2328767,68,1,me_forodwaith,me_forochel_region,29a4e3,no
3572,me_land_3532,Land 3532,land,592,182,0.5786901,0.3561644,50,3,me_rhovanion,me_mirkwood_region,c7dc5c,no
3573,me_land_3533,Land 3533,land,543,293,0.5307918,0.5733855,34,1,me_rhovanion,me_anduin_vale_region,6613d5,no
3574,me_land_3534,Land 3534,land,848,178,0.8289345,0.3483366,51,9,me_mordor_and_rhun,me_rhun_region,044b4e,no
3575,me_land_3535,Land 3535,land,345,312,0.3372434,0.6105675,60,1,me_eriador,me_enedwaith_region,a282c7,no
3576,me_land_3536,Land 3536,land,273,59,0.2668622,0.1154599,45,5,me_forodwaith,me_forochel_region,40ba40,no
3577,me_land_3537,Land 3537,land,510,321,0.4985337,0.6281800,30,3,me_rhovanion,me_rohan_region,def1b9,no
3578,me_land_3538,Land 3538,land,503,449,0.4916911,0.8786693,29,10,me_harad,me_umbar_region,7d2932,no
3579,me_land_3539,Land 3539,land,465,370,0.4545455,0.7240705,52,1,me_gondor,me_belfalas_region,1b60ab,no
3580,me_land_3540,Land 3540,land,897,240,0.8768328,0.4696673,36,9,me_mordor_and_rhun,me_rhun_region,b99824,no
3581,me_land_3541,Land 3541,land,584,501,0.5708700,0.9804305,70,10,me_harad,me_far_harad_region,57cf9d,no
3582,me_land_3542,Land 3542,land,776,332,0.7585533,0.6497065,39,8,me_mordor_and_rhun,me_mordor_region,f60716,no
3583,me_land_3543,Land 3543,land,531,316,0.5190616,0.6183953,49,3,me_rhovanion,me_rohan_region,943e8f,no
3584,me_land_3544,Land 3544,land,783,94,0.7653959,0.1839530,42,5,me_forodwaith,me_northern_wastes_region,327608,no
3585,me_land_3545,Land 3545,land,441,412,0.4310850,0.8062622,52,1,me_gondor,me_belfalas_region,d0ad81,no
3586,me_land_3546,Land 3546,land,583,381,0.5698925,0.7455969,23,1,me_rhovanion,me_rohan_region,6ee4fa,no
3587,me_land_3547,Land 3547,land,461,160,0.4506354,0.3131115,40,1,me_eriador,me_north_arnor_region,0d1c73,no
3588,me_land_3548,Land 3548,land,721,193,0.7047898,0.3776908,61,9,me_mordor_and_rhun,me_rhun_region,ab53ec,no
3589,me_land_3549,Land 3549,land,785,398,0.7673509,0.7788650,21,8,me_mordor_and_rhun,me_mordor_region,498b65,no
3590,me_land_3550,Land 3550,land,621,327,0.6070381,0.6399217,42,1,me_rhovanion,me_rohan_region,e7c2de,no
3591,me_land_3551,Land 3551,land,744,84,0.7272727,0.1643836,86,5,me_forodwaith,me_northern_wastes_region,85fa57,no
3592,me_land_3552,Land 3552,land,666,69,0.6510264,0.1350294,60,5,me_forodwaith,me_northern_wastes_region,2431d0,no
3593,me_land_3553,Land 3553,land,502,474,0.4907136,0.9275930,24,10,me_harad,me_umbar_region,c26949,no
3594,me_land_3554,Land 3554,land,651,289,0.6363636,0.5655577,35,9,me_rhovanion,me_brown_lands_region,60a0c2,no
3595,me_land_3555,Land 3555,land,643,376,0.6285435,0.7358121,30,2,me_gondor,me_anorien_region,fed83b,no
3596,me_land_3556,Land 3556,land,613,235,0.5992180,0.4598826,46,3,me_rhovanion,me_mirkwood_region,9d0fb4,no
3597,me_land_3557,Land 3557,land,503,142,0.4916911,0.2778865,35,1,me_eriador,me_north_arnor_region,3b472d,no
3598,me_land_3558,Land 3558,land,494,278,0.4828935,0.5440313,47,1,me_rhovanion,me_anduin_vale_region,d97ea6,no
3599,me_land_3559,Land 3559,land,533,228,0.5210166,0.4461840,28,1,me_rhovanion,me_anduin_vale_region,77b61f,no
3600,me_land_3560,Land 3560,land,719,215,0.7028348,0.4207436,51,9,me_mordor_and_rhun,me_rhun_region,15ed98,no
3601,me_land_3561,Land 3561,land,540,289,0.5278592,0.5655577,32,1,me_rhovanion,me_anduin_vale_region,b42511,no
3602,me_land_3562,Land 3562,land,829,363,0.8103617,0.7103718,33,1,me_mordor_and_rhun,me_mordor_region,525c8a,no
3603,me_land_3563,Land 3563,land,552,228,0.5395894,0.4461840,47,1,me_rhovanion,me_anduin_vale_region,f09403,no
3604,me_land_3564,Land 3564,land,815,180,0.7966764,0.3522505,27,9,me_mordor_and_rhun,me_rhun_region,8ecb7c,no
3605,me_land_3565,Land 3565,land,586,433,0.5728250,0.8473581,32,10,me_harad,me_near_harad_region,2d02f5,no
3606,me_land_3566,Land 3566,land,747,423,0.7302053,0.8277886,48,1,me_mordor_and_rhun,me_khand_region,cb3a6e,no
3607,me_land_3567,Land 3567,land,439,188,0.4291300,0.3679061,41,1,me_eriador,me_shire_breeland_region,6971e7,no
3608,me_land_3568,Land 3568,land,353,267,0.3450635,0.5225049,26,1,me_eriador,me_enedwaith_region,07a960,no
3609,me_land_3569,Land 3569,land,632,328,0.6177908,0.6418787,32,1,me_rhovanion,me_rohan_region,a5e0d9,no
3610,me_land_3570,Land 3570,land,491,447,0.4799609,0.8747554,52,10,me_harad,me_umbar_region,441852,no
3611,me_land_3571,Land 3571,land,852,138,0.8328446,0.2700587,63,9,me_mordor_and_rhun,me_rhun_region,e24fcb,no
3612,me_land_3572,Land 3572,land,795,467,0.7771261,0.9138943,56,10,me_harad,me_near_harad_region,808744,no
3613,me_land_3573,Land 3573,land,594,477,0.5806452,0.9334638,46,10,me_harad,me_near_harad_region,1ebebd,no
3614,me_land_3574,Land 3574,land,654,241,0.6392962,0.4716243,82,3,me_rhovanion,me_mirkwood_region,bcf636,no
3615,me_land_3575,Land 3575,land,737,422,0.7204301,0.8258317,38,1,me_mordor_and_rhun,me_khand_region,5b2daf,no
3616,me_land_3576,Land 3576,land,587,51,0.5738025,0.0998043,71,5,me_forodwaith,me_northern_wastes_region,f96528,no
3617,me_land_3577,Land 3577,land,552,446,0.5395894,0.8727984,73,10,me_harad,me_near_harad_region,979ca1,no
3618,me_land_3578,Land 3578,land,800,380,0.7820137,0.7436399,42,8,me_mordor_and_rhun,me_mordor_region,35d41a,no
3619,me_land_3579,Land 3579,land,289,242,0.2825024,0.4735812,44,1,me_eriador,me_lindon_region,d40b93,no
3620,me_land_3580,Land 3580,land,587,280,0.5738025,0.5479452,49,9,me_rhovanion,me_mirkwood_region,72430c,no
3621,me_land_3581,Land 3581,land,597,286,0.5835777,0.5596869,45,9,me_rhovanion,me_mirkwood_region,107a85,no
3622,me_land_3582,Land 3582,land,524,475,0.5122190,0.9295499,47,10,me_harad,me_umbar_region,aeb1fe,no
3623,me_land_3583,Land 3583,land,262,286,0.2561095,0.5596869,46,1,me_eriador,me_lindon_region,4ce977,no
3624,me_land_3584,Land 3584,land,466,306,0.4555230,0.5988258,43,1,me_eriador,me_enedwaith_region,eb20f0,no
3625,me_land_3585,Land 3585,land,800,356,0.7820137,0.6966732,48,8,me_mordor_and_rhun,me_mordor_region,895869,no
3626,me_land_3586,Land 3586,land,389,352,0.3802542,0.6888454,32,1,me_gondor,me_belfalas_region,278fe2,no
3627,me_land_3587,Land 3587,land,659,347,0.6441838,0.6790607,76,2,me_gondor,me_ithilien_region,c5c75b,no
3628,me_land_3588,Land 3588,land,513,202,0.5014663,0.3953033,46,1,me_rhovanion,me_anduin_vale_region,63fed4,no
3629,me_land_3589,Land 3589,land,374,120,0.3655914,0.2348337,57,1,me_forodwaith,me_forochel_region,02364d,no
3630,me_land_3590,Land 3590,land,619,446,0.6050831,0.8727984,61,10,me_harad,me_near_harad_region,a06dc6,no
3631,me_land_3591,Land 3591,land,320,125,0.3128055,0.2446184,43,1,me_eriador,me_north_arnor_region,3ea53f,no
3632,me_land_3592,Land 3592,land,219,172,0.2140762,0.3365949,50,1,me_eriador,me_lindon_region,dcdcb8,no
3633,me_land_3593,Land 3593,land,709,445,0.6930596,0.8708415,62,10,me_harad,me_near_harad_region,7b1431,no
3634,me_land_3594,Land 3594,land,778,288,0.7605083,0.5636008,28,9,me_mordor_and_rhun,me_rhun_region,194baa,no
3635,me_land_3595,Land 3595,land,270,127,0.2639296,0.2485323,35,1,me_eriador,me_lindon_region,b78323,no
3636,me_land_3596,Land 3596,land,709,120,0.6930596,0.2348337,55,1,me_forodwaith,me_northern_wastes_region,55ba9c,no
3637,me_land_3597,Land 3597,land,846,298,0.8269795,0.5831703,48,9,me_mordor_and_rhun,me_mordor_region,f3f215,no
3638,me_land_3598,Land 3598,land,346,183,0.3382209,0.3581213,27,1,me_eriador,me_shire_breeland_region,92298e,no
3639,me_land_3599,Land 3599,land,434,439,0.4242424,0.8590998,59,10,me_harad,me_umbar_region,306107,no
3640,me_land_3600,Land 3600,land,390,286,0.3812317,0.5596869,38,1,me_eriador,me_enedwaith_region,ce9880,no
3641,me_land_3601,Land 3601,land,915,234,0.8944282,0.4579256,48,9,me_mordor_and_rhun,me_rhun_region,6ccff9,no
3642,me_land_3602,Land 3602,land,211,95,0.2062561,0.1859100,78,5,me_forodwaith,me_forochel_region,0b0772,no
3643,me_land_3603,Land 3603,land,304,97,0.2971652,0.1898239,108,5,me_forodwaith,me_forochel_region,a93eeb,no
3644,me_land_3604,Land 3604,land,632,312,0.6177908,0.6105675,57,9,me_rhovanion,me_rohan_region,477664,no
3645,me_land_3605,Land 3605,land,637,140,0.6226784,0.2739726,71,3,me_rhovanion,me_dale_region,e5addd,no
3646,me_land_3606,Land 3606,land,412,429,0.4027370,0.8395303,26,10,me_harad,me_umbar_region,83e556,no
3647,me_land_3607,Land 3607,land,656,356,0.6412512,0.6966732,82,2,me_gondor,me_anorien_region,221ccf,no
3648,me_land_3608,Land 3608,land,858,212,0.8387097,0.4148728,44,9,me_mordor_and_rhun,me_rhun_region,c05448,no
3649,me_land_3609,Land 3609,land,707,160,0.6911046,0.3131115,26,1,me_mordor_and_rhun,me_rhun_region,5e8bc1,no
3650,me_land_3610,Land 3610,land,843,124,0.8240469,0.2426614,53,1,me_mordor_and_rhun,me_rhun_region,fcc33a,no
3651,me_land_3611,Land 3611,land,350,182,0.3421310,0.3561644,23,1,me_eriador,me_shire_breeland_region,9afab3,no
3652,me_land_3612,Land 3612,land,796,81,0.7781036,0.1585127,75,5,me_forodwaith,me_northern_wastes_region,39322c,no
3653,me_land_3613,Land 3613,land,507,482,0.4956012,0.9432485,75,10,me_harad,me_umbar_region,d769a5,no
3654,me_land_3614,Land 3614,land,716,482,0.6999022,0.9432485,64,10,me_harad,me_far_harad_region,75a11e,no
3655,me_land_3615,Land 3615,land,498,452,0.4868035,0.8845401,35,10,me_harad,me_umbar_region,13d897,no
3656,me_land_3616,Land 3616,land,794,444,0.7761486,0.8688845,76,10,me_harad,me_near_harad_region,b21010,no
3657,me_land_3617,Land 3617,land,651,142,0.6363636,0.2778865,28,3,me_rhovanion,me_dale_region,504789,no
3658,me_land_3618,Land 3618,land,783,477,0.7653959,0.9334638,71,10,me_harad,me_near_harad_region,ee7f02,no
3659,me_land_3619,Land 3619,land,235,225,0.2297165,0.4403131,53,1,me_eriador,me_lindon_region,8cb67b,no
3660,me_land_3620,Land 3620,land,801,303,0.7829912,0.5929550,54,9,me_mordor_and_rhun,me_mordor_region,2aedf4,no
3661,me_land_3621,Land 3621,land,296,64,0.2893451,0.1252446,37,5,me_forodwaith,me_forochel_region,c9256d,no
3662,me_land_3622,Land 3622,land,382,421,0.3734115,0.8238748,63,1,me_gondor,me_belfalas_region,675ce6,no
3663,me_land_3623,Land 3623,land,593,248,0.5796676,0.4853229,81,3,me_rhovanion,me_mirkwood_region,05945f,no
3664,me_land_3624,Land 3624,land,728,199,0.7116325,0.3894325,88,9,me_mordor_and_rhun,me_rhun_region,a3cbd8,no
3665,me_land_3625,Land 3625,land,738,135,0.7214076,0.2641879,61,9,me_mordor_and_rhun,me_rhun_region,420351,no
3666,me_land_3626,Land 3626,land,510,284,0.4985337,0.5557730,61,1,me_rhovanion,me_anduin_vale_region,e03aca,no
3667,me_land_3627,Land 3627,land,862,378,0.8426197,0.7397260,59,1,me_mordor_and_rhun,me_mordor_region,7e7243,no
3668,me_land_3628,Land 3628,land,473,375,0.4623656,0.7338552,28,1,me_rhovanion,me_rohan_region,1ca9bc,no
3669,me_land_3629,Land 3629,land,278,130,0.2717498,0.2544031,33,1,me_eriador,me_lindon_region,bae135,no
3670,me_land_3630,Land 3630,land,569,122,0.5562072,0.2387476,33,1,me_rhovanion,me_grey_mountains_region,5918ae,no
3671,me_land_3631,Land 3631,land,239,302,0.2336266,0.5909980,48,1,me_eriador,me_lindon_region,f75027,no
3672,me_land_3632,Land 3632,land,536,288,0.5239492,0.5636008,60,1,me_rhovanion,me_anduin_vale_region,9587a0,no
3673,me_land_3633,Land 3633,land,665,301,0.6500489,0.5890411,32,9,me_rhovanion,me_brown_lands_region,33bf19,no
3674,me_land_3634,Land 3634,land,589,225,0.5757576,0.4403131,72,3,me_rhovanion,me_mirkwood_region,d1f692,no
3675,me_land_3635,Land 3635,land,596,58,0.5826002,0.1135029,46,5,me_forodwaith,me_northern_wastes_region,702e0b,no
3676,me_land_3636,Land 3636,land,363,215,0.3548387,0.4207436,27,3,me_eriador,me_shire_breeland_region,0e6584,no
3677,me_land_3637,Land 3637,land,226,157,0.2209189,0.3072407,49,1,me_eriador,me_lindon_region,ac9cfd,no
3678,me_land_3638,Land 3638,land,438,178,0.4281525,0.3483366,35,1,me_eriador,me_north_arnor_region,4ad476,no
3679,me_land_3639,Land 3639,land,582,305,0.5689150,0.5968689,54,9,me_rhovanion,me_rohan_region,e90bef,no
3680,me_land_3640,Land 3640,land,571,127,0.5581623,0.2485323,26,1,me_rhovanion,me_grey_mountains_region,874368,no
3681,me_land_3641,Land 3641,land,848,359,0.8289345,0.7025440,65,1,me_mordor_and_rhun,me_mordor_region,257ae1,no
3682,me_land_3642,Land 3642,land,667,184,0.6520039,0.3600783,30,3,me_rhovanion,me_dale_region,c3b25a,no
3683,me_land_3643,Land 3643,land,916,178,0.8954057,0.3483366,45,9,me_mordor_and_rhun,me_rhun_region,61e9d3,no
3684,me_land_3644,Land 3644,land,256,325,0.2502444,0.6360078,52,1,me_eriador,me_lindon_region,00214c,no
3685,me_land_3645,Land 3645,land,606,91,0.5923754,0.1780822,61,5,me_forodwaith,me_northern_wastes_region,9e58c5,no
3686,me_land_3646,Land 3646,land,841,292,0.8220919,0.5714286,32,9,me_mordor_and_rhun,me_mordor_region,3c903e,no
3687,me_land_3647,Land 3647,land,516,189,0.5043988,0.3698630,37,1,me_rhovanion,me_anduin_vale_region,dac7b7,no
3688,me_land_3648,Land 3648,land,414,138,0.4046921,0.2700587,45,1,me_eriador,me_north_arnor_region,78ff30,no
3689,me_land_3649,Land 3649,land,836,191,0.8172043,0.3737769,48,9,me_mordor_and_rhun,me_rhun_region,1736a9,no
3690,me_land_3650,Land 3650,land,326,287,0.3186706,0.5616438,33,1,me_eriador,me_enedwaith_region,b56e22,no
3691,me_land_3651,Land 3651,land,636,380,0.6217009,0.7436399,25,1,me_gondor,me_anorien_region,53a59b,no
3692,me_land_3652,Land 3652,land,191,69,0.1867058,0.1350294,108,5,me_forodwaith,me_forochel_region,f1dd14,no
3693,me_land_3653,Land 3653,land,721,290,0.7047898,0.5675147,56,9,me_mordor_and_rhun,me_rhun_region,90148d,no
3694,me_land_3654,Land 3654,land,334,95,0.3264907,0.1859100,51,5,me_forodwaith,me_forochel_region,2e4c06,no
3695,me_land_3655,Land 3655,land,547,164,0.5347019,0.3209393,29,1,me_rhovanion,me_anduin_vale_region,cc837f,no
3696,me_land_3656,Land 3656,land,886,194,0.8660802,0.3796477,48,9,me_mordor_and_rhun,me_rhun_region,6abaf8,no
3697,me_land_3657,Land 3657,land,475,452,0.4643206,0.8845401,34,10,me_harad,me_umbar_region,08f271,no
3698,me_land_3658,Land 3658,land,671,500,0.6559140,0.9784736,103,10,me_harad,me_far_harad_region,a729ea,no
3699,me_land_3659,Land 3659,land,361,54,0.3528837,0.1056751,37,5,me_forodwaith,me_forochel_region,456163,no
3700,me_land_3660,Land 3660,land,861,370,0.8416422,0.7240705,29,1,me_mordor_and_rhun,me_mordor_region,e398dc,no
3701,me_land_3661,Land 3661,land,551,454,0.5386119,0.8884540,52,10,me_harad,me_near_harad_region,81d055,no
3702,me_land_3662,Land 3662,land,679,273,0.6637341,0.5342466,45,1,me_rhovanion,me_mirkwood_region,2007ce,no
3703,me_land_3663,Land 3663,land,521,443,0.5092864,0.8669276,36,10,me_harad,me_umbar_region,be3f47,no
3704,me_land_3664,Land 3664,land,836,153,0.8172043,0.2994129,42,9,me_mordor_and_rhun,me_rhun_region,5c76c0,no
3705,me_land_3665,Land 3665,land,252,316,0.2463343,0.6183953,60,1,me_eriador,me_lindon_region,faae39,no
3706,me_land_3666,Land 3666,land,844,420,0.8250244,0.8219178,18,1,me_mordor_and_rhun,me_khand_region,98e5b2,no
3707,me_land_3667,Land 3667,land,333,77,0.3255132,0.1506849,70,5,me_forodwaith,me_forochel_region,371d2b,no
3708,me_land_3668,Land 3668,land,547,385,0.5347019,0.7534247,24,1,me_gondor,me_belfalas_region,d554a4,no
3709,me_land_3669,Land 3669,land,426,335,0.4164223,0.6555773,46,1,me_gondor,me_belfalas_region,738c1d,no
3710,me_land_3670,Land 3670,land,499,152,0.4877810,0.2974560,36,1,me_eriador,me_north_arnor_region,11c396,no
3711,me_land_3671,Land 3671,land,568,237,0.5552297,0.4637965,35,3,me_rhovanion,me_mirkwood_region,affb0f,no
3712,me_land_3672,Land 3672,land,833,135,0.8142717,0.2641879,61,9,me_mordor_and_rhun,me_rhun_region,4e3288,no
3713,me_land_3673,Land 3673,land,414,448,0.4046921,0.8767123,38,10,me_harad,me_umbar_region,ec6a01,no
3714,me_land_3674,Land 3674,land,642,323,0.6275660,0.6320939,26,1,me_rhovanion,me_rohan_region,8aa17a,no
3715,me_land_3675,Land 3675,land,729,285,0.7126100,0.5577299,30,9,me_mordor_and_rhun,me_rhun_region,28d8f3,no
3716,me_land_3676,Land 3676,land,386,288,0.3773216,0.5636008,34,1,me_eriador,me_enedwaith_region,c7106c,no
3717,me_land_3677,Land 3677,land,823,122,0.8044966,0.2387476,38,1,me_mordor_and_rhun,me_rhun_region,6547e5,no
3718,me_land_3678,Land 3678,land,642,98,0.6275660,0.1917808,105,5,me_forodwaith,me_northern_wastes_region,037f5e,no
3719,me_land_3679,Land 3679,land,727,367,0.7106549,0.7181996,29,8,me_mordor_and_rhun,me_mordor_region,a1b6d7,no
3720,me_land_3680,Land 3680,land,507,60,0.4956012,0.1174168,136,5,me_forodwaith,me_angmar_region,3fee50,no
3721,me_land_3681,Land 3681,land,515,333,0.5034213,0.6516634,34,3,me_rhovanion,me_rohan_region,de25c9,no
3722,me_land_3682,Land 3682,land,728,212,0.7116325,0.4148728,48,9,me_mordor_and_rhun,me_rhun_region,7c5d42,no
3723,me_land_3683,Land 3683,land,870,115,0.8504399,0.2250489,21,1,me_forodwaith,me_northern_wastes_region,1a94bb,no
3724,me_land_3684,Land 3684,land,685,395,0.6695992,0.7729941,21,1,me_mordor_and_rhun,me_mordor_region,b8cc34,no
3725,me_land_3685,Land 3685,land,338,94,0.3304008,0.1839530,60,5,me_forodwaith,me_forochel_region,5703ad,no
3726,me_land_3686,Land 3686,land,552,36,0.5395894,0.0704501,89,5,me_forodwaith,me_northern_wastes_region,f53b26,no
3727,me_land_3687,Land 3687,land,595,300,0.5816227,0.5870841,41,9,me_rhovanion,me_brown_lands_region,93729f,no
3728,me_land_3688,Land 3688,land,798,448,0.7800587,0.8767123,58,10,me_harad,me_near_harad_region,31aa18,no
3729,me_land_3689,Land 3689,land,366,211,0.3577713,0.4129159,30,3,me_eriador,me_shire_breeland_region,cfe191,no
3730,me_land_3690,Land 3690,land,429,426,0.4193548,0.8336595,44,10,me_harad,me_umbar_region,6e190a,no
3731,me_land_3691,Land 3691,land,611,474,0.5972630,0.9275930,76,10,me_harad,me_near_harad_region,0c5083,no
3732,me_land_3692,Land 3692,land,843,276,0.8240469,0.5401174,29,9,me_mordor_and_rhun,me_rhun_region,aa87fc,no
3733,me_land_3693,Land 3693,land,344,196,0.3362659,0.3835616,43,1,me_eriador,me_shire_breeland_region,48bf75,no
3734,me_land_3694,Land 3694,land,484,369,0.4731183,0.7221135,53,1,me_rhovanion,me_rohan_region,e6f6ee,no
3735,me_land_3695,Land 3695,land,400,418,0.3910068,0.8180039,38,1,me_gondor,me_belfalas_region,852e67,no
3736,me_land_3696,Land 3696,land,315,93,0.3079179,0.1819961,88,5,me_forodwaith,me_forochel_region,2365e0,no
3737,me_land_3697,Land 3697,land,463,425,0.4525904,0.8317025,32,10,me_harad,me_umbar_region,c19d59,no
3738,me_land_3698,Land 3698,land,784,482,0.7663734,0.9432485,49,10,me_harad,me_far_harad_region,5fd4d2,no
3739,me_land_3699,Land 3699,land,247,293,0.2414467,0.5733855,41,1,me_eriador,me_lindon_region,fe0c4b,no
3740,me_land_3700,Land 3700,land,599,196,0.5855327,0.3835616,65,3,me_rhovanion,me_mirkwood_region,9c43c4,no
3741,me_land_3701,Land 3701,land,556,228,0.5434995,0.4461840,40,1,me_rhovanion,me_mirkwood_region,3a7b3d,no
3742,me_land_3702,Land 3702,land,639,225,0.6246334,0.4403131,95,3,me_rhovanion,me_mirkwood_region,d8b2b6,no
3743,me_land_3703,Land 3703,land,493,114,0.4819159,0.2230920,65,5,me_forodwaith,me_angmar_region,76ea2f,no
3744,me_land_3704,Land 3704,land,634,287,0.6197458,0.5616438,34,9,me_rhovanion,me_brown_lands_region,1521a8,no
3745,me_land_3705,Land 3705,land,767,408,0.7497556,0.7984344,39,1,me_mordor_and_rhun,me_mordor_region,b35921,no
3746,me_land_3706,Land 3706,land,769,317,0.7517107,0.6203523,30,8,me_mordor_and_rhun,me_mordor_region,51909a,no
3747,me_land_3707,Land 3707,land,619,347,0.6050831,0.6790607,36,1,me_rhovanion,me_rohan_region,efc813,no
3748,me_land_3708,Land 3708,land,483,382,0.4721408,0.7475538,67,1,me_rhovanion,me_rohan_region,8dff8c,no
3749,me_land_3709,Land 3709,land,368,324,0.3597263,0.6340509,71,1,me_eriador,me_enedwaith_region,2c3705,no
3750,me_land_3710,Land 3710,land,311,414,0.3040078,0.8101761,89,1,me_gondor,me_belfalas_region,ca6e7e,no
3751,me_land_3711,Land 3711,land,243,165,0.2375367,0.3228963,35,1,me_eriador,me_lindon_region,68a5f7,no
3752,me_land_3712,Land 3712,land,517,363,0.5053763,0.7103718,47,1,me_rhovanion,me_rohan_region,06dd70,no
3753,me_land_3713,Land 3713,land,424,193,0.4144673,0.3776908,47,1,me_eriador,me_shire_breeland_region,a514e9,no
3754,me_land_3714,Land 3714,land,909,162,0.8885630,0.3170254,44,9,me_mordor_and_rhun,me_rhun_region,434c62,no
3755,me_land_3715,Land 3715,land,678,391,0.6627566,0.7651663,36,1,me_gondor,me_ithilien_region,e183db,no
3756,me_land_3716,Land 3716,land,219,205,0.2140762,0.4011742,45,1,me_eriador,me_lindon_region,7fbb54,no
3757,me_land_3717,Land 3717,land,348,248,0.3401760,0.4853229,37,1,me_eriador,me_shire_breeland_region,1df2cd,no
3758,me_land_3718,Land 3718,land,555,329,0.5425220,0.6438356,50,1,me_rhovanion,me_rohan_region,bc2a46,no
3759,me_land_3719,Land 3719,land,851,260,0.8318671,0.5088063,34,9,me_mordor_and_rhun,me_rhun_region,5a61bf,no
3760,me_land_3720,Land 3720,land,495,260,0.4838710,0.5088063,29,1,me_rhovanion,me_anduin_vale_region,f89938,no
3761,me_land_3721,Land 3721,land,412,305,0.4027370,0.5968689,61,1,me_eriador,me_enedwaith_region,96d0b1,no
3762,me_land_3722,Land 3722,land,799,363,0.7810362,0.7103718,43,8,me_mordor_and_rhun,me_mordor_region,35082a,no
3763,me_land_3723,Land 3723,land,907,348,0.8866080,0.6810176,34,1,me_mordor_and_rhun,me_mordor_region,d33fa3,no
3764,me_land_3724,Land 3724,land,397,266,0.3880743,0.5205479,35,1,me_eriador,me_enedwaith_region,71771c,no
3765,me_land_3725,Land 3725,land,482,487,0.4711632,0.9530333,60,10,me_harad,me_umbar_region,0fae95,no
3766,me_land_3726,Land 3726,land,912,156,0.8914956,0.3052838,47,9,me_mordor_and_rhun,me_rhun_region,ade60e,no
3767,me_land_3727,Land 3727,land,503,280,0.4916911,0.5479452,70,1,me_rhovanion,me_anduin_vale_region,4c1d87,no
3768,me_land_3728,Land 3728,land,545,172,0.5327468,0.3365949,41,1,me_rhovanion,me_anduin_vale_region,ea5500,no
3769,me_land_3729,Land 3729,land,681,119,0.6656891,0.2328767,78,1,me_forodwaith,me_northern_wastes_region,888c79,no
3770,me_land_3730,Land 3730,land,478,294,0.4672532,0.5753425,45,1,me_eriador,me_enedwaith_region,26c3f2,no
3771,me_land_3731,Land 3731,land,595,141,0.5816227,0.2759295,59,3,me_rhovanion,me_mirkwood_region,c4fb6b,no
3772,me_land_3732,Land 3732,land,195,62,0.1906158,0.1213307,73,5,me_forodwaith,me_forochel_region,6332e4,no
3773,me_land_3733,Land 3733,land,437,305,0.4271750,0.5968689,55,1,me_eriador,me_enedwaith_region,016a5d,no
3774,me_land_3734,Land 3734,land,439,211,0.4291300,0.4129159,30,1,me_eriador,me_shire_breeland_region,9fa1d6,no
3775,me_land_3735,Land 3735,land,359,174,0.3509286,0.3405088,28,1,me_eriador,me_north_arnor_region,3dd94f,no
3776,me_land_3736,Land 3736,land,290,99,0.2834800,0.1937378,47,5,me_forodwaith,me_forochel_region,dc10c8,no
3777,me_land_3737,Land 3737,land,672,488,0.6568915,0.9549902,29,10,me_harad,me_far_harad_region,7a4841,no
3778,me_land_3738,Land 3738,land,768,489,0.7507331,0.9569472,43,10,me_harad,me_far_harad_region,187fba,no
3779,me_land_3739,Land 3739,land,443,35,0.4330401,0.0684932,77,5,me_forodwaith,me_angmar_region,b6b733,no
3780,me_land_3740,Land 3740,land,462,459,0.4516129,0.8982387,38,10,me_harad,me_umbar_region,54eeac,no
3781,me_land_3741,Land 3741,land,806,121,0.7878788,0.2367906,39,1,me_mordor_and_rhun,me_rhun_region,f32625,no
3782,me_land_3742,Land 3742,land,366,265,0.3577713,0.5185910,30,1,me_eriador,me_enedwaith_region,915d9e,no
3783,me_land_3743,Land 3743,land,741,431,0.7243402,0.8434442,45,10,me_harad,me_near_harad_region,2f9517,no
3784,me_land_3744,Land 3744,land,700,129,0.6842620,0.2524462,52,1,me_mordor_and_rhun,me_rhun_region,cdcc90,no
3785,me_land_3745,Land 3745,land,457,37,0.4467253,0.0724070,90,5,me_forodwaith,me_angmar_region,6c0409,no
3786,me_land_3746,Land 3746,land,845,396,0.8260020,0.7749511,48,1,me_mordor_and_rhun,me_mordor_region,0a3b82,no
3787,me_land_3747,Land 3747,land,473,220,0.4623656,0.4305284,31,1,me_eriador,me_shire_breeland_region,a872fb,no
3788,me_land_3748,Land 3748,land,729,52,0.7126100,0.1017613,135,5,me_forodwaith,me_northern_wastes_region,46aa74,no
3789,me_land_3749,Land 3749,land,886,145,0.8660802,0.2837573,27,9,me_mordor_and_rhun,me_rhun_region,e4e1ed,no
3790,me_land_3750,Land 3750,land,750,185,0.7331378,0.3620352,59,9,me_mordor_and_rhun,me_rhun_region,831966,no
3791,me_land_3751,Land 3751,land,617,154,0.6031281,0.3013699,46,3,me_rhovanion,me_dale_region,2150df,no
3792,me_land_3752,Land 3752,land,556,346,0.5434995,0.6771037,39,1,me_rhovanion,me_rohan_region,bf8858,no
3793,me_land_3753,Land 3753,land,275,304,0.2688172,0.5949119,52,1,me_eriador,me_lindon_region,5dbfd1,no
3794,me_land_3754,Land 3754,land,739,65,0.7223851,0.1272016,40,5,me_forodwaith,me_northern_wastes_region,fbf74a,no
3795,me_land_3755,Land 3755,land,762,373,0.7448680,0.7299413,44,8,me_mordor_and_rhun,me_mordor_region,9a2ec3,no
3796,me_land_3756,Land 3756,land,436,268,0.4261975,0.5244618,21,1,me_eriador,me_enedwaith_region,38663c,no
3797,me_land_3757,Land 3757,land,709,183,0.6930596,0.3581213,35,1,me_mordor_and_rhun,me_rhun_region,d69db5,no
3798,me_land_3758,Land 3758,land,282,290,0.2756598,0.5675147,30,1,me_eriador,me_lindon_region,74d52e,no
3799,me_land_3759,Land 3759,land,780,347,0.7624633,0.6790607,26,8,me_mordor_and_rhun,me_mordor_region,130ca7,no
3800,me_land_3760,Land 3760,land,442,237,0.4320626,0.4637965,26,1,me_eriador,me_shire_breeland_region,b14420,no
3801,me_land_3761,Land 3761,land,433,245,0.4232649,0.4794521,21,1,me_eriador,me_shire_breeland_region,4f7b99,no
3802,me_land_3762,Land 3762,land,362,74,0.3538612,0.1448141,81,5,me_forodwaith,me_forochel_region,edb312,no
3803,me_land_3763,Land 3763,land,872,348,0.8523949,0.6810176,35,1,me_mordor_and_rhun,me_mordor_region,8bea8b,no
3804,me_land_3764,Land 3764,land,648,418,0.6334311,0.8180039,26,1,me_gondor,me_south_gondor_region,2a2204,no
3805,me_land_3765,Land 3765,land,575,363,0.5620723,0.7103718,39,1,me_rhovanion,me_rohan_region,c8597d,no
3806,me_land_3766,Land 3766,land,464,36,0.4535679,0.0704501,82,5,me_forodwaith,me_angmar_region,6690f6,no
3807,me_land_3767,Land 3767,land,466,354,0.4555230,0.6927593,38,1,me_gondor,me_belfalas_region,04c86f,no
3808,me_land_3768,Land 3768,land,369,78,0.3607038,0.1526419,80,5,me_forodwaith,me_forochel_region,a2ffe8,no
3809,me_land_3769,Land 3769,land,213,180,0.2082111,0.3522505,25,1,me_eriador,me_lindon_region,413761,no
3810,me_land_3770,Land 3770,land,608,86,0.5943304,0.1682975,98,5,me_forodwaith,me_northern_wastes_region,df6eda,no
3811,me_land_3771,Land 3771,land,843,441,0.8240469,0.8630137,73,10,me_harad,me_near_harad_region,7da653,no
3812,me_land_3772,Land 3772,land,362,164,0.3538612,0.3209393,32,1,me_eriador,me_north_arnor_region,1bddcc,no
3813,me_land_3773,Land 3773,land,455,294,0.4447703,0.5753425,39,1,me_eriador,me_enedwaith_region,ba1545,no
3814,me_land_3774,Land 3774,land,207,112,0.2023460,0.2191781,61,5,me_forodwaith,me_forochel_region,584cbe,no
3815,me_land_3775,Land 3775,land,854,444,0.8347996,0.8688845,87,10,me_harad,me_near_harad_region,f68437,no
3816,me_land_3776,Land 3776,land,445,24,0.4349951,0.0469667,59,5,me_forodwaith,me_angmar_region,94bbb0,no
3817,me_land_3777,Land 3777,land,264,125,0.2580645,0.2446184,41,1,me_eriador,me_lindon_region,32f329,no
3818,me_land_3778,Land 3778,land,487,432,0.4760508,0.8454012,40,10,me_harad,me_umbar_region,d12aa2,no
3819,me_land_3779,Land 3779,land,537,231,0.5249267,0.4520548,26,1,me_rhovanion,me_anduin_vale_region,6f621b,no
3820,me_land_3780,Land 3780,land,798,271,0.7800587,0.5303327,36,9,me_mordor_and_rhun,me_rhun_region,0d9994,no
3821,me_land_3781,Land 3781,land,589,372,0.5757576,0.7279843,45,1,me_rhovanion,me_rohan_region,abd10d,no
3822,me_land_3782,Land 3782,land,706,145,0.6901271,0.2837573,43,1,me_mordor_and_rhun,me_rhun_region,4a0886,no
3823,me_land_3783,Land 3783,land,292,225,0.2854350,0.4403131,37,1,me_eriador,me_lindon_region,e83fff,no
3824,me_land_3784,Land 3784,land,503,444,0.4916911,0.8688845,25,10,me_harad,me_umbar_region,867778,no
3825,me_land_3785,Land 3785,land,408,291,0.3988270,0.5694716,33,1,me_eriador,me_enedwaith_region,24aef1,no
3826,me_land_3786,Land 3786,land,490,256,0.4789834,0.5009785,29,1,me_rhovanion,me_anduin_vale_region,c2e66a,no
3827,me_land_3787,Land 3787,land,407,95,0.3978495,0.1859100,84,5,me_forodwaith,me_angmar_region,611de3,no
3828,me_land_3788,Land 3788,land,773,129,0.7556207,0.2524462,23,9,me_mordor_and_rhun,me_rhun_region,ff555c,no
3829,me_land_3789,Land 3789,land,557,378,0.5444770,0.7397260,37,1,me_rhovanion,me_rohan_region,9d8cd5,no
3830,me_land_3790,Land 3790,land,801,158,0.7829912,0.3091977,50,9,me_mordor_and_rhun,me_rhun_region,3bc44e,no
3831,me_land_3791,Land 3791,land,741,370,0.7243402,0.7240705,32,8,me_mordor_and_rhun,me_mordor_region,d9fbc7,no
3832,me_land_3792,Land 3792,land,714,329,0.6979472,0.6438356,43,8,me_mordor_and_rhun,me_mordor_region,783340,no
3833,me_land_3793,Land 3793,land,819,178,0.8005865,0.3483366,24,9,me_mordor_and_rhun,me_rhun_region,166ab9,no
3834,me_land_3794,Land 3794,land,624,153,0.6099707,0.2994129,34,3,me_rhovanion,me_dale_region,b4a232,no
3835,me_land_3795,Land 3795,land,376,351,0.3675464,0.6868885,33,1,me_gondor,me_belfalas_region,52d9ab,no
3836,me_land_3796,Land 3796,land,738,148,0.7214076,0.2896282,37,9,me_mordor_and_rhun,me_rhun_region,f11124,no
3837,me_land_3797,Land 3797,land,763,120,0.7458456,0.2348337,38,1,me_forodwaith,me_northern_wastes_region,8f489d,no
3838,me_land_3798,Land 3798,land,666,168,0.6510264,0.3287671,31,3,me_rhovanion,me_dale_region,2d8016,no
3839,me_land_3799,Land 3799,land,286,275,0.2795699,0.5381605,43,1,me_eriador,me_lindon_region,cbb78f,no
3840,me_land_3800,Land 3800,land,854,295,0.8347996,0.5772994,49,9,me_mordor_and_rhun,me_mordor_region,69ef08,no
3841,me_land_3801,Land 3801,land,881,129,0.8611926,0.2524462,48,9,me_mordor_and_rhun,me_rhun_region,082681,no
3842,me_land_3802,Land 3802,land,370,318,0.3616813,0.6223092,31,1,me_eriador,me_enedwaith_region,a65dfa,no
3843,me_land_3803,Land 3803,land,575,306,0.5620723,0.5988258,50,1,me_rhovanion,me_rohan_region,449573,no
3844,me_land_3804,Land 3804,land,743,270,0.7262952,0.5283757,70,9,me_mordor_and_rhun,me_rhun_region,e2ccec,no
3845,me_land_3805,Land 3805,land,725,216,0.7086999,0.4227006,26,9,me_mordor_and_rhun,me_rhun_region,810465,no
3846,me_land_3806,Land 3806,land,422,265,0.4125122,0.5185910,34,1,me_eriador,me_enedwaith_region,1f3bde,no
3847,me_land_3807,Land 3807,land,211,203,0.2062561,0.3972603,38,1,me_eriador,me_lindon_region,bd7357,no
3848,me_land_3808,Land 3808,land,730,410,0.7135875,0.8023483,29,8,me_mordor_and_rhun,me_mordor_region,5baad0,no
3849,me_land_3809,Land 3809,land,766,156,0.7487781,0.3052838,58,9,me_mordor_and_rhun,me_rhun_region,f9e249,no
3850,me_land_3810,Land 3810,land,478,465,0.4672532,0.9099804,25,10,me_harad,me_umbar_region,9819c2,no
3851,me_land_3811,Land 3811,land,413,158,0.4037146,0.3091977,28,1,me_eriador,me_north_arnor_region,36513b,no
3852,me_land_3812,Land 3812,land,408,168,0.3988270,0.3287671,26,1,me_eriador,me_north_arnor_region,d488b4,no
3853,me_land_3813,Land 3813,land,390,164,0.3812317,0.3209393,30,1,me_eriador,me_north_arnor_region,72c02d,no
3854,me_land_3814,Land 3814,land,237,200,0.2316716,0.3913894,28,1,me_eriador,me_lindon_region,10f7a6,no
3855,me_land_3815,Land 3815,land,872,133,0.8523949,0.2602740,50,9,me_mordor_and_rhun,me_rhun_region,af2f1f,no
3856,me_land_3816,Land 3816,land,418,421,0.4086022,0.8238748,34,1,me_gondor,me_belfalas_region,4d6698,no
3857,me_land_3817,Land 3817,land,541,214,0.5288368,0.4187867,57,1,me_rhovanion,me_anduin_vale_region,eb9e11,no
3858,me_land_3818,Land 3818,land,400,49,0.3910068,0.0958904,86,5,me_forodwaith,me_angmar_region,89d58a,no
3859,me_land_3819,Land 3819,land,257,212,0.2512219,0.4148728,76,1,me_eriador,me_lindon_region,280d03,no
3860,me_land_3820,Land 3820,land,647,46,0.6324536,0.0900196,171,5,me_forodwaith,me_northern_wastes_region,c6447c,no
3861,me_land_3821,Land 3821,land,592,429,0.5786901,0.8395303,26,10,me_harad,me_near_harad_region,647bf5,no
3862,me_land_3822,Land 3822,land,477,474,0.4662757,0.9275930,42,10,me_harad,me_umbar_region,02b36e,no
3863,me_land_3823,Land 3823,land,513,250,0.5014663,0.4892368,36,1,me_rhovanion,me_anduin_vale_region,a0eae7,no
3864,me_land_3824,Land 3824,land,360,290,0.3519062,0.5675147,23,1,me_eriador,me_enedwaith_region,3f2260,no
3865,me_land_3825,Land 3825,land,524,215,0.5122190,0.4207436,44,1,me_rhovanion,me_anduin_vale_region,dd59d9,no
3866,me_land_3826,Land 3826,land,581,456,0.5679374,0.8923679,66,10,me_harad,me_near_harad_region,7b9152,no
3867,me_land_3827,Land 3827,land,687,134,0.6715543,0.2622309,74,1,me_mordor_and_rhun,me_rhun_region,19c8cb,no
3868,me_land_3828,Land 3828,land,417,283,0.4076246,0.5538160,32,1,me_eriador,me_enedwaith_region,b80044,no
3869,me_land_3829,Land 3829,land,550,234,0.5376344,0.4579256,41,1,me_rhovanion,me_anduin_vale_region,5637bd,no
3870,me_land_3830,Land 3830,land,548,266,0.5356794,0.5205479,30,1,me_rhovanion,me_anduin_vale_region,f46f36,no
3871,me_land_3831,Land 3831,land,903,274,0.8826979,0.5362035,33,9,me_mordor_and_rhun,me_rhun_region,92a6af,no
3872,me_land_3832,Land 3832,land,665,50,0.6500489,0.0978474,56,5,me_forodwaith,me_northern_wastes_region,30de28,no
3873,me_land_3833,Land 3833,land,565,486,0.5522972,0.9510763,58,10,me_harad,me_far_harad_region,cf15a1,no
3874,me_land_3834,Land 3834,land,410,259,0.4007820,0.5068493,19,1,me_eriador,me_enedwaith_region,6d4d1a,no
3875,me_land_3835,Land 3835,land,386,318,0.3773216,0.6223092,55,1,me_eriador,me_enedwaith_region,0b8493,no
3876,me_land_3836,Land 3836,land,468,244,0.4574780,0.4774951,42,1,me_eriador,me_shire_breeland_region,a9bc0c,no
3877,me_land_3837,Land 3837,land,797,160,0.7790811,0.3131115,23,9,me_mordor_and_rhun,me_rhun_region,47f385,no
3878,me_land_3838,Land 3838,land,787,65,0.7693060,0.1272016,43,5,me_forodwaith,me_northern_wastes_region,e62afe,no
3879,me_land_3839,Land 3839,land,802,465,0.7839687,0.9099804,103,10,me_harad,me_near_harad_region,846277,no
3880,me_land_3840,Land 3840,land,372,179,0.3636364,0.3502935,32,1,me_eriador,me_shire_breeland_region,2299f0,no
3881,me_land_3841,Land 3841,land,338,333,0.3304008,0.6516634,37,1,me_eriador,me_enedwaith_region,c0d169,no
3882,me_land_3842,Land 3842,land,915,165,0.8944282,0.3228963,53,9,me_mordor_and_rhun,me_rhun_region,5f08e2,no
3883,me_land_3843,Land 3843,land,414,315,0.4046921,0.6164384,48,1,me_eriador,me_enedwaith_region,fd405b,no
3884,me_land_3844,Land 3844,land,719,56,0.7028348,0.1095890,139,5,me_forodwaith,me_northern_wastes_region,9b77d4,no
3885,me_land_3845,Land 3845,land,540,220,0.5278592,0.4305284,52,1,me_rhovanion,me_anduin_vale_region,39af4d,no
3886,me_land_3846,Land 3846,land,615,162,0.6011730,0.3170254,51,3,me_rhovanion,me_dale_region,d7e6c6,no
3887,me_land_3847,Land 3847,land,215,203,0.2101662,0.3972603,28,1,me_eriador,me_lindon_region,761e3f,no
3888,me_land_3848,Land 3848,land,807,173,0.7888563,0.3385519,68,9,me_mordor_and_rhun,me_rhun_region,1455b8,no
3889,me_land_3849,Land 3849,land,833,119,0.8142717,0.2328767,28,1,me_forodwaith,me_northern_wastes_region,b28d31,no
3890,me_land_3850,Land 3850,land,389,220,0.3802542,0.4305284,46,3,me_eriador,me_shire_breeland_region,50c4aa,no
3891,me_land_3851,Land 3851,land,686,157,0.6705767,0.3072407,37,1,me_mordor_and_rhun,me_rhun_region,eefc23,no
3892,me_land_3852,Land 3852,land,795,374,0.7771261,0.7318982,37,8,me_mordor_and_rhun,me_mordor_region,8d339c,no
3893,me_land_3853,Land 3853,land,562,306,0.5493646,0.5988258,26,1,me_rhovanion,me_rohan_region,2b6b15,no
3894,me_land_3854,Land 3854,land,881,326,0.8611926,0.6379648,43,1,me_mordor_and_rhun,me_mordor_region,c9a28e,no
3895,me_land_3855,Land 3855,land,541,244,0.5288368,0.4774951,42,1,me_rhovanion,me_anduin_vale_region,67da07,no
3896,me_land_3856,Land 3856,land,878,276,0.8582600,0.5401174,53,9,me_mordor_and_rhun,me_rhun_region,061180,no
3897,me_land_3857,Land 3857,land,574,454,0.5610948,0.8884540,52,10,me_harad,me_near_harad_region,a448f9,no
3898,me_land_3858,Land 3858,land,418,128,0.4086022,0.2504892,35,1,me_eriador,me_north_arnor_region,428072,no
3899,me_land_3859,Land 3859,land,460,421,0.4496579,0.8238748,47,1,me_gondor,me_belfalas_region,e0b7eb,no
3900,me_land_3860,Land 3860,land,420,462,0.4105572,0.9041096,49,10,me_harad,me_umbar_region,7eef64,no
3901,me_land_3861,Land 3861,land,587,409,0.5738025,0.8003914,20,1,me_gondor,me_lebennin_region,1d26dd,no
3902,me_land_3862,Land 3862,land,425,161,0.4154448,0.3150685,35,1,me_eriador,me_north_arnor_region,bb5e56,no
3903,me_land_3863,Land 3863,land,764,459,0.7468231,0.8982387,46,10,me_harad,me_near_harad_region,5995cf,no
3904,me_land_3864,Land 3864,land,504,306,0.4926686,0.5988258,66,3,me_rhovanion,me_rohan_region,f7cd48,no
3905,me_land_3865,Land 3865,land,321,254,0.3137830,0.4970646,19,1,me_eriador,me_enedwaith_region,9604c1,no
3906,me_land_3866,Land 3866,land,425,141,0.4154448,0.2759295,58,1,me_eriador,me_north_arnor_region,343c3a,no
3907,me_land_3867,Land 3867,land,836,378,0.8172043,0.7397260,55,1,me_mordor_and_rhun,me_mordor_region,d273b3,no
3908,me_land_3868,Land 3868,land,705,280,0.6891496,0.5479452,29,1,me_mordor_and_rhun,me_rhun_region,70ab2c,no
3909,me_land_3869,Land 3869,land,845,96,0.8260020,0.1878669,43,1,me_forodwaith,me_northern_wastes_region,0ee2a5,no
3910,me_land_3870,Land 3870,land,403,239,0.3939394,0.4677104,33,1,me_eriador,me_shire_breeland_region,ad1a1e,no
3911,me_land_3871,Land 3871,land,503,43,0.4916911,0.0841487,73,5,me_forodwaith,me_angmar_region,4b5197,no
3912,me_land_3872,Land 3872,land,531,469,0.5190616,0.9178082,45,10,me_harad,me_umbar_region,e98910,no
3913,me_land_3873,Land 3873,land,554,131,0.5415445,0.2563601,23,1,me_rhovanion,me_grey_mountains_region,87c089,no
3914,me_land_3874,Land 3874,land,564,360,0.5513196,0.7045010,13,1,me_rhovanion,me_rohan_region,25f802,no
3915,me_land_3875,Land 3875,land,684,185,0.6686217,0.3620352,27,3,me_mordor_and_rhun,me_rhun_region,c42f7b,no
3916,me_land_3876,Land 3876,land,763,352,0.7458456,0.6888454,23,8,me_mordor_and_rhun,me_mordor_region,6266f4,no
3917,me_land_3877,Land 3877,land,696,272,0.6803519,0.5322896,42,1,me_mordor_and_rhun,me_rhun_region,009e6d,no
3918,me_land_3878,Land 3878,land,751,264,0.7341153,0.5166341,72,9,me_mordor_and_rhun,me_rhun_region,9ed5e6,no
3919,me_land_3879,Land 3879,land,811,70,0.7927664,0.1369863,35,1,me_forodwaith,me_northern_wastes_region,3d0d5f,no
3920,me_land_3880,Land 3880,land,677,39,0.6617791,0.0763209,81,5,me_forodwaith,me_northern_wastes_region,db44d8,no
3921,me_land_3881,Land 3881,land,698,238,0.6823069,0.4657534,32,1,me_mordor_and_rhun,me_rhun_region,797c51,no
3922,me_land_3882,Land 3882,land,571,252,0.5581623,0.4931507,32,1,me_rhovanion,me_mirkwood_region,17b3ca,no
3923,me_land_3883,Land 3883,land,439,292,0.4291300,0.5714286,43,1,me_eriador,me_enedwaith_region,b5eb43,no
3924,me_land_3884,Land 3884,land,492,153,0.4809384,0.2994129,46,1,me_eriador,me_north_arnor_region,5422bc,no
3925,me_land_3885,Land 3885,land,674,67,0.6588465,0.1311155,71,5,me_forodwaith,me_northern_wastes_region,f25a35,no
3926,me_land_3886,Land 3886,land,806,334,0.7878788,0.6536204,28,8,me_mordor_and_rhun,me_mordor_region,9091ae,no
3927,me_land_3887,Land 3887,land,632,203,0.6177908,0.3972603,45,3,me_rhovanion,me_dale_region,2ec927,no
3928,me_land_3888,Land 3888,land,562,222,0.5493646,0.4344423,36,3,me_rhovanion,me_mirkwood_region,cd00a0,no
3929,me_land_3889,Land 3889,land,627,269,0.6129032,0.5264188,25,9,me_rhovanion,me_mirkwood_region,6b3819,no
3930,me_land_3890,Land 3890,land,602,399,0.5884653,0.7808219,37,1,me_gondor,me_lebennin_region,096f92,no
3931,me_land_3891,Land 3891,land,756,447,0.7390029,0.8747554,52,10,me_harad,me_near_harad_region,a7a70b,no
3932,me_land_3892,Land 3892,land,516,160,0.5043988,0.3131115,47,1,me_rhovanion,me_anduin_vale_region,45de84,no
3933,me_land_3893,Land 3893,land,308,282,0.3010753,0.5518591,48,1,me_eriador,me_enedwaith_region,e415fd,no
3934,me_land_3894,Land 3894,land,845,340,0.8260020,0.6653620,24,1,me_mordor_and_rhun,me_mordor_region,824d76,no
3935,me_land_3895,Land 3895,land,488,112,0.4770283,0.2191781,55,5,me_forodwaith,me_angmar_region,2084ef,no
3936,me_land_3896,Land 3896,land,623,356,0.6089932,0.6966732,12,1,me_rhovanion,me_rohan_region,bebc68,no
3937,me_land_3897,Land 3897,land,757,148,0.7399804,0.2896282,23,9,me_mordor_and_rhun,me_rhun_region,5cf3e1,no
3938,me_land_3898,Land 3898,land,628,213,0.6138807,0.4168297,86,3,me_rhovanion,me_dale_region,fb2b5a,no
3939,me_land_3899,Land 3899,land,727,479,0.7106549,0.9373777,63,10,me_harad,me_near_harad_region,9962d3,no
3940,me_land_3900,Land 3900,land,897,324,0.8768328,0.6340509,29,1,me_mordor_and_rhun,me_mordor_region,379a4c,no
3941,me_land_3901,Land 3901,land,249,303,0.2434018,0.5929550,36,1,me_eriador,me_lindon_region,d5d1c5,no
3942,me_land_3902,Land 3902,land,337,219,0.3294233,0.4285714,36,1,me_eriador,me_shire_breeland_region,74093e,no
3943,me_land_3903,Land 3903,land,453,150,0.4428152,0.2935421,48,1,me_eriador,me_north_arnor_region,1240b7,no
3944,me_land_3904,Land 3904,land,348,197,0.3401760,0.3855186,32,1,me_eriador,me_shire_breeland_region,b07830,no
3945,me_land_3905,Land 3905,land,246,156,0.2404692,0.3052838,50,1,me_eriador,me_lindon_region,4eafa9,no
3946,me_land_3906,Land 3906,land,869,192,0.8494624,0.3757339,32,9,me_mordor_and_rhun,me_rhun_region,ece722,no
3947,me_land_3907,Land 3907,land,620,434,0.6060606,0.8493151,32,10,me_harad,me_near_harad_region,8b1e9b,no
3948,me_land_3908,Land 3908,land,263,39,0.2570870,0.0763209,80,5,me_forodwaith,me_forochel_region,295614,no
3949,me_land_3909,Land 3909,land,329,74,0.3216031,0.1448141,39,5,me_forodwaith,me_forochel_region,c78d8d,no
3950,me_land_3910,Land 3910,land,857,164,0.8377322,0.3209393,43,9,me_mordor_and_rhun,me_rhun_region,65c506,no
3951,me_land_3911,Land 3911,land,520,208,0.5083089,0.4070450,48,1,me_rhovanion,me_anduin_vale_region,03fc7f,no
3952,me_land_3912,Land 3912,land,893,158,0.8729228,0.3091977,75,9,me_mordor_and_rhun,me_rhun_region,a233f8,no
3953,me_land_3913,Land 3913,land,366,293,0.3577713,0.5733855,34,1,me_eriador,me_enedwaith_region,406b71,no
3954,me_land_3914,Land 3914,land,356,276,0.3479961,0.5401174,29,1,me_eriador,me_enedwaith_region,dea2ea,no
3955,me_land_3915,Land 3915,land,768,119,0.7507331,0.2328767,19,1,me_forodwaith,me_northern_wastes_region,7cda63,no
3956,me_land_3916,Land 3916,land,251,123,0.2453568,0.2407045,46,1,me_eriador,me_lindon_region,1b11dc,no
3957,me_land_3917,Land 3917,land,410,187,0.4007820,0.3659491,26,1,me_eriador,me_shire_breeland_region,b94955,no
3958,me_land_3918,Land 3918,land,408,443,0.3988270,0.8669276,41,10,me_harad,me_umbar_region,5780ce,no
3959,me_land_3919,Land 3919,land,399,317,0.3900293,0.6203523,45,1,me_eriador,me_enedwaith_region,f5b847,no
3960,me_land_3920,Land 3920,land,345,60,0.3372434,0.1174168,164,5,me_forodwaith,me_forochel_region,93efc0,no
3961,me_land_3921,Land 3921,land,832,399,0.8132942,0.7808219,43,1,me_mordor_and_rhun,me_mordor_region,322739,no
3962,me_land_3922,Land 3922,land,496,388,0.4848485,0.7592955,20,1,me_gondor,me_belfalas_region,d05eb2,no
3963,me_land_3923,Land 3923,land,543,258,0.5307918,0.5048924,35,1,me_rhovanion,me_anduin_vale_region,6e962b,no
3964,me_land_3924,Land 3924,land,575,268,0.5620723,0.5244618,33,1,me_rhovanion,me_mirkwood_region,0ccda4,no
3965,me_land_3925,Land 3925,land,757,442,0.7399804,0.8649706,53,10,me_harad,me_near_harad_region,ab051d,no
3966,me_land_3926,Land 3926,land,408,163,0.3988270,0.3189824,31,1,me_eriador,me_north_arnor_region,493c96,no
3967,me_land_3927,Land 3927,land,409,54,0.3998045,0.1056751,62,5,me_forodwaith,me_angmar_region,e7740f,no
3968,me_land_3928,Land 3928,land,423,27,0.4134897,0.0528376,43,5,me_forodwaith,me_angmar_region,85ab88,no
3969,me_land_3929,Land 3929,land,424,280,0.4144673,0.5479452,42,1,me_eriador,me_enedwaith_region,23e301,no
3970,me_land_3930,Land 3930,land,867,353,0.8475073,0.6908023,39,1,me_mordor_and_rhun,me_mordor_region,c21a7a,no
3971,me_land_3931,Land 3931,land,716,208,0.6999022,0.4070450,58,9,me_mordor_and_rhun,me_rhun_region,6051f3,no
3972,me_land_3932,Land 3932,land,905,141,0.8846530,0.2759295,46,9,me_mordor_and_rhun,me_rhun_region,fe896c,no
3973,me_land_3933,Land 3933,land,608,366,0.5943304,0.7162427,14,1,me_rhovanion,me_rohan_region,9cc0e5,no
3974,me_land_3934,Land 3934,land,714,223,0.6979472,0.4363992,64,1,me_mordor_and_rhun,me_rhun_region,3af85e,no
3975,me_land_3935,Land 3935,land,657,282,0.6422287,0.5518591,32,9,me_rhovanion,me_mirkwood_region,d92fd7,no
3976,me_land_3936,Land 3936,land,661,437,0.6461388,0.8551859,92,10,me_harad,me_near_harad_region,776750,no
3977,me_land_3937,Land 3937,land,642,414,0.6275660,0.8101761,23,1,me_gondor,me_south_gondor_region,159ec9,no
3978,me_land_3938,Land 3938,land,397,126,0.3880743,0.2465753,30,1,me_eriador,me_north_arnor_region,b3d642,no
3979,me_land_3939,Land 3939,land,617,196,0.6031281,0.3835616,32,3,me_rhovanion,me_dale_region,520dbb,no
3980,me_land_3940,Land 3940,land,780,284,0.7624633,0.5557730,42,9,me_mordor_and_rhun,me_rhun_region,f04534,no
3981,me_land_3941,Land 3941,land,347,140,0.3391984,0.2739726,37,1,me_eriador,me_north_arnor_region,8e7cad,no
3982,me_land_3942,Land 3942,land,627,127,0.6129032,0.2485323,49,1,me_rhovanion,me_grey_mountains_region,2cb426,no
3983,me_land_3943,Land 3943,land,318,50,0.3108504,0.0978474,44,5,me_forodwaith,me_forochel_region,caeb9f,no
3984,me_land_3944,Land 3944,land,744,255,0.7272727,0.4990215,52,9,me_mordor_and_rhun,me_rhun_region,692318,no
3985,me_land_3945,Land 3945,land,418,68,0.4086022,0.1330724,102,5,me_forodwaith,me_angmar_region,075a91,no
3986,me_land_3946,Land 3946,land,825,448,0.8064516,0.8767123,56,10,me_harad,me_near_harad_region,a5920a,no
3987,me_land_3947,Land 3947,land,656,159,0.6412512,0.3111546,38,3,me_rhovanion,me_dale_region,43c983,no
3988,me_land_3948,Land 3948,land,464,186,0.4535679,0.3639922,41,1,me_eriador,me_shire_breeland_region,e200fc,no
3989,me_land_3949,Land 3949,land,391,202,0.3822092,0.3953033,35,1,me_eriador,me_shire_breeland_region,803875,no
3990,me_land_3950,Land 3950,land,273,41,0.2668622,0.0802348,69,5,me_forodwaith,me_forochel_region,1e6fee,no
3991,me_land_3951,Land 3951,land,851,337,0.8318671,0.6594912,52,1,me_mordor_and_rhun,me_mordor_region,bca767,no
3992,me_land_3952,Land 3952,land,475,248,0.4643206,0.4853229,27,1,me_eriador,me_shire_breeland_region,5adee0,no
3993,me_land_3953,Land 3953,land,513,153,0.5014663,0.2994129,47,1,me_rhovanion,me_anduin_vale_region,f91659,no
3994,me_land_3954,Land 3954,land,670,399,0.6549365,0.7808219,31,1,me_gondor,me_ithilien_region,974dd2,no
3995,me_land_3955,Land 3955,land,548,91,0.5356794,0.1780822,172,5,me_forodwaith,me_northern_wastes_region,35854b,no
3996,me_land_3956,Land 3956,land,548,364,0.5356794,0.7123288,31,1,me_rhovanion,me_rohan_region,d3bcc4,no
3997,me_land_3957,Land 3957,land,412,214,0.4027370,0.4187867,38,1,me_eriador,me_shire_breeland_region,71f43d,no
3998,me_land_3958,Land 3958,land,187,69,0.1827957,0.1350294,69,5,me_forodwaith,me_forochel_region,102bb6,no
3999,me_land_3959,Land 3959,land,463,464,0.4525904,0.9080235,34,10,me_harad,me_umbar_region,ae632f,no
4000,me_land_3960,Land 3960,land,796,346,0.7781036,0.6771037,41,8,me_mordor_and_rhun,me_mordor_region,4c9aa8,no
4001,me_land_3961,Land 3961,land,526,270,0.5141740,0.5283757,26,1,me_rhovanion,me_anduin_vale_region,ead221,no
4002,me_land_3962,Land 3962,land,770,180,0.7526882,0.3522505,68,9,me_mordor_and_rhun,me_rhun_region,89099a,no
4003,me_land_3963,Land 3963,land,353,47,0.3450635,0.0919765,56,5,me_forodwaith,me_forochel_region,274113,no
4004,me_land_3964,Land 3964,land,565,218,0.5522972,0.4266145,39,3,me_rhovanion,me_mirkwood_region,c5788c,no
4005,me_land_3965,Land 3965,land,733,85,0.7165200,0.1663405,89,5,me_forodwaith,me_northern_wastes_region,63b005,no
4006,me_land_3966,Land 3966,land,464,485,0.4535679,0.9491194,53,10,me_harad,me_umbar_region,01e77e,no
4007,me_land_3967,Land 3967,land,606,181,0.5923754,0.3542074,72,3,me_rhovanion,me_mirkwood_region,a01ef7,no
4008,me_land_3968,Land 3968,land,726,462,0.7096774,0.9041096,65,10,me_harad,me_near_harad_region,3e5670,no
4009,me_land_3969,Land 3969,land,438,254,0.4281525,0.4970646,22,1,me_eriador,me_enedwaith_region,dc8de9,no
4010,me_land_3970,Land 3970,land,560,43,0.5474096,0.0841487,59,5,me_forodwaith,me_northern_wastes_region,7ac562,no
4011,me_land_3971,Land 3971,land,699,51,0.6832845,0.0998043,84,5,me_forodwaith,me_northern_wastes_region,18fcdb,no
4012,me_land_3972,Land 3972,land,569,177,0.5562072,0.3463796,41,3,me_rhovanion,me_mirkwood_region,b73454,no
4013,me_land_3973,Land 3973,land,771,272,0.7536657,0.5322896,72,9,me_mordor_and_rhun,me_rhun_region,556bcd,no
4014,me_land_3974,Land 3974,land,476,258,0.4652981,0.5048924,42,1,me_rhovanion,me_anduin_vale_region,f3a346,no
4015,me_land_3975,Land 3975,land,776,448,0.7585533,0.8767123,66,10,me_harad,me_near_harad_region,91dabf,no
4016,me_land_3976,Land 3976,land,401,159,0.3919844,0.3111546,22,1,me_eriador,me_north_arnor_region,301238,no
4017,me_land_3977,Land 3977,land,337,20,0.3294233,0.0391389,85,5,me_forodwaith,me_forochel_region,ce49b1,no
4018,me_land_3978,Land 3978,land,765,167,0.7478006,0.3268102,28,9,me_mordor_and_rhun,me_rhun_region,6c812a,no
4019,me_land_3979,Land 3979,land,353,234,0.3450635,0.4579256,36,1,me_eriador,me_shire_breeland_region,0ab8a3,no
4020,me_land_3980,Land 3980,land,434,94,0.4242424,0.1839530,49,5,me_forodwaith,me_angmar_region,a8f01c,no
4021,me_land_3981,Land 3981,land,628,384,0.6138807,0.7514677,20,1,me_gondor,me_anorien_region,472795,no
4022,me_land_3982,Land 3982,land,832,387,0.8132942,0.7573386,32,1,me_mordor_and_rhun,me_mordor_region,e55f0e,no
4023,me_land_3983,Land 3983,land,394,169,0.3851417,0.3307241,38,1,me_eriador,me_north_arnor_region,839687,no
4024,me_land_3984,Land 3984,land,376,451,0.3675464,0.8825832,25,10,me_harad,me_umbar_region,21ce00,no
4025,me_land_3985,Land 3985,land,229,151,0.2238514,0.2954990,41,1,me_eriador,me_lindon_region,c00579,no
4026,me_land_3986,Land 3986,land,374,214,0.3655914,0.4187867,38,3,me_eriador,me_shire_breeland_region,5e3cf2,no
4027,me_land_3987,Land 3987,land,510,491,0.4985337,0.9608611,99,10,me_harad,me_umbar_region,fc746b,no
4028,me_land_3988,Land 3988,land,821,126,0.8025415,0.2465753,50,1,me_mordor_and_rhun,me_rhun_region,9aabe4,no
4029,me_land_3989,Land 3989,land,588,399,0.5747801,0.7808219,30,1,me_gondor,me_lebennin_region,38e35d,no
4030,me_land_3990,Land 3990,land,236,264,0.2306940,0.5166341,72,1,me_eriador,me_lindon_region,d71ad6,no
4031,me_land_3991,Land 3991,land,610,381,0.5962854,0.7455969,24,1,me_rhovanion,me_rohan_region,75524f,no
4032,me_land_3992,Land 3992,land,808,343,0.7898338,0.6712329,42,8,me_mordor_and_rhun,me_mordor_region,1389c8,no
4033,me_land_3993,Land 3993,land,594,162,0.5806452,0.3170254,55,3,me_rhovanion,me_mirkwood_region,b1c141,no
4034,me_land_3994,Land 3994,land,300,419,0.2932551,0.8199609,45,1,me_gondor,me_belfalas_region,4ff8ba,no
4035,me_land_3995,Land 3995,land,888,189,0.8680352,0.3698630,43,9,me_mordor_and_rhun,me_rhun_region,ee3033,no
4036,me_land_3996,Land 3996,land,292,59,0.2854350,0.1154599,76,5,me_forodwaith,me_forochel_region,8c67ac,no
4037,me_land_3997,Land 3997,land,672,475,0.6568915,0.9295499,50,10,me_harad,me_near_harad_region,2a9f25,no
4038,me_land_3998,Land 3998,land,454,242,0.4437928,0.4735812,30,1,me_eriador,me_shire_breeland_region,c8d69e,no
4039,me_land_3999,Land 3999,land,795,288,0.7771261,0.5636008,42,9,me_mordor_and_rhun,me_rhun_region,670e17,no
4040,me_land_4000,Land 4000,land,659,131,0.6441838,0.2563601,33,1,me_rhovanion,me_grey_mountains_region,054590,no
4041,me_land_4001,Land 4001,land,267,243,0.2609971,0.4755382,55,1,me_eriador,me_lindon_region,a37d09,no
4042,me_land_4002,Land 4002,land,677,462,0.6617791,0.9041096,59,10,me_harad,me_near_harad_region,41b482,no
4043,me_land_4003,Land 4003,land,537,361,0.5249267,0.7064579,51,1,me_rhovanion,me_rohan_region,dfebfb,no
4044,me_land_4004,Land 4004,land,434,428,0.4242424,0.8375734,57,10,me_harad,me_umbar_region,7e2374,no
4045,me_land_4005,Land 4005,land,393,252,0.3841642,0.4931507,30,1,me_eriador,me_enedwaith_region,1c5aed,no
4046,me_land_4006,Land 4006,land,905,152,0.8846530,0.2974560,78,9,me_mordor_and_rhun,me_rhun_region,ba9266,no
4047,me_land_4007,Land 4007,land,511,226,0.4995112,0.4422701,42,1,me_eriador,me_enedwaith_region,58c9df,no
4048,me_land_4008,Land 4008,land,348,224,0.3401760,0.4383562,37,1,me_eriador,me_shire_breeland_region,f70158,no
4049,me_land_4009,Land 4009,land,331,238,0.3235582,0.4657534,42,1,me_eriador,me_shire_breeland_region,9538d1,no
4050,me_land_4010,Land 4010,land,302,340,0.2952102,0.6653620,54,1,me_gondor,me_belfalas_region,33704a,no
4051,me_land_4011,Land 4011,land,323,194,0.3157380,0.3796477,39,1,me_eriador,me_shire_breeland_region,d1a7c3,no
4052,me_land_4012,Land 4012,land,689,339,0.6735093,0.6634051,86,2,me_mordor_and_rhun,me_mordor_region,6fdf3c,no
4053,me_land_4013,Land 4013,land,268,120,0.2619746,0.2348337,33,1,me_forodwaith,me_forochel_region,0e16b5,no
4054,me_land_4014,Land 4014,land,587,229,0.5738025,0.4481409,21,3,me_rhovanion,me_mirkwood_region,ac4e2e,no
4055,me_land_4015,Land 4015,land,676,425,0.6608016,0.8317025,51,10,me_harad,me_near_harad_region,4a85a7,no
4056,me_land_4016,Land 4016,land,655,55,0.6402737,0.1076321,38,5,me_forodwaith,me_northern_wastes_region,e8bd20,no
4057,me_land_4017,Land 4017,land,267,309,0.2609971,0.6046967,41,1,me_eriador,me_lindon_region,86f499,no
4058,me_land_4018,Land 4018,land,366,207,0.3577713,0.4050881,39,3,me_eriador,me_shire_breeland_region,252c12,no
4059,me_land_4019,Land 4019,land,247,120,0.2414467,0.2348337,35,1,me_forodwaith,me_forochel_region,c3638b,no
4060,me_land_4020,Land 4020,land,606,208,0.5923754,0.4070450,86,3,me_rhovanion,me_mirkwood_region,619b04,no
4061,me_land_4021,Land 4021,land,641,195,0.6265885,0.3816047,23,3,me_rhovanion,me_dale_region,ffd27d,no
4062,me_land_4022,Land 4022,land,658,47,0.6432063,0.0919765,65,5,me_forodwaith,me_northern_wastes_region,9e09f6,no
4063,me_land_4023,Land 4023,land,491,119,0.4799609,0.2328767,34,1,me_forodwaith,me_angmar_region,3c416f,no
4064,me_land_4024,Land 4024,land,688,365,0.6725318,0.7142857,61,8,me_mordor_and_rhun,me_mordor_region,da78e8,no
4065,me_land_4025,Land 4025,land,742,124,0.7253177,0.2426614,94,1,me_mordor_and_rhun,me_rhun_region,78b061,no
4066,me_land_4026,Land 4026,land,546,357,0.5337243,0.6986301,41,1,me_rhovanion,me_rohan_region,16e7da,no
4067,me_land_4027,Land 4027,land,821,155,0.8025415,0.3033268,38,9,me_mordor_and_rhun,me_rhun_region,b51f53,no
4068,me_land_4028,Land 4028,land,836,96,0.8172043,0.1878669,44,1,me_forodwaith,me_northern_wastes_region,5356cc,no
4069,me_land_4029,Land 4029,land,831,422,0.8123167,0.8258317,45,1,me_mordor_and_rhun,me_khand_region,f18e45,no
4070,me_land_4030,Land 4030,land,566,305,0.5532747,0.5968689,31,1,me_rhovanion,me_rohan_region,8fc5be,no
4071,me_land_4031,Land 4031,land,461,58,0.4506354,0.1135029,107,5,me_forodwaith,me_angmar_region,2dfd37,no
4072,me_land_4032,Land 4032,land,518,275,0.5063539,0.5381605,42,1,me_rhovanion,me_anduin_vale_region,cc34b0,no
4073,me_land_4033,Land 4033,land,436,311,0.4261975,0.6086106,56,1,me_eriador,me_enedwaith_region,6a6c29,no
4074,me_land_4034,Land 4034,land,308,309,0.3010753,0.6046967,52,1,me_eriador,me_enedwaith_region,08a3a2,no
4075,me_land_4035,Land 4035,land,289,288,0.2825024,0.5636008,64,1,me_eriador,me_lindon_region,a6db1b,no
4076,me_land_4036,Land 4036,land,456,163,0.4457478,0.3189824,34,1,me_eriador,me_north_arnor_region,451294,no
4077,me_land_4037,Land 4037,land,828,293,0.8093842,0.5733855,34,9,me_mordor_and_rhun,me_mordor_region,e34a0d,no
4078,me_land_4038,Land 4038,land,694,380,0.6783969,0.7436399,48,8,me_mordor_and_rhun,me_mordor_region,818186,no
4079,me_land_4039,Land 4039,land,395,432,0.3861193,0.8454012,40,10,me_harad,me_umbar_region,1fb8ff,no
4080,me_land_4040,Land 4040,land,450,180,0.4398827,0.3522505,45,1,me_eriador,me_shire_breeland_region,bdf078,no
4081,me_land_4041,Land 4041,land,697,365,0.6813294,0.7142857,60,8,me_mordor_and_rhun,me_mordor_region,5c27f1,no
4082,me_land_4042,Land 4042,land,778,163,0.7605083,0.3189824,46,9,me_mordor_and_rhun,me_rhun_region,fa5f6a,no
4083,me_land_4043,Land 4043,land,707,81,0.6911046,0.1585127,76,5,me_forodwaith,me_northern_wastes_region,9896e3,no
4084,me_land_4044,Land 4044,land,613,38,0.5992180,0.0743640,105,5,me_forodwaith,me_northern_wastes_region,36ce5c,no
4085,me_land_4045,Land 4045,land,878,115,0.8582600,0.2250489,36,1,me_forodwaith,me_northern_wastes_region,d505d5,no
4086,me_land_4046,Land 4046,land,542,394,0.5298143,0.7710372,25,1,me_gondor,me_belfalas_region,733d4e,no
4087,me_land_4047,Land 4047,land,516,182,0.5043988,0.3561644,33,1,me_rhovanion,me_anduin_vale_region,1174c7,no
4088,me_land_4048,Land 4048,land,792,491,0.7741935,0.9608611,42,10,me_harad,me_far_harad_region,afac40,no
4089,me_land_4049,Land 4049,land,711,99,0.6950147,0.1937378,78,5,me_forodwaith,me_northern_wastes_region,4de3b9,no
4090,me_land_4050,Land 4050,land,924,242,0.9032258,0.4735812,36,1,me_mordor_and_rhun,me_rhun_region,ec1b32,no
4091,me_land_4051,Land 4051,land,493,442,0.4819159,0.8649706,33,10,me_harad,me_umbar_region,8a52ab,no
4092,me_land_4052,Land 4052,land,456,23,0.4457478,0.0450098,102,5,me_forodwaith,me_angmar_region,288a24,no
4093,me_land_4053,Land 4053,land,670,330,0.6549365,0.6457926,51,2,me_rhovanion,me_rohan_region,c6c19d,no
4094,me_land_4054,Land 4054,land,408,202,0.3988270,0.3953033,24,1,me_eriador,me_shire_breeland_region,64f916,no
4095,me_land_4055,Land 4055,land,724,61,0.7077224,0.1193738,52,5,me_forodwaith,me_northern_wastes_region,03308f,no
4096,me_land_4056,Land 4056,land,604,143,0.5904203,0.2798434,82,3,me_rhovanion,me_mirkwood_region,a16808,no
4097,me_land_4057,Land 4057,land,803,440,0.7849462,0.8610568,92,10,me_harad,me_near_harad_region,3f9f81,no
4098,me_land_4058,Land 4058,land,917,258,0.8963832,0.5048924,39,9,me_mordor_and_rhun,me_rhun_region,ddd6fa,no
4099,me_land_4059,Land 4059,land,630,198,0.6158358,0.3874755,38,3,me_rhovanion,me_dale_region,7c0e73,no
4100,me_land_4060,Land 4060,land,562,310,0.5493646,0.6066536,17,1,me_rhovanion,me_rohan_region,1a45ec,no
4101,me_land_4061,Land 4061,land,390,334,0.3812317,0.6536204,41,1,me_eriador,me_enedwaith_region,b87d65,no
4102,me_land_4062,Land 4062,land,440,459,0.4301075,0.8982387,47,10,me_harad,me_umbar_region,56b4de,no
4103,me_land_4063,Land 4063,land,773,97,0.7556207,0.1898239,41,5,me_forodwaith,me_northern_wastes_region,f4ec57,no
4104,me_land_4064,Land 4064,land,408,457,0.3988270,0.8943249,25,10,me_harad,me_umbar_region,9323d0,no
4105,me_land_4065,Land 4065,land,390,48,0.3812317,0.0939335,94,5,me_forodwaith,me_angmar_region,315b49,no
4106,me_land_4066,Land 4066,land,728,173,0.7116325,0.3385519,45,9,me_mordor_and_rhun,me_rhun_region,cf92c2,no
4107,me_land_4067,Land 4067,land,223,139,0.2179863,0.2720157,71,1,me_eriador,me_lindon_region,6dca3b,no
4108,me_land_4068,Land 4068,land,472,426,0.4613881,0.8336595,21,10,me_harad,me_umbar_region,0c01b4,no
4109,me_land_4069,Land 4069,land,305,120,0.2981427,0.2348337,25,1,me_forodwaith,me_forochel_region,aa392d,no
4110,me_land_4070,Land 4070,land,231,137,0.2258065,0.2681018,41,1,me_eriador,me_lindon_region,4870a6,no
4111,me_land_4071,Land 4071,land,527,39,0.5151515,0.0763209,118,5,me_forodwaith,me_angmar_region,e6a81f,no
4112,me_land_4072,Land 4072,land,775,283,0.7575758,0.5538160,52,9,me_mordor_and_rhun,me_rhun_region,84df98,no
4113,me_land_4073,Land 4073,land,596,405,0.5826002,0.7925636,32,1,me_gondor,me_lebennin_region,231711,no
4114,me_land_4074,Land 4074,land,559,215,0.5464321,0.4207436,31,3,me_rhovanion,me_mirkwood_region,c14e8a,no
4115,me_land_4075,Land 4075,land,407,436,0.3978495,0.8532290,34,10,me_harad,me_umbar_region,5f8603,no
4116,me_land_4076,Land 4076,land,543,67,0.5307918,0.1311155,52,5,me_forodwaith,me_northern_wastes_region,fdbd7c,no
4117,me_land_4077,Land 4077,land,630,253,0.6158358,0.4951076,78,3,me_rhovanion,me_mirkwood_region,9bf4f5,no
4118,me_land_4078,Land 4078,land,914,141,0.8934506,0.2759295,25,9,me_mordor_and_rhun,me_rhun_region,3a2c6e,no
4119,me_land_4079,Land 4079,land,735,340,0.7184751,0.6653620,38,8,me_mordor_and_rhun,me_mordor_region,d863e7,no
4120,me_land_4080,Land 4080,land,435,23,0.4252199,0.0450098,70,5,me_forodwaith,me_angmar_region,769b60,no
4121,me_land_4081,Land 4081,land,764,320,0.7468231,0.6262231,48,8,me_mordor_and_rhun,me_mordor_region,14d2d9,no
4122,me_land_4082,Land 4082,land,546,28,0.5337243,0.0547945,125,5,me_forodwaith,me_northern_wastes_region,b30a52,no
4123,me_land_4083,Land 4083,land,328,278,0.3206256,0.5440313,25,1,me_eriador,me_enedwaith_region,5141cb,no
4124,me_land_4084,Land 4084,land,414,119,0.4046921,0.2328767,63,1,me_forodwaith,me_angmar_region,ef7944,no
4125,me_land_4085,Land 4085,land,549,308,0.5366569,0.6027397,27,1,me_rhovanion,me_rohan_region,8db0bd,no
4126,me_land_4086,Land 4086,land,282,305,0.2756598,0.5968689,48,1,me_eriador,me_lindon_region,2be836,no
4127,me_land_4087,Land 4087,land,266,360,0.2600196,0.7045010,45,1,me_gondor,me_belfalas_region,ca1faf,no
4128,me_land_4088,Land 4088,land,890,252,0.8699902,0.4931507,41,9,me_mordor_and_rhun,me_rhun_region,685728,no
4129,me_land_4089,Land 4089,land,505,264,0.4936461,0.5166341,39,1,me_rhovanion,me_anduin_vale_region,068ea1,no
4130,me_land_4090,Land 4090,land,708,171,0.6920821,0.3346380,34,1,me_mordor_and_rhun,me_rhun_region,a4c61a,no
4131,me_land_4091,Land 4091,land,539,474,0.5268817,0.9275930,39,10,me_harad,me_umbar_region,42fd93,no
4132,me_land_4092,Land 4092,land,835,166,0.8162268,0.3248532,57,9,me_mordor_and_rhun,me_rhun_region,e1350c,no
4133,me_land_4093,Land 4093,land,809,347,0.7908113,0.6790607,49,8,me_mordor_and_rhun,me_mordor_region,7f6c85,no
4134,me_land_4094,Land 4094,land,304,46,0.2971652,0.0900196,71,5,me_forodwaith,me_forochel_region,1da3fe,no
4135,me_land_4095,Land 4095,land,703,244,0.6871945,0.4774951,29,1,me_mordor_and_rhun,me_rhun_region,bbdb77,no
4136,me_land_4096,Land 4096,land,241,150,0.2355816,0.2935421,35,1,me_eriador,me_lindon_region,5a12f0,no
4137,me_land_4097,Land 4097,land,260,329,0.2541544,0.6438356,37,1,me_eriador,me_lindon_region,f84a69,no
4138,me_land_4098,Land 4098,land,878,172,0.8582600,0.3365949,52,9,me_mordor_and_rhun,me_rhun_region,9681e2,no
4139,me_land_4099,Land 4099,land,721,233,0.7047898,0.4559687,41,9,me_mordor_and_rhun,me_rhun_region,34b95b,no
4140,me_land_4100,Land 4100,land,316,191,0.3088954,0.3737769,23,1,me_eriador,me_shire_breeland_region,d2f0d4,no
4141,me_land_4101,Land 4101,land,609,295,0.5953079,0.5772994,48,9,me_rhovanion,me_brown_lands_region,71284d,no
4142,me_land_4102,Land 4102,land,509,84,0.4975562,0.1643836,181,5,me_forodwaith,me_angmar_region,0f5fc6,no
4143,me_land_4103,Land 4103,land,802,445,0.7839687,0.8708415,86,10,me_harad,me_near_harad_region,ad973f,no
4144,me_land_4104,Land 4104,land,245,228,0.2394917,0.4461840,29,1,me_eriador,me_lindon_region,4bceb8,no
4145,me_land_4105,Land 4105,land,650,274,0.6353861,0.5362035,40,9,me_rhovanion,me_mirkwood_region,ea0631,no
4146,me_land_4106,Land 4106,land,455,407,0.4447703,0.7964775,28,1,me_gondor,me_belfalas_region,883daa,no
4147,me_land_4107,Land 4107,land,583,35,0.5698925,0.0684932,59,5,me_forodwaith,me_northern_wastes_region,267523,no
4148,me_land_4108,Land 4108,land,723,280,0.7067449,0.5479452,75,9,me_mordor_and_rhun,me_rhun_region,c4ac9c,no
4149,me_land_4109,Land 4109,land,364,280,0.3558162,0.5479452,22,1,me_eriador,me_enedwaith_region,62e415,no
4150,me_land_4110,Land 4110,land,519,472,0.5073314,0.9236791,49,10,me_harad,me_umbar_region,011b8e,no
4151,me_land_4111,Land 4111,land,556,149,0.5434995,0.2915851,33,1,me_rhovanion,me_mirkwood_region,9f5307,no
4152,me_land_4112,Land 4112,land,746,348,0.7292278,0.6810176,45,8,me_mordor_and_rhun,me_mordor_region,3d8a80,no
4153,me_land_4113,Land 4113,land,701,263,0.6852395,0.5146771,54,1,me_mordor_and_rhun,me_rhun_region,dbc1f9,no
4154,me_land_4114,Land 4114,land,694,420,0.6783969,0.8219178,33,1,me_mordor_and_rhun,me_khand_region,79f972,no
4155,me_land_4115,Land 4115,land,249,49,0.2434018,0.0958904,42,5,me_forodwaith,me_forochel_region,1830eb,no
4156,me_land_4116,Land 4116,land,460,370,0.4496579,0.7240705,30,1,me_gondor,me_belfalas_region,b66864,no
4157,me_land_4117,Land 4117,land,494,291,0.4828935,0.5694716,27,1,me_rhovanion,me_anduin_vale_region,549fdd,no
4158,me_land_4118,Land 4118,land,392,68,0.3831867,0.1330724,51,5,me_forodwaith,me_angmar_region,f2d756,no
4159,me_land_4119,Land 4119,land,594,151,0.5806452,0.2954990,40,3,me_rhovanion,me_mirkwood_region,910ecf,no
4160,me_land_4120,Land 4120,land,616,401,0.6021505,0.7847358,24,1,me_gondor,me_lebennin_region,2f4648,no
4161,me_land_4121,Land 4121,land,456,193,0.4457478,0.3776908,25,1,me_eriador,me_shire_breeland_region,cd7dc1,no
4162,me_land_4122,Land 4122,land,635,297,0.6207234,0.5812133,57,9,me_rhovanion,me_brown_lands_region,6bb53a,no
4163,me_land_4123,Land 4123,land,559,250,0.5464321,0.4892368,32,1,me_rhovanion,me_mirkwood_region,09ecb3,no
4164,me_land_4124,Land 4124,land,830,306,0.8113392,0.5988258,18,9,me_mordor_and_rhun,me_mordor_region,a8242c,no
4165,me_land_4125,Land 4125,land,543,40,0.5307918,0.0782779,91,5,me_forodwaith,me_northern_wastes_region,465ba5,no
4166,me_land_4126,Land 4126,land,509,51,0.4975562,0.0998043,139,5,me_forodwaith,me_angmar_region,e4931e,no
4167,me_land_4127,Land 4127,land,418,187,0.4086022,0.3659491,32,1,me_eriador,me_shire_breeland_region,82ca97,no
4168,me_land_4128,Land 4128,land,322,109,0.3147605,0.2133072,42,5,me_forodwaith,me_forochel_region,210210,no
4169,me_land_4129,Land 4129,land,604,471,0.5904203,0.9217221,60,10,me_harad,me_near_harad_region,bf3989,no
4170,me_land_4130,Land 4130,land,374,424,0.3655914,0.8297456,43,10,me_gondor,me_belfalas_region,5d7102,no
4171,me_land_4131,Land 4131,land,408,360,0.3988270,0.7045010,26,1,me_gondor,me_belfalas_region,fba87b,no
4172,me_land_4132,Land 4132,land,596,324,0.5826002,0.6340509,28,1,me_rhovanion,me_rohan_region,99dff4,no
4173,me_land_4133,Land 4133,land,325,322,0.3176931,0.6301370,46,1,me_eriador,me_enedwaith_region,38176d,no
4174,me_land_4134,Land 4134,land,361,230,0.3528837,0.4500978,26,1,me_eriador,me_shire_breeland_region,d64ee6,no
4175,me_land_4135,Land 4135,land,652,270,0.6373412,0.5283757,36,9,me_rhovanion,me_mirkwood_region,74865f,no
4176,me_land_4136,Land 4136,land,577,110,0.5640274,0.2152642,84,5,me_forodwaith,me_northern_wastes_region,12bdd8,no
4177,me_land_4137,Land 4137,land,647,449,0.6324536,0.8786693,108,10,me_harad,me_near_harad_region,b0f551,no
4178,me_land_4138,Land 4138,land,609,322,0.5953079,0.6301370,39,1,me_rhovanion,me_rohan_region,4f2cca,no
4179,me_land_4139,Land 4139,land,823,140,0.8044966,0.2739726,67,9,me_mordor_and_rhun,me_rhun_region,ed6443,no
4180,me_land_4140,Land 4140,land,725,80,0.7086999,0.1565558,105,5,me_forodwaith,me_northern_wastes_region,8b9bbc,no
4181,me_land_4141,Land 4141,land,853,172,0.8338221,0.3365949,35,9,me_mordor_and_rhun,me_rhun_region,29d335,no
4182,me_land_4142,Land 4142,land,266,322,0.2600196,0.6301370,80,1,me_eriador,me_lindon_region,c80aae,no
4183,me_land_4143,Land 4143,land,244,138,0.2385142,0.2700587,51,1,me_eriador,me_lindon_region,664227,no
4184,me_land_4144,Land 4144,land,881,111,0.8611926,0.2172211,31,1,me_forodwaith,me_northern_wastes_region,0479a0,no
4185,me_land_4145,Land 4145,land,468,328,0.4574780,0.6418787,58,1,me_eriador,me_enedwaith_region,a2b119,no
4186,me_land_4146,Land 4146,land,226,263,0.2209189,0.5146771,49,1,me_eriador,me_lindon_region,40e892,no
4187,me_land_4147,Land 4147,land,501,480,0.4897361,0.9393346,27,10,me_harad,me_umbar_region,df200b,no
4188,me_land_4148,Land 4148,land,450,172,0.4398827,0.3365949,47,1,me_eriador,me_north_arnor_region,7d5784,no
4189,me_land_4149,Land 4149,land,541,180,0.5288368,0.3522505,42,1,me_rhovanion,me_anduin_vale_region,1b8efd,no
4190,me_land_4150,Land 4150,land,598,42,0.5845552,0.0821918,72,5,me_forodwaith,me_northern_wastes_region,b9c676,no
4191,me_land_4151,Land 4151,land,646,469,0.6314761,0.9178082,66,10,me_harad,me_near_harad_region,57fdef,no
4192,me_land_4152,Land 4152,land,470,146,0.4594330,0.2857143,34,1,me_eriador,me_north_arnor_region,f63568,no
4193,me_land_4153,Land 4153,land,770,304,0.7526882,0.5949119,17,9,me_mordor_and_rhun,me_mordor_region,946ce1,no
4194,me_land_4154,Land 4154,land,812,352,0.7937439,0.6888454,49,8,me_mordor_and_rhun,me_mordor_region,32a45a,no
4195,me_land_4155,Land 4155,land,546,177,0.5337243,0.3463796,41,1,me_rhovanion,me_anduin_vale_region,d0dbd3,no
4196,me_land_4156,Land 4156,land,687,442,0.6715543,0.8649706,36,10,me_harad,me_near_harad_region,6f134c,no
4197,me_land_4157,Land 4157,land,275,47,0.2688172,0.0919765,65,5,me_forodwaith,me_forochel_region,0d4ac5,no
4198,me_land_4158,Land 4158,land,650,436,0.6353861,0.8532290,70,10,me_harad,me_near_harad_region,ab823e,no
4199,me_land_4159,Land 4159,land,492,423,0.4809384,0.8277886,36,1,me_gondor,me_belfalas_region,49b9b7,no
4200,me_land_4160,Land 4160,land,643,339,0.6285435,0.6634051,44,2,me_gondor,me_anorien_region,e7f130,no
4201,me_land_4161,Land 4161,land,497,156,0.4858260,0.3052838,42,1,me_eriador,me_north_arnor_region,8628a9,no
4202,me_land_4162,Land 4162,land,688,420,0.6725318,0.8219178,51,1,me_mordor_and_rhun,me_khand_region,246022,no
4203,me_land_4163,Land 4163,land,384,460,0.3753666,0.9001957,49,10,me_harad,me_umbar_region,c2979b,no
4204,me_land_4164,Land 4164,land,740,70,0.7233627,0.1369863,49,5,me_forodwaith,me_northern_wastes_region,60cf14,no
4205,me_land_4165,Land 4165,land,540,168,0.5278592,0.3287671,39,1,me_rhovanion,me_anduin_vale_region,ff068d,no
4206,me_land_4166,Land 4166,land,834,275,0.8152493,0.5381605,40,9,me_mordor_and_rhun,me_rhun_region,9d3e06,no
4207,me_land_4167,Land 4167,land,363,269,0.3548387,0.5264188,20,1,me_eriador,me_enedwaith_region,3b757f,no
4208,me_land_4168,Land 4168,land,518,451,0.5063539,0.8825832,28,10,me_harad,me_umbar_region,d9acf8,no
4209,me_land_4169,Land 4169,land,545,226,0.5327468,0.4422701,43,1,me_rhovanion,me_anduin_vale_region,77e471,no
4210,me_land_4170,Land 4170,land,840,421,0.8211144,0.8238748,30,1,me_mordor_and_rhun,me_khand_region,161bea,no
4211,me_land_4171,Land 4171,land,679,411,0.6637341,0.8043053,27,1,me_gondor,me_south_gondor_region,b45363,no
4212,me_land_4172,Land 4172,land,631,60,0.6168133,0.1174168,108,5,me_forodwaith,me_northern_wastes_region,528adc,no
4213,me_land_4173,Land 4173,land,795,136,0.7771261,0.2661448,76,9,me_mordor_and_rhun,me_rhun_region,f0c255,no
4214,me_land_4174,Land 4174,land,908,171,0.8875855,0.3346380,40,9,me_mordor_and_rhun,me_rhun_region,8ef9ce,no
4215,me_land_4175,Land 4175,land,335,270,0.3274682,0.5283757,42,1,me_eriador,me_enedwaith_region,2d3147,no
4216,me_land_4176,Land 4176,land,873,207,0.8533724,0.4050881,21,9,me_mordor_and_rhun,me_rhun_region,cb68c0,no
4217,me_land_4177,Land 4177,land,643,481,0.6285435,0.9412916,72,10,me_harad,me_far_harad_region,69a039,no
4218,me_land_4178,Land 4178,land,798,485,0.7800587,0.9491194,35,10,me_harad,me_far_harad_region,07d7b2,no
4219,me_land_4179,Land 4179,land,272,205,0.2658847,0.4011742,51,1,me_eriador,me_lindon_region,a60f2b,no
4220,me_land_4180,Land 4180,land,292,164,0.2854350,0.3209393,51,1,me_eriador,me_lindon_region,4446a4,no
4221,me_land_4181,Land 4181,land,484,460,0.4731183,0.9001957,28,10,me_harad,me_umbar_region,e27e1d,no
4222,me_land_4182,Land 4182,land,625,333,0.6109482,0.6516634,27,1,me_rhovanion,me_rohan_region,80b596,no
4223,me_land_4183,Land 4183,land,516,376,0.5043988,0.7358121,29,1,me_rhovanion,me_rohan_region,1eed0f,no
4224,me_land_4184,Land 4184,land,528,330,0.5161290,0.6457926,27,3,me_rhovanion,me_rohan_region,bd2488,no
4225,me_land_4185,Land 4185,land,414,48,0.4046921,0.0939335,94,5,me_forodwaith,me_angmar_region,5b5c01,no
4226,me_land_4186,Land 4186,land,476,426,0.4652981,0.8336595,14,10,me_harad,me_umbar_region,f9937a,no
4227,me_land_4187,Land 4187,land,836,358,0.8172043,0.7005871,47,1,me_mordor_and_rhun,me_mordor_region,97caf3,no
4228,me_land_4188,Land 4188,land,502,129,0.4907136,0.2524462,50,1,me_eriador,me_north_arnor_region,36026c,no
4229,me_land_4189,Land 4189,land,825,427,0.8064516,0.8356164,55,10,me_harad,me_near_harad_region,d439e5,no
4230,me_land_4190,Land 4190,land,286,179,0.2795699,0.3502935,58,1,me_eriador,me_lindon_region,72715e,no
4231,me_land_4191,Land 4191,land,610,394,0.5962854,0.7710372,31,1,me_gondor,me_lebennin_region,10a8d7,no
4232,me_land_4192,Land 4192,land,682,364,0.6666667,0.7123288,59,8,me_mordor_and_rhun,me_mordor_region,aee050,no
4233,me_land_4193,Land 4193,land,546,196,0.5337243,0.3835616,36,1,me_rhovanion,me_anduin_vale_region,4d17c9,no
4234,me_land_4194,Land 4194,land,898,332,0.8778104,0.6497065,34,1,me_mordor_and_rhun,me_mordor_region,eb4f42,no
4235,me_land_4195,Land 4195,land,430,199,0.4203324,0.3894325,22,1,me_eriador,me_shire_breeland_region,8986bb,no
4236,me_land_4196,Land 4196,land,377,301,0.3685239,0.5890411,30,1,me_eriador,me_enedwaith_region,27be34,no
4237,me_land_4197,Land 4197,land,598,177,0.5845552,0.3463796,71,3,me_rhovanion,me_mirkwood_region,c5f5ad,no
4238,me_land_4198,Land 4198,land,851,321,0.8318671,0.6281800,39,1,me_mordor_and_rhun,me_mordor_region,642d26,no
4239,me_land_4199,Land 4199,land,739,105,0.7223851,0.2054795,64,5,me_forodwaith,me_northern_wastes_region,02649f,no
4240,me_land_4200,Land 4200,land,562,244,0.5493646,0.4774951,37,1,me_rhovanion,me_mirkwood_region,a09c18,no
4241,me_land_4201,Land 4201,land,555,387,0.5425220,0.7573386,17,1,me_gondor,me_lebennin_region,3ed391,no
4242,me_land_4202,Land 4202,land,536,32,0.5239492,0.0626223,119,5,me_forodwaith,me_angmar_region,dd0b0a,no
4243,me_land_4203,Land 4203,land,262,252,0.2561095,0.4931507,53,1,me_eriador,me_lindon_region,7b4283,no
4244,me_land_4204,Land 4204,land,324,250,0.3167155,0.4892368,37,1,me_eriador,me_shire_breeland_region,1979fc,no
4245,me_land_4205,Land 4205,land,455,198,0.4447703,0.3874755,37,1,me_eriador,me_shire_breeland_region,b7b175,no
4246,me_land_4206,Land 4206,land,594,472,0.5806452,0.9236791,57,10,me_harad,me_near_harad_region,55e8ee,no
4247,me_land_4207,Land 4207,land,900,356,0.8797654,0.6966732,55,1,me_mordor_and_rhun,me_mordor_region,f42067,no
4248,me_land_4208,Land 4208,land,516,168,0.5043988,0.3287671,54,1,me_rhovanion,me_anduin_vale_region,9257e0,no
4249,me_land_4209,Land 4209,land,601,316,0.5874878,0.6183953,26,1,me_rhovanion,me_rohan_region,308f59,no
4250,me_land_4210,Land 4210,land,665,364,0.6500489,0.7123288,48,2,me_gondor,me_ithilien_region,cec6d2,no
4251,me_land_4211,Land 4211,land,470,471,0.4594330,0.9217221,35,10,me_harad,me_umbar_region,6cfe4b,no
4252,me_land_4212,Land 4212,land,570,269,0.5571848,0.5264188,22,1,me_rhovanion,me_mirkwood_region,0b35c4,no
4253,me_land_4213,Land 4213,land,340,165,0.3323558,0.3228963,18,1,me_eriador,me_north_arnor_region,a96d3d,no
4254,me_land_4214,Land 4214,land,422,232,0.4125122,0.4540117,40,1,me_eriador,me_shire_breeland_region,47a4b6,no
4255,me_land_4215,Land 4215,land,544,317,0.5317693,0.6203523,31,1,me_rhovanion,me_rohan_region,e5dc2f,no
4256,me_land_4216,Land 4216,land,923,171,0.9022483,0.3346380,27,1,me_mordor_and_rhun,me_rhun_region,8413a8,no
4257,me_land_4217,Land 4217,land,541,190,0.5288368,0.3718200,38,1,me_rhovanion,me_anduin_vale_region,224b21,no
4258,me_land_4218,Land 4218,land,433,230,0.4232649,0.4500978,45,1,me_eriador,me_shire_breeland_region,c0829a,no
4259,me_land_4219,Land 4219,land,504,35,0.4926686,0.0684932,75,5,me_forodwaith,me_angmar_region,5eba13,no
4260,me_land_4220,Land 4220,land,432,276,0.4222874,0.5401174,25,1,me_eriador,me_enedwaith_region,fcf18c,no
4261,me_land_4221,Land 4221,land,589,290,0.5757576,0.5675147,43,9,me_rhovanion,me_anduin_vale_region,9b2905,no
4262,me_land_4222,Land 4222,land,397,276,0.3880743,0.5401174,32,1,me_eriador,me_enedwaith_region,39607e,no
4263,me_land_4223,Land 4223,land,852,440,0.8328446,0.8610568,42,10,me_harad,me_near_harad_region,d797f7,no
4264,me_land_4224,Land 4224,land,540,126,0.5278592,0.2465753,25,1,me_rhovanion,me_grey_mountains_region,75cf70,no
4265,me_land_4225,Land 4225,land,903,219,0.8826979,0.4285714,55,9,me_mordor_and_rhun,me_rhun_region,1406e9,no
4266,me_land_4226,Land 4226,land,866,103,0.8465298,0.2015656,26,1,me_forodwaith,me_northern_wastes_region,b23e62,no
4267,me_land_4227,Land 4227,land,736,487,0.7194526,0.9530333,77,10,me_harad,me_far_harad_region,5075db,no
4268,me_land_4228,Land 4228,land,903,208,0.8826979,0.4070450,42,9,me_mordor_and_rhun,me_rhun_region,eead54,no
4269,me_land_4229,Land 4229,land,530,85,0.5180841,0.1663405,194,5,me_forodwaith,me_angmar_region,8ce4cd,no
4270,me_land_4230,Land 4230,land,689,318,0.6735093,0.6223092,133,6,me_mordor_and_rhun,me_mordor_region,2b1c46,no
4271,me_land_4231,Land 4231,land,492,23,0.4809384,0.0450098,102,5,me_forodwaith,me_angmar_region,c953bf,no
4272,me_land_4232,Land 4232,land,490,267,0.4789834,0.5225049,12,1,me_rhovanion,me_anduin_vale_region,678b38,no
4273,me_land_4233,Land 4233,land,419,120,0.4095797,0.2348337,36,1,me_forodwaith,me_angmar_region,05c2b1,no
4274,me_land_4234,Land 4234,land,686,245,0.6705767,0.4794521,29,1,me_mordor_and_rhun,me_rhun_region,a3fa2a,no
4275,me_land_4235,Land 4235,land,839,136,0.8201369,0.2661448,43,9,me_mordor_and_rhun,me_rhun_region,4231a3,no
4276,me_land_4236,Land 4236,land,433,304,0.4232649,0.5949119,45,1,me_eriador,me_enedwaith_region,e0691c,no
4277,me_land_4237,Land 4237,land,432,359,0.4222874,0.7025440,33,1,me_gondor,me_belfalas_region,7ea095,no
4278,me_land_4238,Land 4238,land,407,209,0.3978495,0.4090020,24,1,me_eriador,me_shire_breeland_region,1cd80e,no
4279,me_land_4239,Land 4239,land,658,114,0.6432063,0.2230920,136,5,me_forodwaith,me_northern_wastes_region,bb0f87,no
4280,me_land_4240,Land 4240,land,359,420,0.3509286,0.8219178,27,1,me_gondor,me_belfalas_region,594700,no
4281,me_land_4241,Land 4241,land,565,174,0.5522972,0.3405088,37,3,me_rhovanion,me_mirkwood_region,f77e79,no
4282,me_land_4242,Land 4242,land,723,324,0.7067449,0.6340509,34,8,me_mordor_and_rhun,me_mordor_region,95b5f2,no
4283,me_land_4243,Land 4243,land,399,76,0.3900293,0.1487280,66,5,me_forodwaith,me_angmar_region,33ed6b,no
4284,me_land_4244,Land 4244,land,258,196,0.2521994,0.3835616,30,1,me_eriador,me_lindon_region,d224e4,no
4285,me_land_4245,Land 4245,land,559,185,0.5464321,0.3620352,28,3,me_rhovanion,me_mirkwood_region,705c5d,no
4286,me_land_4246,Land 4246,land,371,150,0.3626588,0.2935421,28,1,me_eriador,me_north_arnor_region,0e93d6,no
4287,me_land_4247,Land 4247,land,868,412,0.8484848,0.8062622,44,1,me_mordor_and_rhun,me_mordor_region,accb4f,no
4288,me_land_4248,Land 4248,land,436,134,0.4261975,0.2622309,30,1,me_eriador,me_north_arnor_region,4b02c8,no
4289,me_land_4249,Land 4249,land,481,408,0.4701857,0.7984344,66,1,me_gondor,me_belfalas_region,e93a41,no
4290,me_land_4250,Land 4250,land,620,469,0.6060606,0.9178082,40,10,me_harad,me_near_harad_region,8771ba,no
4291,me_land_4251,Land 4251,land,653,419,0.6383187,0.8199609,19,1,me_gondor,me_south_gondor_region,25a933,no
4292,me_land_4252,Land 4252,land,476,53,0.4652981,0.1037182,44,5,me_forodwaith,me_angmar_region,c3e0ac,no
4293,me_land_4253,Land 4253,land,295,256,0.2883675,0.5009785,53,1,me_eriador,me_lindon_region,621825,no
4294,me_land_4254,Land 4254,land,285,217,0.2785924,0.4246575,51,1,me_eriador,me_lindon_region,004f9e,no
4295,me_land_4255,Land 4255,land,749,81,0.7321603,0.1585127,44,5,me_forodwaith,me_northern_wastes_region,9e8717,no
4296,me_land_4256,Land 4256,land,495,456,0.4838710,0.8923679,45,10,me_harad,me_umbar_region,3cbe90,no
4297,me_land_4257,Land 4257,land,881,252,0.8611926,0.4931507,65,9,me_mordor_and_rhun,me_rhun_region,daf609,no
4298,me_land_4258,Land 4258,land,349,243,0.3411535,0.4755382,46,1,me_eriador,me_shire_breeland_region,792d82,no
4299,me_land_4259,Land 4259,land,749,449,0.7321603,0.8786693,49,10,me_harad,me_near_harad_region,1764fb,no
4300,me_land_4260,Land 4260,land,583,227,0.5698925,0.4442270,42,3,me_rhovanion,me_mirkwood_region,b59c74,no
4301,me_land_4261,Land 4261,land,865,313,0.8455523,0.6125245,58,1,me_mordor_and_rhun,me_mordor_region,53d3ed,no
4302,me_land_4262,Land 4262,land,646,120,0.6314761,0.2348337,65,1,me_forodwaith,me_northern_wastes_region,f20b66,no
4303,me_land_4263,Land 4263,land,279,141,0.2727273,0.2759295,36,1,me_eriador,me_lindon_region,9042df,no
4304,me_land_4264,Land 4264,land,697,47,0.6813294,0.0919765,84,5,me_forodwaith,me_northern_wastes_region,2e7a58,no
4305,me_land_4265,Land 4265,land,902,363,0.8817204,0.7103718,82,1,me_mordor_and_rhun,me_mordor_region,ccb1d1,no
4306,me_land_4266,Land 4266,land,269,253,0.2629521,0.4951076,51,1,me_eriador,me_lindon_region,6ae94a,no
4307,me_land_4267,Land 4267,land,267,302,0.2609971,0.5909980,49,1,me_eriador,me_lindon_region,0920c3,no
4308,me_land_4268,Land 4268,land,700,203,0.6842620,0.3972603,33,1,me_mordor_and_rhun,me_rhun_region,a7583c,no
4309,me_land_4269,Land 4269,land,280,217,0.2737048,0.4246575,55,1,me_eriador,me_lindon_region,458fb5,no
4310,me_land_4270,Land 4270,land,405,158,0.3958944,0.3091977,29,1,me_eriador,me_north_arnor_region,e3c72e,no
4311,me_land_4271,Land 4271,land,294,331,0.2873900,0.6477495,27,1,me_eriador,me_lindon_region,81fea7,no
4312,me_land_4272,Land 4272,land,890,145,0.8699902,0.2837573,28,9,me_mordor_and_rhun,me_rhun_region,203620,no
4313,me_land_4273,Land 4273,land,428,194,0.4183773,0.3796477,43,1,me_eriador,me_shire_breeland_region,be6d99,no
4314,me_land_4274,Land 4274,land,848,375,0.8289345,0.7338552,16,1,me_mordor_and_rhun,me_mordor_region,5ca512,no
4315,me_land_4275,Land 4275,land,637,126,0.6226784,0.2465753,64,1,me_rhovanion,me_grey_mountains_region,fadc8b,no
4316,me_land_4276,Land 4276,land,615,273,0.6011730,0.5342466,52,9,me_rhovanion,me_mirkwood_region,991404,no
4317,me_land_4277,Land 4277,land,868,418,0.8484848,0.8180039,28,1,me_mordor_and_rhun,me_mordor_region,374b7d,no
4318,me_land_4278,Land 4278,land,408,109,0.3988270,0.2133072,67,5,me_forodwaith,me_angmar_region,d582f6,no
4319,me_land_4279,Land 4279,land,569,64,0.5562072,0.1252446,97,5,me_forodwaith,me_northern_wastes_region,73ba6f,no
4320,me_land_4280,Land 4280,land,345,323,0.3372434,0.6320939,64,1,me_eriador,me_enedwaith_region,11f1e8,no
4321,me_land_4281,Land 4281,land,846,322,0.8269795,0.6301370,37,1,me_mordor_and_rhun,me_mordor_region,b02961,no
4322,me_land_4282,Land 4282,land,672,348,0.6568915,0.6810176,46,2,me_gondor,me_ithilien_region,4e60da,no
4323,me_land_4283,Land 4283,land,506,354,0.4946237,0.6927593,23,1,me_rhovanion,me_rohan_region,ec9853,no
4324,me_land_4284,Land 4284,land,831,86,0.8123167,0.1682975,21,1,me_forodwaith,me_northern_wastes_region,8acfcc,no
4325,me_land_4285,Land 4285,land,828,302,0.8093842,0.5909980,36,9,me_mordor_and_rhun,me_mordor_region,290745,no
4326,me_land_4286,Land 4286,land,852,375,0.8328446,0.7338552,22,1,me_mordor_and_rhun,me_mordor_region,c73ebe,no
4327,me_land_4287,Land 4287,land,599,67,0.5855327,0.1311155,119,5,me_forodwaith,me_northern_wastes_region,657637,no
4328,me_land_4288,Land 4288,land,860,386,0.8406647,0.7553816,37,1,me_mordor_and_rhun,me_mordor_region,03adb0,no
4329,me_land_4289,Land 4289,land,412,438,0.4027370,0.8571429,33,10,me_harad,me_umbar_region,a1e529,no
4330,me_land_4290,Land 4290,land,384,98,0.3753666,0.1917808,68,5,me_forodwaith,me_forochel_region,401ca2,no
4331,me_land_4291,Land 4291,land,266,108,0.2600196,0.2113503,82,5,me_forodwaith,me_forochel_region,de541b,no
4332,me_land_4292,Land 4292,land,855,382,0.8357771,0.7475538,33,1,me_mordor_and_rhun,me_mordor_region,7c8b94,no
4333,me_land_4293,Land 4293,land,822,285,0.8035191,0.5577299,44,9,me_mordor_and_rhun,me_rhun_region,1ac30d,no
4334,me_land_4294,Land 4294,land,556,431,0.5434995,0.8434442,26,10,me_harad,me_near_harad_region,b8fa86,no
4335,me_land_4295,Land 4295,land,831,154,0.8123167,0.3013699,33,9,me_mordor_and_rhun,me_rhun_region,5731ff,no
4336,me_land_4296,Land 4296,land,296,53,0.2893451,0.1037182,64,5,me_forodwaith,me_forochel_region,f56978,no
4337,me_land_4297,Land 4297,land,462,106,0.4516129,0.2074364,138,5,me_forodwaith,me_angmar_region,93a0f1,no
4338,me_land_4298,Land 4298,land,463,215,0.4525904,0.4207436,43,1,me_eriador,me_shire_breeland_region,31d86a,no
4339,me_land_4299,Land 4299,land,229,70,0.2238514,0.1369863,102,5,me_forodwaith,me_forochel_region,d00fe3,no
4340,me_land_4300,Land 4300,land,414,238,0.4046921,0.4657534,37,1,me_eriador,me_shire_breeland_region,6e475c,no
4341,me_land_4301,Land 4301,land,424,298,0.4144673,0.5831703,54,1,me_eriador,me_enedwaith_region,0c7ed5,no
4342,me_land_4302,Land 4302,land,879,187,0.8592375,0.3659491,48,9,me_mordor_and_rhun,me_rhun_region,aab64e,no
4343,me_land_4303,Land 4303,land,723,241,0.7067449,0.4716243,36,9,me_mordor_and_rhun,me_rhun_region,48edc7,no
4344,me_land_4304,Land 4304,land,449,421,0.4389052,0.8238748,60,1,me_gondor,me_belfalas_region,e72540,no
4345,me_land_4305,Land 4305,land,681,330,0.6656891,0.6457926,104,6,me_mordor_and_rhun,me_mordor_region,855cb9,no
4346,me_land_4306,Land 4306,land,517,235,0.5053763,0.4598826,16,1,me_rhovanion,me_anduin_vale_region,239432,no
4347,me_land_4307,Land 4307,land,603,425,0.5894428,0.8317025,49,10,me_harad,me_near_harad_region,c1cbab,no
4348,me_land_4308,Land 4308,land,439,408,0.4291300,0.7984344,17,1,me_gondor,me_belfalas_region,600324,no
4349,me_land_4309,Land 4309,land,653,334,0.6383187,0.6536204,42,2,me_rhovanion,me_rohan_region,fe3a9d,no
4350,me_land_4310,Land 4310,land,861,339,0.8416422,0.6634051,45,1,me_mordor_and_rhun,me_mordor_region,9c7216,no
4351,me_land_4311,Land 4311,land,659,127,0.6441838,0.2485323,20,1,me_rhovanion,me_grey_mountains_region,3aa98f,no
4352,me_land_4312,Land 4312,land,478,493,0.4672532,0.9647750,100,10,me_harad,me_umbar_region,d8e108,no
4353,me_land_4313,Land 4313,land,498,184,0.4868035,0.3600783,43,1,me_eriador,me_shire_breeland_region,771881,no
4354,me_land_4314,Land 4314,land,881,155,0.8611926,0.3033268,19,9,me_mordor_and_rhun,me_rhun_region,154ffa,no
4355,me_land_4315,Land 4315,land,863,350,0.8435973,0.6849315,30,1,me_mordor_and_rhun,me_mordor_region,b38773,no
4356,me_land_4316,Land 4316,land,774,372,0.7565982,0.7279843,39,8,me_mordor_and_rhun,me_mordor_region,51beec,no
4357,me_land_4317,Land 4317,land,473,355,0.4623656,0.6947162,31,1,me_rhovanion,me_rohan_region,eff665,no
4358,me_land_4318,Land 4318,land,261,271,0.2551320,0.5303327,34,1,me_eriador,me_lindon_region,8e2dde,no
4359,me_land_4319,Land 4319,land,694,199,0.6783969,0.3894325,33,1,me_mordor_and_rhun,me_rhun_region,2c6557,no
4360,me_land_4320,Land 4320,land,397,454,0.3880743,0.8884540,21,10,me_harad,me_umbar_region,ca9cd0,no
4361,me_land_4321,Land 4321,land,324,71,0.3167155,0.1389432,47,5,me_forodwaith,me_forochel_region,68d449,no
4362,me_land_4322,Land 4322,land,390,242,0.3812317,0.4735812,32,1,me_eriador,me_shire_breeland_region,070bc2,no
4363,me_land_4323,Land 4323,land,274,63,0.2678397,0.1232877,57,5,me_forodwaith,me_forochel_region,a5433b,no
4364,me_land_4324,Land 4324,land,539,300,0.5268817,0.5870841,41,1,me_rhovanion,me_anduin_vale_region,437ab4,no
4365,me_land_4325,Land 4325,land,257,126,0.2512219,0.2465753,38,1,me_eriador,me_lindon_region,e1b22d,no
4366,me_land_4326,Land 4326,land,820,150,0.8015640,0.2935421,36,9,me_mordor_and_rhun,me_rhun_region,7fe9a6,no
4367,me_land_4327,Land 4327,land,502,186,0.4907136,0.3639922,24,1,me_eriador,me_enedwaith_region,1e211f,no
4368,me_land_4328,Land 4328,land,329,257,0.3216031,0.5029354,26,1,me_eriador,me_enedwaith_region,bc5898,no
4369,me_land_4329,Land 4329,land,552,484,0.5395894,0.9471624,86,10,me_harad,me_far_harad_region,5a9011,no
4370,me_land_4330,Land 4330,land,697,293,0.6813294,0.5733855,52,1,me_mordor_and_rhun,me_mordor_region,f8c78a,no
4371,me_land_4331,Land 4331,land,459,199,0.4486804,0.3894325,23,1,me_eriador,me_shire_breeland_region,96ff03,no
4372,me_land_4332,Land 4332,land,305,316,0.2981427,0.6183953,38,1,me_eriador,me_enedwaith_region,35367c,no
4373,me_land_4333,Land 4333,land,738,162,0.7214076,0.3170254,38,9,me_mordor_and_rhun,me_rhun_region,d36df5,no
4374,me_land_4334,Land 4334,land,529,123,0.5171065,0.2407045,53,1,me_rhovanion,me_grey_mountains_region,71a56e,no
4375,me_land_4335,Land 4335,land,811,89,0.7927664,0.1741683,80,1,me_forodwaith,me_northern_wastes_region,0fdce7,no
4376,me_land_4336,Land 4336,land,526,150,0.5141740,0.2935421,37,1,me_rhovanion,me_anduin_vale_region,ae1460,no
4377,me_land_4337,Land 4337,land,626,71,0.6119257,0.1389432,65,5,me_forodwaith,me_northern_wastes_region,4c4bd9,no
4378,me_land_4338,Land 4338,land,501,202,0.4897361,0.3953033,48,1,me_eriador,me_shire_breeland_region,ea8352,no
4379,me_land_4339,Land 4339,land,560,189,0.5474096,0.3698630,23,3,me_rhovanion,me_mirkwood_region,88bacb,no
4380,me_land_4340,Land 4340,land,370,253,0.3616813,0.4951076,30,1,me_eriador,me_enedwaith_region,26f244,no
4381,me_land_4341,Land 4341,land,825,420,0.8064516,0.8219178,43,1,me_mordor_and_rhun,me_khand_region,c529bd,no
4382,me_land_4342,Land 4342,land,771,191,0.7536657,0.3737769,49,9,me_mordor_and_rhun,me_rhun_region,636136,no
4383,me_land_4343,Land 4343,land,486,446,0.4750733,0.8727984,37,10,me_harad,me_umbar_region,0198af,no
4384,me_land_4344,Land 4344,land,801,188,0.7829912,0.3679061,35,9,me_mordor_and_rhun,me_rhun_region,9fd028,no
4385,me_land_4345,Land 4345,land,608,197,0.5943304,0.3855186,63,3,me_rhovanion,me_mirkwood_region,3e07a1,no
4386,me_land_4346,Land 4346,land,804,368,0.7859238,0.7201566,27,8,me_mordor_and_rhun,me_mordor_region,dc3f1a,no
4387,me_land_4347,Land 4347,land,686,218,0.6705767,0.4266145,60,1,me_mordor_and_rhun,me_rhun_region,7a7693,no
4388,me_land_4348,Land 4348,land,317,86,0.3098729,0.1682975,54,5,me_forodwaith,me_forochel_region,18ae0c,no
4389,me_land_4349,Land 4349,land,864,208,0.8445748,0.4070450,38,9,me_mordor_and_rhun,me_rhun_region,b6e585,no
4390,me_land_4350,Land 4350,land,809,376,0.7908113,0.7358121,24,8,me_mordor_and_rhun,me_mordor_region,551cfe,no
4391,me_land_4351,Land 4351,land,287,172,0.2805474,0.3365949,51,1,me_eriador,me_lindon_region,f35477,no
4392,me_land_4352,Land 4352,land,897,188,0.8768328,0.3679061,33,9,me_mordor_and_rhun,me_rhun_region,918bf0,no
4393,me_land_4353,Land 4353,land,435,451,0.4252199,0.8825832,27,10,me_harad,me_umbar_region,2fc369,no
4394,me_land_4354,Land 4354,land,299,215,0.2922776,0.4207436,41,1,me_eriador,me_shire_breeland_region,cdfae2,no
4395,me_land_4355,Land 4355,land,344,440,0.3362659,0.8610568,46,10,me_harad,me_umbar_region,6c325b,no
4396,me_land_4356,Land 4356,land,798,384,0.7800587,0.7514677,22,8,me_mordor_and_rhun,me_mordor_region,0a69d4,no
4397,me_land_4357,Land 4357,land,624,302,0.6099707,0.5909980,49,9,me_rhovanion,me_rohan_region,a8a14d,no
4398,me_land_4358,Land 4358,land,635,252,0.6207234,0.4931507,73,3,me_rhovanion,me_mirkwood_region,46d8c6,no
4399,me_land_4359,Land 4359,land,233,173,0.2277615,0.3385519,61,1,me_eriador,me_lindon_region,e5103f,no
4400,me_land_4360,Land 4360,land,451,318,0.4408602,0.6223092,47,1,me_eriador,me_enedwaith_region,8347b8,no
4401,me_land_4361,Land 4361,land,476,328,0.4652981,0.6418787,28,1,me_rhovanion,me_rohan_region,217f31,no
4402,me_land_4362,Land 4362,land,355,171,0.3470186,0.3346380,32,1,me_eriador,me_north_arnor_region,bfb6aa,no
4403,me_land_4363,Land 4363,land,582,134,0.5689150,0.2622309,53,1,me_rhovanion,me_grey_mountains_region,5dee23,no
4404,me_land_4364,Land 4364,land,631,46,0.6168133,0.0900196,65,5,me_forodwaith,me_northern_wastes_region,fc259c,no
4405,me_land_4365,Land 4365,land,597,448,0.5835777,0.8767123,40,10,me_harad,me_near_harad_region,9a5d15,no
4406,me_land_4366,Land 4366,land,885,251,0.8651026,0.4911937,23,9,me_mordor_and_rhun,me_rhun_region,38948e,no
4407,me_land_4367,Land 4367,land,324,76,0.3167155,0.1487280,61,5,me_forodwaith,me_forochel_region,d6cc07,no
4408,me_land_4368,Land 4368,land,874,116,0.8543500,0.2270059,36,1,me_forodwaith,me_northern_wastes_region,750380,no
4409,me_land_4369,Land 4369,land,396,173,0.3870968,0.3385519,26,1,me_eriador,me_north_arnor_region,133af9,no
4410,me_land_4370,Land 4370,land,523,439,0.5112414,0.8590998,37,10,me_harad,me_umbar_region,b17272,no
4411,me_land_4371,Land 4371,land,570,32,0.5571848,0.0626223,77,5,me_forodwaith,me_northern_wastes_region,4fa9eb,no
4412,me_land_4372,Land 4372,land,898,251,0.8778104,0.4911937,49,9,me_mordor_and_rhun,me_rhun_region,ede164,no
4413,me_land_4373,Land 4373,land,681,39,0.6656891,0.0763209,75,5,me_forodwaith,me_northern_wastes_region,8c18dd,no
4414,me_land_4374,Land 4374,land,270,267,0.2639296,0.5225049,43,1,me_eriador,me_lindon_region,2a5056,no
4415,me_land_4375,Land 4375,land,769,134,0.7517107,0.2622309,26,9,me_mordor_and_rhun,me_rhun_region,c887cf,no
4416,me_land_4376,Land 4376,land,361,453,0.3528837,0.8864971,37,10,me_harad,me_umbar_region,66bf48,no
4417,me_land_4377,Land 4377,land,807,183,0.7888563,0.3581213,41,9,me_mordor_and_rhun,me_rhun_region,04f6c1,no
4418,me_land_4378,Land 4378,land,248,258,0.2424242,0.5048924,45,1,me_eriador,me_lindon_region,a32e3a,no
4419,me_land_4379,Land 4379,land,672,461,0.6568915,0.9021526,44,10,me_harad,me_near_harad_region,4165b3,no
4420,me_land_4380,Land 4380,land,216,188,0.2111437,0.3679061,40,1,me_eriador,me_lindon_region,df9d2c,no
4421,me_land_4381,Land 4381,land,362,126,0.3538612,0.2465753,63,1,me_eriador,me_north_arnor_region,7dd4a5,no
4422,me_land_4382,Land 4382,land,780,260,0.7624633,0.5088063,71,9,me_mordor_and_rhun,me_rhun_region,1c0c1e,no
4423,me_land_4383,Land 4383,land,529,291,0.5171065,0.5694716,42,1,me_rhovanion,me_anduin_vale_region,ba4397,no
4424,me_land_4384,Land 4384,land,779,269,0.7614858,0.5264188,50,9,me_mordor_and_rhun,me_rhun_region,587b10,no
4425,me_land_4385,Land 4385,land,569,58,0.5562072,0.1135029,61,5,me_forodwaith,me_northern_wastes_region,f6b289,no
4426,me_land_4386,Land 4386,land,850,163,0.8308895,0.3189824,41,9,me_mordor_and_rhun,me_rhun_region,94ea02,no
4427,me_land_4387,Land 4387,land,892,258,0.8719453,0.5048924,28,9,me_mordor_and_rhun,me_rhun_region,33217b,no
4428,me_land_4388,Land 4388,land,718,145,0.7018573,0.2837573,44,9,me_mordor_and_rhun,me_rhun_region,d158f4,no
4429,me_land_4389,Land 4389,land,689,302,0.6735093,0.5909980,42,6,me_mordor_and_rhun,me_mordor_region,6f906d,no
4430,me_land_4390,Land 4390,land,820,263,0.8015640,0.5146771,27,9,me_mordor_and_rhun,me_rhun_region,0dc7e6,no
4431,me_land_4391,Land 4391,land,641,147,0.6265885,0.2876712,35,3,me_rhovanion,me_dale_region,abff5f,no
4432,me_land_4392,Land 4392,land,460,229,0.4496579,0.4481409,29,1,me_eriador,me_shire_breeland_region,4a36d8,no
4433,me_land_4393,Land 4393,land,647,483,0.6324536,0.9452055,29,10,me_harad,me_far_harad_region,e86e51,no
4434,me_land_4394,Land 4394,land,734,279,0.7174976,0.5459883,18,9,me_mordor_and_rhun,me_rhun_region,86a5ca,no
4435,me_land_4395,Land 4395,land,350,177,0.3421310,0.3463796,33,1,me_eriador,me_north_arnor_region,24dd43,no
4436,me_land_4396,Land 4396,land,768,64,0.7507331,0.1252446,67,5,me_forodwaith,me_northern_wastes_region,c314bc,no
4437,me_land_4397,Land 4397,land,355,342,0.3470186,0.6692759,45,1,me_gondor,me_belfalas_region,614c35,no
4438,me_land_4398,Land 4398,land,793,121,0.7751711,0.2367906,126,1,me_mordor_and_rhun,me_rhun_region,ff83ae,no
4439,me_land_4399,Land 4399,land,789,105,0.7712610,0.2054795,98,5,me_forodwaith,me_northern_wastes_region,9dbb27,no
4440,me_land_4400,Land 4400,land,417,435,0.4076246,0.8512720,24,10,me_harad,me_umbar_region,3bf2a0,no
4441,me_land_4401,Land 4401,land,366,448,0.3577713,0.8767123,37,10,me_harad,me_umbar_region,da2a19,no
4442,me_land_4402,Land 4402,land,224,228,0.2189638,0.4461840,21,1,me_eriador,me_lindon_region,786192,no
4443,me_land_4403,Land 4403,land,264,178,0.2580645,0.3483366,47,1,me_eriador,me_lindon_region,16990b,no
4444,me_land_4404,Land 4404,land,542,364,0.5298143,0.7123288,29,1,me_rhovanion,me_rohan_region,b4d084,no
4445,me_land_4405,Land 4405,land,534,65,0.5219941,0.1272016,83,5,me_forodwaith,me_angmar_region,5307fd,no
4446,me_land_4406,Land 4406,land,257,289,0.2512219,0.5655577,35,1,me_eriador,me_lindon_region,f13f76,no
4447,me_land_4407,Land 4407,land,577,423,0.5640274,0.8277886,29,1,me_gondor,me_lebennin_region,8f76ef,no
4448,me_land_4408,Land 4408,land,541,469,0.5288368,0.9178082,44,10,me_harad,me_umbar_region,2dae68,no
4449,me_land_4409,Land 4409,land,338,242,0.3304008,0.4735812,36,1,me_eriador,me_shire_breeland_region,cbe5e1,no
4450,me_land_4410,Land 4410,land,794,276,0.7761486,0.5401174,71,9,me_mordor_and_rhun,me_rhun_region,6a1d5a,no
4451,me_land_4411,Land 4411,land,444,299,0.4340176,0.5851272,54,1,me_eriador,me_enedwaith_region,0854d3,no
4452,me_land_4412,Land 4412,land,489,436,0.4780059,0.8532290,31,10,me_harad,me_umbar_region,a68c4c,no
4453,me_land_4413,Land 4413,land,250,60,0.2443793,0.1174168,78,5,me_forodwaith,me_forochel_region,44c3c5,no
4454,me_land_4414,Land 4414,land,493,467,0.4819159,0.9138943,24,10,me_harad,me_umbar_region,e2fb3e,no
4455,me_land_4415,Land 4415,land,644,199,0.6295210,0.3894325,25,3,me_rhovanion,me_dale_region,8132b7,no
4456,me_land_4416,Land 4416,land,292,337,0.2854350,0.6594912,31,1,me_gondor,me_belfalas_region,1f6a30,no
4457,me_land_4417,Land 4417,land,374,129,0.3655914,0.2524462,59,1,me_eriador,me_north_arnor_region,bda1a9,no
4458,me_land_4418,Land 4418,land,900,176,0.8797654,0.3444227,23,9,me_mordor_and_rhun,me_rhun_region,5bd922,no
4459,me_land_4419,Land 4419,land,793,487,0.7751711,0.9530333,43,10,me_harad,me_far_harad_region,fa109b,no
4460,me_land_4420,Land 4420,land,733,316,0.7165200,0.6183953,36,8,me_mordor_and_rhun,me_mordor_region,984814,no
4461,me_land_4421,Land 4421,land,733,260,0.7165200,0.5088063,55,9,me_mordor_and_rhun,me_rhun_region,367f8d,no
4462,me_land_4422,Land 4422,land,581,338,0.5679374,0.6614481,29,1,me_rhovanion,me_rohan_region,d4b706,no
4463,me_land_4423,Land 4423,land,430,420,0.4203324,0.8219178,48,1,me_gondor,me_belfalas_region,72ee7f,no
4464,me_land_4424,Land 4424,land,700,465,0.6842620,0.9099804,37,10,me_harad,me_near_harad_region,1125f8,no
4465,me_land_4425,Land 4425,land,842,365,0.8230694,0.7142857,42,1,me_mordor_and_rhun,me_mordor_region,af5d71,no
4466,me_land_4426,Land 4426,land,257,284,0.2512219,0.5557730,31,1,me_eriador,me_lindon_region,4d94ea,no
4467,me_land_4427,Land 4427,land,826,191,0.8074291,0.3737769,28,9,me_mordor_and_rhun,me_rhun_region,ebcc63,no
4468,me_land_4428,Land 4428,land,491,326,0.4799609,0.6379648,27,3,me_rhovanion,me_rohan_region,8a03dc,no
4469,me_land_4429,Land 4429,land,639,130,0.6246334,0.2544031,49,1,me_rhovanion,me_grey_mountains_region,283b55,no
4470,me_land_4430,Land 4430,land,847,125,0.8279570,0.2446184,41,1,me_mordor_and_rhun,me_rhun_region,c672ce,no
4471,me_land_4431,Land 4431,land,444,360,0.4340176,0.7045010,41,1,me_gondor,me_belfalas_region,64aa47,no
4472,me_land_4432,Land 4432,land,705,446,0.6891496,0.8727984,40,10,me_harad,me_near_harad_region,02e1c0,no
4473,me_land_4433,Land 4433,land,578,143,0.5650049,0.2798434,47,3,me_rhovanion,me_mirkwood_region,a11939,no
4474,me_land_4434,Land 4434,land,368,103,0.3597263,0.2015656,74,5,me_forodwaith,me_forochel_region,3f50b2,no
4475,me_land_4435,Land 4435,land,669,425,0.6539589,0.8317025,46,10,me_harad,me_near_harad_region,dd882b,no
4476,me_land_4436,Land 4436,land,474,43,0.4633431,0.0841487,116,5,me_forodwaith,me_angmar_region,7bbfa4,no
4477,me_land_4437,Land 4437,land,892,195,0.8719453,0.3816047,34,9,me_mordor_and_rhun,me_rhun_region,19f71d,no
4478,me_land_4438,Land 4438,land,781,133,0.7634409,0.2602740,72,9,me_mordor_and_rhun,me_rhun_region,b82e96,no
4479,me_land_4439,Land 4439,land,633,171,0.6187683,0.3346380,45,3,me_rhovanion,me_dale_region,56660f,no
4480,me_land_4440,Land 4440,land,385,37,0.3763441,0.0724070,143,5,me_forodwaith,me_forochel_region,f49d88,no
4481,me_land_4441,Land 4441,land,827,390,0.8084066,0.7632094,19,1,me_mordor_and_rhun,me_mordor_region,92d501,no
4482,me_land_4442,Land 4442,land,786,344,0.7683284,0.6731898,41,8,me_mordor_and_rhun,me_mordor_region,310c7a,no
4483,me_land_4443,Land 4443,land,625,278,0.6109482,0.5440313,48,9,me_rhovanion,me_mirkwood_region,cf43f3,no
4484,me_land_4444,Land 4444,land,694,414,0.6783969,0.8101761,37,1,me_mordor_and_rhun,me_mordor_region,6d7b6c,no
4485,me_land_4445,Land 4445,land,331,68,0.3235582,0.1330724,71,5,me_forodwaith,me_forochel_region,0bb2e5,no
4486,me_land_4446,Land 4446,land,531,144,0.5190616,0.2818004,37,1,me_rhovanion,me_anduin_vale_region,a9ea5e,no
4487,me_land_4447,Land 4447,land,502,252,0.4907136,0.4931507,35,1,me_rhovanion,me_anduin_vale_region,4821d7,no
4488,me_land_4448,Land 4448,land,334,130,0.3264907,0.2544031,26,1,me_eriador,me_north_arnor_region,e65950,no
4489,me_land_4449,Land 4449,land,219,198,0.2140762,0.3874755,24,1,me_eriador,me_lindon_region,8490c9,no
4490,me_land_4450,Land 4450,land,854,274,0.8347996,0.5362035,33,9,me_mordor_and_rhun,me_rhun_region,c0ffbb,no
4491,me_land_4451,Land 4451,land,266,153,0.2600196,0.2994129,37,1,me_eriador,me_lindon_region,5f3734,no
4492,me_land_4452,Land 4452,land,773,300,0.7556207,0.5870841,24,9,me_mordor_and_rhun,me_mordor_region,fd6ead,no
4493,me_land_4453,Land 4453,land,724,446,0.7077224,0.8727984,106,10,me_harad,me_near_harad_region,9ba626,no
4494,me_land_4454,Land 4454,land,615,481,0.6011730,0.9412916,53,10,me_harad,me_far_harad_region,39dd9f,no
4495,me_land_4455,Land 4455,land,313,297,0.3059629,0.5812133,40,1,me_eriador,me_enedwaith_region,d81518,no
4496,me_land_4456,Land 4456,land,834,343,0.8152493,0.6712329,50,1,me_mordor_and_rhun,me_mordor_region,764c91,no
4497,me_land_4457,Land 4457,land,424,260,0.4144673,0.5088063,30,1,me_eriador,me_enedwaith_region,14840a,no
4498,me_land_4458,Land 4458,land,803,164,0.7849462,0.3209393,48,9,me_mordor_and_rhun,me_rhun_region,b2bb83,no
4499,me_land_4459,Land 4459,land,370,354,0.3616813,0.6927593,19,1,me_gondor,me_belfalas_region,50f2fc,no
4500,me_land_4460,Land 4460,land,203,36,0.1984360,0.0704501,93,5,me_forodwaith,me_forochel_region,ef2a75,no
4501,me_land_4461,Land 4461,land,893,118,0.8729228,0.2309198,37,1,me_forodwaith,me_northern_wastes_region,8d61ee,no
4502,me_land_4462,Land 4462,land,325,179,0.3176931,0.3502935,33,1,me_eriador,me_shire_breeland_region,2b9967,no
4503,me_land_4463,Land 4463,land,256,219,0.2502444,0.4285714,51,1,me_eriador,me_lindon_region,c9d0e0,no
4504,me_land_4464,Land 4464,land,257,309,0.2512219,0.6046967,28,1,me_eriador,me_lindon_region,680859,no
4505,me_land_4465,Land 4465,land,419,210,0.4095797,0.4109589,51,1,me_eriador,me_shire_breeland_region,063fd2,no
4506,me_land_4466,Land 4466,land,305,260,0.2981427,0.5088063,39,1,me_eriador,me_enedwaith_region,a4774b,no
4507,me_land_4467,Land 4467,land,444,109,0.4340176,0.2133072,60,5,me_forodwaith,me_angmar_region,42aec4,no
4508,me_land_4468,Land 4468,land,331,290,0.3235582,0.5675147,26,1,me_eriador,me_enedwaith_region,e0e63d,no
4509,me_land_4469,Land 4469,land,480,256,0.4692082,0.5009785,21,1,me_rhovanion,me_anduin_vale_region,7f1db6,no
4510,me_land_4470,Land 4470,land,571,300,0.5581623,0.5870841,34,1,me_rhovanion,me_anduin_vale_region,1d552f,no
4511,me_land_4471,Land 4471,land,712,229,0.6959922,0.4481409,44,1,me_mordor_and_rhun,me_rhun_region,bb8ca8,no
4512,me_land_4472,Land 4472,land,694,238,0.6783969,0.4657534,28,1,me_mordor_and_rhun,me_rhun_region,59c421,no
4513,me_land_4473,Land 4473,land,513,216,0.5014663,0.4227006,48,1,me_rhovanion,me_anduin_vale_region,f7fb9a,no
4514,me_land_4474,Land 4474,land,572,343,0.5591398,0.6712329,24,1,me_rhovanion,me_rohan_region,963313,no
4515,me_land_4475,Land 4475,land,417,310,0.4076246,0.6066536,36,1,me_eriador,me_enedwaith_region,346a8c,no
4516,me_land_4476,Land 4476,land,838,158,0.8191593,0.3091977,35,9,me_mordor_and_rhun,me_rhun_region,d2a205,no
4517,me_land_4477,Land 4477,land,383,119,0.3743891,0.2328767,49,1,me_forodwaith,me_forochel_region,70d97e,no
4518,me_land_4478,Land 4478,land,430,95,0.4203324,0.1859100,47,5,me_forodwaith,me_angmar_region,0f10f7,no
4519,me_land_4479,Land 4479,land,269,213,0.2629521,0.4168297,59,1,me_eriador,me_lindon_region,ad4870,no
4520,me_land_4480,Land 4480,land,443,134,0.4330401,0.2622309,32,1,me_eriador,me_north_arnor_region,4b7fe9,no
4521,me_land_4481,Land 4481,land,723,372,0.7067449,0.7279843,32,8,me_mordor_and_rhun,me_mordor_region,e9b762,no
4522,me_land_4482,Land 4482,land,798,370,0.7800587,0.7240705,30,8,me_mordor_and_rhun,me_mordor_region,87eedb,no
4523,me_land_4483,Land 4483,land,461,32,0.4506354,0.0626223,98,5,me_forodwaith,me_angmar_region,262654,no
4524,me_land_4484,Land 4484,land,299,379,0.2922776,0.7416830,21,1,me_gondor,me_belfalas_region,c45dcd,no
4525,me_land_4485,Land 4485,land,545,428,0.5327468,0.8375734,19,10,me_harad,me_near_harad_region,629546,no
4526,me_land_4486,Land 4486,land,830,142,0.8113392,0.2778865,40,9,me_mordor_and_rhun,me_rhun_region,00ccbf,no
4527,me_land_4487,Land 4487,land,642,262,0.6275660,0.5127202,98,3,me_rhovanion,me_mirkwood_region,9f0438,no
4528,me_land_4488,Land 4488,land,610,175,0.5962854,0.3424658,52,3,me_rhovanion,me_mirkwood_region,3d3bb1,no
4529,me_land_4489,Land 4489,land,895,143,0.8748778,0.2798434,57,9,me_mordor_and_rhun,me_rhun_region,db732a,no
4530,me_land_4490,Land 4490,land,377,71,0.3685239,0.1389432,66,5,me_forodwaith,me_forochel_region,79aaa3,no
4531,me_land_4491,Land 4491,land,815,166,0.7966764,0.3248532,42,9,me_mordor_and_rhun,me_rhun_region,17e21c,no
4532,me_land_4492,Land 4492,land,864,431,0.8445748,0.8434442,38,10,me_harad,me_near_harad_region,b61995,no
4533,me_land_4493,Land 4493,land,703,232,0.6871945,0.4540117,40,1,me_mordor_and_rhun,me_rhun_region,54510e,no
4534,me_land_4494,Land 4494,land,317,22,0.3098729,0.0430528,79,5,me_forodwaith,me_forochel_region,f28887,no
4535,me_land_4495,Land 4495,land,864,163,0.8445748,0.3189824,34,9,me_mordor_and_rhun,me_rhun_region,90c000,no
4536,me_land_4496,Land 4496,land,402,250,0.3929619,0.4892368,27,1,me_eriador,me_shire_breeland_region,2ef779,no
4537,me_land_4497,Land 4497,land,474,275,0.4633431,0.5381605,34,1,me_rhovanion,me_anduin_vale_region,cd2ef2,no
4538,me_land_4498,Land 4498,land,848,315,0.8289345,0.6164384,44,1,me_mordor_and_rhun,me_mordor_region,6b666b,no
4539,me_land_4499,Land 4499,land,587,134,0.5738025,0.2622309,29,1,me_rhovanion,me_grey_mountains_region,099de4,no
4540,me_land_4500,Land 4500,land,605,501,0.5913978,0.9804305,57,10,me_harad,me_far_harad_region,a7d55d,no
4541,me_land_4501,Land 4501,land,416,197,0.4066471,0.3855186,32,1,me_eriador,me_shire_breeland_region,460cd6,no
4542,me_land_4502,Land 4502,land,856,324,0.8367546,0.6340509,46,1,me_mordor_and_rhun,me_mordor_region,e4444f,no
4543,me_land_4503,Land 4503,land,874,140,0.8543500,0.2739726,53,9,me_mordor_and_rhun,me_rhun_region,827bc8,no
4544,me_land_4504,Land 4504,land,824,456,0.8054741,0.8923679,46,10,me_harad,me_near_harad_region,20b341,no
4545,me_land_4505,Land 4505,land,732,447,0.7155425,0.8747554,38,10,me_harad,me_near_harad_region,beeaba,no
4546,me_land_4506,Land 4506,land,415,472,0.4056696,0.9236791,44,10,me_harad,me_umbar_region,5d2233,no
4547,me_land_4507,Land 4507,land,873,102,0.8533724,0.1996086,33,1,me_forodwaith,me_northern_wastes_region,fb59ac,no
4548,me_land_4508,Land 4508,land,522,145,0.5102639,0.2837573,32,1,me_rhovanion,me_anduin_vale_region,999125,no
4549,me_land_4509,Land 4509,land,869,99,0.8494624,0.1937378,33,1,me_forodwaith,me_northern_wastes_region,37c89e,no
4550,me_land_4510,Land 4510,land,717,185,0.7008798,0.3620352,55,9,me_mordor_and_rhun,me_rhun_region,d60017,no
4551,me_land_4511,Land 4511,land,223,240,0.2179863,0.4696673,47,1,me_eriador,me_lindon_region,743790,no
4552,me_land_4512,Land 4512,land,587,268,0.5738025,0.5244618,44,1,me_rhovanion,me_mirkwood_region,126f09,no
4553,me_land_4513,Land 4513,land,377,355,0.3685239,0.6947162,18,1,me_gondor,me_belfalas_region,b0a682,no
4554,me_land_4514,Land 4514,land,242,215,0.2365591,0.4207436,38,1,me_eriador,me_lindon_region,4eddfb,no
4555,me_land_4515,Land 4515,land,312,55,0.3049853,0.1076321,60,5,me_forodwaith,me_forochel_region,ed1574,no
4556,me_land_4516,Land 4516,land,413,101,0.4037146,0.1976517,66,5,me_forodwaith,me_angmar_region,8b4ced,no
4557,me_land_4517,Land 4517,land,526,323,0.5141740,0.6320939,40,3,me_rhovanion,me_rohan_region,298466,no
4558,me_land_4518,Land 4518,land,709,149,0.6930596,0.2915851,35,1,me_mordor_and_rhun,me_rhun_region,c7bbdf,no
4559,me_land_4519,Land 4519,land,793,171,0.7751711,0.3346380,53,9,me_mordor_and_rhun,me_rhun_region,65f358,no
4560,me_land_4520,Land 4520,land,458,473,0.4477028,0.9256360,40,10,me_harad,me_umbar_region,042ad1,no
4561,me_land_4521,Land 4521,land,794,149,0.7761486,0.2915851,64,9,me_mordor_and_rhun,me_rhun_region,a2624a,no
4562,me_land_4522,Land 4522,land,624,431,0.6099707,0.8434442,21,10,me_harad,me_near_harad_region,4099c3,no
4563,me_land_4523,Land 4523,land,702,274,0.6862170,0.5362035,31,1,me_mordor_and_rhun,me_rhun_region,ded13c,no
4564,me_land_4524,Land 4524,land,371,304,0.3626588,0.5949119,47,1,me_eriador,me_enedwaith_region,7d08b5,no
4565,me_land_4525,Land 4525,land,663,97,0.6480938,0.1898239,63,5,me_forodwaith,me_northern_wastes_region,1b402e,no
4566,me_land_4526,Land 4526,land,374,332,0.3655914,0.6497065,48,1,me_eriador,me_enedwaith_region,b977a7,no
4567,me_land_4527,Land 4527,land,719,172,0.7028348,0.3365949,43,9,me_mordor_and_rhun,me_rhun_region,57af20,no
4568,me_land_4528,Land 4528,land,531,224,0.5190616,0.4383562,34,1,me_rhovanion,me_anduin_vale_region,f5e699,no
4569,me_land_4529,Land 4529,land,354,453,0.3460411,0.8864971,57,10,me_harad,me_umbar_region,941e12,no
4570,me_land_4530,Land 4530,land,705,153,0.6891496,0.2994129,37,1,me_mordor_and_rhun,me_rhun_region,32558b,no
4571,me_land_4531,Land 4531,land,265,205,0.2590420,0.4011742,62,1,me_eriador,me_lindon_region,d08d04,no
4572,me_land_4532,Land 4532,land,618,119,0.6041056,0.2328767,47,1,me_forodwaith,me_northern_wastes_region,6ec47d,no
4573,me_land_4533,Land 4533,land,288,47,0.2815249,0.0919765,57,5,me_forodwaith,me_forochel_region,0cfbf6,no
4574,me_land_4534,Land 4534,land,818,401,0.7996090,0.7847358,33,1,me_mordor_and_rhun,me_mordor_region,ab336f,no
4575,me_land_4535,Land 4535,land,457,332,0.4467253,0.6497065,33,1,me_eriador,me_enedwaith_region,496ae8,no
4576,me_land_4536,Land 4536,land,484,363,0.4731183,0.7103718,44,1,me_rhovanion,me_rohan_region,e7a261,no
4577,me_land_4537,Land 4537,land,754,304,0.7370479,0.5949119,48,9,me_mordor_and_rhun,me_mordor_region,85d9da,no
4578,me_land_4538,Land 4538,land,216,125,0.2111437,0.2446184,44,1,me_eriador,me_lindon_region,241153,no
4579,me_land_4539,Land 4539,land,227,167,0.2218964,0.3268102,33,1,me_eriador,me_lindon_region,c248cc,no
4580,me_land_4540,Land 4540,land,603,339,0.5894428,0.6634051,50,1,me_rhovanion,me_rohan_region,608045,no
4581,me_land_4541,Land 4541,land,485,158,0.4740958,0.3091977,42,1,me_eriador,me_north_arnor_region,feb7be,no
4582,me_land_4542,Land 4542,land,482,185,0.4711632,0.3620352,46,1,me_eriador,me_shire_breeland_region,9cef37,no
4583,me_land_4543,Land 4543,land,448,176,0.4379277,0.3444227,20,1,me_eriador,me_north_arnor_region,3b26b0,no
4584,me_land_4544,Land 4544,land,698,282,0.6823069,0.5518591,35,1,me_mordor_and_rhun,me_rhun_region,d95e29,no
4585,me_land_4545,Land 4545,land,499,424,0.4877810,0.8297456,38,10,me_gondor,me_belfalas_region,7795a2,no
4586,me_land_4546,Land 4546,land,901,134,0.8807429,0.2622309,62,9,me_mordor_and_rhun,me_rhun_region,15cd1b,no
4587,me_land_4547,Land 4547,land,372,41,0.3636364,0.0802348,110,5,me_forodwaith,me_forochel_region,b40494,no
4588,me_land_4548,Land 4548,land,788,450,0.7702835,0.8806262,87,10,me_harad,me_near_harad_region,523c0d,no
4589,me_land_4549,Land 4549,land,826,471,0.8074291,0.9217221,54,10,me_harad,me_near_harad_region,f07386,no
4590,me_land_4550,Land 4550,land,687,373,0.6715543,0.7299413,52,8,me_mordor_and_rhun,me_mordor_region,8eaaff,no
4591,me_land_4551,Land 4551,land,542,485,0.5298143,0.9491194,71,10,me_harad,me_umbar_region,2ce278,no
4592,me_land_4552,Land 4552,land,397,462,0.3880743,0.9041096,36,10,me_harad,me_umbar_region,cb19f1,no
4593,me_land_4553,Land 4553,land,267,260,0.2609971,0.5088063,35,1,me_eriador,me_lindon_region,69516a,no
4594,me_land_4554,Land 4554,land,658,419,0.6432063,0.8199609,26,1,me_gondor,me_south_gondor_region,0788e3,no
4595,me_land_4555,Land 4555,land,605,447,0.5913978,0.8747554,36,10,me_harad,me_near_harad_region,a5c05c,no
4596,me_land_4556,Land 4556,land,697,143,0.6813294,0.2798434,34,1,me_mordor_and_rhun,me_rhun_region,43f7d5,no
4597,me_land_4557,Land 4557,land,284,241,0.2776149,0.4716243,16,1,me_eriador,me_lindon_region,e22f4e,no
4598,me_land_4558,Land 4558,land,484,255,0.4731183,0.4990215,27,1,me_rhovanion,me_anduin_vale_region,8066c7,no
4599,me_land_4559,Land 4559,land,882,386,0.8621701,0.7553816,30,1,me_mordor_and_rhun,me_mordor_region,1e9e40,no
4600,me_land_4560,Land 4560,land,565,448,0.5522972,0.8767123,79,10,me_harad,me_near_harad_region,bcd5b9,no
4601,me_land_4561,Land 4561,land,571,296,0.5581623,0.5792564,25,1,me_rhovanion,me_anduin_vale_region,5b0d32,no
4602,me_land_4562,Land 4562,land,371,187,0.3626588,0.3659491,29,1,me_eriador,me_shire_breeland_region,f944ab,no
4603,me_land_4563,Land 4563,land,864,264,0.8445748,0.5166341,62,9,me_mordor_and_rhun,me_rhun_region,977c24,no
4604,me_land_4564,Land 4564,land,844,179,0.8250244,0.3502935,57,9,me_mordor_and_rhun,me_rhun_region,35b39d,no
4605,me_land_4565,Land 4565,land,446,326,0.4359726,0.6379648,57,1,me_eriador,me_enedwaith_region,d3eb16,no
4606,me_land_4566,Land 4566,land,669,296,0.6539589,0.5792564,56,9,me_rhovanion,me_brown_lands_region,72228f,no
4607,me_land_4567,Land 4567,land,360,320,0.3519062,0.6262231,28,1,me_eriador,me_enedwaith_region,105a08,no
4608,me_land_4568,Land 4568,land,520,173,0.5083089,0.3385519,40,1,me_rhovanion,me_anduin_vale_region,ae9181,no
4609,me_land_4569,Land 4569,land,324,86,0.3167155,0.1682975,62,5,me_forodwaith,me_forochel_region,4cc8fa,no
4610,me_land_4570,Land 4570,land,667,135,0.6520039,0.2641879,31,1,me_rhovanion,me_grey_mountains_region,eb0073,no
4611,me_land_4571,Land 4571,land,362,189,0.3538612,0.3698630,33,1,me_eriador,me_shire_breeland_region,8937ec,no
4612,me_land_4572,Land 4572,land,761,408,0.7438905,0.7984344,27,1,me_mordor_and_rhun,me_mordor_region,276f65,no
4613,me_land_4573,Land 4573,land,771,448,0.7536657,0.8767123,34,10,me_harad,me_near_harad_region,c5a6de,no
4614,me_land_4574,Land 4574,land,917,264,0.8963832,0.5166341,23,9,me_mordor_and_rhun,me_rhun_region,63de57,no
4615,me_land_4575,Land 4575,land,238,283,0.2326491,0.5538160,56,1,me_eriador,me_lindon_region,0215d0,no
4616,me_land_4576,Land 4576,land,670,409,0.6549365,0.8003914,18,1,me_gondor,me_south_gondor_region,a04d49,no
4617,me_land_4577,Land 4577,land,833,460,0.8142717,0.9001957,66,10,me_harad,me_near_harad_region,3e84c2,no
4618,me_land_4578,Land 4578,land,530,192,0.5180841,0.3757339,41,1,me_rhovanion,me_anduin_vale_region,dcbc3b,no
4619,me_land_4579,Land 4579,land,357,280,0.3489736,0.5479452,21,1,me_eriador,me_enedwaith_region,7af3b4,no
4620,me_land_4580,Land 4580,land,467,48,0.4565005,0.0939335,68,5,me_forodwaith,me_angmar_region,192b2d,no
4621,me_land_4581,Land 4581,land,607,39,0.5933529,0.0763209,69,5,me_forodwaith,me_northern_wastes_region,b762a6,no
4622,me_land_4582,Land 4582,land,487,222,0.4760508,0.4344423,39,1,me_eriador,me_shire_breeland_region,559a1f,no
4623,me_land_4583,Land 4583,land,386,430,0.3773216,0.8414873,73,10,me_harad,me_umbar_region,f3d198,no
4624,me_land_4584,Land 4584,land,600,278,0.5865103,0.5440313,30,9,me_rhovanion,me_mirkwood_region,920911,no
4625,me_land_4585,Land 4585,land,555,121,0.5425220,0.2367906,37,1,me_rhovanion,me_grey_mountains_region,30408a,no
4626,me_land_4586,Land 4586,land,519,43,0.5073314,0.0841487,121,5,me_forodwaith,me_angmar_region,ce7803,no
4627,me_land_4587,Land 4587,land,608,44,0.5943304,0.0861057,52,5,me_forodwaith,me_northern_wastes_region,6caf7c,no
4628,me_land_4588,Land 4588,land,672,200,0.6568915,0.3913894,25,3,me_rhovanion,me_dale_region,0ae6f5,no
4629,me_land_4589,Land 4589,land,249,237,0.2434018,0.4637965,26,1,me_eriador,me_lindon_region,a91e6e,no
4630,me_land_4590,Land 4590,land,596,230,0.5826002,0.4500978,33,3,me_rhovanion,me_mirkwood_region,4755e7,no
4631,me_land_4591,Land 4591,land,581,349,0.5679374,0.6829746,21,1,me_rhovanion,me_rohan_region,e58d60,no
4632,me_land_4592,Land 4592,land,353,201,0.3450635,0.3933464,35,3,me_eriador,me_shire_breeland_region,83c4d9,no
4633,me_land_4593,Land 4593,land,252,292,0.2463343,0.5714286,34,1,me_eriador,me_lindon_region,21fc52,no
4634,me_land_4594,Land 4594,land,211,165,0.2062561,0.3228963,42,1,me_eriador,me_lindon_region,c033cb,no
4635,me_land_4595,Land 4595,land,754,409,0.7370479,0.8003914,44,1,me_mordor_and_rhun,me_mordor_region,5e6b44,no
4636,me_land_4596,Land 4596,land,386,251,0.3773216,0.4911937,25,1,me_eriador,me_enedwaith_region,fca2bd,no
4637,me_land_4597,Land 4597,land,703,191,0.6871945,0.3737769,39,1,me_mordor_and_rhun,me_rhun_region,9ada36,no
4638,me_land_4598,Land 4598,land,549,107,0.5366569,0.2093933,78,5,me_forodwaith,me_northern_wastes_region,3911af,no
4639,me_land_4599,Land 4599,land,671,344,0.6559140,0.6731898,52,2,me_gondor,me_ithilien_region,d74928,no
4640,me_land_4600,Land 4600,land,914,218,0.8934506,0.4266145,31,9,me_mordor_and_rhun,me_rhun_region,7580a1,no
4641,me_land_4601,Land 4601,land,619,145,0.6050831,0.2837573,53,3,me_rhovanion,me_dale_region,13b81a,no
4642,me_land_4602,Land 4602,land,647,59,0.6324536,0.1154599,73,5,me_forodwaith,me_northern_wastes_region,b1ef93,no
4643,me_land_4603,Land 4603,land,223,223,0.2179863,0.4363992,17,1,me_eriador,me_lindon_region,50270c,no
4644,me_land_4604,Land 4604,land,521,294,0.5092864,0.5753425,75,3,me_rhovanion,me_anduin_vale_region,ee5e85,no
4645,me_land_4605,Land 4605,land,624,339,0.6099707,0.6634051,40,1,me_rhovanion,me_rohan_region,8c95fe,no
4646,me_land_4606,Land 4606,land,335,326,0.3274682,0.6379648,48,1,me_eriador,me_enedwaith_region,2acd77,no
4647,me_land_4607,Land 4607,land,315,120,0.3079179,0.2348337,32,1,me_forodwaith,me_forochel_region,c904f0,no
4648,me_land_4608,Land 4608,land,876,300,0.8563050,0.5870841,34,9,me_mordor_and_rhun,me_mordor_region,673c69,no
4649,me_land_4609,Land 4609,land,335,452,0.3274682,0.8845401,15,10,me_harad,me_umbar_region,0573e2,no
4650,me_land_4610,Land 4610,land,730,280,0.7135875,0.5479452,33,9,me_mordor_and_rhun,me_rhun_region,a3ab5b,no
4651,me_land_4611,Land 4611,land,536,386,0.5239492,0.7553816,28,1,me_gondor,me_belfalas_region,41e2d4,no
4652,me_land_4612,Land 4612,land,720,421,0.7038123,0.8238748,34,1,me_mordor_and_rhun,me_khand_region,e01a4d,no
4653,me_land_4613,Land 4613,land,514,389,0.5024438,0.7612524,24,1,me_gondor,me_belfalas_region,7e51c6,no
4654,me_land_4614,Land 4614,land,488,472,0.4770283,0.9236791,32,10,me_harad,me_umbar_region,1c893f,no
4655,me_land_4615,Land 4615,land,694,340,0.6783969,0.6653620,73,8,me_mordor_and_rhun,me_mordor_region,bac0b8,no
4656,me_land_4616,Land 4616,land,339,170,0.3313783,0.3326810,40,1,me_eriador,me_north_arnor_region,58f831,no
4657,me_land_4617,Land 4617,land,873,324,0.8533724,0.6340509,24,1,me_mordor_and_rhun,me_mordor_region,f72faa,no
4658,me_land_4618,Land 4618,land,297,38,0.2903226,0.0743640,92,5,me_forodwaith,me_forochel_region,956723,no
4659,me_land_4619,Land 4619,land,387,130,0.3782991,0.2544031,57,1,me_eriador,me_north_arnor_region,339e9c,no
4660,me_land_4620,Land 4620,land,892,335,0.8719453,0.6555773,22,1,me_mordor_and_rhun,me_mordor_region,d1d615,no
4661,me_land_4621,Land 4621,land,472,294,0.4613881,0.5753425,32,1,me_eriador,me_enedwaith_region,700d8e,no
4662,me_land_4622,Land 4622,land,289,106,0.2825024,0.2074364,89,5,me_forodwaith,me_forochel_region,0e4507,no
4663,me_land_4623,Land 4623,land,475,418,0.4643206,0.8180039,51,1,me_gondor,me_belfalas_region,ac7c80,no
4664,me_land_4624,Land 4624,land,295,168,0.2883675,0.3287671,47,1,me_eriador,me_lindon_region,4ab3f9,no
4665,me_land_4625,Land 4625,land,289,280,0.2825024,0.5479452,38,1,me_eriador,me_lindon_region,e8eb72,no
4666,me_land_4626,Land 4626,land,633,31,0.6187683,0.0606654,78,5,me_forodwaith,me_northern_wastes_region,8722eb,no
4667,me_land_4627,Land 4627,land,270,248,0.2639296,0.4853229,51,1,me_eriador,me_lindon_region,255a64,no
4668,me_land_4628,Land 4628,land,859,300,0.8396872,0.5870841,51,9,me_mordor_and_rhun,me_mordor_region,c391dd,no
4669,me_land_4629,Land 4629,land,203,61,0.1984360,0.1193738,143,5,me_forodwaith,me_forochel_region,61c956,no
4670,me_land_4630,Land 4630,land,491,222,0.4799609,0.4344423,46,1,me_eriador,me_shire_breeland_region,0000cf,no
4671,me_land_4631,Land 4631,land,528,175,0.5161290,0.3424658,24,1,me_rhovanion,me_anduin_vale_region,9e3848,no
4672,me_land_4632,Land 4632,land,525,341,0.5131965,0.6673190,21,1,me_rhovanion,me_rohan_region,3c6fc1,no
4673,me_land_4633,Land 4633,land,740,284,0.7233627,0.5557730,25,9,me_mordor_and_rhun,me_rhun_region,daa73a,no
4674,me_land_4634,Land 4634,land,825,438,0.8064516,0.8571429,75,10,me_harad,me_near_harad_region,78deb3,no
4675,me_land_4635,Land 4635,land,685,222,0.6695992,0.4344423,30,1,me_mordor_and_rhun,me_rhun_region,17162c,no
4676,me_land_4636,Land 4636,land,419,472,0.4095797,0.9236791,32,10,me_harad,me_umbar_region,b54da5,no
4677,me_land_4637,Land 4637,land,599,282,0.5855327,0.5518591,26,9,me_rhovanion,me_mirkwood_region,53851e,no
4678,me_land_4638,Land 4638,land,351,449,0.3431085,0.8786693,50,10,me_harad,me_umbar_region,f1bc97,no
4679,me_land_4639,Land 4639,land,320,289,0.3128055,0.5655577,23,1,me_eriador,me_enedwaith_region,8ff410,no
4680,me_land_4640,Land 4640,land,755,165,0.7380254,0.3228963,33,9,me_mordor_and_rhun,me_rhun_region,2e2b89,no
4681,me_land_4641,Land 4641,land,483,435,0.4721408,0.8512720,38,10,me_harad,me_umbar_region,cc6302,no
4682,me_land_4642,Land 4642,land,292,148,0.2854350,0.2896282,26,1,me_eriador,me_lindon_region,6a9a7b,no
4683,me_land_4643,Land 4643,land,710,478,0.6940371,0.9354207,93,10,me_harad,me_near_harad_region,08d1f4,no
4684,me_land_4644,Land 4644,land,766,367,0.7487781,0.7181996,29,8,me_mordor_and_rhun,me_mordor_region,a7096d,no
4685,me_land_4645,Land 4645,land,540,495,0.5278592,0.9686888,67,10,me_harad,me_umbar_region,4540e6,no
4686,me_land_4646,Land 4646,land,291,154,0.2844575,0.3013699,40,1,me_eriador,me_lindon_region,e3785f,no
4687,me_land_4647,Land 4647,land,522,372,0.5102639,0.7279843,25,1,me_rhovanion,me_rohan_region,81afd8,no
4688,me_land_4648,Land 4648,land,536,326,0.5239492,0.6379648,30,3,me_rhovanion,me_rohan_region,1fe751,no
4689,me_land_4649,Land 4649,land,523,240,0.5112414,0.4696673,40,1,me_rhovanion,me_anduin_vale_region,be1eca,no
4690,me_land_4650,Land 4650,land,566,376,0.5532747,0.7358121,48,1,me_rhovanion,me_rohan_region,5c5643,no
4691,me_land_4651,Land 4651,land,837,404,0.8181818,0.7906067,31,1,me_mordor_and_rhun,me_mordor_region,fa8dbc,no
4692,me_land_4652,Land 4652,land,875,309,0.8553275,0.6046967,33,9,me_mordor_and_rhun,me_mordor_region,98c535,no
4693,me_land_4653,Land 4653,land,455,67,0.4447703,0.1311155,118,5,me_forodwaith,me_angmar_region,36fcae,no
4694,me_land_4654,Land 4654,land,638,248,0.6236559,0.4853229,98,3,me_rhovanion,me_mirkwood_region,d53427,no
4695,me_land_4655,Land 4655,land,928,261,0.9071359,0.5107632,25,1,me_mordor_and_rhun,me_rhun_region,736ba0,no
4696,me_land_4656,Land 4656,land,273,261,0.2668622,0.5107632,43,1,me_eriador,me_lindon_region,11a319,no
4697,me_land_4657,Land 4657,land,895,175,0.8748778,0.3424658,27,9,me_mordor_and_rhun,me_rhun_region,afda92,no
4698,me_land_4658,Land 4658,land,572,423,0.5591398,0.8277886,18,1,me_gondor,me_lebennin_region,4e120b,no
4699,me_land_4659,Land 4659,land,489,250,0.4780059,0.4892368,25,1,me_eriador,me_shire_breeland_region,ec4984,no
4700,me_land_4660,Land 4660,land,877,125,0.8572825,0.2446184,37,1,me_mordor_and_rhun,me_rhun_region,8a80fd,no
4701,me_land_4661,Land 4661,land,782,425,0.7644184,0.8317025,44,10,me_harad,me_near_harad_region,28b876,no
4702,me_land_4662,Land 4662,land,838,81,0.8191593,0.1585127,23,1,me_forodwaith,me_northern_wastes_region,c6efef,no
4703,me_land_4663,Land 4663,land,882,274,0.8621701,0.5362035,36,9,me_mordor_and_rhun,me_rhun_region,652768,no
4704,me_land_4664,Land 4664,land,700,79,0.6842620,0.1545988,58,5,me_forodwaith,me_northern_wastes_region,035ee1,no
4705,me_land_4665,Land 4665,land,924,232,0.9032258,0.4540117,33,1,me_mordor_and_rhun,me_rhun_region,a1965a,no
4706,me_land_4666,Land 4666,land,800,93,0.7820137,0.1819961,69,5,me_forodwaith,me_northern_wastes_region,3fcdd3,no
4707,me_land_4667,Land 4667,land,881,178,0.8611926,0.3483366,53,9,me_mordor_and_rhun,me_rhun_region,de054c,no
4708,me_land_4668,Land 4668,land,434,350,0.4242424,0.6849315,12,1,me_gondor,me_belfalas_region,7c3cc5,no
4709,me_land_4669,Land 4669,land,662,145,0.6471163,0.2837573,32,3,me_rhovanion,me_dale_region,1a743e,no
4710,me_land_4670,Land 4670,land,229,228,0.2238514,0.4461840,48,1,me_eriador,me_lindon_region,b8abb7,no
4711,me_land_4671,Land 4671,land,344,260,0.3362659,0.5088063,22,1,me_eriador,me_enedwaith_region,56e330,no
4712,me_land_4672,Land 4672,land,610,408,0.5962854,0.7984344,30,1,me_gondor,me_lebennin_region,f51aa9,no
4713,me_land_4673,Land 4673,land,811,181,0.7927664,0.3542074,26,9,me_mordor_and_rhun,me_rhun_region,935222,no
4714,me_land_4674,Land 4674,land,574,467,0.5610948,0.9138943,46,10,me_harad,me_near_harad_region,31899b,no
4715,me_land_4675,Land 4675,land,564,190,0.5513196,0.3718200,28,3,me_rhovanion,me_mirkwood_region,cfc114,no
4716,me_land_4676,Land 4676,land,625,408,0.6109482,0.7984344,27,1,me_gondor,me_south_gondor_region,6df88d,no
4717,me_land_4677,Land 4677,land,708,46,0.6920821,0.0900196,139,5,me_forodwaith,me_northern_wastes_region,0c3006,no
4718,me_land_4678,Land 4678,land,839,413,0.8201369,0.8082192,24,1,me_mordor_and_rhun,me_mordor_region,aa677f,no
4719,me_land_4679,Land 4679,land,423,329,0.4134897,0.6438356,61,1,me_eriador,me_enedwaith_region,489ef8,no
4720,me_land_4680,Land 4680,land,525,48,0.5131965,0.0939335,90,5,me_forodwaith,me_angmar_region,e6d671,no
4721,me_land_4681,Land 4681,land,238,135,0.2326491,0.2641879,45,1,me_eriador,me_lindon_region,850dea,no
4722,me_land_4682,Land 4682,land,691,120,0.6754643,0.2348337,94,1,me_forodwaith,me_northern_wastes_region,234563,no
4723,me_land_4683,Land 4683,land,529,458,0.5171065,0.8962818,23,10,me_harad,me_umbar_region,c17cdc,no
4724,me_land_4684,Land 4684,land,461,366,0.4506354,0.7162427,49,1,me_gondor,me_belfalas_region,5fb455,no
4725,me_land_4685,Land 4685,land,461,131,0.4506354,0.2563601,21,1,me_eriador,me_north_arnor_region,fdebce,no
4726,me_land_4686,Land 4686,land,830,374,0.8113392,0.7318982,48,1,me_mordor_and_rhun,me_mordor_region,9c2347,no
4727,me_land_4687,Land 4687,land,490,388,0.4789834,0.7592955,29,1,me_gondor,me_belfalas_region,3a5ac0,no
4728,me_land_4688,Land 4688,land,391,140,0.3822092,0.2739726,47,1,me_eriador,me_north_arnor_region,d89239,no
4729,me_land_4689,Land 4689,land,403,56,0.3939394,0.1095890,72,5,me_forodwaith,me_angmar_region,76c9b2,no
4730,me_land_4690,Land 4690,land,439,173,0.4291300,0.3385519,19,1,me_eriador,me_north_arnor_region,15012b,no
4731,me_land_4691,Land 4691,land,396,238,0.3870968,0.4657534,24,1,me_eriador,me_shire_breeland_region,b338a4,no
4732,me_land_4692,Land 4692,land,541,368,0.5288368,0.7201566,26,1,me_rhovanion,me_rohan_region,51701d,no
4733,me_land_4693,Land 4693,land,277,257,0.2707722,0.5029354,29,1,me_eriador,me_lindon_region,efa796,no
4734,me_land_4694,Land 4694,land,647,381,0.6324536,0.7455969,28,2,me_gondor,me_anorien_region,8ddf0f,no
4735,me_land_4695,Land 4695,land,268,293,0.2619746,0.5733855,55,1,me_eriador,me_lindon_region,2c1688,no
4736,me_land_4696,Land 4696,land,526,56,0.5141740,0.1095890,69,5,me_forodwaith,me_angmar_region,ca4e01,no
4737,me_land_4697,Land 4697,land,870,230,0.8504399,0.4500978,41,9,me_mordor_and_rhun,me_rhun_region,68857a,no
4738,me_land_4698,Land 4698,land,739,178,0.7223851,0.3483366,23,9,me_mordor_and_rhun,me_rhun_region,06bcf3,no
4739,me_land_4699,Land 4699,land,544,299,0.5317693,0.5851272,19,1,me_rhovanion,me_anduin_vale_region,a4f46c,no
4740,me_land_4700,Land 4700,land,397,458,0.3880743,0.8962818,16,10,me_harad,me_umbar_region,432be5,no
4741,me_land_4701,Land 4701,land,533,488,0.5210166,0.9549902,71,10,me_harad,me_umbar_region,e1635e,no
4742,me_land_4702,Land 4702,land,723,483,0.7067449,0.9452055,49,10,me_harad,me_far_harad_region,7f9ad7,no
4743,me_land_4703,Land 4703,land,637,194,0.6226784,0.3796477,37,3,me_rhovanion,me_dale_region,1dd250,no
4744,me_land_4704,Land 4704,land,402,38,0.3929619,0.0743640,67,5,me_forodwaith,me_angmar_region,bc09c9,no
4745,me_land_4705,Land 4705,land,426,239,0.4164223,0.4677104,34,1,me_eriador,me_shire_breeland_region,5a4142,no
4746,me_land_4706,Land 4706,land,809,143,0.7908113,0.2798434,28,9,me_mordor_and_rhun,me_rhun_region,f878bb,no
4747,me_land_4707,Land 4707,land,679,235,0.6637341,0.4598826,39,1,me_rhovanion,me_mirkwood_region,96b034,no
4748,me_land_4708,Land 4708,land,505,301,0.4936461,0.5890411,73,3,me_eriador,me_enedwaith_region,34e7ad,no
4749,me_land_4709,Land 4709,land,655,62,0.6402737,0.1213307,64,5,me_forodwaith,me_northern_wastes_region,d31f26,no
4750,me_land_4710,Land 4710,land,489,148,0.4780059,0.2896282,25,1,me_eriador,me_north_arnor_region,71569f,no
4751,me_land_4711,Land 4711,land,356,19,0.3479961,0.0371820,75,1,me_forodwaith,me_forochel_region,0f8e18,no
4752,me_land_4712,Land 4712,land,570,204,0.5571848,0.3992172,25,3,me_rhovanion,me_mirkwood_region,adc591,no
4753,me_land_4713,Land 4713,land,708,499,0.6920821,0.9765166,40,10,me_harad,me_far_harad_region,4bfd0a,no
4754,me_land_4714,Land 4714,land,506,440,0.4946237,0.8610568,32,10,me_harad,me_umbar_region,ea3483,no
4755,me_land_4715,Land 4715,land,627,236,0.6129032,0.4618395,62,3,me_rhovanion,me_mirkwood_region,886bfc,no
4756,me_land_4716,Land 4716,land,801,338,0.7829912,0.6614481,45,8,me_mordor_and_rhun,me_mordor_region,26a375,no
4757,me_land_4717,Land 4717,land,844,334,0.8250244,0.6536204,31,1,me_mordor_and_rhun,me_mordor_region,c4daee,no
4758,me_land_4718,Land 4718,land,859,392,0.8396872,0.7671233,37,1,me_mordor_and_rhun,me_mordor_region,631267,no
4759,me_land_4719,Land 4719,land,389,169,0.3802542,0.3307241,28,1,me_eriador,me_north_arnor_region,0149e0,no
4760,me_land_4720,Land 4720,land,744,318,0.7272727,0.6223092,30,8,me_mordor_and_rhun,me_mordor_region,9f8159,no
4761,me_land_4721,Land 4721,land,424,71,0.4144673,0.1389432,68,5,me_forodwaith,me_angmar_region,3db8d2,no
4762,me_land_4722,Land 4722,land,356,260,0.3479961,0.5088063,32,1,me_eriador,me_enedwaith_region,dbf04b,no
4763,me_land_4723,Land 4723,land,442,242,0.4320626,0.4735812,23,1,me_eriador,me_shire_breeland_region,7a27c4,no
4764,me_land_4724,Land 4724,land,869,154,0.8494624,0.3013699,62,9,me_mordor_and_rhun,me_rhun_region,185f3d,no
4765,me_land_4725,Land 4725,land,460,404,0.4496579,0.7906067,18,1,me_gondor,me_belfalas_region,b696b6,no
4766,me_land_4726,Land 4726,land,481,262,0.4701857,0.5127202,30,1,me_rhovanion,me_anduin_vale_region,54ce2f,no
4767,me_land_4727,Land 4727,land,532,330,0.5200391,0.6457926,21,3,me_rhovanion,me_rohan_region,f305a8,no
4768,me_land_4728,Land 4728,land,883,400,0.8631476,0.7827789,25,1,me_mordor_and_rhun,me_mordor_region,913d21,no
4769,me_land_4729,Land 4729,land,749,167,0.7321603,0.3268102,59,9,me_mordor_and_rhun,me_rhun_region,2f749a,no
4770,me_land_4730,Land 4730,land,368,163,0.3597263,0.3189824,39,1,me_eriador,me_north_arnor_region,cdac13,no
4771,me_land_4731,Land 4731,land,912,252,0.8914956,0.4931507,47,9,me_mordor_and_rhun,me_rhun_region,6be38c,no
4772,me_land_4732,Land 4732,land,676,429,0.6608016,0.8395303,31,10,me_harad,me_near_harad_region,0a1b05,no
4773,me_land_4733,Land 4733,land,616,266,0.6021505,0.5205479,30,9,me_rhovanion,me_mirkwood_region,a8527e,no
4774,me_land_4734,Land 4734,land,645,124,0.6304985,0.2426614,40,1,me_rhovanion,me_grey_mountains_region,4689f7,no
4775,me_land_4735,Land 4735,land,437,119,0.4271750,0.2328767,30,1,me_forodwaith,me_angmar_region,e4c170,no
4776,me_land_4736,Land 4736,land,918,243,0.8973607,0.4755382,43,9,me_mordor_and_rhun,me_rhun_region,82f8e9,no
4777,me_land_4737,Land 4737,land,886,149,0.8660802,0.2915851,19,9,me_mordor_and_rhun,me_rhun_region,213062,no
4778,me_land_4738,Land 4738,land,674,140,0.6588465,0.2739726,30,1,me_rhovanion,me_dale_region,bf67db,no
4779,me_land_4739,Land 4739,land,426,125,0.4164223,0.2446184,27,1,me_eriador,me_north_arnor_region,5d9f54,no
4780,me_land_4740,Land 4740,land,233,269,0.2277615,0.5264188,38,1,me_eriador,me_lindon_region,fbd6cd,no
4781,me_land_4741,Land 4741,land,494,67,0.4828935,0.1311155,69,5,me_forodwaith,me_angmar_region,9a0e46,no
4782,me_land_4742,Land 4742,land,504,316,0.4926686,0.6183953,40,3,me_rhovanion,me_rohan_region,3845bf,no
4783,me_land_4743,Land 4743,land,770,344,0.7526882,0.6731898,28,8,me_mordor_and_rhun,me_mordor_region,d67d38,no
4784,me_land_4744,Land 4744,land,898,129,0.8778104,0.2524462,47,9,me_mordor_and_rhun,me_rhun_region,74b4b1,no
4785,me_land_4745,Land 4745,land,701,159,0.6852395,0.3111546,46,1,me_mordor_and_rhun,me_rhun_region,12ec2a,no
4786,me_land_4746,Land 4746,land,368,443,0.3597263,0.8669276,37,10,me_harad,me_umbar_region,b123a3,no
4787,me_land_4747,Land 4747,land,417,325,0.4076246,0.6360078,64,1,me_eriador,me_enedwaith_region,4f5b1c,no
4788,me_land_4748,Land 4748,land,651,95,0.6363636,0.1859100,99,5,me_forodwaith,me_northern_wastes_region,ed9295,no
4789,me_land_4749,Land 4749,land,396,242,0.3870968,0.4735812,29,1,me_eriador,me_shire_breeland_region,8bca0e,no
4790,me_land_4750,Land 4750,land,518,131,0.5063539,0.2563601,29,1,me_rhovanion,me_grey_mountains_region,2a0187,no
4791,me_land_4751,Land 4751,land,779,152,0.7614858,0.2974560,22,9,me_mordor_and_rhun,me_rhun_region,c83900,no
4792,me_land_4752,Land 4752,land,845,195,0.8260020,0.3816047,54,9,me_mordor_and_rhun,me_rhun_region,667079,no
4793,me_land_4753,Land 4753,land,269,55,0.2629521,0.1076321,50,5,me_forodwaith,me_forochel_region,04a7f2,no
4794,me_land_4754,Land 4754,land,323,174,0.3157380,0.3405088,25,1,me_eriador,me_north_arnor_region,a2df6b,no
4795,me_land_4755,Land 4755,land,640,199,0.6256109,0.3894325,17,3,me_rhovanion,me_dale_region,4116e4,no
4796,me_land_4756,Land 4756,land,613,167,0.5992180,0.3268102,41,3,me_rhovanion,me_mirkwood_region,df4e5d,no
4797,me_land_4757,Land 4757,land,907,192,0.8866080,0.3757339,75,9,me_mordor_and_rhun,me_rhun_region,7d85d6,no
4798,me_land_4758,Land 4758,land,380,450,0.3714565,0.8806262,33,10,me_harad,me_umbar_region,1bbd4f,no
4799,me_land_4759,Land 4759,land,399,471,0.3900293,0.9217221,35,10,me_harad,me_umbar_region,b9f4c8,no
4800,me_land_4760,Land 4760,land,739,54,0.7223851,0.1056751,57,5,me_forodwaith,me_northern_wastes_region,582c41,no
4801,me_land_4761,Land 4761,land,509,470,0.4975562,0.9197652,30,10,me_harad,me_umbar_region,f663ba,no
4802,me_land_4762,Land 4762,land,673,215,0.6578690,0.4207436,62,3,me_rhovanion,me_dale_region,949b33,no
4803,me_land_4763,Land 4763,land,869,294,0.8494624,0.5753425,47,9,me_mordor_and_rhun,me_mordor_region,32d2ac,no
4804,me_land_4764,Land 4764,land,550,318,0.5376344,0.6223092,36,1,me_rhovanion,me_rohan_region,d10a25,no
4805,me_land_4765,Land 4765,land,561,485,0.5483871,0.9491194,28,10,me_harad,me_far_harad_region,6f419e,no
4806,me_land_4766,Land 4766,land,883,171,0.8631476,0.3346380,28,9,me_mordor_and_rhun,me_rhun_region,0d7917,no
4807,me_land_4767,Land 4767,land,762,181,0.7448680,0.3542074,22,9,me_mordor_and_rhun,me_rhun_region,abb090,no
4808,me_land_4768,Land 4768,land,904,315,0.8836755,0.6164384,60,1,me_mordor_and_rhun,me_mordor_region,49e809,no
4809,me_land_4769,Land 4769,land,439,97,0.4291300,0.1898239,34,5,me_forodwaith,me_angmar_region,e81f82,no
4810,me_land_4770,Land 4770,land,452,193,0.4418377,0.3776908,27,1,me_eriador,me_shire_breeland_region,8656fb,no
4811,me_land_4771,Land 4771,land,701,123,0.6852395,0.2407045,51,1,me_mordor_and_rhun,me_rhun_region,248e74,no
4812,me_land_4772,Land 4772,land,881,411,0.8611926,0.8043053,33,1,me_mordor_and_rhun,me_mordor_region,c2c5ed,no
4813,me_land_4773,Land 4773,land,320,37,0.3128055,0.0724070,72,5,me_forodwaith,me_forochel_region,60fd66,no
4814,me_land_4774,Land 4774,land,512,187,0.5004888,0.3659491,21,1,me_rhovanion,me_anduin_vale_region,ff34df,no
4815,me_land_4775,Land 4775,land,345,338,0.3372434,0.6614481,39,1,me_gondor,me_belfalas_region,9d6c58,no
4816,me_land_4776,Land 4776,land,834,106,0.8152493,0.2074364,25,1,me_forodwaith,me_northern_wastes_region,3ba3d1,no
4817,me_land_4777,Land 4777,land,552,154,0.5395894,0.3013699,37,1,me_rhovanion,me_anduin_vale_region,d9db4a,no
4818,me_land_4778,Land 4778,land,526,162,0.5141740,0.3170254,43,1,me_rhovanion,me_anduin_vale_region,7812c3,no
4819,me_land_4779,Land 4779,land,603,365,0.5894428,0.7142857,19,1,me_rhovanion,me_rohan_region,164a3c,no
4820,me_land_4780,Land 4780,land,533,215,0.5210166,0.4207436,47,1,me_rhovanion,me_anduin_vale_region,b481b5,no
4821,me_land_4781,Land 4781,land,754,480,0.7370479,0.9393346,116,10,me_harad,me_near_harad_region,52b92e,no
4822,me_land_4782,Land 4782,land,419,279,0.4095797,0.5459883,19,1,me_eriador,me_enedwaith_region,f0f0a7,no
4823,me_land_4783,Land 4783,land,746,322,0.7292278,0.6301370,26,8,me_mordor_and_rhun,me_mordor_region,8f2820,no
4824,me_land_4784,Land 4784,land,577,190,0.5640274,0.3718200,32,3,me_rhovanion,me_mirkwood_region,2d5f99,no
4825,me_land_4785,Land 4785,land,774,444,0.7565982,0.8688845,102,10,me_harad,me_near_harad_region,cb9712,no
4826,me_land_4786,Land 4786,land,843,449,0.8240469,0.8786693,40,10,me_harad,me_near_harad_region,69ce8b,no
4827,me_land_4787,Land 4787,land,862,345,0.8426197,0.6751468,36,1,me_mordor_and_rhun,me_mordor_region,080604,no
4828,me_land_4788,Land 4788,land,565,287,0.5522972,0.5616438,36,1,me_rhovanion,me_anduin_vale_region,a63d7d,no
4829,me_land_4789,Land 4789,land,702,267,0.6862170,0.5225049,47,1,me_mordor_and_rhun,me_rhun_region,e2ac6f,no
4830,me_land_4790,Land 4790,land,527,301,0.5151515,0.5890411,61,3,me_rhovanion,me_anduin_vale_region,80e3e8,no
4831,me_land_4791,Land 4791,land,666,265,0.6510264,0.5185910,51,1,me_rhovanion,me_mirkwood_region,1f1b61,no
4832,me_land_4792,Land 4792,land,689,39,0.6735093,0.0763209,66,5,me_forodwaith,me_northern_wastes_region,bd52da,no
4833,me_land_4793,Land 4793,land,710,487,0.6940371,0.9530333,59,10,me_harad,me_far_harad_region,5b8a53,no
4834,me_land_4794,Land 4794,land,697,474,0.6813294,0.9275930,72,10,me_harad,me_near_harad_region,f9c1cc,no
4835,me_land_4795,Land 4795,land,536,465,0.5239492,0.9099804,39,10,me_harad,me_umbar_region,97f945,no
4836,me_land_4796,Land 4796,land,747,89,0.7302053,0.1741683,80,5,me_forodwaith,me_northern_wastes_region,3630be,no
4837,me_land_4797,Land 4797,land,872,110,0.8523949,0.2152642,36,1,me_forodwaith,me_northern_wastes_region,d46837,no
4838,me_land_4798,Land 4798,land,579,34,0.5659824,0.0665362,45,5,me_forodwaith,me_northern_wastes_region,729fb0,no
4839,me_land_4799,Land 4799,land,872,316,0.8523949,0.6183953,42,1,me_mordor_and_rhun,me_mordor_region,10d729,no
4840,me_land_4800,Land 4800,land,319,115,0.3118280,0.2250489,45,5,me_forodwaith,me_forochel_region,af0ea2,no
4841,me_land_4801,Land 4801,land,384,211,0.3753666,0.4129159,25,3,me_eriador,me_shire_breeland_region,4d461b,no
4842,me_land_4802,Land 4802,land,325,415,0.3176931,0.8121331,40,1,me_gondor,me_belfalas_region,eb7d94,no
4843,me_land_4803,Land 4803,land,419,173,0.4095797,0.3385519,35,1,me_eriador,me_north_arnor_region,89b50d,no
4844,me_land_4804,Land 4804,land,741,158,0.7243402,0.3091977,42,9,me_mordor_and_rhun,me_rhun_region,27ec86,no
4845,me_land_4805,Land 4805,land,440,203,0.4301075,0.3972603,33,1,me_eriador,me_shire_breeland_region,c623ff,no
4846,me_land_4806,Land 4806,land,475,254,0.4643206,0.4970646,24,1,me_rhovanion,me_anduin_vale_region,645b78,no
4847,me_land_4807,Land 4807,land,919,167,0.8983382,0.3268102,31,9,me_mordor_and_rhun,me_rhun_region,0292f1,no
4848,me_land_4808,Land 4808,land,868,223,0.8484848,0.4363992,79,9,me_mordor_and_rhun,me_rhun_region,a0ca6a,no
4849,me_land_4809,Land 4809,land,397,150,0.3880743,0.2935421,30,1,me_eriador,me_north_arnor_region,3f01e3,no
4850,me_land_4810,Land 4810,land,782,277,0.7644184,0.5420744,54,9,me_mordor_and_rhun,me_rhun_region,dd395c,no
4851,me_land_4811,Land 4811,land,884,300,0.8641251,0.5870841,36,9,me_mordor_and_rhun,me_mordor_region,7b70d5,no
4852,me_land_4812,Land 4812,land,417,336,0.4076246,0.6575342,42,1,me_gondor,me_belfalas_region,19a84e,no
4853,me_land_4813,Land 4813,land,838,385,0.8191593,0.7534247,39,1,me_mordor_and_rhun,me_mordor_region,b7dfc7,no
4854,me_land_4814,Land 4814,land,641,73,0.6265885,0.1428571,77,5,me_forodwaith,me_northern_wastes_region,561740,no
4855,me_land_4815,Land 4815,land,627,188,0.6129032,0.3679061,33,3,me_rhovanion,me_dale_region,f44eb9,no
4856,me_land_4816,Land 4816,land,715,425,0.6989247,0.8317025,46,10,me_harad,me_near_harad_region,928632,no
4857,me_land_4817,Land 4817,land,624,445,0.6099707,0.8708415,81,10,me_harad,me_near_harad_region,30bdab,no
4858,me_land_4818,Land 4818,land,460,260,0.4496579,0.5088063,24,1,me_eriador,me_enedwaith_region,cef524,no
4859,me_land_4819,Land 4819,land,916,316,0.8954057,0.6183953,63,1,me_mordor_and_rhun,me_mordor_region,6d2c9d,no
4860,me_land_4820,Land 4820,land,619,114,0.6050831,0.2230920,62,5,me_forodwaith,me_northern_wastes_region,0b6416,no
4861,me_land_4821,Land 4821,land,589,161,0.5757576,0.3150685,43,3,me_rhovanion,me_mirkwood_region,a99b8f,no
4862,me_land_4822,Land 4822,land,745,129,0.7282502,0.2524462,55,9,me_mordor_and_rhun,me_rhun_region,47d308,no
4863,me_land_4823,Land 4823,land,595,252,0.5816227,0.4931507,33,3,me_rhovanion,me_mirkwood_region,e60a81,no
4864,me_land_4824,Land 4824,land,384,107,0.3753666,0.2093933,83,5,me_forodwaith,me_forochel_region,8441fa,no
4865,me_land_4825,Land 4825,land,453,397,0.4428152,0.7769080,36,1,me_gondor,me_belfalas_region,227973,no
4866,me_land_4826,Land 4826,land,534,188,0.5219941,0.3679061,21,1,me_rhovanion,me_anduin_vale_region,c0b0ec,no
4867,me_land_4827,Land 4827,land,747,437,0.7302053,0.8551859,45,10,me_harad,me_near_harad_region,5ee865,no
4868,me_land_4828,Land 4828,land,316,140,0.3088954,0.2739726,63,1,me_eriador,me_north_arnor_region,fd1fde,no
4869,me_land_4829,Land 4829,land,422,452,0.4125122,0.8845401,30,10,me_harad,me_umbar_region,9b5757,no
4870,me_land_4830,Land 4830,land,410,476,0.4007820,0.9315068,50,10,me_harad,me_umbar_region,398ed0,no
4871,me_land_4831,Land 4831,land,553,114,0.5405670,0.2230920,40,5,me_forodwaith,me_northern_wastes_region,d7c649,no
4872,me_land_4832,Land 4832,land,319,91,0.3118280,0.1780822,35,5,me_forodwaith,me_forochel_region,75fdc2,no
4873,me_land_4833,Land 4833,land,655,51,0.6402737,0.0998043,34,5,me_forodwaith,me_northern_wastes_region,14353b,no
4874,me_land_4834,Land 4834,land,595,280,0.5816227,0.5479452,25,9,me_rhovanion,me_mirkwood_region,b26cb4,no
4875,me_land_4835,Land 4835,land,306,225,0.2991202,0.4403131,27,1,me_eriador,me_shire_breeland_region,50a42d,no
4876,me_land_4836,Land 4836,land,283,148,0.2766373,0.2896282,18,1,me_eriador,me_lindon_region,eedba6,no
4877,me_land_4837,Land 4837,land,459,291,0.4486804,0.5694716,34,1,me_eriador,me_enedwaith_region,8d131f,no
4878,me_land_4838,Land 4838,land,503,22,0.4916911,0.0430528,55,5,me_forodwaith,me_angmar_region,2b4a98,no
4879,me_land_4839,Land 4839,land,603,467,0.5894428,0.9138943,73,10,me_harad,me_near_harad_region,c98211,no
4880,me_land_4840,Land 4840,land,509,134,0.4975562,0.2622309,43,1,me_eriador,me_north_arnor_region,67b98a,no
4881,me_land_4841,Land 4841,land,225,245,0.2199413,0.4794521,28,1,me_eriador,me_lindon_region,05f103,no
4882,me_land_4842,Land 4842,land,255,299,0.2492669,0.5851272,30,1,me_eriador,me_lindon_region,a4287c,no
4883,me_land_4843,Land 4843,land,561,270,0.5483871,0.5283757,24,1,me_rhovanion,me_mirkwood_region,425ff5,no
4884,me_land_4844,Land 4844,land,447,146,0.4369501,0.2857143,31,1,me_eriador,me_north_arnor_region,e0976e,no
4885,me_land_4845,Land 4845,land,860,192,0.8406647,0.3757339,50,9,me_mordor_and_rhun,me_rhun_region,7ecee7,no
4886,me_land_4846,Land 4846,land,330,141,0.3225806,0.2759295,36,1,me_eriador,me_north_arnor_region,1d0660,no
4887,me_land_4847,Land 4847,land,689,97,0.6735093,0.1898239,115,5,me_forodwaith,me_northern_wastes_region,bb3dd9,no
4888,me_land_4848,Land 4848,land,853,314,0.8338221,0.6144814,47,1,me_mordor_and_rhun,me_mordor_region,597552,no
4889,me_land_4849,Land 4849,land,484,427,0.4731183,0.8356164,42,10,me_harad,me_umbar_region,f7accb,no
4890,me_land_4850,Land 4850,land,845,139,0.8260020,0.2720157,35,9,me_mordor_and_rhun,me_rhun_region,95e444,no
4891,me_land_4851,Land 4851,land,771,255,0.7536657,0.4990215,42,9,me_mordor_and_rhun,me_rhun_region,341bbd,no
4892,me_land_4852,Land 4852,land,457,246,0.4467253,0.4814090,19,1,me_eriador,me_shire_breeland_region,d25336,no
4893,me_land_4853,Land 4853,land,666,146,0.6510264,0.2857143,30,1,me_rhovanion,me_dale_region,708aaf,no
4894,me_land_4854,Land 4854,land,675,242,0.6598240,0.4735812,54,1,me_rhovanion,me_mirkwood_region,0ec228,no
4895,me_land_4855,Land 4855,land,364,156,0.3558162,0.3052838,41,1,me_eriador,me_north_arnor_region,acf9a1,no
4896,me_land_4856,Land 4856,land,384,115,0.3753666,0.2250489,60,5,me_forodwaith,me_forochel_region,4b311a,no
4897,me_land_4857,Land 4857,land,659,316,0.6441838,0.6183953,65,6,me_rhovanion,me_rohan_region,e96893,no
4898,me_land_4858,Land 4858,land,670,208,0.6549365,0.4070450,37,3,me_rhovanion,me_dale_region,87a00c,no
4899,me_land_4859,Land 4859,land,869,337,0.8494624,0.6594912,29,1,me_mordor_and_rhun,me_mordor_region,25d785,no
4900,me_land_4860,Land 4860,land,588,256,0.5747801,0.5009785,56,3,me_rhovanion,me_mirkwood_region,c40efe,no
4901,me_land_4861,Land 4861,land,372,420,0.3636364,0.8219178,35,1,me_gondor,me_belfalas_region,624677,no
4902,me_land_4862,Land 4862,land,616,467,0.6021505,0.9138943,37,10,me_harad,me_near_harad_region,007df0,no
4903,me_land_4863,Land 4863,land,641,168,0.6265885,0.3287671,25,3,me_rhovanion,me_dale_region,9eb569,no
4904,me_land_4864,Land 4864,land,641,163,0.6265885,0.3189824,21,3,me_rhovanion,me_dale_region,3cece2,no
4905,me_land_4865,Land 4865,land,848,303,0.8289345,0.5929550,35,9,me_mordor_and_rhun,me_mordor_region,db245b,no
4906,me_land_4866,Land 4866,land,544,336,0.5317693,0.6575342,30,1,me_rhovanion,me_rohan_region,795bd4,no
4907,me_land_4867,Land 4867,land,522,190,0.5102639,0.3718200,33,1,me_rhovanion,me_anduin_vale_region,17934d,no
4908,me_land_4868,Land 4868,land,647,75,0.6324536,0.1467710,27,5,me_forodwaith,me_northern_wastes_region,b5cac6,no
4909,me_land_4869,Land 4869,land,253,127,0.2473118,0.2485323,18,1,me_eriador,me_lindon_region,54023f,no
4910,me_land_4870,Land 4870,land,472,183,0.4613881,0.3581213,26,1,me_eriador,me_shire_breeland_region,f239b8,no
4911,me_land_4871,Land 4871,land,527,183,0.5151515,0.3581213,27,1,me_rhovanion,me_anduin_vale_region,907131,no
4912,me_land_4872,Land 4872,land,383,443,0.3743891,0.8669276,24,10,me_harad,me_umbar_region,2ea8aa,no
4913,me_land_4873,Land 4873,land,247,197,0.2414467,0.3855186,33,1,me_eriador,me_lindon_region,cce023,no
4914,me_land_4874,Land 4874,land,282,31,0.2756598,0.0606654,66,5,me_forodwaith,me_forochel_region,6b179c,no
4915,me_land_4875,Land 4875,land,829,147,0.8103617,0.2876712,39,9,me_mordor_and_rhun,me_rhun_region,094f15,no
4916,me_land_4876,Land 4876,land,795,336,0.7771261,0.6575342,32,8,me_mordor_and_rhun,me_mordor_region,a7868e,no
4917,me_land_4877,Land 4877,land,733,121,0.7165200,0.2367906,87,1,me_mordor_and_rhun,me_rhun_region,45be07,no
4918,me_land_4878,Land 4878,land,717,461,0.7008798,0.9021526,95,10,me_harad,me_near_harad_region,e3f580,no
4919,me_land_4879,Land 4879,land,645,437,0.6304985,0.8551859,47,10,me_harad,me_near_harad_region,822cf9,no
4920,me_land_4880,Land 4880,land,563,131,0.5503421,0.2563601,22,1,me_rhovanion,me_grey_mountains_region,206472,no
4921,me_land_4881,Land 4881,land,679,151,0.6637341,0.2954990,19,1,me_rhovanion,me_dale_region,be9beb,no
4922,me_land_4882,Land 4882,land,327,94,0.3196481,0.1839530,54,5,me_forodwaith,me_forochel_region,5cd364,no
4923,me_land_4883,Land 4883,land,504,39,0.4926686,0.0763209,46,5,me_forodwaith,me_angmar_region,fb0add,no
4924,me_land_4884,Land 4884,land,670,62,0.6549365,0.1213307,111,5,me_forodwaith,me_northern_wastes_region,994256,no
4925,me_land_4885,Land 4885,land,644,286,0.6295210,0.5596869,40,9,me_rhovanion,me_mirkwood_region,3779cf,no
4926,me_land_4886,Land 4886,land,378,332,0.3695015,0.6497065,18,1,me_eriador,me_enedwaith_region,d5b148,no
4927,me_land_4887,Land 4887,land,572,150,0.5591398,0.2935421,58,3,me_rhovanion,me_mirkwood_region,73e8c1,no
4928,me_land_4888,Land 4888,land,882,183,0.8621701,0.3581213,28,9,me_mordor_and_rhun,me_rhun_region,12203a,no
4929,me_land_4889,Land 4889,land,727,182,0.7106549,0.3561644,57,9,me_mordor_and_rhun,me_rhun_region,b057b3,no
4930,me_land_4890,Land 4890,land,875,369,0.8553275,0.7221135,51,1,me_mordor_and_rhun,me_mordor_region,4e8f2c,no
4931,me_land_4891,Land 4891,land,726,437,0.7096774,0.8551859,38,10,me_harad,me_near_harad_region,ecc6a5,no
4932,me_land_4892,Land 4892,land,890,301,0.8699902,0.5890411,33,9,me_mordor_and_rhun,me_mordor_region,8afe1e,no
4933,me_land_4893,Land 4893,land,434,256,0.4242424,0.5009785,24,1,me_eriador,me_enedwaith_region,293597,no
4934,me_land_4894,Land 4894,land,927,207,0.9061584,0.4050881,33,1,me_mordor_and_rhun,me_rhun_region,c76d10,no
4935,me_land_4895,Land 4895,land,623,397,0.6089932,0.7769080,34,1,me_gondor,me_south_gondor_region,65a489,no
4936,me_land_4896,Land 4896,land,203,151,0.1984360,0.2954990,70,1,me_eriador,me_lindon_region,03dc02,no
4937,me_land_4897,Land 4897,land,564,481,0.5513196,0.9412916,22,10,me_harad,me_far_harad_region,a2137b,no
4938,me_land_4898,Land 4898,land,848,265,0.8289345,0.5185910,28,9,me_mordor_and_rhun,me_rhun_region,404af4,no
4939,me_land_4899,Land 4899,land,589,454,0.5757576,0.8884540,62,10,me_harad,me_near_harad_region,de826d,no
4940,me_land_4900,Land 4900,land,307,115,0.3000978,0.2250489,48,5,me_forodwaith,me_forochel_region,7cb9e6,no
4941,me_land_4901,Land 4901,land,296,139,0.2893451,0.2720157,29,1,me_eriador,me_lindon_region,1af15f,no
4942,me_land_4902,Land 4902,land,614,202,0.6001955,0.3953033,58,3,me_rhovanion,me_dale_region,b928d8,no
4943,me_land_4903,Land 4903,land,734,146,0.7174976,0.2857143,30,9,me_mordor_and_rhun,me_rhun_region,576051,no
4944,me_land_4904,Land 4904,land,860,219,0.8406647,0.4285714,32,9,me_mordor_and_rhun,me_rhun_region,f597ca,no
4945,me_land_4905,Land 4905,land,305,327,0.2981427,0.6399217,18,1,me_eriador,me_enedwaith_region,93cf43,no
4946,me_land_4906,Land 4906,land,417,111,0.4076246,0.2172211,94,5,me_forodwaith,me_angmar_region,3206bc,no
4947,me_land_4907,Land 4907,land,630,291,0.6158358,0.5694716,26,9,me_rhovanion,me_brown_lands_region,d03e35,no
4948,me_land_4908,Land 4908,land,225,175,0.2199413,0.3424658,22,1,me_eriador,me_lindon_region,6e75ae,no
4949,me_land_4909,Land 4909,land,551,391,0.5386119,0.7651663,24,1,me_gondor,me_lebennin_region,0cad27,no
4950,me_land_4910,Land 4910,land,817,267,0.7986315,0.5225049,57,9,me_mordor_and_rhun,me_rhun_region,aae4a0,no
4951,me_land_4911,Land 4911,land,522,451,0.5102639,0.8825832,27,10,me_harad,me_umbar_region,491c19,no
4952,me_land_4912,Land 4912,land,697,431,0.6813294,0.8434442,71,10,me_harad,me_near_harad_region,e75392,no
4953,me_land_4913,Land 4913,land,463,255,0.4525904,0.4990215,29,1,me_eriador,me_enedwaith_region,858b0b,no
4954,me_land_4914,Land 4914,land,441,207,0.4310850,0.4050881,20,1,me_eriador,me_shire_breeland_region,23c284,no
4955,me_land_4915,Land 4915,land,457,481,0.4467253,0.9412916,35,10,me_harad,me_umbar_region,c1f9fd,no
4956,me_land_4916,Land 4916,land,884,320,0.8641251,0.6262231,32,1,me_mordor_and_rhun,me_mordor_region,603176,no
4957,me_land_4917,Land 4917,land,875,187,0.8553275,0.3659491,33,9,me_mordor_and_rhun,me_rhun_region,fe68ef,no
4958,me_land_4918,Land 4918,land,853,190,0.8338221,0.3718200,71,9,me_mordor_and_rhun,me_rhun_region,9ca068,no
4959,me_land_4919,Land 4919,land,672,470,0.6568915,0.9197652,78,10,me_harad,me_near_harad_region,3ad7e1,no
4960,me_land_4920,Land 4920,land,431,266,0.4213099,0.5205479,24,1,me_eriador,me_enedwaith_region,d90f5a,no
4961,me_land_4921,Land 4921,land,890,166,0.8699902,0.3248532,38,9,me_mordor_and_rhun,me_rhun_region,7746d3,no
4962,me_land_4922,Land 4922,land,383,332,0.3743891,0.6497065,31,1,me_eriador,me_enedwaith_region,157e4c,no
4963,me_land_4923,Land 4923,land,492,491,0.4809384,0.9608611,84,10,me_harad,me_umbar_region,b3b5c5,no
4964,me_land_4924,Land 4924,land,776,80,0.7585533,0.1565558,77,5,me_forodwaith,me_northern_wastes_region,51ed3e,no
4965,me_land_4925,Land 4925,land,819,466,0.8005865,0.9119374,80,10,me_harad,me_near_harad_region,f024b7,no
4966,me_land_4926,Land 4926,land,751,175,0.7341153,0.3424658,58,9,me_mordor_and_rhun,me_rhun_region,8e5c30,no
4967,me_land_4927,Land 4927,land,596,87,0.5826002,0.1702544,104,5,me_forodwaith,me_northern_wastes_region,2c93a9,no
4968,me_land_4928,Land 4928,land,911,306,0.8905181,0.5988258,69,9,me_mordor_and_rhun,me_mordor_region,cacb22,no
4969,me_land_4929,Land 4929,land,555,271,0.5425220,0.5303327,27,1,me_rhovanion,me_mirkwood_region,69029b,no
4970,me_land_4930,Land 4930,land,650,260,0.6353861,0.5088063,90,3,me_rhovanion,me_mirkwood_region,073a14,no
4971,me_land_4931,Land 4931,land,667,214,0.6520039,0.4187867,35,3,me_rhovanion,me_dale_region,a5718d,no
4972,me_land_4932,Land 4932,land,286,252,0.2795699,0.4931507,38,1,me_eriador,me_lindon_region,43a906,no
4973,me_land_4933,Land 4933,land,841,341,0.8220919,0.6673190,29,1,me_mordor_and_rhun,me_mordor_region,e1e07f,no
4974,me_land_4934,Land 4934,land,890,206,0.8699902,0.4031311,56,9,me_mordor_and_rhun,me_rhun_region,8017f8,no
4975,me_land_4935,Land 4935,land,375,174,0.3665689,0.3405088,24,1,me_eriador,me_north_arnor_region,1e4f71,no
4976,me_land_4936,Land 4936,land,434,54,0.4242424,0.1056751,130,5,me_forodwaith,me_angmar_region,bc86ea,no
4977,me_land_4937,Land 4937,land,382,280,0.3734115,0.5479452,24,1,me_eriador,me_enedwaith_region,5abe63,no
4978,me_land_4938,Land 4938,land,342,238,0.3343109,0.4657534,28,1,me_eriador,me_shire_breeland_region,f8f5dc,no
4979,me_land_4939,Land 4939,land,474,235,0.4633431,0.4598826,20,1,me_eriador,me_shire_breeland_region,972d55,no
4980,me_land_4940,Land 4940,land,803,275,0.7849462,0.5381605,46,9,me_mordor_and_rhun,me_rhun_region,3564ce,no
4981,me_land_4941,Land 4941,land,518,429,0.5063539,0.8395303,27,10,me_harad,me_umbar_region,d39c47,no
4982,me_land_4942,Land 4942,land,813,265,0.7947214,0.5185910,64,9,me_mordor_and_rhun,me_rhun_region,71d3c0,no
4983,me_land_4943,Land 4943,land,336,142,0.3284457,0.2778865,47,1,me_eriador,me_north_arnor_region,100b39,no
4984,me_land_4944,Land 4944,land,879,310,0.8592375,0.6066536,44,9,me_mordor_and_rhun,me_mordor_region,ae42b2,no
4985,me_land_4945,Land 4945,land,800,78,0.7820137,0.1526419,87,5,me_forodwaith,me_northern_wastes_region,4c7a2b,no
4986,me_land_4946,Land 4946,land,325,36,0.3176931,0.0704501,80,5,me_forodwaith,me_forochel_region,eab1a4,no
4987,me_land_4947,Land 4947,land,744,164,0.7272727,0.3209393,44,9,me_mordor_and_rhun,me_rhun_region,88e91d,no
4988,me_land_4948,Land 4948,land,288,221,0.2815249,0.4324853,27,1,me_eriador,me_lindon_region,272096,no
4989,me_land_4949,Land 4949,land,815,408,0.7966764,0.7984344,31,1,me_mordor_and_rhun,me_mordor_region,c5580f,no
4990,me_land_4950,Land 4950,land,801,142,0.7829912,0.2778865,48,9,me_mordor_and_rhun,me_rhun_region,638f88,no
4991,me_land_4951,Land 4951,land,320,72,0.3128055,0.1409002,44,5,me_forodwaith,me_forochel_region,01c701,no
4992,me_land_4952,Land 4952,land,817,255,0.7986315,0.4990215,18,9,me_mordor_and_rhun,me_rhun_region,9ffe7a,no
4993,me_land_4953,Land 4953,land,579,489,0.5659824,0.9569472,105,10,me_harad,me_far_harad_region,3e35f3,no
4994,me_land_4954,Land 4954,land,730,495,0.7135875,0.9686888,71,10,me_harad,me_far_harad_region,dc6d6c,no
4995,me_land_4955,Land 4955,land,331,299,0.3235582,0.5851272,51,1,me_eriador,me_enedwaith_region,7aa4e5,no
4996,me_land_4956,Land 4956,land,579,207,0.5659824,0.4050881,16,3,me_rhovanion,me_mirkwood_region,18dc5e,no
4997,me_land_4957,Land 4957,land,390,174,0.3812317,0.3405088,28,1,me_eriador,me_north_arnor_region,b713d7,no
4998,me_land_4958,Land 4958,land,673,192,0.6578690,0.3757339,28,3,me_rhovanion,me_dale_region,554b50,no
4999,me_land_4959,Land 4959,land,868,290,0.8484848,0.5675147,29,9,me_mordor_and_rhun,me_rhun_region,f382c9,no
5000,me_land_4960,Land 4960,land,562,227,0.5493646,0.4442270,23,3,me_rhovanion,me_mirkwood_region,91ba42,no
5001,me_land_4961,Land 4961,land,290,176,0.2834800,0.3444227,30,1,me_eriador,me_lindon_region,2ff1bb,no
5002,me_land_4962,Land 4962,land,562,373,0.5493646,0.7299413,33,1,me_rhovanion,me_rohan_region,ce2934,no
5003,me_land_4963,Land 4963,land,330,103,0.3225806,0.2015656,45,5,me_forodwaith,me_forochel_region,6c60ad,no
5004,me_land_4964,Land 4964,land,751,127,0.7341153,0.2485323,59,1,me_mordor_and_rhun,me_rhun_region,0a9826,no
5005,me_land_4965,Land 4965,land,811,186,0.7927664,0.3639922,37,9,me_mordor_and_rhun,me_rhun_region,a8cf9f,no
5006,me_land_4966,Land 4966,land,237,207,0.2316716,0.4050881,28,1,me_eriador,me_lindon_region,470718,no
5007,me_land_4967,Land 4967,land,660,381,0.6451613,0.7455969,48,2,me_gondor,me_ithilien_region,e53e91,no
5008,me_land_4968,Land 4968,land,638,116,0.6236559,0.2270059,75,5,me_forodwaith,me_northern_wastes_region,83760a,no
5009,me_land_4969,Land 4969,land,904,245,0.8836755,0.4794521,30,9,me_mordor_and_rhun,me_rhun_region,21ad83,no
5010,me_land_4970,Land 4970,land,708,322,0.6920821,0.6301370,70,8,me_mordor_and_rhun,me_mordor_region,bfe4fc,no
5011,me_land_4971,Land 4971,land,456,428,0.4457478,0.8375734,25,10,me_harad,me_umbar_region,5e1c75,no
5012,me_land_4972,Land 4972,land,255,271,0.2492669,0.5303327,46,1,me_eriador,me_lindon_region,fc53ee,no
5013,me_land_4973,Land 4973,land,369,87,0.3607038,0.1702544,77,5,me_forodwaith,me_forochel_region,9a8b67,no
5014,me_land_4974,Land 4974,land,613,231,0.5992180,0.4520548,32,3,me_rhovanion,me_mirkwood_region,38c2e0,no
5015,me_land_4975,Land 4975,land,764,479,0.7468231,0.9373777,75,10,me_harad,me_near_harad_region,d6fa59,no
5016,me_land_4976,Land 4976,land,367,112,0.3587488,0.2191781,53,5,me_forodwaith,me_forochel_region,13694b,no
5017,me_land_4977,Land 4977,land,838,100,0.8191593,0.1956947,39,1,me_forodwaith,me_northern_wastes_region,b1a0c4,no
5018,me_land_4978,Land 4978,land,334,259,0.3264907,0.5068493,31,1,me_eriador,me_enedwaith_region,4fd83d,no
5019,me_land_4979,Land 4979,land,365,33,0.3567937,0.0645793,94,5,me_forodwaith,me_forochel_region,ee0fb6,no
5020,me_land_4980,Land 4980,land,287,159,0.2805474,0.3111546,51,1,me_eriador,me_lindon_region,8c472f,no
5021,me_land_4981,Land 4981,land,664,141,0.6490714,0.2759295,26,1,me_rhovanion,me_dale_region,2a7ea8,no
5022,me_land_4982,Land 4982,land,303,297,0.2961877,0.5812133,33,1,me_eriador,me_enedwaith_region,c8b621,no
5023,me_land_4983,Land 4983,land,837,250,0.8181818,0.4892368,50,9,me_mordor_and_rhun,me_rhun_region,66ed9a,no
5024,me_land_4984,Land 4984,land,789,304,0.7712610,0.5949119,25,9,me_mordor_and_rhun,me_mordor_region,052513,no
5025,me_land_4985,Land 4985,land,610,428,0.5962854,0.8375734,37,10,me_harad,me_near_harad_region,a35c8c,no
5026,me_land_4986,Land 4986,land,790,379,0.7722385,0.7416830,44,8,me_mordor_and_rhun,me_mordor_region,419405,no
5027,me_land_4987,Land 4987,land,674,439,0.6588465,0.8590998,68,10,me_harad,me_near_harad_region,dfcb7e,no
5028,me_land_4988,Land 4988,land,412,202,0.4027370,0.3953033,29,1,me_eriador,me_shire_breeland_region,7e02f7,no
5029,me_land_4989,Land 4989,land,824,335,0.8054741,0.6555773,25,1,me_mordor_and_rhun,me_mordor_region,1c3a70,no
5030,me_land_4990,Land 4990,land,375,328,0.3665689,0.6418787,48,1,me_eriador,me_enedwaith_region,ba71e9,no
5031,me_land_4991,Land 4991,land,226,218,0.2209189,0.4266145,45,1,me_eriador,me_lindon_region,58a962,no
5032,me_land_4992,Land 4992,land,882,200,0.8621701,0.3913894,36,9,me_mordor_and_rhun,me_rhun_region,f6e0db,no
5033,me_land_4993,Land 4993,land,397,294,0.3880743,0.5753425,24,1,me_eriador,me_enedwaith_region,951854,no
5034,me_land_4994,Land 4994,land,846,244,0.8269795,0.4774951,16,9,me_mordor_and_rhun,me_rhun_region,334fcd,no
5035,me_land_4995,Land 4995,land,598,365,0.5845552,0.7142857,30,1,me_rhovanion,me_rohan_region,d18746,no
5036,me_land_4996,Land 4996,land,743,300,0.7262952,0.5870841,52,9,me_mordor_and_rhun,me_mordor_region,6fbebf,no
5037,me_land_4997,Land 4997,land,579,96,0.5659824,0.1878669,86,5,me_forodwaith,me_northern_wastes_region,0df638,no
5038,me_land_4998,Land 4998,land,352,79,0.3440860,0.1545988,160,5,me_forodwaith,me_forochel_region,ac2db1,no
5039,me_land_4999,Land 4999,land,393,315,0.3841642,0.6164384,41,1,me_eriador,me_enedwaith_region,4a652a,no
5040,me_land_5000,Land 5000,land,450,213,0.4398827,0.4168297,29,1,me_eriador,me_shire_breeland_region,e89ca3,no
5041,me_land_5001,Land 5001,land,666,196,0.6510264,0.3835616,33,3,me_rhovanion,me_dale_region,86d41c,no
5042,me_land_5002,Land 5002,land,802,283,0.7839687,0.5538160,46,9,me_mordor_and_rhun,me_rhun_region,250b95,no
5043,me_land_5003,Land 5003,land,697,182,0.6813294,0.3561644,51,1,me_mordor_and_rhun,me_rhun_region,c3430e,no
5044,me_land_5004,Land 5004,land,723,221,0.7067449,0.4324853,41,9,me_mordor_and_rhun,me_rhun_region,617a87,no
5045,me_land_5005,Land 5005,land,428,356,0.4183773,0.6966732,31,1,me_gondor,me_belfalas_region,ffb200,no
5046,me_land_5006,Land 5006,land,338,129,0.3304008,0.2524462,32,1,me_eriador,me_north_arnor_region,9de979,no
5047,me_land_5007,Land 5007,land,366,259,0.3577713,0.5068493,34,1,me_eriador,me_enedwaith_region,3c20f2,no
5048,me_land_5008,Land 5008,land,624,258,0.6099707,0.5048924,42,3,me_rhovanion,me_mirkwood_region,da586b,no
5049,me_land_5009,Land 5009,land,757,57,0.7399804,0.1115460,87,5,me_forodwaith,me_northern_wastes_region,788fe4,no
5050,me_land_5010,Land 5010,land,710,356,0.6940371,0.6966732,28,8,me_mordor_and_rhun,me_mordor_region,16c75d,no
5051,me_land_5011,Land 5011,land,898,302,0.8778104,0.5909980,38,9,me_mordor_and_rhun,me_mordor_region,b4fed6,no
5052,me_land_5012,Land 5012,land,489,235,0.4780059,0.4598826,38,1,me_eriador,me_shire_breeland_region,53364f,no
5053,me_land_5013,Land 5013,land,564,179,0.5513196,0.3502935,29,3,me_rhovanion,me_mirkwood_region,f16dc8,no
5054,me_land_5014,Land 5014,land,449,136,0.4389052,0.2661448,24,1,me_eriador,me_north_arnor_region,8fa541,no
5055,me_land_5015,Land 5015,land,454,227,0.4437928,0.4442270,19,1,me_eriador,me_shire_breeland_region,2ddcba,no
5056,me_land_5016,Land 5016,land,438,471,0.4281525,0.9217221,55,10,me_harad,me_umbar_region,cc1433,no
5057,me_land_5017,Land 5017,land,308,248,0.3010753,0.4853229,28,1,me_eriador,me_shire_breeland_region,6a4bac,no
5058,me_land_5018,Land 5018,land,567,241,0.5542522,0.4716243,24,3,me_rhovanion,me_mirkwood_region,088325,no
5059,me_land_5019,Land 5019,land,780,328,0.7624633,0.6418787,39,8,me_mordor_and_rhun,me_mordor_region,a6ba9e,no
5060,me_land_5020,Land 5020,land,258,304,0.2521994,0.5949119,31,1,me_eriador,me_lindon_region,44f217,no
5061,me_land_5021,Land 5021,land,620,225,0.6060606,0.4403131,19,3,me_rhovanion,me_mirkwood_region,e32990,no
5062,me_land_5022,Land 5022,land,779,95,0.7614858,0.1859100,32,5,me_forodwaith,me_northern_wastes_region,816109,no
5063,me_land_5023,Land 5023,land,223,199,0.2179863,0.3894325,44,1,me_eriador,me_lindon_region,1f9882,no
5064,me_land_5024,Land 5024,land,402,433,0.3929619,0.8473581,29,10,me_harad,me_umbar_region,bdcffb,no
5065,me_land_5025,Land 5025,land,423,38,0.4134897,0.0743640,75,5,me_forodwaith,me_angmar_region,5c0774,no
5066,me_land_5026,Land 5026,land,534,111,0.5219941,0.2172211,69,5,me_forodwaith,me_angmar_region,fa3eed,no
5067,me_land_5027,Land 5027,land,351,302,0.3431085,0.5909980,43,1,me_eriador,me_enedwaith_region,987666,no
5068,me_land_5028,Land 5028,land,823,321,0.8044966,0.6281800,34,1,me_mordor_and_rhun,me_mordor_region,36addf,no
5069,me_land_5029,Land 5029,land,453,51,0.4428152,0.0998043,122,5,me_forodwaith,me_angmar_region,d4e558,no
5070,me_land_5030,Land 5030,land,800,287,0.7820137,0.5616438,34,9,me_mordor_and_rhun,me_rhun_region,731cd1,no
5071,me_land_5031,Land 5031,land,371,183,0.3626588,0.3581213,19,1,me_eriador,me_shire_breeland_region,11544a,no
5072,me_land_5032,Land 5032,land,737,190,0.7204301,0.3718200,66,9,me_mordor_and_rhun,me_rhun_region,af8bc3,no
5073,me_land_5033,Land 5033,land,638,238,0.6236559,0.4657534,75,3,me_rhovanion,me_mirkwood_region,4dc33c,no
5074,me_land_5034,Land 5034,land,820,106,0.8015640,0.2074364,39,1,me_forodwaith,me_northern_wastes_region,ebfab5,no
5075,me_land_5035,Land 5035,land,845,369,0.8260020,0.7221135,29,1,me_mordor_and_rhun,me_mordor_region,8a322e,no
5076,me_land_5036,Land 5036,land,286,138,0.2795699,0.2700587,42,1,me_eriador,me_lindon_region,2869a7,no
5077,me_land_5037,Land 5037,land,212,112,0.2072336,0.2191781,28,5,me_forodwaith,me_forochel_region,c6a120,no
5078,me_land_5038,Land 5038,land,772,118,0.7546432,0.2309198,56,5,me_forodwaith,me_northern_wastes_region,64d899,no
5079,me_land_5039,Land 5039,land,672,184,0.6568915,0.3600783,25,3,me_rhovanion,me_dale_region,031012,no
5080,me_land_5040,Land 5040,land,511,183,0.4995112,0.3581213,18,1,me_eriador,me_enedwaith_region,a1478b,no
5081,me_land_5041,Land 5041,land,418,260,0.4086022,0.5088063,33,1,me_eriador,me_enedwaith_region,3f7f04,no
5082,me_land_5042,Land 5042,land,848,406,0.8289345,0.7945205,34,1,me_mordor_and_rhun,me_mordor_region,ddb67d,no
5083,me_land_5043,Land 5043,land,798,99,0.7800587,0.1937378,66,5,me_forodwaith,me_northern_wastes_region,7bedf6,no
5084,me_land_5044,Land 5044,land,406,197,0.3968719,0.3855186,22,1,me_eriador,me_shire_breeland_region,1a256f,no
5085,me_land_5045,Land 5045,land,774,317,0.7565982,0.6203523,20,8,me_mordor_and_rhun,me_mordor_region,b85ce8,no
5086,me_land_5046,Land 5046,land,670,405,0.6549365,0.7925636,20,1,me_gondor,me_south_gondor_region,569461,no
5087,me_land_5047,Land 5047,land,593,203,0.5796676,0.3972603,62,3,me_rhovanion,me_mirkwood_region,f4cbda,no
5088,me_land_5048,Land 5048,land,492,419,0.4809384,0.8199609,20,1,me_gondor,me_belfalas_region,930353,no
5089,me_land_5049,Land 5049,land,735,483,0.7184751,0.9452055,65,10,me_harad,me_far_harad_region,313acc,no
5090,me_land_5050,Land 5050,land,783,380,0.7653959,0.7436399,30,8,me_mordor_and_rhun,me_mordor_region,cf7245,no
5091,me_land_5051,Land 5051,land,840,351,0.8211144,0.6868885,31,1,me_mordor_and_rhun,me_mordor_region,6da9be,no
5092,me_land_5052,Land 5052,land,465,240,0.4545455,0.4696673,23,1,me_eriador,me_shire_breeland_region,0be137,no
5093,me_land_5053,Land 5053,land,787,441,0.7693060,0.8630137,97,10,me_harad,me_near_harad_region,aa18b0,no
5094,me_land_5054,Land 5054,land,486,398,0.4750733,0.7788650,32,1,me_gondor,me_belfalas_region,485029,no
5095,me_land_5055,Land 5055,land,762,73,0.7448680,0.1428571,37,5,me_forodwaith,me_northern_wastes_region,e687a2,no
5096,me_land_5056,Land 5056,land,855,419,0.8357771,0.8199609,25,1,me_mordor_and_rhun,me_mordor_region,84bf1b,no
5097,me_land_5057,Land 5057,land,644,282,0.6295210,0.5518591,40,9,me_rhovanion,me_mirkwood_region,22f694,no
5098,me_land_5058,Land 5058,land,443,356,0.4330401,0.6966732,36,1,me_gondor,me_belfalas_region,c12e0d,no
5099,me_land_5059,Land 5059,land,379,476,0.3704790,0.9315068,32,10,me_harad,me_umbar_region,5f6586,no
5100,me_land_5060,Land 5060,land,611,327,0.5972630,0.6399217,40,1,me_rhovanion,me_rohan_region,fd9cff,no
5101,me_land_5061,Land 5061,land,350,419,0.3421310,0.8199609,48,1,me_gondor,me_belfalas_region,9bd478,no
5102,me_land_5062,Land 5062,land,492,477,0.4809384,0.9334638,32,10,me_harad,me_umbar_region,3a0bf1,no
5103,me_land_5063,Land 5063,land,551,343,0.5386119,0.6712329,27,1,me_rhovanion,me_rohan_region,d8436a,no
5104,me_land_5064,Land 5064,land,298,164,0.2913001,0.3209393,24,1,me_eriador,me_north_arnor_region,767ae3,no
5105,me_land_5065,Land 5065,land,398,305,0.3890518,0.5968689,45,1,me_eriador,me_enedwaith_region,14b25c,no
5106,me_land_5066,Land 5066,land,534,176,0.5219941,0.3444227,22,1,me_rhovanion,me_anduin_vale_region,b2e9d5,no
5107,me_land_5067,Land 5067,land,441,440,0.4310850,0.8610568,37,10,me_harad,me_umbar_region,51214e,no
5108,me_land_5068,Land 5068,land,329,413,0.3216031,0.8082192,27,1,me_gondor,me_belfalas_region,ef58c7,no
5109,me_land_5069,Land 5069,land,685,399,0.6695992,0.7808219,32,1,me_mordor_and_rhun,me_mordor_region,8d9040,no
5110,me_land_5070,Land 5070,land,567,468,0.5542522,0.9158513,53,10,me_harad,me_near_harad_region,2bc7b9,no
5111,me_land_5071,Land 5071,land,632,164,0.6177908,0.3209393,21,3,me_rhovanion,me_dale_region,c9ff32,no
5112,me_land_5072,Land 5072,land,777,422,0.7595308,0.8258317,59,1,me_mordor_and_rhun,me_khand_region,6836ab,no
5113,me_land_5073,Land 5073,land,220,99,0.2150538,0.1937378,77,5,me_forodwaith,me_forochel_region,066e24,no
5114,me_land_5074,Land 5074,land,612,338,0.5982405,0.6614481,27,1,me_rhovanion,me_rohan_region,a4a59d,no
5115,me_land_5075,Land 5075,land,269,275,0.2629521,0.5381605,34,1,me_eriador,me_lindon_region,42dd16,no
5116,me_land_5076,Land 5076,land,886,211,0.8660802,0.4129159,45,9,me_mordor_and_rhun,me_rhun_region,e1148f,no
5117,me_land_5077,Land 5077,land,560,326,0.5474096,0.6379648,45,1,me_rhovanion,me_rohan_region,7f4c08,no
5118,me_land_5078,Land 5078,land,357,101,0.3489736,0.1976517,86,5,me_forodwaith,me_forochel_region,1d8381,no
5119,me_land_5079,Land 5079,land,839,171,0.8201369,0.3346380,33,9,me_mordor_and_rhun,me_rhun_region,bbbafa,no
5120,me_land_5080,Land 5080,land,339,289,0.3313783,0.5655577,34,1,me_eriador,me_enedwaith_region,59f273,no
5121,me_land_5081,Land 5081,land,616,316,0.6021505,0.6183953,40,9,me_rhovanion,me_rohan_region,f829ec,no
5122,me_land_5082,Land 5082,land,696,171,0.6803519,0.3346380,39,1,me_mordor_and_rhun,me_rhun_region,966165,no
5123,me_land_5083,Land 5083,land,338,249,0.3304008,0.4872798,32,1,me_eriador,me_shire_breeland_region,3498de,no
5124,me_land_5084,Land 5084,land,582,242,0.5689150,0.4735812,37,3,me_rhovanion,me_mirkwood_region,d2d057,no
5125,me_land_5085,Land 5085,land,410,271,0.4007820,0.5303327,29,1,me_eriador,me_enedwaith_region,7107d0,no
5126,me_land_5086,Land 5086,land,591,460,0.5777126,0.9001957,88,10,me_harad,me_near_harad_region,0f3f49,no
5127,me_land_5087,Land 5087,land,703,46,0.6871945,0.0900196,59,5,me_forodwaith,me_northern_wastes_region,ad76c2,no
5128,me_land_5088,Land 5088,land,744,151,0.7272727,0.2954990,40,9,me_mordor_and_rhun,me_rhun_region,4bae3b,no
5129,me_land_5089,Land 5089,land,440,69,0.4301075,0.1350294,76,5,me_forodwaith,me_angmar_region,e9e5b4,no
5130,me_land_5090,Land 5090,land,459,216,0.4486804,0.4227006,39,1,me_eriador,me_shire_breeland_region,881d2d,no
5131,me_land_5091,Land 5091,land,729,206,0.7126100,0.4031311,54,9,me_mordor_and_rhun,me_rhun_region,2654a6,no
5132,me_land_5092,Land 5092,land,780,405,0.7624633,0.7925636,23,1,me_mordor_and_rhun,me_mordor_region,c48c1f,no
5133,me_land_5093,Land 5093,land,579,55,0.5659824,0.1076321,96,5,me_forodwaith,me_northern_wastes_region,62c398,no
5134,me_land_5094,Land 5094,land,918,292,0.8973607,0.5714286,26,9,me_mordor_and_rhun,me_mordor_region,00fb11,no
5135,me_land_5095,Land 5095,land,361,119,0.3528837,0.2328767,34,1,me_forodwaith,me_forochel_region,9f328a,no
5136,me_land_5096,Land 5096,land,343,220,0.3352884,0.4305284,35,1,me_eriador,me_shire_breeland_region,3d6a03,no
5137,me_land_5097,Land 5097,land,290,114,0.2834800,0.2230920,109,5,me_forodwaith,me_forochel_region,dba17c,no
5138,me_land_5098,Land 5098,land,392,73,0.3831867,0.1428571,84,5,me_forodwaith,me_angmar_region,79d8f5,no
5139,me_land_5099,Land 5099,land,539,236,0.5268817,0.4618395,27,1,me_rhovanion,me_anduin_vale_region,18106e,no
5140,me_land_5100,Land 5100,land,686,241,0.6705767,0.4716243,23,1,me_mordor_and_rhun,me_rhun_region,b647e7,no
5141,me_land_5101,Land 5101,land,578,125,0.5650049,0.2446184,31,1,me_rhovanion,me_grey_mountains_region,547f60,no
5142,me_land_5102,Land 5102,land,390,477,0.3812317,0.9334638,38,10,me_harad,me_umbar_region,f2b6d9,no
5143,me_land_5103,Land 5103,land,531,324,0.5190616,0.6340509,31,3,me_rhovanion,me_rohan_region,90ee52,no
5144,me_land_5104,Land 5104,land,664,466,0.6490714,0.9119374,53,10,me_harad,me_near_harad_region,2f25cb,no
5145,me_land_5105,Land 5105,land,447,352,0.4369501,0.6888454,42,1,me_gondor,me_belfalas_region,cd5d44,no
5146,me_land_5106,Land 5106,land,567,39,0.5542522,0.0763209,37,5,me_forodwaith,me_northern_wastes_region,6b94bd,no
5147,me_land_5107,Land 5107,land,632,338,0.6177908,0.6614481,28,1,me_gondor,me_anorien_region,09cc36,no
5148,me_land_5108,Land 5108,land,432,325,0.4222874,0.6360078,30,1,me_eriador,me_enedwaith_region,a803af,no
5149,me_land_5109,Land 5109,land,857,406,0.8377322,0.7945205,18,1,me_mordor_and_rhun,me_mordor_region,463b28,no
5150,me_land_5110,Land 5110,land,651,360,0.6363636,0.7045010,72,2,me_gondor,me_anorien_region,e472a1,no
5151,me_land_5111,Land 5111,land,650,295,0.6353861,0.5772994,38,9,me_rhovanion,me_brown_lands_region,82aa1a,no
5152,me_land_5112,Land 5112,land,220,40,0.2150538,0.0782779,78,5,me_forodwaith,me_forochel_region,20e193,no
5153,me_land_5113,Land 5113,land,351,32,0.3431085,0.0626223,56,5,me_forodwaith,me_forochel_region,bf190c,no
5154,me_land_5114,Land 5114,land,912,264,0.8914956,0.5166341,30,9,me_mordor_and_rhun,me_rhun_region,5d5085,no
5155,me_land_5115,Land 5115,land,389,341,0.3802542,0.6673190,32,1,me_gondor,me_belfalas_region,fb87fe,no
5156,me_land_5116,Land 5116,land,253,262,0.2473118,0.5127202,50,1,me_eriador,me_lindon_region,99bf77,no
5157,me_land_5117,Land 5117,land,864,394,0.8445748,0.7710372,36,1,me_mordor_and_rhun,me_mordor_region,37f6f0,no
5158,me_land_5118,Land 5118,land,403,354,0.3939394,0.6927593,20,1,me_gondor,me_belfalas_region,d62e69,no
5159,me_land_5119,Land 5119,land,633,282,0.6187683,0.5518591,41,9,me_rhovanion,me_mirkwood_region,7465e2,no
5160,me_land_5120,Land 5120,land,467,119,0.4565005,0.2328767,59,1,me_forodwaith,me_angmar_region,129d5b,no
5161,me_land_5121,Land 5121,land,733,223,0.7165200,0.4363992,43,9,me_mordor_and_rhun,me_rhun_region,b0d4d4,no
5162,me_land_5122,Land 5122,land,632,190,0.6177908,0.3718200,34,3,me_rhovanion,me_dale_region,4f0c4d,no
5163,me_land_5123,Land 5123,land,631,181,0.6168133,0.3542074,44,3,me_rhovanion,me_dale_region,ed43c6,no
5164,me_land_5124,Land 5124,land,340,115,0.3323558,0.2250489,78,5,me_forodwaith,me_forochel_region,8b7b3f,no
5165,me_land_5125,Land 5125,land,364,465,0.3558162,0.9099804,64,10,me_harad,me_umbar_region,29b2b8,no
5166,me_land_5126,Land 5126,land,877,349,0.8572825,0.6829746,30,1,me_mordor_and_rhun,me_mordor_region,c7ea31,no
5167,me_land_5127,Land 5127,land,398,231,0.3890518,0.4520548,28,1,me_eriador,me_shire_breeland_region,6621aa,no
5168,me_land_5128,Land 5128,land,903,306,0.8826979,0.5988258,35,9,me_mordor_and_rhun,me_mordor_region,045923,no
5169,me_land_5129,Land 5129,land,243,254,0.2375367,0.4970646,49,1,me_eriador,me_lindon_region,a2909c,no
5170,me_land_5130,Land 5130,land,561,274,0.5483871,0.5362035,19,1,me_rhovanion,me_mirkwood_region,40c815,no
5171,me_land_5131,Land 5131,land,649,456,0.6344086,0.8923679,66,10,me_harad,me_near_harad_region,deff8e,no
5172,me_land_5132,Land 5132,land,323,95,0.3157380,0.1859100,39,5,me_forodwaith,me_forochel_region,7d3707,no
5173,me_land_5133,Land 5133,land,851,341,0.8318671,0.6673190,26,1,me_mordor_and_rhun,me_mordor_region,1b6e80,no
5174,me_land_5134,Land 5134,land,583,31,0.5698925,0.0606654,30,5,me_forodwaith,me_northern_wastes_region,b9a5f9,no
5175,me_land_5135,Land 5135,land,745,70,0.7282502,0.1369863,57,5,me_forodwaith,me_northern_wastes_region,57dd72,no
5176,me_land_5136,Land 5136,land,453,300,0.4428152,0.5870841,46,1,me_eriador,me_enedwaith_region,f614eb,no
5177,me_land_5137,Land 5137,land,850,157,0.8308895,0.3072407,25,9,me_mordor_and_rhun,me_rhun_region,944c64,no
5178,me_land_5138,Land 5138,land,868,423,0.8484848,0.8277886,37,1,me_mordor_and_rhun,me_khand_region,3283dd,no
5179,me_land_5139,Land 5139,land,565,298,0.5522972,0.5831703,21,1,me_rhovanion,me_anduin_vale_region,d0bb56,no
5180,me_land_5140,Land 5140,land,395,476,0.3861193,0.9315068,47,10,me_harad,me_umbar_region,6ef2cf,no
5181,me_land_5141,Land 5141,land,899,227,0.8787879,0.4442270,39,9,me_mordor_and_rhun,me_rhun_region,0d2a48,no
5182,me_land_5142,Land 5142,land,436,126,0.4261975,0.2465753,36,1,me_eriador,me_north_arnor_region,ab61c1,no
5183,me_land_5143,Land 5143,land,610,146,0.5962854,0.2857143,60,3,me_rhovanion,me_mirkwood_region,49993a,no
5184,me_land_5144,Land 5144,land,691,267,0.6754643,0.5225049,67,1,me_mordor_and_rhun,me_rhun_region,e7d0b3,no
5185,me_land_5145,Land 5145,land,880,319,0.8602151,0.6242661,29,1,me_mordor_and_rhun,me_mordor_region,86082c,no
5186,me_land_5146,Land 5146,land,690,381,0.6744868,0.7455969,28,8,me_mordor_and_rhun,me_mordor_region,243fa5,no
5187,me_land_5147,Land 5147,land,274,285,0.2678397,0.5577299,27,1,me_eriador,me_lindon_region,c2771e,no
5188,me_land_5148,Land 5148,land,818,259,0.7996090,0.5068493,29,9,me_mordor_and_rhun,me_rhun_region,60ae97,no
5189,me_land_5149,Land 5149,land,726,468,0.7096774,0.9158513,37,10,me_harad,me_near_harad_region,fee610,no
5190,me_land_5150,Land 5150,land,709,283,0.6930596,0.5538160,64,1,me_mordor_and_rhun,me_rhun_region,9d1d89,no
5191,me_land_5151,Land 5151,land,642,267,0.6275660,0.5225049,54,1,me_rhovanion,me_mirkwood_region,3b5502,no
5192,me_land_5152,Land 5152,land,370,425,0.3616813,0.8317025,29,10,me_harad,me_umbar_region,d98c7b,no
5193,me_land_5153,Land 5153,land,785,302,0.7673509,0.5909980,37,9,me_mordor_and_rhun,me_mordor_region,77c3f4,no
5194,me_land_5154,Land 5154,land,754,319,0.7370479,0.6242661,55,8,me_mordor_and_rhun,me_mordor_region,15fb6d,no
5195,me_land_5155,Land 5155,land,520,195,0.5083089,0.3816047,35,1,me_rhovanion,me_anduin_vale_region,b432e6,no
5196,me_land_5156,Land 5156,land,511,447,0.4995112,0.8747554,24,10,me_harad,me_umbar_region,526a5f,no
5197,me_land_5157,Land 5157,land,792,261,0.7741935,0.5107632,26,9,me_mordor_and_rhun,me_rhun_region,f0a1d8,no
5198,me_land_5158,Land 5158,land,684,405,0.6686217,0.7925636,45,1,me_mordor_and_rhun,me_mordor_region,8ed951,no
5199,me_land_5159,Land 5159,land,654,277,0.6392962,0.5420744,26,9,me_rhovanion,me_mirkwood_region,2d10ca,no
5200,me_mountain_0001,Mountain 0001,mountain,465,65,0.4545455,0.1272016,45,4,me_forodwaith,me_angmar_region,cb4843,no
5201,me_mountain_0002,Mountain 0002,mountain,296,94,0.2893451,0.1839530,60,4,me_forodwaith,me_forochel_region,697fbc,no
5202,me_mountain_0003,Mountain 0003,mountain,473,186,0.4623656,0.3639922,55,4,me_eriador,me_shire_breeland_region,07b735,no
5203,me_mountain_0004,Mountain 0004,mountain,306,194,0.2991202,0.3796477,46,4,me_eriador,me_shire_breeland_region,a5eeae,no
5204,me_mountain_0005,Mountain 0005,mountain,480,264,0.4692082,0.5166341,27,4,me_rhovanion,me_anduin_vale_region,442627,no
5205,me_mountain_0006,Mountain 0006,mountain,734,286,0.7174976,0.5596869,46,4,me_mordor_and_rhun,me_rhun_region,e25da0,no
5206,me_mountain_0007,Mountain 0007,mountain,452,349,0.4418377,0.6829746,151,4,me_gondor,me_belfalas_region,809519,no
5207,me_mountain_0008,Mountain 0008,mountain,534,353,0.5219941,0.6908023,160,4,me_rhovanion,me_rohan_region,1ecc92,no
5208,me_mountain_0009,Mountain 0009,mountain,701,408,0.6852395,0.7984344,62,4,me_mordor_and_rhun,me_mordor_region,bd040b,no
5209,me_mountain_0010,Mountain 0010,mountain,463,80,0.4525904,0.1565558,64,4,me_forodwaith,me_angmar_region,5b3b84,no
5210,me_mountain_0011,Mountain 0011,mountain,789,289,0.7712610,0.5655577,46,4,me_mordor_and_rhun,me_rhun_region,f972fd,no
5211,me_mountain_0012,Mountain 0012,mountain,602,77,0.5884653,0.1506849,221,4,me_forodwaith,me_northern_wastes_region,97aa76,no
5212,me_mountain_0013,Mountain 0013,mountain,768,102,0.7507331,0.1996086,86,4,me_forodwaith,me_northern_wastes_region,35e1ef,no
5213,me_mountain_0014,Mountain 0014,mountain,758,308,0.7409580,0.6027397,65,4,me_mordor_and_rhun,me_mordor_region,d41968,no
5214,me_mountain_0015,Mountain 0015,mountain,655,364,0.6402737,0.7123288,43,4,me_gondor,me_anorien_region,7250e1,no
5215,me_mountain_0016,Mountain 0016,mountain,679,83,0.6637341,0.1624266,54,4,me_forodwaith,me_northern_wastes_region,10885a,no
5216,me_mountain_0017,Mountain 0017,mountain,723,314,0.7067449,0.6144814,60,4,me_mordor_and_rhun,me_mordor_region,aebfd3,no
5217,me_mountain_0018,Mountain 0018,mountain,674,86,0.6588465,0.1682975,45,4,me_forodwaith,me_northern_wastes_region,4cf74c,no
5218,me_mountain_0019,Mountain 0019,mountain,762,422,0.7448680,0.8258317,97,4,me_mordor_and_rhun,me_khand_region,eb2ec5,no
5219,me_mountain_0020,Mountain 0020,mountain,735,305,0.7184751,0.5968689,34,4,me_mordor_and_rhun,me_mordor_region,89663e,no
5220,me_mountain_0021,Mountain 0021,mountain,839,315,0.8201369,0.6164384,40,4,me_mordor_and_rhun,me_mordor_region,279db7,no
5221,me_mountain_0022,Mountain 0022,mountain,483,284,0.4721408,0.5557730,61,4,me_rhovanion,me_anduin_vale_region,c5d530,no
5222,me_mountain_0023,Mountain 0023,mountain,799,300,0.7810362,0.5870841,47,4,me_mordor_and_rhun,me_mordor_region,640ca9,no
5223,me_mountain_0024,Mountain 0024,mountain,515,73,0.5034213,0.1428571,34,4,me_forodwaith,me_angmar_region,024422,no
5224,me_mountain_0025,Mountain 0025,mountain,311,238,0.3040078,0.4657534,112,4,me_eriador,me_shire_breeland_region,a07b9b,no
5225,me_mountain_0026,Mountain 0026,mountain,778,307,0.7605083,0.6007828,75,4,me_mordor_and_rhun,me_mordor_region,3eb314,no
5226,me_mountain_0027,Mountain 0027,mountain,551,78,0.5386119,0.1526419,48,4,me_forodwaith,me_northern_wastes_region,dcea8d,no
5227,me_mountain_0028,Mountain 0028,mountain,436,343,0.4261975,0.6712329,92,4,me_gondor,me_belfalas_region,7b2206,no
5228,me_mountain_0029,Mountain 0029,mountain,759,105,0.7419355,0.2054795,66,4,me_forodwaith,me_northern_wastes_region,19597f,no
5229,me_mountain_0030,Mountain 0030,mountain,479,150,0.4682307,0.2935421,74,4,me_eriador,me_north_arnor_region,b790f8,no
5230,me_mountain_0031,Mountain 0031,mountain,816,385,0.7976540,0.7534247,58,4,me_mordor_and_rhun,me_mordor_region,55c871,no
5231,me_mountain_0032,Mountain 0032,mountain,727,289,0.7106549,0.5655577,64,4,me_mordor_and_rhun,me_rhun_region,f3ffea,no
5232,me_mountain_0033,Mountain 0033,mountain,803,397,0.7849462,0.7769080,44,4,me_mordor_and_rhun,me_mordor_region,923763,no
5233,me_mountain_0034,Mountain 0034,mountain,491,275,0.4799609,0.5381605,44,4,me_rhovanion,me_anduin_vale_region,306edc,no
5234,me_mountain_0035,Mountain 0035,mountain,816,394,0.7976540,0.7710372,75,4,me_mordor_and_rhun,me_mordor_region,cea655,no
5235,me_mountain_0036,Mountain 0036,mountain,301,119,0.2942326,0.2328767,61,4,me_forodwaith,me_forochel_region,6cddce,no
5236,me_mountain_0037,Mountain 0037,mountain,315,265,0.3079179,0.5185910,77,4,me_eriador,me_enedwaith_region,0b1547,no
5237,me_mountain_0038,Mountain 0038,mountain,636,361,0.6217009,0.7064579,72,4,me_gondor,me_anorien_region,a94cc0,no
5238,me_mountain_0039,Mountain 0039,mountain,559,70,0.5464321,0.1369863,60,4,me_forodwaith,me_northern_wastes_region,478439,no
5239,me_mountain_0040,Mountain 0040,mountain,799,307,0.7810362,0.6007828,20,4,me_mordor_and_rhun,me_mordor_region,e5bbb2,no
5240,me_mountain_0041,Mountain 0041,mountain,570,78,0.5571848,0.1526419,161,4,me_forodwaith,me_northern_wastes_region,83f32b,no
5241,me_mountain_0042,Mountain 0042,mountain,713,415,0.6969697,0.8121331,117,4,me_mordor_and_rhun,me_mordor_region,222aa4,no
5242,me_mountain_0043,Mountain 0043,mountain,297,123,0.2903226,0.2407045,31,4,me_eriador,me_north_arnor_region,c0621d,no
5243,me_mountain_0044,Mountain 0044,mountain,758,100,0.7409580,0.1956947,43,4,me_forodwaith,me_northern_wastes_region,5e9996,no
5244,me_mountain_0045,Mountain 0045,mountain,792,300,0.7741935,0.5870841,30,4,me_mordor_and_rhun,me_mordor_region,fcd10f,no
5245,me_mountain_0046,Mountain 0046,mountain,493,73,0.4819159,0.1428571,103,4,me_forodwaith,me_angmar_region,9b0888,no
5246,me_mountain_0047,Mountain 0047,mountain,473,150,0.4623656,0.2935421,28,4,me_eriador,me_north_arnor_region,394001,no
5247,me_mountain_0048,Mountain 0048,mountain,692,87,0.6764418,0.1702544,58,4,me_forodwaith,me_northern_wastes_region,d7777a,no
5248,me_mountain_0049,Mountain 0049,mountain,706,405,0.6901271,0.7925636,22,4,me_mordor_and_rhun,me_mordor_region,75aef3,no
5249,me_mountain_0050,Mountain 0050,mountain,809,329,0.7908113,0.6438356,139,4,me_mordor_and_rhun,me_mordor_region,13e66c,no
5250,me_mountain_0051,Mountain 0051,mountain,828,355,0.8093842,0.6947162,40,4,me_mordor_and_rhun,me_mordor_region,b21de5,no
5251,me_mountain_0052,Mountain 0052,mountain,523,354,0.5112414,0.6927593,69,4,me_rhovanion,me_rohan_region,50555e,no
5252,me_mountain_0053,Mountain 0053,mountain,746,305,0.7292278,0.5968689,64,4,me_mordor_and_rhun,me_mordor_region,ee8cd7,no
5253,me_mountain_0054,Mountain 0054,mountain,732,417,0.7155425,0.8160470,69,4,me_mordor_and_rhun,me_mordor_region,8cc450,no
5254,me_mountain_0055,Mountain 0055,mountain,711,409,0.6950147,0.8003914,37,4,me_mordor_and_rhun,me_mordor_region,2afbc9,no
5255,me_mountain_0056,Mountain 0056,mountain,506,77,0.4946237,0.1506849,50,4,me_forodwaith,me_angmar_region,c93342,no
5256,me_mountain_0057,Mountain 0057,mountain,536,69,0.5239492,0.1350294,28,4,me_forodwaith,me_angmar_region,676abb,no
5257,me_mountain_0058,Mountain 0058,mountain,438,348,0.4281525,0.6810176,57,4,me_gondor,me_belfalas_region,05a234,no
5258,me_mountain_0059,Mountain 0059,mountain,824,355,0.8054741,0.6947162,78,4,me_mordor_and_rhun,me_mordor_region,a3d9ad,no
5259,me_mountain_0060,Mountain 0060,mountain,420,348,0.4105572,0.6810176,71,4,me_gondor,me_belfalas_region,421126,no
5260,me_mountain_0061,Mountain 0061,mountain,697,398,0.6813294,0.7788650,55,4,me_mordor_and_rhun,me_mordor_region,e0489f,no
5261,me_mountain_0062,Mountain 0062,mountain,807,294,0.7888563,0.5753425,59,4,me_mordor_and_rhun,me_mordor_region,7e8018,no
5262,me_mountain_0063,Mountain 0063,mountain,297,129,0.2903226,0.2524462,26,4,me_eriador,me_north_arnor_region,1cb791,no
5263,me_mountain_0064,Mountain 0064,mountain,730,94,0.7135875,0.1839530,79,4,me_forodwaith,me_northern_wastes_region,baef0a,no
5264,me_mountain_0065,Mountain 0065,mountain,479,74,0.4682307,0.1448141,70,4,me_forodwaith,me_angmar_region,592683,no
5265,me_mountain_0066,Mountain 0066,mountain,528,71,0.5161290,0.1389432,43,4,me_forodwaith,me_angmar_region,f75dfc,no
5266,me_mountain_0067,Mountain 0067,mountain,471,345,0.4604106,0.6751468,57,4,me_rhovanion,me_rohan_region,959575,no
5267,me_mountain_0068,Mountain 0068,mountain,817,366,0.7986315,0.7162427,109,4,me_mordor_and_rhun,me_mordor_region,33ccee,no
5268,me_mountain_0069,Mountain 0069,mountain,493,296,0.4819159,0.5792564,33,4,me_eriador,me_enedwaith_region,d20467,no
5269,me_mountain_0070,Mountain 0070,mountain,526,75,0.5141740,0.1467710,53,4,me_forodwaith,me_angmar_region,703be0,no
5270,me_mountain_0071,Mountain 0071,mountain,742,93,0.7253177,0.1819961,16,4,me_forodwaith,me_northern_wastes_region,0e7359,no
5271,me_mountain_0072,Mountain 0072,mountain,641,81,0.6265885,0.1585127,241,4,me_forodwaith,me_northern_wastes_region,acaad2,no
5272,me_mountain_0073,Mountain 0073,mountain,474,158,0.4633431,0.3091977,72,4,me_eriador,me_north_arnor_region,4ae24b,no
5273,me_mountain_0074,Mountain 0074,mountain,728,313,0.7116325,0.6125245,32,4,me_mordor_and_rhun,me_mordor_region,e919c4,no
5274,me_mountain_0075,Mountain 0075,mountain,550,357,0.5376344,0.6986301,30,4,me_rhovanion,me_rohan_region,87513d,no
5275,me_mountain_0076,Mountain 0076,mountain,481,343,0.4701857,0.6712329,90,4,me_rhovanion,me_rohan_region,2588b6,no
5276,me_mountain_0077,Mountain 0077,mountain,480,138,0.4692082,0.2700587,70,4,me_eriador,me_north_arnor_region,c3c02f,no
5277,me_mountain_0078,Mountain 0078,mountain,816,343,0.7976540,0.6712329,78,4,me_mordor_and_rhun,me_mordor_region,61f7a8,no
5278,me_mountain_0079,Mountain 0079,mountain,750,423,0.7331378,0.8277886,27,4,me_mordor_and_rhun,me_khand_region,002f21,no
5279,me_mountain_0080,Mountain 0080,mountain,303,127,0.2961877,0.2485323,23,4,me_eriador,me_north_arnor_region,9e669a,no
5280,me_mountain_0081,Mountain 0081,mountain,627,363,0.6129032,0.7103718,110,4,me_rhovanion,me_rohan_region,3c9e13,no
5281,me_mountain_0082,Mountain 0082,mountain,303,132,0.2961877,0.2583170,31,4,me_eriador,me_north_arnor_region,dad58c,no
5282,me_mountain_0083,Mountain 0083,mountain,553,348,0.5405670,0.6810176,85,4,me_rhovanion,me_rohan_region,790d05,no
5283,me_mountain_0084,Mountain 0084,mountain,760,414,0.7429130,0.8101761,67,4,me_mordor_and_rhun,me_mordor_region,17447e,no
5284,me_mountain_0085,Mountain 0085,mountain,300,149,0.2932551,0.2915851,87,4,me_eriador,me_north_arnor_region,b57bf7,no
5285,me_mountain_0086,Mountain 0086,mountain,713,95,0.6969697,0.1859100,50,4,me_forodwaith,me_northern_wastes_region,53b370,no
5286,me_mountain_0087,Mountain 0087,mountain,744,420,0.7272727,0.8219178,56,4,me_mordor_and_rhun,me_khand_region,f1eae9,no
5287,me_mountain_0088,Mountain 0088,mountain,772,110,0.7546432,0.2152642,50,4,me_forodwaith,me_northern_wastes_region,902262,no
5288,me_mountain_0089,Mountain 0089,mountain,708,303,0.6920821,0.5929550,53,4,me_mordor_and_rhun,me_mordor_region,2e59db,no
5289,me_mountain_0090,Mountain 0090,mountain,808,333,0.7898338,0.6516634,32,4,me_mordor_and_rhun,me_mordor_region,cc9154,no
5290,me_mountain_0091,Mountain 0091,mountain,478,226,0.4672532,0.4422701,245,4,me_eriador,me_shire_breeland_region,6ac8cd,no
5291,me_mountain_0092,Mountain 0092,mountain,493,301,0.4819159,0.5890411,47,4,me_eriador,me_enedwaith_region,090046,no
5292,me_mountain_0093,Mountain 0093,mountain,682,387,0.6666667,0.7573386,74,4,me_mordor_and_rhun,me_mordor_region,a737bf,no
5293,me_mountain_0094,Mountain 0094,mountain,581,352,0.5679374,0.6888454,54,4,me_rhovanion,me_rohan_region,456f38,no
5294,me_mountain_0095,Mountain 0095,mountain,717,88,0.7008798,0.1722114,50,4,me_forodwaith,me_northern_wastes_region,e3a6b1,no
5295,me_mountain_0096,Mountain 0096,mountain,606,355,0.5923754,0.6947162,68,4,me_rhovanion,me_rohan_region,81de2a,no
5296,me_mountain_0097,Mountain 0097,mountain,301,136,0.2942326,0.2661448,67,4,me_eriador,me_north_arnor_region,2015a3,no
5297,me_mountain_0098,Mountain 0098,mountain,753,313,0.7360704,0.6125245,70,4,me_mordor_and_rhun,me_mordor_region,be4d1c,no
5298,me_mountain_0099,Mountain 0099,mountain,537,74,0.5249267,0.1448141,46,4,me_forodwaith,me_angmar_region,5c8495,no
5299,me_mountain_0100,Mountain 0100,mountain,749,297,0.7321603,0.5812133,36,4,me_mordor_and_rhun,me_mordor_region,fabc0e,no
5300,me_mountain_0101,Mountain 0101,mountain,733,421,0.7165200,0.8238748,36,4,me_mordor_and_rhun,me_khand_region,98f387,no
5301,me_mountain_0102,Mountain 0102,mountain,774,409,0.7565982,0.8003914,104,4,me_mordor_and_rhun,me_mordor_region,372b00,no
5302,me_mountain_0103,Mountain 0103,mountain,518,77,0.5063539,0.1506849,23,4,me_forodwaith,me_angmar_region,d56279,no
5303,me_mountain_0104,Mountain 0104,mountain,422,338,0.4125122,0.6614481,53,4,me_gondor,me_belfalas_region,7399f2,no
5304,me_mountain_0105,Mountain 0105,mountain,524,346,0.5122190,0.6771037,122,4,me_rhovanion,me_rohan_region,11d16b,no
5305,me_mountain_0106,Mountain 0106,mountain,472,99,0.4613881,0.1937378,94,4,me_forodwaith,me_angmar_region,b008e4,no
5306,me_mountain_0107,Mountain 0107,mountain,308,179,0.3010753,0.3502935,64,4,me_eriador,me_shire_breeland_region,4e405d,no
5307,me_mountain_0108,Mountain 0108,mountain,594,76,0.5806452,0.1487280,154,4,me_forodwaith,me_northern_wastes_region,ec77d6,no
5308,me_mountain_0109,Mountain 0109,mountain,573,352,0.5601173,0.6888454,68,4,me_rhovanion,me_rohan_region,8aaf4f,no
5309,me_mountain_0110,Mountain 0110,mountain,472,95,0.4613881,0.1859100,63,4,me_forodwaith,me_angmar_region,28e6c8,no
5310,me_mountain_0111,Mountain 0111,mountain,739,412,0.7223851,0.8062622,31,4,me_mordor_and_rhun,me_mordor_region,c71e41,no
5311,me_mountain_0112,Mountain 0112,mountain,707,299,0.6911046,0.5851272,44,4,me_mordor_and_rhun,me_mordor_region,6555ba,no
5312,me_mountain_0113,Mountain 0113,mountain,583,357,0.5698925,0.6986301,84,4,me_rhovanion,me_rohan_region,038d33,no
5313,me_mountain_0114,Mountain 0114,mountain,644,370,0.6295210,0.7240705,64,4,me_gondor,me_anorien_region,a1c4ac,no
5314,me_mountain_0115,Mountain 0115,mountain,709,308,0.6930596,0.6027397,46,4,me_mordor_and_rhun,me_mordor_region,3ffc25,no
5315,me_mountain_0116,Mountain 0116,mountain,750,413,0.7331378,0.8082192,32,4,me_mordor_and_rhun,me_mordor_region,de339e,no
5316,me_mountain_0117,Mountain 0117,mountain,308,216,0.3010753,0.4227006,75,4,me_eriador,me_shire_breeland_region,7c6b17,no
5317,me_mountain_0118,Mountain 0118,mountain,474,349,0.4633431,0.6829746,46,4,me_rhovanion,me_rohan_region,1aa290,no
5318,me_mountain_0119,Mountain 0119,mountain,823,392,0.8044966,0.7671233,54,4,me_mordor_and_rhun,me_mordor_region,b8da09,no
5319,me_mountain_0120,Mountain 0120,mountain,467,93,0.4565005,0.1819961,55,4,me_forodwaith,me_angmar_region,571182,no
5320,me_mountain_0121,Mountain 0121,mountain,305,156,0.2981427,0.3052838,52,4,me_eriador,me_north_arnor_region,f548fb,no
5321,me_mountain_0122,Mountain 0122,mountain,746,414,0.7292278,0.8101761,30,4,me_mordor_and_rhun,me_mordor_region,938074,no
5322,me_mountain_0123,Mountain 0123,mountain,661,369,0.6461388,0.7221135,63,4,me_gondor,me_ithilien_region,31b7ed,no
5323,me_mountain_0124,Mountain 0124,mountain,595,352,0.5816227,0.6888454,42,4,me_rhovanion,me_rohan_region,cfef66,no
5324,me_mountain_0125,Mountain 0125,mountain,745,294,0.7282502,0.5753425,60,4,me_mordor_and_rhun,me_mordor_region,6e26df,no
5325,me_mountain_0126,Mountain 0126,mountain,762,308,0.7448680,0.6027397,74,4,me_mordor_and_rhun,me_mordor_region,0c5e58,no
5326,me_mountain_0127,Mountain 0127,mountain,807,400,0.7888563,0.7827789,70,4,me_mordor_and_rhun,me_mordor_region,aa95d1,no
5327,me_mountain_0128,Mountain 0128,mountain,476,125,0.4652981,0.2446184,64,4,me_eriador,me_north_arnor_region,48cd4a,no
5328,me_mountain_0129,Mountain 0129,mountain,787,314,0.7693060,0.6144814,90,4,me_mordor_and_rhun,me_mordor_region,e704c3,no
5329,me_mountain_0130,Mountain 0130,mountain,757,288,0.7399804,0.5636008,75,4,me_mordor_and_rhun,me_rhun_region,853c3c,no
5330,me_mountain_0131,Mountain 0131,mountain,483,241,0.4721408,0.4716243,81,4,me_eriador,me_shire_breeland_region,2373b5,no
5331,me_mountain_0132,Mountain 0132,mountain,650,368,0.6353861,0.7201566,58,4,me_gondor,me_anorien_region,c1ab2e,no
5332,me_mountain_0133,Mountain 0133,mountain,477,238,0.4662757,0.4657534,56,4,me_eriador,me_shire_breeland_region,5fe2a7,no
5333,me_mountain_0134,Mountain 0134,mountain,696,90,0.6803519,0.1761252,60,4,me_forodwaith,me_northern_wastes_region,fe1a20,no
5334,me_mountain_0135,Mountain 0135,mountain,604,359,0.5904203,0.7025440,55,4,me_rhovanion,me_rohan_region,9c5199,no
5335,me_mountain_0136,Mountain 0136,mountain,555,354,0.5425220,0.6927593,34,4,me_rhovanion,me_rohan_region,3a8912,no
5336,me_mountain_0137,Mountain 0137,mountain,479,143,0.4682307,0.2798434,54,4,me_eriador,me_north_arnor_region,d8c08b,no
5337,me_mountain_0138,Mountain 0138,mountain,716,297,0.6999022,0.5812133,88,4,me_mordor_and_rhun,me_mordor_region,76f804,no
5338,me_mountain_0139,Mountain 0139,mountain,663,83,0.6480938,0.1624266,77,4,me_forodwaith,me_northern_wastes_region,152f7d,no
5339,me_mountain_0140,Mountain 0140,mountain,736,312,0.7194526,0.6105675,55,4,me_mordor_and_rhun,me_mordor_region,b366f6,no
5340,me_mountain_0141,Mountain 0141,mountain,685,391,0.6695992,0.7651663,49,4,me_mordor_and_rhun,me_mordor_region,519e6f,no
5341,me_mountain_0142,Mountain 0142,mountain,475,118,0.4643206,0.2309198,104,4,me_forodwaith,me_angmar_region,efd5e8,no
5342,me_mountain_0143,Mountain 0143,mountain,318,248,0.3108504,0.4853229,99,4,me_eriador,me_shire_breeland_region,8e0d61,no
5343,me_mountain_0144,Mountain 0144,mountain,493,351,0.4819159,0.6868885,107,4,me_rhovanion,me_rohan_region,2c44da,no
5344,me_mountain_0145,Mountain 0145,mountain,752,98,0.7350929,0.1917808,42,4,me_forodwaith,me_northern_wastes_region,ca7c53,no
5345,me_mountain_0146,Mountain 0146,mountain,746,100,0.7292278,0.1956947,44,4,me_forodwaith,me_northern_wastes_region,68b3cc,no
5346,me_mountain_0147,Mountain 0147,mountain,827,312,0.8084066,0.6105675,115,4,me_mordor_and_rhun,me_mordor_region,06eb45,no
5347,me_mountain_0148,Mountain 0148,mountain,695,405,0.6793744,0.7925636,41,4,me_mordor_and_rhun,me_mordor_region,a522be,no
5348,me_mountain_0149,Mountain 0149,mountain,785,299,0.7673509,0.5851272,55,4,me_mordor_and_rhun,me_mordor_region,435a37,no
5349,me_mountain_0150,Mountain 0150,mountain,775,315,0.7575758,0.6164384,59,4,me_mordor_and_rhun,me_mordor_region,e191b0,no
5350,me_mountain_0151,Mountain 0151,mountain,680,369,0.6647116,0.7221135,44,4,me_gondor,me_ithilien_region,7fc929,no
5351,me_mountain_0152,Mountain 0152,mountain,729,304,0.7126100,0.5949119,55,4,me_mordor_and_rhun,me_mordor_region,1e00a2,no
5352,me_mountain_0153,Mountain 0153,mountain,733,413,0.7165200,0.8082192,57,4,me_mordor_and_rhun,me_mordor_region,bc381b,no
5353,me_mountain_0154,Mountain 0154,mountain,468,73,0.4574780,0.1428571,67,4,me_forodwaith,me_angmar_region,5a6f94,no
5354,me_mountain_0155,Mountain 0155,mountain,800,290,0.7820137,0.5675147,32,4,me_mordor_and_rhun,me_rhun_region,f8a70d,no
5355,me_mountain_0156,Mountain 0156,mountain,793,306,0.7751711,0.5988258,30,4,me_mordor_and_rhun,me_mordor_region,96de86,no
5356,me_mountain_0157,Mountain 0157,mountain,308,164,0.3010753,0.3209393,29,4,me_eriador,me_north_arnor_region,3515ff,no
5357,me_mountain_0158,Mountain 0158,mountain,652,374,0.6373412,0.7318982,26,4,me_gondor,me_anorien_region,d34d78,no
5358,me_mountain_0159,Mountain 0159,mountain,507,70,0.4956012,0.1369863,56,4,me_forodwaith,me_angmar_region,7184f1,no
5359,me_mountain_0160,Mountain 0160,mountain,648,78,0.6334311,0.1526419,80,4,me_forodwaith,me_northern_wastes_region,0fbc6a,no
5360,me_mountain_0161,Mountain 0161,mountain,708,419,0.6920821,0.8199609,25,4,me_mordor_and_rhun,me_mordor_region,adf3e3,no
5361,me_mountain_0162,Mountain 0162,mountain,483,168,0.4721408,0.3287671,49,4,me_eriador,me_north_arnor_region,4c2b5c,no
5362,me_mountain_0163,Mountain 0163,mountain,296,109,0.2893451,0.2133072,112,4,me_forodwaith,me_forochel_region,ea62d5,no
5363,me_mountain_0164,Mountain 0164,mountain,702,93,0.6862170,0.1819961,61,4,me_forodwaith,me_northern_wastes_region,889a4e,no
5364,me_mountain_0165,Mountain 0165,mountain,796,399,0.7781036,0.7808219,31,4,me_mordor_and_rhun,me_mordor_region,26d1c7,no
5365,me_mountain_0166,Mountain 0166,mountain,520,71,0.5083089,0.1389432,38,4,me_forodwaith,me_angmar_region,c50940,no
5366,me_mountain_0167,Mountain 0167,mountain,768,316,0.7507331,0.6183953,45,4,me_mordor_and_rhun,me_mordor_region,6340b9,no
5367,me_mountain_0168,Mountain 0168,mountain,785,413,0.7673509,0.8082192,92,4,me_mordor_and_rhun,me_mordor_region,017832,no
5368,me_mountain_0169,Mountain 0169,mountain,547,70,0.5347019,0.1369863,36,4,me_forodwaith,me_northern_wastes_region,9fafab,no
5369,me_mountain_0170,Mountain 0170,mountain,784,407,0.7663734,0.7964775,44,4,me_mordor_and_rhun,me_mordor_region,3de724,no
5370,me_mountain_0171,Mountain 0171,mountain,819,381,0.8005865,0.7455969,126,4,me_mordor_and_rhun,me_mordor_region,dc1e9d,no
5371,me_mountain_0172,Mountain 0172,mountain,494,310,0.4828935,0.6066536,47,4,me_rhovanion,me_rohan_region,7a5616,no
5372,me_mountain_0173,Mountain 0173,mountain,693,391,0.6774194,0.7651663,59,4,me_mordor_and_rhun,me_mordor_region,188d8f,no
5373,me_mountain_0174,Mountain 0174,mountain,505,348,0.4936461,0.6810176,175,4,me_rhovanion,me_rohan_region,b6c508,no
5374,me_mountain_0175,Mountain 0175,mountain,682,375,0.6666667,0.7338552,39,4,me_mordor_and_rhun,me_mordor_region,54fc81,no
5375,me_mountain_0176,Mountain 0176,mountain,484,124,0.4731183,0.2426614,59,4,me_eriador,me_north_arnor_region,f333fa,no
5376,me_mountain_0177,Mountain 0177,mountain,724,303,0.7077224,0.5929550,58,4,me_mordor_and_rhun,me_mordor_region,916b73,no
5377,me_mountain_0178,Mountain 0178,mountain,770,289,0.7526882,0.5655577,105,4,me_mordor_and_rhun,me_rhun_region,2fa2ec,no
5378,me_mountain_0179,Mountain 0179,mountain,735,296,0.7184751,0.5792564,68,4,me_mordor_and_rhun,me_mordor_region,cdda65,no
5379,me_mountain_0180,Mountain 0180,mountain,481,251,0.4701857,0.4911937,42,4,me_rhovanion,me_anduin_vale_region,6c11de,no
5380,me_mountain_0181,Mountain 0181,mountain,677,380,0.6617791,0.7436399,30,4,me_gondor,me_ithilien_region,0a4957,no
5381,me_mountain_0182,Mountain 0182,mountain,489,297,0.4780059,0.5812133,44,4,me_eriador,me_enedwaith_region,a880d0,no
5382,me_mountain_0183,Mountain 0183,mountain,802,295,0.7839687,0.5772994,36,4,me_mordor_and_rhun,me_mordor_region,46b849,no
5383,me_mountain_0184,Mountain 0184,mountain,467,343,0.4565005,0.6712329,103,4,me_gondor,me_belfalas_region,e4efc2,no
5384,me_mountain_0185,Mountain 0185,mountain,800,312,0.7820137,0.6105675,130,4,me_mordor_and_rhun,me_mordor_region,83273b,no
5385,me_mountain_0186,Mountain 0186,mountain,305,204,0.2981427,0.3992172,84,4,me_eriador,me_shire_breeland_region,215eb4,no
5386,me_mountain_0187,Mountain 0187,mountain,431,342,0.4213099,0.6692759,43,4,me_gondor,me_belfalas_region,bf962d,no
5387,me_mountain_0188,Mountain 0188,mountain,699,305,0.6832845,0.5968689,130,4,me_mordor_and_rhun,me_mordor_region,5dcda6,no
5388,me_mountain_0189,Mountain 0189,mountain,485,297,0.4740958,0.5812133,45,4,me_eriador,me_enedwaith_region,fc051f,no
5389,me_mountain_0190,Mountain 0190,mountain,818,297,0.7996090,0.5812133,38,4,me_mordor_and_rhun,me_mordor_region,9a3c98,no
5390,me_mountain_0191,Mountain 0191,mountain,742,100,0.7253177,0.1956947,45,4,me_forodwaith,me_northern_wastes_region,387411,no
5391,me_mountain_0192,Mountain 0192,mountain,701,402,0.6852395,0.7866928,22,4,me_mordor_and_rhun,me_mordor_region,d6ab8a,no
5392,me_mountain_0193,Mountain 0193,mountain,490,283,0.4789834,0.5538160,56,4,me_rhovanion,me_anduin_vale_region,74e303,no
5393,me_mountain_0194,Mountain 0194,mountain,749,292,0.7321603,0.5714286,36,4,me_mordor_and_rhun,me_mordor_region,131a7c,no
5394,me_mountain_0195,Mountain 0195,mountain,748,96,0.7311828,0.1878669,18,4,me_forodwaith,me_northern_wastes_region,b151f5,no
5395,me_mountain_0196,Mountain 0196,mountain,816,335,0.7976540,0.6555773,60,4,me_mordor_and_rhun,me_mordor_region,4f896e,no
5396,me_mountain_0197,Mountain 0197,mountain,818,398,0.7996090,0.7788650,44,4,me_mordor_and_rhun,me_mordor_region,edc0e7,no
5397,me_mountain_0198,Mountain 0198,mountain,472,72,0.4613881,0.1409002,59,4,me_forodwaith,me_angmar_region,8bf860,no
5398,me_mountain_0199,Mountain 0199,mountain,812,297,0.7937439,0.5812133,59,4,me_mordor_and_rhun,me_mordor_region,2a2fd9,no
5399,me_mountain_0200,Mountain 0200,mountain,817,362,0.7986315,0.7084149,35,4,me_mordor_and_rhun,me_mordor_region,c86752,no
5400,me_mountain_0201,Mountain 0201,mountain,571,357,0.5581623,0.6986301,73,4,me_rhovanion,me_rohan_region,669ecb,no
5401,me_mountain_0202,Mountain 0202,mountain,559,354,0.5464321,0.6927593,76,4,me_rhovanion,me_rohan_region,04d644,no
5402,me_mountain_0203,Mountain 0203,mountain,475,137,0.4643206,0.2681018,28,4,me_eriador,me_north_arnor_region,a30dbd,no
5403,me_mountain_0204,Mountain 0204,mountain,310,220,0.3030303,0.4305284,32,4,me_eriador,me_shire_breeland_region,414536,no
5404,me_mountain_0205,Mountain 0205,mountain,686,83,0.6705767,0.1624266,36,4,me_forodwaith,me_northern_wastes_region,df7caf,no
5405,me_mountain_0206,Mountain 0206,mountain,661,375,0.6461388,0.7338552,51,4,me_gondor,me_ithilien_region,7db428,no
5406,me_mountain_0207,Mountain 0207,mountain,741,304,0.7243402,0.5949119,27,4,me_mordor_and_rhun,me_mordor_region,1beba1,no
5407,me_mountain_0208,Mountain 0208,mountain,472,82,0.4613881,0.1604697,85,4,me_forodwaith,me_angmar_region,ba231a,no
5408,me_mountain_0209,Mountain 0209,mountain,833,322,0.8142717,0.6301370,61,4,me_mordor_and_rhun,me_mordor_region,585a93,no
5409,me_mountain_0210,Mountain 0210,mountain,704,418,0.6881720,0.8180039,29,4,me_mordor_and_rhun,me_mordor_region,f6920c,no
5410,me_mountain_0211,Mountain 0211,mountain,485,266,0.4740958,0.5205479,55,4,me_rhovanion,me_anduin_vale_region,94c985,no
5411,me_mountain_0212,Mountain 0212,mountain,670,86,0.6549365,0.1682975,43,4,me_forodwaith,me_northern_wastes_region,3300fe,no
5412,me_mountain_0213,Mountain 0213,mountain,482,278,0.4711632,0.5440313,60,4,me_rhovanion,me_anduin_vale_region,d13877,no
5413,me_mountain_0214,Mountain 0214,mountain,481,350,0.4701857,0.6849315,46,4,me_rhovanion,me_rohan_region,6f6ff0,no
5414,me_mountain_0215,Mountain 0215,mountain,311,224,0.3040078,0.4383562,71,4,me_eriador,me_shire_breeland_region,0da769,no
5415,me_mountain_0216,Mountain 0216,mountain,616,364,0.6021505,0.7123288,117,4,me_rhovanion,me_rohan_region,abdee2,no
5416,me_mountain_0217,Mountain 0217,mountain,711,89,0.6950147,0.1741683,62,4,me_forodwaith,me_northern_wastes_region,4a165b,no
5417,me_mountain_0218,Mountain 0218,mountain,828,350,0.8093842,0.6849315,67,4,me_mordor_and_rhun,me_mordor_region,e84dd4,no
5418,me_mountain_0219,Mountain 0219,mountain,511,72,0.4995112,0.1409002,31,4,me_forodwaith,me_angmar_region,86854d,no
5419,me_mountain_0220,Mountain 0220,mountain,747,288,0.7302053,0.5636008,39,4,me_mordor_and_rhun,me_rhun_region,24bcc6,no
5420,me_mountain_0221,Mountain 0221,mountain,477,242,0.4662757,0.4735812,33,4,me_eriador,me_shire_breeland_region,c2f43f,no
5421,me_mountain_0222,Mountain 0222,mountain,799,407,0.7810362,0.7964775,42,4,me_mordor_and_rhun,me_mordor_region,612bb8,no
5422,me_mountain_0223,Mountain 0223,mountain,719,302,0.7028348,0.5909980,52,4,me_mordor_and_rhun,me_mordor_region,ff6331,no
5423,me_mountain_0224,Mountain 0224,mountain,594,357,0.5806452,0.6986301,73,4,me_rhovanion,me_rohan_region,9d9aaa,no
5424,me_mountain_0225,Mountain 0225,mountain,632,360,0.6177908,0.7045010,37,4,me_gondor,me_anorien_region,3bd223,no
5425,me_mountain_0226,Mountain 0226,mountain,658,87,0.6432063,0.1702544,63,4,me_forodwaith,me_northern_wastes_region,da099c,no
5426,me_mountain_0227,Mountain 0227,mountain,788,307,0.7702835,0.6007828,30,4,me_mordor_and_rhun,me_mordor_region,784115,no
5427,me_mountain_0228,Mountain 0228,mountain,559,75,0.5464321,0.1467710,60,4,me_forodwaith,me_northern_wastes_region,16788e,no
5428,me_mountain_0229,Mountain 0229,mountain,427,343,0.4173998,0.6712329,46,4,me_gondor,me_belfalas_region,b4b007,no
5429,me_mountain_0230,Mountain 0230,mountain,833,313,0.8142717,0.6125245,46,4,me_mordor_and_rhun,me_mordor_region,52e780,no
5430,me_mountain_0231,Mountain 0231,mountain,474,198,0.4633431,0.3874755,219,4,me_eriador,me_shire_breeland_region,f11ef9,no
5431,me_mountain_0232,Mountain 0232,mountain,685,88,0.6695992,0.1722114,40,4,me_forodwaith,me_northern_wastes_region,8f5672,no
5432,me_mountain_0233,Mountain 0233,mountain,797,403,0.7790811,0.7886497,34,4,me_mordor_and_rhun,me_mordor_region,2d8deb,no
5433,me_mountain_0234,Mountain 0234,mountain,474,133,0.4633431,0.2602740,28,4,me_eriador,me_north_arnor_region,cbc564,no
5434,me_mountain_0235,Mountain 0235,mountain,602,364,0.5884653,0.7123288,36,4,me_rhovanion,me_rohan_region,69fcdd,no
5435,me_mountain_0236,Mountain 0236,mountain,732,313,0.7155425,0.6125245,21,4,me_mordor_and_rhun,me_mordor_region,083456,no
5436,me_mountain_0237,Mountain 0237,mountain,756,422,0.7390029,0.8258317,37,4,me_mordor_and_rhun,me_khand_region,a66bcf,no
5437,me_mountain_0238,Mountain 0238,mountain,789,406,0.7712610,0.7945205,61,4,me_mordor_and_rhun,me_mordor_region,44a348,no
5438,me_mountain_0239,Mountain 0239,mountain,803,405,0.7849462,0.7925636,25,4,me_mordor_and_rhun,me_mordor_region,e2dac1,no
5439,me_mountain_0240,Mountain 0240,mountain,486,72,0.4750733,0.1409002,66,4,me_forodwaith,me_angmar_region,81123a,no
5440,me_mountain_0241,Mountain 0241,mountain,678,376,0.6627566,0.7358121,60,4,me_gondor,me_ithilien_region,1f49b3,no
5441,me_mountain_0242,Mountain 0242,mountain,820,337,0.8015640,0.6594912,44,4,me_mordor_and_rhun,me_mordor_region,bd812c,no
5442,me_mountain_0243,Mountain 0243,mountain,302,185,0.2952102,0.3620352,29,4,me_eriador,me_shire_breeland_region,5bb8a5,no
5443,me_mountain_0244,Mountain 0244,mountain,471,108,0.4604106,0.2113503,89,4,me_forodwaith,me_angmar_region,f9f01e,no
5444,me_mountain_0245,Mountain 0245,mountain,477,168,0.4662757,0.3287671,67,4,me_eriador,me_north_arnor_region,982797,no
5445,me_mountain_0246,Mountain 0246,mountain,738,96,0.7214076,0.1878669,42,4,me_forodwaith,me_northern_wastes_region,365f10,no
5446,me_mountain_0247,Mountain 0247,mountain,702,298,0.6862170,0.5831703,23,4,me_mordor_and_rhun,me_mordor_region,d49689,no
5447,me_mountain_0248,Mountain 0248,mountain,818,305,0.7996090,0.5968689,103,4,me_mordor_and_rhun,me_mordor_region,72ce02,no
5448,me_mountain_0249,Mountain 0249,mountain,667,365,0.6520039,0.7142857,49,4,me_gondor,me_ithilien_region,11057b,no
5449,me_mountain_0250,Mountain 0250,mountain,485,306,0.4740958,0.5988258,49,4,me_rhovanion,me_rohan_region,af3cf4,no
5450,me_mountain_0251,Mountain 0251,mountain,542,74,0.5298143,0.1448141,46,4,me_forodwaith,me_angmar_region,4d746d,no
5451,me_mountain_0252,Mountain 0252,mountain,475,175,0.4643206,0.3424658,38,4,me_eriador,me_north_arnor_region,ebabe6,no
5452,me_mountain_0253,Mountain 0253,mountain,477,251,0.4662757,0.4911937,18,4,me_rhovanion,me_anduin_vale_region,89e35f,no
5453,me_mountain_0254,Mountain 0254,mountain,304,161,0.2971652,0.3150685,52,4,me_eriador,me_north_arnor_region,281ad8,no
5454,me_mountain_0255,Mountain 0255,mountain,543,69,0.5307918,0.1350294,13,4,me_forodwaith,me_northern_wastes_region,c65251,no
5455,me_mountain_0256,Mountain 0256,mountain,724,97,0.7077224,0.1898239,65,4,me_forodwaith,me_northern_wastes_region,6489ca,no
5456,me_mountain_0257,Mountain 0257,mountain,305,173,0.2981427,0.3385519,71,4,me_eriador,me_north_arnor_region,02c143,no
5457,me_mountain_0258,Mountain 0258,mountain,788,295,0.7702835,0.5772994,72,4,me_mordor_and_rhun,me_mordor_region,a0f8bc,no
5458,me_mountain_0259,Mountain 0259,mountain,600,71,0.5865103,0.1389432,28,4,me_forodwaith,me_northern_wastes_region,3f3035,no
5459,me_mountain_0260,Mountain 0260,mountain,766,293,0.7487781,0.5733855,78,4,me_mordor_and_rhun,me_mordor_region,dd67ae,no
5460,me_lake_0001,Lake 0001,lake,327,143,0.3196481,0.2798434,97,7,me_eriador,me_north_arnor_region,7b9f27,no
5461,me_lake_0002,Lake 0002,lake,647,164,0.6324536,0.3209393,147,7,me_rhovanion,me_dale_region,19d6a0,no
5462,me_lake_0003,Lake 0003,lake,788,189,0.7702835,0.3698630,170,7,me_mordor_and_rhun,me_rhun_region,b80e19,no
5463,me_lake_0004,Lake 0004,lake,732,373,0.7155425,0.7299413,555,7,me_mordor_and_rhun,me_mordor_region,564592,no
5464,me_lake_0005,Lake 0005,lake,775,227,0.7575758,0.4442270,345,7,me_mordor_and_rhun,me_rhun_region,f47d0b,no
5465,me_lake_0006,Lake 0006,lake,336,167,0.3284457,0.3268102,202,7,me_eriador,me_north_arnor_region,92b484,no
5466,me_lake_0007,Lake 0007,lake,324,153,0.3167155,0.2994129,270,7,me_eriador,me_north_arnor_region,30ebfd,no
5467,me_lake_0008,Lake 0008,lake,789,208,0.7712610,0.4070450,375,7,me_mordor_and_rhun,me_rhun_region,cf2376,no
5468,me_lake_0009,Lake 0009,lake,644,181,0.6295210,0.3542074,268,7,me_rhovanion,me_dale_region,6d5aef,no
5469,me_lake_0010,Lake 0010,lake,814,205,0.7956989,0.4011742,264,7,me_mordor_and_rhun,me_rhun_region,0b9268,no
5470,me_lake_0011,Lake 0011,lake,832,213,0.8132942,0.4168297,491,7,me_mordor_and_rhun,me_rhun_region,a9c9e1,no
5471,me_lake_0012,Lake 0012,lake,796,228,0.7781036,0.4461840,312,7,me_mordor_and_rhun,me_rhun_region,48015a,no
5472,me_lake_0013,Lake 0013,lake,777,192,0.7595308,0.3757339,201,7,me_mordor_and_rhun,me_rhun_region,e638d3,no
5473,me_lake_0014,Lake 0014,lake,827,228,0.8084066,0.4461840,332,7,me_mordor_and_rhun,me_rhun_region,84704c,no
5474,me_lake_0015,Lake 0015,lake,804,205,0.7859238,0.4011742,183,7,me_mordor_and_rhun,me_rhun_region,22a7c5,no
5475,me_lake_0016,Lake 0016,lake,767,384,0.7497556,0.7514677,442,7,me_mordor_and_rhun,me_mordor_region,c0df3e,no
5476,me_lake_0017,Lake 0017,lake,747,404,0.7302053,0.7906067,625,7,me_mordor_and_rhun,me_mordor_region,5f16b7,no
5477,me_lake_0018,Lake 0018,lake,764,375,0.7468231,0.7338552,134,7,me_mordor_and_rhun,me_mordor_region,fd4e30,no
5478,me_lake_0019,Lake 0019,lake,857,222,0.8377322,0.4344423,314,7,me_mordor_and_rhun,me_rhun_region,9b85a9,no
5479,me_lake_0020,Lake 0020,lake,763,403,0.7458456,0.7886497,195,7,me_mordor_and_rhun,me_mordor_region,39bd22,no
5480,me_lake_0021,Lake 0021,lake,805,211,0.7869013,0.4129159,209,7,me_mordor_and_rhun,me_rhun_region,d7f49b,no
5481,me_lake_0022,Lake 0022,lake,755,199,0.7380254,0.3894325,453,7,me_mordor_and_rhun,me_rhun_region,762c14,no
5482,me_lake_0023,Lake 0023,lake,838,240,0.8191593,0.4696673,489,7,me_mordor_and_rhun,me_rhun_region,14638d,no
5483,me_lake_0024,Lake 0024,lake,768,224,0.7507331,0.4383562,871,7,me_mordor_and_rhun,me_rhun_region,b29b06,no
5484,me_lake_0025,Lake 0025,lake,831,222,0.8123167,0.4344423,181,7,me_mordor_and_rhun,me_rhun_region,50d27f,no
5485,me_lake_0026,Lake 0026,lake,817,194,0.7986315,0.3796477,212,7,me_mordor_and_rhun,me_rhun_region,ef09f8,no
5486,me_lake_0027,Lake 0027,lake,646,191,0.6314761,0.3737769,173,7,me_rhovanion,me_dale_region,8d4171,no
5487,me_lake_0028,Lake 0028,lake,772,401,0.7546432,0.7847358,231,7,me_mordor_and_rhun,me_mordor_region,2b78ea,no
5488,me_lake_0029,Lake 0029,lake,698,390,0.6823069,0.7632094,524,7,me_mordor_and_rhun,me_mordor_region,c9b063,no
5489,me_lake_0030,Lake 0030,lake,795,248,0.7771261,0.4853229,424,7,me_mordor_and_rhun,me_rhun_region,67e7dc,no
5490,me_lake_0031,Lake 0031,lake,800,237,0.7820137,0.4637965,319,7,me_mordor_and_rhun,me_rhun_region,061f55,no
5491,me_lake_0032,Lake 0032,lake,780,248,0.7624633,0.4853229,419,7,me_mordor_and_rhun,me_rhun_region,a456ce,no
5492,me_sea_0001,Sea 0001,sea,0,0,0.0000000,0.0000000,300,0,me_forodwaith,me_forochel_region,428e47,no
5493,me_sea_0002,Sea 0002,sea,491,388,0.4799609,0.7592955,221,0,me_gondor,me_belfalas_region,e0c5c0,no
5494,me_sea_0003,Sea 0003,sea,34,108,0.0332356,0.2113503,575,0,me_forodwaith,me_forochel_region,7efd39,no
5495,me_sea_0004,Sea 0004,sea,819,501,0.8005865,0.9804305,502,0,me_harad,me_far_harad_region,1d34b2,no
5496,me_sea_0005,Sea 0005,sea,101,8,0.0987292,0.0156556,500,0,me_forodwaith,me_forochel_region,bb6c2b,no
5497,me_sea_0006,Sea 0006,sea,178,145,0.1739980,0.2837573,850,0,me_eriador,me_lindon_region,59a3a4,no
5498,me_sea_0007,Sea 0007,sea,403,506,0.3939394,0.9902153,668,0,me_harad,me_umbar_region,f7db1d,no
5499,me_sea_0008,Sea 0008,sea,198,388,0.1935484,0.7592955,671,0,me_gondor,me_belfalas_region,961296,no
5500,me_sea_0009,Sea 0009,sea,778,18,0.7605083,0.0352250,1065,0,me_forodwaith,me_northern_wastes_region,344a0f,no
5501,me_sea_0010,Sea 0010,sea,1001,498,0.9784946,0.9745597,796,0,me_harad,me_far_harad_region,d28188,no
5502,me_sea_0011,Sea 0011,sea,50,424,0.0488759,0.8297456,1017,0,me_gondor,me_belfalas_region,70b901,no
5503,me_sea_0012,Sea 0012,sea,62,177,0.0606061,0.3463796,1424,0,me_eriador,me_lindon_region,0ef07a,no
5504,me_sea_0013,Sea 0013,sea,142,350,0.1388074,0.6849315,546,0,me_gondor,me_belfalas_region,ad27f3,no
5505,me_sea_0014,Sea 0014,sea,19,449,0.0185728,0.8786693,855,0,me_harad,me_umbar_region,4b5f6c,no
5506,me_sea_0015,Sea 0015,sea,968,389,0.9462366,0.7612524,919,0,me_mordor_and_rhun,me_mordor_region,e996e5,no
5507,me_sea_0016,Sea 0016,sea,834,502,0.8152493,0.9823875,320,0,me_harad,me_far_harad_region,87ce5e,no
5508,me_sea_0017,Sea 0017,sea,914,462,0.8934506,0.9041096,1607,0,me_harad,me_near_harad_region,2605d7,no
5509,me_sea_0018,Sea 0018,sea,962,146,0.9403715,0.2857143,920,0,me_mordor_and_rhun,me_rhun_region,c43d50,no
5510,me_sea_0019,Sea 0019,sea,48,391,0.0469208,0.7651663,532,0,me_gondor,me_belfalas_region,6274c9,no
5511,me_sea_0020,Sea 0020,sea,144,448,0.1407625,0.8767123,806,0,me_harad,me_umbar_region,00ac42,no
5512,me_sea_0021,Sea 0021,sea,408,380,0.3988270,0.7436399,957,0,me_gondor,me_belfalas_region,9ee3bb,no
5513,me_sea_0022,Sea 0022,sea,119,327,0.1163245,0.6399217,1369,0,me_eriador,me_lindon_region,3d1b34,no
5514,me_sea_0023,Sea 0023,sea,75,416,0.0733138,0.8140900,973,0,me_gondor,me_belfalas_region,db52ad,no
5515,me_sea_0024,Sea 0024,sea,907,59,0.8866080,0.1154599,962,0,me_forodwaith,me_northern_wastes_region,798a26,no
5516,me_sea_0025,Sea 0025,sea,37,337,0.0361681,0.6594912,746,0,me_gondor,me_belfalas_region,17c19f,no
5517,me_sea_0026,Sea 0026,sea,203,9,0.1984360,0.0176125,1268,0,me_forodwaith,me_forochel_region,b5f918,no
5518,me_sea_0027,Sea 0027,sea,19,218,0.0185728,0.4266145,1786,0,me_eriador,me_lindon_region,543091,no
5519,me_sea_0028,Sea 0028,sea,29,295,0.0283480,0.5772994,1399,0,me_eriador,me_lindon_region,f2680a,no
5520,me_sea_0029,Sea 0029,sea,816,13,0.7976540,0.0254403,641,0,me_forodwaith,me_northern_wastes_region,909f83,no
5521,me_sea_0030,Sea 0030,sea,129,230,0.1260997,0.4500978,1332,0,me_eriador,me_lindon_region,2ed6fc,no
5522,me_sea_0031,Sea 0031,sea,49,509,0.0478983,0.9960861,600,0,me_harad,me_umbar_region,cd0e75,no
5523,me_sea_0032,Sea 0032,sea,876,2,0.8563050,0.0039139,454,0,me_forodwaith,me_northern_wastes_region,6b45ee,no
5524,me_sea_0033,Sea 0033,sea,801,495,0.7829912,0.9686888,285,0,me_harad,me_far_harad_region,097d67,no
5525,me_sea_0034,Sea 0034,sea,12,418,0.0117302,0.8180039,442,0,me_gondor,me_belfalas_region,a7b4e0,no
5526,me_sea_0035,Sea 0035,sea,991,290,0.9687195,0.5675147,750,0,me_mordor_and_rhun,me_rhun_region,45ec59,no
5527,me_sea_0036,Sea 0036,sea,67,127,0.0654936,0.2485323,952,0,me_eriador,me_lindon_region,e423d2,no
5528,me_sea_0037,Sea 0037,sea,368,497,0.3597263,0.9726027,818,0,me_harad,me_umbar_region,825b4b,no
5529,me_sea_0038,Sea 0038,sea,887,447,0.8670577,0.8747554,1286,0,me_harad,me_near_harad_region,2092c4,no
5530,me_sea_0039,Sea 0039,sea,127,147,0.1241447,0.2876712,692,0,me_eriador,me_lindon_region,beca3d,no
5531,me_sea_0040,Sea 0040,sea,12,96,0.0117302,0.1878669,563,0,me_forodwaith,me_forochel_region,5d01b6,no
5532,me_sea_0041,Sea 0041,sea,953,264,0.9315738,0.5166341,908,0,me_mordor_and_rhun,me_rhun_region,fb392f,no
5533,me_sea_0042,Sea 0042,sea,211,404,0.2062561,0.7906067,814,0,me_gondor,me_belfalas_region,9970a8,no
5534,me_sea_0043,Sea 0043,sea,262,370,0.2561095,0.7240705,538,0,me_gondor,me_belfalas_region,37a821,no
5535,me_sea_0044,Sea 0044,sea,55,91,0.0537634,0.1780822,591,0,me_forodwaith,me_forochel_region,d5df9a,no
5536,me_sea_0045,Sea 0045,sea,761,52,0.7438905,0.1017613,456,0,me_forodwaith,me_northern_wastes_region,741713,no
5537,me_sea_0046,Sea 0046,sea,351,358,0.3431085,0.7005871,1158,0,me_gondor,me_belfalas_region,124e8c,no
5538,me_sea_0047,Sea 0047,sea,996,105,0.9736070,0.2054795,931,0,me_forodwaith,me_northern_wastes_region,b08605,no
5539,me_sea_0048,Sea 0048,sea,221,484,0.2160313,0.9471624,1270,0,me_harad,me_umbar_region,4ebd7e,no
5540,me_sea_0049,Sea 0049,sea,997,76,0.9745846,0.1487280,683,0,me_forodwaith,me_northern_wastes_region,ecf4f7,no
5541,me_sea_0050,Sea 0050,sea,248,380,0.2424242,0.7436399,941,0,me_gondor,me_belfalas_region,8b2c70,no
5542,me_sea_0051,Sea 0051,sea,226,449,0.2209189,0.8786693,1227,0,me_harad,me_umbar_region,2963e9,no
5543,me_sea_0052,Sea 0052,sea,988,437,0.9657869,0.8551859,882,0,me_harad,me_near_harad_region,c79b62,no
5544,me_sea_0053,Sea 0053,sea,231,90,0.2258065,0.1761252,599,0,me_forodwaith,me_forochel_region,65d2db,no
5545,me_sea_0054,Sea 0054,sea,413,411,0.4037146,0.8043053,352,0,me_gondor,me_belfalas_region,040a54,no
5546,me_sea_0055,Sea 0055,sea,196,374,0.1915934,0.7318982,506,0,me_gondor,me_belfalas_region,a241cd,no
5547,me_sea_0056,Sea 0056,sea,469,10,0.4584555,0.0195695,602,0,me_forodwaith,me_angmar_region,407946,no
5548,me_sea_0057,Sea 0057,sea,302,473,0.2952102,0.9256360,924,0,me_harad,me_umbar_region,deb0bf,no
5549,me_sea_0058,Sea 0058,sea,253,326,0.2473118,0.6379648,468,0,me_eriador,me_lindon_region,7ce838,no
5550,me_sea_0059,Sea 0059,sea,22,2,0.0215054,0.0039139,554,0,me_forodwaith,me_forochel_region,1b1fb1,no
5551,me_sea_0060,Sea 0060,sea,1020,471,0.9970674,0.9217221,630,0,me_harad,me_near_harad_region,b9572a,no
5552,me_sea_0061,Sea 0061,sea,674,9,0.6588465,0.0176125,465,0,me_forodwaith,me_northern_wastes_region,578ea3,no
5553,me_sea_0062,Sea 0062,sea,960,433,0.9384164,0.8473581,1161,0,me_harad,me_near_harad_region,f5c61c,no
5554,me_sea_0063,Sea 0063,sea,92,181,0.0899316,0.3542074,1058,0,me_eriador,me_lindon_region,93fd95,no
5555,me_sea_0064,Sea 0064,sea,110,146,0.1075269,0.2857143,635,0,me_eriador,me_lindon_region,32350e,no
5556,me_sea_0065,Sea 0065,sea,137,190,0.1339198,0.3718200,1328,0,me_eriador,me_lindon_region,d06c87,no
5557,me_sea_0066,Sea 0066,sea,927,502,0.9061584,0.9823875,1200,0,me_harad,me_far_harad_region,6ea400,no
5558,me_sea_0067,Sea 0067,sea,73,293,0.0713587,0.5733855,677,0,me_eriador,me_lindon_region,0cdb79,no
5559,me_sea_0068,Sea 0068,sea,841,483,0.8220919,0.9452055,661,0,me_harad,me_far_harad_region,ab12f2,no
5560,me_sea_0069,Sea 0069,sea,677,504,0.6617791,0.9863014,619,0,me_harad,me_far_harad_region,494a6b,no
5561,me_sea_0070,Sea 0070,sea,181,128,0.1769306,0.2504892,1239,0,me_eriador,me_lindon_region,e781e4,no
5562,me_sea_0071,Sea 0071,sea,172,372,0.1681329,0.7279843,632,0,me_gondor,me_belfalas_region,85b95d,no
5563,me_sea_0072,Sea 0072,sea,1018,302,0.9951124,0.5909980,410,0,me_mordor_and_rhun,me_mordor_region,23f0d6,no
5564,me_sea_0073,Sea 0073,sea,1017,120,0.9941349,0.2348337,783,0,me_forodwaith,me_northern_wastes_region,c2284f,no
5565,me_sea_0074,Sea 0074,sea,156,264,0.1524927,0.5166341,1489,0,me_eriador,me_lindon_region,605fc8,no
5566,me_sea_0075,Sea 0075,sea,695,23,0.6793744,0.0450098,1117,0,me_forodwaith,me_northern_wastes_region,fe9741,no
5567,me_sea_0076,Sea 0076,sea,7,438,0.0068426,0.8571429,293,0,me_harad,me_umbar_region,9cceba,no
5568,me_sea_0077,Sea 0077,sea,67,29,0.0654936,0.0567515,382,0,me_forodwaith,me_forochel_region,3b0633,no
5569,me_sea_0078,Sea 0078,sea,964,95,0.9423265,0.1859100,911,0,me_forodwaith,me_northern_wastes_region,d93dac,no
5570,me_sea_0079,Sea 0079,sea,303,509,0.2961877,0.9960861,687,0,me_harad,me_umbar_region,777525,no
5571,me_sea_0080,Sea 0080,sea,821,28,0.8025415,0.0547945,943,0,me_forodwaith,me_northern_wastes_region,15ac9e,no
5572,me_sea_0081,Sea 0081,sea,57,474,0.0557185,0.9275930,990,0,me_harad,me_umbar_region,b3e417,no
5573,me_sea_0082,Sea 0082,sea,1007,416,0.9843597,0.8140900,859,0,me_mordor_and_rhun,me_mordor_region,521b90,no
5574,me_sea_0083,Sea 0083,sea,993,177,0.9706745,0.3463796,454,0,me_mordor_and_rhun,me_rhun_region,f05309,no
5575,me_sea_0084,Sea 0084,sea,175,192,0.1710655,0.3757339,956,0,me_eriador,me_lindon_region,8e8a82,no
5576,me_sea_0085,Sea 0085,sea,175,459,0.1710655,0.8982387,454,0,me_harad,me_umbar_region,2cc1fb,no
5577,me_sea_0086,Sea 0086,sea,297,374,0.2903226,0.7318982,581,0,me_gondor,me_belfalas_region,caf974,no
5578,me_sea_0087,Sea 0087,sea,1003,353,0.9804497,0.6908023,1316,0,me_mordor_and_rhun,me_mordor_region,6930ed,no
5579,me_sea_0088,Sea 0088,sea,960,496,0.9384164,0.9706458,831,0,me_harad,me_far_harad_region,076866,no
5580,me_sea_0089,Sea 0089,sea,143,164,0.1397849,0.3209393,589,0,me_eriador,me_lindon_region,a59fdf,no
5581,me_sea_0090,Sea 0090,sea,277,353,0.2707722,0.6908023,953,0,me_gondor,me_belfalas_region,43d758,no
5582,me_sea_0091,Sea 0091,sea,1017,186,0.9941349,0.3639922,911,0,me_mordor_and_rhun,me_rhun_region,e20ed1,no
5583,me_sea_0092,Sea 0092,sea,1018,497,0.9951124,0.9726027,369,0,me_harad,me_far_harad_region,80464a,no
5584,me_sea_0093,Sea 0093,sea,80,83,0.0782014,0.1624266,722,0,me_forodwaith,me_forochel_region,1e7dc3,no
5585,me_sea_0094,Sea 0094,sea,379,479,0.3704790,0.9373777,444,0,me_harad,me_umbar_region,bcb53c,no
5586,me_sea_0095,Sea 0095,sea,145,68,0.1417400,0.1330724,729,0,me_forodwaith,me_forochel_region,5aecb5,no
5587,me_sea_0096,Sea 0096,sea,11,404,0.0107527,0.7906067,530,0,me_gondor,me_belfalas_region,f9242e,no
5588,me_sea_0097,Sea 0097,sea,843,30,0.8240469,0.0587084,773,0,me_forodwaith,me_northern_wastes_region,975ba7,no
5589,me_sea_0098,Sea 0098,sea,297,454,0.2903226,0.8884540,1076,0,me_harad,me_umbar_region,359320,no
5590,me_sea_0099,Sea 0099,sea,299,393,0.2922776,0.7690802,669,0,me_gondor,me_belfalas_region,d3ca99,no
5591,me_sea_0100,Sea 0100,sea,102,221,0.0997067,0.4324853,1116,0,me_eriador,me_lindon_region,720212,no
5592,me_sea_0101,Sea 0101,sea,950,358,0.9286413,0.7005871,416,0,me_mordor_and_rhun,me_mordor_region,10398b,no
5593,me_sea_0102,Sea 0102,sea,982,184,0.9599218,0.3600783,320,0,me_mordor_and_rhun,me_rhun_region,ae7104,no
5594,me_sea_0103,Sea 0103,sea,938,371,0.9169110,0.7260274,551,0,me_mordor_and_rhun,me_mordor_region,4ca87d,no
5595,me_sea_0104,Sea 0104,sea,6,158,0.0058651,0.3091977,633,0,me_eriador,me_lindon_region,eadff6,no
5596,me_sea_0105,Sea 0105,sea,206,210,0.2013685,0.4109589,826,0,me_eriador,me_lindon_region,89176f,no
5597,me_sea_0106,Sea 0106,sea,1015,443,0.9921799,0.8669276,676,0,me_harad,me_near_harad_region,274ee8,no
5598,me_sea_0107,Sea 0107,sea,855,79,0.8357771,0.1545988,1041,0,me_forodwaith,me_northern_wastes_region,c58661,no
5599,me_sea_0108,Sea 0108,sea,288,392,0.2815249,0.7671233,466,0,me_gondor,me_belfalas_region,63bdda,no
5600,me_sea_0109,Sea 0109,sea,389,391,0.3802542,0.7651663,1132,0,me_gondor,me_belfalas_region,01f553,no
5601,me_sea_0110,Sea 0110,sea,243,346,0.2375367,0.6771037,888,0,me_gondor,me_belfalas_region,a02ccc,no
5602,me_sea_0111,Sea 0111,sea,260,75,0.2541544,0.1467710,401,0,me_forodwaith,me_forochel_region,3e6445,no
5603,me_sea_0112,Sea 0112,sea,28,169,0.0273705,0.3307241,979,0,me_eriador,me_lindon_region,dc9bbe,no
5604,me_sea_0113,Sea 0113,sea,780,43,0.7624633,0.0841487,375,0,me_forodwaith,me_northern_wastes_region,7ad337,no
5605,me_sea_0114,Sea 0114,sea,515,16,0.5034213,0.0313112,888,0,me_forodwaith,me_angmar_region,190ab0,no
5606,me_sea_0115,Sea 0115,sea,347,16,0.3391984,0.0313112,1078,0,me_forodwaith,me_forochel_region,b74229,no
5607,me_sea_0116,Sea 0116,sea,187,192,0.1827957,0.3757339,653,0,me_eriador,me_lindon_region,5579a2,no
5608,me_sea_0117,Sea 0117,sea,109,445,0.1065494,0.8708415,867,0,me_harad,me_umbar_region,f3b11b,no
5609,me_sea_0118,Sea 0118,sea,61,289,0.0596285,0.5655577,466,0,me_eriador,me_lindon_region,91e894,no
5610,me_sea_0119,Sea 0119,sea,278,416,0.2717498,0.8140900,815,0,me_gondor,me_belfalas_region,30200d,no
5611,me_sea_0120,Sea 0120,sea,888,97,0.8680352,0.1898239,1212,0,me_forodwaith,me_northern_wastes_region,ce5786,no
5612,me_sea_0121,Sea 0121,sea,88,396,0.0860215,0.7749511,508,0,me_gondor,me_belfalas_region,6c8eff,no
5613,me_sea_0122,Sea 0122,sea,968,248,0.9462366,0.4853229,753,0,me_mordor_and_rhun,me_rhun_region,0ac678,no
5614,me_sea_0123,Sea 0123,sea,59,269,0.0576735,0.5264188,1226,0,me_eriador,me_lindon_region,a8fdf1,no
5615,me_sea_0124,Sea 0124,sea,454,13,0.4437928,0.0254403,448,0,me_forodwaith,me_angmar_region,47356a,no
5616,me_sea_0125,Sea 0125,sea,78,165,0.0762463,0.3228963,300,0,me_eriador,me_lindon_region,e56ce3,no
5617,me_sea_0126,Sea 0126,sea,175,84,0.1710655,0.1643836,992,0,me_forodwaith,me_forochel_region,83a45c,no
5618,me_sea_0127,Sea 0127,sea,830,15,0.8113392,0.0293542,359,0,me_forodwaith,me_northern_wastes_region,21dbd5,no
5619,me_sea_0128,Sea 0128,sea,315,447,0.3079179,0.8747554,662,0,me_harad,me_umbar_region,c0134e,no
5620,me_sea_0129,Sea 0129,sea,290,421,0.2834800,0.8238748,531,0,me_gondor,me_belfalas_region,5e4ac7,no
5621,me_sea_0130,Sea 0130,sea,872,45,0.8523949,0.0880626,807,0,me_forodwaith,me_northern_wastes_region,fc8240,no
5622,me_sea_0131,Sea 0131,sea,174,494,0.1700880,0.9667319,561,0,me_harad,me_umbar_region,9ab9b9,no
5623,me_sea_0132,Sea 0132,sea,284,90,0.2776149,0.1761252,642,0,me_forodwaith,me_forochel_region,38f132,no
5624,me_sea_0133,Sea 0133,sea,78,240,0.0762463,0.4696673,1354,0,me_eriador,me_lindon_region,d728ab,no
5625,me_sea_0134,Sea 0134,sea,15,47,0.0146628,0.0919765,1095,0,me_forodwaith,me_forochel_region,756024,no
5626,me_sea_0135,Sea 0135,sea,35,63,0.0342131,0.1232877,858,0,me_forodwaith,me_forochel_region,13979d,no
5627,me_sea_0136,Sea 0136,sea,48,34,0.0469208,0.0665362,669,0,me_forodwaith,me_forochel_region,b1cf16,no
5628,me_sea_0137,Sea 0137,sea,183,432,0.1788856,0.8454012,930,0,me_harad,me_umbar_region,50068f,no
5629,me_sea_0138,Sea 0138,sea,417,487,0.4076246,0.9530333,475,0,me_harad,me_umbar_region,ee3e08,no
5630,me_sea_0139,Sea 0139,sea,28,379,0.0273705,0.7416830,851,0,me_gondor,me_belfalas_region,8c7581,no
5631,me_sea_0140,Sea 0140,sea,202,195,0.1974585,0.3816047,872,0,me_eriador,me_lindon_region,2aacfa,no
5632,me_sea_0141,Sea 0141,sea,103,498,0.1006843,0.9745597,630,0,me_harad,me_umbar_region,c8e473,no
5633,me_sea_0142,Sea 0142,sea,1018,328,0.9951124,0.6418787,375,0,me_mordor_and_rhun,me_mordor_region,671bec,no
5634,me_sea_0143,Sea 0143,sea,581,413,0.5679374,0.8082192,294,0,me_gondor,me_lebennin_region,055365,no
5635,me_sea_0144,Sea 0144,sea,734,38,0.7174976,0.0743640,741,0,me_forodwaith,me_northern_wastes_region,a38ade,no
5636,me_sea_0145,Sea 0145,sea,924,157,0.9032258,0.3072407,815,0,me_mordor_and_rhun,me_rhun_region,41c257,no
5637,me_sea_0146,Sea 0146,sea,943,234,0.9217986,0.4579256,629,0,me_mordor_and_rhun,me_rhun_region,dff9d0,no
5638,me_sea_0147,Sea 0147,sea,14,84,0.0136852,0.1643836,630,0,me_forodwaith,me_forochel_region,7e3149,no
5639,me_sea_0148,Sea 0148,sea,846,463,0.8269795,0.9060665,598,0,me_harad,me_near_harad_region,1c68c2,no
5640,me_sea_0149,Sea 0149,sea,71,58,0.0694037,0.1135029,803,0,me_forodwaith,me_forochel_region,baa03b,no
5641,me_sea_0150,Sea 0150,sea,23,313,0.0224829,0.6125245,715,0,me_eriador,me_lindon_region,58d7b4,no
5642,me_sea_0151,Sea 0151,sea,126,255,0.1231672,0.4990215,932,0,me_eriador,me_lindon_region,f70f2d,no
5643,me_sea_0152,Sea 0152,sea,701,507,0.6852395,0.9921722,222,0,me_harad,me_far_harad_region,9546a6,no
5644,me_sea_0153,Sea 0153,sea,969,27,0.9472141,0.0528376,1059,0,me_forodwaith,me_northern_wastes_region,337e1f,no
5645,me_sea_0154,Sea 0154,sea,907,407,0.8866080,0.7964775,928,0,me_mordor_and_rhun,me_mordor_region,d1b598,no
5646,me_sea_0155,Sea 0155,sea,117,55,0.1143695,0.1076321,472,0,me_forodwaith,me_forochel_region,6fed11,no
5647,me_sea_0156,Sea 0156,sea,35,313,0.0342131,0.6125245,320,0,me_eriador,me_lindon_region,0e248a,no
5648,me_sea_0157,Sea 0157,sea,52,310,0.0508309,0.6066536,521,0,me_eriador,me_lindon_region,ac5c03,no
5649,me_sea_0158,Sea 0158,sea,1019,88,0.9960899,0.1722114,394,0,me_forodwaith,me_northern_wastes_region,4a937c,no
5650,me_sea_0159,Sea 0159,sea,46,17,0.0449658,0.0332681,529,0,me_forodwaith,me_forochel_region,e8caf5,no
5651,me_sea_0160,Sea 0160,sea,152,310,0.1485826,0.6066536,1836,0,me_eriador,me_lindon_region,87026e,no
5652,me_sea_0161,Sea 0161,sea,150,83,0.1466276,0.1624266,699,0,me_forodwaith,me_forochel_region,2539e7,no
5653,me_sea_0162,Sea 0162,sea,656,22,0.6412512,0.0430528,1127,0,me_forodwaith,me_northern_wastes_region,c37160,no
5654,me_sea_0163,Sea 0163,sea,123,360,0.1202346,0.7045010,957,0,me_gondor,me_belfalas_region,61a8d9,no
5655,me_sea_0164,Sea 0164,sea,919,352,0.8983382,0.6888454,768,0,me_mordor_and_rhun,me_mordor_region,ffe052,no
5656,me_sea_0165,Sea 0165,sea,946,219,0.9247312,0.4285714,466,0,me_mordor_and_rhun,me_rhun_region,9e17cb,no
5657,me_sea_0166,Sea 0166,sea,358,409,0.3499511,0.8003914,1277,0,me_gondor,me_belfalas_region,3c4f44,no
5658,me_sea_0167,Sea 0167,sea,35,97,0.0342131,0.1898239,370,0,me_forodwaith,me_forochel_region,da86bd,no
5659,me_sea_0168,Sea 0168,sea,70,327,0.0684262,0.6399217,808,0,me_eriador,me_lindon_region,78be36,no
5660,me_sea_0169,Sea 0169,sea,190,246,0.1857283,0.4814090,1129,0,me_eriador,me_lindon_region,16f5af,no
5661,me_sea_0170,Sea 0170,sea,204,285,0.1994135,0.5577299,1268,0,me_eriador,me_lindon_region,b52d28,no
5662,me_sea_0171,Sea 0171,sea,981,207,0.9589443,0.4050881,376,0,me_mordor_and_rhun,me_rhun_region,5364a1,no
5663,me_sea_0172,Sea 0172,sea,310,18,0.3030303,0.0352250,1054,0,me_forodwaith,me_forochel_region,f19c1a,no
5664,me_sea_0173,Sea 0173,sea,76,341,0.0742913,0.6673190,915,0,me_gondor,me_belfalas_region,8fd393,no
5665,me_sea_0174,Sea 0174,sea,158,461,0.1544477,0.9021526,627,0,me_harad,me_umbar_region,2e0b0c,no
5666,me_sea_0175,Sea 0175,sea,931,111,0.9100684,0.2172211,1465,0,me_forodwaith,me_northern_wastes_region,cc4285,no
5667,me_sea_0176,Sea 0176,sea,197,420,0.1925709,0.8219178,540,0,me_gondor,me_belfalas_region,6a79fe,no
5668,me_sea_0177,Sea 0177,sea,195,323,0.1906158,0.6320939,1415,0,me_eriador,me_lindon_region,08b177,no
5669,me_sea_0178,Sea 0178,sea,313,477,0.3059629,0.9334638,501,0,me_harad,me_umbar_region,a6e8f0,no
5670,me_sea_0179,Sea 0179,sea,98,409,0.0957967,0.8003914,504,0,me_gondor,me_belfalas_region,452069,no
5671,me_sea_0180,Sea 0180,sea,75,94,0.0733138,0.1839530,677,0,me_forodwaith,me_forochel_region,e357e2,no
5672,me_sea_0181,Sea 0181,sea,308,491,0.3010753,0.9608611,808,0,me_harad,me_umbar_region,818f5b,no
5673,me_sea_0182,Sea 0182,sea,927,92,0.9061584,0.1800391,786,0,me_forodwaith,me_northern_wastes_region,1fc6d4,no
5674,me_sea_0183,Sea 0183,sea,90,253,0.0879765,0.4951076,513,0,me_eriador,me_lindon_region,bdfe4d,no
5675,me_sea_0184,Sea 0184,sea,961,81,0.9393939,0.1585127,866,0,me_forodwaith,me_northern_wastes_region,5c35c6,no
5676,me_sea_0185,Sea 0185,sea,199,361,0.1945259,0.7064579,1015,0,me_gondor,me_belfalas_region,fa6d3f,no
5677,me_sea_0186,Sea 0186,sea,93,34,0.0909091,0.0665362,579,0,me_forodwaith,me_forochel_region,98a4b8,no
5678,me_sea_0187,Sea 0187,sea,117,419,0.1143695,0.8199609,406,0,me_gondor,me_belfalas_region,36dc31,no
5679,me_sea_0188,Sea 0188,sea,1000,334,0.9775171,0.6536204,511,0,me_mordor_and_rhun,me_mordor_region,d513aa,no
5680,me_sea_0189,Sea 0189,sea,232,104,0.2267840,0.2035225,575,0,me_forodwaith,me_forochel_region,734b23,no
5681,me_sea_0190,Sea 0190,sea,966,478,0.9442815,0.9354207,803,0,me_harad,me_near_harad_region,11829c,no
5682,me_sea_0191,Sea 0191,sea,115,6,0.1124145,0.0117417,865,0,me_forodwaith,me_forochel_region,afba15,no
5683,me_sea_0192,Sea 0192,sea,952,369,0.9305963,0.7221135,256,0,me_mordor_and_rhun,me_mordor_region,4df18e,no
5684,me_sea_0193,Sea 0193,sea,73,367,0.0713587,0.7181996,1026,0,me_gondor,me_belfalas_region,ec2907,no
5685,me_sea_0194,Sea 0194,sea,327,372,0.3196481,0.7279843,1370,0,me_gondor,me_belfalas_region,8a6080,no
5686,me_sea_0195,Sea 0195,sea,496,407,0.4848485,0.7964775,1175,0,me_gondor,me_belfalas_region,2897f9,no
5687,me_sea_0196,Sea 0196,sea,240,428,0.2346041,0.8375734,1117,0,me_harad,me_umbar_region,c6cf72,no
5688,me_sea_0197,Sea 0197,sea,457,383,0.4467253,0.7495108,744,0,me_gondor,me_belfalas_region,6506eb,no
5689,me_sea_0198,Sea 0198,sea,7,344,0.0068426,0.6731898,767,0,me_gondor,me_belfalas_region,033e64,no
5690,me_sea_0199,Sea 0199,sea,866,502,0.8465298,0.9823875,833,0,me_harad,me_far_harad_region,a175dd,no
5691,me_sea_0200,Sea 0200,sea,103,390,0.1006843,0.7632094,633,0,me_gondor,me_belfalas_region,3fad56,no
5692,me_sea_0201,Sea 0201,sea,57,107,0.0557185,0.2093933,442,0,me_forodwaith,me_forochel_region,dde4cf,no
5693,me_sea_0202,Sea 0202,sea,561,401,0.5483871,0.7847358,1095,0,me_gondor,me_lebennin_region,7c1c48,no
5694,me_sea_0203,Sea 0203,sea,943,50,0.9217986,0.0978474,771,0,me_forodwaith,me_northern_wastes_region,1a53c1,no
5695,me_sea_0204,Sea 0204,sea,27,405,0.0263930,0.7925636,432,0,me_gondor,me_belfalas_region,b88b3a,no
5696,me_sea_0205,Sea 0205,sea,740,15,0.7233627,0.0293542,1188,0,me_forodwaith,me_northern_wastes_region,56c2b3,no
5697,me_sea_0206,Sea 0206,sea,935,69,0.9139785,0.1350294,642,0,me_forodwaith,me_northern_wastes_region,f4fa2c,no
5698,me_sea_0207,Sea 0207,sea,976,144,0.9540567,0.2818004,854,0,me_mordor_and_rhun,me_rhun_region,9331a5,no
5699,me_sea_0208,Sea 0208,sea,74,13,0.0723363,0.0254403,460,0,me_forodwaith,me_forochel_region,31691e,no
5700,me_sea_0209,Sea 0209,sea,133,100,0.1300098,0.1956947,801,0,me_forodwaith,me_forochel_region,cfa097,no
5701,me_sea_0210,Sea 0210,sea,135,414,0.1319648,0.8101761,911,0,me_gondor,me_belfalas_region,6dd810,no
5702,me_sea_0211,Sea 0211,sea,441,375,0.4310850,0.7338552,552,0,me_gondor,me_belfalas_region,0c0f89,no
5703,me_sea_0212,Sea 0212,sea,157,173,0.1534702,0.3385519,574,0,me_eriador,me_lindon_region,aa4702,no
5704,me_sea_0213,Sea 0213,sea,953,333,0.9315738,0.6516634,735,0,me_mordor_and_rhun,me_mordor_region,487e7b,no
5705,me_sea_0214,Sea 0214,sea,512,0,0.5004888,0.0000000,606,0,me_forodwaith,me_angmar_region,e6b5f4,no
5706,me_sea_0215,Sea 0215,sea,674,20,0.6588465,0.0391389,377,0,me_forodwaith,me_northern_wastes_region,84ed6d,no
5707,me_sea_0216,Sea 0216,sea,885,22,0.8651026,0.0430528,790,0,me_forodwaith,me_northern_wastes_region,2324e6,no
5708,me_sea_0217,Sea 0217,sea,1014,106,0.9912023,0.2074364,310,0,me_forodwaith,me_northern_wastes_region,c15c5f,no
5709,me_sea_0218,Sea 0218,sea,1007,63,0.9843597,0.1232877,1524,0,me_forodwaith,me_northern_wastes_region,5f93d8,no
5710,me_sea_0219,Sea 0219,sea,95,285,0.0928641,0.5577299,1179,0,me_eriador,me_lindon_region,fdcb51,no
5711,me_sea_0220,Sea 0220,sea,24,476,0.0234604,0.9315068,912,0,me_harad,me_umbar_region,9c02ca,no
5712,me_sea_0221,Sea 0221,sea,918,401,0.8973607,0.7847358,938,0,me_mordor_and_rhun,me_mordor_region,3a3a43,no
5713,me_sea_0222,Sea 0222,sea,83,153,0.0811339,0.2994129,583,0,me_eriador,me_lindon_region,d871bc,no
5714,me_sea_0223,Sea 0223,sea,134,48,0.1309873,0.0939335,957,0,me_forodwaith,me_forochel_region,76a935,no
5715,me_sea_0224,Sea 0224,sea,916,388,0.8954057,0.7592955,520,0,me_mordor_and_rhun,me_mordor_region,14e0ae,no
5716,me_sea_0225,Sea 0225,sea,16,146,0.0156403,0.2857143,516,0,me_eriador,me_lindon_region,b31827,no
5717,me_sea_0226,Sea 0226,sea,967,299,0.9452590,0.5851272,443,0,me_mordor_and_rhun,me_mordor_region,514fa0,no
5718,me_sea_0227,Sea 0227,sea,916,372,0.8954057,0.7279843,425,0,me_mordor_and_rhun,me_mordor_region,ef8719,no
5719,me_sea_0228,Sea 0228,sea,89,169,0.0869990,0.3307241,407,0,me_eriador,me_lindon_region,8dbe92,no
5720,me_sea_0229,Sea 0229,sea,955,283,0.9335288,0.5538160,789,0,me_mordor_and_rhun,me_rhun_region,2bf60b,no
5721,me_sea_0230,Sea 0230,sea,118,403,0.1153470,0.7886497,489,0,me_gondor,me_belfalas_region,ca2d84,no
5722,me_sea_0231,Sea 0231,sea,117,76,0.1143695,0.1487280,794,0,me_forodwaith,me_forochel_region,6864fd,no
5723,me_sea_0232,Sea 0232,sea,266,95,0.2600196,0.1859100,473,0,me_forodwaith,me_forochel_region,069c76,no
5724,me_sea_0233,Sea 0233,sea,218,314,0.2130987,0.6144814,948,0,me_eriador,me_lindon_region,a4d3ef,no
5725,me_sea_0234,Sea 0234,sea,190,499,0.1857283,0.9765166,631,0,me_harad,me_umbar_region,430b68,no
5726,me_sea_0235,Sea 0235,sea,152,491,0.1485826,0.9608611,968,0,me_harad,me_umbar_region,e142e1,no
5727,me_sea_0236,Sea 0236,sea,62,389,0.0606061,0.7612524,529,0,me_gondor,me_belfalas_region,7f7a5a,no
5728,me_sea_0237,Sea 0237,sea,18,130,0.0175953,0.2544031,774,0,me_eriador,me_lindon_region,1db1d3,no
5729,me_sea_0238,Sea 0238,sea,109,264,0.1065494,0.5166341,514,0,me_eriador,me_lindon_region,5a20c5,no
5730,me_sea_0239,Sea 0239,sea,967,349,0.9452590,0.6829746,630,0,me_mordor_and_rhun,me_mordor_region,f8583e,no
5731,me_sea_0240,Sea 0240,sea,983,219,0.9608993,0.4285714,824,0,me_mordor_and_rhun,me_rhun_region,968fb7,no
5732,me_sea_0241_endore,Sea 0241,sea,990,159,0.9677419,0.3111546,749,0,me_mordor_and_rhun,me_rhun_region,34c730,no
5733,me_sea_0242,Sea 0242,sea,851,502,0.8318671,0.9823875,348,0,me_harad,me_far_harad_region,d2fea9,no
5734,me_sea_0243,Sea 0243,sea,178,241,0.1739980,0.4716243,1031,0,me_eriador,me_lindon_region,713622,no
5735,me_sea_0244,Sea 0244,sea,237,3,0.2316716,0.0058708,623,0,me_forodwaith,me_forochel_region,0f6d9b,no
5736,me_sea_0245,Sea 0245,sea,159,360,0.1554252,0.7045010,702,0,me_gondor,me_belfalas_region,ada514,no
5737,me_sea_0246,Sea 0246,sea,977,481,0.9550342,0.9412916,768,0,me_harad,me_far_harad_region,4bdc8d,no
5738,me_sea_0247,Sea 0247,sea,865,31,0.8455523,0.0606654,456,0,me_forodwaith,me_northern_wastes_region,ea1406,no
5739,me_sea_0248,Sea 0248,sea,961,316,0.9393939,0.6183953,508,0,me_mordor_and_rhun,me_mordor_region,884b7f,no
5740,me_sea_0249,Sea 0249,sea,963,163,0.9413490,0.3189824,538,0,me_mordor_and_rhun,me_rhun_region,2682f8,no
5741,me_sea_0250,Sea 0250,sea,218,288,0.2130987,0.5636008,746,0,me_eriador,me_lindon_region,c4ba71,no
5742,me_sea_0251,Sea 0251,sea,423,6,0.4134897,0.0117417,1021,0,me_forodwaith,me_angmar_region,62f1ea,no
5743,me_sea_0252,Sea 0252,sea,434,409,0.4242424,0.8003914,313,0,me_gondor,me_belfalas_region,012963,no
5744,me_sea_0253,Sea 0253,sea,964,372,0.9423265,0.7279843,557,0,me_mordor_and_rhun,me_mordor_region,9f60dc,no
5745,me_sea_0254,Sea 0254,sea,97,128,0.0948192,0.2504892,934,0,me_eriador,me_lindon_region,3d9855,no
5746,me_sea_0255,Sea 0255,sea,126,438,0.1231672,0.8571429,458,0,me_harad,me_umbar_region,dbcfce,no
5747,me_sea_0256,Sea 0256,sea,165,23,0.1612903,0.0450098,1470,0,me_forodwaith,me_forochel_region,7a0747,no
5748,me_sea_0257,Sea 0257,sea,850,12,0.8308895,0.0234834,494,0,me_forodwaith,me_northern_wastes_region,183ec0,no
5749,me_sea_0258,Sea 0258,sea,999,259,0.9765396,0.5068493,1464,0,me_mordor_and_rhun,me_rhun_region,b67639,no
5750,me_sea_0259,Sea 0259,sea,998,204,0.9755621,0.3992172,622,0,me_mordor_and_rhun,me_rhun_region,54adb2,no
5751,me_sea_0260,Sea 0260,sea,1022,406,0.9990225,0.7945205,552,0,me_mordor_and_rhun,me_mordor_region,f2e52b,no
5752,me_sea_0261,Sea 0261,sea,111,464,0.1085044,0.9080235,1023,0,me_harad,me_umbar_region,911ca4,no
5753,me_sea_0262,Sea 0262,sea,955,36,0.9335288,0.0704501,408,0,me_forodwaith,me_northern_wastes_region,2f541d,no
5754,me_sea_0263,Sea 0263,sea,265,398,0.2590420,0.7788650,733,0,me_gondor,me_belfalas_region,cd8b96,no
5755,me_sea_0264,Sea 0264,sea,293,188,0.2864125,0.3679061,992,0,me_eriador,me_lindon_region,6bc30f,no
5756,me_sea_0265,Sea 0265,sea,986,10,0.9638319,0.0195695,1305,0,me_forodwaith,me_northern_wastes_region,09fa88,no
5757,me_sea_0266,Sea 0266,sea,720,505,0.7038123,0.9882583,580,0,me_harad,me_far_harad_region,a83201,no
5758,me_sea_0267,Sea 0267,sea,973,406,0.9511241,0.7945205,900,0,me_mordor_and_rhun,me_mordor_region,46697a,no
5759,me_sea_0268,Sea 0268,sea,221,429,0.2160313,0.8395303,573,0,me_harad,me_umbar_region,e4a0f3,no
5760,me_sea_0269,Sea 0269,sea,194,451,0.1896383,0.8825832,637,0,me_harad,me_umbar_region,82d86c,no
5761,me_sea_0270,Sea 0270,sea,197,79,0.1925709,0.1545988,693,0,me_forodwaith,me_forochel_region,210fe5,no
5762,me_sea_0271,Sea 0271,sea,102,250,0.0997067,0.4892368,420,0,me_eriador,me_lindon_region,bf475e,no
5763,me_sea_0272,Sea 0272,sea,524,509,0.5122190,0.9960861,855,0,me_harad,me_umbar_region,5d7ed7,no
5764,me_sea_0273,Sea 0273,sea,17,239,0.0166178,0.4677104,1666,0,me_eriador,me_lindon_region,fbb650,no
5765,me_sea_0274,Sea 0274,sea,969,445,0.9472141,0.8708415,804,0,me_harad,me_near_harad_region,99edc9,no
5766,me_sea_0275,Sea 0275,sea,78,36,0.0762463,0.0704501,345,0,me_forodwaith,me_forochel_region,382542,no
5767,me_sea_0276,Sea 0276,sea,317,192,0.3098729,0.3757339,44,0,me_eriador,me_shire_breeland_region,d65cbb,no
5768,me_sea_0277,Sea 0277,sea,167,391,0.1632454,0.7651663,917,0,me_gondor,me_belfalas_region,749434,no
5769,me_sea_0278,Sea 0278,sea,399,411,0.3900293,0.8043053,393,0,me_gondor,me_belfalas_region,12cbad,no
5770,me_sea_0279,Sea 0279,sea,187,472,0.1827957,0.9236791,495,0,me_harad,me_umbar_region,b10326,no
5771,me_sea_0280,Sea 0280,sea,44,407,0.0430108,0.7964775,380,0,me_gondor,me_belfalas_region,4f3a9f,no
5772,me_sea_0281,Sea 0281,sea,106,52,0.1036168,0.1017613,561,0,me_forodwaith,me_forochel_region,ed7218,no
5773,me_sea_0282,Sea 0282,sea,129,119,0.1260997,0.2328767,1004,0,me_forodwaith,me_forochel_region,8ba991,no
5774,me_sea_0283,Sea 0283,sea,923,8,0.9022483,0.0156556,723,0,me_forodwaith,me_northern_wastes_region,29e10a,no
5775,me_sea_0284,Sea 0284,sea,72,475,0.0703812,0.9295499,840,0,me_harad,me_umbar_region,c81883,no
5776,me_sea_0285,Sea 0285,sea,344,482,0.3362659,0.9432485,1225,0,me_harad,me_umbar_region,664ffc,no
5777,me_sea_0286,Sea 0286,sea,58,4,0.0566960,0.0078278,298,0,me_forodwaith,me_forochel_region,048775,no
5778,me_sea_0287,Sea 0287,sea,121,498,0.1182796,0.9745597,618,0,me_harad,me_umbar_region,a2beee,no
5779,me_sea_0288,Sea 0288,sea,792,41,0.7741935,0.0802348,627,0,me_forodwaith,me_northern_wastes_region,40f667,no
5780,me_sea_0289,Sea 0289,sea,116,509,0.1133920,0.9960861,229,0,me_harad,me_umbar_region,df2de0,no
5781,me_sea_0290,Sea 0290,sea,2,450,0.0019550,0.8806262,283,0,me_harad,me_umbar_region,7d6559,no
5782,me_sea_0291,Sea 0291,sea,896,50,0.8758553,0.0978474,707,0,me_forodwaith,me_northern_wastes_region,1b9cd2,no
5783,me_sea_0292,Sea 0292,sea,160,153,0.1564027,0.2994129,648,0,me_eriador,me_lindon_region,b9d44b,no
5784,me_sea_0293,Sea 0293,sea,1003,320,0.9804497,0.6262231,431,0,me_mordor_and_rhun,me_mordor_region,580bc4,no
5785,me_sea_0294,Sea 0294,sea,970,185,0.9481916,0.3620352,412,0,me_mordor_and_rhun,me_rhun_region,f6433d,no
5786,me_sea_0295,Sea 0295,sea,251,11,0.2453568,0.0215264,1044,0,me_forodwaith,me_forochel_region,947ab6,no
5787,me_sea_0296,Sea 0296,sea,131,343,0.1280547,0.6712329,432,0,me_gondor,me_belfalas_region,32b22f,no
5788,me_sea_0297,Sea 0297,sea,3,503,0.0029326,0.9843444,401,0,me_harad,me_umbar_region,d0e9a8,no
5789,me_sea_0298,Sea 0298,sea,953,201,0.9315738,0.3933464,626,0,me_mordor_and_rhun,me_rhun_region,6f2121,no
5790,me_sea_0299,Sea 0299,sea,945,181,0.9237537,0.3542074,746,0,me_mordor_and_rhun,me_rhun_region,0d589a,no
5791,me_sea_0300,Sea 0300,sea,497,510,0.4858260,0.9980431,473,0,me_harad,me_umbar_region,ab9013,no
5792,me_sea_0301,Sea 0301,sea,145,378,0.1417400,0.7397260,750,0,me_gondor,me_belfalas_region,49c78c,no
5793,me_sea_0302,Sea 0302,sea,448,503,0.4379277,0.9843444,838,0,me_harad,me_umbar_region,e7ff05,no
5794,me_sea_0303,Sea 0303,sea,785,58,0.7673509,0.1135029,472,0,me_forodwaith,me_northern_wastes_region,86367e,no
5795,me_sea_0304,Sea 0304,sea,962,223,0.9403715,0.4363992,436,0,me_mordor_and_rhun,me_rhun_region,246df7,no
5796,me_sea_0305,Sea 0305,sea,795,506,0.7771261,0.9902153,648,0,me_harad,me_far_harad_region,c2a570,no
5797,me_sea_0306,Sea 0306,sea,185,485,0.1808407,0.9491194,311,0,me_harad,me_umbar_region,60dce9,no
5798,me_sea_0307,Sea 0307,sea,24,500,0.0234604,0.9784736,551,0,me_harad,me_umbar_region,ff1462,no
5799,me_sea_0308,Sea 0308,sea,933,20,0.9120235,0.0391389,764,0,me_forodwaith,me_northern_wastes_region,9d4bdb,no
5800,me_sea_0309,Sea 0309,sea,958,23,0.9364614,0.0450098,518,0,me_forodwaith,me_northern_wastes_region,3b8354,no
5801,me_sea_0310,Sea 0310,sea,44,159,0.0430108,0.3111546,801,0,me_eriador,me_lindon_region,d9bacd,no
5802,me_sea_0311,Sea 0311,sea,1017,283,0.9941349,0.5538160,506,0,me_mordor_and_rhun,me_rhun_region,77f246,no
5803,me_sea_0312,Sea 0312,sea,247,502,0.2414467,0.9823875,1530,0,me_harad,me_umbar_region,1629bf,no
5804,me_sea_0313,Sea 0313,sea,603,24,0.5894428,0.0469667,1765,0,me_forodwaith,me_northern_wastes_region,b46138,no
5805,me_sea_0314,Sea 0314,sea,25,354,0.0244379,0.6927593,696,0,me_gondor,me_belfalas_region,5298b1,no
5806,me_sea_0315,Sea 0315,sea,893,477,0.8729228,0.9334638,1172,0,me_harad,me_near_harad_region,f0d02a,no
5807,me_sea_0316,Sea 0316,sea,255,348,0.2492669,0.6810176,356,0,me_gondor,me_belfalas_region,8f07a3,no
5808,me_sea_0317,Sea 0317,sea,182,47,0.1779081,0.0919765,715,0,me_forodwaith,me_forochel_region,2d3f1c,no
5809,me_sea_0318,Sea 0318,sea,80,492,0.0782014,0.9628180,746,0,me_harad,me_umbar_region,cb7695,no
5810,me_sea_0319,Sea 0319,sea,936,305,0.9149560,0.5968689,1031,0,me_mordor_and_rhun,me_mordor_region,69ae0e,no
5811,me_sea_0320,Sea 0320,sea,981,309,0.9589443,0.6046967,519,0,me_mordor_and_rhun,me_mordor_region,07e587,no
