location,name,kind,region,realm,rank,source
mithlond,Grey Havens,land,me_lindon_region,LIN,city,"LOTR, Book I, Ch. 2; LOTR map"
forlond,Forlond,land,me_lindon_region,LIN,town,LOTR map
harlond_lindon,Harlond,land,me_lindon_region,LIN,town,LOTR map
annuminas,Annúminas,land,me_north_arnor_region,WILD,ruin,"LOTR, Appendix A; LOTR map"
fornost,Fornost,land,me_north_arnor_region,WILD,ruin,"LOTR, Book I, Ch. 2; LOTR map"
carn_dum,Carn Dûm,land,me_angmar_region,ANG,fortress,"LOTR, Appendix A; LOTR map"
hobbiton,Hobbiton,land,me_shire_breeland_region,SHI,village,"LOTR, Book I, Ch. 1"
michel_delving,Michel Delving,land,me_shire_breeland_region,SHI,town,"LOTR, Book I, Ch. 2"
bucklebury,Bucklebury,land,me_shire_breeland_region,SHI,village,"LOTR, Book I, Ch. 5"
me_bree,Bree,land,me_shire_breeland_region,BRE,town,"LOTR, Book I, Ch. 9"
amon_sul,Amon Sûl,land,me_north_arnor_region,WILD,ruin,"LOTR, Book I, Ch. 11; LOTR map"
rivendell,Rivendell,land,me_anduin_vale_region,RIV,refuge,"LOTR, Book I, Ch. 12"
goblin_town,Goblin-town,land,me_anduin_vale_region,GOB,hold,"The Hobbit, Ch. 4"
gundabad,Gundabad,land,me_northern_wastes_region,GUN,hold,"LOTR, Appendix A; LOTR map"
moria,Khazad-dûm,land,me_anduin_vale_region,MOA,hold,"LOTR, Book II, Ch. 4"
carrock,The Carrock,land,me_anduin_vale_region,BEO,village,"The Hobbit, Ch. 7"
caras_galadhon,Caras Galadhon,land,me_anduin_vale_region,LOR,refuge,"LOTR, Book II, Ch. 7"
dol_guldur,Dol Guldur,land,me_mirkwood_region,DOL,fortress,"LOTR, Appendix B; LOTR map"
thranduil_halls,Thranduil's Halls,land,me_mirkwood_region,WOO,refuge,"The Hobbit, Ch. 9"
esgaroth,Esgaroth,land,me_dale_region,ESG,town,"The Hobbit, Ch. 10"
dale,Dale,land,me_grey_mountains_region,DAL,city,"The Hobbit, Ch. 14"
erebor,Erebor,land,me_grey_mountains_region,ERE,hold,"The Hobbit, Ch. 1"
dorwinion,Dorwinion,land,me_rhun_region,DOR,town,"The Hobbit, Ch. 9; LOTR map"
isengard,Isengard,land,me_rohan_region,ISE,fortress,"LOTR, Book II, Ch. 2; LOTR map"
helms_deep,Helm's Deep,land,me_rohan_region,ROH,fortress,"LOTR, Book III, Ch. 7"
edoras,Edoras,land,me_rohan_region,ROH,city,"LOTR, Book III, Ch. 6"
aldberg,Aldburg,land,me_rohan_region,ROH,town,"LOTR, Appendix A"
dunharrow,Dunharrow,land,me_rohan_region,ROH,fortress,"LOTR, Book V, Ch. 3"
minas_tirith,Minas Tirith,land,me_anorien_region,GON,capital,"LOTR, Book V, Ch. 1"
osgiliath,Osgiliath,land,me_ithilien_region,WILD,ruin,"LOTR, Book V, Ch. 4"
minas_morgul,Minas Morgul,land,me_ithilien_region,MOR,fortress,"LOTR, Book IV, Ch. 8"
morannon,The Morannon,land,me_brown_lands_region,MOR,fortress,"LOTR, Book IV, Ch. 3"
barad_dur,Barad-dûr,land,me_ithilien_region,MOR,capital,"LOTR, Book II, Ch. 2"
mount_doom,Orodruin,land,me_ithilien_region,MOR,landmark,"LOTR, Book VI, Ch. 3"
nurn_fields,Fields of Nurn,land,me_ithilien_region,MOR,town,"LOTR, Book VI, Ch. 2"
pelargir,Pelargir,land,me_lebennin_region,GON,city,"LOTR, Book V, Ch. 9"
dol_amroth,Dol Amroth,land,me_belfalas_region,DAM,city,"LOTR, Book V, Ch. 1"
linhir,Linhir,land,me_lebennin_region,GON,town,"LOTR, Book V, Ch. 2"
calembel,Calembel,land,me_belfalas_region,GON,town,"LOTR, Book V, Ch. 2"
erech,Erech,land,me_rohan_region,GON,town,"LOTR, Book V, Ch. 2"
umbar,Umbar,land,me_umbar_region,UMB,city,"LOTR, Appendix A; LOTR map"
pelennor,Pelennor,land,me_anorien_region,GON,landmark,"LOTR, Book V, Ch. 1"
me_land_0001,Coldbay,land,me_forochel_region,LOS,place,† M3 regional lexicon
me_land_0002,Driftbay,land,me_forochel_region,LOS,place,† M3 regional lexicon
me_land_0003,Amon adarath,land,me_lindon_region,LIN,place,† M3 regional lexicon
me_land_0004,Dol adarath,land,me_lebennin_region,GON,place,† M3 regional lexicon
me_land_0005,Ashbag,land,me_ithilien_region,MOR,place,† M3 regional lexicon
me_land_0006,Azgbag,land,me_ithilien_region,MOR,place,† M3 regional lexicon
me_land_0007,Alderbank,land,me_enedwaith_region,DUN,place,† M3 regional lexicon
me_land_0008,Balach,land,me_rhun_region,RH2,place,† M3 regional lexicon
me_land_0009,Aldberg,land,me_rohan_region,ROH,place,† M3 regional lexicon
me_land_0010,Borach,land,me_rhun_region,RH2,place,† M3 regional lexicon
me_land_0011,Eithel adarath,land,me_ithilien_region,WILD,wilderness,† M3 regional lexicon
me_land_0012,Gathach,land,me_rhun_region,RH2,place,† M3 regional lexicon
me_land_0013,Narchost,land,me_brown_lands_region,MOR,fortress,"LOTR, Book V, Ch. 10"
me_land_0014,Amberbank,land,me_dale_region,ESG,place,† M3 regional lexicon
me_land_0015,Frostbay,land,me_forochel_region,LOS,place,† M3 regional lexicon
me_land_0016,Blackbag,land,me_mordor_region,MOR,place,† M3 regional lexicon
me_land_0017,Burzbag,land,me_mirkwood_region,DOL,place,† M3 regional lexicon
me_land_0018,Emyn adarath,land,me_anduin_vale_region,LOR,place,† M3 regional lexicon
me_land_0019,Karmach,land,me_rhun_region,RH2,place,† M3 regional lexicon
me_land_0020,Imlad adarath,land,me_lebennin_region,GON,place,† M3 regional lexicon
me_land_0021,Beorberg,land,me_rohan_region,ROH,place,† M3 regional lexicon
me_land_0022,Azrabad,land,me_near_harad_region,HRA,place,† M3 regional lexicon
me_land_0023,Ashbank,land,me_enedwaith_region,WILD,wilderness,† M3 regional lexicon
me_land_0024,Bardbank,land,me_rhun_region,DOR,place,† M3 regional lexicon
me_land_0025,Dushbag,land,me_mordor_region,MOR,place,† M3 regional lexicon
me_land_0026,Ghashbag,land,me_mordor_region,MOR,place,† M3 regional lexicon
me_land_0027,Barrowbank,land,me_enedwaith_region,DUN,place,† M3 regional lexicon
me_land_0028,Icebay,land,me_northern_wastes_region,WILD,wilderness,† M3 regional lexicon
me_land_0029,Gorbag,land,me_mordor_region,MOR,place,† M3 regional lexicon
me_land_0030,Beaconbank,land,me_enedwaith_region,DUN,place,† M3 regional lexicon
me_land_0031,Blackbank,land,me_anduin_vale_region,WILD,wilderness,† M3 regional lexicon
me_land_0032,Bearbank,land,me_anduin_vale_region,BEO,place,† M3 regional lexicon
me_land_0033,Minas adarath,land,me_ithilien_region,GON,place,† M3 regional lexicon
me_land_0034,Ost adarath,land,me_lebennin_region,GON,place,† M3 regional lexicon
me_land_0035,Azanabad,land,me_lindon_region,BLU,place,† M3 regional lexicon
me_land_0036,Taur adarath,land,me_ithilien_region,WILD,wilderness,† M3 regional lexicon
me_land_0037,Bar adarath,land,me_belfalas_region,GON,place,† M3 regional lexicon
me_land_0038,Khurach,land,me_rhun_region,RH2,place,† M3 regional lexicon
me_land_0039,Bregoberg,land,me_rohan_region,ROH,place,† M3 regional lexicon
me_land_0040,Barazabad,land,me_grey_mountains_region,ERE,place,† M3 regional lexicon
me_land_0041,Calen adarath,land,me_north_arnor_region,WILD,wilderness,† M3 regional lexicon
me_land_0042,Lodach,land,me_rhun_region,RH2,place,† M3 regional lexicon
me_land_0043,Celon adarath,land,me_belfalas_region,GON,place,† M3 regional lexicon
me_land_0044,Narach,land,me_rhun_region,RH2,place,† M3 regional lexicon
me_land_0045,Northbay,land,me_forochel_region,LOS,place,† M3 regional lexicon
me_land_0046,Bramblebank,land,me_enedwaith_region,WILD,wilderness,† M3 regional lexicon
me_land_0047,Cair Andros,land,me_ithilien_region,GON,fortress,"LOTR, Book V, Ch. 4"
me_land_0048,Bahrabad,land,me_near_harad_region,HRA,place,† M3 regional lexicon
me_land_0049,Darabad,land,me_far_harad_region,HRA,place,† M3 regional lexicon
me_land_0050,Nim adarath,land,me_lebennin_region,GON,place,† M3 regional lexicon
me_land_0051,Ceorlberg,land,me_rohan_region,ROH,place,† M3 regional lexicon
me_land_0052,Amon aelath,land,me_mirkwood_region,WOO,place,† M3 regional lexicon
me_land_0053,Dol aelath,land,me_brown_lands_region,WILD,wilderness,† M3 regional lexicon
me_land_0054,Eithel aelath,land,me_ithilien_region,WILD,wilderness,† M3 regional lexicon
me_land_0055,Rhovach,land,me_rhun_region,RHU,place,† M3 regional lexicon
me_land_0056,Sagach,land,me_rhun_region,RH2,place,† M3 regional lexicon
me_land_0057,Grishbag,land,me_mordor_region,MOR,place,† M3 regional lexicon
me_land_0058,Déorberg,land,me_rohan_region,ROH,place,† M3 regional lexicon
me_land_0059,Farabad,land,me_near_harad_region,HNE,place,† M3 regional lexicon
me_land_0060,Krimpbag,land,me_ithilien_region,MOR,place,† M3 regional lexicon
me_land_0061,Hadrabad,land,me_umbar_region,UMB,place,† M3 regional lexicon
me_land_0062,Sharach,land,me_rhun_region,RH2,place,† M3 regional lexicon
me_land_0063,Lugbag,land,me_mordor_region,MOR,place,† M3 regional lexicon
me_land_0064,Eorlberg,land,me_rohan_region,ROH,place,† M3 regional lexicon
me_land_0065,Bellbank,land,me_dale_region,DAL,place,† M3 regional lexicon
me_land_0066,Bucklandbank,land,me_anduin_vale_region,WILD,wilderness,† M3 regional lexicon
me_land_0067,Uldach,land,me_rhun_region,RH2,place,† M3 regional lexicon
me_land_0068,Cedarbank,land,me_anorien_region,DRU,place,† M3 regional lexicon
me_land_0069,Emyn aelath,land,me_brown_lands_region,WILD,wilderness,† M3 regional lexicon
me_land_0070,Deepbank,land,me_enedwaith_region,DUN,place,† M3 regional lexicon
me_land_0071,Wainach,land,me_rhun_region,RHU,place,† M3 regional lexicon
me_land_0072,Mauhbag,land,me_north_arnor_region,ANG,place,† M3 regional lexicon
me_land_0073,Imlad aelath,land,me_lebennin_region,GON,place,† M3 regional lexicon
me_land_0074,Folcberg,land,me_rohan_region,ROH,place,† M3 regional lexicon
me_land_0075,Palebay,land,me_northern_wastes_region,WILD,wilderness,† M3 regional lexicon
me_land_0076,Zorach,land,me_rhun_region,RHU,place,† M3 regional lexicon
me_land_0077,Sealbay,land,me_northern_wastes_region,WILD,wilderness,† M3 regional lexicon
me_land_0078,Arzak,land,me_khand_region,KHA,place,† M3 regional lexicon
me_land_0079,Minas aelath,land,me_belfalas_region,DAM,place,† M3 regional lexicon
me_land_0080,Ost aelath,land,me_belfalas_region,DAM,place,† M3 regional lexicon
me_land_0081,Amon Hen,land,me_rohan_region,ROH,ruin,"LOTR, Book II, Ch. 10"
me_land_0082,Balkak,land,me_khand_region,KHA,place,† M3 regional lexicon
me_land_0083,Taur aelath,land,me_lindon_region,LIN,place,† M3 regional lexicon
me_land_0084,Eastbank,land,me_enedwaith_region,WILD,wilderness,† M3 regional lexicon
me_land_0085,Bar aelath,land,me_lindon_region,LIN,place,† M3 regional lexicon
me_land_0086,Calen aelath,land,me_north_arnor_region,WILD,wilderness,† M3 regional lexicon
me_land_0087,Celon aelath,land,me_brown_lands_region,WILD,wilderness,† M3 regional lexicon
me_land_0088,Nim aelath,land,me_anduin_vale_region,LOR,place,† M3 regional lexicon
me_land_0089,Bowbank,land,me_rhun_region,DOR,place,† M3 regional lexicon
me_land_0090,Amon annonath,land,me_lindon_region,LIN,place,† M3 regional lexicon
me_land_0091,Framberg,land,me_rohan_region,ROH,place,† M3 regional lexicon
me_land_0092,Greenbank,land,me_enedwaith_region,DUN,place,† M3 regional lexicon
me_land_0093,Snowbay,land,me_forochel_region,LOS,place,† M3 regional lexicon
me_land_0094,Muzgbag,land,me_mordor_region,MOR,place,† M3 regional lexicon
me_land_0095,Kharabad,land,me_near_harad_region,HRA,place,† M3 regional lexicon
me_land_0096,Drazak,land,me_khand_region,KHA,place,† M3 regional lexicon
me_land_0097,Balad,land,me_rhun_region,RH2,place,† M3 regional lexicon
me_land_0098,Dol annonath,land,me_north_arnor_region,WILD,wilderness,† M3 regional lexicon
me_land_0099,Nazgbag,land,me_mordor_region,MOR,place,† M3 regional lexicon
me_land_0100,Alderbark,land,me_rohan_region,FAN,place,† M3 regional lexicon
me_land_0101,Borad,land,me_rhun_region,RH3,place,† M3 regional lexicon
me_land_0102,Greybank,land,me_mirkwood_region,WDM,place,† M3 regional lexicon
me_land_0103,Longbank,land,me_enedwaith_region,DUN,place,† M3 regional lexicon
me_land_0104,Northbank,land,me_anduin_vale_region,WDM,place,† M3 regional lexicon
me_land_0105,Grimberg,land,me_rohan_region,ROH,place,† M3 regional lexicon
me_land_0106,Oakbank,land,me_enedwaith_region,DUN,place,† M3 regional lexicon
me_land_0107,Eithel annonath,land,me_north_arnor_region,WILD,wilderness,† M3 regional lexicon
me_land_0108,Emyn annonath,land,me_ithilien_region,WILD,wilderness,† M3 regional lexicon
me_land_0109,Skaibag,land,me_ithilien_region,MOR,place,† M3 regional lexicon
me_land_0110,Southbank,land,me_mirkwood_region,WDM,place,† M3 regional lexicon
me_land_0111,Imlad annonath,land,me_belfalas_region,DAM,place,† M3 regional lexicon
me_land_0112,Helmberg,land,me_rohan_region,ROH,place,† M3 regional lexicon
me_land_0113,Minas annonath,land,me_lindon_region,LIN,place,† M3 regional lexicon
me_land_0114,Gathad,land,me_rhun_region,RHU,place,† M3 regional lexicon
me_land_0115,Ost annonath,land,me_brown_lands_region,WILD,wilderness,† M3 regional lexicon
me_land_0116,Taur annonath,land,me_north_arnor_region,WILD,wilderness,† M3 regional lexicon
me_land_0117,Bar annonath,land,me_belfalas_region,DAM,place,† M3 regional lexicon
me_land_0118,Dunland Moot,land,me_enedwaith_region,DUN,town,† political seat invented because canon gives Dunland no capital
me_land_0119,Mahrabad,land,me_near_harad_region,UMB,place,† M3 regional lexicon
me_land_0120,Starbay,land,me_northern_wastes_region,WILD,wilderness,† M3 regional lexicon
me_land_0121,Calen annonath,land,me_mirkwood_region,WOO,place,† M3 regional lexicon
me_land_0122,Stonebank,land,me_enedwaith_region,WILD,wilderness,† M3 regional lexicon
me_land_0123,Uglbag,land,me_mordor_region,MOR,place,† M3 regional lexicon
me_land_0124,Celon annonath,land,me_belfalas_region,DAM,place,† M3 regional lexicon
me_land_0125,Heruberg,land,me_rohan_region,ROH,place,† M3 regional lexicon
me_land_0126,Léodberg,land,me_rohan_region,ROH,place,† M3 regional lexicon
me_land_0127,Westbank,land,me_anduin_vale_region,WDM,place,† M3 regional lexicon
me_land_0128,Nim annonath,land,me_anduin_vale_region,LOR,place,† M3 regional lexicon
me_land_0129,Urukbag,land,me_mordor_region,MOR,place,† M3 regional lexicon
me_land_0130,Ashburz,land,me_angmar_region,GUN,place,† M3 regional lexicon
me_land_0131,Gharak,land,me_khand_region,KHA,place,† M3 regional lexicon
me_land_0132,Forochel Camp,land,me_forochel_region,LOS,camp,† seasonal seat invented for the Lossoth polity
me_land_0133,Karmad,land,me_rhun_region,RH2,place,† M3 regional lexicon
me_land_0134,Amon belath,land,me_belfalas_region,GON,place,† M3 regional lexicon
me_land_0135,Whitebay,land,me_northern_wastes_region,WILD,wilderness,† M3 regional lexicon
me_land_0136,Dol belath,land,me_lebennin_region,GON,place,† M3 regional lexicon
me_land_0137,Alderbourne,land,me_enedwaith_region,WILD,wilderness,† M3 regional lexicon
me_land_0138,Ridberg,land,me_rohan_region,ROH,place,† M3 regional lexicon
me_land_0139,Winterbay,land,me_forochel_region,LOS,place,† M3 regional lexicon
me_land_0140,Eithel belath,land,me_south_gondor_region,GON,place,† M3 regional lexicon
me_land_0141,Kandak,land,me_khand_region,KHA,place,† M3 regional lexicon
me_land_0142,Applebank,land,me_shire_breeland_region,WILD,wilderness,† M3 regional lexicon
me_land_0143,Emyn belath,land,me_mirkwood_region,WOO,place,† M3 regional lexicon
me_land_0144,Imlad belath,land,me_belfalas_region,GON,place,† M3 regional lexicon
me_land_0145,Khurad,land,me_rhun_region,RH2,place,† M3 regional lexicon
me_land_0146,Minas belath,land,me_anduin_vale_region,LOR,place,† M3 regional lexicon
me_land_0147,Thengelberg,land,me_rohan_region,ROH,place,† M3 regional lexicon
me_land_0148,Ost belath,land,me_anorien_region,GON,place,† M3 regional lexicon
me_land_0149,Taur belath,land,me_anorien_region,GON,place,† M3 regional lexicon
me_land_0150,Lodad,land,me_rhun_region,RHU,place,† M3 regional lexicon
me_land_0151,Narad,land,me_rhun_region,RH3,place,† M3 regional lexicon
me_land_0152,Bar belath,land,me_brown_lands_region,WILD,wilderness,† M3 regional lexicon
me_land_0153,Azgburz,land,me_mordor_region,MOR,place,† M3 regional lexicon
me_land_0154,Calen belath,land,me_lindon_region,LIN,place,† M3 regional lexicon
me_land_0155,Celon belath,land,me_belfalas_region,GON,place,† M3 regional lexicon
me_land_0156,Blackburz,land,me_angmar_region,GUN,place,† M3 regional lexicon
me_land_0157,Rhovad,land,me_rhun_region,RHU,place,† M3 regional lexicon
me_land_0158,Nim belath,land,me_north_arnor_region,WILD,wilderness,† M3 regional lexicon
me_land_0159,Ashbourne,land,me_anduin_vale_region,WILD,wilderness,† M3 regional lexicon
me_land_0160,Coldcamp,land,me_northern_wastes_region,WILD,wilderness,† M3 regional lexicon
me_land_0161,Amon bornath,land,me_lindon_region,LIN,place,† M3 regional lexicon
me_land_0162,Burzburz,land,me_north_arnor_region,ANG,place,† M3 regional lexicon
me_land_0163,Dushburz,land,me_angmar_region,GUN,place,† M3 regional lexicon
me_land_0164,Sagad,land,me_rhun_region,RH2,place,† M3 regional lexicon
me_land_0165,Sharad,land,me_rhun_region,RH2,place,† M3 regional lexicon
me_land_0166,Barrowbourne,land,me_enedwaith_region,WILD,wilderness,† M3 regional lexicon
me_land_0167,Beaconbourne,land,me_enedwaith_region,DUN,place,† M3 regional lexicon
me_land_0168,Woldberg,land,me_rohan_region,ROH,place,† M3 regional lexicon
me_land_0169,Dol bornath,land,me_north_arnor_region,WILD,wilderness,† M3 regional lexicon
me_land_0170,Eithel bornath,land,me_enedwaith_region,RAN,place,† M3 regional lexicon
me_land_0171,Driftcamp,land,me_northern_wastes_region,WILD,wilderness,† M3 regional lexicon
me_land_0172,Bizarabad,land,me_grey_mountains_region,ERE,place,† M3 regional lexicon
me_land_0173,Narabad,land,me_near_harad_region,HNE,place,† M3 regional lexicon
me_land_0174,Blackbourne,land,me_enedwaith_region,DUN,place,† M3 regional lexicon
me_land_0175,Emyn bornath,land,me_brown_lands_region,WILD,wilderness,† M3 regional lexicon
me_land_0176,Uldad,land,me_rhun_region,RH2,place,† M3 regional lexicon
me_land_0177,Beechbark,land,me_anduin_vale_region,FAN,place,† M3 regional lexicon
me_land_0178,Imlad bornath,land,me_mirkwood_region,WOO,place,† M3 regional lexicon
me_land_0179,Ghashburz,land,me_mordor_region,MOR,place,† M3 regional lexicon
me_land_0180,Gorburz,land,me_ithilien_region,MOR,place,† M3 regional lexicon
me_land_0181,Beebank,land,me_anduin_vale_region,BEO,place,† M3 regional lexicon
me_land_0182,Minas bornath,land,me_north_arnor_region,WILD,wilderness,† M3 regional lexicon
me_land_0183,Wainad,land,me_rhun_region,RH2,place,† M3 regional lexicon
me_land_0184,Ost bornath,land,me_belfalas_region,GON,place,† M3 regional lexicon
me_land_0185,Brownbank,land,me_shire_breeland_region,WILD,wilderness,† M3 regional lexicon
me_land_0186,Frostcamp,land,me_northern_wastes_region,WILD,wilderness,† M3 regional lexicon
me_land_0187,Taur bornath,land,me_belfalas_region,GON,place,† M3 regional lexicon
me_land_0188,Bar bornath,land,me_brown_lands_region,WILD,wilderness,† M3 regional lexicon
me_land_0189,Calen bornath,land,me_lebennin_region,GON,place,† M3 regional lexicon
me_land_0190,Grishburz,land,me_mirkwood_region,DOL,place,† M3 regional lexicon
me_land_0191,Celon bornath,land,me_belfalas_region,GON,place,† M3 regional lexicon
me_land_0192,Krimpburz,land,me_mordor_region,MOR,place,† M3 regional lexicon
me_land_0193,Zorad,land,me_rhun_region,RHU,place,† M3 regional lexicon
me_land_0194,Icecamp,land,me_northern_wastes_region,WILD,wilderness,† M3 regional lexicon
me_land_0195,Nim bornath,land,me_belfalas_region,GON,place,† M3 regional lexicon
me_land_0196,Lugburz,land,me_north_arnor_region,ANG,place,† M3 regional lexicon
me_land_0197,Northcamp,land,me_northern_wastes_region,WILD,wilderness,† M3 regional lexicon
me_land_0198,Bramblebourne,land,me_enedwaith_region,DUN,place,† M3 regional lexicon
me_land_0199,Bucklandbourne,land,me_anduin_vale_region,WDM,place,† M3 regional lexicon
me_land_0200,Khazak,land,me_far_harad_region,KHA,place,† M3 regional lexicon
me_land_0201,Amon caranath,land,me_brown_lands_region,WILD,wilderness,† M3 regional lexicon
me_land_0202,Bundabad,land,me_grey_mountains_region,ERE,place,† M3 regional lexicon
me_land_0203,Mauhburz,land,me_anduin_vale_region,MOA,place,† M3 regional lexicon
me_land_0204,Dol caranath,land,me_north_arnor_region,WILD,wilderness,† M3 regional lexicon
me_land_0205,Balar,land,me_rhun_region,RH2,place,† M3 regional lexicon
me_land_0206,Muzgburz,land,me_angmar_region,ANG,place,† M3 regional lexicon
me_land_0207,Borar,land,me_rhun_region,RHU,place,† M3 regional lexicon
me_land_0208,Celduinbank,land,me_rhun_region,DOR,place,† M3 regional lexicon
me_land_0209,Nazgburz,land,me_brown_lands_region,DOL,place,† M3 regional lexicon
me_land_0210,Gathar,land,me_rhun_region,RH2,place,† M3 regional lexicon
me_land_0211,Karmar,land,me_rhun_region,RHU,place,† M3 regional lexicon
me_land_0212,Eithel caranath,land,me_lebennin_region,GON,place,† M3 regional lexicon
me_land_0213,Khurar,land,me_rhun_region,RH2,place,† M3 regional lexicon
me_land_0214,Emyn caranath,land,me_belfalas_region,GON,place,† M3 regional lexicon
me_land_0215,Lodar,land,me_rhun_region,RHU,place,† M3 regional lexicon
me_land_0216,Khorak,land,me_khand_region,KHA,place,† M3 regional lexicon
me_land_0217,Palecamp,land,me_northern_wastes_region,WILD,wilderness,† M3 regional lexicon
me_land_0218,Imlad caranath,land,me_belfalas_region,DAM,place,† M3 regional lexicon
me_land_0219,Skaiburz,land,me_mordor_region,MOR,place,† M3 regional lexicon
me_land_0220,Cedarbourne,land,me_enedwaith_region,DUN,place,† M3 regional lexicon
me_land_0221,Narar,land,me_rhun_region,RHU,place,† M3 regional lexicon
me_land_0222,Ruzak,land,me_near_harad_region,KHA,place,† M3 regional lexicon
me_land_0223,Birchbark,land,me_rohan_region,FAN,place,† M3 regional lexicon
me_land_0224,Skarnak,land,me_khand_region,KHA,place,† M3 regional lexicon
me_land_0225,Sealcamp,land,me_northern_wastes_region,WILD,wilderness,† M3 regional lexicon
me_land_0226,Qasabad,land,me_umbar_region,UMB,place,† M3 regional lexicon
me_land_0227,Rakhabad,land,me_umbar_region,UMB,place,† M3 regional lexicon
me_land_0228,Dalebank,land,me_rhun_region,DOR,place,† M3 regional lexicon
me_land_0229,Uglburz,land,me_mordor_region,MOR,place,† M3 regional lexicon
me_land_0230,Minas caranath,land,me_mirkwood_region,WOO,place,† M3 regional lexicon
me_land_0231,Urukburz,land,me_brown_lands_region,DOL,place,† M3 regional lexicon
me_land_0232,Sahrabad,land,me_umbar_region,UMB,place,† M3 regional lexicon
me_land_0233,Ashdûr,land,me_mordor_region,MOR,place,† M3 regional lexicon
me_land_0234,Ost caranath,land,me_north_arnor_region,WILD,wilderness,† M3 regional lexicon
me_land_0235,Deepbourne,land,me_enedwaith_region,DUN,place,† M3 regional lexicon
me_land_0236,Taur caranath,land,me_brown_lands_region,WILD,wilderness,† M3 regional lexicon
me_land_0237,Azgdûr,land,me_mordor_region,MOR,place,† M3 regional lexicon
me_land_0238,Dumabad,land,me_lindon_region,BLU,place,† M3 regional lexicon
me_land_0239,Bar caranath,land,me_belfalas_region,GON,place,† M3 regional lexicon
me_land_0240,Rhovar,land,me_rhun_region,RH3,place,† M3 regional lexicon
me_land_0241,Calen caranath,land,me_belfalas_region,GON,place,† M3 regional lexicon
me_land_0242,Tazabad,land,me_umbar_region,UMB,place,† M3 regional lexicon
me_land_0243,Blackdûr,land,me_mordor_region,MOR,place,† M3 regional lexicon
me_land_0244,Celon caranath,land,me_lindon_region,LIN,place,† M3 regional lexicon
me_land_0245,Sagar,land,me_rhun_region,RHU,place,† M3 regional lexicon
me_land_0246,Targak,land,me_far_harad_region,KHA,place,† M3 regional lexicon
me_land_0247,Felekabad,land,me_lindon_region,BLU,place,† M3 regional lexicon
me_land_0248,Eastbourne,land,me_anorien_region,DRU,place,† M3 regional lexicon
me_land_0249,Boughbark,land,me_rohan_region,FAN,place,† M3 regional lexicon
me_land_0250,Varkak,land,me_khand_region,KHA,place,† M3 regional lexicon
me_land_0251,Burzdûr,land,me_mordor_region,MOR,place,† M3 regional lexicon
me_land_0252,Umrabad,land,me_near_harad_region,HRA,place,† M3 regional lexicon
me_land_0253,Dushdûr,land,me_mordor_region,MOR,place,† M3 regional lexicon
me_land_0254,Ghashdûr,land,me_ithilien_region,MOR,place,† M3 regional lexicon
me_land_0255,Nim caranath,land,me_ithilien_region,WILD,wilderness,† M3 regional lexicon
me_land_0256,Aldburna,land,me_rohan_region,ROH,place,† M3 regional lexicon
me_land_0257,Amon duinath,land,me_south_gondor_region,GON,place,† M3 regional lexicon
me_land_0258,Gordûr,land,me_ithilien_region,MOR,place,† M3 regional lexicon
me_land_0259,Dol duinath,land,me_north_arnor_region,RIV,place,† M3 regional lexicon
me_land_0260,Sharar,land,me_rhun_region,RH2,place,† M3 regional lexicon
me_land_0261,Uldar,land,me_rhun_region,RHU,place,† M3 regional lexicon
me_land_0262,Wainar,land,me_rhun_region,RH2,place,† M3 regional lexicon
me_land_0263,Zorar,land,me_rhun_region,RH2,place,† M3 regional lexicon
me_land_0264,Balath,land,me_rhun_region,RH2,place,† M3 regional lexicon
me_land_0265,Greenbourne,land,me_anduin_vale_region,WILD,wilderness,† M3 regional lexicon
me_land_0266,Grishdûr,land,me_grey_mountains_region,GUN,place,† M3 regional lexicon
me_land_0267,Krimpdûr,land,me_mordor_region,MOR,place,† M3 regional lexicon
me_land_0268,Eithel duinath,land,me_lebennin_region,GON,place,† M3 regional lexicon
me_land_0269,Amon Lhaw,land,me_rohan_region,ROH,ruin,"LOTR, Book II, Ch. 9"
me_land_0270,Snowcamp,land,me_northern_wastes_region,WILD,wilderness,† M3 regional lexicon
me_land_0271,Greybourne,land,me_enedwaith_region,DUN,place,† M3 regional lexicon
me_land_0272,Butterbank,land,me_shire_breeland_region,SHI,place,† M3 regional lexicon
me_land_0273,Emyn duinath,land,me_north_arnor_region,WILD,wilderness,† M3 regional lexicon
me_land_0274,Borath,land,me_rhun_region,RHU,place,† M3 regional lexicon
me_land_0275,Lugdûr,land,me_brown_lands_region,DOL,place,† M3 regional lexicon
me_land_0276,Imlad duinath,land,me_north_arnor_region,WILD,wilderness,† M3 regional lexicon
me_land_0277,Longbourne,land,me_anduin_vale_region,WILD,wilderness,† M3 regional lexicon
me_land_0278,Minas duinath,land,me_north_arnor_region,WILD,wilderness,† M3 regional lexicon
me_land_0279,Esgarbank,land,me_rhun_region,DOR,place,† M3 regional lexicon
me_land_0280,Zarabad,land,me_near_harad_region,HNE,place,† M3 regional lexicon
me_land_0281,Northbourne,land,me_enedwaith_region,WILD,wilderness,† M3 regional lexicon
me_land_0282,Gathath,land,me_rhun_region,RH3,place,† M3 regional lexicon
me_land_0283,Ost duinath,land,me_lindon_region,LIN,place,† M3 regional lexicon
me_land_0284,Taur duinath,land,me_lindon_region,LIN,place,† M3 regional lexicon
me_land_0285,Mauhdûr,land,me_enedwaith_region,ISE,place,† M3 regional lexicon
me_land_0286,Azrahir,land,me_near_harad_region,HNE,place,† M3 regional lexicon
me_land_0287,Karmath,land,me_rhun_region,RH2,place,† M3 regional lexicon
me_land_0288,Muzgdûr,land,me_mordor_region,MOR,place,† M3 regional lexicon
me_land_0289,Bar duinath,land,me_brown_lands_region,WILD,wilderness,† M3 regional lexicon
me_land_0290,Khurath,land,me_rhun_region,RH2,place,† M3 regional lexicon
me_land_0291,Carrockbank,land,me_mirkwood_region,BEO,place,† M3 regional lexicon
me_land_0292,Calen duinath,land,me_north_arnor_region,WILD,wilderness,† M3 regional lexicon
me_land_0293,Celon duinath,land,me_mirkwood_region,WOO,place,† M3 regional lexicon
me_land_0294,Lodath,land,me_rhun_region,RHU,place,† M3 regional lexicon
me_land_0295,Nim duinath,land,me_brown_lands_region,WILD,wilderness,† M3 regional lexicon
me_land_0296,Amon falasath,land,me_anorien_region,GON,place,† M3 regional lexicon
me_land_0297,Oakbourne,land,me_enedwaith_region,DUN,place,† M3 regional lexicon
me_land_0298,Nazgdûr,land,me_anduin_vale_region,GOB,place,† M3 regional lexicon
me_land_0299,Narath,land,me_rhun_region,RH3,place,† M3 regional lexicon
me_land_0300,Skaidûr,land,me_mordor_region,MOR,place,† M3 regional lexicon
me_land_0301,Kingbank,land,me_dale_region,ESG,place,† M3 regional lexicon
me_land_0302,Southbourne,land,me_mirkwood_region,WDM,place,† M3 regional lexicon
me_land_0303,Dol falasath,land,me_north_arnor_region,WILD,wilderness,† M3 regional lexicon
me_land_0304,Stonebourne,land,me_enedwaith_region,WILD,wilderness,† M3 regional lexicon
me_land_0305,Carchost,land,me_brown_lands_region,MOR,fortress,"LOTR, Book V, Ch. 10"
me_land_0306,Ugldûr,land,me_mordor_region,MOR,place,† M3 regional lexicon
me_land_0307,Gamilabad,land,me_grey_mountains_region,ERE,place,† M3 regional lexicon
me_land_0308,Eithel falasath,land,me_north_arnor_region,WILD,wilderness,† M3 regional lexicon
me_land_0309,Emyn falasath,land,me_brown_lands_region,WILD,wilderness,† M3 regional lexicon
me_land_0310,Westbourne,land,me_enedwaith_region,DUN,place,† M3 regional lexicon
me_land_0311,Imlad falasath,land,me_lindon_region,LIN,place,† M3 regional lexicon
me_land_0312,Alderbridge,land,me_enedwaith_region,WILD,wilderness,† M3 regional lexicon
me_land_0313,Urukdûr,land,me_mordor_region,MOR,place,† M3 regional lexicon
me_land_0314,Minas falasath,land,me_mirkwood_region,WOO,place,† M3 regional lexicon
me_land_0315,Rhovath,land,me_rhun_region,RH2,place,† M3 regional lexicon
me_land_0316,Bahrahir,land,me_near_harad_region,HNE,place,† M3 regional lexicon
me_land_0317,Ashbridge,land,me_enedwaith_region,WILD,wilderness,† M3 regional lexicon
me_land_0318,Starcamp,land,me_northern_wastes_region,WILD,wilderness,† M3 regional lexicon
me_land_0319,Sagath,land,me_rhun_region,RHU,place,† M3 regional lexicon
me_land_0320,Ost falasath,land,me_belfalas_region,DAM,place,† M3 regional lexicon
me_land_0321,Barrowbridge,land,me_enedwaith_region,DUN,place,† M3 regional lexicon
me_land_0322,Taur falasath,land,me_lindon_region,LIN,place,† M3 regional lexicon
me_land_0323,Gatholabad,land,me_lindon_region,BLU,place,† M3 regional lexicon
me_land_0324,Beaconbridge,land,me_enedwaith_region,WILD,wilderness,† M3 regional lexicon
me_land_0325,Beorburna,land,me_rohan_region,ROH,place,† M3 regional lexicon
me_land_0326,Bar falasath,land,me_south_gondor_region,GON,place,† M3 regional lexicon
me_land_0327,Darahir,land,me_near_harad_region,UMB,place,† M3 regional lexicon
me_land_0328,Farahir,land,me_near_harad_region,HRA,place,† M3 regional lexicon
me_land_0329,Whitecamp,land,me_northern_wastes_region,WILD,wilderness,† M3 regional lexicon
me_land_0330,Sharath,land,me_rhun_region,RH2,place,† M3 regional lexicon
me_land_0331,Calen falasath,land,me_mirkwood_region,WOO,place,† M3 regional lexicon
me_land_0332,Uldath,land,me_rhun_region,RH2,place,† M3 regional lexicon
me_land_0333,Ashfang,land,me_mordor_region,MOR,place,† M3 regional lexicon
me_land_0334,Celon falasath,land,me_brown_lands_region,WILD,wilderness,† M3 regional lexicon
me_land_0335,Blackbridge,land,me_mirkwood_region,WDM,place,† M3 regional lexicon
me_land_0336,Wainath,land,me_rhun_region,RHU,place,† M3 regional lexicon
me_land_0337,Hadrahir,land,me_near_harad_region,HNE,place,† M3 regional lexicon
me_land_0338,Lond Daer,land,me_enedwaith_region,WILD,ruin,"Unfinished Tales, The History of Galadriel and Celeborn"
me_land_0339,Zorath,land,me_rhun_region,RH3,place,† M3 regional lexicon
me_land_0340,Azgfang,land,me_ithilien_region,MOR,place,† M3 regional lexicon
me_land_0341,Blackfang,land,me_mordor_region,MOR,place,† M3 regional lexicon
me_land_0342,Nim falasath,land,me_north_arnor_region,WILD,wilderness,† M3 regional lexicon
me_land_0343,Amon galenath,land,me_north_arnor_region,WILD,wilderness,† M3 regional lexicon
me_land_0344,Balen,land,me_rhun_region,RHU,place,† M3 regional lexicon
me_land_0345,Lakebank,land,me_rhun_region,DOR,place,† M3 regional lexicon
me_land_0346,Boren,land,me_rhun_region,RH2,place,† M3 regional lexicon
me_land_0347,Bramblebridge,land,me_enedwaith_region,DUN,place,† M3 regional lexicon
me_land_0348,Dol galenath,land,me_south_gondor_region,GON,place,† M3 regional lexicon
me_land_0349,Bregoburna,land,me_rohan_region,ROH,place,† M3 regional lexicon
me_land_0350,Burzfang,land,me_anduin_vale_region,GOB,place,† M3 regional lexicon
me_land_0351,Dushfang,land,me_ithilien_region,MOR,place,† M3 regional lexicon
me_land_0352,Ghashfang,land,me_mirkwood_region,DOL,place,† M3 regional lexicon
me_land_0353,Bucklandbridge,land,me_enedwaith_region,WILD,wilderness,† M3 regional lexicon
me_land_0354,Eithel galenath,land,me_lebennin_region,GON,place,† M3 regional lexicon
me_land_0355,Kharahir,land,me_near_harad_region,UMB,place,† M3 regional lexicon
me_land_0356,Mahrahir,land,me_umbar_region,UMB,place,† M3 regional lexicon
me_land_0357,Emyn galenath,land,me_north_arnor_region,WILD,wilderness,† M3 regional lexicon
me_land_0358,Gathen,land,me_rhun_region,RH2,place,† M3 regional lexicon
me_land_0359,Imlad galenath,land,me_lindon_region,LIN,place,† M3 regional lexicon
me_land_0360,Gorfang,land,me_brown_lands_region,DOL,place,† M3 regional lexicon
me_land_0361,Wintercamp,land,me_northern_wastes_region,WILD,wilderness,† M3 regional lexicon
me_land_0362,Narahir,land,me_umbar_region,UMB,place,† M3 regional lexicon
me_land_0363,Coldfell,land,me_northern_wastes_region,WILD,wilderness,† M3 regional lexicon
me_land_0364,Grishfang,land,me_mordor_region,MOR,place,† M3 regional lexicon
me_land_0365,Krimpfang,land,me_ithilien_region,MOR,place,† M3 regional lexicon
me_land_0366,Lugfang,land,me_mordor_region,MOR,place,† M3 regional lexicon
me_land_0367,Cedarbridge,land,me_shire_breeland_region,BRE,place,† M3 regional lexicon
me_land_0368,Ravenbank,land,me_rhun_region,DOR,place,† M3 regional lexicon
me_land_0369,Driftfell,land,me_northern_wastes_region,WILD,wilderness,† M3 regional lexicon
me_land_0370,Zandak,land,me_khand_region,KHA,place,† M3 regional lexicon
me_land_0371,Cloverbank,land,me_shire_breeland_region,SHI,place,† M3 regional lexicon
me_land_0372,Arzan,land,me_khand_region,KHA,place,† M3 regional lexicon
me_land_0373,Derndingle,land,me_rohan_region,FAN,refuge,"LOTR, Book III, Ch. 4"
me_land_0374,Frostfell,land,me_northern_wastes_region,WILD,wilderness,† M3 regional lexicon
me_land_0375,Deepbridge,land,me_enedwaith_region,WILD,wilderness,† M3 regional lexicon
me_land_0376,Icefell,land,me_northern_wastes_region,WILD,wilderness,† M3 regional lexicon
me_land_0377,Eastbridge,land,me_enedwaith_region,DUN,place,† M3 regional lexicon
me_land_0378,Minas galenath,land,me_brown_lands_region,WILD,wilderness,† M3 regional lexicon
me_land_0379,Ost galenath,land,me_belfalas_region,DAM,place,† M3 regional lexicon
me_land_0380,Karmen,land,me_rhun_region,RHU,place,† M3 regional lexicon
me_land_0381,Greenbridge,land,me_enedwaith_region,DUN,place,† M3 regional lexicon
me_land_0382,Dimplebank,land,me_shire_breeland_region,SHI,place,† M3 regional lexicon
me_land_0383,Khazabad,land,me_lindon_region,BLU,place,† M3 regional lexicon
me_land_0384,Northfell,land,me_northern_wastes_region,WILD,wilderness,† M3 regional lexicon
me_land_0385,Greybridge,land,me_enedwaith_region,WILD,wilderness,† M3 regional lexicon
me_land_0386,Goldenbank,land,me_anduin_vale_region,BEO,place,† M3 regional lexicon
me_land_0387,Taur galenath,land,me_lebennin_region,GON,place,† M3 regional lexicon
me_land_0388,Bar galenath,land,me_north_arnor_region,WILD,wilderness,† M3 regional lexicon
me_land_0389,Khuren,land,me_rhun_region,RHU,place,† M3 regional lexicon
me_land_0390,Calen galenath,land,me_lebennin_region,GON,place,† M3 regional lexicon
me_land_0391,Loden,land,me_rhun_region,RH2,place,† M3 regional lexicon
me_land_0392,Mauhfang,land,me_grey_mountains_region,GUN,place,† M3 regional lexicon
me_land_0393,Palefell,land,me_northern_wastes_region,WILD,wilderness,† M3 regional lexicon
me_land_0394,Celon galenath,land,me_north_arnor_region,RIV,place,† M3 regional lexicon
me_land_0395,Qasahir,land,me_umbar_region,UMB,place,† M3 regional lexicon
me_land_0396,Rakhahir,land,me_near_harad_region,HNE,place,† M3 regional lexicon
me_land_0397,Ceorlburna,land,me_rohan_region,ROH,place,† M3 regional lexicon
me_land_0398,Sahrahir,land,me_umbar_region,UMB,place,† M3 regional lexicon
me_land_0399,Muzgfang,land,me_grey_mountains_region,GUN,place,† M3 regional lexicon
me_land_0400,Nazgfang,land,me_mordor_region,MOR,place,† M3 regional lexicon
me_land_0401,Naren,land,me_rhun_region,RHU,place,† M3 regional lexicon
me_land_0402,Longbridge,land,me_enedwaith_region,WILD,wilderness,† M3 regional lexicon
me_land_0403,Balkan,land,me_khand_region,KHA,place,† M3 regional lexicon
me_land_0404,Drazan,land,me_khand_region,KHA,place,† M3 regional lexicon
me_land_0405,Rhoven,land,me_rhun_region,RH2,place,† M3 regional lexicon
me_land_0406,Gharan,land,me_khand_region,KHA,place,† M3 regional lexicon
me_land_0407,Tazahir,land,me_far_harad_region,HRA,place,† M3 regional lexicon
me_land_0408,Déorburna,land,me_rohan_region,ROH,place,† M3 regional lexicon
me_land_0409,Sagen,land,me_rhun_region,RHU,place,† M3 regional lexicon
me_land_0410,Sharen,land,me_rhun_region,RHU,place,† M3 regional lexicon
me_land_0411,Kandan,land,me_far_harad_region,KHA,place,† M3 regional lexicon
me_land_0412,Honeybank,land,me_anduin_vale_region,BEO,place,† M3 regional lexicon
me_land_0413,Ulden,land,me_rhun_region,RHU,place,† M3 regional lexicon
me_land_0414,Umrahir,land,me_umbar_region,UMB,place,† M3 regional lexicon
me_land_0415,Skaifang,land,me_mordor_region,MOR,place,† M3 regional lexicon
me_land_0416,Nim galenath,land,me_north_arnor_region,WILD,wilderness,† M3 regional lexicon
me_land_0417,Amon gondath,land,me_lindon_region,LIN,place,† M3 regional lexicon
me_land_0418,Zarahir,land,me_far_harad_region,HFA,place,† M3 regional lexicon
me_land_0419,Wainen,land,me_rhun_region,RHU,place,† M3 regional lexicon
me_land_0420,Northbridge,land,me_enedwaith_region,WILD,wilderness,† M3 regional lexicon
me_land_0421,Oakbridge,land,me_mirkwood_region,WDM,place,† M3 regional lexicon
me_land_0422,Eorlburna,land,me_rohan_region,ROH,place,† M3 regional lexicon
me_land_0423,Dol gondath,land,me_north_arnor_region,WILD,wilderness,† M3 regional lexicon
me_land_0424,Eithel gondath,land,me_north_arnor_region,WILD,wilderness,† M3 regional lexicon
me_land_0425,Azramar,land,me_near_harad_region,HRA,place,† M3 regional lexicon
me_land_0426,Fernbank,land,me_shire_breeland_region,SHI,place,† M3 regional lexicon
me_land_0427,Zoren,land,me_rhun_region,RH2,place,† M3 regional lexicon
me_land_0428,Sealfell,land,me_northern_wastes_region,WILD,wilderness,† M3 regional lexicon
me_land_0429,Balod,land,me_rhun_region,RHU,place,† M3 regional lexicon
me_land_0430,Emyn gondath,land,me_south_gondor_region,GON,place,† M3 regional lexicon
me_land_0431,Southbridge,land,me_enedwaith_region,DUN,place,† M3 regional lexicon
me_land_0432,Stonebridge,land,me_anduin_vale_region,WILD,wilderness,† M3 regional lexicon
me_land_0433,Westbridge,land,me_anduin_vale_region,WDM,place,† M3 regional lexicon
me_land_0434,Alderbrook,land,me_enedwaith_region,DUN,place,† M3 regional lexicon
me_land_0435,Ashbrook,land,me_enedwaith_region,DUN,place,† M3 regional lexicon
me_land_0436,Redbank,land,me_dale_region,DAL,place,† M3 regional lexicon
me_land_0437,Barrowbrook,land,me_enedwaith_region,DUN,place,† M3 regional lexicon
me_land_0438,Borod,land,me_rhun_region,RH2,place,† M3 regional lexicon
me_land_0439,Gathod,land,me_rhun_region,RH2,place,† M3 regional lexicon
me_land_0440,Karmod,land,me_rhun_region,RH2,place,† M3 regional lexicon
me_land_0441,Uglfang,land,me_anduin_vale_region,GOB,place,† M3 regional lexicon
me_land_0442,Imlad gondath,land,me_ithilien_region,WILD,wilderness,† M3 regional lexicon
me_land_0443,Urukfang,land,me_mordor_region,MOR,place,† M3 regional lexicon
me_land_0444,Beaconbrook,land,me_anduin_vale_region,WILD,wilderness,† M3 regional lexicon
me_land_0445,Bahramar,land,me_umbar_region,UMB,place,† M3 regional lexicon
me_land_0446,Ashgash,land,me_ithilien_region,MOR,place,† M3 regional lexicon
me_land_0447,Minas gondath,land,me_north_arnor_region,RAN,place,† M3 regional lexicon
me_land_0448,Khurod,land,me_rhun_region,RH2,place,† M3 regional lexicon
me_land_0449,Blackbrook,land,me_enedwaith_region,DUN,place,† M3 regional lexicon
me_land_0450,Ost gondath,land,me_north_arnor_region,WILD,wilderness,† M3 regional lexicon
me_land_0451,Azggash,land,me_rohan_region,ISE,place,† M3 regional lexicon
me_land_0452,Lodod,land,me_rhun_region,RH2,place,† M3 regional lexicon
me_land_0453,Narod,land,me_rhun_region,RH2,place,† M3 regional lexicon
me_land_0454,Taur gondath,land,me_south_gondor_region,GON,place,† M3 regional lexicon
me_land_0455,Amberby,land,me_rhun_region,DOR,place,† M3 regional lexicon
me_land_0456,Bramblebrook,land,me_enedwaith_region,WILD,wilderness,† M3 regional lexicon
me_land_0457,Bucklandbrook,land,me_enedwaith_region,DUN,place,† M3 regional lexicon
me_land_0458,Rhovod,land,me_rhun_region,RHU,place,† M3 regional lexicon
me_land_0459,Bar gondath,land,me_anduin_vale_region,LOR,place,† M3 regional lexicon
me_land_0460,Calen gondath,land,me_belfalas_region,DAM,place,† M3 regional lexicon
me_land_0461,Kheledabad,land,me_lindon_region,BLU,place,† M3 regional lexicon
me_land_0462,Bardby,land,me_dale_region,ESG,place,† M3 regional lexicon
me_land_0463,Bellby,land,me_rhun_region,DOR,place,† M3 regional lexicon
me_land_0464,Daramar,land,me_near_harad_region,HNE,place,† M3 regional lexicon
me_land_0465,Celon gondath,land,me_lindon_region,LIN,place,† M3 regional lexicon
me_land_0466,Snowfell,land,me_northern_wastes_region,WILD,wilderness,† M3 regional lexicon
me_land_0467,Nim gondath,land,me_brown_lands_region,WILD,wilderness,† M3 regional lexicon
me_land_0468,Sagod,land,me_rhun_region,RHU,place,† M3 regional lexicon
me_land_0469,Nargabad,land,me_lindon_region,BLU,place,† M3 regional lexicon
me_land_0470,Khazan,land,me_khand_region,KHA,place,† M3 regional lexicon
me_land_0471,Faramar,land,me_umbar_region,UMB,place,† M3 regional lexicon
me_land_0472,Amon lothath,land,me_mirkwood_region,WOO,place,† M3 regional lexicon
me_land_0473,Starfell,land,me_northern_wastes_region,WILD,wilderness,† M3 regional lexicon
me_land_0474,Cedarbrook,land,me_enedwaith_region,WILD,wilderness,† M3 regional lexicon
me_land_0475,Khoran,land,me_khand_region,KHA,place,† M3 regional lexicon
me_land_0476,Dol lothath,land,me_north_arnor_region,WILD,wilderness,† M3 regional lexicon
me_land_0477,Deepbrook,land,me_enedwaith_region,WILD,wilderness,† M3 regional lexicon
me_land_0478,Eithel lothath,land,me_belfalas_region,GON,place,† M3 regional lexicon
me_land_0479,Eastbrook,land,me_enedwaith_region,DUN,place,† M3 regional lexicon
me_land_0480,Hadramar,land,me_umbar_region,UMB,place,† M3 regional lexicon
me_land_0481,Ruzan,land,me_khand_region,KHA,place,† M3 regional lexicon
me_land_0482,Haybank,land,me_shire_breeland_region,SHI,place,† M3 regional lexicon
me_land_0483,Emyn lothath,land,me_north_arnor_region,WILD,wilderness,† M3 regional lexicon
me_land_0484,Greenbrook,land,me_anduin_vale_region,WILD,wilderness,† M3 regional lexicon
me_land_0485,Sharod,land,me_rhun_region,RHU,place,† M3 regional lexicon
me_land_0486,Imlad lothath,land,me_lindon_region,LIN,place,† M3 regional lexicon
me_land_0487,Kharamar,land,me_umbar_region,UMB,place,† M3 regional lexicon
me_land_0488,Folcburna,land,me_rohan_region,ROH,place,† M3 regional lexicon
me_land_0489,Blackgash,land,me_mordor_region,MOR,place,† M3 regional lexicon
me_land_0490,Whitefell,land,me_northern_wastes_region,WILD,wilderness,† M3 regional lexicon
me_land_0491,Burzgash,land,me_anduin_vale_region,GOB,place,† M3 regional lexicon
me_land_0492,Dushgash,land,me_mordor_region,MOR,place,† M3 regional lexicon
me_land_0493,Uldod,land,me_rhun_region,RHU,place,† M3 regional lexicon
me_land_0494,Minas lothath,land,me_belfalas_region,DAM,place,† M3 regional lexicon
me_land_0495,Winterfell,land,me_northern_wastes_region,WILD,wilderness,† M3 regional lexicon
me_land_0496,Coldfloe,land,me_forochel_region,LOS,place,† M3 regional lexicon
me_land_0497,Ost lothath,land,me_north_arnor_region,RAN,place,† M3 regional lexicon
me_land_0498,Bowby,land,me_rhun_region,DOR,place,† M3 regional lexicon
me_land_0499,Skarnan,land,me_khand_region,KHA,place,† M3 regional lexicon
me_land_0500,Driftfloe,land,me_northern_wastes_region,WILD,wilderness,† M3 regional lexicon
me_land_0501,Targan,land,me_near_harad_region,KHA,place,† M3 regional lexicon
me_land_0502,Taur lothath,land,me_north_arnor_region,RIV,place,† M3 regional lexicon
me_land_0503,Wainod,land,me_rhun_region,RHU,place,† M3 regional lexicon
me_land_0504,Ghashgash,land,me_rohan_region,ISE,place,† M3 regional lexicon
me_land_0505,Hazelbank,land,me_shire_breeland_region,SHI,place,† M3 regional lexicon
me_land_0506,Mahramar,land,me_umbar_region,UMB,place,† M3 regional lexicon
me_land_0507,Frostfloe,land,me_northern_wastes_region,WILD,wilderness,† M3 regional lexicon
me_land_0508,Bar lothath,land,me_south_gondor_region,GON,place,† M3 regional lexicon
me_land_0509,Riverbank,land,me_anduin_vale_region,BEO,place,† M3 regional lexicon
me_land_0510,Lithlad,land,me_ithilien_region,MOR,landmark,LOTR map
me_land_0511,Framburna,land,me_rohan_region,ROH,place,† M3 regional lexicon
me_land_0512,Calen lothath,land,me_brown_lands_region,WILD,wilderness,† M3 regional lexicon
me_land_0513,Gorgash,land,me_angmar_region,GUN,place,† M3 regional lexicon
me_land_0514,Grishgash,land,me_mordor_region,MOR,place,† M3 regional lexicon
me_land_0515,Naramar,land,me_umbar_region,UMB,place,† M3 regional lexicon
me_land_0516,Krimpgash,land,me_mordor_region,MOR,place,† M3 regional lexicon
me_land_0517,Luggash,land,me_mordor_region,MOR,place,† M3 regional lexicon
me_land_0518,Grimburna,land,me_rohan_region,ROH,place,† M3 regional lexicon
me_land_0519,Elmbark,land,me_rohan_region,FAN,place,† M3 regional lexicon
me_land_0520,Celon lothath,land,me_brown_lands_region,WILD,wilderness,† M3 regional lexicon
me_land_0521,Mauhgash,land,me_ithilien_region,MOR,place,† M3 regional lexicon
me_land_0522,Zorod,land,me_rhun_region,RH2,place,† M3 regional lexicon
me_land_0523,Nim lothath,land,me_north_arnor_region,WILD,wilderness,† M3 regional lexicon
me_land_0524,Muzggash,land,me_rohan_region,ISE,place,† M3 regional lexicon
me_land_0525,Balor,land,me_rhun_region,RH3,place,† M3 regional lexicon
me_land_0526,Hollybank,land,me_shire_breeland_region,SHI,place,† M3 regional lexicon
me_land_0527,Amon mornath,land,me_anorien_region,GON,place,† M3 regional lexicon
me_land_0528,Greybrook,land,me_mirkwood_region,WDM,place,† M3 regional lexicon
me_land_0529,Nazggash,land,me_north_arnor_region,ANG,place,† M3 regional lexicon
me_land_0530,Dol mornath,land,me_lebennin_region,GON,place,† M3 regional lexicon
me_land_0531,Eithel mornath,land,me_north_arnor_region,RIV,place,† M3 regional lexicon
me_land_0532,Skaigash,land,me_mordor_region,MOR,place,† M3 regional lexicon
me_land_0533,Emyn mornath,land,me_lebennin_region,GON,place,† M3 regional lexicon
me_land_0534,Skinbank,land,me_anduin_vale_region,BEO,place,† M3 regional lexicon
me_land_0535,Imlad mornath,land,me_north_arnor_region,WILD,wilderness,† M3 regional lexicon
me_land_0536,Boror,land,me_rhun_region,RHU,place,† M3 regional lexicon
me_land_0537,Uglgash,land,me_angmar_region,GUN,place,† M3 regional lexicon
me_land_0538,Urukgash,land,me_mordor_region,MOR,place,† M3 regional lexicon
me_land_0539,Qasamar,land,me_near_harad_region,HNE,place,† M3 regional lexicon
me_land_0540,Ashglob,land,me_mordor_region,MOR,place,† M3 regional lexicon
me_land_0541,Gathor,land,me_rhun_region,RH2,place,† M3 regional lexicon
me_land_0542,Minas mornath,land,me_mirkwood_region,WOO,place,† M3 regional lexicon
me_land_0543,Rakhamar,land,me_far_harad_region,HRA,place,† M3 regional lexicon
me_land_0544,Azgglob,land,me_north_arnor_region,ANG,place,† M3 regional lexicon
me_land_0545,Sahramar,land,me_near_harad_region,HNE,place,† M3 regional lexicon
me_land_0546,Ost mornath,land,me_mirkwood_region,WOO,place,† M3 regional lexicon
me_land_0547,Qarsad,land,me_near_harad_region,HRA,city,† Haradrim city-king's seat invented for southern political texture
me_land_0548,Tazamar,land,me_far_harad_region,HRA,place,† M3 regional lexicon
me_land_0549,Karmor,land,me_rhun_region,RHU,place,† M3 regional lexicon
me_land_0550,Blackglob,land,me_ithilien_region,MOR,place,† M3 regional lexicon
me_land_0551,Taur mornath,land,me_anduin_vale_region,LOR,place,† M3 regional lexicon
me_land_0552,Burzglob,land,me_mordor_region,MOR,place,† M3 regional lexicon
me_land_0553,Dushglob,land,me_mordor_region,MOR,place,† M3 regional lexicon
me_land_0554,Longbrook,land,me_enedwaith_region,WILD,wilderness,† M3 regional lexicon
me_land_0555,Bar mornath,land,me_belfalas_region,GON,place,† M3 regional lexicon
me_land_0556,Northbrook,land,me_enedwaith_region,WILD,wilderness,† M3 regional lexicon
me_land_0557,Calen mornath,land,me_south_gondor_region,GON,place,† M3 regional lexicon
me_land_0558,Merrybank,land,me_shire_breeland_region,SHI,place,† M3 regional lexicon
me_land_0559,Oakbrook,land,me_enedwaith_region,DUN,place,† M3 regional lexicon
me_land_0560,Celon mornath,land,me_lindon_region,LIN,place,† M3 regional lexicon
me_land_0561,Nim mornath,land,me_north_arnor_region,WILD,wilderness,† M3 regional lexicon
me_land_0562,Southbrook,land,me_enedwaith_region,DUN,place,† M3 regional lexicon
me_land_0563,Amon nenath,land,me_ithilien_region,WILD,wilderness,† M3 regional lexicon
me_land_0564,Ghashglob,land,me_rohan_region,ISE,place,† M3 regional lexicon
me_land_0565,Gorglob,land,me_mordor_region,MOR,place,† M3 regional lexicon
me_land_0566,Stonebrook,land,me_enedwaith_region,DUN,place,† M3 regional lexicon
me_land_0567,Westbrook,land,me_enedwaith_region,WILD,wilderness,† M3 regional lexicon
me_land_0568,Helmburna,land,me_rohan_region,ROH,place,† M3 regional lexicon
me_land_0569,Grishglob,land,me_brown_lands_region,DOL,place,† M3 regional lexicon
me_land_0570,Heruburna,land,me_rohan_region,ROH,place,† M3 regional lexicon
me_land_0571,Dol nenath,land,me_north_arnor_region,RAN,place,† M3 regional lexicon
me_land_0572,Alderdown,land,me_mirkwood_region,WDM,place,† M3 regional lexicon
me_land_0573,Khuror,land,me_rhun_region,RH3,place,† M3 regional lexicon
me_land_0574,Krimpglob,land,me_mordor_region,MOR,place,† M3 regional lexicon
me_land_0575,Ashdown,land,me_enedwaith_region,WILD,wilderness,† M3 regional lexicon
me_land_0576,Lugglob,land,me_mordor_region,MOR,place,† M3 regional lexicon
me_land_0577,Eithel nenath,land,me_brown_lands_region,WILD,wilderness,† M3 regional lexicon
me_land_0578,Umramar,land,me_near_harad_region,UMB,place,† M3 regional lexicon
me_land_0579,Emyn nenath,land,me_belfalas_region,GON,place,† M3 regional lexicon
me_land_0580,Firbark,land,me_anduin_vale_region,FAN,place,† M3 regional lexicon
me_land_0581,Imlad nenath,land,me_ithilien_region,WILD,wilderness,† M3 regional lexicon
me_land_0582,Minas nenath,land,me_north_arnor_region,WILD,wilderness,† M3 regional lexicon
me_land_0583,Ost nenath,land,me_brown_lands_region,WILD,wilderness,† M3 regional lexicon
me_land_0584,Taur nenath,land,me_lebennin_region,GON,place,† M3 regional lexicon
me_land_0585,Mossbank,land,me_shire_breeland_region,SHI,place,† M3 regional lexicon
me_land_0586,Nutbank,land,me_shire_breeland_region,WILD,wilderness,† M3 regional lexicon
me_land_0587,Mauhglob,land,me_mordor_region,MOR,place,† M3 regional lexicon
me_land_0588,Muzgglob,land,me_mordor_region,MOR,place,† M3 regional lexicon
me_land_0589,Varkan,land,me_far_harad_region,KHA,place,† M3 regional lexicon
me_land_0590,Bar nenath,land,me_mirkwood_region,WOO,place,† M3 regional lexicon
me_land_0591,Nazgglob,land,me_anduin_vale_region,MOA,place,† M3 regional lexicon
me_land_0592,Zaramar,land,me_far_harad_region,HFA,place,† M3 regional lexicon
me_land_0593,Calen nenath,land,me_brown_lands_region,WILD,wilderness,† M3 regional lexicon
me_land_0594,Celon nenath,land,me_belfalas_region,DAM,place,† M3 regional lexicon
me_land_0595,Zandan,land,me_khand_region,KHA,place,† M3 regional lexicon
me_land_0596,Lodor,land,me_rhun_region,RH2,place,† M3 regional lexicon
me_land_0597,Naror,land,me_rhun_region,RHU,place,† M3 regional lexicon
me_land_0598,Rhovor,land,me_rhun_region,RHU,place,† M3 regional lexicon
me_land_0599,Nim nenath,land,me_brown_lands_region,WILD,wilderness,† M3 regional lexicon
me_land_0600,Icefloe,land,me_northern_wastes_region,WILD,wilderness,† M3 regional lexicon
me_land_0601,Harnenhold,land,me_near_harad_region,HNE,city,† seat invented from the River Harnen border
me_land_0602,Azran,land,me_umbar_region,UMB,place,† M3 regional lexicon
me_land_0603,Valebank,land,me_mirkwood_region,BEO,place,† M3 regional lexicon
me_land_0604,Sagor,land,me_rhun_region,RHU,place,† M3 regional lexicon
me_land_0605,Bahran,land,me_near_harad_region,HNE,place,† M3 regional lexicon
me_land_0606,Skaiglob,land,me_mordor_region,MOR,place,† M3 regional lexicon
me_land_0607,Amon rathath,land,me_north_arnor_region,WILD,wilderness,† M3 regional lexicon
me_land_0608,Dol rathath,land,me_north_arnor_region,WILD,wilderness,† M3 regional lexicon
me_land_0609,Barrowdown,land,me_enedwaith_region,WILD,wilderness,† M3 regional lexicon
me_land_0610,Wildbank,land,me_anduin_vale_region,BEO,place,† M3 regional lexicon
me_land_0611,Sharor,land,me_rhun_region,RHU,place,† M3 regional lexicon
me_land_0612,Eithel rathath,land,me_north_arnor_region,WILD,wilderness,† M3 regional lexicon
me_land_0613,Uglglob,land,me_mordor_region,MOR,place,† M3 regional lexicon
me_land_0614,Beacondown,land,me_enedwaith_region,WILD,wilderness,† M3 regional lexicon
me_land_0615,Emyn rathath,land,me_lebennin_region,GON,place,† M3 regional lexicon
me_land_0616,Urukglob,land,me_mordor_region,MOR,place,† M3 regional lexicon
me_land_0617,Ashgrat,land,me_mordor_region,MOR,place,† M3 regional lexicon
me_land_0618,Imlad rathath,land,me_mirkwood_region,WOO,place,† M3 regional lexicon
me_land_0619,Minas rathath,land,me_north_arnor_region,WILD,wilderness,† M3 regional lexicon
me_land_0620,Rushbank,land,me_shire_breeland_region,SHI,place,† M3 regional lexicon
me_land_0621,Azggrat,land,me_brown_lands_region,DOL,place,† M3 regional lexicon
me_land_0622,Blackgrat,land,me_ithilien_region,MOR,place,† M3 regional lexicon
me_land_0623,Uldor,land,me_rhun_region,RHU,place,† M3 regional lexicon
me_land_0624,Burzgrat,land,me_ithilien_region,MOR,place,† M3 regional lexicon
me_land_0625,Ost rathath,land,me_brown_lands_region,WILD,wilderness,† M3 regional lexicon
me_land_0626,Blackdown,land,me_enedwaith_region,WILD,wilderness,† M3 regional lexicon
me_land_0627,Taur rathath,land,me_north_arnor_region,WILD,wilderness,† M3 regional lexicon
me_land_0628,Woodbank,land,me_anduin_vale_region,BEO,place,† M3 regional lexicon
me_land_0629,Brambledown,land,me_anduin_vale_region,WILD,wilderness,† M3 regional lexicon
me_land_0630,Northfloe,land,me_northern_wastes_region,WILD,wilderness,† M3 regional lexicon
me_land_0631,Bar rathath,land,me_belfalas_region,GON,place,† M3 regional lexicon
me_land_0632,Calen rathath,land,me_lindon_region,LIN,place,† M3 regional lexicon
me_land_0633,Palefloe,land,me_northern_wastes_region,WILD,wilderness,† M3 regional lexicon
me_land_0634,Wainor,land,me_rhun_region,RH3,place,† M3 regional lexicon
me_land_0635,Celon rathath,land,me_north_arnor_region,WILD,wilderness,† M3 regional lexicon
me_land_0636,Bucklanddown,land,me_enedwaith_region,DUN,place,† M3 regional lexicon
me_land_0637,Zoror,land,me_rhun_region,RHU,place,† M3 regional lexicon
me_land_0638,Nim rathath,land,me_north_arnor_region,WILD,wilderness,† M3 regional lexicon
me_land_0639,Amon sarnath,land,me_lindon_region,LIN,place,† M3 regional lexicon
me_land_0640,Arzar,land,me_far_harad_region,KHA,place,† M3 regional lexicon
me_land_0641,Balun,land,me_rhun_region,RHU,place,† M3 regional lexicon
me_land_0642,Thistlebank,land,me_shire_breeland_region,SHI,place,† M3 regional lexicon
me_land_0643,Dol sarnath,land,me_belfalas_region,GON,place,† M3 regional lexicon
me_land_0644,Willowbank,land,me_shire_breeland_region,SHI,place,† M3 regional lexicon
me_land_0645,Cedardown,land,me_enedwaith_region,WILD,wilderness,† M3 regional lexicon
me_land_0646,Léodburna,land,me_rohan_region,ROH,place,† M3 regional lexicon
me_land_0647,Dushgrat,land,me_ithilien_region,MOR,place,† M3 regional lexicon
me_land_0648,Deepdown,land,me_anduin_vale_region,WILD,wilderness,† M3 regional lexicon
me_land_0649,Borun,land,me_rhun_region,RH3,place,† M3 regional lexicon
me_land_0650,Eithel sarnath,land,me_brown_lands_region,WILD,wilderness,† M3 regional lexicon
me_land_0651,Gathun,land,me_rhun_region,RH2,place,† M3 regional lexicon
me_land_0652,Ridburna,land,me_rohan_region,ROH,place,† M3 regional lexicon
me_land_0653,Balkar,land,me_near_harad_region,KHA,place,† M3 regional lexicon
me_land_0654,Emyn sarnath,land,me_belfalas_region,DAM,place,† M3 regional lexicon
me_land_0655,Imlad sarnath,land,me_lindon_region,LIN,place,† M3 regional lexicon
me_land_0656,Drazar,land,me_khand_region,KHA,place,† M3 regional lexicon
me_land_0657,Sealfloe,land,me_forochel_region,LOS,place,† M3 regional lexicon
me_land_0658,Minas sarnath,land,me_brown_lands_region,WILD,wilderness,† M3 regional lexicon
me_land_0659,Ost sarnath,land,me_north_arnor_region,WILD,wilderness,† M3 regional lexicon
me_land_0660,Eastdown,land,me_anduin_vale_region,WILD,wilderness,† M3 regional lexicon
me_land_0661,Taur sarnath,land,me_lindon_region,LIN,place,† M3 regional lexicon
me_land_0662,Bar sarnath,land,me_brown_lands_region,WILD,wilderness,† M3 regional lexicon
me_land_0663,Snowfloe,land,me_northern_wastes_region,WILD,wilderness,† M3 regional lexicon
me_land_0664,Karmun,land,me_rhun_region,RH2,place,† M3 regional lexicon
me_land_0665,Calen sarnath,land,me_mirkwood_region,WOO,place,† M3 regional lexicon
me_land_0666,Greendown,land,me_enedwaith_region,WILD,wilderness,† M3 regional lexicon
me_land_0667,Starfloe,land,me_forochel_region,LOS,place,† M3 regional lexicon
me_land_0668,Gharar,land,me_khand_region,KHA,place,† M3 regional lexicon
me_land_0669,Celon sarnath,land,me_ithilien_region,GON,place,† M3 regional lexicon
me_land_0670,Nim sarnath,land,me_lindon_region,LIN,place,† M3 regional lexicon
me_land_0671,Amon thoronath,land,me_lindon_region,LIN,place,† M3 regional lexicon
me_land_0672,Khurun,land,me_rhun_region,RHU,place,† M3 regional lexicon
me_land_0673,Lodun,land,me_rhun_region,RH2,place,† M3 regional lexicon
me_land_0674,Ghashgrat,land,me_anduin_vale_region,MOA,place,† M3 regional lexicon
me_land_0675,Kandar,land,me_khand_region,KHA,place,† M3 regional lexicon
me_land_0676,Dol thoronath,land,me_north_arnor_region,WILD,wilderness,† M3 regional lexicon
me_land_0677,Gorgrat,land,me_mordor_region,MOR,place,† M3 regional lexicon
me_land_0678,Celduinby,land,me_rhun_region,DOR,place,† M3 regional lexicon
me_land_0679,Daleby,land,me_dale_region,DAL,place,† M3 regional lexicon
me_land_0680,Grishgrat,land,me_ithilien_region,MOR,place,† M3 regional lexicon
me_land_0681,Krimpgrat,land,me_angmar_region,GUN,place,† M3 regional lexicon
me_land_0682,Eithel thoronath,land,me_north_arnor_region,RAN,place,† M3 regional lexicon
me_land_0683,Khazar,land,me_khand_region,KHA,place,† M3 regional lexicon
me_land_0684,Daran,land,me_umbar_region,UMB,place,† M3 regional lexicon
me_land_0685,Whitefloe,land,me_northern_wastes_region,WILD,wilderness,† M3 regional lexicon
me_land_0686,Narun,land,me_rhun_region,RH2,place,† M3 regional lexicon
me_land_0687,Applebottom,land,me_shire_breeland_region,WILD,wilderness,† M3 regional lexicon
me_land_0688,Winterfloe,land,me_northern_wastes_region,WILD,wilderness,† M3 regional lexicon
me_land_0689,Greydown,land,me_anorien_region,DRU,place,† M3 regional lexicon
me_land_0690,Emyn thoronath,land,me_north_arnor_region,WILD,wilderness,† M3 regional lexicon
me_land_0691,Longdown,land,me_enedwaith_region,WILD,wilderness,† M3 regional lexicon
me_land_0692,Northdown,land,me_enedwaith_region,DUN,place,† M3 regional lexicon
me_land_0693,Oakdown,land,me_enedwaith_region,DUN,place,† M3 regional lexicon
me_land_0694,Bramblebottom,land,me_shire_breeland_region,WILD,wilderness,† M3 regional lexicon
me_land_0695,Imlad thoronath,land,me_north_arnor_region,WILD,wilderness,† M3 regional lexicon
me_land_0696,Minas thoronath,land,me_mirkwood_region,WOO,place,† M3 regional lexicon
me_land_0697,Thengelburna,land,me_rohan_region,ROH,place,† M3 regional lexicon
me_land_0698,Ost thoronath,land,me_lindon_region,LIN,place,† M3 regional lexicon
me_land_0699,Luggrat,land,me_mordor_region,MOR,place,† M3 regional lexicon
me_land_0700,Taur thoronath,land,me_lindon_region,LIN,place,† M3 regional lexicon
me_land_0701,Bar thoronath,land,me_north_arnor_region,WILD,wilderness,† M3 regional lexicon
me_land_0702,Mauhgrat,land,me_angmar_region,GUN,place,† M3 regional lexicon
me_land_0703,Calen thoronath,land,me_north_arnor_region,WILD,wilderness,† M3 regional lexicon
me_land_0704,Southdown,land,me_enedwaith_region,DUN,place,† M3 regional lexicon
me_land_0705,Muzggrat,land,me_mordor_region,MOR,place,† M3 regional lexicon
me_land_0706,Celon thoronath,land,me_north_arnor_region,WILD,wilderness,† M3 regional lexicon
me_land_0707,Nazggrat,land,me_mordor_region,MOR,place,† M3 regional lexicon
me_land_0708,Coldhaven,land,me_northern_wastes_region,WILD,wilderness,† M3 regional lexicon
me_land_0709,Nim thoronath,land,me_lindon_region,LIN,place,† M3 regional lexicon
me_land_0710,Rhovun,land,me_rhun_region,RH3,place,† M3 regional lexicon
me_land_0711,Skaigrat,land,me_mordor_region,MOR,place,† M3 regional lexicon
me_land_0712,Uglgrat,land,me_mordor_region,MOR,place,† M3 regional lexicon
me_land_0713,Stonedown,land,me_anduin_vale_region,WDM,place,† M3 regional lexicon
me_land_0714,Drifthaven,land,me_northern_wastes_region,WILD,wilderness,† M3 regional lexicon
me_land_0715,Khorar,land,me_khand_region,KHA,place,† M3 regional lexicon
me_land_0716,Amon adardor,land,me_brown_lands_region,WILD,wilderness,† M3 regional lexicon
me_land_0717,Ruzar,land,me_khand_region,KHA,place,† M3 regional lexicon
me_land_0718,Urukgrat,land,me_ithilien_region,MOR,place,† M3 regional lexicon
me_land_0719,Sagun,land,me_rhun_region,RH2,place,† M3 regional lexicon
me_land_0720,Westdown,land,me_enedwaith_region,DUN,place,† M3 regional lexicon
me_land_0721,Leafbark,land,me_rohan_region,FAN,place,† M3 regional lexicon
me_land_0722,Skarnar,land,me_far_harad_region,KHA,place,† M3 regional lexicon
me_land_0723,Sharun,land,me_rhun_region,RHU,place,† M3 regional lexicon
me_land_0724,Dol adardor,land,me_north_arnor_region,RAN,place,† M3 regional lexicon
me_land_0725,Ashkrak,land,me_ithilien_region,MOR,place,† M3 regional lexicon
me_land_0726,Eastby,land,me_rhun_region,DOR,place,† M3 regional lexicon
me_land_0727,Oakbark,land,me_anduin_vale_region,FAN,place,† M3 regional lexicon
me_land_0728,Azgkrak,land,me_mordor_region,MOR,place,† M3 regional lexicon
me_land_0729,Eithel adardor,land,me_north_arnor_region,RAN,place,† M3 regional lexicon
me_land_0730,Esgarby,land,me_rhun_region,DOR,place,† M3 regional lexicon
me_land_0731,Frosthaven,land,me_northern_wastes_region,WILD,wilderness,† M3 regional lexicon
me_land_0732,Emyn adardor,land,me_north_arnor_region,WILD,wilderness,† M3 regional lexicon
me_land_0733,The Argonath,land,me_rohan_region,ROH,ruin,"LOTR, Book II, Ch. 9"
me_land_0734,Alderfield,land,me_enedwaith_region,DUN,place,† M3 regional lexicon
me_land_0735,Imlad adardor,land,me_brown_lands_region,WILD,wilderness,† M3 regional lexicon
me_land_0736,Blackkrak,land,me_mordor_region,MOR,place,† M3 regional lexicon
me_land_0737,Targar,land,me_near_harad_region,KHA,place,† M3 regional lexicon
me_land_0738,Uldun,land,me_rhun_region,RH3,place,† M3 regional lexicon
me_land_0739,Faran,land,me_far_harad_region,HRA,place,† M3 regional lexicon
me_land_0740,Wainun,land,me_rhun_region,RH2,place,† M3 regional lexicon
me_land_0741,Varkar,land,me_far_harad_region,KHA,place,† M3 regional lexicon
me_land_0742,Kingby,land,me_rhun_region,DOR,place,† M3 regional lexicon
me_land_0743,Burzkrak,land,me_mordor_region,MOR,place,† M3 regional lexicon
me_land_0744,Zorun,land,me_rhun_region,RH2,place,† M3 regional lexicon
me_land_0745,Zandar,land,me_khand_region,KHA,place,† M3 regional lexicon
me_land_0746,Balur,land,me_rhun_region,RHU,place,† M3 regional lexicon
me_land_0747,Woldburna,land,me_rohan_region,ROH,place,† M3 regional lexicon
me_land_0748,Hadran,land,me_near_harad_region,HRA,place,† M3 regional lexicon
me_land_0749,Minas adardor,land,me_lebennin_region,GON,place,† M3 regional lexicon
me_land_0750,Borur,land,me_rhun_region,RH2,place,† M3 regional lexicon
me_land_0751,Firien Wood,land,me_rohan_region,ROH,landmark,"LOTR, Appendix A"
me_land_0752,Ost adardor,land,me_brown_lands_region,WILD,wilderness,† M3 regional lexicon
me_land_0753,Kharan,land,me_near_harad_region,UMB,place,† M3 regional lexicon
me_land_0754,Gathur,land,me_rhun_region,RHU,place,† M3 regional lexicon
me_land_0755,Karmur,land,me_rhun_region,RH3,place,† M3 regional lexicon
me_land_0756,Taur adardor,land,me_ithilien_region,WILD,wilderness,† M3 regional lexicon
me_land_0757,Bar adardor,land,me_lebennin_region,GON,place,† M3 regional lexicon
me_land_0758,Calen adardor,land,me_north_arnor_region,WILD,wilderness,† M3 regional lexicon
me_land_0759,Alddenu,land,me_rohan_region,ROH,place,† M3 regional lexicon
me_land_0760,Rowanbark,land,me_anduin_vale_region,FAN,place,† M3 regional lexicon
me_land_0761,Lakeby,land,me_rhun_region,DOR,place,† M3 regional lexicon
me_land_0762,Icehaven,land,me_northern_wastes_region,WILD,wilderness,† M3 regional lexicon
me_land_0763,Brownbottom,land,me_shire_breeland_region,SHI,place,† M3 regional lexicon
me_land_0764,Mahran,land,me_far_harad_region,HFA,place,† M3 regional lexicon
me_land_0765,Dushkrak,land,me_mordor_region,MOR,place,† M3 regional lexicon
me_land_0766,Ashfield,land,me_enedwaith_region,DUN,place,† M3 regional lexicon
me_land_0767,Celon adardor,land,me_lindon_region,LIN,place,† M3 regional lexicon
me_land_0768,Nim adardor,land,me_north_arnor_region,WILD,wilderness,† M3 regional lexicon
me_land_0769,Ghashkrak,land,me_mordor_region,MOR,place,† M3 regional lexicon
me_land_0770,Beordenu,land,me_rohan_region,ROH,place,† M3 regional lexicon
me_land_0771,Khurur,land,me_rhun_region,RHU,place,† M3 regional lexicon
me_land_0772,Gorkrak,land,me_ithilien_region,MOR,place,† M3 regional lexicon
me_land_0773,Naran,land,me_umbar_region,UMB,place,† M3 regional lexicon
me_land_0774,Lodur,land,me_rhun_region,RHU,place,† M3 regional lexicon
me_land_0775,Amon aeldor,land,me_north_arnor_region,WILD,wilderness,† M3 regional lexicon
me_land_0776,Grishkrak,land,me_mordor_region,MOR,place,† M3 regional lexicon
me_land_0777,Dol aeldor,land,me_mirkwood_region,WOO,place,† M3 regional lexicon
me_land_0778,Butterbottom,land,me_shire_breeland_region,WILD,wilderness,† M3 regional lexicon
me_land_0779,Barrowfield,land,me_anorien_region,DRU,place,† M3 regional lexicon
me_land_0780,Krimpkrak,land,me_mordor_region,MOR,place,† M3 regional lexicon
me_land_0781,Eithel aeldor,land,me_anduin_vale_region,LOR,place,† M3 regional lexicon
me_land_0782,Arzash,land,me_far_harad_region,KHA,place,† M3 regional lexicon
me_land_0783,Northhaven,land,me_northern_wastes_region,WILD,wilderness,† M3 regional lexicon
me_land_0784,Bregodenu,land,me_rohan_region,ROH,place,† M3 regional lexicon
me_land_0785,Ceorldenu,land,me_rohan_region,ROH,place,† M3 regional lexicon
me_land_0786,Qasan,land,me_umbar_region,UMB,place,† M3 regional lexicon
me_land_0787,Lugkrak,land,me_mordor_region,MOR,place,† M3 regional lexicon
me_land_0788,Palehaven,land,me_forochel_region,LOS,place,† M3 regional lexicon
me_land_0789,Mauhkrak,land,me_mordor_region,MOR,place,† M3 regional lexicon
me_land_0790,Narur,land,me_rhun_region,RHU,place,† M3 regional lexicon
me_land_0791,Beaconfield,land,me_enedwaith_region,DUN,place,† M3 regional lexicon
me_land_0792,Sealhaven,land,me_northern_wastes_region,WILD,wilderness,† M3 regional lexicon
me_land_0793,Rakhan,land,me_far_harad_region,HRA,place,† M3 regional lexicon
me_land_0794,Blackfield,land,me_anorien_region,DRU,place,† M3 regional lexicon
me_land_0795,Balkash,land,me_khand_region,KHA,place,† M3 regional lexicon
me_land_0796,Cloverbottom,land,me_shire_breeland_region,WILD,wilderness,† M3 regional lexicon
me_land_0797,Rhovur,land,me_rhun_region,RH2,place,† M3 regional lexicon
me_land_0798,Sagur,land,me_rhun_region,RH2,place,† M3 regional lexicon
me_land_0799,Emyn aeldor,land,me_ithilien_region,WILD,wilderness,† M3 regional lexicon
me_land_0800,Sharur,land,me_rhun_region,RH2,place,† M3 regional lexicon
me_land_0801,Snowhaven,land,me_northern_wastes_region,WILD,wilderness,† M3 regional lexicon
me_land_0802,Drazash,land,me_khand_region,KHA,place,† M3 regional lexicon
me_land_0803,Gharash,land,me_far_harad_region,KHA,place,† M3 regional lexicon
me_land_0804,Imlad aeldor,land,me_north_arnor_region,WILD,wilderness,† M3 regional lexicon
me_land_0805,Muzgkrak,land,me_mirkwood_region,DOL,place,† M3 regional lexicon
me_land_0806,Nazgkrak,land,me_mordor_region,MOR,place,† M3 regional lexicon
me_land_0807,Skaikrak,land,me_enedwaith_region,ISE,place,† M3 regional lexicon
me_land_0808,Uglkrak,land,me_grey_mountains_region,GUN,place,† M3 regional lexicon
me_land_0809,Sharabad,land,me_lindon_region,BLU,place,† M3 regional lexicon
me_land_0810,Bramblefield,land,me_enedwaith_region,DUN,place,† M3 regional lexicon
me_land_0811,Minas aeldor,land,me_north_arnor_region,WILD,wilderness,† M3 regional lexicon
me_land_0812,Bucklandfield,land,me_enedwaith_region,WILD,wilderness,† M3 regional lexicon
me_land_0813,Urukkrak,land,me_mordor_region,MOR,place,† M3 regional lexicon
me_land_0814,Starhaven,land,me_northern_wastes_region,WILD,wilderness,† M3 regional lexicon
me_land_0815,Ashlug,land,me_mordor_region,MOR,place,† M3 regional lexicon
me_land_0816,Déordenu,land,me_rohan_region,ROH,place,† M3 regional lexicon
me_land_0817,Ost aeldor,land,me_lindon_region,LIN,place,† M3 regional lexicon
me_land_0818,Azglug,land,me_mordor_region,MOR,place,† M3 regional lexicon
me_land_0819,Blacklug,land,me_ithilien_region,MOR,place,† M3 regional lexicon
me_land_0820,Whitehaven,land,me_northern_wastes_region,WILD,wilderness,† M3 regional lexicon
me_land_0821,Eorldenu,land,me_rohan_region,ROH,place,† M3 regional lexicon
me_land_0822,Taur aeldor,land,me_north_arnor_region,RAN,place,† M3 regional lexicon
me_land_0823,Cedarfield,land,me_enedwaith_region,DUN,place,† M3 regional lexicon
me_land_0824,Kandash,land,me_far_harad_region,KHA,place,† M3 regional lexicon
me_land_0825,Khazash,land,me_far_harad_region,KHA,place,† M3 regional lexicon
me_land_0826,Deepfield,land,me_enedwaith_region,DUN,place,† M3 regional lexicon
me_land_0827,Winterhaven,land,me_northern_wastes_region,WILD,wilderness,† M3 regional lexicon
me_land_0828,Longby,land,me_rhun_region,DOR,place,† M3 regional lexicon
me_land_0829,Coldmere,land,me_northern_wastes_region,WILD,wilderness,† M3 regional lexicon
me_land_0830,Bearden,land,me_anduin_vale_region,BEO,place,† M3 regional lexicon
me_land_0831,Bar aeldor,land,me_belfalas_region,DAM,place,† M3 regional lexicon
me_land_0832,Khorash,land,me_khand_region,KHA,place,† M3 regional lexicon
me_land_0833,Calen aeldor,land,me_belfalas_region,DAM,place,† M3 regional lexicon
me_land_0834,Celon aeldor,land,me_north_arnor_region,WILD,wilderness,† M3 regional lexicon
me_land_0835,Uldur,land,me_rhun_region,RH2,place,† M3 regional lexicon
me_land_0836,Beeden,land,me_anduin_vale_region,BEO,place,† M3 regional lexicon
me_land_0837,Ruzash,land,me_khand_region,KHA,place,† M3 regional lexicon
me_land_0838,Wainur,land,me_rhun_region,RHU,place,† M3 regional lexicon
me_land_0839,Zorur,land,me_rhun_region,RH2,place,† M3 regional lexicon
me_land_0840,Sahran,land,me_umbar_region,UMB,place,† M3 regional lexicon
me_land_0841,Nim aeldor,land,me_north_arnor_region,WILD,wilderness,† M3 regional lexicon
me_land_0842,Driftmere,land,me_forochel_region,LOS,place,† M3 regional lexicon
me_land_0843,Shelob's Lair,land,me_ithilien_region,WILD,ruin,"LOTR, Book IV, Ch. 9"
me_land_0844,Balach Camp,land,me_rhun_region,RH2,place,† M3 regional lexicon
me_land_0845,Amon annondor,land,me_north_arnor_region,WILD,wilderness,† M3 regional lexicon
me_land_0846,Skarnash,land,me_khand_region,KHA,place,† M3 regional lexicon
me_land_0847,Dol annondor,land,me_south_gondor_region,GON,place,† M3 regional lexicon
me_land_0848,Eithel annondor,land,me_belfalas_region,GON,place,† M3 regional lexicon
me_land_0849,Eastfield,land,me_mirkwood_region,WDM,place,† M3 regional lexicon
me_land_0850,Emyn annondor,land,me_brown_lands_region,WILD,wilderness,† M3 regional lexicon
me_land_0851,Imlad annondor,land,me_north_arnor_region,WILD,wilderness,† M3 regional lexicon
me_land_0852,Burzlug,land,me_enedwaith_region,ISE,place,† M3 regional lexicon
me_land_0853,Tazan,land,me_far_harad_region,HFA,place,† M3 regional lexicon
me_land_0854,Minas annondor,land,me_brown_lands_region,WILD,wilderness,† M3 regional lexicon
me_land_0855,Borach Camp,land,me_rhun_region,RHU,place,† M3 regional lexicon
me_land_0856,Ost annondor,land,me_lebennin_region,GON,place,† M3 regional lexicon
me_land_0857,Dimplebottom,land,me_shire_breeland_region,WILD,wilderness,† M3 regional lexicon
me_land_0858,Taur annondor,land,me_belfalas_region,GON,place,† M3 regional lexicon
me_land_0859,Umran,land,me_umbar_region,UMB,place,† M3 regional lexicon
me_land_0860,Gathach Camp,land,me_rhun_region,RH2,place,† M3 regional lexicon
me_land_0861,Bar annondor,land,me_anduin_vale_region,LOR,place,† M3 regional lexicon
me_land_0862,Frostmere,land,me_northern_wastes_region,WILD,wilderness,† M3 regional lexicon
me_land_0863,Zigilabad,land,me_grey_mountains_region,ERE,place,† M3 regional lexicon
me_land_0864,Dushlug,land,me_mordor_region,MOR,place,† M3 regional lexicon
me_land_0865,Karmach Camp,land,me_rhun_region,RH2,place,† M3 regional lexicon
me_land_0866,Icemere,land,me_forochel_region,LOS,place,† M3 regional lexicon
me_land_0867,Greenfield,land,me_enedwaith_region,WILD,wilderness,† M3 regional lexicon
me_land_0868,Calen annondor,land,me_north_arnor_region,WILD,wilderness,† M3 regional lexicon
me_land_0869,Ghashlug,land,me_mordor_region,MOR,place,† M3 regional lexicon
me_land_0870,Zaran,land,me_far_harad_region,HFA,place,† M3 regional lexicon
me_land_0871,Celon annondor,land,me_south_gondor_region,GON,place,† M3 regional lexicon
me_land_0872,Gorlug,land,me_mordor_region,MOR,place,† M3 regional lexicon
me_land_0873,Khurach Camp,land,me_rhun_region,RHU,place,† M3 regional lexicon
me_land_0874,Greyfield,land,me_enedwaith_region,DUN,place,† M3 regional lexicon
me_land_0875,Nim annondor,land,me_south_gondor_region,GON,place,† M3 regional lexicon
me_land_0876,Amon beldor,land,me_anduin_vale_region,LOR,place,† M3 regional lexicon
me_land_0877,Lodach Camp,land,me_rhun_region,RHU,place,† M3 regional lexicon
me_land_0878,Grishlug,land,me_enedwaith_region,MOA,place,† M3 regional lexicon
me_land_0879,Longfield,land,me_enedwaith_region,WILD,wilderness,† M3 regional lexicon
me_land_0880,Dol beldor,land,me_north_arnor_region,WILD,wilderness,† M3 regional lexicon
me_land_0881,Krimplug,land,me_grey_mountains_region,GUN,place,† M3 regional lexicon
me_land_0882,Azrara,land,me_umbar_region,UMB,place,† M3 regional lexicon
me_land_0883,Bahrara,land,me_near_harad_region,UMB,place,† M3 regional lexicon
me_land_0884,Darara,land,me_near_harad_region,HNE,place,† M3 regional lexicon
me_land_0885,Eithel beldor,land,me_north_arnor_region,WILD,wilderness,† M3 regional lexicon
me_land_0886,Targash,land,me_khand_region,KHA,place,† M3 regional lexicon
me_land_0887,Luglug,land,me_mordor_region,MOR,place,† M3 regional lexicon
me_land_0888,Farara,land,me_far_harad_region,HRA,place,† M3 regional lexicon
me_land_0889,Narach Camp,land,me_rhun_region,RHU,place,† M3 regional lexicon
me_land_0890,Emyn beldor,land,me_brown_lands_region,WILD,wilderness,† M3 regional lexicon
me_land_0891,Rhovach Camp,land,me_rhun_region,RHU,place,† M3 regional lexicon
me_land_0892,Sagach Camp,land,me_rhun_region,RH2,place,† M3 regional lexicon
me_land_0893,Imlad beldor,land,me_anduin_vale_region,LOR,place,† M3 regional lexicon
me_land_0894,Minas beldor,land,me_north_arnor_region,WILD,wilderness,† M3 regional lexicon
me_land_0895,Mauhlug,land,me_mordor_region,MOR,place,† M3 regional lexicon
me_land_0896,Hadrara,land,me_near_harad_region,HNE,place,† M3 regional lexicon
me_land_0897,Ost beldor,land,me_anduin_vale_region,LOR,place,† M3 regional lexicon
me_land_0898,Muzglug,land,me_mordor_region,MOR,place,† M3 regional lexicon
me_land_0899,Sharach Camp,land,me_rhun_region,RHU,place,† M3 regional lexicon
me_land_0900,Nazglug,land,me_mordor_region,MOR,place,† M3 regional lexicon
me_land_0901,Skailug,land,me_mordor_region,MOR,place,† M3 regional lexicon
me_land_0902,Northmere,land,me_northern_wastes_region,WILD,wilderness,† M3 regional lexicon
me_land_0903,Ugllug,land,me_mordor_region,MOR,place,† M3 regional lexicon
me_land_0904,Taur beldor,land,me_enedwaith_region,RAN,place,† M3 regional lexicon
me_land_0905,Bar beldor,land,me_belfalas_region,DAM,place,† M3 regional lexicon
me_land_0906,Calen beldor,land,me_north_arnor_region,RAN,place,† M3 regional lexicon
me_land_0907,Northfield,land,me_anduin_vale_region,WILD,wilderness,† M3 regional lexicon
me_land_0908,Celon beldor,land,me_south_gondor_region,GON,place,† M3 regional lexicon
me_land_0909,Nim beldor,land,me_ithilien_region,WILD,wilderness,† M3 regional lexicon
me_land_0910,Amon borndor,land,me_north_arnor_region,WILD,wilderness,† M3 regional lexicon
me_land_0911,Palemere,land,me_northern_wastes_region,WILD,wilderness,† M3 regional lexicon
me_land_0912,Uruklug,land,me_mordor_region,MOR,place,† M3 regional lexicon
me_land_0913,Uldach Camp,land,me_rhun_region,RH2,place,† M3 regional lexicon
me_land_0914,Dol borndor,land,me_anorien_region,GON,place,† M3 regional lexicon
me_land_0915,Wainach Camp,land,me_rhun_region,RHU,place,† M3 regional lexicon
me_land_0916,Eithel borndor,land,me_south_gondor_region,GON,place,† M3 regional lexicon
me_land_0917,Halifirien,land,me_anorien_region,GON,landmark,"LOTR, Book V, Ch. 1"
me_land_0918,Ashmauk,land,me_mordor_region,MOR,place,† M3 regional lexicon
me_land_0919,Emyn borndor,land,me_belfalas_region,GON,place,† M3 regional lexicon
me_land_0920,Imlad borndor,land,me_belfalas_region,GON,place,† M3 regional lexicon
me_land_0921,Sealmere,land,me_forochel_region,LOS,place,† M3 regional lexicon
me_land_0922,Minas borndor,land,me_belfalas_region,GON,place,† M3 regional lexicon
me_land_0923,Azgmauk,land,me_north_arnor_region,ANG,place,† M3 regional lexicon
me_land_0924,Oakfield,land,me_enedwaith_region,DUN,place,† M3 regional lexicon
me_land_0925,Southfield,land,me_enedwaith_region,DUN,place,† M3 regional lexicon
me_land_0926,Azanaglar,land,me_lindon_region,BLU,place,† M3 regional lexicon
me_land_0927,Zorach Camp,land,me_rhun_region,RHU,place,† M3 regional lexicon
me_land_0928,Kharara,land,me_umbar_region,UMB,place,† M3 regional lexicon
me_land_0929,Blackmauk,land,me_ithilien_region,MOR,place,† M3 regional lexicon
me_land_0930,Burzmauk,land,me_enedwaith_region,ISE,place,† M3 regional lexicon
me_land_0931,Mahrara,land,me_umbar_region,UMB,place,† M3 regional lexicon
me_land_0932,Ost borndor,land,me_belfalas_region,GON,place,† M3 regional lexicon
me_land_0933,Balad Camp,land,me_rhun_region,RH2,place,† M3 regional lexicon
me_land_0934,Borad Camp,land,me_rhun_region,RHU,place,† M3 regional lexicon
me_land_0935,Dushmauk,land,me_ithilien_region,MOR,place,† M3 regional lexicon
me_land_0936,Taur borndor,land,me_north_arnor_region,WILD,wilderness,† M3 regional lexicon
me_land_0937,Ghashmauk,land,me_mordor_region,MOR,place,† M3 regional lexicon
me_land_0938,Stonewain Valley,land,me_anorien_region,DRU,landmark,"LOTR, Book V, Ch. 5"
me_land_0939,Bar borndor,land,me_brown_lands_region,WILD,wilderness,† M3 regional lexicon
me_land_0940,Rootbark,land,me_rohan_region,FAN,place,† M3 regional lexicon
me_land_0941,Calen borndor,land,me_south_gondor_region,GON,place,† M3 regional lexicon
me_land_0942,Celon borndor,land,me_ithilien_region,WILD,wilderness,† M3 regional lexicon
me_land_0943,Folcdenu,land,me_rohan_region,ROH,place,† M3 regional lexicon
me_land_0944,Willowbark,land,me_anduin_vale_region,FAN,place,† M3 regional lexicon
me_land_0945,Gormauk,land,me_grey_mountains_region,GUN,place,† M3 regional lexicon
me_land_0946,Gathad Camp,land,me_rhun_region,RH2,place,† M3 regional lexicon
me_land_0947,Northby,land,me_dale_region,ESG,place,† M3 regional lexicon
me_land_0948,Nim borndor,land,me_lindon_region,LIN,place,† M3 regional lexicon
me_land_0949,Amon carandor,land,me_north_arnor_region,WILD,wilderness,† M3 regional lexicon
me_land_0950,Framdenu,land,me_rohan_region,ROH,place,† M3 regional lexicon
me_land_0951,Varkash,land,me_far_harad_region,KHA,place,† M3 regional lexicon
me_land_0952,Stonefield,land,me_enedwaith_region,DUN,place,† M3 regional lexicon
me_land_0953,Grishmauk,land,me_mordor_region,MOR,place,† M3 regional lexicon
me_land_0954,Fernbottom,land,me_shire_breeland_region,WILD,wilderness,† M3 regional lexicon
me_land_0955,Zandash,land,me_khand_region,KHA,place,† M3 regional lexicon
me_land_0956,Ravenby,land,me_dale_region,ESG,place,† M3 regional lexicon
me_land_0957,Westfield,land,me_enedwaith_region,WILD,wilderness,† M3 regional lexicon
me_land_0958,Krimpmauk,land,me_mordor_region,MOR,place,† M3 regional lexicon
me_land_0959,Lugmauk,land,me_mordor_region,MOR,place,† M3 regional lexicon
me_land_0960,Alderford,land,me_enedwaith_region,DUN,place,† M3 regional lexicon
me_land_0961,Dol carandor,land,me_mirkwood_region,WOO,place,† M3 regional lexicon
me_land_0962,Eithel carandor,land,me_belfalas_region,GON,place,† M3 regional lexicon
me_land_0963,Snowmere,land,me_northern_wastes_region,WILD,wilderness,† M3 regional lexicon
me_land_0964,Karmad Camp,land,me_rhun_region,RH2,place,† M3 regional lexicon
me_land_0965,Ashford,land,me_shire_breeland_region,BRE,place,† M3 regional lexicon
me_land_0966,Emyn carandor,land,me_anorien_region,GON,place,† M3 regional lexicon
me_land_0967,Barrowford,land,me_enedwaith_region,WILD,wilderness,† M3 regional lexicon
me_land_0968,Mauhmauk,land,me_angmar_region,GUN,place,† M3 regional lexicon
me_land_0969,Narara,land,me_umbar_region,UMB,place,† M3 regional lexicon
me_land_0970,Starmere,land,me_forochel_region,LOS,place,† M3 regional lexicon
me_land_0971,Whitemere,land,me_northern_wastes_region,WILD,wilderness,† M3 regional lexicon
me_land_0972,Khurad Camp,land,me_rhun_region,RH2,place,† M3 regional lexicon
me_land_0973,Imlad carandor,land,me_brown_lands_region,WILD,wilderness,† M3 regional lexicon
me_land_0974,Beaconford,land,me_enedwaith_region,WILD,wilderness,† M3 regional lexicon
me_land_0975,Lodad Camp,land,me_rhun_region,RH2,place,† M3 regional lexicon
me_land_0976,Narad Camp,land,me_rhun_region,RHU,place,† M3 regional lexicon
me_land_0977,Wintermere,land,me_northern_wastes_region,WILD,wilderness,† M3 regional lexicon
me_land_0978,Qasara,land,me_far_harad_region,HRA,place,† M3 regional lexicon
me_land_0979,Minas carandor,land,me_brown_lands_region,WILD,wilderness,† M3 regional lexicon
me_land_0980,Ost carandor,land,me_ithilien_region,WILD,wilderness,† M3 regional lexicon
me_land_0981,Taur carandor,land,me_lindon_region,LIN,place,† M3 regional lexicon
me_land_0982,Bar carandor,land,me_belfalas_region,GON,place,† M3 regional lexicon
me_land_0983,Calen carandor,land,me_south_gondor_region,GON,place,† M3 regional lexicon
me_land_0984,Rhovad Camp,land,me_rhun_region,RH3,place,† M3 regional lexicon
me_land_0985,Alderbole,land,me_anduin_vale_region,FAN,place,† M3 regional lexicon
me_land_0986,Celon carandor,land,me_south_gondor_region,GON,place,† M3 regional lexicon
me_land_0987,Sagad Camp,land,me_rhun_region,RH2,place,† M3 regional lexicon
me_land_0988,Redby,land,me_dale_region,DAL,place,† M3 regional lexicon
me_land_0989,Westby,land,me_dale_region,ESG,place,† M3 regional lexicon
me_land_0990,Muzgmauk,land,me_anduin_vale_region,GOB,place,† M3 regional lexicon
me_land_0991,Barazaglar,land,me_grey_mountains_region,ERE,place,† M3 regional lexicon
me_land_0992,Blackford,land,me_enedwaith_region,DUN,place,† M3 regional lexicon
me_land_0993,Nazgmauk,land,me_mordor_region,MOR,place,† M3 regional lexicon
me_land_0994,Skaimauk,land,me_mordor_region,MOR,place,† M3 regional lexicon
me_land_0995,Beechbole,land,me_rohan_region,FAN,place,† M3 regional lexicon
me_land_0996,Brambleford,land,me_enedwaith_region,DUN,place,† M3 regional lexicon
me_land_0997,Nim carandor,land,me_north_arnor_region,WILD,wilderness,† M3 regional lexicon
me_land_0998,Grimdenu,land,me_rohan_region,ROH,place,† M3 regional lexicon
me_land_0999,Haybottom,land,me_shire_breeland_region,WILD,wilderness,† M3 regional lexicon
me_land_1000,Bucklandford,land,me_enedwaith_region,WILD,wilderness,† M3 regional lexicon
me_land_1001,Rakhara,land,me_far_harad_region,HRA,place,† M3 regional lexicon
me_land_1002,Coldpoint,land,me_northern_wastes_region,WILD,wilderness,† M3 regional lexicon
me_land_1003,Sahrara,land,me_far_harad_region,HFA,place,† M3 regional lexicon
me_land_1004,Sharad Camp,land,me_rhun_region,RHU,place,† M3 regional lexicon
me_land_1005,Driftpoint,land,me_forochel_region,LOS,place,† M3 regional lexicon
me_land_1006,Amon duindor,land,me_brown_lands_region,WILD,wilderness,† M3 regional lexicon
me_land_1007,Cedarford,land,me_enedwaith_region,WILD,wilderness,† M3 regional lexicon
me_land_1008,Dol duindor,land,me_brown_lands_region,WILD,wilderness,† M3 regional lexicon
me_land_1009,Eithel duindor,land,me_belfalas_region,GON,place,† M3 regional lexicon
me_land_1010,Bizaraglar,land,me_lindon_region,BLU,place,† M3 regional lexicon
me_land_1011,Frostpoint,land,me_northern_wastes_region,WILD,wilderness,† M3 regional lexicon
me_land_1012,Uldad Camp,land,me_rhun_region,RH3,place,† M3 regional lexicon
me_land_1013,Emyn duindor,land,me_lindon_region,LIN,place,† M3 regional lexicon
me_land_1014,Tazara,land,me_far_harad_region,HFA,place,† M3 regional lexicon
me_land_1015,Wainad Camp,land,me_rhun_region,RH3,place,† M3 regional lexicon
me_land_1016,Imlad duindor,land,me_mirkwood_region,WOO,place,† M3 regional lexicon
me_land_1017,Minas duindor,land,me_south_gondor_region,GON,place,† M3 regional lexicon
me_land_1018,Amberfell,land,me_rhun_region,DOR,place,† M3 regional lexicon
me_land_1019,Zorad Camp,land,me_rhun_region,RHU,place,† M3 regional lexicon
me_land_1020,Balar Camp,land,me_rhun_region,RHU,place,† M3 regional lexicon
me_land_1021,Ost duindor,land,me_lebennin_region,GON,place,† M3 regional lexicon
me_land_1022,Arzek,land,me_khand_region,KHA,place,† M3 regional lexicon
me_land_1023,Carrockden,land,me_anduin_vale_region,BEO,place,† M3 regional lexicon
me_land_1024,Helmdenu,land,me_rohan_region,ROH,place,† M3 regional lexicon
me_land_1025,Taur duindor,land,me_belfalas_region,DAM,place,† M3 regional lexicon
me_land_1026,Deepford,land,me_mirkwood_region,WDM,place,† M3 regional lexicon
me_land_1027,Bar duindor,land,me_north_arnor_region,WILD,wilderness,† M3 regional lexicon
me_land_1028,Borar Camp,land,me_rhun_region,RHU,place,† M3 regional lexicon
me_land_1029,Eastford,land,me_enedwaith_region,WILD,wilderness,† M3 regional lexicon
me_land_1030,Uglmauk,land,me_anduin_vale_region,GOB,place,† M3 regional lexicon
me_land_1031,Greenford,land,me_enedwaith_region,DUN,place,† M3 regional lexicon
me_land_1032,Calen duindor,land,me_north_arnor_region,RAN,place,† M3 regional lexicon
me_land_1033,Greyford,land,me_anduin_vale_region,WDM,place,† M3 regional lexicon
me_land_1034,Celon duindor,land,me_brown_lands_region,WILD,wilderness,† M3 regional lexicon
me_land_1035,Hazelbottom,land,me_shire_breeland_region,SHI,place,† M3 regional lexicon
me_land_1036,Nim duindor,land,me_lindon_region,LIN,place,† M3 regional lexicon
me_land_1037,Longford,land,me_mirkwood_region,WDM,place,† M3 regional lexicon
me_land_1038,Amon falasdor,land,me_belfalas_region,GON,place,† M3 regional lexicon
me_land_1039,Northford,land,me_enedwaith_region,WILD,wilderness,† M3 regional lexicon
me_land_1040,Herudenu,land,me_rohan_region,ROH,place,† M3 regional lexicon
me_land_1041,Dol falasdor,land,me_anorien_region,GON,place,† M3 regional lexicon
me_land_1042,Umrara,land,me_far_harad_region,HFA,place,† M3 regional lexicon
me_land_1043,Eithel falasdor,land,me_brown_lands_region,WILD,wilderness,† M3 regional lexicon
me_land_1044,Gathar Camp,land,me_rhun_region,RH2,place,† M3 regional lexicon
me_land_1045,Karmar Camp,land,me_rhun_region,RH2,place,† M3 regional lexicon
me_land_1046,Emyn falasdor,land,me_mirkwood_region,WOO,place,† M3 regional lexicon
me_land_1047,Zarara,land,me_umbar_region,UMB,place,† M3 regional lexicon
me_land_1048,Azrasir,land,me_far_harad_region,HFA,place,† M3 regional lexicon
me_land_1049,Imlad falasdor,land,me_north_arnor_region,WILD,wilderness,† M3 regional lexicon
me_land_1050,Urukmauk,land,me_brown_lands_region,DOL,place,† M3 regional lexicon
me_land_1051,Minas falasdor,land,me_belfalas_region,GON,place,† M3 regional lexicon
me_land_1052,Khurar Camp,land,me_rhun_region,RH3,place,† M3 regional lexicon
me_land_1053,Lodar Camp,land,me_rhun_region,RH2,place,† M3 regional lexicon
me_land_1054,Narar Camp,land,me_rhun_region,RH2,place,† M3 regional lexicon
me_land_1055,Bahrasir,land,me_umbar_region,UMB,place,† M3 regional lexicon
me_land_1056,Ost falasdor,land,me_lindon_region,LIN,place,† M3 regional lexicon
me_land_1057,Taur falasdor,land,me_lindon_region,LIN,place,† M3 regional lexicon
me_land_1058,Bar falasdor,land,me_belfalas_region,GON,place,† M3 regional lexicon
me_land_1059,Rhovar Camp,land,me_rhun_region,RHU,place,† M3 regional lexicon
me_land_1060,Calen falasdor,land,me_lindon_region,LIN,place,† M3 regional lexicon
me_land_1061,Balkek,land,me_khand_region,KHA,place,† M3 regional lexicon
me_land_1062,Sagar Camp,land,me_rhun_region,RH2,place,† M3 regional lexicon
me_land_1063,Darasir,land,me_far_harad_region,HFA,place,† M3 regional lexicon
me_land_1064,Oakford,land,me_enedwaith_region,DUN,place,† M3 regional lexicon
me_land_1065,Celon falasdor,land,me_south_gondor_region,GON,place,† M3 regional lexicon
me_land_1066,Nim falasdor,land,me_belfalas_region,GON,place,† M3 regional lexicon
me_land_1067,Icepoint,land,me_northern_wastes_region,WILD,wilderness,† M3 regional lexicon
me_land_1068,Ashnakh,land,me_mordor_region,MOR,place,† M3 regional lexicon
me_land_1069,Farasir,land,me_umbar_region,UMB,place,† M3 regional lexicon
me_land_1070,Southford,land,me_enedwaith_region,DUN,place,† M3 regional lexicon
me_land_1071,Azgnakh,land,me_anduin_vale_region,MOA,place,† M3 regional lexicon
me_land_1072,Blacknakh,land,me_mordor_region,MOR,place,† M3 regional lexicon
me_land_1073,Amon galendor,land,me_mirkwood_region,WOO,place,† M3 regional lexicon
me_land_1074,Burznakh,land,me_ithilien_region,MOR,place,† M3 regional lexicon
me_land_1075,Drazek,land,me_far_harad_region,KHA,place,† M3 regional lexicon
me_land_1076,Hadrasir,land,me_far_harad_region,HFA,place,† M3 regional lexicon
me_land_1077,Hollybottom,land,me_shire_breeland_region,SHI,place,† M3 regional lexicon
me_land_1078,Sharar Camp,land,me_rhun_region,RHU,place,† M3 regional lexicon
me_land_1079,Stoneford,land,me_anorien_region,DRU,place,† M3 regional lexicon
me_land_1080,Field of Celebrant,land,me_anduin_vale_region,WILD,landmark,"LOTR, Appendix A"
me_land_1081,Dol galendor,land,me_north_arnor_region,WILD,wilderness,† M3 regional lexicon
me_land_1082,Eithel galendor,land,me_south_gondor_region,GON,place,† M3 regional lexicon
me_land_1083,Emyn galendor,land,me_south_gondor_region,GON,place,† M3 regional lexicon
me_land_1084,Imlad galendor,land,me_north_arnor_region,WILD,wilderness,† M3 regional lexicon
me_land_1085,Birchbole,land,me_anduin_vale_region,FAN,place,† M3 regional lexicon
me_land_1086,Minas galendor,land,me_brown_lands_region,WILD,wilderness,† M3 regional lexicon
me_land_1087,Kharasir,land,me_far_harad_region,HFA,place,† M3 regional lexicon
me_land_1088,Mahrasir,land,me_umbar_region,UMB,place,† M3 regional lexicon
me_land_1089,Dushnakh,land,me_mirkwood_region,DOL,place,† M3 regional lexicon
me_land_1090,Narasir,land,me_umbar_region,UMB,place,† M3 regional lexicon
me_land_1091,Ost galendor,land,me_anorien_region,GON,place,† M3 regional lexicon
me_land_1092,Westford,land,me_anduin_vale_region,WILD,wilderness,† M3 regional lexicon
me_land_1093,Northpoint,land,me_northern_wastes_region,WILD,wilderness,† M3 regional lexicon
me_land_1094,Ghashnakh,land,me_mordor_region,MOR,place,† M3 regional lexicon
me_land_1095,Palepoint,land,me_northern_wastes_region,WILD,wilderness,† M3 regional lexicon
me_land_1096,Taur galendor,land,me_lindon_region,LIN,place,† M3 regional lexicon
me_land_1097,Bar galendor,land,me_anduin_vale_region,LOR,place,† M3 regional lexicon
me_land_1098,Calen galendor,land,me_north_arnor_region,WILD,wilderness,† M3 regional lexicon
me_land_1099,Léoddenu,land,me_rohan_region,ROH,place,† M3 regional lexicon
me_land_1100,Celon galendor,land,me_belfalas_region,GON,place,† M3 regional lexicon
me_land_1101,Nim galendor,land,me_brown_lands_region,WILD,wilderness,† M3 regional lexicon
me_land_1102,Amon gonddor,land,me_belfalas_region,GON,place,† M3 regional lexicon
me_land_1103,Gharek,land,me_far_harad_region,KHA,place,† M3 regional lexicon
me_land_1104,Dol gonddor,land,me_lebennin_region,GON,place,† M3 regional lexicon
me_land_1105,Eithel gonddor,land,me_belfalas_region,DAM,place,† M3 regional lexicon
me_land_1106,Gornakh,land,me_ithilien_region,MOR,place,† M3 regional lexicon
me_land_1107,Kandek,land,me_far_harad_region,KHA,place,† M3 regional lexicon
me_land_1108,Uldar Camp,land,me_rhun_region,RH2,place,† M3 regional lexicon
me_land_1109,Emyn gonddor,land,me_anorien_region,GON,place,† M3 regional lexicon
me_land_1110,Sealpoint,land,me_northern_wastes_region,WILD,wilderness,† M3 regional lexicon
me_land_1111,Bardfell,land,me_rhun_region,DOR,place,† M3 regional lexicon
me_land_1112,Grishnakh,land,me_mordor_region,MOR,place,† M3 regional lexicon
me_land_1113,Imlad gonddor,land,me_anduin_vale_region,LOR,place,† M3 regional lexicon
me_land_1114,Snowpoint,land,me_northern_wastes_region,WILD,wilderness,† M3 regional lexicon
me_land_1115,Starpoint,land,me_northern_wastes_region,WILD,wilderness,† M3 regional lexicon
me_land_1116,Minas gonddor,land,me_lindon_region,LIN,place,† M3 regional lexicon
me_land_1117,Ost gonddor,land,me_north_arnor_region,WILD,wilderness,† M3 regional lexicon
me_land_1118,Taur gonddor,land,me_belfalas_region,GON,place,† M3 regional lexicon
me_land_1119,Bar gonddor,land,me_brown_lands_region,WILD,wilderness,† M3 regional lexicon
me_land_1120,Wainar Camp,land,me_rhun_region,RH2,place,† M3 regional lexicon
me_land_1121,Calen gonddor,land,me_lebennin_region,GON,place,† M3 regional lexicon
me_land_1122,Krimpnakh,land,me_ithilien_region,MOR,place,† M3 regional lexicon
me_land_1123,Aldergate,land,me_enedwaith_region,DUN,place,† M3 regional lexicon
me_land_1124,Zorar Camp,land,me_rhun_region,RHU,place,† M3 regional lexicon
me_land_1125,Balath Camp,land,me_rhun_region,RHU,place,† M3 regional lexicon
me_land_1126,Borath Camp,land,me_rhun_region,RH2,place,† M3 regional lexicon
me_land_1127,Celon gonddor,land,me_lindon_region,LIN,place,† M3 regional lexicon
me_land_1128,Nim gonddor,land,me_lindon_region,LIN,place,† M3 regional lexicon
me_land_1129,Ashgate,land,me_mirkwood_region,WDM,place,† M3 regional lexicon
me_land_1130,Gathath Camp,land,me_rhun_region,RHU,place,† M3 regional lexicon
me_land_1131,Karmath Camp,land,me_rhun_region,RHU,place,† M3 regional lexicon
me_land_1132,Amon lothdor,land,me_anduin_vale_region,LOR,place,† M3 regional lexicon
me_land_1133,Khurath Camp,land,me_rhun_region,RH2,place,† M3 regional lexicon
me_land_1134,Goldenden,land,me_anduin_vale_region,BEO,place,† M3 regional lexicon
me_land_1135,Lugnakh,land,me_mordor_region,MOR,place,† M3 regional lexicon
me_land_1136,Khazek,land,me_khand_region,KHA,place,† M3 regional lexicon
me_land_1137,Lodath Camp,land,me_rhun_region,RH2,place,† M3 regional lexicon
me_land_1138,Mauhnakh,land,me_mordor_region,MOR,place,† M3 regional lexicon
me_land_1139,Narath Camp,land,me_rhun_region,RHU,place,† M3 regional lexicon
me_land_1140,Muzgnakh,land,me_brown_lands_region,DOL,place,† M3 regional lexicon
me_land_1141,Dol lothdor,land,me_mirkwood_region,WOO,place,† M3 regional lexicon
me_land_1142,Eithel lothdor,land,me_lebennin_region,GON,place,† M3 regional lexicon
me_land_1143,Whitepoint,land,me_forochel_region,LOS,place,† M3 regional lexicon
me_land_1144,Nazgnakh,land,me_ithilien_region,MOR,place,† M3 regional lexicon
me_land_1145,Skainakh,land,me_angmar_region,GUN,place,† M3 regional lexicon
me_land_1146,Emyn lothdor,land,me_lindon_region,LIN,place,† M3 regional lexicon
me_land_1147,Imlad lothdor,land,me_anorien_region,GON,place,† M3 regional lexicon
me_land_1148,Uglnakh,land,me_rohan_region,ISE,place,† M3 regional lexicon
me_land_1149,Bellfell,land,me_rhun_region,DOR,place,† M3 regional lexicon
me_land_1150,Minas lothdor,land,me_north_arnor_region,RIV,place,† M3 regional lexicon
me_land_1151,Ost lothdor,land,me_north_arnor_region,RAN,place,† M3 regional lexicon
me_land_1152,Khazân,land,me_khand_region,KHA,city,† Variag seat invented from the canon seed Khand
me_land_1153,Winterpoint,land,me_northern_wastes_region,WILD,wilderness,† M3 regional lexicon
me_land_1154,Taur lothdor,land,me_anorien_region,GON,place,† M3 regional lexicon
me_land_1155,Bar lothdor,land,me_ithilien_region,WILD,wilderness,† M3 regional lexicon
me_land_1156,Uruknakh,land,me_mordor_region,MOR,place,† M3 regional lexicon
me_land_1157,Boughbole,land,me_anduin_vale_region,FAN,place,† M3 regional lexicon
me_land_1158,Merrybottom,land,me_shire_breeland_region,WILD,wilderness,† M3 regional lexicon
me_land_1159,Calen lothdor,land,me_ithilien_region,GON,place,† M3 regional lexicon
me_land_1160,Ashshak,land,me_mordor_region,MOR,place,† M3 regional lexicon
me_land_1161,Rhovath Camp,land,me_rhun_region,RH2,place,† M3 regional lexicon
me_land_1162,Sagath Camp,land,me_rhun_region,RH2,place,† M3 regional lexicon
me_land_1163,Riddenu,land,me_rohan_region,ROH,place,† M3 regional lexicon
me_land_1164,Barrowgate,land,me_anduin_vale_region,WDM,place,† M3 regional lexicon
me_land_1165,Coldshore,land,me_northern_wastes_region,WILD,wilderness,† M3 regional lexicon
me_land_1166,Azgshak,land,me_north_arnor_region,ANG,place,† M3 regional lexicon
me_land_1167,Celon lothdor,land,me_belfalas_region,GON,place,† M3 regional lexicon
me_land_1168,Nim lothdor,land,me_north_arnor_region,RAN,place,† M3 regional lexicon
me_land_1169,Amon morndor,land,me_belfalas_region,GON,place,† M3 regional lexicon
me_land_1170,Bowfell,land,me_rhun_region,DOR,place,† M3 regional lexicon
me_land_1171,Driftshore,land,me_northern_wastes_region,WILD,wilderness,† M3 regional lexicon
me_land_1172,Blackshak,land,me_mordor_region,MOR,place,† M3 regional lexicon
me_land_1173,Celduinfell,land,me_rhun_region,DOR,place,† M3 regional lexicon
me_land_1174,Dol morndor,land,me_brown_lands_region,WILD,wilderness,† M3 regional lexicon
me_land_1175,Burzshak,land,me_ithilien_region,MOR,place,† M3 regional lexicon
me_land_1176,Qasasir,land,me_near_harad_region,HNE,place,† M3 regional lexicon
me_land_1177,Rakhasir,land,me_far_harad_region,HNE,place,† M3 regional lexicon
me_land_1178,Eithel morndor,land,me_anorien_region,GON,place,† M3 regional lexicon
me_land_1179,Emyn morndor,land,me_belfalas_region,DAM,place,† M3 regional lexicon
me_land_1180,Beacongate,land,me_enedwaith_region,DUN,place,† M3 regional lexicon
me_land_1181,Sahrasir,land,me_far_harad_region,HFA,place,† M3 regional lexicon
me_land_1182,Imlad morndor,land,me_brown_lands_region,WILD,wilderness,† M3 regional lexicon
me_land_1183,Dushshak,land,me_mordor_region,MOR,place,† M3 regional lexicon
me_land_1184,Khorek,land,me_khand_region,KHA,place,† M3 regional lexicon
me_land_1185,Minas morndor,land,me_mirkwood_region,WOO,place,† M3 regional lexicon
me_land_1186,Ost morndor,land,me_lebennin_region,GON,place,† M3 regional lexicon
me_land_1187,Taur morndor,land,me_anduin_vale_region,LOR,place,† M3 regional lexicon
me_land_1188,Bar morndor,land,me_north_arnor_region,WILD,wilderness,† M3 regional lexicon
me_land_1189,Frostshore,land,me_forochel_region,LOS,place,† M3 regional lexicon
me_land_1190,Sharath Camp,land,me_rhun_region,RH3,place,† M3 regional lexicon
me_land_1191,Calen morndor,land,me_anduin_vale_region,LOR,place,† M3 regional lexicon
me_land_1192,Celon morndor,land,me_north_arnor_region,WILD,wilderness,† M3 regional lexicon
me_land_1193,Ghashshak,land,me_mordor_region,MOR,place,† M3 regional lexicon
me_land_1194,Ruzek,land,me_far_harad_region,KHA,place,† M3 regional lexicon
me_land_1195,Blackgate,land,me_shire_breeland_region,BRE,place,† M3 regional lexicon
me_land_1196,Thengeldenu,land,me_rohan_region,ROH,place,† M3 regional lexicon
me_land_1197,Nim morndor,land,me_belfalas_region,DAM,place,† M3 regional lexicon
me_land_1198,Skarnek,land,me_far_harad_region,KHA,place,† M3 regional lexicon
me_land_1199,Gorshak,land,me_enedwaith_region,ISE,place,† M3 regional lexicon
me_land_1200,Amon nendor,land,me_north_arnor_region,WILD,wilderness,† M3 regional lexicon
me_land_1201,Grishshak,land,me_north_arnor_region,ANG,place,† M3 regional lexicon
me_land_1202,Iceshore,land,me_northern_wastes_region,WILD,wilderness,† M3 regional lexicon
me_land_1203,Krimpshak,land,me_mordor_region,MOR,place,† M3 regional lexicon
me_land_1204,Tazasir,land,me_far_harad_region,HFA,place,† M3 regional lexicon
me_land_1205,Lugshak,land,me_mordor_region,MOR,place,† M3 regional lexicon
me_land_1206,Mossbottom,land,me_shire_breeland_region,SHI,place,† M3 regional lexicon
me_land_1207,Dol nendor,land,me_anorien_region,GON,place,† M3 regional lexicon
me_land_1208,Uldath Camp,land,me_rhun_region,RHU,place,† M3 regional lexicon
me_land_1209,Bramblegate,land,me_enedwaith_region,DUN,place,† M3 regional lexicon
me_land_1210,Gorgoroth,land,me_ithilien_region,MOR,landmark,LOTR map
me_land_1211,Bucklandgate,land,me_enedwaith_region,WILD,wilderness,† M3 regional lexicon
me_land_1212,Umrasir,land,me_far_harad_region,HFA,place,† M3 regional lexicon
me_land_1213,Zarasir,land,me_near_harad_region,HNE,place,† M3 regional lexicon
me_land_1214,Eithel nendor,land,me_brown_lands_region,WILD,wilderness,† M3 regional lexicon
me_land_1215,Cedargate,land,me_mirkwood_region,WDM,place,† M3 regional lexicon
me_land_1216,Mauhshak,land,me_brown_lands_region,DOL,place,† M3 regional lexicon
me_land_1217,Wainath Camp,land,me_rhun_region,RH2,place,† M3 regional lexicon
me_land_1218,Nutbottom,land,me_shire_breeland_region,SHI,place,† M3 regional lexicon
me_land_1219,Wolddenu,land,me_rohan_region,ROH,place,† M3 regional lexicon
me_land_1220,Emyn nendor,land,me_anduin_vale_region,LOR,place,† M3 regional lexicon
me_land_1221,Azrem,land,me_near_harad_region,HNE,place,† M3 regional lexicon
me_land_1222,Deepgate,land,me_enedwaith_region,WILD,wilderness,† M3 regional lexicon
me_land_1223,Imlad nendor,land,me_north_arnor_region,RIV,place,† M3 regional lexicon
me_land_1224,Targek,land,me_khand_region,KHA,place,† M3 regional lexicon
me_land_1225,Muzgshak,land,me_mordor_region,MOR,place,† M3 regional lexicon
me_land_1226,Northshore,land,me_northern_wastes_region,WILD,wilderness,† M3 regional lexicon
me_land_1227,Zorath Camp,land,me_rhun_region,RH2,place,† M3 regional lexicon
me_land_1228,Nazgshak,land,me_mordor_region,MOR,place,† M3 regional lexicon
me_land_1229,Balen Camp,land,me_rhun_region,RHU,place,† M3 regional lexicon
me_land_1230,Eastgate,land,me_enedwaith_region,DUN,place,† M3 regional lexicon
me_land_1231,Minas nendor,land,me_mirkwood_region,WOO,place,† M3 regional lexicon
me_land_1232,Bahrem,land,me_near_harad_region,UMB,place,† M3 regional lexicon
me_land_1233,Boren Camp,land,me_rhun_region,RHU,place,† M3 regional lexicon
me_land_1234,Ost nendor,land,me_north_arnor_region,WILD,wilderness,† M3 regional lexicon
me_land_1235,Taur nendor,land,me_ithilien_region,WILD,wilderness,† M3 regional lexicon
me_land_1236,Greengate,land,me_enedwaith_region,DUN,place,† M3 regional lexicon
me_land_1237,Honeyden,land,me_anduin_vale_region,BEO,place,† M3 regional lexicon
me_land_1238,Skaishak,land,me_brown_lands_region,DOL,place,† M3 regional lexicon
me_land_1239,Darem,land,me_umbar_region,UMB,place,† M3 regional lexicon
me_land_1240,Paleshore,land,me_northern_wastes_region,WILD,wilderness,† M3 regional lexicon
me_land_1241,Bar nendor,land,me_brown_lands_region,WILD,wilderness,† M3 regional lexicon
me_land_1242,Calen nendor,land,me_brown_lands_region,WILD,wilderness,† M3 regional lexicon
me_land_1243,Celon nendor,land,me_belfalas_region,GON,place,† M3 regional lexicon
me_land_1244,Uglshak,land,me_brown_lands_region,DOL,place,† M3 regional lexicon
me_land_1245,Urukshak,land,me_angmar_region,GUN,place,† M3 regional lexicon
me_land_1246,Greygate,land,me_enedwaith_region,WILD,wilderness,† M3 regional lexicon
me_land_1247,Nim nendor,land,me_belfalas_region,DAM,place,† M3 regional lexicon
me_land_1248,Sealshore,land,me_forochel_region,LOS,place,† M3 regional lexicon
me_land_1249,Oakden,land,me_mirkwood_region,BEO,place,† M3 regional lexicon
me_land_1250,Gathen Camp,land,me_rhun_region,RH2,place,† M3 regional lexicon
me_land_1251,Karmen Camp,land,me_rhun_region,RH2,place,† M3 regional lexicon
me_land_1252,Longgate,land,me_enedwaith_region,WILD,wilderness,† M3 regional lexicon
me_land_1253,Amon rathdor,land,me_lindon_region,LIN,place,† M3 regional lexicon
me_land_1254,Khuren Camp,land,me_rhun_region,RH2,place,† M3 regional lexicon
me_land_1255,Northgate,land,me_enedwaith_region,DUN,place,† M3 regional lexicon
me_land_1256,Oakgate,land,me_anduin_vale_region,WILD,wilderness,† M3 regional lexicon
me_land_1257,Ashsnaga,land,me_anduin_vale_region,MOA,place,† M3 regional lexicon
me_land_1258,Azgsnaga,land,me_mordor_region,MOR,place,† M3 regional lexicon
me_land_1259,Dol rathdor,land,me_lebennin_region,GON,place,† M3 regional lexicon
me_land_1260,Eithel rathdor,land,me_north_arnor_region,WILD,wilderness,† M3 regional lexicon
me_land_1261,Southgate,land,me_enedwaith_region,DUN,place,† M3 regional lexicon
me_land_1262,Loden Camp,land,me_rhun_region,RHU,place,† M3 regional lexicon
me_land_1263,Bundaglar,land,me_lindon_region,BLU,place,† M3 regional lexicon
me_land_1264,Farem,land,me_near_harad_region,UMB,place,† M3 regional lexicon
me_land_1265,Aldfeld,land,me_rohan_region,ROH,place,† M3 regional lexicon
me_land_1266,Emyn rathdor,land,me_north_arnor_region,WILD,wilderness,† M3 regional lexicon
me_land_1267,Riverden,land,me_anduin_vale_region,BEO,place,† M3 regional lexicon
me_land_1268,Skinden,land,me_anduin_vale_region,BEO,place,† M3 regional lexicon
me_land_1269,Dumaglar,land,me_grey_mountains_region,ERE,place,† M3 regional lexicon
me_land_1270,Felekaglar,land,me_lindon_region,BLU,place,† M3 regional lexicon
me_land_1271,Stonegate,land,me_anorien_region,DRU,place,† M3 regional lexicon
me_land_1272,Snowshore,land,me_northern_wastes_region,WILD,wilderness,† M3 regional lexicon
me_land_1273,Varkek,land,me_khand_region,KHA,place,† M3 regional lexicon
me_land_1274,Blacksnaga,land,me_mordor_region,MOR,place,† M3 regional lexicon
me_land_1275,Rushbottom,land,me_shire_breeland_region,SHI,place,† M3 regional lexicon
me_land_1276,Zandek,land,me_khand_region,KHA,place,† M3 regional lexicon
me_land_1277,Hadrem,land,me_near_harad_region,HRA,place,† M3 regional lexicon
me_land_1278,Imlad rathdor,land,me_mirkwood_region,WOO,place,† M3 regional lexicon
me_land_1279,Minas rathdor,land,me_mirkwood_region,WOO,place,† M3 regional lexicon
me_land_1280,Westgate,land,me_enedwaith_region,DUN,place,† M3 regional lexicon
me_land_1281,Burzsnaga,land,me_mordor_region,MOR,place,† M3 regional lexicon
me_land_1282,Dushsnaga,land,me_mordor_region,MOR,place,† M3 regional lexicon
me_land_1283,Stoneden,land,me_anduin_vale_region,BEO,place,† M3 regional lexicon
me_land_1284,Alderhall,land,me_enedwaith_region,DUN,place,† M3 regional lexicon
me_land_1285,Ashhall,land,me_enedwaith_region,DUN,place,† M3 regional lexicon
me_land_1286,Barrowhall,land,me_enedwaith_region,DUN,place,† M3 regional lexicon
me_land_1287,Ost rathdor,land,me_mirkwood_region,WOO,place,† M3 regional lexicon
me_land_1288,Beorfeld,land,me_rohan_region,ROH,place,† M3 regional lexicon
me_land_1289,Ghashsnaga,land,me_ithilien_region,MOR,place,† M3 regional lexicon
me_land_1290,Dead Marshes,land,me_brown_lands_region,WILD,ruin,"LOTR, Book IV, Ch. 2"
me_land_1291,Naren Camp,land,me_rhun_region,RHU,place,† M3 regional lexicon
me_land_1292,Taur rathdor,land,me_ithilien_region,WILD,wilderness,† M3 regional lexicon
me_land_1293,Rhoven Camp,land,me_rhun_region,RHU,place,† M3 regional lexicon
me_land_1294,Beaconhall,land,me_enedwaith_region,WILD,wilderness,† M3 regional lexicon
me_land_1295,Dalefell,land,me_dale_region,ESG,place,† M3 regional lexicon
me_land_1296,Sagen Camp,land,me_rhun_region,RH2,place,† M3 regional lexicon
me_land_1297,Gorsnaga,land,me_mordor_region,MOR,place,† M3 regional lexicon
me_land_1298,Blackhall,land,me_enedwaith_region,DUN,place,† M3 regional lexicon
me_land_1299,Sharen Camp,land,me_rhun_region,RHU,place,† M3 regional lexicon
me_land_1300,Eastfell,land,me_dale_region,DAL,place,† M3 regional lexicon
me_land_1301,Ulden Camp,land,me_rhun_region,RH2,place,† M3 regional lexicon
me_land_1302,Grishsnaga,land,me_mordor_region,MOR,place,† M3 regional lexicon
me_land_1303,Bregofeld,land,me_rohan_region,ROH,place,† M3 regional lexicon
me_land_1304,Wainen Camp,land,me_rhun_region,RH2,place,† M3 regional lexicon
me_land_1305,Krimpsnaga,land,me_north_arnor_region,ANG,place,† M3 regional lexicon
me_land_1306,Lugsnaga,land,me_mordor_region,MOR,place,† M3 regional lexicon
me_land_1307,Bar rathdor,land,me_brown_lands_region,WILD,wilderness,† M3 regional lexicon
me_land_1308,Zoren Camp,land,me_rhun_region,RH2,place,† M3 regional lexicon
me_land_1309,Bramblehall,land,me_anduin_vale_region,WDM,place,† M3 regional lexicon
me_land_1310,Ceorlfeld,land,me_rohan_region,ROH,place,† M3 regional lexicon
me_land_1311,Starshore,land,me_northern_wastes_region,WILD,wilderness,† M3 regional lexicon
me_land_1312,Arzesh,land,me_khand_region,KHA,place,† M3 regional lexicon
me_land_1313,Mauhsnaga,land,me_mordor_region,MOR,place,† M3 regional lexicon
me_land_1314,Thistlebottom,land,me_shire_breeland_region,SHI,place,† M3 regional lexicon
me_land_1315,Whiteshore,land,me_northern_wastes_region,WILD,wilderness,† M3 regional lexicon
me_land_1316,Bucklandhall,land,me_anduin_vale_region,WILD,wilderness,† M3 regional lexicon
me_land_1317,Willowbottom,land,me_shire_breeland_region,SHI,place,† M3 regional lexicon
me_land_1318,Calen rathdor,land,me_north_arnor_region,WILD,wilderness,† M3 regional lexicon
me_land_1319,Kharem,land,me_umbar_region,UMB,place,† M3 regional lexicon
me_land_1320,Balkesh,land,me_near_harad_region,KHA,place,† M3 regional lexicon
me_land_1321,Celon rathdor,land,me_ithilien_region,WILD,wilderness,† M3 regional lexicon
me_land_1322,Nim rathdor,land,me_mirkwood_region,WOO,place,† M3 regional lexicon
me_land_1323,Amon sarndor,land,me_belfalas_region,GON,place,† M3 regional lexicon
me_land_1324,Muzgsnaga,land,me_ithilien_region,MOR,place,† M3 regional lexicon
me_land_1325,Dol sarndor,land,me_belfalas_region,GON,place,† M3 regional lexicon
me_land_1326,Eithel sarndor,land,me_mirkwood_region,WOO,place,† M3 regional lexicon
me_land_1327,Nazgsnaga,land,me_mordor_region,MOR,place,† M3 regional lexicon
me_land_1328,Balod Camp,land,me_rhun_region,RH3,place,† M3 regional lexicon
me_land_1329,Gamilaglar,land,me_grey_mountains_region,ERE,place,† M3 regional lexicon
me_land_1330,Cedarhall,land,me_anduin_vale_region,WILD,wilderness,† M3 regional lexicon
me_land_1331,Emyn sarndor,land,me_belfalas_region,DAM,place,† M3 regional lexicon
me_land_1332,Skaisnaga,land,me_mordor_region,MOR,place,† M3 regional lexicon
me_land_1333,Imlad sarndor,land,me_lebennin_region,GON,place,† M3 regional lexicon
me_land_1334,Uglsnaga,land,me_mordor_region,MOR,place,† M3 regional lexicon
me_land_1335,Mahrem,land,me_near_harad_region,HNE,place,† M3 regional lexicon
me_land_1336,Minas sarndor,land,me_brown_lands_region,WILD,wilderness,† M3 regional lexicon
me_land_1337,Deephall,land,me_anorien_region,DRU,place,† M3 regional lexicon
me_land_1338,Wintershore,land,me_forochel_region,LOS,place,† M3 regional lexicon
me_land_1339,Ost sarndor,land,me_lindon_region,LIN,place,† M3 regional lexicon
me_land_1340,Uruksnaga,land,me_rohan_region,ISE,place,† M3 regional lexicon
me_land_1341,Narem,land,me_far_harad_region,HFA,place,† M3 regional lexicon
me_land_1342,Ashzagh,land,me_mordor_region,MOR,place,† M3 regional lexicon
me_land_1343,Taur sarndor,land,me_north_arnor_region,WILD,wilderness,† M3 regional lexicon
me_land_1344,Azgzagh,land,me_mordor_region,MOR,place,† M3 regional lexicon
me_land_1345,Blackzagh,land,me_mordor_region,MOR,place,† M3 regional lexicon
me_land_1346,Gatholaglar,land,me_lindon_region,BLU,place,† M3 regional lexicon
me_land_1347,Borod Camp,land,me_rhun_region,RHU,place,† M3 regional lexicon
me_land_1348,Gathod Camp,land,me_rhun_region,RH2,place,† M3 regional lexicon
me_land_1349,Qasem,land,me_umbar_region,UMB,place,† M3 regional lexicon
me_land_1350,Karmod Camp,land,me_rhun_region,RHU,place,† M3 regional lexicon
me_land_1351,Bar sarndor,land,me_north_arnor_region,WILD,wilderness,† M3 regional lexicon
me_land_1352,Calen sarndor,land,me_anduin_vale_region,LOR,place,† M3 regional lexicon
me_land_1353,Paths of the Dead,land,me_rohan_region,ROH,ruin,"LOTR, Book V, Ch. 2"
me_land_1354,Easthall,land,me_anduin_vale_region,WILD,wilderness,† M3 regional lexicon
me_land_1355,Burzzagh,land,me_anduin_vale_region,MOA,place,† M3 regional lexicon
me_land_1356,Celon sarndor,land,me_brown_lands_region,WILD,wilderness,† M3 regional lexicon
me_land_1357,Nim sarndor,land,me_brown_lands_region,WILD,wilderness,† M3 regional lexicon
me_land_1358,Dushzagh,land,me_mirkwood_region,DOL,place,† M3 regional lexicon
me_land_1359,Khurod Camp,land,me_rhun_region,RHU,place,† M3 regional lexicon
me_land_1360,Lodod Camp,land,me_rhun_region,RH2,place,† M3 regional lexicon
me_land_1361,Gundaglar,land,me_lindon_region,BLU,place,† M3 regional lexicon
me_land_1362,Greenhall,land,me_enedwaith_region,DUN,place,† M3 regional lexicon
me_land_1363,Ghashzagh,land,me_mirkwood_region,DOL,place,† M3 regional lexicon
me_land_1364,Déorfeld,land,me_rohan_region,ROH,place,† M3 regional lexicon
me_land_1365,Amon thorondor,land,me_lindon_region,LIN,place,† M3 regional lexicon
me_land_1366,Eorlfeld,land,me_rohan_region,ROH,place,† M3 regional lexicon
me_land_1367,Narod Camp,land,me_rhun_region,RH2,place,† M3 regional lexicon
me_land_1368,Dol thorondor,land,me_belfalas_region,DAM,place,† M3 regional lexicon
me_land_1369,Greyhall,land,me_enedwaith_region,WILD,wilderness,† M3 regional lexicon
me_land_1370,Gorzagh,land,me_ithilien_region,MOR,place,† M3 regional lexicon
me_land_1371,Coldwater,land,me_forochel_region,LOS,place,† M3 regional lexicon
me_land_1372,Grishzagh,land,me_mordor_region,MOR,place,† M3 regional lexicon
me_land_1373,Rakhem,land,me_umbar_region,UMB,place,† M3 regional lexicon
me_land_1374,Longhall,land,me_enedwaith_region,WILD,wilderness,† M3 regional lexicon
me_land_1375,Eithel thorondor,land,me_anduin_vale_region,LOR,place,† M3 regional lexicon
me_land_1376,Emyn thorondor,land,me_belfalas_region,GON,place,† M3 regional lexicon
me_land_1377,Driftwater,land,me_northern_wastes_region,WILD,wilderness,† M3 regional lexicon
me_land_1378,Imlad thorondor,land,me_lindon_region,LIN,place,† M3 regional lexicon
me_land_1379,Minas thorondor,land,me_brown_lands_region,WILD,wilderness,† M3 regional lexicon
me_land_1380,Applebrook,land,me_shire_breeland_region,SHI,place,† M3 regional lexicon
me_land_1381,Frostwater,land,me_northern_wastes_region,WILD,wilderness,† M3 regional lexicon
me_land_1382,Krimpzagh,land,me_mordor_region,MOR,place,† M3 regional lexicon
me_land_1383,Northhall,land,me_enedwaith_region,DUN,place,† M3 regional lexicon
me_land_1384,Sahrem,land,me_umbar_region,UMB,place,† M3 regional lexicon
me_land_1385,Ost thorondor,land,me_mirkwood_region,WOO,place,† M3 regional lexicon
me_land_1386,Oakhall,land,me_enedwaith_region,WILD,wilderness,† M3 regional lexicon
me_land_1387,Taur thorondor,land,me_lindon_region,LIN,place,† M3 regional lexicon
me_land_1388,Rhovod Camp,land,me_rhun_region,RH2,place,† M3 regional lexicon
me_land_1389,Esgarfell,land,me_rhun_region,DOR,place,† M3 regional lexicon
me_land_1390,Lugzagh,land,me_ithilien_region,MOR,place,† M3 regional lexicon
me_land_1391,Folcfeld,land,me_rohan_region,ROH,place,† M3 regional lexicon
me_land_1392,Sagod Camp,land,me_rhun_region,RHU,place,† M3 regional lexicon
me_land_1393,Icewater,land,me_northern_wastes_region,WILD,wilderness,† M3 regional lexicon
me_land_1394,Northwater,land,me_northern_wastes_region,WILD,wilderness,† M3 regional lexicon
me_land_1395,Brownbrook,land,me_shire_breeland_region,SHI,place,† M3 regional lexicon
me_land_1396,Bar thorondor,land,me_anorien_region,GON,place,† M3 regional lexicon
me_land_1397,Valeden,land,me_anduin_vale_region,BEO,place,† M3 regional lexicon
me_land_1398,Kingfell,land,me_rhun_region,DOR,place,† M3 regional lexicon
me_land_1399,Calen thorondor,land,me_north_arnor_region,WILD,wilderness,† M3 regional lexicon
me_land_1400,Sharod Camp,land,me_rhun_region,RH2,place,† M3 regional lexicon
me_land_1401,Celon thorondor,land,me_brown_lands_region,WILD,wilderness,† M3 regional lexicon
me_land_1402,Palewater,land,me_forochel_region,LOS,place,† M3 regional lexicon
me_land_1403,Wildden,land,me_mirkwood_region,BEO,place,† M3 regional lexicon
me_land_1404,Henneth Annûn,land,me_ithilien_region,GON,refuge,"LOTR, Book IV, Ch. 5"
me_land_1405,Southhall,land,me_enedwaith_region,DUN,place,† M3 regional lexicon
me_land_1406,Stonehall,land,me_enedwaith_region,WILD,wilderness,† M3 regional lexicon
me_land_1407,Mauhzagh,land,me_mordor_region,MOR,place,† M3 regional lexicon
me_land_1408,Nim thorondor,land,me_lindon_region,LIN,place,† M3 regional lexicon
me_land_1409,Tazem,land,me_near_harad_region,HRA,place,† M3 regional lexicon
me_land_1410,Uldod Camp,land,me_rhun_region,RHU,place,† M3 regional lexicon
me_land_1411,Mûmak Gate,land,me_far_harad_region,HFA,city,† seat invented for the on-map Far Harad fringe
me_land_1412,Amon adardûr,land,me_lebennin_region,GON,place,† M3 regional lexicon
me_land_1413,Dol adardûr,land,me_mirkwood_region,WOO,place,† M3 regional lexicon
me_land_1414,Eithel adardûr,land,me_north_arnor_region,WILD,wilderness,† M3 regional lexicon
me_land_1415,Muzgzagh,land,me_enedwaith_region,MOA,place,† M3 regional lexicon
me_land_1416,Emyn adardûr,land,me_belfalas_region,GON,place,† M3 regional lexicon
me_land_1417,Westhall,land,me_enedwaith_region,WILD,wilderness,† M3 regional lexicon
me_land_1418,Khazaglar,land,me_lindon_region,BLU,place,† M3 regional lexicon
me_land_1419,Imlad adardûr,land,me_brown_lands_region,WILD,wilderness,† M3 regional lexicon
me_land_1420,Minas adardûr,land,me_belfalas_region,GON,place,† M3 regional lexicon
me_land_1421,Nazgzagh,land,me_ithilien_region,MOR,place,† M3 regional lexicon
me_land_1422,Sealwater,land,me_forochel_region,LOS,place,† M3 regional lexicon
me_land_1423,Umrem,land,me_near_harad_region,HRA,place,† M3 regional lexicon
me_land_1424,Wainod Camp,land,me_rhun_region,RH2,place,† M3 regional lexicon
me_land_1425,Ost adardûr,land,me_brown_lands_region,WILD,wilderness,† M3 regional lexicon
me_land_1426,Taur adardûr,land,me_north_arnor_region,WILD,wilderness,† M3 regional lexicon
me_land_1427,Alderheath,land,me_enedwaith_region,WILD,wilderness,† M3 regional lexicon
me_land_1428,Bar adardûr,land,me_brown_lands_region,WILD,wilderness,† M3 regional lexicon
me_land_1429,Skaizagh,land,me_anduin_vale_region,GOB,place,† M3 regional lexicon
me_land_1430,Calen adardûr,land,me_lindon_region,LIN,place,† M3 regional lexicon
me_land_1431,Celon adardûr,land,me_belfalas_region,GON,place,† M3 regional lexicon
me_land_1432,Nim adardûr,land,me_belfalas_region,DAM,place,† M3 regional lexicon
me_land_1433,Uglzagh,land,me_mordor_region,MOR,place,† M3 regional lexicon
me_land_1434,Zorod Camp,land,me_rhun_region,RHU,place,† M3 regional lexicon
me_land_1435,Framfeld,land,me_rohan_region,ROH,place,† M3 regional lexicon
me_land_1436,Amon aeldûr,land,me_south_gondor_region,GON,place,† M3 regional lexicon
me_land_1437,Snowwater,land,me_forochel_region,LOS,place,† M3 regional lexicon
me_land_1438,Dol aeldûr,land,me_belfalas_region,DAM,place,† M3 regional lexicon
me_land_1439,Zarem,land,me_far_harad_region,HNE,place,† M3 regional lexicon
me_land_1440,Eithel aeldûr,land,me_anduin_vale_region,LOR,place,† M3 regional lexicon
me_land_1441,Emyn aeldûr,land,me_north_arnor_region,WILD,wilderness,† M3 regional lexicon
me_land_1442,Balor Camp,land,me_rhun_region,RHU,place,† M3 regional lexicon
me_land_1443,Boror Camp,land,me_rhun_region,RH2,place,† M3 regional lexicon
me_land_1444,Urukzagh,land,me_north_arnor_region,ANG,place,† M3 regional lexicon
me_land_1445,Imlad aeldûr,land,me_brown_lands_region,WILD,wilderness,† M3 regional lexicon
me_land_1446,Minas aeldûr,land,me_belfalas_region,GON,place,† M3 regional lexicon
me_land_1447,Ashheath,land,me_enedwaith_region,DUN,place,† M3 regional lexicon
me_land_1448,Azresh,land,me_far_harad_region,HFA,place,† M3 regional lexicon
me_land_1449,Barrowheath,land,me_enedwaith_region,WILD,wilderness,† M3 regional lexicon
me_land_1450,Ost aeldûr,land,me_anduin_vale_region,LOR,place,† M3 regional lexicon
me_land_1451,Starwater,land,me_northern_wastes_region,WILD,wilderness,† M3 regional lexicon
me_land_1452,Drazesh,land,me_near_harad_region,KHA,place,† M3 regional lexicon
me_land_1453,Gathor Camp,land,me_rhun_region,RHU,place,† M3 regional lexicon
me_land_1454,The Cross-roads,land,me_ithilien_region,WILD,ruin,"LOTR, Book IV, Ch. 7"
me_land_1455,Beaconheath,land,me_enedwaith_region,DUN,place,† M3 regional lexicon
me_land_1456,Taur aeldûr,land,me_lindon_region,LIN,place,† M3 regional lexicon
me_land_1457,Karmor Camp,land,me_rhun_region,RHU,place,† M3 regional lexicon
me_land_1458,Bar aeldûr,land,me_north_arnor_region,WILD,wilderness,† M3 regional lexicon
me_land_1459,Calen aeldûr,land,me_belfalas_region,DAM,place,† M3 regional lexicon
me_land_1460,Ashbag Camp,land,me_mordor_region,MOR,place,† M3 regional lexicon
me_land_1461,Khuror Camp,land,me_rhun_region,RHU,place,† M3 regional lexicon
me_land_1462,Azgbag Camp,land,me_anduin_vale_region,GOB,place,† M3 regional lexicon
me_land_1463,Blackbag Camp,land,me_rohan_region,ISE,place,† M3 regional lexicon
me_land_1464,Lodor Camp,land,me_rhun_region,RHU,place,† M3 regional lexicon
me_land_1465,Grimfeld,land,me_rohan_region,ROH,place,† M3 regional lexicon
me_land_1466,Burzbag Camp,land,me_mordor_region,MOR,place,† M3 regional lexicon
me_land_1467,Celon aeldûr,land,me_ithilien_region,WILD,wilderness,† M3 regional lexicon
me_land_1468,Dushbag Camp,land,me_brown_lands_region,DOL,place,† M3 regional lexicon
me_land_1469,Bahresh,land,me_near_harad_region,UMB,place,† M3 regional lexicon
me_land_1470,Nim aeldûr,land,me_brown_lands_region,WILD,wilderness,† M3 regional lexicon
me_land_1471,Ghashbag Camp,land,me_mordor_region,MOR,place,† M3 regional lexicon
me_land_1472,Gorbag Camp,land,me_mordor_region,MOR,place,† M3 regional lexicon
me_land_1473,Grishbag Camp,land,me_mirkwood_region,DOL,place,† M3 regional lexicon
me_land_1474,Amon annondûr,land,me_north_arnor_region,WILD,wilderness,† M3 regional lexicon
me_land_1475,Dol annondûr,land,me_belfalas_region,DAM,place,† M3 regional lexicon
me_land_1476,Lakefell,land,me_rhun_region,DOR,place,† M3 regional lexicon
me_land_1477,Blackheath,land,me_enedwaith_region,WILD,wilderness,† M3 regional lexicon
me_land_1478,Eithel annondûr,land,me_anduin_vale_region,LOR,place,† M3 regional lexicon
me_land_1479,Gharesh,land,me_khand_region,KHA,place,† M3 regional lexicon
me_land_1480,Emyn annondûr,land,me_belfalas_region,GON,place,† M3 regional lexicon
me_land_1481,Woodden,land,me_anduin_vale_region,BEO,place,† M3 regional lexicon
me_land_1482,Imlad annondûr,land,me_lindon_region,LIN,place,† M3 regional lexicon
me_land_1483,Daresh,land,me_near_harad_region,HNE,place,† M3 regional lexicon
me_land_1484,Brambleheath,land,me_mirkwood_region,WDM,place,† M3 regional lexicon
me_land_1485,Sarn Ford,land,me_shire_breeland_region,WILD,landmark,"LOTR, Book I, Ch. 2"
me_land_1486,Faresh,land,me_near_harad_region,HRA,place,† M3 regional lexicon
me_land_1487,Hadresh,land,me_near_harad_region,HRA,place,† M3 regional lexicon
me_land_1488,Whitewater,land,me_forochel_region,LOS,place,† M3 regional lexicon
me_land_1489,Krimpbag Camp,land,me_brown_lands_region,DOL,place,† M3 regional lexicon
me_land_1490,Winterwater,land,me_northern_wastes_region,WILD,wilderness,† M3 regional lexicon
me_land_1491,Kharesh,land,me_umbar_region,UMB,place,† M3 regional lexicon
me_land_1492,Longfell,land,me_dale_region,DAL,place,† M3 regional lexicon
me_land_1493,Minas annondûr,land,me_belfalas_region,GON,place,† M3 regional lexicon
me_land_1494,Helmfeld,land,me_rohan_region,ROH,place,† M3 regional lexicon
me_land_1495,Mahresh,land,me_far_harad_region,HRA,place,† M3 regional lexicon
me_land_1496,Bucklandheath,land,me_enedwaith_region,DUN,place,† M3 regional lexicon
me_land_1497,Bearford,land,me_anduin_vale_region,BEO,place,† M3 regional lexicon
me_land_1498,Kandesh,land,me_khand_region,KHA,place,† M3 regional lexicon
me_land_1499,Naror Camp,land,me_rhun_region,RHU,place,† M3 regional lexicon
me_land_1500,Naresh,land,me_far_harad_region,HFA,place,† M3 regional lexicon
me_land_1501,Ost annondûr,land,me_belfalas_region,GON,place,† M3 regional lexicon
me_land_1502,Rhovor Camp,land,me_rhun_region,RH3,place,† M3 regional lexicon
me_land_1503,Taur annondûr,land,me_brown_lands_region,WILD,wilderness,† M3 regional lexicon
me_land_1504,Qasesh,land,me_near_harad_region,UMB,place,† M3 regional lexicon
me_land_1505,Herufeld,land,me_rohan_region,ROH,place,† M3 regional lexicon
me_land_1506,Bar annondûr,land,me_belfalas_region,GON,place,† M3 regional lexicon
me_land_1507,Rakhesh,land,me_near_harad_region,HNE,place,† M3 regional lexicon
me_land_1508,Calen annondûr,land,me_lindon_region,LIN,place,† M3 regional lexicon
me_land_1509,Coldbay Reach,land,me_northern_wastes_region,WILD,wilderness,† M3 regional lexicon
me_land_1510,Grey Mountain Ruins,land,me_northern_wastes_region,WILD,ruin,"LOTR, Appendix A"
me_land_1511,Léodfeld,land,me_rohan_region,ROH,place,† M3 regional lexicon
me_land_1512,Celon annondûr,land,me_north_arnor_region,RAN,place,† M3 regional lexicon
me_land_1513,Lugbag Camp,land,me_mordor_region,MOR,place,† M3 regional lexicon
me_land_1514,Driftbay Reach,land,me_northern_wastes_region,WILD,wilderness,† M3 regional lexicon
me_land_1515,Khazesh,land,me_khand_region,KHA,place,† M3 regional lexicon
me_land_1516,Cedarheath,land,me_mirkwood_region,WDM,place,† M3 regional lexicon
me_land_1517,Frostbay Reach,land,me_northern_wastes_region,WILD,wilderness,† M3 regional lexicon
me_land_1518,Khoresh,land,me_far_harad_region,KHA,place,† M3 regional lexicon
me_land_1519,Sahresh,land,me_far_harad_region,HFA,place,† M3 regional lexicon
me_land_1520,Nim annondûr,land,me_lindon_region,LIN,place,† M3 regional lexicon
me_land_1521,Deepheath,land,me_enedwaith_region,WILD,wilderness,† M3 regional lexicon
me_land_1522,Ravenfell,land,me_rhun_region,DOR,place,† M3 regional lexicon
me_land_1523,Eastheath,land,me_enedwaith_region,DUN,place,† M3 regional lexicon
me_land_1524,Tazesh,land,me_near_harad_region,UMB,place,† M3 regional lexicon
me_land_1525,Greenheath,land,me_enedwaith_region,WILD,wilderness,† M3 regional lexicon
me_land_1526,Amon beldûr,land,me_anduin_vale_region,LOR,place,† M3 regional lexicon
me_land_1527,Icebay Reach,land,me_northern_wastes_region,WILD,wilderness,† M3 regional lexicon
me_land_1528,Mauhbag Camp,land,me_ithilien_region,MOR,place,† M3 regional lexicon
me_land_1529,Greyheath,land,me_enedwaith_region,WILD,wilderness,† M3 regional lexicon
me_land_1530,Dol beldûr,land,me_brown_lands_region,WILD,wilderness,† M3 regional lexicon
me_land_1531,Sagor Camp,land,me_rhun_region,RHU,place,† M3 regional lexicon
me_land_1532,Ridfeld,land,me_rohan_region,ROH,place,† M3 regional lexicon
me_land_1533,Sharor Camp,land,me_rhun_region,RH2,place,† M3 regional lexicon
me_land_1534,Northbay Reach,land,me_northern_wastes_region,WILD,wilderness,† M3 regional lexicon
me_land_1535,Eithel beldûr,land,me_lindon_region,LIN,place,† M3 regional lexicon
me_land_1536,Thengelfeld,land,me_rohan_region,ROH,place,† M3 regional lexicon
me_land_1537,Woldfeld,land,me_rohan_region,ROH,place,† M3 regional lexicon
me_land_1538,Umresh,land,me_near_harad_region,HRA,place,† M3 regional lexicon
me_land_1539,Muzgbag Camp,land,me_mordor_region,MOR,place,† M3 regional lexicon
me_land_1540,Aldfold,land,me_rohan_region,ROH,place,† M3 regional lexicon
me_land_1541,Emyn beldûr,land,me_north_arnor_region,WILD,wilderness,† M3 regional lexicon
me_land_1542,Nazgbag Camp,land,me_mordor_region,MOR,place,† M3 regional lexicon
me_land_1543,Skaibag Camp,land,me_north_arnor_region,ANG,place,† M3 regional lexicon
me_land_1544,Redfell,land,me_rhun_region,DOR,place,† M3 regional lexicon
me_land_1545,Uglbag Camp,land,me_mordor_region,MOR,place,† M3 regional lexicon
me_land_1546,Imlad beldûr,land,me_anorien_region,GON,place,† M3 regional lexicon
me_land_1547,Longheath,land,me_enedwaith_region,DUN,place,† M3 regional lexicon
me_land_1548,Minas beldûr,land,me_brown_lands_region,WILD,wilderness,† M3 regional lexicon
me_land_1549,Ost beldûr,land,me_brown_lands_region,WILD,wilderness,† M3 regional lexicon
me_land_1550,Zaresh,land,me_near_harad_region,HNE,place,† M3 regional lexicon
me_land_1551,Taur beldûr,land,me_north_arnor_region,WILD,wilderness,† M3 regional lexicon
me_land_1552,Beorfold,land,me_rohan_region,ROH,place,† M3 regional lexicon
me_land_1553,Bar beldûr,land,me_brown_lands_region,WILD,wilderness,† M3 regional lexicon
me_land_1554,Bregofold,land,me_rohan_region,ROH,place,† M3 regional lexicon
me_land_1555,Azrim,land,me_umbar_region,UMB,place,† M3 regional lexicon
me_land_1556,Urukbag Camp,land,me_mordor_region,MOR,place,† M3 regional lexicon
me_land_1557,Uldor Camp,land,me_rhun_region,RHU,place,† M3 regional lexicon
me_land_1558,Ashburz Camp,land,me_brown_lands_region,DOL,place,† M3 regional lexicon
me_land_1559,Calen beldûr,land,me_south_gondor_region,GON,place,† M3 regional lexicon
me_land_1560,Ceorlfold,land,me_rohan_region,ROH,place,† M3 regional lexicon
me_land_1561,Azgburz Camp,land,me_mordor_region,MOR,place,† M3 regional lexicon
me_land_1562,Celon beldûr,land,me_north_arnor_region,WILD,wilderness,† M3 regional lexicon
me_land_1563,Nim beldûr,land,me_anorien_region,GON,place,† M3 regional lexicon
me_land_1564,Blackburz Camp,land,me_mordor_region,MOR,place,† M3 regional lexicon
me_land_1565,Amon borndûr,land,me_belfalas_region,GON,place,† M3 regional lexicon
me_land_1566,Dol borndûr,land,me_anduin_vale_region,LOR,place,† M3 regional lexicon
me_land_1567,Burzburz Camp,land,me_north_arnor_region,ANG,place,† M3 regional lexicon
me_land_1568,Dushburz Camp,land,me_enedwaith_region,ISE,place,† M3 regional lexicon
me_land_1569,Ghashburz Camp,land,me_rohan_region,ISE,place,† M3 regional lexicon
me_land_1570,Kheledaglar,land,me_grey_mountains_region,ERE,place,† M3 regional lexicon
me_land_1571,Eithel borndûr,land,me_lebennin_region,GON,place,† M3 regional lexicon
me_land_1572,Emyn borndûr,land,me_lebennin_region,GON,place,† M3 regional lexicon
me_land_1573,Wainor Camp,land,me_rhun_region,RHU,place,† M3 regional lexicon
me_land_1574,Gorburz Camp,land,me_mordor_region,MOR,place,† M3 regional lexicon
me_land_1575,Westfell,land,me_rhun_region,DOR,place,† M3 regional lexicon
me_land_1576,Northheath,land,me_enedwaith_region,DUN,place,† M3 regional lexicon
me_land_1577,Imlad borndûr,land,me_south_gondor_region,GON,place,† M3 regional lexicon
me_land_1578,Minas borndûr,land,me_belfalas_region,DAM,place,† M3 regional lexicon
me_land_1579,Ost borndûr,land,me_belfalas_region,DAM,place,† M3 regional lexicon
me_land_1580,Bahrim,land,me_umbar_region,UMB,place,† M3 regional lexicon
me_land_1581,Taur borndûr,land,me_north_arnor_region,WILD,wilderness,† M3 regional lexicon
me_land_1582,Oakheath,land,me_enedwaith_region,DUN,place,† M3 regional lexicon
me_land_1583,Ruzesh,land,me_far_harad_region,KHA,place,† M3 regional lexicon
me_land_1584,Bar borndûr,land,me_brown_lands_region,WILD,wilderness,† M3 regional lexicon
me_land_1585,Calen borndûr,land,me_north_arnor_region,WILD,wilderness,† M3 regional lexicon
me_land_1586,Celon borndûr,land,me_brown_lands_region,WILD,wilderness,† M3 regional lexicon
me_land_1587,Nargaglar,land,me_grey_mountains_region,ERE,place,† M3 regional lexicon
me_land_1588,Nim borndûr,land,me_belfalas_region,DAM,place,† M3 regional lexicon
me_land_1589,Southheath,land,me_enedwaith_region,WILD,wilderness,† M3 regional lexicon
me_land_1590,Zoror Camp,land,me_rhun_region,RH3,place,† M3 regional lexicon
me_land_1591,Amberford,land,me_rhun_region,DOR,place,† M3 regional lexicon
me_land_1592,Amon carandûr,land,me_north_arnor_region,WILD,wilderness,† M3 regional lexicon
me_land_1593,Dol carandûr,land,me_brown_lands_region,WILD,wilderness,† M3 regional lexicon
me_land_1594,Grishburz Camp,land,me_mordor_region,MOR,place,† M3 regional lexicon
me_land_1595,Balun Camp,land,me_rhun_region,RHU,place,† M3 regional lexicon
me_land_1596,Eithel carandûr,land,me_brown_lands_region,WILD,wilderness,† M3 regional lexicon
me_land_1597,Déorfold,land,me_rohan_region,ROH,place,† M3 regional lexicon
me_land_1598,Krimpburz Camp,land,me_mordor_region,MOR,place,† M3 regional lexicon
me_land_1599,Eorlfold,land,me_rohan_region,ROH,place,† M3 regional lexicon
me_land_1600,Darim,land,me_near_harad_region,UMB,place,† M3 regional lexicon
me_land_1601,Borun Camp,land,me_rhun_region,RH2,place,† M3 regional lexicon
me_land_1602,Folcfold,land,me_rohan_region,ROH,place,† M3 regional lexicon
me_land_1603,Bardford,land,me_dale_region,ESG,place,† M3 regional lexicon
me_land_1604,Lugburz Camp,land,me_anduin_vale_region,GOB,place,† M3 regional lexicon
me_land_1605,Bellford,land,me_dale_region,DAL,place,† M3 regional lexicon
me_land_1606,Emyn carandûr,land,me_brown_lands_region,WILD,wilderness,† M3 regional lexicon
me_land_1607,Skarnesh,land,me_far_harad_region,KHA,place,† M3 regional lexicon
me_land_1608,Gathun Camp,land,me_rhun_region,RHU,place,† M3 regional lexicon
me_land_1609,Targesh,land,me_khand_region,KHA,place,† M3 regional lexicon
me_land_1610,Mauhburz Camp,land,me_mordor_region,MOR,place,† M3 regional lexicon
me_land_1611,Muzgburz Camp,land,me_mordor_region,MOR,place,† M3 regional lexicon
me_land_1612,Imlad carandûr,land,me_mirkwood_region,WOO,place,† M3 regional lexicon
me_land_1613,Palebay Reach,land,me_forochel_region,LOS,place,† M3 regional lexicon
me_land_1614,Nazgburz Camp,land,me_anduin_vale_region,GOB,place,† M3 regional lexicon
me_land_1615,Framfold,land,me_rohan_region,ROH,place,† M3 regional lexicon
me_land_1616,Beeford,land,me_anduin_vale_region,BEO,place,† M3 regional lexicon
me_land_1617,Skaiburz Camp,land,me_ithilien_region,MOR,place,† M3 regional lexicon
me_land_1618,Uglburz Camp,land,me_rohan_region,ISE,place,† M3 regional lexicon
me_land_1619,Bowford,land,me_rhun_region,DOR,place,† M3 regional lexicon
me_land_1620,Minas carandûr,land,me_lindon_region,LIN,place,† M3 regional lexicon
me_land_1621,Halls of Ered Luin,land,me_lindon_region,BLU,hold,† ENDORE plan 8.1; composite of surviving Blue Mountain dwarf-halls
me_land_1622,Celduinford,land,me_dale_region,DAL,place,† M3 regional lexicon
me_land_1623,Ost carandûr,land,me_belfalas_region,GON,place,† M3 regional lexicon
me_land_1624,Taur carandûr,land,me_lindon_region,LIN,place,† M3 regional lexicon
me_land_1625,Bar carandûr,land,me_belfalas_region,DAM,place,† M3 regional lexicon
me_land_1626,Urukburz Camp,land,me_mordor_region,MOR,place,† M3 regional lexicon
me_land_1627,Elmbole,land,me_rohan_region,FAN,place,† M3 regional lexicon
me_land_1628,Calen carandûr,land,me_ithilien_region,WILD,wilderness,† M3 regional lexicon
me_land_1629,Stoneheath,land,me_enedwaith_region,DUN,place,† M3 regional lexicon
me_land_1630,Grimfold,land,me_rohan_region,ROH,place,† M3 regional lexicon
me_land_1631,Karmun Camp,land,me_rhun_region,RHU,place,† M3 regional lexicon
me_land_1632,Helmfold,land,me_rohan_region,ROH,place,† M3 regional lexicon
me_land_1633,Celon carandûr,land,me_dale_region,WOO,place,† M3 regional lexicon
me_land_1634,Nim carandûr,land,me_north_arnor_region,WILD,wilderness,† M3 regional lexicon
me_land_1635,Ashdûr Camp,land,me_anduin_vale_region,GOB,place,† M3 regional lexicon
me_land_1636,Amon duindûr,land,me_north_arnor_region,WILD,wilderness,† M3 regional lexicon
me_land_1637,Khurun Camp,land,me_rhun_region,RHU,place,† M3 regional lexicon
me_land_1638,Dol duindûr,land,me_anduin_vale_region,LOR,place,† M3 regional lexicon
me_land_1639,Azgdûr Camp,land,me_north_arnor_region,ANG,place,† M3 regional lexicon
me_land_1640,Westheath,land,me_mirkwood_region,WDM,place,† M3 regional lexicon
me_land_1641,Aldermere,land,me_enedwaith_region,DUN,place,† M3 regional lexicon
me_land_1642,Butterbrook,land,me_shire_breeland_region,WILD,wilderness,† M3 regional lexicon
me_land_1643,Farim,land,me_umbar_region,UMB,place,† M3 regional lexicon
me_land_1644,Sealbay Reach,land,me_northern_wastes_region,WILD,wilderness,† M3 regional lexicon
me_land_1645,Eithel duindûr,land,me_lebennin_region,GON,place,† M3 regional lexicon
me_land_1646,Hadrim,land,me_umbar_region,UMB,place,† M3 regional lexicon
me_land_1647,Kharim,land,me_umbar_region,UMB,place,† M3 regional lexicon
me_land_1648,Emyn duindûr,land,me_south_gondor_region,GON,place,† M3 regional lexicon
me_land_1649,Imlad duindûr,land,me_ithilien_region,GON,place,† M3 regional lexicon
me_land_1650,Ashmere,land,me_enedwaith_region,DUN,place,† M3 regional lexicon
me_land_1651,Minas duindûr,land,me_north_arnor_region,WILD,wilderness,† M3 regional lexicon
me_land_1652,Lodun Camp,land,me_rhun_region,RH2,place,† M3 regional lexicon
me_land_1653,Blackdûr Camp,land,me_anduin_vale_region,GOB,place,† M3 regional lexicon
me_land_1654,Ost duindûr,land,me_south_gondor_region,GON,place,† M3 regional lexicon
me_land_1655,Narun Camp,land,me_rhun_region,RHU,place,† M3 regional lexicon
me_land_1656,Burzdûr Camp,land,me_enedwaith_region,MOA,place,† M3 regional lexicon
me_land_1657,Taur duindûr,land,me_belfalas_region,DAM,place,† M3 regional lexicon
me_land_1658,Daleford,land,me_dale_region,DAL,place,† M3 regional lexicon
me_land_1659,Bar duindûr,land,me_ithilien_region,GON,place,† M3 regional lexicon
me_land_1660,Snowbay Reach,land,me_northern_wastes_region,WILD,wilderness,† M3 regional lexicon
me_land_1661,Calen duindûr,land,me_anorien_region,GON,place,† M3 regional lexicon
me_land_1662,Barrowmere,land,me_enedwaith_region,DUN,place,† M3 regional lexicon
me_land_1663,Rhovun Camp,land,me_rhun_region,RHU,place,† M3 regional lexicon
me_land_1664,Celon duindûr,land,me_mirkwood_region,WOO,place,† M3 regional lexicon
me_land_1665,Mahrim,land,me_umbar_region,UMB,place,† M3 regional lexicon
me_land_1666,Nim duindûr,land,me_mirkwood_region,WOO,place,† M3 regional lexicon
me_land_1667,Beaconmere,land,me_enedwaith_region,DUN,place,† M3 regional lexicon
me_land_1668,Amon falasdûr,land,me_belfalas_region,DAM,place,† M3 regional lexicon
me_land_1669,Dol falasdûr,land,me_south_gondor_region,GON,place,† M3 regional lexicon
me_land_1670,Narim,land,me_near_harad_region,UMB,place,† M3 regional lexicon
me_land_1671,Starbay Reach,land,me_northern_wastes_region,WILD,wilderness,† M3 regional lexicon
me_land_1672,Eithel falasdûr,land,me_north_arnor_region,RAN,place,† M3 regional lexicon
me_land_1673,Blackmere,land,me_enedwaith_region,WILD,wilderness,† M3 regional lexicon
me_land_1674,Sagun Camp,land,me_rhun_region,RH2,place,† M3 regional lexicon
me_land_1675,Dushdûr Camp,land,me_angmar_region,ANG,place,† M3 regional lexicon
me_land_1676,Herufold,land,me_rohan_region,ROH,place,† M3 regional lexicon
me_land_1677,Varkesh,land,me_khand_region,KHA,place,† M3 regional lexicon
me_land_1678,Whitebay Reach,land,me_northern_wastes_region,WILD,wilderness,† M3 regional lexicon
me_land_1679,Zandesh,land,me_near_harad_region,KHA,place,† M3 regional lexicon
me_land_1680,Ghashdûr Camp,land,me_mordor_region,MOR,place,† M3 regional lexicon
me_land_1681,Gordûr Camp,land,me_mordor_region,MOR,place,† M3 regional lexicon
me_land_1682,Emyn falasdûr,land,me_brown_lands_region,WILD,wilderness,† M3 regional lexicon
me_land_1683,Grishdûr Camp,land,me_mordor_region,MOR,place,† M3 regional lexicon
me_land_1684,Sharun Camp,land,me_rhun_region,RH2,place,† M3 regional lexicon
me_land_1685,Qasim,land,me_umbar_region,UMB,place,† M3 regional lexicon
me_land_1686,Uldun Camp,land,me_rhun_region,RH2,place,† M3 regional lexicon
me_land_1687,Krimpdûr Camp,land,me_angmar_region,GUN,place,† M3 regional lexicon
me_land_1688,Bramblemere,land,me_enedwaith_region,WILD,wilderness,† M3 regional lexicon
me_land_1689,Carrockford,land,me_anduin_vale_region,BEO,place,† M3 regional lexicon
me_land_1690,Winterbay Reach,land,me_northern_wastes_region,WILD,wilderness,† M3 regional lexicon
me_land_1691,Imlad falasdûr,land,me_lindon_region,LIN,place,† M3 regional lexicon
me_land_1692,Minas falasdûr,land,me_ithilien_region,GON,place,† M3 regional lexicon
me_land_1693,Ost falasdûr,land,me_belfalas_region,GON,place,† M3 regional lexicon
me_land_1694,Taur falasdûr,land,me_belfalas_region,DAM,place,† M3 regional lexicon
me_land_1695,Lugdûr Camp,land,me_angmar_region,GUN,place,† M3 regional lexicon
me_land_1696,Bucklandmere,land,me_enedwaith_region,DUN,place,† M3 regional lexicon
me_land_1697,Bar falasdûr,land,me_mirkwood_region,WOO,place,† M3 regional lexicon
me_land_1698,Rakhim,land,me_far_harad_region,HRA,place,† M3 regional lexicon
me_land_1699,Léodfold,land,me_rohan_region,ROH,place,† M3 regional lexicon
me_land_1700,Calen falasdûr,land,me_belfalas_region,GON,place,† M3 regional lexicon
me_land_1701,Celon falasdûr,land,me_lindon_region,LIN,place,† M3 regional lexicon
me_land_1702,Sahrim,land,me_far_harad_region,HRA,place,† M3 regional lexicon
me_land_1703,Tazim,land,me_near_harad_region,HNE,place,† M3 regional lexicon
me_land_1704,Nim falasdûr,land,me_lebennin_region,GON,place,† M3 regional lexicon
me_land_1705,Wainun Camp,land,me_rhun_region,RH2,place,† M3 regional lexicon
me_land_1706,Zorun Camp,land,me_rhun_region,RHU,place,† M3 regional lexicon
me_land_1707,Mauhdûr Camp,land,me_mordor_region,MOR,place,† M3 regional lexicon
me_land_1708,Amon galendûr,land,me_brown_lands_region,WILD,wilderness,† M3 regional lexicon
me_land_1709,Balur Camp,land,me_rhun_region,RH2,place,† M3 regional lexicon
me_land_1710,Dol galendûr,land,me_belfalas_region,GON,place,† M3 regional lexicon
me_land_1711,Umrim,land,me_umbar_region,UMB,place,† M3 regional lexicon
me_land_1712,Eithel galendûr,land,me_north_arnor_region,WILD,wilderness,† M3 regional lexicon
me_land_1713,Zarim,land,me_umbar_region,UMB,place,† M3 regional lexicon
me_land_1714,Emyn galendûr,land,me_ithilien_region,WILD,wilderness,† M3 regional lexicon
me_land_1715,Borur Camp,land,me_rhun_region,RH2,place,† M3 regional lexicon
me_land_1716,Imlad galendûr,land,me_mirkwood_region,WOO,place,† M3 regional lexicon
me_land_1717,Coldcamp Reach,land,me_northern_wastes_region,WILD,wilderness,† M3 regional lexicon
me_land_1718,Minas galendûr,land,me_belfalas_region,GON,place,† M3 regional lexicon
me_land_1719,Cedarmere,land,me_anduin_vale_region,WDM,place,† M3 regional lexicon
me_land_1720,Ridfold,land,me_rohan_region,ROH,place,† M3 regional lexicon
me_land_1721,Gathur Camp,land,me_rhun_region,RHU,place,† M3 regional lexicon
me_land_1722,Esgarford,land,me_rhun_region,DOR,place,† M3 regional lexicon
me_land_1723,Ost galendûr,land,me_lindon_region,LIN,place,† M3 regional lexicon
me_land_1724,Driftcamp Reach,land,me_northern_wastes_region,WILD,wilderness,† M3 regional lexicon
me_land_1725,Azrir,land,me_umbar_region,UMB,place,† M3 regional lexicon
me_land_1726,Firbole,land,me_rohan_region,FAN,place,† M3 regional lexicon
me_land_1727,Kingford,land,me_dale_region,ESG,place,† M3 regional lexicon
me_land_1728,Frostcamp Reach,land,me_forochel_region,LOS,place,† M3 regional lexicon
me_land_1729,Bahrir,land,me_near_harad_region,HRA,place,† M3 regional lexicon
me_land_1730,Taur galendûr,land,me_north_arnor_region,WILD,wilderness,† M3 regional lexicon
me_land_1731,Cloverbrook,land,me_shire_breeland_region,SHI,place,† M3 regional lexicon
me_land_1732,Karmur Camp,land,me_rhun_region,RH2,place,† M3 regional lexicon
me_land_1733,Muzgdûr Camp,land,me_north_arnor_region,ANG,place,† M3 regional lexicon
me_land_1734,Deepmere,land,me_enedwaith_region,DUN,place,† M3 regional lexicon
me_land_1735,Arzor,land,me_far_harad_region,KHA,place,† M3 regional lexicon
me_land_1736,Bar galendûr,land,me_brown_lands_region,WILD,wilderness,† M3 regional lexicon
me_land_1737,Khurur Camp,land,me_rhun_region,RH3,place,† M3 regional lexicon
me_land_1738,Calen galendûr,land,me_lindon_region,LIN,place,† M3 regional lexicon
me_land_1739,Eastmere,land,me_enedwaith_region,WILD,wilderness,† M3 regional lexicon
me_land_1740,Greenmere,land,me_enedwaith_region,DUN,place,† M3 regional lexicon
me_land_1741,Celon galendûr,land,me_south_gondor_region,GON,place,† M3 regional lexicon
me_land_1742,Darir,land,me_umbar_region,UMB,place,† M3 regional lexicon
me_land_1743,Nim galendûr,land,me_enedwaith_region,RAN,place,† M3 regional lexicon
me_land_1744,Amon gonddûr,land,me_north_arnor_region,WILD,wilderness,† M3 regional lexicon
me_land_1745,Lodur Camp,land,me_rhun_region,RH2,place,† M3 regional lexicon
me_land_1746,Dagorlad,land,me_brown_lands_region,WILD,ruin,"LOTR, Book IV, Ch. 2"
me_land_1747,Dol gonddûr,land,me_mirkwood_region,WOO,place,† M3 regional lexicon
me_land_1748,Greymere,land,me_enedwaith_region,WILD,wilderness,† M3 regional lexicon
me_land_1749,Eithel gonddûr,land,me_north_arnor_region,RIV,place,† M3 regional lexicon
me_land_1750,Emyn gonddûr,land,me_south_gondor_region,GON,place,† M3 regional lexicon
me_land_1751,Nazgdûr Camp,land,me_angmar_region,ANG,place,† M3 regional lexicon
me_land_1752,Narur Camp,land,me_rhun_region,RH2,place,† M3 regional lexicon
me_land_1753,Skaidûr Camp,land,me_mordor_region,MOR,place,† M3 regional lexicon
me_land_1754,Rhovur Camp,land,me_rhun_region,RHU,place,† M3 regional lexicon
me_land_1755,Sagur Camp,land,me_rhun_region,RHU,place,† M3 regional lexicon
me_land_1756,Leafbole,land,me_rohan_region,FAN,place,† M3 regional lexicon
me_land_1757,Lakeford,land,me_rhun_region,DOR,place,† M3 regional lexicon
me_land_1758,Dimplebrook,land,me_shire_breeland_region,WILD,wilderness,† M3 regional lexicon
me_land_1759,Imlad gonddûr,land,me_mirkwood_region,WOO,place,† M3 regional lexicon
me_land_1760,Farir,land,me_umbar_region,UMB,place,† M3 regional lexicon
me_land_1761,Longmere,land,me_enedwaith_region,WILD,wilderness,† M3 regional lexicon
me_land_1762,Ugldûr Camp,land,me_ithilien_region,MOR,place,† M3 regional lexicon
me_land_1763,Sharur Camp,land,me_rhun_region,RH2,place,† M3 regional lexicon
me_land_1764,Uldur Camp,land,me_rhun_region,RHU,place,† M3 regional lexicon
me_land_1765,Goldenford,land,me_anduin_vale_region,BEO,place,† M3 regional lexicon
me_land_1766,Balkor,land,me_khand_region,KHA,place,† M3 regional lexicon
me_land_1767,Drazor,land,me_far_harad_region,KHA,place,† M3 regional lexicon
me_land_1768,Minas gonddûr,land,me_lindon_region,LIN,place,† M3 regional lexicon
me_land_1769,Wainur Camp,land,me_rhun_region,RHU,place,† M3 regional lexicon
me_land_1770,Zorur Camp,land,me_rhun_region,RH3,place,† M3 regional lexicon
me_land_1771,Balach March,land,me_rhun_region,RHU,place,† M3 regional lexicon
me_land_1772,Icecamp Reach,land,me_northern_wastes_region,WILD,wilderness,† M3 regional lexicon
me_land_1773,Ost gonddûr,land,me_lindon_region,LIN,place,† M3 regional lexicon
me_land_1774,Honeyford,land,me_mirkwood_region,BEO,place,† M3 regional lexicon
me_land_1775,Ravenford,land,me_dale_region,ESG,place,† M3 regional lexicon
me_land_1776,Borach March,land,me_rhun_region,RH2,place,† M3 regional lexicon
me_land_1777,Thengelfold,land,me_rohan_region,ROH,place,† M3 regional lexicon
me_land_1778,Gathach March,land,me_rhun_region,RH2,place,† M3 regional lexicon
me_land_1779,Urukdûr Camp,land,me_mordor_region,MOR,place,† M3 regional lexicon
me_land_1780,Oakmere,land,me_enedwaith_region,WILD,wilderness,† M3 regional lexicon
me_land_1781,Gharor,land,me_khand_region,KHA,place,† M3 regional lexicon
me_land_1782,Taur gonddûr,land,me_lebennin_region,GON,place,† M3 regional lexicon
me_land_1783,Ashfang Camp,land,me_mordor_region,MOR,place,† M3 regional lexicon
me_land_1784,Hadrir,land,me_near_harad_region,HNE,place,† M3 regional lexicon
me_land_1785,Bar gonddûr,land,me_north_arnor_region,WILD,wilderness,† M3 regional lexicon
me_land_1786,Azgfang Camp,land,me_ithilien_region,MOR,place,† M3 regional lexicon
me_land_1787,Calen gonddûr,land,me_belfalas_region,GON,place,† M3 regional lexicon
me_land_1788,Woldfold,land,me_rohan_region,ROH,place,† M3 regional lexicon
me_land_1789,Celon gonddûr,land,me_belfalas_region,GON,place,† M3 regional lexicon
me_land_1790,Blackfang Camp,land,me_mordor_region,MOR,place,† M3 regional lexicon
me_land_1791,Nim gonddûr,land,me_mirkwood_region,WOO,place,† M3 regional lexicon
me_land_1792,Burzfang Camp,land,me_mordor_region,MOR,place,† M3 regional lexicon
me_land_1793,Amon lothdûr,land,me_brown_lands_region,WILD,wilderness,† M3 regional lexicon
me_land_1794,Karmach March,land,me_rhun_region,RH2,place,† M3 regional lexicon
me_land_1795,Dol lothdûr,land,me_north_arnor_region,WILD,wilderness,† M3 regional lexicon
me_land_1796,Dushfang Camp,land,me_mordor_region,MOR,place,† M3 regional lexicon
me_land_1797,Eithel lothdûr,land,me_lindon_region,LIN,place,† M3 regional lexicon
me_land_1798,Northcamp Reach,land,me_forochel_region,LOS,place,† M3 regional lexicon
me_land_1799,Emyn lothdûr,land,me_belfalas_region,GON,place,† M3 regional lexicon
me_land_1800,Ghashfang Camp,land,me_enedwaith_region,MOA,place,† M3 regional lexicon
me_land_1801,Imlad lothdûr,land,me_north_arnor_region,WILD,wilderness,† M3 regional lexicon
me_land_1802,Minas lothdûr,land,me_north_arnor_region,RAN,place,† M3 regional lexicon
me_land_1803,Kandor,land,me_khand_region,KHA,place,† M3 regional lexicon
me_land_1804,Kharir,land,me_near_harad_region,HRA,place,† M3 regional lexicon
me_land_1805,Riverford,land,me_anduin_vale_region,BEO,place,† M3 regional lexicon
me_land_1806,Oakbole,land,me_rohan_region,FAN,place,† M3 regional lexicon
me_land_1807,Ost lothdûr,land,me_south_gondor_region,GON,place,† M3 regional lexicon
me_land_1808,Southmere,land,me_anduin_vale_region,WILD,wilderness,† M3 regional lexicon
me_land_1809,Aldford,land,me_rohan_region,ROH,place,† M3 regional lexicon
me_land_1810,Khurach March,land,me_rhun_region,RH2,place,† M3 regional lexicon
me_land_1811,Stonemere,land,me_enedwaith_region,WILD,wilderness,† M3 regional lexicon
me_land_1812,Lodach March,land,me_rhun_region,RH2,place,† M3 regional lexicon
me_land_1813,Westmere,land,me_enedwaith_region,DUN,place,† M3 regional lexicon
me_land_1814,Taur lothdûr,land,me_lebennin_region,GON,place,† M3 regional lexicon
me_land_1815,Gorfang Camp,land,me_mordor_region,MOR,place,† M3 regional lexicon
me_land_1816,Grishfang Camp,land,me_mordor_region,MOR,place,† M3 regional lexicon
me_land_1817,Bar lothdûr,land,me_mirkwood_region,WOO,place,† M3 regional lexicon
me_land_1818,Krimpfang Camp,land,me_mordor_region,MOR,place,† M3 regional lexicon
me_land_1819,Khazor,land,me_khand_region,KHA,place,† M3 regional lexicon
me_land_1820,Khoror,land,me_far_harad_region,KHA,place,† M3 regional lexicon
me_land_1821,Fernbrook,land,me_shire_breeland_region,WILD,wilderness,† M3 regional lexicon
me_land_1822,Ruzor,land,me_khand_region,KHA,place,† M3 regional lexicon
me_land_1823,Calen lothdûr,land,me_ithilien_region,WILD,wilderness,† M3 regional lexicon
me_land_1824,Beorford,land,me_rohan_region,ROH,place,† M3 regional lexicon
me_land_1825,Narach March,land,me_rhun_region,RH2,place,† M3 regional lexicon
me_land_1826,Skarnor,land,me_khand_region,KHA,place,† M3 regional lexicon
me_land_1827,Lugfang Camp,land,me_mordor_region,MOR,place,† M3 regional lexicon
me_land_1828,Palecamp Reach,land,me_forochel_region,LOS,place,† M3 regional lexicon
me_land_1829,Sealcamp Reach,land,me_forochel_region,LOS,place,† M3 regional lexicon
me_land_1830,Mahrir,land,me_umbar_region,UMB,place,† M3 regional lexicon
me_land_1831,Mauhfang Camp,land,me_mordor_region,MOR,place,† M3 regional lexicon
me_land_1832,Muzgfang Camp,land,me_mordor_region,MOR,place,† M3 regional lexicon
me_land_1833,Alderridge,land,me_anduin_vale_region,WILD,wilderness,† M3 regional lexicon
me_land_1834,Nazgfang Camp,land,me_mordor_region,MOR,place,† M3 regional lexicon
me_land_1835,Snowcamp Reach,land,me_northern_wastes_region,WILD,wilderness,† M3 regional lexicon
me_land_1836,Starcamp Reach,land,me_northern_wastes_region,WILD,wilderness,† M3 regional lexicon
me_land_1837,Celon lothdûr,land,me_lindon_region,LIN,place,† M3 regional lexicon
me_land_1838,Rhovach March,land,me_rhun_region,RH2,place,† M3 regional lexicon
me_land_1839,Haybrook,land,me_shire_breeland_region,SHI,place,† M3 regional lexicon
me_land_1840,Nim lothdûr,land,me_north_arnor_region,WILD,wilderness,† M3 regional lexicon
me_land_1841,Hazelbrook,land,me_shire_breeland_region,SHI,place,† M3 regional lexicon
me_land_1842,Skaifang Camp,land,me_mordor_region,MOR,place,† M3 regional lexicon
me_land_1843,Whitecamp Reach,land,me_northern_wastes_region,WILD,wilderness,† M3 regional lexicon
me_land_1844,Sagach March,land,me_rhun_region,RH2,place,† M3 regional lexicon
me_land_1845,Ghân's Glade,land,me_anorien_region,DRU,refuge,† seat invented because canon gives the Drúedain no capital
me_land_1846,Sharach March,land,me_rhun_region,RH3,place,† M3 regional lexicon
me_land_1847,Uldach March,land,me_rhun_region,RHU,place,† M3 regional lexicon
me_land_1848,Narir,land,me_umbar_region,UMB,place,† M3 regional lexicon
me_land_1849,Amon morndûr,land,me_north_arnor_region,WILD,wilderness,† M3 regional lexicon
me_land_1850,Wainach March,land,me_rhun_region,RH2,place,† M3 regional lexicon
me_land_1851,Uglfang Camp,land,me_ithilien_region,MOR,place,† M3 regional lexicon
me_land_1852,Hollybrook,land,me_shire_breeland_region,SHI,place,† M3 regional lexicon
me_land_1853,Urukfang Camp,land,me_mordor_region,MOR,place,† M3 regional lexicon
me_land_1854,Redford,land,me_dale_region,ESG,place,† M3 regional lexicon
me_land_1855,Ashgash Camp,land,me_mordor_region,MOR,place,† M3 regional lexicon
me_land_1856,Azggash Camp,land,me_mordor_region,MOR,place,† M3 regional lexicon
me_land_1857,Wintercamp Reach,land,me_northern_wastes_region,WILD,wilderness,† M3 regional lexicon
me_land_1858,Sharaglar,land,me_grey_mountains_region,ERE,place,† M3 regional lexicon
me_land_1859,Zorach March,land,me_rhun_region,RH2,place,† M3 regional lexicon
me_land_1860,Balad March,land,me_rhun_region,RHU,place,† M3 regional lexicon
me_land_1861,Dol morndûr,land,me_brown_lands_region,WILD,wilderness,† M3 regional lexicon
me_land_1862,Eithel morndûr,land,me_north_arnor_region,WILD,wilderness,† M3 regional lexicon
me_land_1863,Emyn morndûr,land,me_north_arnor_region,WILD,wilderness,† M3 regional lexicon
me_land_1864,Qasir,land,me_umbar_region,UMB,place,† M3 regional lexicon
me_land_1865,Bregoford,land,me_rohan_region,ROH,place,† M3 regional lexicon
me_land_1866,Ceorlford,land,me_rohan_region,ROH,place,† M3 regional lexicon
me_land_1867,Borad March,land,me_rhun_region,RH3,place,† M3 regional lexicon
me_land_1868,Blackgash Camp,land,me_mirkwood_region,DOL,place,† M3 regional lexicon
me_land_1869,Imlad morndûr,land,me_north_arnor_region,WILD,wilderness,† M3 regional lexicon
me_land_1870,Ashridge,land,me_enedwaith_region,WILD,wilderness,† M3 regional lexicon
me_land_1871,Gathad March,land,me_rhun_region,RHU,place,† M3 regional lexicon
me_land_1872,Coldfell Reach,land,me_northern_wastes_region,WILD,wilderness,† M3 regional lexicon
me_land_1873,Minas morndûr,land,me_brown_lands_region,WILD,wilderness,† M3 regional lexicon
me_land_1874,Ost morndûr,land,me_lebennin_region,GON,place,† M3 regional lexicon
me_land_1875,Taur morndûr,land,me_north_arnor_region,RAN,place,† M3 regional lexicon
me_land_1876,Bar morndûr,land,me_north_arnor_region,WILD,wilderness,† M3 regional lexicon
me_land_1877,Calen morndûr,land,me_anduin_vale_region,LOR,place,† M3 regional lexicon
me_land_1878,Barrowridge,land,me_mirkwood_region,WDM,place,† M3 regional lexicon
me_land_1879,Rakhir,land,me_near_harad_region,UMB,place,† M3 regional lexicon
me_land_1880,Celon morndûr,land,me_belfalas_region,GON,place,† M3 regional lexicon
me_land_1881,Burzgash Camp,land,me_mordor_region,MOR,place,† M3 regional lexicon
me_land_1882,Karmad March,land,me_rhun_region,RHU,place,† M3 regional lexicon
me_land_1883,Sahrir,land,me_umbar_region,UMB,place,† M3 regional lexicon
me_land_1884,Targor,land,me_khand_region,KHA,place,† M3 regional lexicon
me_land_1885,Driftfell Reach,land,me_forochel_region,LOS,place,† M3 regional lexicon
me_land_1886,Khurad March,land,me_rhun_region,RH2,place,† M3 regional lexicon
me_land_1887,Beaconridge,land,me_enedwaith_region,WILD,wilderness,† M3 regional lexicon
me_land_1888,Nim morndûr,land,me_north_arnor_region,WILD,wilderness,† M3 regional lexicon
me_land_1889,Amon nendûr,land,me_north_arnor_region,RAN,place,† M3 regional lexicon
me_land_1890,Zigilaglar,land,me_lindon_region,BLU,place,† M3 regional lexicon
me_land_1891,Lodad March,land,me_rhun_region,RHU,place,† M3 regional lexicon
me_land_1892,Dol nendûr,land,me_belfalas_region,GON,place,† M3 regional lexicon
me_land_1893,Rowanbole,land,me_anduin_vale_region,FAN,place,† M3 regional lexicon
me_land_1894,Narad March,land,me_rhun_region,RH2,place,† M3 regional lexicon
me_land_1895,Eithel nendûr,land,me_north_arnor_region,WILD,wilderness,† M3 regional lexicon
me_land_1896,Déorford,land,me_rohan_region,ROH,place,† M3 regional lexicon
me_land_1897,Rhovad March,land,me_rhun_region,RHU,place,† M3 regional lexicon
me_land_1898,Varkor,land,me_khand_region,KHA,place,† M3 regional lexicon
me_land_1899,Emyn nendûr,land,me_lindon_region,LIN,place,† M3 regional lexicon
me_land_1900,Imlad nendûr,land,me_belfalas_region,GON,place,† M3 regional lexicon
me_land_1901,Sagad March,land,me_rhun_region,RH2,place,† M3 regional lexicon
me_land_1902,Minas nendûr,land,me_mirkwood_region,WOO,place,† M3 regional lexicon
me_land_1903,Frostfell Reach,land,me_northern_wastes_region,WILD,wilderness,† M3 regional lexicon
me_land_1904,Icefell Reach,land,me_northern_wastes_region,WILD,wilderness,† M3 regional lexicon
me_land_1905,Merrybrook,land,me_shire_breeland_region,SHI,place,† M3 regional lexicon
me_land_1906,Sharad March,land,me_rhun_region,RH2,place,† M3 regional lexicon
me_land_1907,Ost nendûr,land,me_south_gondor_region,GON,place,† M3 regional lexicon
me_land_1908,Dushgash Camp,land,me_rohan_region,ISE,place,† M3 regional lexicon
me_land_1909,Taur nendûr,land,me_north_arnor_region,WILD,wilderness,† M3 regional lexicon
me_land_1910,Gladden Fields,land,me_anduin_vale_region,WILD,ruin,"LOTR, Book I, Ch. 2"
me_land_1911,Ambergarth,land,me_dale_region,ESG,place,† M3 regional lexicon
me_land_1912,Blackridge,land,me_enedwaith_region,DUN,place,† M3 regional lexicon
me_land_1913,Ghashgash Camp,land,me_anduin_vale_region,GOB,place,† M3 regional lexicon
me_land_1914,Brambleridge,land,me_enedwaith_region,DUN,place,† M3 regional lexicon
me_land_1915,Uldad March,land,me_rhun_region,RHU,place,† M3 regional lexicon
me_land_1916,Bucklandridge,land,me_mirkwood_region,WDM,place,† M3 regional lexicon
me_land_1917,Zandor,land,me_far_harad_region,KHA,place,† M3 regional lexicon
me_land_1918,Cedarridge,land,me_mirkwood_region,WDM,place,† M3 regional lexicon
me_land_1919,Bar nendûr,land,me_lindon_region,LIN,place,† M3 regional lexicon
me_land_1920,Calen nendûr,land,me_brown_lands_region,WILD,wilderness,† M3 regional lexicon
me_land_1921,Deepridge,land,me_enedwaith_region,WILD,wilderness,† M3 regional lexicon
me_land_1922,Bardgarth,land,me_dale_region,DAL,place,† M3 regional lexicon
me_land_1923,Wainad March,land,me_rhun_region,RH2,place,† M3 regional lexicon
me_land_1924,Eastridge,land,me_enedwaith_region,WILD,wilderness,† M3 regional lexicon
me_land_1925,Celon nendûr,land,me_belfalas_region,GON,place,† M3 regional lexicon
me_land_1926,Arzuk,land,me_khand_region,KHA,place,† M3 regional lexicon
me_land_1927,Eorlford,land,me_rohan_region,ROH,place,† M3 regional lexicon
me_land_1928,Greenridge,land,me_enedwaith_region,DUN,place,† M3 regional lexicon
me_land_1929,Gorgash Camp,land,me_mirkwood_region,DOL,place,† M3 regional lexicon
me_land_1930,Greyridge,land,me_enedwaith_region,DUN,place,† M3 regional lexicon
me_land_1931,Grishgash Camp,land,me_ithilien_region,MOR,place,† M3 regional lexicon
me_land_1932,Krimpgash Camp,land,me_ithilien_region,MOR,place,† M3 regional lexicon
me_land_1933,Mossbrook,land,me_shire_breeland_region,SHI,place,† M3 regional lexicon
me_land_1934,Nutbrook,land,me_shire_breeland_region,WILD,wilderness,† M3 regional lexicon
me_land_1935,Ost-in-Edhil,land,me_enedwaith_region,DUN,ruin,"LOTR, Appendix B; The Silmarillion, Of the Rings of Power"
me_land_1936,Longridge,land,me_enedwaith_region,DUN,place,† M3 regional lexicon
me_land_1937,Zorad March,land,me_rhun_region,RH3,place,† M3 regional lexicon
me_land_1938,Balar March,land,me_rhun_region,RHU,place,† M3 regional lexicon
me_land_1939,Northfell Reach,land,me_northern_wastes_region,WILD,wilderness,† M3 regional lexicon
me_land_1940,Rushbrook,land,me_shire_breeland_region,WILD,wilderness,† M3 regional lexicon
me_land_1941,Borar March,land,me_rhun_region,RHU,place,† M3 regional lexicon
me_land_1942,Balkuk,land,me_khand_region,KHA,place,† M3 regional lexicon
me_land_1943,Palefell Reach,land,me_northern_wastes_region,WILD,wilderness,† M3 regional lexicon
me_land_1944,Luggash Camp,land,me_ithilien_region,MOR,place,† M3 regional lexicon
me_land_1945,Nim nendûr,land,me_anduin_vale_region,LOR,place,† M3 regional lexicon
me_land_1946,Gathar March,land,me_rhun_region,RHU,place,† M3 regional lexicon
me_land_1947,Amon rathdûr,land,me_brown_lands_region,WILD,wilderness,† M3 regional lexicon
me_land_1948,The Angle,land,me_north_arnor_region,RAN,refuge,† ENDORE plan 8.1; seat of the Rangers inferred from their Angle settlement
me_land_1949,Karmar March,land,me_rhun_region,RH2,place,† M3 regional lexicon
me_land_1950,Northridge,land,me_anorien_region,DRU,place,† M3 regional lexicon
me_land_1951,Bellgarth,land,me_dale_region,ESG,place,† M3 regional lexicon
me_land_1952,Mauhgash Camp,land,me_north_arnor_region,ANG,place,† M3 regional lexicon
me_land_1953,Folcford,land,me_rohan_region,ROH,place,† M3 regional lexicon
me_land_1954,Sealfell Reach,land,me_northern_wastes_region,WILD,wilderness,† M3 regional lexicon
me_land_1955,Rootbole,land,me_anduin_vale_region,FAN,place,† M3 regional lexicon
me_land_1956,Oakridge,land,me_enedwaith_region,WILD,wilderness,† M3 regional lexicon
me_land_1957,Tazir,land,me_far_harad_region,HRA,place,† M3 regional lexicon
me_land_1958,Muzggash Camp,land,me_mordor_region,MOR,place,† M3 regional lexicon
me_land_1959,Snowfell Reach,land,me_northern_wastes_region,WILD,wilderness,† M3 regional lexicon
me_land_1960,Dol rathdûr,land,me_north_arnor_region,WILD,wilderness,† M3 regional lexicon
me_land_1961,Eithel rathdûr,land,me_belfalas_region,GON,place,† M3 regional lexicon
me_land_1962,Umrir,land,me_umbar_region,UMB,place,† M3 regional lexicon
me_land_1963,Khurar March,land,me_rhun_region,RHU,place,† M3 regional lexicon
me_land_1964,Drazuk,land,me_near_harad_region,KHA,place,† M3 regional lexicon
me_land_1965,Starfell Reach,land,me_northern_wastes_region,WILD,wilderness,† M3 regional lexicon
me_land_1966,Zarir,land,me_umbar_region,UMB,place,† M3 regional lexicon
me_land_1967,Bowgarth,land,me_rhun_region,DOR,place,† M3 regional lexicon
me_land_1968,Gharuk,land,me_far_harad_region,KHA,place,† M3 regional lexicon
me_land_1969,Whitefell Reach,land,me_northern_wastes_region,WILD,wilderness,† M3 regional lexicon
me_land_1970,Nazggash Camp,land,me_mordor_region,MOR,place,† M3 regional lexicon
me_land_1971,Lodar March,land,me_rhun_region,RHU,place,† M3 regional lexicon
me_land_1972,Kanduk,land,me_far_harad_region,KHA,place,† M3 regional lexicon
me_land_1973,Skaigash Camp,land,me_angmar_region,GUN,place,† M3 regional lexicon
me_land_1974,Khazuk,land,me_khand_region,KHA,place,† M3 regional lexicon
me_land_1975,Southridge,land,me_enedwaith_region,DUN,place,† M3 regional lexicon
me_land_1976,Azrun,land,me_umbar_region,UMB,place,† M3 regional lexicon
me_land_1977,Emyn rathdûr,land,me_mirkwood_region,WOO,place,† M3 regional lexicon
me_land_1978,Imlad rathdûr,land,me_north_arnor_region,WILD,wilderness,† M3 regional lexicon
me_land_1979,Bahrun,land,me_far_harad_region,HRA,place,† M3 regional lexicon
me_land_1980,Khoruk,land,me_khand_region,KHA,place,† M3 regional lexicon
me_land_1981,Narar March,land,me_rhun_region,RHU,place,† M3 regional lexicon
me_land_1982,Uglgash Camp,land,me_mordor_region,MOR,place,† M3 regional lexicon
me_land_1983,Celduingarth,land,me_rhun_region,DOR,place,† M3 regional lexicon
me_land_1984,Urukgash Camp,land,me_angmar_region,ANG,place,† M3 regional lexicon
me_land_1985,Framford,land,me_rohan_region,ROH,place,† M3 regional lexicon
me_land_1986,Minas rathdûr,land,me_ithilien_region,WILD,wilderness,† M3 regional lexicon
me_land_1987,Ost rathdûr,land,me_belfalas_region,GON,place,† M3 regional lexicon
me_land_1988,Ashglob Camp,land,me_mordor_region,MOR,place,† M3 regional lexicon
me_land_1989,Stoneridge,land,me_enedwaith_region,DUN,place,† M3 regional lexicon
me_land_1990,Taur rathdûr,land,me_lindon_region,LIN,place,† M3 regional lexicon
me_land_1991,Winterfell Reach,land,me_forochel_region,LOS,place,† M3 regional lexicon
me_land_1992,Darun,land,me_umbar_region,UMB,place,† M3 regional lexicon
me_land_1993,Bar rathdûr,land,me_anduin_vale_region,LOR,place,† M3 regional lexicon
me_land_1994,Farun,land,me_near_harad_region,HNE,place,† M3 regional lexicon
me_land_1995,Hadrun,land,me_near_harad_region,UMB,place,† M3 regional lexicon
me_land_1996,Azgglob Camp,land,me_mordor_region,MOR,place,† M3 regional lexicon
me_land_1997,Rhovar March,land,me_rhun_region,RH2,place,† M3 regional lexicon
me_land_1998,Calen rathdûr,land,me_north_arnor_region,WILD,wilderness,† M3 regional lexicon
me_land_1999,Celon rathdûr,land,me_belfalas_region,GON,place,† M3 regional lexicon
me_land_2000,Nim rathdûr,land,me_ithilien_region,WILD,wilderness,† M3 regional lexicon
me_land_2001,Westridge,land,me_shire_breeland_region,BRE,place,† M3 regional lexicon
me_land_2002,Alderstead,land,me_shire_breeland_region,BRE,place,† M3 regional lexicon
me_land_2003,Amon sarndûr,land,me_brown_lands_region,WILD,wilderness,† M3 regional lexicon
me_land_2004,Ashstead,land,me_enedwaith_region,DUN,place,† M3 regional lexicon
me_land_2005,Blackglob Camp,land,me_brown_lands_region,DOL,place,† M3 regional lexicon
me_land_2006,Dol sarndûr,land,me_anduin_vale_region,LOR,place,† M3 regional lexicon
me_land_2007,Eithel sarndûr,land,me_lindon_region,LIN,place,† M3 regional lexicon
me_land_2008,Burzglob Camp,land,me_mordor_region,MOR,place,† M3 regional lexicon
me_land_2009,Kharun,land,me_umbar_region,UMB,place,† M3 regional lexicon
me_land_2010,Emyn sarndûr,land,me_lebennin_region,GON,place,† M3 regional lexicon
me_land_2011,Imlad sarndûr,land,me_brown_lands_region,WILD,wilderness,† M3 regional lexicon
me_land_2012,Minas sarndûr,land,me_brown_lands_region,WILD,wilderness,† M3 regional lexicon
me_land_2013,Mahrun,land,me_far_harad_region,HRA,place,† M3 regional lexicon
me_land_2014,Sagar March,land,me_rhun_region,RH2,place,† M3 regional lexicon
me_land_2015,Coldfloe Reach,land,me_northern_wastes_region,WILD,wilderness,† M3 regional lexicon
me_land_2016,Dalegarth,land,me_dale_region,ESG,place,† M3 regional lexicon
me_land_2017,Qasun,land,me_far_harad_region,HFA,place,† M3 regional lexicon
me_land_2018,Ruzuk,land,me_khand_region,KHA,place,† M3 regional lexicon
me_land_2019,Ost sarndûr,land,me_belfalas_region,DAM,place,† M3 regional lexicon
me_land_2020,Dushglob Camp,land,me_mordor_region,MOR,place,† M3 regional lexicon
me_land_2021,Skarnuk,land,me_khand_region,KHA,place,† M3 regional lexicon
me_land_2022,Taur sarndûr,land,me_belfalas_region,GON,place,† M3 regional lexicon
me_land_2023,Bar sarndûr,land,me_lindon_region,LIN,place,† M3 regional lexicon
me_land_2024,Sharar March,land,me_rhun_region,RH2,place,† M3 regional lexicon
me_land_2025,Ghashglob Camp,land,me_mordor_region,MOR,place,† M3 regional lexicon
me_land_2026,Calen sarndûr,land,me_north_arnor_region,RAN,place,† M3 regional lexicon
me_land_2027,Barrowstead,land,me_enedwaith_region,DUN,place,† M3 regional lexicon
me_land_2028,Celon sarndûr,land,me_north_arnor_region,RAN,place,† M3 regional lexicon
me_land_2029,Nim sarndûr,land,me_north_arnor_region,WILD,wilderness,† M3 regional lexicon
me_land_2030,Amon thorondûr,land,me_belfalas_region,GON,place,† M3 regional lexicon
me_land_2031,Dol thorondûr,land,me_mirkwood_region,WOO,place,† M3 regional lexicon
me_land_2032,Uldar March,land,me_rhun_region,RH3,place,† M3 regional lexicon
me_land_2033,Gorglob Camp,land,me_angmar_region,GUN,place,† M3 regional lexicon
me_land_2034,Grishglob Camp,land,me_ithilien_region,MOR,place,† M3 regional lexicon
me_land_2035,Eithel thorondûr,land,me_north_arnor_region,WILD,wilderness,† M3 regional lexicon
me_land_2036,Wainar March,land,me_rhun_region,RH3,place,† M3 regional lexicon
me_land_2037,Rakhun,land,me_near_harad_region,HRA,place,† M3 regional lexicon
me_land_2038,Skinford,land,me_anduin_vale_region,BEO,place,† M3 regional lexicon
me_land_2039,Grimford,land,me_rohan_region,ROH,place,† M3 regional lexicon
me_land_2040,Targuk,land,me_far_harad_region,KHA,place,† M3 regional lexicon
me_land_2041,Sahrun,land,me_umbar_region,UMB,place,† M3 regional lexicon
me_land_2042,Beaconstead,land,me_enedwaith_region,DUN,place,† M3 regional lexicon
me_land_2043,Driftfloe Reach,land,me_northern_wastes_region,WILD,wilderness,† M3 regional lexicon
me_land_2044,Zorar March,land,me_rhun_region,RHU,place,† M3 regional lexicon
me_land_2045,Emyn thorondûr,land,me_belfalas_region,GON,place,† M3 regional lexicon
me_land_2046,Blackstead,land,me_enedwaith_region,WILD,wilderness,† M3 regional lexicon
me_land_2047,Imlad thorondûr,land,me_anduin_vale_region,LOR,place,† M3 regional lexicon
me_land_2048,Minas thorondûr,land,me_mirkwood_region,WOO,place,† M3 regional lexicon
me_land_2049,Valeford,land,me_anduin_vale_region,BEO,place,† M3 regional lexicon
me_land_2050,Wildford,land,me_anduin_vale_region,BEO,place,† M3 regional lexicon
me_land_2051,Balath March,land,me_rhun_region,RHU,place,† M3 regional lexicon
me_land_2052,Krimpglob Camp,land,me_rohan_region,ISE,place,† M3 regional lexicon
me_land_2053,Bramblestead,land,me_mirkwood_region,WDM,place,† M3 regional lexicon
me_land_2054,Borath March,land,me_rhun_region,RH2,place,† M3 regional lexicon
me_land_2055,Eastgarth,land,me_rhun_region,DOR,place,† M3 regional lexicon
me_land_2056,Bucklandstead,land,me_enedwaith_region,WILD,wilderness,† M3 regional lexicon
me_land_2057,Cedarstead,land,me_enedwaith_region,WILD,wilderness,† M3 regional lexicon
me_land_2058,Ost thorondûr,land,me_belfalas_region,GON,place,† M3 regional lexicon
me_land_2059,Taur thorondûr,land,me_lindon_region,LIN,place,† M3 regional lexicon
me_land_2060,Bar thorondûr,land,me_mirkwood_region,WOO,place,† M3 regional lexicon
me_land_2061,Gathath March,land,me_rhun_region,RH2,place,† M3 regional lexicon
me_land_2062,Tazun,land,me_umbar_region,UMB,place,† M3 regional lexicon
me_land_2063,Calen thorondûr,land,me_lindon_region,LIN,place,† M3 regional lexicon
me_land_2064,Lugglob Camp,land,me_mordor_region,MOR,place,† M3 regional lexicon
me_land_2065,Mauhglob Camp,land,me_mordor_region,MOR,place,† M3 regional lexicon
me_land_2066,Muzgglob Camp,land,me_mordor_region,MOR,place,† M3 regional lexicon
me_land_2067,Edhellond,land,me_belfalas_region,DAM,ruin,"Unfinished Tales, The History of Galadriel and Celeborn"
me_land_2068,Karmath March,land,me_rhun_region,RH2,place,† M3 regional lexicon
me_land_2069,Nazgglob Camp,land,me_mordor_region,MOR,place,† M3 regional lexicon
me_land_2070,Umrun,land,me_umbar_region,UMB,place,† M3 regional lexicon
me_land_2071,Khurath March,land,me_rhun_region,RH3,place,† M3 regional lexicon
me_land_2072,Zarun,land,me_umbar_region,UMB,place,† M3 regional lexicon
me_land_2073,Azrur,land,me_near_harad_region,HNE,place,† M3 regional lexicon
me_land_2074,Celon thorondûr,land,me_north_arnor_region,WILD,wilderness,† M3 regional lexicon
me_land_2075,Bahrur,land,me_umbar_region,UMB,place,† M3 regional lexicon
me_land_2076,Lodath March,land,me_rhun_region,RH2,place,† M3 regional lexicon
me_land_2077,Helmford,land,me_rohan_region,ROH,place,† M3 regional lexicon
me_land_2078,Nim thorondûr,land,me_belfalas_region,DAM,place,† M3 regional lexicon
me_land_2079,Thistlebrook,land,me_shire_breeland_region,WILD,wilderness,† M3 regional lexicon
me_land_2080,Deepstead,land,me_anorien_region,DRU,place,† M3 regional lexicon
me_land_2081,Narath March,land,me_rhun_region,RH3,place,† M3 regional lexicon
me_land_2082,Rhovath March,land,me_rhun_region,RHU,place,† M3 regional lexicon
me_land_2083,Eaststead,land,me_enedwaith_region,DUN,place,† M3 regional lexicon
me_land_2084,Amon adaren,land,me_brown_lands_region,WILD,wilderness,† M3 regional lexicon
me_land_2085,Dol adaren,land,me_belfalas_region,GON,place,† M3 regional lexicon
me_land_2086,Greenstead,land,me_enedwaith_region,DUN,place,† M3 regional lexicon
me_land_2087,Skaiglob Camp,land,me_mirkwood_region,DOL,place,† M3 regional lexicon
me_land_2088,Frostfloe Reach,land,me_forochel_region,LOS,place,† M3 regional lexicon
me_land_2089,Darur,land,me_near_harad_region,HNE,place,† M3 regional lexicon
me_land_2090,Uglglob Camp,land,me_mordor_region,MOR,place,† M3 regional lexicon
me_land_2091,Eithel adaren,land,me_anduin_vale_region,LOR,place,† M3 regional lexicon
me_land_2092,Farur,land,me_far_harad_region,HRA,place,† M3 regional lexicon
me_land_2093,Emyn adaren,land,me_north_arnor_region,WILD,wilderness,† M3 regional lexicon
me_land_2094,Sagath March,land,me_rhun_region,RHU,place,† M3 regional lexicon
me_land_2095,Greystead,land,me_enedwaith_region,WILD,wilderness,† M3 regional lexicon
me_land_2096,Sharath March,land,me_rhun_region,RH2,place,† M3 regional lexicon
me_land_2097,Uldath March,land,me_rhun_region,RHU,place,† M3 regional lexicon
me_land_2098,Imlad adaren,land,me_north_arnor_region,WILD,wilderness,† M3 regional lexicon
me_land_2099,Minas adaren,land,me_belfalas_region,GON,place,† M3 regional lexicon
me_land_2100,Ost adaren,land,me_belfalas_region,DAM,place,† M3 regional lexicon
me_land_2101,Wainath March,land,me_rhun_region,RH2,place,† M3 regional lexicon
me_land_2102,Urukglob Camp,land,me_mordor_region,MOR,place,† M3 regional lexicon
me_land_2103,Taur adaren,land,me_north_arnor_region,WILD,wilderness,† M3 regional lexicon
me_land_2104,Icefloe Reach,land,me_northern_wastes_region,WILD,wilderness,† M3 regional lexicon
me_land_2105,Bar adaren,land,me_lindon_region,LIN,place,† M3 regional lexicon
me_land_2106,Hadrur,land,me_far_harad_region,HFA,place,† M3 regional lexicon
me_land_2107,Varkuk,land,me_khand_region,KHA,place,† M3 regional lexicon
me_land_2108,Longstead,land,me_anduin_vale_region,WILD,wilderness,† M3 regional lexicon
me_land_2109,Zanduk,land,me_khand_region,KHA,place,† M3 regional lexicon
me_land_2110,Northstead,land,me_anduin_vale_region,WILD,wilderness,† M3 regional lexicon
me_land_2111,Calen adaren,land,me_lebennin_region,GON,place,† M3 regional lexicon
me_land_2112,Celon adaren,land,me_belfalas_region,GON,place,† M3 regional lexicon
me_land_2113,Oakstead,land,me_enedwaith_region,DUN,place,† M3 regional lexicon
me_land_2114,Ashgrat Camp,land,me_ithilien_region,MOR,place,† M3 regional lexicon
me_land_2115,Azanbizar,land,me_lindon_region,BLU,place,† M3 regional lexicon
me_land_2116,Zorath March,land,me_rhun_region,RHU,place,† M3 regional lexicon
me_land_2117,Nim adaren,land,me_brown_lands_region,WILD,wilderness,† M3 regional lexicon
me_land_2118,Amon aelen,land,me_belfalas_region,GON,place,† M3 regional lexicon
me_land_2119,Dol aelen,land,me_brown_lands_region,WILD,wilderness,† M3 regional lexicon
me_land_2120,Eithel aelen,land,me_lebennin_region,GON,place,† M3 regional lexicon
me_land_2121,Eastern March,land,me_rhun_region,RH3,city,† seat invented for the Sagath confederation
me_land_2122,Balen March,land,me_rhun_region,RHU,place,† M3 regional lexicon
me_land_2123,Emyn aelen,land,me_anduin_vale_region,LOR,place,† M3 regional lexicon
me_land_2124,Boren March,land,me_rhun_region,RH2,place,† M3 regional lexicon
me_land_2125,Kharur,land,me_far_harad_region,HFA,place,† M3 regional lexicon
me_land_2126,Northfloe Reach,land,me_northern_wastes_region,WILD,wilderness,† M3 regional lexicon
me_land_2127,Imlad aelen,land,me_north_arnor_region,WILD,wilderness,† M3 regional lexicon
me_land_2128,Southstead,land,me_enedwaith_region,DUN,place,† M3 regional lexicon
me_land_2129,Mahrur,land,me_near_harad_region,HNE,place,† M3 regional lexicon
me_land_2130,Palefloe Reach,land,me_northern_wastes_region,WILD,wilderness,† M3 regional lexicon
me_land_2131,Gathen March,land,me_rhun_region,RHU,place,† M3 regional lexicon
me_land_2132,Azggrat Camp,land,me_mordor_region,MOR,place,† M3 regional lexicon
me_land_2133,Blackgrat Camp,land,me_anduin_vale_region,GOB,place,† M3 regional lexicon
me_land_2134,Burzgrat Camp,land,me_mordor_region,MOR,place,† M3 regional lexicon
me_land_2135,Karmen March,land,me_rhun_region,RHU,place,† M3 regional lexicon
me_land_2136,Woodford,land,me_anduin_vale_region,BEO,place,† M3 regional lexicon
me_land_2137,Minas aelen,land,me_north_arnor_region,WILD,wilderness,† M3 regional lexicon
me_land_2138,Dushgrat Camp,land,me_mirkwood_region,DOL,place,† M3 regional lexicon
me_land_2139,Arzun,land,me_khand_region,KHA,place,† M3 regional lexicon
me_land_2140,Ost aelen,land,me_brown_lands_region,WILD,wilderness,† M3 regional lexicon
me_land_2141,Ghashgrat Camp,land,me_rohan_region,ISE,place,† M3 regional lexicon
me_land_2142,Sealfloe Reach,land,me_forochel_region,LOS,place,† M3 regional lexicon
me_land_2143,Taur aelen,land,me_brown_lands_region,WILD,wilderness,† M3 regional lexicon
me_land_2144,Heruford,land,me_rohan_region,ROH,place,† M3 regional lexicon
me_land_2145,Snowfloe Reach,land,me_northern_wastes_region,WILD,wilderness,† M3 regional lexicon
me_land_2146,Gorgrat Camp,land,me_enedwaith_region,MOA,place,† M3 regional lexicon
me_land_2147,Khuren March,land,me_rhun_region,RHU,place,† M3 regional lexicon
me_land_2148,Grishgrat Camp,land,me_ithilien_region,MOR,place,† M3 regional lexicon
me_land_2149,Krimpgrat Camp,land,me_rohan_region,ISE,place,† M3 regional lexicon
me_land_2150,Bar aelen,land,me_brown_lands_region,WILD,wilderness,† M3 regional lexicon
me_land_2151,Balkun,land,me_khand_region,KHA,place,† M3 regional lexicon
me_land_2152,Qasur,land,me_umbar_region,UMB,place,† M3 regional lexicon
me_land_2153,Luggrat Camp,land,me_anduin_vale_region,GOB,place,† M3 regional lexicon
me_land_2154,Mauhgrat Camp,land,me_mordor_region,MOR,place,† M3 regional lexicon
me_land_2155,Calen aelen,land,me_north_arnor_region,WILD,wilderness,† M3 regional lexicon
me_land_2156,Muzggrat Camp,land,me_mirkwood_region,DOL,place,† M3 regional lexicon
me_land_2157,Stonestead,land,me_anorien_region,DRU,place,† M3 regional lexicon
me_land_2158,Celon aelen,land,me_mirkwood_region,WOO,place,† M3 regional lexicon
me_land_2159,Loden March,land,me_rhun_region,RH2,place,† M3 regional lexicon
me_land_2160,Weststead,land,me_enedwaith_region,DUN,place,† M3 regional lexicon
me_land_2161,Esgargarth,land,me_dale_region,ESG,place,† M3 regional lexicon
me_land_2162,Rakhur,land,me_near_harad_region,HNE,place,† M3 regional lexicon
me_land_2163,Naren March,land,me_rhun_region,RHU,place,† M3 regional lexicon
me_land_2164,Nazggrat Camp,land,me_mirkwood_region,DOL,place,† M3 regional lexicon
me_land_2165,Alderwater,land,me_enedwaith_region,DUN,place,† M3 regional lexicon
me_land_2166,Starfloe Reach,land,me_forochel_region,LOS,place,† M3 regional lexicon
me_land_2167,Rhoven March,land,me_rhun_region,RHU,place,† M3 regional lexicon
me_land_2168,Drazun,land,me_khand_region,KHA,place,† M3 regional lexicon
me_land_2169,Sahrur,land,me_umbar_region,UMB,place,† M3 regional lexicon
me_land_2170,Nim aelen,land,me_north_arnor_region,RAN,place,† M3 regional lexicon
me_land_2171,Ashwater,land,me_enedwaith_region,DUN,place,† M3 regional lexicon
me_land_2172,Skaigrat Camp,land,me_mordor_region,MOR,place,† M3 regional lexicon
me_land_2173,Whitefloe Reach,land,me_northern_wastes_region,WILD,wilderness,† M3 regional lexicon
me_land_2174,Barrowwater,land,me_anduin_vale_region,WILD,wilderness,† M3 regional lexicon
me_land_2175,Tazur,land,me_far_harad_region,HRA,place,† M3 regional lexicon
me_land_2176,Sagen March,land,me_rhun_region,RHU,place,† M3 regional lexicon
me_land_2177,Sharen March,land,me_rhun_region,RH2,place,† M3 regional lexicon
me_land_2178,Beaconwater,land,me_enedwaith_region,WILD,wilderness,† M3 regional lexicon
me_land_2179,Gharun,land,me_khand_region,KHA,place,† M3 regional lexicon
me_land_2180,Uglgrat Camp,land,me_mordor_region,MOR,place,† M3 regional lexicon
me_land_2181,Urukgrat Camp,land,me_mordor_region,MOR,place,† M3 regional lexicon
me_land_2182,Ulden March,land,me_rhun_region,RHU,place,† M3 regional lexicon
me_land_2183,Amon annonen,land,me_anduin_vale_region,LOR,place,† M3 regional lexicon
me_land_2184,Dol annonen,land,me_brown_lands_region,WILD,wilderness,† M3 regional lexicon
me_land_2185,Blackwater,land,me_anduin_vale_region,WDM,place,† M3 regional lexicon
me_land_2186,Léodford,land,me_rohan_region,ROH,place,† M3 regional lexicon
me_land_2187,Eithel annonen,land,me_brown_lands_region,WILD,wilderness,† M3 regional lexicon
me_land_2188,Emyn annonen,land,me_north_arnor_region,WILD,wilderness,† M3 regional lexicon
me_land_2189,Willowbrook,land,me_shire_breeland_region,SHI,place,† M3 regional lexicon
me_land_2190,Imlad annonen,land,me_lebennin_region,GON,place,† M3 regional lexicon
me_land_2191,Kandun,land,me_far_harad_region,KHA,place,† M3 regional lexicon
me_land_2192,Minas annonen,land,me_lindon_region,LIN,place,† M3 regional lexicon
me_land_2193,Umrur,land,me_umbar_region,UMB,place,† M3 regional lexicon
me_land_2194,Wainen March,land,me_rhun_region,RH3,place,† M3 regional lexicon
me_land_2195,Winterfloe Reach,land,me_northern_wastes_region,WILD,wilderness,† M3 regional lexicon
me_land_2196,Zoren March,land,me_rhun_region,RHU,place,† M3 regional lexicon
me_land_2197,Ridford,land,me_rohan_region,ROH,place,† M3 regional lexicon
me_land_2198,Ost annonen,land,me_lindon_region,LIN,place,† M3 regional lexicon
me_land_2199,Bramblewater,land,me_mirkwood_region,WDM,place,† M3 regional lexicon
me_land_2200,Ashkrak Camp,land,me_brown_lands_region,DOL,place,† M3 regional lexicon
me_land_2201,Azgkrak Camp,land,me_north_arnor_region,ANG,place,† M3 regional lexicon
me_land_2202,Bucklandwater,land,me_mirkwood_region,WDM,place,† M3 regional lexicon
me_land_2203,Cedarwater,land,me_enedwaith_region,DUN,place,† M3 regional lexicon
me_land_2204,Taur annonen,land,me_ithilien_region,WILD,wilderness,† M3 regional lexicon
me_land_2205,Bar annonen,land,me_enedwaith_region,RAN,place,† M3 regional lexicon
me_land_2206,Blackkrak Camp,land,me_mordor_region,MOR,place,† M3 regional lexicon
me_land_2207,Bearhall,land,me_anduin_vale_region,BEO,place,† M3 regional lexicon
me_land_2208,Calen annonen,land,me_lebennin_region,GON,place,† M3 regional lexicon
me_land_2209,Coldhaven Reach,land,me_northern_wastes_region,WILD,wilderness,† M3 regional lexicon
me_land_2210,Drifthaven Reach,land,me_northern_wastes_region,WILD,wilderness,† M3 regional lexicon
me_land_2211,Deepwater,land,me_shire_breeland_region,BRE,place,† M3 regional lexicon
me_land_2212,Frosthaven Reach,land,me_forochel_region,LOS,place,† M3 regional lexicon
me_land_2213,Burzkrak Camp,land,me_rohan_region,ISE,place,† M3 regional lexicon
me_land_2214,Balod March,land,me_rhun_region,RH2,place,† M3 regional lexicon
me_land_2215,Celon annonen,land,me_belfalas_region,DAM,place,† M3 regional lexicon
me_land_2216,Zarur,land,me_far_harad_region,HFA,place,† M3 regional lexicon
me_land_2217,Dushkrak Camp,land,me_ithilien_region,MOR,place,† M3 regional lexicon
me_land_2218,Ghashkrak Camp,land,me_anduin_vale_region,GOB,place,† M3 regional lexicon
me_land_2219,Gorkrak Camp,land,me_brown_lands_region,DOL,place,† M3 regional lexicon
me_land_2220,Eastwater,land,me_mirkwood_region,WDM,place,† M3 regional lexicon
me_land_2221,Borod March,land,me_rhun_region,RH3,place,† M3 regional lexicon
me_land_2222,Greenwater,land,me_enedwaith_region,DUN,place,† M3 regional lexicon
me_land_2223,Thengelford,land,me_rohan_region,ROH,place,† M3 regional lexicon
me_land_2224,Grishkrak Camp,land,me_mordor_region,MOR,place,† M3 regional lexicon
me_land_2225,Kinggarth,land,me_dale_region,ESG,place,† M3 regional lexicon
me_land_2226,Azrabad Gate,land,me_far_harad_region,HRA,place,† M3 regional lexicon
me_land_2227,Krimpkrak Camp,land,me_mordor_region,MOR,place,† M3 regional lexicon
me_land_2228,Nim annonen,land,me_brown_lands_region,WILD,wilderness,† M3 regional lexicon
me_land_2229,Amon belen,land,me_north_arnor_region,RAN,place,† M3 regional lexicon
me_land_2230,Dol belen,land,me_belfalas_region,GON,place,† M3 regional lexicon
me_land_2231,Eithel belen,land,me_ithilien_region,WILD,wilderness,† M3 regional lexicon
me_land_2232,Greywater,land,me_mirkwood_region,WDM,place,† M3 regional lexicon
me_land_2233,Emyn belen,land,me_belfalas_region,GON,place,† M3 regional lexicon
me_land_2234,Gathod March,land,me_rhun_region,RHU,place,† M3 regional lexicon
me_land_2235,Imlad belen,land,me_lebennin_region,GON,place,† M3 regional lexicon
me_land_2236,Karmod March,land,me_rhun_region,RHU,place,† M3 regional lexicon
me_land_2237,Woldford,land,me_rohan_region,ROH,place,† M3 regional lexicon
me_land_2238,Minas belen,land,me_brown_lands_region,WILD,wilderness,† M3 regional lexicon
me_land_2239,Icehaven Reach,land,me_northern_wastes_region,WILD,wilderness,† M3 regional lexicon
me_land_2240,Aldgar,land,me_rohan_region,ROH,place,† M3 regional lexicon
me_land_2241,Khurod March,land,me_rhun_region,RH2,place,† M3 regional lexicon
me_land_2242,Northhaven Reach,land,me_northern_wastes_region,WILD,wilderness,† M3 regional lexicon
me_land_2243,Palehaven Reach,land,me_northern_wastes_region,WILD,wilderness,† M3 regional lexicon
me_land_2244,Lugkrak Camp,land,me_north_arnor_region,ANG,place,† M3 regional lexicon
me_land_2245,Nurn,land,me_ithilien_region,MOR,landmark,LOTR map
me_land_2246,Bahrabad Gate,land,me_near_harad_region,HRA,place,† M3 regional lexicon
me_land_2247,Sealhaven Reach,land,me_northern_wastes_region,WILD,wilderness,† M3 regional lexicon
me_land_2248,Barazbizar,land,me_lindon_region,BLU,place,† M3 regional lexicon
me_land_2249,Harlond of Gondor,land,me_anorien_region,GON,port,"LOTR, Book V, Ch. 6"
me_land_2250,Ost belen,land,me_brown_lands_region,WILD,wilderness,† M3 regional lexicon
me_land_2251,Khazun,land,me_khand_region,KHA,place,† M3 regional lexicon
me_land_2252,Longwater,land,me_enedwaith_region,DUN,place,† M3 regional lexicon
me_land_2253,Snowhaven Reach,land,me_northern_wastes_region,WILD,wilderness,† M3 regional lexicon
me_land_2254,Beorgar,land,me_rohan_region,ROH,place,† M3 regional lexicon
me_land_2255,Lodod March,land,me_rhun_region,RHU,place,† M3 regional lexicon
me_land_2256,Starhaven Reach,land,me_northern_wastes_region,WILD,wilderness,† M3 regional lexicon
me_land_2257,Mauhkrak Camp,land,me_ithilien_region,MOR,place,† M3 regional lexicon
me_land_2258,Narod March,land,me_rhun_region,RH2,place,† M3 regional lexicon
me_land_2259,Oakwater,land,me_enedwaith_region,DUN,place,† M3 regional lexicon
me_land_2260,Darabad Gate,land,me_near_harad_region,UMB,place,† M3 regional lexicon
me_land_2261,Southwater,land,me_enedwaith_region,DUN,place,† M3 regional lexicon
me_land_2262,Farabad Gate,land,me_far_harad_region,HRA,place,† M3 regional lexicon
me_land_2263,Whitehaven Reach,land,me_northern_wastes_region,WILD,wilderness,† M3 regional lexicon
me_land_2264,Emyn Arnen,land,me_ithilien_region,WILD,landmark,"LOTR, Book V, Ch. 8"
me_land_2265,Taur belen,land,me_belfalas_region,GON,place,† M3 regional lexicon
me_land_2266,Muzgkrak Camp,land,me_ithilien_region,MOR,place,† M3 regional lexicon
me_land_2267,Nazgkrak Camp,land,me_north_arnor_region,ANG,place,† M3 regional lexicon
me_land_2268,Khorun,land,me_far_harad_region,KHA,place,† M3 regional lexicon
me_land_2269,Stonewater,land,me_enedwaith_region,WILD,wilderness,† M3 regional lexicon
me_land_2270,Skaikrak Camp,land,me_ithilien_region,MOR,place,† M3 regional lexicon
me_land_2271,Hadrabad Gate,land,me_far_harad_region,HRA,place,† M3 regional lexicon
me_land_2272,Bar belen,land,me_belfalas_region,GON,place,† M3 regional lexicon
me_land_2273,Applebury,land,me_shire_breeland_region,WILD,wilderness,† M3 regional lexicon
me_land_2274,Rhovod March,land,me_rhun_region,RH2,place,† M3 regional lexicon
me_land_2275,Westwater,land,me_enedwaith_region,DUN,place,† M3 regional lexicon
me_land_2276,Calen belen,land,me_mirkwood_region,WOO,place,† M3 regional lexicon
me_land_2277,Lakegarth,land,me_rhun_region,DOR,place,† M3 regional lexicon
me_land_2278,Winterhaven Reach,land,me_northern_wastes_region,WILD,wilderness,† M3 regional lexicon
me_land_2279,Celon belen,land,me_belfalas_region,GON,place,† M3 regional lexicon
me_land_2280,Nim belen,land,me_brown_lands_region,WILD,wilderness,† M3 regional lexicon
me_land_2281,Longgarth,land,me_dale_region,DAL,place,† M3 regional lexicon
me_land_2282,Amon bornen,land,me_mirkwood_region,WOO,place,† M3 regional lexicon
me_land_2283,Kharabad Gate,land,me_umbar_region,UMB,place,† M3 regional lexicon
me_land_2284,Dol bornen,land,me_brown_lands_region,WILD,wilderness,† M3 regional lexicon
me_land_2285,Uglkrak Camp,land,me_brown_lands_region,DOL,place,† M3 regional lexicon
me_land_2286,Eithel bornen,land,me_belfalas_region,DAM,place,† M3 regional lexicon
me_land_2287,Emyn bornen,land,me_belfalas_region,GON,place,† M3 regional lexicon
me_land_2288,Imlad bornen,land,me_lebennin_region,GON,place,† M3 regional lexicon
me_land_2289,Sagod March,land,me_rhun_region,RHU,place,† M3 regional lexicon
me_land_2290,Bizarbizar,land,me_lindon_region,BLU,place,† M3 regional lexicon
me_land_2291,Sharod March,land,me_rhun_region,RHU,place,† M3 regional lexicon
me_land_2292,Uldod March,land,me_rhun_region,RH2,place,† M3 regional lexicon
me_land_2293,Beehall,land,me_anduin_vale_region,BEO,place,† M3 regional lexicon
me_land_2294,Alderwood,land,me_anduin_vale_region,WDM,place,† M3 regional lexicon
me_land_2295,Minas bornen,land,me_anduin_vale_region,LOR,place,† M3 regional lexicon
me_land_2296,Mahrabad Gate,land,me_umbar_region,UMB,place,† M3 regional lexicon
me_land_2297,Narabad Gate,land,me_far_harad_region,HRA,place,† M3 regional lexicon
me_land_2298,Urukkrak Camp,land,me_mordor_region,MOR,place,† M3 regional lexicon
me_land_2299,Ost bornen,land,me_belfalas_region,GON,place,† M3 regional lexicon
me_land_2300,Taur bornen,land,me_belfalas_region,GON,place,† M3 regional lexicon
me_land_2301,Wainod March,land,me_rhun_region,RH3,place,† M3 regional lexicon
me_land_2302,Bregogar,land,me_rohan_region,ROH,place,† M3 regional lexicon
me_land_2303,Zorod March,land,me_rhun_region,RHU,place,† M3 regional lexicon
me_land_2304,Ashlug Camp,land,me_mordor_region,MOR,place,† M3 regional lexicon
me_land_2305,Azglug Camp,land,me_ithilien_region,MOR,place,† M3 regional lexicon
me_land_2306,Bar bornen,land,me_lebennin_region,GON,place,† M3 regional lexicon
me_land_2307,Coldmere Reach,land,me_forochel_region,LOS,place,† M3 regional lexicon
me_land_2308,Qasabad Gate,land,me_umbar_region,UMB,place,† M3 regional lexicon
me_land_2309,Balor March,land,me_rhun_region,RH2,place,† M3 regional lexicon
me_land_2310,Blacklug Camp,land,me_mordor_region,MOR,place,† M3 regional lexicon
me_land_2311,Willowbole,land,me_rohan_region,FAN,place,† M3 regional lexicon
me_land_2312,Rakhabad Gate,land,me_far_harad_region,HFA,place,† M3 regional lexicon
me_land_2313,Ashwood,land,me_mirkwood_region,WDM,place,† M3 regional lexicon
me_land_2314,Boror March,land,me_rhun_region,RHU,place,† M3 regional lexicon
me_land_2315,Bundbizar,land,me_grey_mountains_region,ERE,place,† M3 regional lexicon
me_land_2316,Calen bornen,land,me_anorien_region,GON,place,† M3 regional lexicon
me_land_2317,Sahrabad Gate,land,me_far_harad_region,HRA,place,† M3 regional lexicon
me_land_2318,Barrowwood,land,me_enedwaith_region,WILD,wilderness,† M3 regional lexicon
me_land_2319,Gathor March,land,me_rhun_region,RH2,place,† M3 regional lexicon
me_land_2320,Tazabad Gate,land,me_near_harad_region,HRA,place,† M3 regional lexicon
me_land_2321,Celon bornen,land,me_mirkwood_region,WOO,place,† M3 regional lexicon
me_land_2322,Nim bornen,land,me_ithilien_region,WILD,wilderness,† M3 regional lexicon
me_land_2323,Amon caranen,land,me_north_arnor_region,WILD,wilderness,† M3 regional lexicon
me_land_2324,Beaconwood,land,me_enedwaith_region,DUN,place,† M3 regional lexicon
me_land_2325,Karmor March,land,me_rhun_region,RHU,place,† M3 regional lexicon
me_land_2326,Dol caranen,land,me_belfalas_region,DAM,place,† M3 regional lexicon
me_land_2327,Burzlug Camp,land,me_mordor_region,MOR,place,† M3 regional lexicon
me_land_2328,Blackwood,land,me_enedwaith_region,DUN,place,† M3 regional lexicon
me_land_2329,Umrabad Gate,land,me_near_harad_region,HNE,place,† M3 regional lexicon
me_land_2330,Eithel caranen,land,me_lindon_region,LIN,place,† M3 regional lexicon
me_land_2331,Bramblewood,land,me_enedwaith_region,DUN,place,† M3 regional lexicon
me_land_2332,Emyn caranen,land,me_mirkwood_region,WOO,place,† M3 regional lexicon
me_land_2333,Imlad caranen,land,me_mirkwood_region,WOO,place,† M3 regional lexicon
me_land_2334,Bramblebury,land,me_shire_breeland_region,SHI,place,† M3 regional lexicon
me_land_2335,Ceorlgar,land,me_rohan_region,ROH,place,† M3 regional lexicon
me_land_2336,Dushlug Camp,land,me_ithilien_region,MOR,place,† M3 regional lexicon
me_land_2337,Zarabad Gate,land,me_near_harad_region,HNE,place,† M3 regional lexicon
me_land_2338,Khuror March,land,me_rhun_region,RHU,place,† M3 regional lexicon
me_land_2339,Ruzun,land,me_khand_region,KHA,place,† M3 regional lexicon
me_land_2340,Lodor March,land,me_rhun_region,RH3,place,† M3 regional lexicon
me_land_2341,Minas caranen,land,me_mirkwood_region,WOO,place,† M3 regional lexicon
me_land_2342,Naror March,land,me_rhun_region,RHU,place,† M3 regional lexicon
me_land_2343,Northgarth,land,me_rhun_region,DOR,place,† M3 regional lexicon
me_land_2344,Driftmere Reach,land,me_northern_wastes_region,WILD,wilderness,† M3 regional lexicon
me_land_2345,Ost caranen,land,me_belfalas_region,GON,place,† M3 regional lexicon
me_land_2346,Rhovor March,land,me_rhun_region,RHU,place,† M3 regional lexicon
me_land_2347,Ghashlug Camp,land,me_grey_mountains_region,GUN,place,† M3 regional lexicon
me_land_2348,Sagor March,land,me_rhun_region,RHU,place,† M3 regional lexicon
me_land_2349,Sharor March,land,me_rhun_region,RH2,place,† M3 regional lexicon
me_land_2350,Tolfalas,land,me_belfalas_region,GON,landmark,LOTR map
me_land_2351,Taur caranen,land,me_north_arnor_region,WILD,wilderness,† M3 regional lexicon
me_land_2352,Brownbury,land,me_shire_breeland_region,SHI,place,† M3 regional lexicon
me_land_2353,Gorlug Camp,land,me_mordor_region,MOR,place,† M3 regional lexicon
me_land_2354,Azrahir Gate,land,me_far_harad_region,HRA,place,† M3 regional lexicon
me_land_2355,Frostmere Reach,land,me_northern_wastes_region,WILD,wilderness,† M3 regional lexicon
me_land_2356,Skarnun,land,me_khand_region,KHA,place,† M3 regional lexicon
me_land_2357,Targun,land,me_khand_region,KHA,place,† M3 regional lexicon
me_land_2358,Bahrahir Gate,land,me_far_harad_region,HFA,place,† M3 regional lexicon
me_land_2359,Bar caranen,land,me_anorien_region,GON,place,† M3 regional lexicon
me_land_2360,Uldor March,land,me_rhun_region,RHU,place,† M3 regional lexicon
me_land_2361,Bucklandwood,land,me_enedwaith_region,WILD,wilderness,† M3 regional lexicon
me_land_2362,Calen caranen,land,me_belfalas_region,GON,place,† M3 regional lexicon
me_land_2363,Carrockhall,land,me_anduin_vale_region,BEO,place,† M3 regional lexicon
me_land_2364,Grishlug Camp,land,me_ithilien_region,MOR,place,† M3 regional lexicon
me_land_2365,Krimplug Camp,land,me_grey_mountains_region,GUN,place,† M3 regional lexicon
me_land_2366,Ravengarth,land,me_rhun_region,DOR,place,† M3 regional lexicon
me_land_2367,Icemere Reach,land,me_northern_wastes_region,WILD,wilderness,† M3 regional lexicon
me_land_2368,Luglug Camp,land,me_enedwaith_region,MOA,place,† M3 regional lexicon
me_land_2369,Wainor March,land,me_rhun_region,RHU,place,† M3 regional lexicon
me_land_2370,Celon caranen,land,me_south_gondor_region,GON,place,† M3 regional lexicon
me_land_2371,Dumbizar,land,me_lindon_region,BLU,place,† M3 regional lexicon
me_land_2372,Nim caranen,land,me_belfalas_region,GON,place,† M3 regional lexicon
me_land_2373,Cedarwood,land,me_anorien_region,DRU,place,† M3 regional lexicon
me_land_2374,Amon duinen,land,me_lindon_region,LIN,place,† M3 regional lexicon
me_land_2375,Zoror March,land,me_rhun_region,RH2,place,† M3 regional lexicon
me_land_2376,Balun March,land,me_rhun_region,RH2,place,† M3 regional lexicon
me_land_2377,Deepwood,land,me_enedwaith_region,WILD,wilderness,† M3 regional lexicon
me_land_2378,Redgarth,land,me_rhun_region,DOR,place,† M3 regional lexicon
me_land_2379,Mauhlug Camp,land,me_angmar_region,GUN,place,† M3 regional lexicon
me_land_2380,Darahir Gate,land,me_near_harad_region,HRA,place,† M3 regional lexicon
me_land_2381,Muzglug Camp,land,me_ithilien_region,MOR,place,† M3 regional lexicon
me_land_2382,Dol duinen,land,me_ithilien_region,WILD,wilderness,† M3 regional lexicon
me_land_2383,Nazglug Camp,land,me_mordor_region,MOR,place,† M3 regional lexicon
me_land_2384,Eithel duinen,land,me_belfalas_region,GON,place,† M3 regional lexicon
me_land_2385,Emyn duinen,land,me_lindon_region,LIN,place,† M3 regional lexicon
me_land_2386,Eastwood,land,me_enedwaith_region,DUN,place,† M3 regional lexicon
me_land_2387,Imlad duinen,land,me_brown_lands_region,WILD,wilderness,† M3 regional lexicon
me_land_2388,Varkun,land,me_khand_region,KHA,place,† M3 regional lexicon
me_land_2389,Minas duinen,land,me_dale_region,WOO,place,† M3 regional lexicon
me_land_2390,Northmere Reach,land,me_northern_wastes_region,WILD,wilderness,† M3 regional lexicon
me_land_2391,Ost duinen,land,me_belfalas_region,DAM,place,† M3 regional lexicon
me_land_2392,Westgarth,land,me_rhun_region,DOR,place,† M3 regional lexicon
me_land_2393,Taur duinen,land,me_north_arnor_region,WILD,wilderness,† M3 regional lexicon
me_land_2394,Greenwood,land,me_enedwaith_region,WILD,wilderness,† M3 regional lexicon
me_land_2395,Borun March,land,me_rhun_region,RH2,place,† M3 regional lexicon
me_land_2396,Bar duinen,land,me_brown_lands_region,WILD,wilderness,† M3 regional lexicon
me_land_2397,Farahir Gate,land,me_near_harad_region,UMB,place,† M3 regional lexicon
me_land_2398,Greywood,land,me_enedwaith_region,DUN,place,† M3 regional lexicon
me_land_2399,Amberholm,land,me_rhun_region,DOR,place,† M3 regional lexicon
me_land_2400,Calen duinen,land,me_brown_lands_region,WILD,wilderness,† M3 regional lexicon
me_land_2401,Celon duinen,land,me_brown_lands_region,WILD,wilderness,† M3 regional lexicon
me_land_2402,Felekbizar,land,me_grey_mountains_region,ERE,place,† M3 regional lexicon
me_land_2403,Gathun March,land,me_rhun_region,RH2,place,† M3 regional lexicon
me_land_2404,Karmun March,land,me_rhun_region,RH3,place,† M3 regional lexicon
me_land_2405,Hadrahir Gate,land,me_near_harad_region,HNE,place,† M3 regional lexicon
me_land_2406,Nim duinen,land,me_belfalas_region,GON,place,† M3 regional lexicon
me_land_2407,Khurun March,land,me_rhun_region,RH2,place,† M3 regional lexicon
me_land_2408,Skailug Camp,land,me_anduin_vale_region,GOB,place,† M3 regional lexicon
me_land_2409,Longwood,land,me_enedwaith_region,DUN,place,† M3 regional lexicon
me_land_2410,Northwood,land,me_enedwaith_region,WILD,wilderness,† M3 regional lexicon
me_land_2411,Lodun March,land,me_rhun_region,RH2,place,† M3 regional lexicon
me_land_2412,Kharahir Gate,land,me_near_harad_region,HRA,place,† M3 regional lexicon
me_land_2413,Amon falasen,land,me_lindon_region,LIN,place,† M3 regional lexicon
me_land_2414,Palemere Reach,land,me_northern_wastes_region,WILD,wilderness,† M3 regional lexicon
me_land_2415,Narun March,land,me_rhun_region,RH3,place,† M3 regional lexicon
me_land_2416,Oakwood,land,me_enedwaith_region,WILD,wilderness,† M3 regional lexicon
me_land_2417,Rhovun March,land,me_rhun_region,RH2,place,† M3 regional lexicon
me_land_2418,Sagun March,land,me_rhun_region,RH2,place,† M3 regional lexicon
me_land_2419,Ugllug Camp,land,me_grey_mountains_region,GUN,place,† M3 regional lexicon
me_land_2420,Mahrahir Gate,land,me_near_harad_region,HNE,place,† M3 regional lexicon
me_land_2421,Southwood,land,me_enedwaith_region,DUN,place,† M3 regional lexicon
me_land_2422,Dol falasen,land,me_north_arnor_region,WILD,wilderness,† M3 regional lexicon
me_land_2423,Eithel falasen,land,me_belfalas_region,GON,place,† M3 regional lexicon
me_land_2424,Sharun March,land,me_rhun_region,RH3,place,† M3 regional lexicon
me_land_2425,Uldun March,land,me_rhun_region,RHU,place,† M3 regional lexicon
me_land_2426,Emyn falasen,land,me_north_arnor_region,WILD,wilderness,† M3 regional lexicon
me_land_2427,Stonewood,land,me_shire_breeland_region,BRE,place,† M3 regional lexicon
me_land_2428,Uruklug Camp,land,me_anduin_vale_region,MOA,place,† M3 regional lexicon
me_land_2429,Westwood,land,me_enedwaith_region,DUN,place,† M3 regional lexicon
me_land_2430,Ashmauk Camp,land,me_mordor_region,MOR,place,† M3 regional lexicon
me_land_2431,Butterbury,land,me_shire_breeland_region,WILD,wilderness,† M3 regional lexicon
me_land_2432,Narahir Gate,land,me_far_harad_region,HFA,place,† M3 regional lexicon
me_land_2433,Imlad falasen,land,me_belfalas_region,GON,place,† M3 regional lexicon
me_land_2434,Alderbank End,land,me_enedwaith_region,WILD,wilderness,† M3 regional lexicon
me_land_2435,Minas falasen,land,me_lindon_region,LIN,place,† M3 regional lexicon
me_land_2436_endore,Ost falasen,land,me_lindon_region,LIN,place,† M3 regional lexicon
me_land_2437,Qasahir Gate,land,me_far_harad_region,HRA,place,† M3 regional lexicon
me_land_2438,Taur falasen,land,me_north_arnor_region,RIV,place,† M3 regional lexicon
me_land_2439,Azgmauk Camp,land,me_mordor_region,MOR,place,† M3 regional lexicon
me_land_2440,Wainun March,land,me_rhun_region,RH3,place,† M3 regional lexicon
me_land_2441,Bar falasen,land,me_brown_lands_region,WILD,wilderness,† M3 regional lexicon
me_land_2442,Gamilbizar,land,me_lindon_region,BLU,place,† M3 regional lexicon
me_land_2443,Calen falasen,land,me_anduin_vale_region,LOR,place,† M3 regional lexicon
me_land_2444,Déorgar,land,me_rohan_region,ROH,place,† M3 regional lexicon
me_land_2445,Blackmauk Camp,land,me_mirkwood_region,DOL,place,† M3 regional lexicon
me_land_2446,Rakhahir Gate,land,me_far_harad_region,HFA,place,† M3 regional lexicon
me_land_2447,Celon falasen,land,me_north_arnor_region,WILD,wilderness,† M3 regional lexicon
me_land_2448,Sahrahir Gate,land,me_far_harad_region,HFA,place,† M3 regional lexicon
me_land_2449,Zorun March,land,me_rhun_region,RH2,place,† M3 regional lexicon
me_land_2450,Ashbank End,land,me_anorien_region,DRU,place,† M3 regional lexicon
me_land_2451,Burzmauk Camp,land,me_mordor_region,MOR,place,† M3 regional lexicon
me_land_2452,Nim falasen,land,me_lindon_region,LIN,place,† M3 regional lexicon
me_land_2453,Amon galenen,land,me_belfalas_region,GON,place,† M3 regional lexicon
me_land_2454,Cloverbury,land,me_shire_breeland_region,WILD,wilderness,† M3 regional lexicon
me_land_2455,Tazahir Gate,land,me_far_harad_region,HNE,place,† M3 regional lexicon
me_land_2456,Sealmere Reach,land,me_northern_wastes_region,WILD,wilderness,† M3 regional lexicon
me_land_2457,Mount Gram,land,me_north_arnor_region,ANG,hold,"LOTR, Book I, Ch. 1"
me_land_2458,Gatholbizar,land,me_grey_mountains_region,ERE,place,† M3 regional lexicon
me_land_2459,Dushmauk Camp,land,me_mordor_region,MOR,place,† M3 regional lexicon
me_land_2460,Balur March,land,me_rhun_region,RHU,place,† M3 regional lexicon
me_land_2461,Gundbizar,land,me_grey_mountains_region,ERE,place,† M3 regional lexicon
me_land_2462,Dol galenen,land,me_north_arnor_region,WILD,wilderness,† M3 regional lexicon
me_land_2463,Barrow-downs,land,me_shire_breeland_region,BRE,ruin,"LOTR, Book I, Ch. 7"
me_land_2464,Zandun,land,me_far_harad_region,KHA,place,† M3 regional lexicon
me_land_2465,Barrowbank End,land,me_enedwaith_region,WILD,wilderness,† M3 regional lexicon
me_land_2466,Eithel galenen,land,me_lindon_region,LIN,place,† M3 regional lexicon
me_land_2467,Emyn galenen,land,me_brown_lands_region,WILD,wilderness,† M3 regional lexicon
me_land_2468,Ghashmauk Camp,land,me_mordor_region,MOR,place,† M3 regional lexicon
me_land_2469,Umrahir Gate,land,me_near_harad_region,HNE,place,† M3 regional lexicon
me_land_2470,Alderbough,land,me_anduin_vale_region,FAN,place,† M3 regional lexicon
me_land_2471,Gormauk Camp,land,me_mordor_region,MOR,place,† M3 regional lexicon
me_land_2472,Snowmere Reach,land,me_northern_wastes_region,WILD,wilderness,† M3 regional lexicon
me_land_2473,Khazbizar,land,me_grey_mountains_region,ERE,place,† M3 regional lexicon
me_land_2474,Beaconbank End,land,me_mirkwood_region,WDM,place,† M3 regional lexicon
me_land_2475,Grishmauk Camp,land,me_mirkwood_region,DOL,place,† M3 regional lexicon
me_land_2476,Imlad galenen,land,me_north_arnor_region,WILD,wilderness,† M3 regional lexicon
me_land_2477,Minas galenen,land,me_mirkwood_region,WOO,place,† M3 regional lexicon
me_land_2478,Borur March,land,me_rhun_region,RH2,place,† M3 regional lexicon
me_land_2479,Dimplebury,land,me_shire_breeland_region,SHI,place,† M3 regional lexicon
me_land_2480,Ost galenen,land,me_brown_lands_region,WILD,wilderness,† M3 regional lexicon
me_land_2481,Taur galenen,land,me_mirkwood_region,WOO,place,† M3 regional lexicon
me_land_2482,Bar galenen,land,me_south_gondor_region,GON,place,† M3 regional lexicon
me_land_2483,Krimpmauk Camp,land,me_grey_mountains_region,GUN,place,† M3 regional lexicon
me_land_2484,Calen galenen,land,me_brown_lands_region,WILD,wilderness,† M3 regional lexicon
me_land_2485,Gathur March,land,me_rhun_region,RHU,place,† M3 regional lexicon
me_land_2486,Celon galenen,land,me_belfalas_region,GON,place,† M3 regional lexicon
me_land_2487,Karmur March,land,me_rhun_region,RH2,place,† M3 regional lexicon
me_land_2488,Arzak Camp,land,me_khand_region,KHA,place,† M3 regional lexicon
me_land_2489,Bardholm,land,me_rhun_region,DOR,place,† M3 regional lexicon
me_land_2490,Khurur March,land,me_rhun_region,RH3,place,† M3 regional lexicon
me_land_2491,Lugmauk Camp,land,me_mordor_region,MOR,place,† M3 regional lexicon
me_land_2492,Blackbank End,land,me_enedwaith_region,DUN,place,† M3 regional lexicon
me_land_2493,Kheledbizar,land,me_lindon_region,BLU,place,† M3 regional lexicon
me_land_2494,Zarahir Gate,land,me_far_harad_region,HFA,place,† M3 regional lexicon
me_land_2495,Nim galenen,land,me_brown_lands_region,WILD,wilderness,† M3 regional lexicon
me_land_2496,Azramar Gate,land,me_umbar_region,UMB,place,† M3 regional lexicon
me_land_2497,Amon gonden,land,me_lebennin_region,GON,place,† M3 regional lexicon
me_land_2498,Bramblebank End,land,me_enedwaith_region,DUN,place,† M3 regional lexicon
me_land_2499,Starmere Reach,land,me_northern_wastes_region,WILD,wilderness,† M3 regional lexicon
me_land_2500,Lodur March,land,me_rhun_region,RHU,place,† M3 regional lexicon
me_land_2501,Dol gonden,land,me_lebennin_region,GON,place,† M3 regional lexicon
me_land_2502,Narur March,land,me_rhun_region,RHU,place,† M3 regional lexicon
me_land_2503,Bahramar Gate,land,me_umbar_region,UMB,place,† M3 regional lexicon
me_land_2504,Balkak Camp,land,me_khand_region,KHA,place,† M3 regional lexicon
me_land_2505,Rhovur March,land,me_rhun_region,RH2,place,† M3 regional lexicon
me_land_2506,Drazak Camp,land,me_khand_region,KHA,place,† M3 regional lexicon
me_land_2507,Eithel gonden,land,me_north_arnor_region,WILD,wilderness,† M3 regional lexicon
me_land_2508,Daramar Gate,land,me_near_harad_region,HNE,place,† M3 regional lexicon
me_land_2509,Sagur March,land,me_rhun_region,RH2,place,† M3 regional lexicon
me_land_2510,Emyn gonden,land,me_belfalas_region,GON,place,† M3 regional lexicon
me_land_2511,Sharur March,land,me_rhun_region,RHU,place,† M3 regional lexicon
me_land_2512,Uldur March,land,me_rhun_region,RH2,place,† M3 regional lexicon
me_land_2513,Beechbough,land,me_rohan_region,FAN,place,† M3 regional lexicon
me_land_2514,Imlad gonden,land,me_brown_lands_region,WILD,wilderness,† M3 regional lexicon
me_land_2515,Mauhmauk Camp,land,me_mordor_region,MOR,place,† M3 regional lexicon
me_land_2516,Minas gonden,land,me_brown_lands_region,WILD,wilderness,† M3 regional lexicon
me_land_2517,Ost gonden,land,me_lindon_region,LIN,place,† M3 regional lexicon
me_land_2518,Whitemere Reach,land,me_forochel_region,LOS,place,† M3 regional lexicon
me_land_2519,Birchbough,land,me_rohan_region,FAN,place,† M3 regional lexicon
me_land_2520,Faramar Gate,land,me_near_harad_region,HNE,place,† M3 regional lexicon
me_land_2521,Taur gonden,land,me_north_arnor_region,WILD,wilderness,† M3 regional lexicon
me_land_2522,Bar gonden,land,me_south_gondor_region,GON,place,† M3 regional lexicon
me_land_2523,Wainur March,land,me_rhun_region,RH2,place,† M3 regional lexicon
me_land_2524,Calen gonden,land,me_north_arnor_region,WILD,wilderness,† M3 regional lexicon
me_land_2525,Celon gonden,land,me_north_arnor_region,WILD,wilderness,† M3 regional lexicon
me_land_2526,Nim gonden,land,me_north_arnor_region,WILD,wilderness,† M3 regional lexicon
me_land_2527,Hadramar Gate,land,me_near_harad_region,HRA,place,† M3 regional lexicon
me_land_2528,Bucklandbank End,land,me_mirkwood_region,WDM,place,† M3 regional lexicon
me_land_2529,Amon lothen,land,me_north_arnor_region,WILD,wilderness,† M3 regional lexicon
me_land_2530,Dol lothen,land,me_mirkwood_region,WOO,place,† M3 regional lexicon
me_land_2531,Wintermere Reach,land,me_northern_wastes_region,WILD,wilderness,† M3 regional lexicon
me_land_2532,Muzgmauk Camp,land,me_ithilien_region,MOR,place,† M3 regional lexicon
me_land_2533,Eithel lothen,land,me_belfalas_region,DAM,place,† M3 regional lexicon
me_land_2534,Nazgmauk Camp,land,me_mordor_region,MOR,place,† M3 regional lexicon
me_land_2535,Skaimauk Camp,land,me_north_arnor_region,ANG,place,† M3 regional lexicon
me_land_2536,Zorur March,land,me_rhun_region,RHU,place,† M3 regional lexicon
me_land_2537,Bellholm,land,me_rhun_region,DOR,place,† M3 regional lexicon
me_land_2538,Emyn lothen,land,me_north_arnor_region,WILD,wilderness,† M3 regional lexicon
me_land_2539,Uglmauk Camp,land,me_anduin_vale_region,GOB,place,† M3 regional lexicon
me_land_2540,Balach Road,land,me_rhun_region,RH3,place,† M3 regional lexicon
me_land_2541,Imlad lothen,land,me_north_arnor_region,WILD,wilderness,† M3 regional lexicon
me_land_2542,Urukmauk Camp,land,me_rohan_region,ISE,place,† M3 regional lexicon
me_land_2543,Cedarbank End,land,me_enedwaith_region,DUN,place,† M3 regional lexicon
me_land_2544,Ashnakh Camp,land,me_mordor_region,MOR,place,† M3 regional lexicon
me_land_2545,Borach Road,land,me_rhun_region,RHU,place,† M3 regional lexicon
me_land_2546,Rhosgobel,land,me_mirkwood_region,RHO,refuge,LOTR map
me_land_2547,Goldenhall,land,me_anduin_vale_region,BEO,place,† M3 regional lexicon
me_land_2548,Deepbank End,land,me_enedwaith_region,WILD,wilderness,† M3 regional lexicon
me_land_2549,Gathach Road,land,me_rhun_region,RH2,place,† M3 regional lexicon
me_land_2550,Karmach Road,land,me_rhun_region,RHU,place,† M3 regional lexicon
me_land_2551,Minas lothen,land,me_north_arnor_region,RAN,place,† M3 regional lexicon
me_land_2552,Azgnakh Camp,land,me_mirkwood_region,DOL,place,† M3 regional lexicon
me_land_2553,Coldpoint Reach,land,me_forochel_region,LOS,place,† M3 regional lexicon
me_land_2554,Eastbank End,land,me_anduin_vale_region,WILD,wilderness,† M3 regional lexicon
me_land_2555,Ost lothen,land,me_brown_lands_region,WILD,wilderness,† M3 regional lexicon
me_land_2556,Kharamar Gate,land,me_near_harad_region,HRA,place,† M3 regional lexicon
me_land_2557,Greenbank End,land,me_mirkwood_region,WDM,place,† M3 regional lexicon
me_land_2558,Blacknakh Camp,land,me_mordor_region,MOR,place,† M3 regional lexicon
me_land_2559,Greybank End,land,me_enedwaith_region,WILD,wilderness,† M3 regional lexicon
me_land_2560,Taur lothen,land,me_lebennin_region,GON,place,† M3 regional lexicon
me_land_2561,Burznakh Camp,land,me_mordor_region,MOR,place,† M3 regional lexicon
me_land_2562,Longbank End,land,me_enedwaith_region,WILD,wilderness,† M3 regional lexicon
me_land_2563,Dushnakh Camp,land,me_rohan_region,ISE,place,† M3 regional lexicon
me_land_2564,Khurach Road,land,me_rhun_region,RHU,place,† M3 regional lexicon
me_land_2565,Driftpoint Reach,land,me_forochel_region,LOS,place,† M3 regional lexicon
me_land_2566,Bowholm,land,me_rhun_region,DOR,place,† M3 regional lexicon
me_land_2567,Lodach Road,land,me_rhun_region,RH2,place,† M3 regional lexicon
me_land_2568,Northbank End,land,me_enedwaith_region,DUN,place,† M3 regional lexicon
me_land_2569,Bar lothen,land,me_mirkwood_region,WOO,place,† M3 regional lexicon
me_land_2570,Frostpoint Reach,land,me_northern_wastes_region,WILD,wilderness,† M3 regional lexicon
me_land_2571,Oakbank End,land,me_enedwaith_region,DUN,place,† M3 regional lexicon
me_land_2572,Icepoint Reach,land,me_northern_wastes_region,WILD,wilderness,† M3 regional lexicon
me_land_2573,Narach Road,land,me_rhun_region,RH2,place,† M3 regional lexicon
me_land_2574,Calen lothen,land,me_north_arnor_region,WILD,wilderness,† M3 regional lexicon
me_land_2575,Northpoint Reach,land,me_northern_wastes_region,WILD,wilderness,† M3 regional lexicon
me_land_2576,Rhovach Road,land,me_rhun_region,RHU,place,† M3 regional lexicon
me_land_2577,Ghashnakh Camp,land,me_angmar_region,GUN,place,† M3 regional lexicon
me_land_2578,Sagach Road,land,me_rhun_region,RH2,place,† M3 regional lexicon
me_land_2579,Gornakh Camp,land,me_mordor_region,MOR,place,† M3 regional lexicon
me_land_2580,Sharach Road,land,me_rhun_region,RHU,place,† M3 regional lexicon
me_land_2581,Grishnakh Camp,land,me_ithilien_region,MOR,place,† M3 regional lexicon
me_land_2582,Krimpnakh Camp,land,me_anduin_vale_region,GOB,place,† M3 regional lexicon
me_land_2583,Southbank End,land,me_enedwaith_region,DUN,place,† M3 regional lexicon
me_land_2584,Nargbizar,land,me_grey_mountains_region,ERE,place,† M3 regional lexicon
me_land_2585,Eorlgar,land,me_rohan_region,ROH,place,† M3 regional lexicon
me_land_2586,Stonebank End,land,me_enedwaith_region,DUN,place,† M3 regional lexicon
me_land_2587,Mahramar Gate,land,me_near_harad_region,HNE,place,† M3 regional lexicon
me_land_2588,Celon lothen,land,me_anduin_vale_region,LOR,place,† M3 regional lexicon
me_land_2589,Nim lothen,land,me_belfalas_region,DAM,place,† M3 regional lexicon
me_land_2590,Naramar Gate,land,me_umbar_region,UMB,place,† M3 regional lexicon
me_land_2591,Westbank End,land,me_shire_breeland_region,BRE,place,† M3 regional lexicon
me_land_2592,Amon mornen,land,me_brown_lands_region,WILD,wilderness,† M3 regional lexicon
me_land_2593,Dol mornen,land,me_brown_lands_region,WILD,wilderness,† M3 regional lexicon
me_land_2594,Gharak Camp,land,me_khand_region,KHA,place,† M3 regional lexicon
me_land_2595,Lugnakh Camp,land,me_mordor_region,MOR,place,† M3 regional lexicon
me_land_2596,Eithel mornen,land,me_brown_lands_region,WILD,wilderness,† M3 regional lexicon
me_land_2597,Mauhnakh Camp,land,me_mordor_region,MOR,place,† M3 regional lexicon
me_land_2598,Alderbourne End,land,me_anduin_vale_region,WILD,wilderness,† M3 regional lexicon
me_land_2599,Ashbourne End,land,me_enedwaith_region,WILD,wilderness,† M3 regional lexicon
me_land_2600,Palepoint Reach,land,me_northern_wastes_region,WILD,wilderness,† M3 regional lexicon
me_land_2601,Emyn mornen,land,me_south_gondor_region,GON,place,† M3 regional lexicon
me_land_2602,Sealpoint Reach,land,me_northern_wastes_region,WILD,wilderness,† M3 regional lexicon
me_land_2603,Imlad mornen,land,me_lindon_region,LIN,place,† M3 regional lexicon
me_land_2604,Minas mornen,land,me_south_gondor_region,GON,place,† M3 regional lexicon
me_land_2605,Kandak Camp,land,me_khand_region,KHA,place,† M3 regional lexicon
me_land_2606,Celduinholm,land,me_dale_region,ESG,place,† M3 regional lexicon
me_land_2607,Uldach Road,land,me_rhun_region,RH2,place,† M3 regional lexicon
me_land_2608,Qasamar Gate,land,me_near_harad_region,UMB,place,† M3 regional lexicon
me_land_2609,Muzgnakh Camp,land,me_mordor_region,MOR,place,† M3 regional lexicon
me_land_2610,Sharbizar,land,me_grey_mountains_region,ERE,place,† M3 regional lexicon
me_land_2611,Khazak Camp,land,me_far_harad_region,KHA,place,† M3 regional lexicon
me_land_2612,Wainach Road,land,me_rhun_region,RH2,place,† M3 regional lexicon
me_land_2613,Fernbury,land,me_shire_breeland_region,SHI,place,† M3 regional lexicon
me_land_2614,Ost mornen,land,me_lindon_region,LIN,place,† M3 regional lexicon
me_land_2615,Taur mornen,land,me_ithilien_region,WILD,wilderness,† M3 regional lexicon
me_land_2616,Bar mornen,land,me_brown_lands_region,WILD,wilderness,† M3 regional lexicon
me_land_2617,Folcgar,land,me_rohan_region,ROH,place,† M3 regional lexicon
me_land_2618,Nazgnakh Camp,land,me_anduin_vale_region,GOB,place,† M3 regional lexicon
me_land_2619,Snowpoint Reach,land,me_northern_wastes_region,WILD,wilderness,† M3 regional lexicon
me_land_2620,Haybury,land,me_shire_breeland_region,SHI,place,† M3 regional lexicon
me_land_2621,Rakhamar Gate,land,me_umbar_region,UMB,place,† M3 regional lexicon
me_land_2622,Calen mornen,land,me_belfalas_region,DAM,place,† M3 regional lexicon
me_land_2623,Zorach Road,land,me_rhun_region,RH2,place,† M3 regional lexicon
me_land_2624,Celon mornen,land,me_north_arnor_region,WILD,wilderness,† M3 regional lexicon
me_land_2625,Nim mornen,land,me_north_arnor_region,WILD,wilderness,† M3 regional lexicon
me_land_2626,Balad Road,land,me_rhun_region,RHU,place,† M3 regional lexicon
me_land_2627,Amon nenen,land,me_mirkwood_region,WOO,place,† M3 regional lexicon
me_land_2628,Borad Road,land,me_rhun_region,RH2,place,† M3 regional lexicon
me_land_2629,Gathad Road,land,me_rhun_region,RH2,place,† M3 regional lexicon
me_land_2630,Barrowbourne End,land,me_mirkwood_region,WDM,place,† M3 regional lexicon
me_land_2631,Dol nenen,land,me_lebennin_region,GON,place,† M3 regional lexicon
me_land_2632,Eithel nenen,land,me_brown_lands_region,WILD,wilderness,† M3 regional lexicon
me_land_2633,Skainakh Camp,land,me_mordor_region,MOR,place,† M3 regional lexicon
me_land_2634,Sahramar Gate,land,me_far_harad_region,HFA,place,† M3 regional lexicon
me_land_2635,Starpoint Reach,land,me_northern_wastes_region,WILD,wilderness,† M3 regional lexicon
me_land_2636,Khorak Camp,land,me_far_harad_region,KHA,place,† M3 regional lexicon
me_land_2637,Karmad Road,land,me_rhun_region,RHU,place,† M3 regional lexicon
me_land_2638,Uglnakh Camp,land,me_mordor_region,MOR,place,† M3 regional lexicon
me_land_2639,Tazamar Gate,land,me_far_harad_region,HRA,place,† M3 regional lexicon
me_land_2640,Framgar,land,me_rohan_region,ROH,place,† M3 regional lexicon
me_land_2641,Uruknakh Camp,land,me_mordor_region,MOR,place,† M3 regional lexicon
me_land_2642,Whitepoint Reach,land,me_forochel_region,LOS,place,† M3 regional lexicon
me_land_2643,Winterpoint Reach,land,me_forochel_region,LOS,place,† M3 regional lexicon
me_land_2644,Ashshak Camp,land,me_mordor_region,MOR,place,† M3 regional lexicon
me_land_2645,Beaconbourne End,land,me_enedwaith_region,WILD,wilderness,† M3 regional lexicon
me_land_2646,Khurad Road,land,me_rhun_region,RH2,place,† M3 regional lexicon
me_land_2647,Azgshak Camp,land,me_ithilien_region,MOR,place,† M3 regional lexicon
me_land_2648,Emyn nenen,land,me_belfalas_region,GON,place,† M3 regional lexicon
me_land_2649,Imlad nenen,land,me_belfalas_region,GON,place,† M3 regional lexicon
me_land_2650,Coldshore Reach,land,me_northern_wastes_region,WILD,wilderness,† M3 regional lexicon
me_land_2651,Daleholm,land,me_rhun_region,DOR,place,† M3 regional lexicon
me_land_2652,Zigilbizar,land,me_lindon_region,BLU,place,† M3 regional lexicon
me_land_2653,Blackshak Camp,land,me_grey_mountains_region,GUN,place,† M3 regional lexicon
me_land_2654,Minas nenen,land,me_north_arnor_region,WILD,wilderness,† M3 regional lexicon
me_land_2655,Lodad Road,land,me_rhun_region,RHU,place,† M3 regional lexicon
me_land_2656,Ruzak Camp,land,me_khand_region,KHA,place,† M3 regional lexicon
me_land_2657,Skarnak Camp,land,me_khand_region,KHA,place,† M3 regional lexicon
me_land_2658,Blackbourne End,land,me_enedwaith_region,DUN,place,† M3 regional lexicon
me_land_2659,Boughbough,land,me_anduin_vale_region,FAN,place,† M3 regional lexicon
me_land_2660,Burzshak Camp,land,me_mordor_region,MOR,place,† M3 regional lexicon
me_land_2661,Umramar Gate,land,me_near_harad_region,HNE,place,† M3 regional lexicon
me_land_2662,Driftshore Reach,land,me_northern_wastes_region,WILD,wilderness,† M3 regional lexicon
me_land_2663,Bramblebourne End,land,me_enedwaith_region,DUN,place,† M3 regional lexicon
me_land_2664,Ost nenen,land,me_belfalas_region,GON,place,† M3 regional lexicon
me_land_2665,Eastholm,land,me_rhun_region,DOR,place,† M3 regional lexicon
me_land_2666,Dushshak Camp,land,me_mordor_region,MOR,place,† M3 regional lexicon
me_land_2667,Taur nenen,land,me_brown_lands_region,WILD,wilderness,† M3 regional lexicon
me_land_2668,Zaramar Gate,land,me_far_harad_region,HFA,place,† M3 regional lexicon
me_land_2669,Bucklandbourne End,land,me_anduin_vale_region,WILD,wilderness,† M3 regional lexicon
me_land_2670,Azran Gate,land,me_near_harad_region,HNE,place,† M3 regional lexicon
me_land_2671,Ghashshak Camp,land,me_mordor_region,MOR,place,† M3 regional lexicon
me_land_2672,Hazelbury,land,me_shire_breeland_region,WILD,wilderness,† M3 regional lexicon
me_land_2673,Gorshak Camp,land,me_anduin_vale_region,GOB,place,† M3 regional lexicon
me_land_2674,Grishshak Camp,land,me_mordor_region,MOR,place,† M3 regional lexicon
me_land_2675,Targak Camp,land,me_khand_region,KHA,place,† M3 regional lexicon
me_land_2676,Cedarbourne End,land,me_enedwaith_region,DUN,place,† M3 regional lexicon
me_land_2677,Frostshore Reach,land,me_northern_wastes_region,WILD,wilderness,† M3 regional lexicon
me_land_2678,Krimpshak Camp,land,me_mordor_region,MOR,place,† M3 regional lexicon
me_land_2679,Lugshak Camp,land,me_mordor_region,MOR,place,† M3 regional lexicon
me_land_2680,Bahran Gate,land,me_umbar_region,UMB,place,† M3 regional lexicon
me_land_2681,Narad Road,land,me_rhun_region,RH2,place,† M3 regional lexicon
me_land_2682,Mauhshak Camp,land,me_mordor_region,MOR,place,† M3 regional lexicon
me_land_2683,Hollybury,land,me_shire_breeland_region,SHI,place,† M3 regional lexicon
me_land_2684,Deepbourne End,land,me_enedwaith_region,DUN,place,† M3 regional lexicon
me_land_2685,Bar nenen,land,me_mirkwood_region,WOO,place,† M3 regional lexicon
me_land_2686,Iceshore Reach,land,me_northern_wastes_region,WILD,wilderness,† M3 regional lexicon
me_land_2687,Muzgshak Camp,land,me_north_arnor_region,ANG,place,† M3 regional lexicon
me_land_2688,Northshore Reach,land,me_northern_wastes_region,WILD,wilderness,† M3 regional lexicon
me_land_2689,Calen nenen,land,me_south_gondor_region,GON,place,† M3 regional lexicon
me_land_2690,Eastbourne End,land,me_enedwaith_region,DUN,place,† M3 regional lexicon
me_land_2691,Greenbourne End,land,me_enedwaith_region,WILD,wilderness,† M3 regional lexicon
me_land_2692,Nazgshak Camp,land,me_grey_mountains_region,GUN,place,† M3 regional lexicon
me_land_2693,Skaishak Camp,land,me_mordor_region,MOR,place,† M3 regional lexicon
me_land_2694,Daran Gate,land,me_umbar_region,UMB,place,† M3 regional lexicon
me_land_2695,Faran Gate,land,me_umbar_region,UMB,place,† M3 regional lexicon
me_land_2696,Hadran Gate,land,me_far_harad_region,HRA,place,† M3 regional lexicon
me_land_2697,Greybourne End,land,me_mirkwood_region,WDM,place,† M3 regional lexicon
me_land_2698,Uglshak Camp,land,me_mordor_region,MOR,place,† M3 regional lexicon
me_land_2699,Kharan Gate,land,me_near_harad_region,HNE,place,† M3 regional lexicon
me_land_2700,Longbourne End,land,me_enedwaith_region,DUN,place,† M3 regional lexicon
me_land_2701,Paleshore Reach,land,me_northern_wastes_region,WILD,wilderness,† M3 regional lexicon
me_land_2702,Azandûm,land,me_grey_mountains_region,ERE,place,† M3 regional lexicon
me_land_2703,Celon nenen,land,me_belfalas_region,GON,place,† M3 regional lexicon
me_land_2704,Sealshore Reach,land,me_northern_wastes_region,WILD,wilderness,† M3 regional lexicon
me_land_2705,Mahran Gate,land,me_near_harad_region,HNE,place,† M3 regional lexicon
me_land_2706,Barazdûm,land,me_lindon_region,BLU,place,† M3 regional lexicon
me_land_2707,Urukshak Camp,land,me_mordor_region,MOR,place,† M3 regional lexicon
me_land_2708,Grimgar,land,me_rohan_region,ROH,place,† M3 regional lexicon
me_land_2709,Nim nenen,land,me_mirkwood_region,WOO,place,† M3 regional lexicon
me_land_2710,Northbourne End,land,me_enedwaith_region,WILD,wilderness,† M3 regional lexicon
me_land_2711,Amon rathen,land,me_lebennin_region,GON,place,† M3 regional lexicon
me_land_2712,Naran Gate,land,me_far_harad_region,HFA,place,† M3 regional lexicon
me_land_2713,Dol rathen,land,me_mirkwood_region,WOO,place,† M3 regional lexicon
me_land_2714,Qasan Gate,land,me_near_harad_region,HNE,place,† M3 regional lexicon
me_land_2715,Rhovad Road,land,me_rhun_region,RH3,place,† M3 regional lexicon
me_land_2716,Sagad Road,land,me_rhun_region,RH2,place,† M3 regional lexicon
me_land_2717,Rakhan Gate,land,me_near_harad_region,UMB,place,† M3 regional lexicon
me_land_2718,Sahran Gate,land,me_near_harad_region,HNE,place,† M3 regional lexicon
me_land_2719,Eithel rathen,land,me_north_arnor_region,WILD,wilderness,† M3 regional lexicon
me_land_2720,Ashsnaga Camp,land,me_mordor_region,MOR,place,† M3 regional lexicon
me_land_2721,Tazan Gate,land,me_umbar_region,UMB,place,† M3 regional lexicon
me_land_2722,Varkak Camp,land,me_khand_region,KHA,place,† M3 regional lexicon
me_land_2723,Umran Gate,land,me_far_harad_region,HFA,place,† M3 regional lexicon
me_land_2724,Emyn rathen,land,me_brown_lands_region,WILD,wilderness,† M3 regional lexicon
me_land_2725,Snowshore Reach,land,me_forochel_region,LOS,place,† M3 regional lexicon
me_land_2726,Zaran Gate,land,me_near_harad_region,UMB,place,† M3 regional lexicon
me_land_2727,Azrara Gate,land,me_umbar_region,UMB,place,† M3 regional lexicon
me_land_2728,Oakbourne End,land,me_mirkwood_region,WDM,place,† M3 regional lexicon
me_land_2729,Imlad rathen,land,me_belfalas_region,GON,place,† M3 regional lexicon
me_land_2730,Azgsnaga Camp,land,me_mordor_region,MOR,place,† M3 regional lexicon
me_land_2731,Minas rathen,land,me_lebennin_region,GON,place,† M3 regional lexicon
me_land_2732,Ost rathen,land,me_lindon_region,LIN,place,† M3 regional lexicon
me_land_2733,Sharad Road,land,me_rhun_region,RHU,place,† M3 regional lexicon
me_land_2734,Zandak Camp,land,me_khand_region,KHA,place,† M3 regional lexicon
me_land_2735,Starshore Reach,land,me_forochel_region,LOS,place,† M3 regional lexicon
me_land_2736,Uldad Road,land,me_rhun_region,RH3,place,† M3 regional lexicon
me_land_2737,Wainad Road,land,me_rhun_region,RHU,place,† M3 regional lexicon
me_land_2738,Zorad Road,land,me_rhun_region,RH2,place,† M3 regional lexicon
me_land_2739,Blacksnaga Camp,land,me_angmar_region,GUN,place,† M3 regional lexicon
me_land_2740,Taur rathen,land,me_north_arnor_region,WILD,wilderness,† M3 regional lexicon
me_land_2741,Bahrara Gate,land,me_umbar_region,UMB,place,† M3 regional lexicon
me_land_2742,Arzan Camp,land,me_khand_region,KHA,place,† M3 regional lexicon
me_land_2743,Whiteshore Reach,land,me_forochel_region,LOS,place,† M3 regional lexicon
me_land_2744,Wintershore Reach,land,me_northern_wastes_region,WILD,wilderness,† M3 regional lexicon
me_land_2745,Bar rathen,land,me_anduin_vale_region,LOR,place,† M3 regional lexicon
me_land_2746,Balar Road,land,me_rhun_region,RH2,place,† M3 regional lexicon
me_land_2747,Borar Road,land,me_rhun_region,RH2,place,† M3 regional lexicon
me_land_2748,Gathar Road,land,me_rhun_region,RHU,place,† M3 regional lexicon
me_land_2749,Darara Gate,land,me_near_harad_region,UMB,place,† M3 regional lexicon
me_land_2750,Southbourne End,land,me_enedwaith_region,DUN,place,† M3 regional lexicon
me_land_2751,Bizardûm,land,me_grey_mountains_region,ERE,place,† M3 regional lexicon
me_land_2752,Stonebourne End,land,me_enedwaith_region,DUN,place,† M3 regional lexicon
me_land_2753,Calen rathen,land,me_north_arnor_region,WILD,wilderness,† M3 regional lexicon
me_land_2754,Burzsnaga Camp,land,me_mirkwood_region,DOL,place,† M3 regional lexicon
me_land_2755,Westbourne End,land,me_enedwaith_region,WILD,wilderness,† M3 regional lexicon
me_land_2756,Balkan Camp,land,me_far_harad_region,KHA,place,† M3 regional lexicon
me_land_2757,Celon rathen,land,me_lindon_region,LIN,place,† M3 regional lexicon
me_land_2758,Dushsnaga Camp,land,me_ithilien_region,MOR,place,† M3 regional lexicon
me_land_2759,Alderbridge End,land,me_enedwaith_region,DUN,place,† M3 regional lexicon
me_land_2760,Coldwater Reach,land,me_northern_wastes_region,WILD,wilderness,† M3 regional lexicon
me_land_2761,Ashbridge End,land,me_enedwaith_region,DUN,place,† M3 regional lexicon
me_land_2762,Ghashsnaga Camp,land,me_mordor_region,MOR,place,† M3 regional lexicon
me_land_2763,Nim rathen,land,me_mirkwood_region,WOO,place,† M3 regional lexicon
me_land_2764,Elmbough,land,me_rohan_region,FAN,place,† M3 regional lexicon
me_land_2765,Bunddûm,land,me_grey_mountains_region,ERE,place,† M3 regional lexicon
me_land_2766,Karmar Road,land,me_rhun_region,RHU,place,† M3 regional lexicon
me_land_2767,Amon sarnen,land,me_brown_lands_region,WILD,wilderness,† M3 regional lexicon
me_land_2768,Drazan Camp,land,me_khand_region,KHA,place,† M3 regional lexicon
me_land_2769,Gorsnaga Camp,land,me_ithilien_region,MOR,place,† M3 regional lexicon
me_land_2770,Barrowbridge End,land,me_enedwaith_region,DUN,place,† M3 regional lexicon
me_land_2771,Esgarholm,land,me_rhun_region,DOR,place,† M3 regional lexicon
me_land_2772,Farara Gate,land,me_near_harad_region,UMB,place,† M3 regional lexicon
me_land_2773,Dol sarnen,land,me_mirkwood_region,WOO,place,† M3 regional lexicon
me_land_2774,Eithel sarnen,land,me_brown_lands_region,WILD,wilderness,† M3 regional lexicon
me_land_2775,Khurar Road,land,me_rhun_region,RH3,place,† M3 regional lexicon
me_land_2776,Emyn sarnen,land,me_lindon_region,LIN,place,† M3 regional lexicon
me_land_2777,Imlad sarnen,land,me_north_arnor_region,RAN,place,† M3 regional lexicon
me_land_2778,Minas sarnen,land,me_lindon_region,LIN,place,† M3 regional lexicon
me_land_2779,Ost sarnen,land,me_brown_lands_region,WILD,wilderness,† M3 regional lexicon
me_land_2780,Grishsnaga Camp,land,me_ithilien_region,MOR,place,† M3 regional lexicon
me_land_2781,Kingholm,land,me_rhun_region,DOR,place,† M3 regional lexicon
me_land_2782,Helmgar,land,me_rohan_region,ROH,place,† M3 regional lexicon
me_land_2783,Taur sarnen,land,me_ithilien_region,WILD,wilderness,† M3 regional lexicon
me_land_2784,Bar sarnen,land,me_north_arnor_region,RAN,place,† M3 regional lexicon
me_land_2785,Calen sarnen,land,me_brown_lands_region,WILD,wilderness,† M3 regional lexicon
me_land_2786,Hadrara Gate,land,me_far_harad_region,HRA,place,† M3 regional lexicon
me_land_2787,Lodar Road,land,me_rhun_region,RHU,place,† M3 regional lexicon
me_land_2788,Kharara Gate,land,me_umbar_region,UMB,place,† M3 regional lexicon
me_land_2789,Celon sarnen,land,me_north_arnor_region,WILD,wilderness,† M3 regional lexicon
me_land_2790,Beaconbridge End,land,me_enedwaith_region,DUN,place,† M3 regional lexicon
me_land_2791,Nim sarnen,land,me_lindon_region,LIN,place,† M3 regional lexicon
me_land_2792,Narar Road,land,me_rhun_region,RHU,place,† M3 regional lexicon
me_land_2793,Amon thoronen,land,me_anorien_region,GON,place,† M3 regional lexicon
me_land_2794,Dol thoronen,land,me_anorien_region,GON,place,† M3 regional lexicon
me_land_2795,Herugar,land,me_rohan_region,ROH,place,† M3 regional lexicon
me_land_2796,Eithel thoronen,land,me_south_gondor_region,GON,place,† M3 regional lexicon
me_land_2797,Driftwater Reach,land,me_northern_wastes_region,WILD,wilderness,† M3 regional lexicon
me_land_2798,Rhovar Road,land,me_rhun_region,RH2,place,† M3 regional lexicon
me_land_2799,Mahrara Gate,land,me_far_harad_region,HRA,place,† M3 regional lexicon
me_land_2800,Krimpsnaga Camp,land,me_mirkwood_region,DOL,place,† M3 regional lexicon
me_land_2801,Sagar Road,land,me_rhun_region,RH2,place,† M3 regional lexicon
me_land_2802,Narara Gate,land,me_near_harad_region,UMB,place,† M3 regional lexicon
me_land_2803,Emyn thoronen,land,me_mirkwood_region,WOO,place,† M3 regional lexicon
me_land_2804,Imlad thoronen,land,me_lindon_region,LIN,place,† M3 regional lexicon
me_land_2805,Lakeholm,land,me_rhun_region,DOR,place,† M3 regional lexicon
me_land_2806,Frostwater Reach,land,me_northern_wastes_region,WILD,wilderness,† M3 regional lexicon
me_land_2807,Qasara Gate,land,me_near_harad_region,UMB,place,† M3 regional lexicon
me_land_2808,Lugsnaga Camp,land,me_mordor_region,MOR,place,† M3 regional lexicon
me_land_2809,Blackbridge End,land,me_anduin_vale_region,WDM,place,† M3 regional lexicon
me_land_2810,Minas thoronen,land,me_north_arnor_region,WILD,wilderness,† M3 regional lexicon
me_land_2811,Icewater Reach,land,me_northern_wastes_region,WILD,wilderness,† M3 regional lexicon
me_land_2812,Ost thoronen,land,me_belfalas_region,GON,place,† M3 regional lexicon
me_land_2813,Sharar Road,land,me_rhun_region,RH2,place,† M3 regional lexicon
me_land_2814,Taur thoronen,land,me_mirkwood_region,WOO,place,† M3 regional lexicon
me_land_2815,Mauhsnaga Camp,land,me_grey_mountains_region,GUN,place,† M3 regional lexicon
me_land_2816,Bar thoronen,land,me_lindon_region,LIN,place,† M3 regional lexicon
me_land_2817,Calen thoronen,land,me_north_arnor_region,WILD,wilderness,† M3 regional lexicon
me_land_2818,Bramblebridge End,land,me_anduin_vale_region,WDM,place,† M3 regional lexicon
me_land_2819,Celon thoronen,land,me_north_arnor_region,WILD,wilderness,† M3 regional lexicon
me_land_2820,Rakhara Gate,land,me_near_harad_region,HNE,place,† M3 regional lexicon
me_land_2821,Nim thoronen,land,me_lindon_region,LIN,place,† M3 regional lexicon
me_land_2822,Uldar Road,land,me_rhun_region,RHU,place,† M3 regional lexicon
me_land_2823,Northwater Reach,land,me_northern_wastes_region,WILD,wilderness,† M3 regional lexicon
me_land_2824,Muzgsnaga Camp,land,me_mordor_region,MOR,place,† M3 regional lexicon
me_land_2825,Palewater Reach,land,me_forochel_region,LOS,place,† M3 regional lexicon
me_land_2826,Wainar Road,land,me_rhun_region,RHU,place,† M3 regional lexicon
me_land_2827,Léodgar,land,me_rohan_region,ROH,place,† M3 regional lexicon
me_land_2828,Zorar Road,land,me_rhun_region,RHU,place,† M3 regional lexicon
me_land_2829,Sahrara Gate,land,me_near_harad_region,HNE,place,† M3 regional lexicon
me_land_2830,Amon adareth,land,me_brown_lands_region,WILD,wilderness,† M3 regional lexicon
me_land_2831,Tazara Gate,land,me_far_harad_region,HRA,place,† M3 regional lexicon
me_land_2832,Dol adareth,land,me_ithilien_region,WILD,wilderness,† M3 regional lexicon
me_land_2833,Balath Road,land,me_rhun_region,RH2,place,† M3 regional lexicon
me_land_2834,Longholm,land,me_rhun_region,DOR,place,† M3 regional lexicon
me_land_2835,Bucklandbridge End,land,me_enedwaith_region,WILD,wilderness,† M3 regional lexicon
me_land_2836,Ridgar,land,me_rohan_region,ROH,place,† M3 regional lexicon
me_land_2837,Gharan Camp,land,me_khand_region,KHA,place,† M3 regional lexicon
me_land_2838,Sealwater Reach,land,me_northern_wastes_region,WILD,wilderness,† M3 regional lexicon
me_land_2839,Umrara Gate,land,me_near_harad_region,HNE,place,† M3 regional lexicon
me_land_2840,Thengelgar,land,me_rohan_region,ROH,place,† M3 regional lexicon
me_land_2841,Kandan Camp,land,me_khand_region,KHA,place,† M3 regional lexicon
me_land_2842,Zarara Gate,land,me_near_harad_region,UMB,place,† M3 regional lexicon
me_land_2843,Merrybury,land,me_shire_breeland_region,SHI,place,† M3 regional lexicon
me_land_2844,Borath Road,land,me_rhun_region,RH2,place,† M3 regional lexicon
me_land_2845,Woldgar,land,me_rohan_region,ROH,place,† M3 regional lexicon
me_land_2846,Nazgsnaga Camp,land,me_grey_mountains_region,GUN,place,† M3 regional lexicon
me_land_2847,Cedarbridge End,land,me_enedwaith_region,WILD,wilderness,† M3 regional lexicon
me_land_2848,Deepbridge End,land,me_mirkwood_region,WDM,place,† M3 regional lexicon
me_land_2849,Eithel adareth,land,me_north_arnor_region,WILD,wilderness,† M3 regional lexicon
me_land_2850,Eastbridge End,land,me_enedwaith_region,DUN,place,† M3 regional lexicon
me_land_2851,Azrasir Gate,land,me_umbar_region,UMB,place,† M3 regional lexicon
me_land_2852,Mossbury,land,me_shire_breeland_region,SHI,place,† M3 regional lexicon
me_land_2853,Bahrasir Gate,land,me_far_harad_region,HFA,place,† M3 regional lexicon
me_land_2854,Honeyhall,land,me_anduin_vale_region,BEO,place,† M3 regional lexicon
me_land_2855,Greenbridge End,land,me_enedwaith_region,DUN,place,† M3 regional lexicon
me_land_2856,Khazan Camp,land,me_far_harad_region,KHA,place,† M3 regional lexicon
me_land_2857,Skaisnaga Camp,land,me_mordor_region,MOR,place,† M3 regional lexicon
me_land_2858,Aldham,land,me_rohan_region,ROH,place,† M3 regional lexicon
me_land_2859,Snowwater Reach,land,me_northern_wastes_region,WILD,wilderness,† M3 regional lexicon
me_land_2860,Gathath Road,land,me_rhun_region,RHU,place,† M3 regional lexicon
me_land_2861,Greybridge End,land,me_anduin_vale_region,WILD,wilderness,† M3 regional lexicon
me_land_2862,Emyn adareth,land,me_mirkwood_region,WOO,place,† M3 regional lexicon
me_land_2863,Nutbury,land,me_shire_breeland_region,SHI,place,† M3 regional lexicon
me_land_2864,Uglsnaga Camp,land,me_ithilien_region,MOR,place,† M3 regional lexicon
me_land_2865,Darasir Gate,land,me_far_harad_region,HFA,place,† M3 regional lexicon
me_land_2866,Longbridge End,land,me_enedwaith_region,DUN,place,† M3 regional lexicon
me_land_2867,Karmath Road,land,me_rhun_region,RHU,place,† M3 regional lexicon
me_land_2868,Imlad adareth,land,me_south_gondor_region,GON,place,† M3 regional lexicon
me_land_2869,Khurath Road,land,me_rhun_region,RH2,place,† M3 regional lexicon
me_land_2870,Lodath Road,land,me_rhun_region,RH2,place,† M3 regional lexicon
me_land_2871,Narath Road,land,me_rhun_region,RHU,place,† M3 regional lexicon
me_land_2872,Farasir Gate,land,me_umbar_region,UMB,place,† M3 regional lexicon
me_land_2873,Northbridge End,land,me_enedwaith_region,WILD,wilderness,† M3 regional lexicon
me_land_2874,Starwater Reach,land,me_northern_wastes_region,WILD,wilderness,† M3 regional lexicon
me_land_2875,Rushbury,land,me_shire_breeland_region,SHI,place,† M3 regional lexicon
me_land_2876,Minas adareth,land,me_belfalas_region,GON,place,† M3 regional lexicon
me_land_2877,Ost adareth,land,me_ithilien_region,GON,place,† M3 regional lexicon
me_land_2878,Uruksnaga Camp,land,me_mordor_region,MOR,place,† M3 regional lexicon
me_land_2879,Whitewater Reach,land,me_forochel_region,LOS,place,† M3 regional lexicon
me_land_2880,Hadrasir Gate,land,me_near_harad_region,HNE,place,† M3 regional lexicon
me_land_2881,Oakbridge End,land,me_enedwaith_region,DUN,place,† M3 regional lexicon
me_land_2882,Kharasir Gate,land,me_far_harad_region,HFA,place,† M3 regional lexicon
me_land_2883,Southbridge End,land,me_mirkwood_region,WDM,place,† M3 regional lexicon
me_land_2884,Mahrasir Gate,land,me_far_harad_region,HFA,place,† M3 regional lexicon
me_land_2885,Khoran Camp,land,me_khand_region,KHA,place,† M3 regional lexicon
me_land_2886,Ruzan Camp,land,me_khand_region,KHA,place,† M3 regional lexicon
me_land_2887,Skarnan Camp,land,me_far_harad_region,KHA,place,† M3 regional lexicon
me_land_2888,Rhovath Road,land,me_rhun_region,RHU,place,† M3 regional lexicon
me_land_2889,Ashzagh Camp,land,me_mordor_region,MOR,place,† M3 regional lexicon
me_land_2890,Taur adareth,land,me_belfalas_region,GON,place,† M3 regional lexicon
me_land_2891,Bar adareth,land,me_south_gondor_region,GON,place,† M3 regional lexicon
me_land_2892,Azgzagh Camp,land,me_brown_lands_region,DOL,place,† M3 regional lexicon
me_land_2893,Stonebridge End,land,me_mirkwood_region,WDM,place,† M3 regional lexicon
me_land_2894,Calen adareth,land,me_belfalas_region,DAM,place,† M3 regional lexicon
me_land_2895,Beorham,land,me_rohan_region,ROH,place,† M3 regional lexicon
me_land_2896,Narasir Gate,land,me_far_harad_region,HFA,place,† M3 regional lexicon
me_land_2897,Riverhall,land,me_anduin_vale_region,BEO,place,† M3 regional lexicon
me_land_2898,Northholm,land,me_rhun_region,DOR,place,† M3 regional lexicon
me_land_2899,Sagath Road,land,me_rhun_region,RHU,place,† M3 regional lexicon
me_land_2900,Celon adareth,land,me_brown_lands_region,WILD,wilderness,† M3 regional lexicon
me_land_2901,Nim adareth,land,me_mirkwood_region,WOO,place,† M3 regional lexicon
me_land_2902,Amon aeleth,land,me_belfalas_region,GON,place,† M3 regional lexicon
me_land_2903,Bregoham,land,me_rohan_region,ROH,place,† M3 regional lexicon
me_land_2904,Sharath Road,land,me_rhun_region,RH2,place,† M3 regional lexicon
me_land_2905,Dol aeleth,land,me_north_arnor_region,WILD,wilderness,† M3 regional lexicon
me_land_2906,Targan Camp,land,me_far_harad_region,KHA,place,† M3 regional lexicon
me_land_2907,Blackzagh Camp,land,me_anduin_vale_region,GOB,place,† M3 regional lexicon
me_land_2908,Ceorlham,land,me_rohan_region,ROH,place,† M3 regional lexicon
me_land_2909,Déorham,land,me_rohan_region,ROH,place,† M3 regional lexicon
me_land_2910,Uldath Road,land,me_rhun_region,RHU,place,† M3 regional lexicon
me_land_2911,Westbridge End,land,me_mirkwood_region,WDM,place,† M3 regional lexicon
me_land_2912,Winterwater Reach,land,me_northern_wastes_region,WILD,wilderness,† M3 regional lexicon
me_land_2913,Thistlebury,land,me_shire_breeland_region,SHI,place,† M3 regional lexicon
me_land_2914,Alderbrook End,land,me_anorien_region,DRU,place,† M3 regional lexicon
me_land_2915,Burzzagh Camp,land,me_ithilien_region,MOR,place,† M3 regional lexicon
me_land_2916,Eithel aeleth,land,me_south_gondor_region,GON,place,† M3 regional lexicon
me_land_2917,Ashbrook End,land,me_shire_breeland_region,BRE,place,† M3 regional lexicon
me_land_2918,Coldbay Sound,land,me_northern_wastes_region,WILD,wilderness,† M3 regional lexicon
me_land_2919,Varkan Camp,land,me_far_harad_region,KHA,place,† M3 regional lexicon
me_land_2920,Emyn aeleth,land,me_north_arnor_region,WILD,wilderness,† M3 regional lexicon
me_land_2921,Driftbay Sound,land,me_northern_wastes_region,WILD,wilderness,† M3 regional lexicon
me_land_2922,Ravenholm,land,me_rhun_region,DOR,place,† M3 regional lexicon
me_land_2923,Barrowbrook End,land,me_enedwaith_region,WILD,wilderness,† M3 regional lexicon
me_land_2924,Imlad aeleth,land,me_south_gondor_region,GON,place,† M3 regional lexicon
me_land_2925,Dushzagh Camp,land,me_angmar_region,GUN,place,† M3 regional lexicon
me_land_2926,Qasasir Gate,land,me_umbar_region,UMB,place,† M3 regional lexicon
me_land_2927,Zandan Camp,land,me_far_harad_region,KHA,place,† M3 regional lexicon
me_land_2928,Rakhasir Gate,land,me_umbar_region,UMB,place,† M3 regional lexicon
me_land_2929,Ghashzagh Camp,land,me_mordor_region,MOR,place,† M3 regional lexicon
me_land_2930,Arzar Camp,land,me_khand_region,KHA,place,† M3 regional lexicon
me_land_2931,Gorzagh Camp,land,me_north_arnor_region,ANG,place,† M3 regional lexicon
me_land_2932,Wainath Road,land,me_rhun_region,RHU,place,† M3 regional lexicon
me_land_2933,Balkar Camp,land,me_khand_region,KHA,place,† M3 regional lexicon
me_land_2934,Frostbay Sound,land,me_northern_wastes_region,WILD,wilderness,† M3 regional lexicon
me_land_2935,Minas aeleth,land,me_south_gondor_region,GON,place,† M3 regional lexicon
me_land_2936,Ost aeleth,land,me_north_arnor_region,WILD,wilderness,† M3 regional lexicon
me_land_2937,Taur aeleth,land,me_lebennin_region,GON,place,† M3 regional lexicon
me_land_2938,Beaconbrook End,land,me_shire_breeland_region,BRE,place,† M3 regional lexicon
me_land_2939,Blackbrook End,land,me_enedwaith_region,WILD,wilderness,† M3 regional lexicon
me_land_2940,Sahrasir Gate,land,me_near_harad_region,HNE,place,† M3 regional lexicon
me_land_2941,Willowbury,land,me_shire_breeland_region,WILD,wilderness,† M3 regional lexicon
me_land_2942,Icebay Sound,land,me_northern_wastes_region,WILD,wilderness,† M3 regional lexicon
me_land_2943,Bar aeleth,land,me_lindon_region,LIN,place,† M3 regional lexicon
me_land_2944,Grishzagh Camp,land,me_mirkwood_region,DOL,place,† M3 regional lexicon
me_land_2945,Zorath Road,land,me_rhun_region,RHU,place,† M3 regional lexicon
me_land_2946,Bramblebrook End,land,me_enedwaith_region,DUN,place,† M3 regional lexicon
me_land_2947,Bucklandbrook End,land,me_enedwaith_region,DUN,place,† M3 regional lexicon
me_land_2948,Calen aeleth,land,me_lindon_region,LIN,place,† M3 regional lexicon
me_land_2949,Cedarbrook End,land,me_enedwaith_region,WILD,wilderness,† M3 regional lexicon
me_land_2950,Balen Road,land,me_rhun_region,RHU,place,† M3 regional lexicon
me_land_2951,Boren Road,land,me_rhun_region,RHU,place,† M3 regional lexicon
me_land_2952,Skinhall,land,me_anduin_vale_region,BEO,place,† M3 regional lexicon
me_land_2953,Celon aeleth,land,me_belfalas_region,GON,place,† M3 regional lexicon
me_land_2954,Gathen Road,land,me_rhun_region,RHU,place,† M3 regional lexicon
me_land_2955,Deepbrook End,land,me_enedwaith_region,WILD,wilderness,† M3 regional lexicon
me_land_2956,Tazasir Gate,land,me_near_harad_region,UMB,place,† M3 regional lexicon
me_land_2957,Umrasir Gate,land,me_umbar_region,UMB,place,† M3 regional lexicon
me_land_2958,Northbay Sound,land,me_northern_wastes_region,WILD,wilderness,† M3 regional lexicon
me_land_2959,Eorlham,land,me_rohan_region,ROH,place,† M3 regional lexicon
me_land_2960,Krimpzagh Camp,land,me_mordor_region,MOR,place,† M3 regional lexicon
me_land_2961,Lugzagh Camp,land,me_mordor_region,MOR,place,† M3 regional lexicon
me_land_2962,Nim aeleth,land,me_north_arnor_region,WILD,wilderness,† M3 regional lexicon
me_land_2963,Mauhzagh Camp,land,me_mordor_region,MOR,place,† M3 regional lexicon
me_land_2964,Amon annoneth,land,me_north_arnor_region,WILD,wilderness,† M3 regional lexicon
me_land_2965,Dol annoneth,land,me_anorien_region,GON,place,† M3 regional lexicon
me_land_2966,Zarasir Gate,land,me_far_harad_region,HFA,place,† M3 regional lexicon
me_land_2967,Muzgzagh Camp,land,me_ithilien_region,MOR,place,† M3 regional lexicon
me_land_2968,Nazgzagh Camp,land,me_mordor_region,MOR,place,† M3 regional lexicon
me_land_2969,Eithel annoneth,land,me_belfalas_region,DAM,place,† M3 regional lexicon
me_land_2970,Eastbrook End,land,me_mirkwood_region,WDM,place,† M3 regional lexicon
me_land_2971,Emyn annoneth,land,me_belfalas_region,DAM,place,† M3 regional lexicon
me_land_2972,Karmen Road,land,me_rhun_region,RHU,place,† M3 regional lexicon
me_land_2973,Imlad annoneth,land,me_belfalas_region,DAM,place,† M3 regional lexicon
me_land_2974,Greenbrook End,land,me_enedwaith_region,DUN,place,† M3 regional lexicon
me_land_2975,Minas annoneth,land,me_lindon_region,LIN,place,† M3 regional lexicon
me_land_2976,Greybrook End,land,me_enedwaith_region,DUN,place,† M3 regional lexicon
me_land_2977,Applecombe,land,me_shire_breeland_region,SHI,place,† M3 regional lexicon
me_land_2978,Folcham,land,me_rohan_region,ROH,place,† M3 regional lexicon
me_land_2979,Azrem Gate,land,me_umbar_region,UMB,place,† M3 regional lexicon
me_land_2980,Ost annoneth,land,me_mirkwood_region,WOO,place,† M3 regional lexicon
me_land_2981,Taur annoneth,land,me_mirkwood_region,WOO,place,† M3 regional lexicon
me_land_2982,Framham,land,me_rohan_region,ROH,place,† M3 regional lexicon
me_land_2983,Longbrook End,land,me_enedwaith_region,WILD,wilderness,† M3 regional lexicon
me_land_2984,Bar annoneth,land,me_south_gondor_region,GON,place,† M3 regional lexicon
me_land_2985,Skaizagh Camp,land,me_mordor_region,MOR,place,† M3 regional lexicon
me_land_2986,Uglzagh Camp,land,me_ithilien_region,MOR,place,† M3 regional lexicon
me_land_2987,Urukzagh Camp,land,me_mordor_region,MOR,place,† M3 regional lexicon
me_land_2988,Ashbag Cleft,land,me_mirkwood_region,DOL,place,† M3 regional lexicon
me_land_2989,Palebay Sound,land,me_northern_wastes_region,WILD,wilderness,† M3 regional lexicon
me_land_2990,Sealbay Sound,land,me_forochel_region,LOS,place,† M3 regional lexicon
me_land_2991,Calen annoneth,land,me_north_arnor_region,WILD,wilderness,† M3 regional lexicon
me_land_2992,Snowbay Sound,land,me_northern_wastes_region,WILD,wilderness,† M3 regional lexicon
me_land_2993,Drazar Camp,land,me_khand_region,KHA,place,† M3 regional lexicon
me_land_2994,Khuren Road,land,me_rhun_region,RHU,place,† M3 regional lexicon
me_land_2995,Grimham,land,me_rohan_region,ROH,place,† M3 regional lexicon
me_land_2996,Celon annoneth,land,me_north_arnor_region,RIV,place,† M3 regional lexicon
me_land_2997,Starbay Sound,land,me_northern_wastes_region,WILD,wilderness,† M3 regional lexicon
me_land_2998,Helmham,land,me_rohan_region,ROH,place,† M3 regional lexicon
me_land_2999,Bahrem Gate,land,me_umbar_region,UMB,place,† M3 regional lexicon
me_land_3000,Darem Gate,land,me_near_harad_region,HNE,place,† M3 regional lexicon
me_land_3001,Northbrook End,land,me_anduin_vale_region,WDM,place,† M3 regional lexicon
me_land_3002,Whitebay Sound,land,me_northern_wastes_region,WILD,wilderness,† M3 regional lexicon
me_land_3003,Loden Road,land,me_rhun_region,RH2,place,† M3 regional lexicon
me_land_3004,Nim annoneth,land,me_north_arnor_region,WILD,wilderness,† M3 regional lexicon
me_land_3005,Amon beleth,land,me_brown_lands_region,WILD,wilderness,† M3 regional lexicon
me_land_3006,Oakbrook End,land,me_rohan_region,DUN,place,† M3 regional lexicon
me_land_3007,Southbrook End,land,me_anduin_vale_region,WILD,wilderness,† M3 regional lexicon
me_land_3008,Azgbag Cleft,land,me_mordor_region,MOR,place,† M3 regional lexicon
me_land_3009,Stonebrook End,land,me_enedwaith_region,WILD,wilderness,† M3 regional lexicon
me_land_3010,Gharar Camp,land,me_khand_region,KHA,place,† M3 regional lexicon
me_land_3011,Dol beleth,land,me_lindon_region,LIN,place,† M3 regional lexicon
me_land_3012,Winterbay Sound,land,me_northern_wastes_region,WILD,wilderness,† M3 regional lexicon
me_land_3013,Valehall,land,me_anduin_vale_region,BEO,place,† M3 regional lexicon
me_land_3014,Farem Gate,land,me_far_harad_region,HFA,place,† M3 regional lexicon
me_land_3015,Blackbag Cleft,land,me_north_arnor_region,ANG,place,† M3 regional lexicon
me_land_3016,Eithel beleth,land,me_belfalas_region,DAM,place,† M3 regional lexicon
me_land_3017,Redholm,land,me_rhun_region,DOR,place,† M3 regional lexicon
me_land_3018,Burzbag Cleft,land,me_mordor_region,MOR,place,† M3 regional lexicon
me_land_3019,Hadrem Gate,land,me_umbar_region,UMB,place,† M3 regional lexicon
me_land_3020,Westbrook End,land,me_enedwaith_region,WILD,wilderness,† M3 regional lexicon
me_land_3021,Emyn beleth,land,me_north_arnor_region,WILD,wilderness,† M3 regional lexicon
me_land_3022,Imlad beleth,land,me_belfalas_region,DAM,place,† M3 regional lexicon
me_land_3023,Dushbag Cleft,land,me_mordor_region,MOR,place,† M3 regional lexicon
me_land_3024,Minas beleth,land,me_belfalas_region,GON,place,† M3 regional lexicon
me_land_3025,Coldcamp Sound,land,me_northern_wastes_region,WILD,wilderness,† M3 regional lexicon
me_land_3026,Driftcamp Sound,land,me_northern_wastes_region,WILD,wilderness,† M3 regional lexicon
me_land_3027,Kharem Gate,land,me_umbar_region,UMB,place,† M3 regional lexicon
me_land_3028,Ghashbag Cleft,land,me_mordor_region,MOR,place,† M3 regional lexicon
me_land_3029,Mahrem Gate,land,me_far_harad_region,HFA,place,† M3 regional lexicon
me_land_3030,Dumdûm,land,me_lindon_region,BLU,place,† M3 regional lexicon
me_land_3031,Naren Road,land,me_rhun_region,RH2,place,† M3 regional lexicon
me_land_3032,Alderdown End,land,me_enedwaith_region,DUN,place,† M3 regional lexicon
me_land_3033,Ost beleth,land,me_north_arnor_region,RAN,place,† M3 regional lexicon
me_land_3034,Taur beleth,land,me_north_arnor_region,WILD,wilderness,† M3 regional lexicon
me_land_3035,Narem Gate,land,me_far_harad_region,HFA,place,† M3 regional lexicon
me_land_3036,Heruham,land,me_rohan_region,ROH,place,† M3 regional lexicon
me_land_3037,Bar beleth,land,me_shire_breeland_region,RIV,place,† M3 regional lexicon
me_land_3038,Ashdown End,land,me_enedwaith_region,WILD,wilderness,† M3 regional lexicon
me_land_3039,Qasem Gate,land,me_far_harad_region,HRA,place,† M3 regional lexicon
me_land_3040,Barrowdown End,land,me_enedwaith_region,WILD,wilderness,† M3 regional lexicon
me_land_3041,Calen beleth,land,me_brown_lands_region,WILD,wilderness,† M3 regional lexicon
me_land_3042,Kandar Camp,land,me_khand_region,KHA,place,† M3 regional lexicon
me_land_3043,Celon beleth,land,me_brown_lands_region,WILD,wilderness,† M3 regional lexicon
me_land_3044,Westholm,land,me_rhun_region,DOR,place,† M3 regional lexicon
me_land_3045,Frostcamp Sound,land,me_northern_wastes_region,WILD,wilderness,† M3 regional lexicon
me_land_3046,Rakhem Gate,land,me_near_harad_region,HNE,place,† M3 regional lexicon
me_land_3047,Gorbag Cleft,land,me_rohan_region,ISE,place,† M3 regional lexicon
me_land_3048,Rhoven Road,land,me_rhun_region,RHU,place,† M3 regional lexicon
me_land_3049,Sagen Road,land,me_rhun_region,RH2,place,† M3 regional lexicon
me_land_3050,Sharen Road,land,me_rhun_region,RHU,place,† M3 regional lexicon
me_land_3051,Sahrem Gate,land,me_umbar_region,UMB,place,† M3 regional lexicon
me_land_3052,Icecamp Sound,land,me_northern_wastes_region,WILD,wilderness,† M3 regional lexicon
me_land_3053,Tazem Gate,land,me_far_harad_region,HRA,place,† M3 regional lexicon
me_land_3054,Ulden Road,land,me_rhun_region,RHU,place,† M3 regional lexicon
me_land_3055,Nim beleth,land,me_mirkwood_region,WOO,place,† M3 regional lexicon
me_land_3056,Bramblecombe,land,me_shire_breeland_region,SHI,place,† M3 regional lexicon
me_land_3057,Umrem Gate,land,me_near_harad_region,HNE,place,† M3 regional lexicon
me_land_3058,Beacondown End,land,me_anduin_vale_region,WDM,place,† M3 regional lexicon
me_land_3059,Zarem Gate,land,me_near_harad_region,UMB,place,† M3 regional lexicon
me_land_3060,Northcamp Sound,land,me_northern_wastes_region,WILD,wilderness,† M3 regional lexicon
me_land_3061,Wainen Road,land,me_rhun_region,RHU,place,† M3 regional lexicon
me_land_3062,Zoren Road,land,me_rhun_region,RH2,place,† M3 regional lexicon
me_land_3063,Amon borneth,land,me_brown_lands_region,WILD,wilderness,† M3 regional lexicon
me_land_3064,Blackdown End,land,me_mirkwood_region,WDM,place,† M3 regional lexicon
me_land_3065,Dol borneth,land,me_mirkwood_region,WOO,place,† M3 regional lexicon
me_land_3066,Eithel borneth,land,me_north_arnor_region,WILD,wilderness,† M3 regional lexicon
me_land_3067,Brambledown End,land,me_mirkwood_region,WDM,place,† M3 regional lexicon
me_land_3068,Grishbag Cleft,land,me_anduin_vale_region,MOA,place,† M3 regional lexicon
me_land_3069,Browncombe,land,me_shire_breeland_region,SHI,place,† M3 regional lexicon
me_land_3070,Krimpbag Cleft,land,me_mirkwood_region,DOL,place,† M3 regional lexicon
me_land_3071,Azresh Gate,land,me_umbar_region,UMB,place,† M3 regional lexicon
me_land_3072,Lugbag Cleft,land,me_mordor_region,MOR,place,† M3 regional lexicon
me_land_3073,Khazar Camp,land,me_khand_region,KHA,place,† M3 regional lexicon
me_land_3074,Mauhbag Cleft,land,me_angmar_region,GUN,place,† M3 regional lexicon
me_land_3075,Emyn borneth,land,me_belfalas_region,DAM,place,† M3 regional lexicon
me_land_3076,Imlad borneth,land,me_brown_lands_region,WILD,wilderness,† M3 regional lexicon
me_land_3077,Minas borneth,land,me_south_gondor_region,GON,place,† M3 regional lexicon
me_land_3078,Khorar Camp,land,me_khand_region,KHA,place,† M3 regional lexicon
me_land_3079,Ost borneth,land,me_south_gondor_region,GON,place,† M3 regional lexicon
me_land_3080,Taur borneth,land,me_belfalas_region,GON,place,† M3 regional lexicon
me_land_3081,Buttercombe,land,me_shire_breeland_region,SHI,place,† M3 regional lexicon
me_land_3082,Bucklanddown End,land,me_anduin_vale_region,WILD,wilderness,† M3 regional lexicon
me_land_3083,Bahresh Gate,land,me_near_harad_region,HNE,place,† M3 regional lexicon
me_land_3084,Balod Road,land,me_rhun_region,RH2,place,† M3 regional lexicon
me_land_3085,Borod Road,land,me_rhun_region,RHU,place,† M3 regional lexicon
me_land_3086,Muzgbag Cleft,land,me_north_arnor_region,ANG,place,† M3 regional lexicon
me_land_3087,Gathod Road,land,me_rhun_region,RH2,place,† M3 regional lexicon
me_land_3088,Bar borneth,land,me_brown_lands_region,WILD,wilderness,† M3 regional lexicon
me_land_3089,Karmod Road,land,me_rhun_region,RHU,place,† M3 regional lexicon
me_land_3090,Ambermark,land,me_dale_region,DAL,place,† M3 regional lexicon
me_land_3091,Daresh Gate,land,me_far_harad_region,HFA,place,† M3 regional lexicon
me_land_3092,Bardmark,land,me_dale_region,DAL,place,† M3 regional lexicon
me_land_3093,Cedardown End,land,me_mirkwood_region,WDM,place,† M3 regional lexicon
me_land_3094,Deepdown End,land,me_enedwaith_region,DUN,place,† M3 regional lexicon
me_land_3095,Faresh Gate,land,me_umbar_region,UMB,place,† M3 regional lexicon
me_land_3096,Eastdown End,land,me_anorien_region,DRU,place,† M3 regional lexicon
me_land_3097,Calen borneth,land,me_lebennin_region,GON,place,† M3 regional lexicon
me_land_3098,Khurod Road,land,me_rhun_region,RH2,place,† M3 regional lexicon
me_land_3099,Lodod Road,land,me_rhun_region,RHU,place,† M3 regional lexicon
me_land_3100,Narod Road,land,me_rhun_region,RH2,place,† M3 regional lexicon
me_land_3101,Celon borneth,land,me_mirkwood_region,WOO,place,† M3 regional lexicon
me_land_3102,Hadresh Gate,land,me_near_harad_region,HRA,place,† M3 regional lexicon
me_land_3103,Nim borneth,land,me_north_arnor_region,WILD,wilderness,† M3 regional lexicon
me_land_3104,Amon caraneth,land,me_south_gondor_region,GON,place,† M3 regional lexicon
me_land_3105,Clovercombe,land,me_shire_breeland_region,SHI,place,† M3 regional lexicon
me_land_3106,Ruzar Camp,land,me_khand_region,KHA,place,† M3 regional lexicon
me_land_3107,Greendown End,land,me_enedwaith_region,DUN,place,† M3 regional lexicon
me_land_3108,Greydown End,land,me_enedwaith_region,WILD,wilderness,† M3 regional lexicon
me_land_3109,Rhovod Road,land,me_rhun_region,RH2,place,† M3 regional lexicon
me_land_3110,Longdown End,land,me_anduin_vale_region,WDM,place,† M3 regional lexicon
me_land_3111,Palecamp Sound,land,me_northern_wastes_region,WILD,wilderness,† M3 regional lexicon
me_land_3112,Kharesh Gate,land,me_umbar_region,UMB,place,† M3 regional lexicon
me_land_3113,Northdown End,land,me_enedwaith_region,WILD,wilderness,† M3 regional lexicon
me_land_3114,Nazgbag Cleft,land,me_ithilien_region,MOR,place,† M3 regional lexicon
me_land_3115,Sealcamp Sound,land,me_northern_wastes_region,WILD,wilderness,† M3 regional lexicon
me_land_3116,Mahresh Gate,land,me_umbar_region,UMB,place,† M3 regional lexicon
me_land_3117,Dol caraneth,land,me_north_arnor_region,RAN,place,† M3 regional lexicon
me_land_3118,Eithel caraneth,land,me_belfalas_region,GON,place,† M3 regional lexicon
me_land_3119,Skaibag Cleft,land,me_ithilien_region,MOR,place,† M3 regional lexicon
me_land_3120,Uglbag Cleft,land,me_mordor_region,MOR,place,† M3 regional lexicon
me_land_3121,Urukbag Cleft,land,me_mordor_region,MOR,place,† M3 regional lexicon
me_land_3122,Skarnar Camp,land,me_khand_region,KHA,place,† M3 regional lexicon
me_land_3123,Wildhall,land,me_anduin_vale_region,BEO,place,† M3 regional lexicon
me_land_3124,Naresh Gate,land,me_far_harad_region,HRA,place,† M3 regional lexicon
me_land_3125,Bellmark,land,me_dale_region,DAL,place,† M3 regional lexicon
me_land_3126,Emyn caraneth,land,me_belfalas_region,GON,place,† M3 regional lexicon
me_land_3127,Targar Camp,land,me_khand_region,KHA,place,† M3 regional lexicon
me_land_3128,Varkar Camp,land,me_khand_region,KHA,place,† M3 regional lexicon
me_land_3129,Zandar Camp,land,me_khand_region,KHA,place,† M3 regional lexicon
me_land_3130,Ashburz Cleft,land,me_mordor_region,MOR,place,† M3 regional lexicon
me_land_3131,Dimplecombe,land,me_shire_breeland_region,SHI,place,† M3 regional lexicon
me_land_3132,Oakdown End,land,me_enedwaith_region,WILD,wilderness,† M3 regional lexicon
me_land_3133,Snowcamp Sound,land,me_northern_wastes_region,WILD,wilderness,† M3 regional lexicon
me_land_3134,Southdown End,land,me_enedwaith_region,WILD,wilderness,† M3 regional lexicon
me_land_3135,Arzash Camp,land,me_khand_region,KHA,place,† M3 regional lexicon
me_land_3136,Bowmark,land,me_rhun_region,DOR,place,† M3 regional lexicon
me_land_3137,Azgburz Cleft,land,me_mordor_region,MOR,place,† M3 regional lexicon
me_land_3138,Sagod Road,land,me_rhun_region,RH2,place,† M3 regional lexicon
me_land_3139,Stonedown End,land,me_anduin_vale_region,WDM,place,† M3 regional lexicon
me_land_3140,Ferncombe,land,me_shire_breeland_region,SHI,place,† M3 regional lexicon
me_land_3141,Imlad caraneth,land,me_anduin_vale_region,LOR,place,† M3 regional lexicon
me_land_3142,Blackburz Cleft,land,me_north_arnor_region,ANG,place,† M3 regional lexicon
me_land_3143,Starcamp Sound,land,me_northern_wastes_region,WILD,wilderness,† M3 regional lexicon
me_land_3144,Minas caraneth,land,me_north_arnor_region,WILD,wilderness,† M3 regional lexicon
me_land_3145,Léodham,land,me_rohan_region,ROH,place,† M3 regional lexicon
me_land_3146,Ost caraneth,land,me_north_arnor_region,WILD,wilderness,† M3 regional lexicon
me_land_3147,Burzburz Cleft,land,me_mordor_region,MOR,place,† M3 regional lexicon
me_land_3148,Westdown End,land,me_enedwaith_region,DUN,place,† M3 regional lexicon
me_land_3149,Celduinmark,land,me_dale_region,ESG,place,† M3 regional lexicon
me_land_3150,Taur caraneth,land,me_lindon_region,LIN,place,† M3 regional lexicon
me_land_3151,Bar caraneth,land,me_north_arnor_region,WILD,wilderness,† M3 regional lexicon
me_land_3152,Dushburz Cleft,land,me_north_arnor_region,ANG,place,† M3 regional lexicon
me_land_3153,Alderfield End,land,me_enedwaith_region,DUN,place,† M3 regional lexicon
me_land_3154,Qasesh Gate,land,me_near_harad_region,HNE,place,† M3 regional lexicon
me_land_3155,Sharod Road,land,me_rhun_region,RH2,place,† M3 regional lexicon
me_land_3156,Ghashburz Cleft,land,me_angmar_region,ANG,place,† M3 regional lexicon
me_land_3157,Ashfield End,land,me_enedwaith_region,WILD,wilderness,† M3 regional lexicon
me_land_3158,Barrowfield End,land,me_enedwaith_region,DUN,place,† M3 regional lexicon
me_land_3159,Calen caraneth,land,me_north_arnor_region,WILD,wilderness,† M3 regional lexicon
me_land_3160,Celon caraneth,land,me_belfalas_region,DAM,place,† M3 regional lexicon
me_land_3161,Gorburz Cleft,land,me_rohan_region,ISE,place,† M3 regional lexicon
me_land_3162,Nim caraneth,land,me_south_gondor_region,GON,place,† M3 regional lexicon
me_land_3163,Amon duineth,land,me_belfalas_region,GON,place,† M3 regional lexicon
me_land_3164,Dol duineth,land,me_brown_lands_region,WILD,wilderness,† M3 regional lexicon
me_land_3165,Eithel duineth,land,me_brown_lands_region,WILD,wilderness,† M3 regional lexicon
me_land_3166,Beaconfield End,land,me_enedwaith_region,WILD,wilderness,† M3 regional lexicon
me_land_3167,Woodhall,land,me_anduin_vale_region,BEO,place,† M3 regional lexicon
me_land_3168,Emyn duineth,land,me_belfalas_region,GON,place,† M3 regional lexicon
me_land_3169,Ridham,land,me_rohan_region,ROH,place,† M3 regional lexicon
me_land_3170,Grishburz Cleft,land,me_brown_lands_region,DOL,place,† M3 regional lexicon
me_land_3171,Felekdûm,land,me_lindon_region,BLU,place,† M3 regional lexicon
me_land_3172,Uldod Road,land,me_rhun_region,RH2,place,† M3 regional lexicon
me_land_3173,Gamildûm,land,me_grey_mountains_region,ERE,place,† M3 regional lexicon
me_land_3174,Krimpburz Cleft,land,me_angmar_region,GUN,place,† M3 regional lexicon
me_land_3175,Lugburz Cleft,land,me_ithilien_region,MOR,place,† M3 regional lexicon
me_land_3176,Rakhesh Gate,land,me_far_harad_region,HFA,place,† M3 regional lexicon
me_land_3177,Mauhburz Cleft,land,me_mordor_region,MOR,place,† M3 regional lexicon
me_land_3178,Imlad duineth,land,me_anorien_region,GON,place,† M3 regional lexicon
me_land_3179,Sahresh Gate,land,me_near_harad_region,HNE,place,† M3 regional lexicon
me_land_3180,Blackfield End,land,me_enedwaith_region,DUN,place,† M3 regional lexicon
me_land_3181,Muzgburz Cleft,land,me_brown_lands_region,DOL,place,† M3 regional lexicon
me_land_3182,Wainod Road,land,me_rhun_region,RH2,place,† M3 regional lexicon
me_land_3183,Tazesh Gate,land,me_near_harad_region,HNE,place,† M3 regional lexicon
me_land_3184,Nazgburz Cleft,land,me_mordor_region,MOR,place,† M3 regional lexicon
me_land_3185,Balkash Camp,land,me_far_harad_region,KHA,place,† M3 regional lexicon
me_land_3186,Minas duineth,land,me_lebennin_region,GON,place,† M3 regional lexicon
me_land_3187,Umresh Gate,land,me_umbar_region,UMB,place,† M3 regional lexicon
me_land_3188,Ost duineth,land,me_brown_lands_region,WILD,wilderness,† M3 regional lexicon
me_land_3189,Bramblefield End,land,me_shire_breeland_region,BRE,place,† M3 regional lexicon
me_land_3190,Taur duineth,land,me_brown_lands_region,WILD,wilderness,† M3 regional lexicon
me_land_3191,Zorod Road,land,me_rhun_region,RH2,place,† M3 regional lexicon
me_land_3192,Dalemark,land,me_rhun_region,DOR,place,† M3 regional lexicon
me_land_3193,Skaiburz Cleft,land,me_anduin_vale_region,MOA,place,† M3 regional lexicon
me_land_3194,Uglburz Cleft,land,me_mordor_region,MOR,place,† M3 regional lexicon
me_land_3195,Balor Road,land,me_rhun_region,RHU,place,† M3 regional lexicon
me_land_3196,Bar duineth,land,me_lebennin_region,GON,place,† M3 regional lexicon
me_land_3197,Zaresh Gate,land,me_far_harad_region,HRA,place,† M3 regional lexicon
me_land_3198,Drazash Camp,land,me_khand_region,KHA,place,† M3 regional lexicon
me_land_3199,Thengelham,land,me_rohan_region,ROH,place,† M3 regional lexicon
me_land_3200,Urukburz Cleft,land,me_mordor_region,MOR,place,† M3 regional lexicon
me_land_3201,Azrim Gate,land,me_near_harad_region,UMB,place,† M3 regional lexicon
me_land_3202,Woldham,land,me_rohan_region,ROH,place,† M3 regional lexicon
me_land_3203,Calen duineth,land,me_lindon_region,LIN,place,† M3 regional lexicon
me_land_3204,Whitecamp Sound,land,me_northern_wastes_region,WILD,wilderness,† M3 regional lexicon
me_land_3205,Boror Road,land,me_rhun_region,RHU,place,† M3 regional lexicon
me_land_3206,Gathor Road,land,me_rhun_region,RHU,place,† M3 regional lexicon
me_land_3207,Celon duineth,land,me_belfalas_region,GON,place,† M3 regional lexicon
me_land_3208,Nim duineth,land,me_south_gondor_region,GON,place,† M3 regional lexicon
me_land_3209,Karmor Road,land,me_rhun_region,RH3,place,† M3 regional lexicon
me_land_3210,Bahrim Gate,land,me_far_harad_region,HFA,place,† M3 regional lexicon
me_land_3211,Darim Gate,land,me_far_harad_region,HRA,place,† M3 regional lexicon
me_land_3212,Ashdûr Cleft,land,me_enedwaith_region,ISE,place,† M3 regional lexicon
me_land_3213,Bucklandfield End,land,me_enedwaith_region,DUN,place,† M3 regional lexicon
me_land_3214,Farim Gate,land,me_near_harad_region,HNE,place,† M3 regional lexicon
me_land_3215,Azgdûr Cleft,land,me_anduin_vale_region,GOB,place,† M3 regional lexicon
me_land_3216,Gharash Camp,land,me_far_harad_region,KHA,place,† M3 regional lexicon
me_land_3217,Cedarfield End,land,me_mirkwood_region,WDM,place,† M3 regional lexicon
me_land_3218,Amon falaseth,land,me_ithilien_region,WILD,wilderness,† M3 regional lexicon
me_land_3219,Dol falaseth,land,me_lebennin_region,GON,place,† M3 regional lexicon
me_land_3220,Blackdûr Cleft,land,me_mirkwood_region,DOL,place,† M3 regional lexicon
me_land_3221,Khuror Road,land,me_rhun_region,RHU,place,† M3 regional lexicon
me_land_3222,Burzdûr Cleft,land,me_ithilien_region,MOR,place,† M3 regional lexicon
me_land_3223,Aldholt,land,me_rohan_region,ROH,place,† M3 regional lexicon
me_land_3224,Beorholt,land,me_rohan_region,ROH,place,† M3 regional lexicon
me_land_3225,Bregoholt,land,me_rohan_region,ROH,place,† M3 regional lexicon
me_land_3226,Kandash Camp,land,me_far_harad_region,KHA,place,† M3 regional lexicon
me_land_3227,Wintercamp Sound,land,me_northern_wastes_region,WILD,wilderness,† M3 regional lexicon
me_land_3228,Ceorlholt,land,me_rohan_region,ROH,place,† M3 regional lexicon
me_land_3229,Coldfell Sound,land,me_northern_wastes_region,WILD,wilderness,† M3 regional lexicon
me_land_3230,Eithel falaseth,land,me_mirkwood_region,WOO,place,† M3 regional lexicon
me_land_3231,Dushdûr Cleft,land,me_ithilien_region,MOR,place,† M3 regional lexicon
me_land_3232,Hadrim Gate,land,me_umbar_region,UMB,place,† M3 regional lexicon
me_land_3233,Emyn falaseth,land,me_brown_lands_region,WILD,wilderness,† M3 regional lexicon
me_land_3234,Kharim Gate,land,me_umbar_region,UMB,place,† M3 regional lexicon
me_land_3235,Deepfield End,land,me_anorien_region,DRU,place,† M3 regional lexicon
me_land_3236,Imlad falaseth,land,me_lindon_region,LIN,place,† M3 regional lexicon
me_land_3237,Minas falaseth,land,me_north_arnor_region,WILD,wilderness,† M3 regional lexicon
me_land_3238,Ost falaseth,land,me_north_arnor_region,RIV,place,† M3 regional lexicon
me_land_3239,Taur falaseth,land,me_belfalas_region,GON,place,† M3 regional lexicon
me_land_3240,Eastfield End,land,me_enedwaith_region,DUN,place,† M3 regional lexicon
me_land_3241,Khazash Camp,land,me_near_harad_region,KHA,place,† M3 regional lexicon
me_land_3242,Mahrim Gate,land,me_near_harad_region,HNE,place,† M3 regional lexicon
me_land_3243,Bearholt,land,me_mirkwood_region,BEO,place,† M3 regional lexicon
me_land_3244,Bar falaseth,land,me_mirkwood_region,WOO,place,† M3 regional lexicon
me_land_3245,Calen falaseth,land,me_north_arnor_region,WILD,wilderness,† M3 regional lexicon
me_land_3246,Narim Gate,land,me_near_harad_region,UMB,place,† M3 regional lexicon
me_land_3247,Driftfell Sound,land,me_northern_wastes_region,WILD,wilderness,† M3 regional lexicon
me_land_3248,Celon falaseth,land,me_lindon_region,LIN,place,† M3 regional lexicon
me_land_3249,Greenfield End,land,me_mirkwood_region,WDM,place,† M3 regional lexicon
me_land_3250,Nim falaseth,land,me_lebennin_region,GON,place,† M3 regional lexicon
me_land_3251,Qasim Gate,land,me_umbar_region,UMB,place,† M3 regional lexicon
me_land_3252,Amon galeneth,land,me_brown_lands_region,WILD,wilderness,† M3 regional lexicon
me_land_3253,Greyfield End,land,me_enedwaith_region,DUN,place,† M3 regional lexicon
me_land_3254,Longfield End,land,me_enedwaith_region,DUN,place,† M3 regional lexicon
me_land_3255,Northfield End,land,me_enedwaith_region,WILD,wilderness,† M3 regional lexicon
me_land_3256,Ghashdûr Cleft,land,me_mordor_region,MOR,place,† M3 regional lexicon
me_land_3257,Lodor Road,land,me_rhun_region,RH2,place,† M3 regional lexicon
me_land_3258,Naror Road,land,me_rhun_region,RH2,place,† M3 regional lexicon
me_land_3259,Oakfield End,land,me_anduin_vale_region,WDM,place,† M3 regional lexicon
me_land_3260,Gordûr Cleft,land,me_enedwaith_region,MOA,place,† M3 regional lexicon
me_land_3261,Dol galeneth,land,me_north_arnor_region,WILD,wilderness,† M3 regional lexicon
me_land_3262,Rakhim Gate,land,me_umbar_region,UMB,place,† M3 regional lexicon
me_land_3263,Eithel galeneth,land,me_north_arnor_region,WILD,wilderness,† M3 regional lexicon
me_land_3264,Southfield End,land,me_enedwaith_region,DUN,place,† M3 regional lexicon
me_land_3265,Emyn galeneth,land,me_belfalas_region,GON,place,† M3 regional lexicon
me_land_3266,Rhovor Road,land,me_rhun_region,RH3,place,† M3 regional lexicon
me_land_3267,Sahrim Gate,land,me_near_harad_region,HNE,place,† M3 regional lexicon
me_land_3268,Imlad galeneth,land,me_brown_lands_region,WILD,wilderness,† M3 regional lexicon
me_land_3269,Haycombe,land,me_shire_breeland_region,WILD,wilderness,† M3 regional lexicon
me_land_3270,Stonefield End,land,me_anduin_vale_region,WDM,place,† M3 regional lexicon
me_land_3271,Westfield End,land,me_enedwaith_region,DUN,place,† M3 regional lexicon
me_land_3272,Minas galeneth,land,me_lebennin_region,GON,place,† M3 regional lexicon
me_land_3273,Ost galeneth,land,me_belfalas_region,GON,place,† M3 regional lexicon
me_land_3274,Khorash Camp,land,me_far_harad_region,KHA,place,† M3 regional lexicon
me_land_3275,Alderford End,land,me_enedwaith_region,WILD,wilderness,† M3 regional lexicon
me_land_3276,Frostfell Sound,land,me_northern_wastes_region,WILD,wilderness,† M3 regional lexicon
me_land_3277,Beeholt,land,me_anduin_vale_region,BEO,place,† M3 regional lexicon
me_land_3278,Ashford End,land,me_anduin_vale_region,WDM,place,† M3 regional lexicon
me_land_3279,Déorholt,land,me_rohan_region,ROH,place,† M3 regional lexicon
me_land_3280,Taur galeneth,land,me_anduin_vale_region,LOR,place,† M3 regional lexicon
me_land_3281,Tazim Gate,land,me_umbar_region,UMB,place,† M3 regional lexicon
me_land_3282,Bar galeneth,land,me_mirkwood_region,WOO,place,† M3 regional lexicon
me_land_3283,Grishdûr Cleft,land,me_mordor_region,MOR,place,† M3 regional lexicon
me_land_3284,Calen galeneth,land,me_north_arnor_region,WILD,wilderness,† M3 regional lexicon
me_land_3285,Krimpdûr Cleft,land,me_ithilien_region,MOR,place,† M3 regional lexicon
me_land_3286,Celon galeneth,land,me_lebennin_region,GON,place,† M3 regional lexicon
me_land_3287,Hazelcombe,land,me_shire_breeland_region,SHI,place,† M3 regional lexicon
me_land_3288,Nim galeneth,land,me_mirkwood_region,WOO,place,† M3 regional lexicon
me_land_3289,Ruzash Camp,land,me_khand_region,KHA,place,† M3 regional lexicon
me_land_3290,Amon gondeth,land,me_north_arnor_region,RAN,place,† M3 regional lexicon
me_land_3291,Icefell Sound,land,me_northern_wastes_region,WILD,wilderness,† M3 regional lexicon
me_land_3292,Northfell Sound,land,me_northern_wastes_region,WILD,wilderness,† M3 regional lexicon
me_land_3293,Barrowford End,land,me_anduin_vale_region,WILD,wilderness,† M3 regional lexicon
me_land_3294,Skarnash Camp,land,me_far_harad_region,KHA,place,† M3 regional lexicon
me_land_3295,Lugdûr Cleft,land,me_grey_mountains_region,GUN,place,† M3 regional lexicon
me_land_3296,Sagor Road,land,me_rhun_region,RHU,place,† M3 regional lexicon
me_land_3297,Dol gondeth,land,me_belfalas_region,DAM,place,† M3 regional lexicon
me_land_3298,Hollycombe,land,me_shire_breeland_region,WILD,wilderness,† M3 regional lexicon
me_land_3299,Umrim Gate,land,me_umbar_region,UMB,place,† M3 regional lexicon
me_land_3300,Palefell Sound,land,me_northern_wastes_region,WILD,wilderness,† M3 regional lexicon
me_land_3301,Sharor Road,land,me_rhun_region,RH2,place,† M3 regional lexicon
me_land_3302,Targash Camp,land,me_far_harad_region,KHA,place,† M3 regional lexicon
me_land_3303,Uldor Road,land,me_rhun_region,RH2,place,† M3 regional lexicon
me_land_3304,Beaconford End,land,me_mirkwood_region,WDM,place,† M3 regional lexicon
me_land_3305,Mauhdûr Cleft,land,me_north_arnor_region,ANG,place,† M3 regional lexicon
me_land_3306,Wainor Road,land,me_rhun_region,RHU,place,† M3 regional lexicon
me_land_3307,Zarim Gate,land,me_near_harad_region,HNE,place,† M3 regional lexicon
me_land_3308,Azrir Gate,land,me_far_harad_region,HFA,place,† M3 regional lexicon
me_land_3309,Carrockholt,land,me_anduin_vale_region,BEO,place,† M3 regional lexicon
me_land_3310,Varkash Camp,land,me_khand_region,KHA,place,† M3 regional lexicon
me_land_3311,Eithel gondeth,land,me_anduin_vale_region,LOR,place,† M3 regional lexicon
me_land_3312,Emyn gondeth,land,me_belfalas_region,DAM,place,† M3 regional lexicon
me_land_3313,Bahrir Gate,land,me_near_harad_region,HRA,place,† M3 regional lexicon
me_land_3314,Imlad gondeth,land,me_north_arnor_region,RIV,place,† M3 regional lexicon
me_land_3315,Blackford End,land,me_anorien_region,DRU,place,† M3 regional lexicon
me_land_3316,Eorlholt,land,me_rohan_region,ROH,place,† M3 regional lexicon
me_land_3317,Brambleford End,land,me_anduin_vale_region,WILD,wilderness,† M3 regional lexicon
me_land_3318,Zoror Road,land,me_rhun_region,RH2,place,† M3 regional lexicon
me_land_3319,Balun Road,land,me_rhun_region,RH2,place,† M3 regional lexicon
me_land_3320,Muzgdûr Cleft,land,me_anduin_vale_region,MOA,place,† M3 regional lexicon
me_land_3321,Minas gondeth,land,me_ithilien_region,WILD,wilderness,† M3 regional lexicon
me_land_3322,Eastmark,land,me_dale_region,DAL,place,† M3 regional lexicon
me_land_3323,Borun Road,land,me_rhun_region,RH2,place,† M3 regional lexicon
me_land_3324,Darir Gate,land,me_near_harad_region,HNE,place,† M3 regional lexicon
me_land_3325,Merrycombe,land,me_shire_breeland_region,WILD,wilderness,† M3 regional lexicon
me_land_3326,Farir Gate,land,me_far_harad_region,HRA,place,† M3 regional lexicon
me_land_3327,Hadrir Gate,land,me_near_harad_region,UMB,place,† M3 regional lexicon
me_land_3328,Sealfell Sound,land,me_northern_wastes_region,WILD,wilderness,† M3 regional lexicon
me_land_3329,Bucklandford End,land,me_enedwaith_region,DUN,place,† M3 regional lexicon
me_land_3330,Gathun Road,land,me_rhun_region,RHU,place,† M3 regional lexicon
me_land_3331,Karmun Road,land,me_rhun_region,RH2,place,† M3 regional lexicon
me_land_3332,Nazgdûr Cleft,land,me_mordor_region,MOR,place,† M3 regional lexicon
me_land_3333,Folcholt,land,me_rohan_region,ROH,place,† M3 regional lexicon
me_land_3334,Esgarmark,land,me_dale_region,ESG,place,† M3 regional lexicon
me_land_3335,Cedarford End,land,me_enedwaith_region,WILD,wilderness,† M3 regional lexicon
me_land_3336,Skaidûr Cleft,land,me_mordor_region,MOR,place,† M3 regional lexicon
me_land_3337,Khurun Road,land,me_rhun_region,RH2,place,† M3 regional lexicon
me_land_3338,Ugldûr Cleft,land,me_anduin_vale_region,GOB,place,† M3 regional lexicon
me_land_3339,Deepford End,land,me_enedwaith_region,DUN,place,† M3 regional lexicon
me_land_3340,Snowfell Sound,land,me_forochel_region,LOS,place,† M3 regional lexicon
me_land_3341,Ost gondeth,land,me_north_arnor_region,WILD,wilderness,† M3 regional lexicon
me_land_3342,Urukdûr Cleft,land,me_north_arnor_region,ANG,place,† M3 regional lexicon
me_land_3343,Kharir Gate,land,me_umbar_region,UMB,place,† M3 regional lexicon
me_land_3344,Ashfang Cleft,land,me_angmar_region,GUN,place,† M3 regional lexicon
me_land_3345,Taur gondeth,land,me_north_arnor_region,WILD,wilderness,† M3 regional lexicon
me_land_3346,Lodun Road,land,me_rhun_region,RH2,place,† M3 regional lexicon
me_land_3347,Narun Road,land,me_rhun_region,RHU,place,† M3 regional lexicon
me_land_3348,Bar gondeth,land,me_north_arnor_region,WILD,wilderness,† M3 regional lexicon
me_land_3349,Calen gondeth,land,me_mirkwood_region,WOO,place,† M3 regional lexicon
me_land_3350,Azgfang Cleft,land,me_mordor_region,MOR,place,† M3 regional lexicon
me_land_3351,Zandash Camp,land,me_khand_region,KHA,place,† M3 regional lexicon
me_land_3352,Celon gondeth,land,me_brown_lands_region,WILD,wilderness,† M3 regional lexicon
me_land_3353,Mahrir Gate,land,me_far_harad_region,HFA,place,† M3 regional lexicon
me_land_3354,Starfell Sound,land,me_forochel_region,LOS,place,† M3 regional lexicon
me_land_3355,Nim gondeth,land,me_lebennin_region,GON,place,† M3 regional lexicon
me_land_3356,Whitefell Sound,land,me_northern_wastes_region,WILD,wilderness,† M3 regional lexicon
me_land_3357,Amon lotheth,land,me_mirkwood_region,WOO,place,† M3 regional lexicon
me_land_3358,Dol lotheth,land,me_lindon_region,LIN,place,† M3 regional lexicon
me_land_3359,Blackfang Cleft,land,me_mordor_region,MOR,place,† M3 regional lexicon
me_land_3360,Eastford End,land,me_enedwaith_region,DUN,place,† M3 regional lexicon
me_land_3361,Eithel lotheth,land,me_brown_lands_region,WILD,wilderness,† M3 regional lexicon
me_land_3362,Emyn lotheth,land,me_brown_lands_region,WILD,wilderness,† M3 regional lexicon
me_land_3363,The Old Forest,land,me_shire_breeland_region,BRE,landmark,"LOTR, Book I, Ch. 6"
me_land_3364,Rhovun Road,land,me_rhun_region,RHU,place,† M3 regional lexicon
me_land_3365,Imlad lotheth,land,me_brown_lands_region,WILD,wilderness,† M3 regional lexicon
me_land_3366,Arzek Camp,land,me_khand_region,KHA,place,† M3 regional lexicon
me_land_3367,Framholt,land,me_rohan_region,ROH,place,† M3 regional lexicon
me_land_3368,Balkek Camp,land,me_khand_region,KHA,place,† M3 regional lexicon
me_land_3369,Greenford End,land,me_enedwaith_region,DUN,place,† M3 regional lexicon
me_land_3370,Drazek Camp,land,me_far_harad_region,KHA,place,† M3 regional lexicon
me_land_3371,Burzfang Cleft,land,me_brown_lands_region,DOL,place,† M3 regional lexicon
me_land_3372,Dushfang Cleft,land,me_mordor_region,MOR,place,† M3 regional lexicon
me_land_3373,Narir Gate,land,me_umbar_region,UMB,place,† M3 regional lexicon
me_land_3374,Winterfell Sound,land,me_northern_wastes_region,WILD,wilderness,† M3 regional lexicon
me_land_3375,Grimholt,land,me_rohan_region,ROH,place,† M3 regional lexicon
me_land_3376,Firbough,land,me_anduin_vale_region,FAN,place,† M3 regional lexicon
me_land_3377,Coldfloe Sound,land,me_northern_wastes_region,WILD,wilderness,† M3 regional lexicon
me_land_3378,Sagun Road,land,me_rhun_region,RH3,place,† M3 regional lexicon
me_land_3379,Sharun Road,land,me_rhun_region,RH2,place,† M3 regional lexicon
me_land_3380,Qasir Gate,land,me_far_harad_region,HFA,place,† M3 regional lexicon
me_land_3381,Rakhir Gate,land,me_umbar_region,UMB,place,† M3 regional lexicon
me_land_3382,Ghashfang Cleft,land,me_ithilien_region,MOR,place,† M3 regional lexicon
me_land_3383,Minas lotheth,land,me_ithilien_region,WILD,wilderness,† M3 regional lexicon
me_land_3384,Ost lotheth,land,me_ithilien_region,WILD,wilderness,† M3 regional lexicon
me_land_3385,Sahrir Gate,land,me_far_harad_region,HRA,place,† M3 regional lexicon
me_land_3386,Uldun Road,land,me_rhun_region,RHU,place,† M3 regional lexicon
me_land_3387,Taur lotheth,land,me_south_gondor_region,GON,place,† M3 regional lexicon
me_land_3388,Bar lotheth,land,me_north_arnor_region,RAN,place,† M3 regional lexicon
me_land_3389,Rauros,land,me_rohan_region,ROH,landmark,"LOTR, Book II, Ch. 9"
me_land_3390,Wainun Road,land,me_rhun_region,RH2,place,† M3 regional lexicon
me_land_3391,Zorun Road,land,me_rhun_region,RH2,place,† M3 regional lexicon
me_land_3392,Gharek Camp,land,me_far_harad_region,KHA,place,† M3 regional lexicon
me_land_3393,Calen lotheth,land,me_north_arnor_region,WILD,wilderness,† M3 regional lexicon
me_land_3394,Kandek Camp,land,me_khand_region,KHA,place,† M3 regional lexicon
me_land_3395,Celon lotheth,land,me_north_arnor_region,WILD,wilderness,† M3 regional lexicon
me_land_3396,Balur Road,land,me_rhun_region,RH2,place,† M3 regional lexicon
me_land_3397,Nim lotheth,land,me_belfalas_region,GON,place,† M3 regional lexicon
me_land_3398,Driftfloe Sound,land,me_northern_wastes_region,WILD,wilderness,† M3 regional lexicon
me_land_3399,Borur Road,land,me_rhun_region,RH2,place,† M3 regional lexicon
me_land_3400,Gathur Road,land,me_rhun_region,RHU,place,† M3 regional lexicon
me_land_3401,Greyford End,land,me_enedwaith_region,DUN,place,† M3 regional lexicon
me_land_3402,Gorfang Cleft,land,me_mordor_region,MOR,place,† M3 regional lexicon
me_land_3403,Kingmark,land,me_rhun_region,DOR,place,† M3 regional lexicon
me_land_3404,Amon morneth,land,me_brown_lands_region,WILD,wilderness,† M3 regional lexicon
me_land_3405,Longford End,land,me_anduin_vale_region,WDM,place,† M3 regional lexicon
me_land_3406,Gatholdûm,land,me_lindon_region,BLU,place,† M3 regional lexicon
me_land_3407,Khazek Camp,land,me_khand_region,KHA,place,† M3 regional lexicon
me_land_3408,Helmholt,land,me_rohan_region,ROH,place,† M3 regional lexicon
me_land_3409,Tazir Gate,land,me_near_harad_region,HNE,place,† M3 regional lexicon
me_land_3410,Grishfang Cleft,land,me_mordor_region,MOR,place,† M3 regional lexicon
me_land_3411,Frostfloe Sound,land,me_northern_wastes_region,WILD,wilderness,† M3 regional lexicon
me_land_3412,Dol morneth,land,me_lebennin_region,GON,place,† M3 regional lexicon
me_land_3413,Icefloe Sound,land,me_forochel_region,LOS,place,† M3 regional lexicon
me_land_3414,Karmur Road,land,me_rhun_region,RHU,place,† M3 regional lexicon
me_land_3415,Goldenholt,land,me_anduin_vale_region,BEO,place,† M3 regional lexicon
me_land_3416,Eithel morneth,land,me_ithilien_region,WILD,wilderness,† M3 regional lexicon
me_land_3417,Khorek Camp,land,me_khand_region,KHA,place,† M3 regional lexicon
me_land_3418,Northfloe Sound,land,me_forochel_region,LOS,place,† M3 regional lexicon
me_land_3419,Khurur Road,land,me_rhun_region,RH2,place,† M3 regional lexicon
me_land_3420,Palefloe Sound,land,me_northern_wastes_region,WILD,wilderness,† M3 regional lexicon
me_land_3421,Leafbough,land,me_rohan_region,FAN,place,† M3 regional lexicon
me_land_3422,Lodur Road,land,me_rhun_region,RH2,place,† M3 regional lexicon
me_land_3423,Narur Road,land,me_rhun_region,RHU,place,† M3 regional lexicon
me_land_3424,Rhovur Road,land,me_rhun_region,RH2,place,† M3 regional lexicon
me_land_3425,Sagur Road,land,me_rhun_region,RHU,place,† M3 regional lexicon
me_land_3426,Emyn morneth,land,me_south_gondor_region,GON,place,† M3 regional lexicon
me_land_3427,Northford End,land,me_enedwaith_region,DUN,place,† M3 regional lexicon
me_land_3428,Imlad morneth,land,me_brown_lands_region,WILD,wilderness,† M3 regional lexicon
me_land_3429,Gunddûm,land,me_lindon_region,BLU,place,† M3 regional lexicon
me_land_3430,Minas morneth,land,me_belfalas_region,GON,place,† M3 regional lexicon
me_land_3431,Sharur Road,land,me_rhun_region,RHU,place,† M3 regional lexicon
me_land_3432,Ost morneth,land,me_belfalas_region,GON,place,† M3 regional lexicon
me_land_3433,Oakford End,land,me_enedwaith_region,DUN,place,† M3 regional lexicon
me_land_3434,Taur morneth,land,me_north_arnor_region,WILD,wilderness,† M3 regional lexicon
me_land_3435,Bar morneth,land,me_belfalas_region,DAM,place,† M3 regional lexicon
me_land_3436,Oakbough,land,me_anduin_vale_region,FAN,place,† M3 regional lexicon
me_land_3437,Krimpfang Cleft,land,me_mordor_region,MOR,place,† M3 regional lexicon
me_land_3438,Uldur Road,land,me_rhun_region,RHU,place,† M3 regional lexicon
me_land_3439,Calen morneth,land,me_anorien_region,GON,place,† M3 regional lexicon
me_land_3440,Umrir Gate,land,me_far_harad_region,HRA,place,† M3 regional lexicon
me_land_3441,Celon morneth,land,me_north_arnor_region,RAN,place,† M3 regional lexicon
me_land_3442,Nim morneth,land,me_north_arnor_region,WILD,wilderness,† M3 regional lexicon
me_land_3443,Sealfloe Sound,land,me_forochel_region,LOS,place,† M3 regional lexicon
me_land_3444,Southford End,land,me_enedwaith_region,DUN,place,† M3 regional lexicon
me_land_3445,Wainur Road,land,me_rhun_region,RH2,place,† M3 regional lexicon
me_land_3446,Zorur Road,land,me_rhun_region,RHU,place,† M3 regional lexicon
me_land_3447,Balach Steppe,land,me_rhun_region,RH2,place,† M3 regional lexicon
me_land_3448,Amon neneth,land,me_brown_lands_region,WILD,wilderness,† M3 regional lexicon
me_land_3449,Snowfloe Sound,land,me_northern_wastes_region,WILD,wilderness,† M3 regional lexicon
me_land_3450,Ruzek Camp,land,me_khand_region,KHA,place,† M3 regional lexicon
me_land_3451,Dol neneth,land,me_belfalas_region,GON,place,† M3 regional lexicon
me_land_3452,Zarir Gate,land,me_umbar_region,UMB,place,† M3 regional lexicon
me_land_3453,Eithel neneth,land,me_belfalas_region,DAM,place,† M3 regional lexicon
me_land_3454,Emyn neneth,land,me_mirkwood_region,WOO,place,† M3 regional lexicon
me_land_3455,Skarnek Camp,land,me_far_harad_region,KHA,place,† M3 regional lexicon
me_land_3456,Borach Steppe,land,me_rhun_region,RHU,place,† M3 regional lexicon
me_land_3457,Starfloe Sound,land,me_northern_wastes_region,WILD,wilderness,† M3 regional lexicon
me_land_3458,Imlad neneth,land,me_ithilien_region,GON,place,† M3 regional lexicon
me_land_3459,Heruholt,land,me_rohan_region,ROH,place,† M3 regional lexicon
me_land_3460,Lugfang Cleft,land,me_north_arnor_region,ANG,place,† M3 regional lexicon
me_land_3461,Gathach Steppe,land,me_rhun_region,RH2,place,† M3 regional lexicon
me_land_3462,Azrun Gate,land,me_umbar_region,UMB,place,† M3 regional lexicon
me_land_3463,Bahrun Gate,land,me_umbar_region,UMB,place,† M3 regional lexicon
me_land_3464,Karmach Steppe,land,me_rhun_region,RHU,place,† M3 regional lexicon
me_land_3465,Khurach Steppe,land,me_rhun_region,RHU,place,† M3 regional lexicon
me_land_3466,Léodholt,land,me_rohan_region,ROH,place,† M3 regional lexicon
me_land_3467,Whitefloe Sound,land,me_northern_wastes_region,WILD,wilderness,† M3 regional lexicon
me_land_3468,Lodach Steppe,land,me_rhun_region,RHU,place,† M3 regional lexicon
me_land_3469,Stoneford End,land,me_mirkwood_region,WDM,place,† M3 regional lexicon
me_land_3470,Targek Camp,land,me_near_harad_region,KHA,place,† M3 regional lexicon
me_land_3471,Minas neneth,land,me_north_arnor_region,WILD,wilderness,† M3 regional lexicon
me_land_3472,Winterfloe Sound,land,me_northern_wastes_region,WILD,wilderness,† M3 regional lexicon
me_land_3473,Darun Gate,land,me_far_harad_region,HRA,place,† M3 regional lexicon
me_land_3474,Westford End,land,me_shire_breeland_region,BRE,place,† M3 regional lexicon
me_land_3475,Varkek Camp,land,me_khand_region,KHA,place,† M3 regional lexicon
me_land_3476,Zandek Camp,land,me_khand_region,KHA,place,† M3 regional lexicon
me_land_3477,Narach Steppe,land,me_rhun_region,RHU,place,† M3 regional lexicon
me_land_3478,Aldergate End,land,me_enedwaith_region,DUN,place,† M3 regional lexicon
me_land_3479,Ashgate End,land,me_anorien_region,DRU,place,† M3 regional lexicon
me_land_3480,Farun Gate,land,me_far_harad_region,HFA,place,† M3 regional lexicon
me_land_3481,Mauhfang Cleft,land,me_north_arnor_region,ANG,place,† M3 regional lexicon
me_land_3482,Muzgfang Cleft,land,me_mordor_region,MOR,place,† M3 regional lexicon
me_land_3483,Rhovach Steppe,land,me_rhun_region,RH2,place,† M3 regional lexicon
me_land_3484,Coldhaven Sound,land,me_northern_wastes_region,WILD,wilderness,† M3 regional lexicon
me_land_3485,Hadrun Gate,land,me_near_harad_region,HRA,place,† M3 regional lexicon
me_land_3486,Ridholt,land,me_rohan_region,ROH,place,† M3 regional lexicon
me_land_3487,Drifthaven Sound,land,me_northern_wastes_region,WILD,wilderness,† M3 regional lexicon
me_land_3488,Arzesh Camp,land,me_far_harad_region,KHA,place,† M3 regional lexicon
me_land_3489,Balkesh Camp,land,me_near_harad_region,KHA,place,† M3 regional lexicon
me_land_3490,Sagach Steppe,land,me_rhun_region,RHU,place,† M3 regional lexicon
me_land_3491,Kharun Gate,land,me_umbar_region,UMB,place,† M3 regional lexicon
me_land_3492,Ost neneth,land,me_mirkwood_region,WOO,place,† M3 regional lexicon
me_land_3493,Frosthaven Sound,land,me_northern_wastes_region,WILD,wilderness,† M3 regional lexicon
me_land_3494,Taur neneth,land,me_north_arnor_region,WILD,wilderness,† M3 regional lexicon
me_land_3495,Sharach Steppe,land,me_rhun_region,RH2,place,† M3 regional lexicon
me_land_3496,Nazgfang Cleft,land,me_ithilien_region,MOR,place,† M3 regional lexicon
me_land_3497,Drazesh Camp,land,me_khand_region,KHA,place,† M3 regional lexicon
me_land_3498,Skaifang Cleft,land,me_mordor_region,MOR,place,† M3 regional lexicon
me_land_3499,Uglfang Cleft,land,me_mordor_region,MOR,place,† M3 regional lexicon
me_land_3500,Khazdûm,land,me_grey_mountains_region,ERE,place,† M3 regional lexicon
me_land_3501,Mosscombe,land,me_shire_breeland_region,SHI,place,† M3 regional lexicon
me_land_3502,Barrowgate End,land,me_mirkwood_region,WDM,place,† M3 regional lexicon
me_land_3503,Beacongate End,land,me_anduin_vale_region,WILD,wilderness,† M3 regional lexicon
me_land_3504,Urukfang Cleft,land,me_mordor_region,MOR,place,† M3 regional lexicon
me_land_3505,Bar neneth,land,me_north_arnor_region,WILD,wilderness,† M3 regional lexicon
me_land_3506,Gharesh Camp,land,me_khand_region,KHA,place,† M3 regional lexicon
me_land_3507,Ashgash Cleft,land,me_mordor_region,MOR,place,† M3 regional lexicon
me_land_3508,Calen neneth,land,me_north_arnor_region,WILD,wilderness,† M3 regional lexicon
me_land_3509,Celon neneth,land,me_lindon_region,LIN,place,† M3 regional lexicon
me_land_3510,Nim neneth,land,me_south_gondor_region,GON,place,† M3 regional lexicon
me_land_3511,Amon ratheth,land,me_south_gondor_region,GON,place,† M3 regional lexicon
me_land_3512,Dol ratheth,land,me_belfalas_region,GON,place,† M3 regional lexicon
me_land_3513,Blackgate End,land,me_shire_breeland_region,BRE,place,† M3 regional lexicon
me_land_3514,Eithel ratheth,land,me_north_arnor_region,WILD,wilderness,† M3 regional lexicon
me_land_3515,Thengelholt,land,me_rohan_region,ROH,place,† M3 regional lexicon
me_land_3516,Icehaven Sound,land,me_northern_wastes_region,WILD,wilderness,† M3 regional lexicon
me_land_3517,Uldach Steppe,land,me_rhun_region,RHU,place,† M3 regional lexicon
me_land_3518,Kandesh Camp,land,me_khand_region,KHA,place,† M3 regional lexicon
me_land_3519,Emyn ratheth,land,me_north_arnor_region,RAN,place,† M3 regional lexicon
me_land_3520,Bramblegate End,land,me_enedwaith_region,DUN,place,† M3 regional lexicon
me_land_3521,Mahrun Gate,land,me_near_harad_region,HRA,place,† M3 regional lexicon
me_land_3522,Imlad ratheth,land,me_anduin_vale_region,LOR,place,† M3 regional lexicon
me_land_3523,Narun Gate,land,me_near_harad_region,UMB,place,† M3 regional lexicon
me_land_3524,Minas ratheth,land,me_north_arnor_region,WILD,wilderness,† M3 regional lexicon
me_land_3525,Khazesh Camp,land,me_far_harad_region,KHA,place,† M3 regional lexicon
me_land_3526,Wainach Steppe,land,me_rhun_region,RH2,place,† M3 regional lexicon
me_land_3527,Durthang,land,me_brown_lands_region,MOR,fortress,LOTR map
me_land_3528,Khoresh Camp,land,me_khand_region,KHA,place,† M3 regional lexicon
me_land_3529,Zorach Steppe,land,me_rhun_region,RHU,place,† M3 regional lexicon
me_land_3530,Ost ratheth,land,me_lebennin_region,GON,place,† M3 regional lexicon
me_land_3531,Ruzesh Camp,land,me_khand_region,KHA,place,† M3 regional lexicon
me_land_3532,Skarnesh Camp,land,me_khand_region,KHA,place,† M3 regional lexicon
me_land_3533,Azggash Cleft,land,me_angmar_region,GUN,place,† M3 regional lexicon
me_land_3534,Taur ratheth,land,me_lindon_region,LIN,place,† M3 regional lexicon
me_land_3535,Northhaven Sound,land,me_northern_wastes_region,WILD,wilderness,† M3 regional lexicon
me_land_3536,Bar ratheth,land,me_brown_lands_region,WILD,wilderness,† M3 regional lexicon
me_land_3537,Rowanbough,land,me_anduin_vale_region,FAN,place,† M3 regional lexicon
me_land_3538,Palehaven Sound,land,me_northern_wastes_region,WILD,wilderness,† M3 regional lexicon
me_land_3539,Blackgash Cleft,land,me_mordor_region,MOR,place,† M3 regional lexicon
me_land_3540,Balad Steppe,land,me_rhun_region,RH2,place,† M3 regional lexicon
me_land_3541,Borad Steppe,land,me_rhun_region,RHU,place,† M3 regional lexicon
me_land_3542,Targesh Camp,land,me_khand_region,KHA,place,† M3 regional lexicon
me_land_3543,Gathad Steppe,land,me_rhun_region,RHU,place,† M3 regional lexicon
me_land_3544,Karmad Steppe,land,me_rhun_region,RH2,place,† M3 regional lexicon
me_land_3545,Burzgash Cleft,land,me_north_arnor_region,ANG,place,† M3 regional lexicon
me_land_3546,Khurad Steppe,land,me_rhun_region,RH2,place,† M3 regional lexicon
me_land_3547,Qasun Gate,land,me_near_harad_region,HNE,place,† M3 regional lexicon
me_land_3548,Varkesh Camp,land,me_near_harad_region,KHA,place,† M3 regional lexicon
me_land_3549,Rakhun Gate,land,me_near_harad_region,UMB,place,† M3 regional lexicon
me_land_3550,Dushgash Cleft,land,me_mordor_region,MOR,place,† M3 regional lexicon
me_land_3551,Calen ratheth,land,me_lindon_region,LIN,place,† M3 regional lexicon
me_land_3552,Celon ratheth,land,me_lindon_region,LIN,place,† M3 regional lexicon
me_land_3553,Nim ratheth,land,me_brown_lands_region,WILD,wilderness,† M3 regional lexicon
me_land_3554,Zandesh Camp,land,me_khand_region,KHA,place,† M3 regional lexicon
me_land_3555,Amon sarneth,land,me_lebennin_region,GON,place,† M3 regional lexicon
me_land_3556,Ghashgash Cleft,land,me_mirkwood_region,DOL,place,† M3 regional lexicon
me_land_3557,Arzor Camp,land,me_far_harad_region,KHA,place,† M3 regional lexicon
me_land_3558,Lakemark,land,me_rhun_region,DOR,place,† M3 regional lexicon
me_land_3559,Dol sarneth,land,me_belfalas_region,GON,place,† M3 regional lexicon
me_land_3560,Balkor Camp,land,me_far_harad_region,KHA,place,† M3 regional lexicon
me_land_3561,Drazor Camp,land,me_khand_region,KHA,place,† M3 regional lexicon
me_land_3562,Eithel sarneth,land,me_north_arnor_region,WILD,wilderness,† M3 regional lexicon
me_land_3563,Lodad Steppe,land,me_rhun_region,RH3,place,† M3 regional lexicon
me_land_3564,Longmark,land,me_rhun_region,DOR,place,† M3 regional lexicon
me_land_3565,Bucklandgate End,land,me_mirkwood_region,WDM,place,† M3 regional lexicon
me_land_3566,Narad Steppe,land,me_rhun_region,RH2,place,† M3 regional lexicon
me_land_3567,Gharor Camp,land,me_far_harad_region,KHA,place,† M3 regional lexicon
me_land_3568,Emyn sarneth,land,me_brown_lands_region,WILD,wilderness,† M3 regional lexicon
me_land_3569,Gorgash Cleft,land,me_mordor_region,MOR,place,† M3 regional lexicon
me_land_3570,Grishgash Cleft,land,me_mordor_region,MOR,place,† M3 regional lexicon
me_land_3571,Kandor Camp,land,me_khand_region,KHA,place,† M3 regional lexicon
me_land_3572,Sahrun Gate,land,me_near_harad_region,UMB,place,† M3 regional lexicon
me_land_3573,Krimpgash Cleft,land,me_mordor_region,MOR,place,† M3 regional lexicon
me_land_3574,Rhovad Steppe,land,me_rhun_region,RHU,place,† M3 regional lexicon
me_land_3575,Cedargate End,land,me_enedwaith_region,DUN,place,† M3 regional lexicon
me_land_3576,Deepgate End,land,me_shire_breeland_region,BRE,place,† M3 regional lexicon
me_land_3577,Luggash Cleft,land,me_mordor_region,MOR,place,† M3 regional lexicon
me_land_3578,Tazun Gate,land,me_near_harad_region,HNE,place,† M3 regional lexicon
me_land_3579,Eastgate End,land,me_anduin_vale_region,WILD,wilderness,† M3 regional lexicon
me_land_3580,Sagad Steppe,land,me_rhun_region,RH3,place,† M3 regional lexicon
me_land_3581,Mauhgash Cleft,land,me_angmar_region,GUN,place,† M3 regional lexicon
me_land_3582,Muzggash Cleft,land,me_mordor_region,MOR,place,† M3 regional lexicon
me_land_3583,Imlad sarneth,land,me_ithilien_region,WILD,wilderness,† M3 regional lexicon
me_land_3584,Minas sarneth,land,me_belfalas_region,GON,place,† M3 regional lexicon
me_land_3585,Ost sarneth,land,me_brown_lands_region,WILD,wilderness,† M3 regional lexicon
me_land_3586,Nazggash Cleft,land,me_angmar_region,GUN,place,† M3 regional lexicon
me_land_3587,Umrun Gate,land,me_near_harad_region,HNE,place,† M3 regional lexicon
me_land_3588,Sharad Steppe,land,me_rhun_region,RHU,place,† M3 regional lexicon
me_land_3589,Taur sarneth,land,me_brown_lands_region,WILD,wilderness,† M3 regional lexicon
me_land_3590,Skaigash Cleft,land,me_mordor_region,MOR,place,† M3 regional lexicon
me_land_3591,Uglgash Cleft,land,me_mordor_region,MOR,place,† M3 regional lexicon
me_land_3592,Sealhaven Sound,land,me_northern_wastes_region,WILD,wilderness,† M3 regional lexicon
me_land_3593,Greengate End,land,me_anorien_region,DRU,place,† M3 regional lexicon
me_land_3594,Bar sarneth,land,me_mirkwood_region,WOO,place,† M3 regional lexicon
me_land_3595,Snowhaven Sound,land,me_northern_wastes_region,WILD,wilderness,† M3 regional lexicon
me_land_3596,Starhaven Sound,land,me_northern_wastes_region,WILD,wilderness,† M3 regional lexicon
me_land_3597,Calen sarneth,land,me_belfalas_region,GON,place,† M3 regional lexicon
me_land_3598,Celon sarneth,land,me_south_gondor_region,GON,place,† M3 regional lexicon
me_land_3599,Greygate End,land,me_enedwaith_region,DUN,place,† M3 regional lexicon
me_land_3600,Urukgash Cleft,land,me_mordor_region,MOR,place,† M3 regional lexicon
me_land_3601,Ashglob Cleft,land,me_mordor_region,MOR,place,† M3 regional lexicon
me_land_3602,Longgate End,land,me_enedwaith_region,DUN,place,† M3 regional lexicon
me_land_3603,Kheleddûm,land,me_grey_mountains_region,ERE,place,† M3 regional lexicon
me_land_3604,Azgglob Cleft,land,me_mordor_region,MOR,place,† M3 regional lexicon
me_land_3605,Northgate End,land,me_enedwaith_region,DUN,place,† M3 regional lexicon
me_land_3606,Uldad Steppe,land,me_rhun_region,RHU,place,† M3 regional lexicon
me_land_3607,Nim sarneth,land,me_brown_lands_region,WILD,wilderness,† M3 regional lexicon
me_land_3608,Blackglob Cleft,land,me_mordor_region,MOR,place,† M3 regional lexicon
me_land_3609,Zarun Gate,land,me_far_harad_region,HFA,place,† M3 regional lexicon
me_land_3610,Wainad Steppe,land,me_rhun_region,RH2,place,† M3 regional lexicon
me_land_3611,Zorad Steppe,land,me_rhun_region,RH2,place,† M3 regional lexicon
me_land_3612,Burzglob Cleft,land,me_angmar_region,GUN,place,† M3 regional lexicon
me_land_3613,Dushglob Cleft,land,me_mordor_region,MOR,place,† M3 regional lexicon
me_land_3614,Balar Steppe,land,me_rhun_region,RH3,place,† M3 regional lexicon
me_land_3615,Borar Steppe,land,me_rhun_region,RH2,place,† M3 regional lexicon
me_land_3616,Oakgate End,land,me_anduin_vale_region,WILD,wilderness,† M3 regional lexicon
me_land_3617,Nutcombe,land,me_shire_breeland_region,SHI,place,† M3 regional lexicon
me_land_3618,Amon thoroneth,land,me_mirkwood_region,WOO,place,† M3 regional lexicon
me_land_3619,Azrur Gate,land,me_far_harad_region,HFA,place,† M3 regional lexicon
me_land_3620,Ghashglob Cleft,land,me_angmar_region,GUN,place,† M3 regional lexicon
me_land_3621,Whitehaven Sound,land,me_northern_wastes_region,WILD,wilderness,† M3 regional lexicon
me_land_3622,Southgate End,land,me_enedwaith_region,DUN,place,† M3 regional lexicon
me_land_3623,Khazor Camp,land,me_khand_region,KHA,place,† M3 regional lexicon
me_land_3624,Dol thoroneth,land,me_mirkwood_region,WOO,place,† M3 regional lexicon
me_land_3625,Bahrur Gate,land,me_far_harad_region,HRA,place,† M3 regional lexicon
me_land_3626,Eithel thoroneth,land,me_lebennin_region,GON,place,† M3 regional lexicon
me_land_3627,Darur Gate,land,me_far_harad_region,HFA,place,† M3 regional lexicon
me_land_3628,Farur Gate,land,me_far_harad_region,HFA,place,† M3 regional lexicon
me_land_3629,Emyn thoroneth,land,me_brown_lands_region,WILD,wilderness,† M3 regional lexicon
me_land_3630,Imlad thoroneth,land,me_lebennin_region,GON,place,† M3 regional lexicon
me_land_3631,Woldholt,land,me_rohan_region,ROH,place,† M3 regional lexicon
me_land_3632,Stonegate End,land,me_enedwaith_region,WILD,wilderness,† M3 regional lexicon
me_land_3633,Minas thoroneth,land,me_north_arnor_region,RAN,place,† M3 regional lexicon
me_land_3634,Hadrur Gate,land,me_far_harad_region,HFA,place,† M3 regional lexicon
me_land_3635,Ost thoroneth,land,me_north_arnor_region,WILD,wilderness,† M3 regional lexicon
me_land_3636,Northmark,land,me_rhun_region,DOR,place,† M3 regional lexicon
me_land_3637,Gorglob Cleft,land,me_north_arnor_region,ANG,place,† M3 regional lexicon
me_land_3638,Taur thoroneth,land,me_north_arnor_region,WILD,wilderness,† M3 regional lexicon
me_land_3639,Burh Gath,land,me_rhun_region,RHU,city,† Rhûnic seat invented from Balchoth and Wainrider registers
me_land_3640,Westgate End,land,me_anduin_vale_region,WILD,wilderness,† M3 regional lexicon
me_land_3641,Grishglob Cleft,land,me_mordor_region,MOR,place,† M3 regional lexicon
me_land_3642,Krimpglob Cleft,land,me_mordor_region,MOR,place,† M3 regional lexicon
me_land_3643,Alderhall End,land,me_enedwaith_region,DUN,place,† M3 regional lexicon
me_land_3644,Kharur Gate,land,me_umbar_region,UMB,place,† M3 regional lexicon
me_land_3645,Lugglob Cleft,land,me_mordor_region,MOR,place,† M3 regional lexicon
me_land_3646,Gathar Steppe,land,me_rhun_region,RHU,place,† M3 regional lexicon
me_land_3647,Mauhglob Cleft,land,me_ithilien_region,MOR,place,† M3 regional lexicon
me_land_3648,Khoror Camp,land,me_far_harad_region,KHA,place,† M3 regional lexicon
me_land_3649,Ruzor Camp,land,me_near_harad_region,KHA,place,† M3 regional lexicon
me_land_3650,Bar thoroneth,land,me_anduin_vale_region,LOR,place,† M3 regional lexicon
me_land_3651,Muzgglob Cleft,land,me_grey_mountains_region,GUN,place,† M3 regional lexicon
me_land_3652,Mahrur Gate,land,me_near_harad_region,HNE,place,† M3 regional lexicon
me_land_3653,Nazgglob Cleft,land,me_mordor_region,MOR,place,† M3 regional lexicon
me_land_3654,Skaiglob Cleft,land,me_ithilien_region,MOR,place,† M3 regional lexicon
me_land_3655,Winterhaven Sound,land,me_northern_wastes_region,WILD,wilderness,† M3 regional lexicon
me_land_3656,Narur Gate,land,me_near_harad_region,HNE,place,† M3 regional lexicon
me_land_3657,Karmar Steppe,land,me_rhun_region,RHU,place,† M3 regional lexicon
me_land_3658,Coldmere Sound,land,me_forochel_region,LOS,place,† M3 regional lexicon
me_land_3659,Calen thoroneth,land,me_lindon_region,LIN,place,† M3 regional lexicon
me_land_3660,Khurar Steppe,land,me_rhun_region,RHU,place,† M3 regional lexicon
me_land_3661,Qasur Gate,land,me_umbar_region,UMB,place,† M3 regional lexicon
me_land_3662,Celon thoroneth,land,me_north_arnor_region,WILD,wilderness,† M3 regional lexicon
me_land_3663,Skarnor Camp,land,me_khand_region,KHA,place,† M3 regional lexicon
me_land_3664,Lodar Steppe,land,me_rhun_region,RH3,place,† M3 regional lexicon
me_land_3665,Rakhur Gate,land,me_far_harad_region,HFA,place,† M3 regional lexicon
me_land_3666,Aldmere,land,me_rohan_region,ROH,place,† M3 regional lexicon
me_land_3667,Nim thoroneth,land,me_north_arnor_region,WILD,wilderness,† M3 regional lexicon
me_land_3668,Amon adarion,land,me_brown_lands_region,WILD,wilderness,† M3 regional lexicon
me_land_3669,Dol adarion,land,me_brown_lands_region,WILD,wilderness,† M3 regional lexicon
me_land_3670,Eithel adarion,land,me_lebennin_region,GON,place,† M3 regional lexicon
me_land_3671,Emyn adarion,land,me_lindon_region,LIN,place,† M3 regional lexicon
me_land_3672,Targor Camp,land,me_far_harad_region,KHA,place,† M3 regional lexicon
me_land_3673,Uglglob Cleft,land,me_mirkwood_region,DOL,place,† M3 regional lexicon
me_land_3674,Imlad adarion,land,me_belfalas_region,GON,place,† M3 regional lexicon
me_land_3675,Urukglob Cleft,land,me_mordor_region,MOR,place,† M3 regional lexicon
me_land_3676,Ashhall End,land,me_enedwaith_region,WILD,wilderness,† M3 regional lexicon
me_land_3677,Barrowhall End,land,me_enedwaith_region,DUN,place,† M3 regional lexicon
me_land_3678,Ashgrat Cleft,land,me_rohan_region,ISE,place,† M3 regional lexicon
me_land_3679,Minas adarion,land,me_belfalas_region,GON,place,† M3 regional lexicon
me_land_3680,Ost adarion,land,me_north_arnor_region,WILD,wilderness,† M3 regional lexicon
me_land_3681,Driftmere Sound,land,me_northern_wastes_region,WILD,wilderness,† M3 regional lexicon
me_land_3682,Azggrat Cleft,land,me_mordor_region,MOR,place,† M3 regional lexicon
me_land_3683,Ravenmark,land,me_rhun_region,DOR,place,† M3 regional lexicon
me_land_3684,Narar Steppe,land,me_rhun_region,RH2,place,† M3 regional lexicon
me_land_3685,Taur adarion,land,me_brown_lands_region,WILD,wilderness,† M3 regional lexicon
me_land_3686,Blackgrat Cleft,land,me_north_arnor_region,ANG,place,† M3 regional lexicon
me_land_3687,Rhovar Steppe,land,me_rhun_region,RHU,place,† M3 regional lexicon
me_land_3688,Burzgrat Cleft,land,me_mordor_region,MOR,place,† M3 regional lexicon
me_land_3689,Udûn,land,me_brown_lands_region,WILD,landmark,LOTR map
me_land_3690,Dushgrat Cleft,land,me_mordor_region,MOR,place,† M3 regional lexicon
me_land_3691,Bar adarion,land,me_lebennin_region,GON,place,† M3 regional lexicon
me_land_3692,Rushcombe,land,me_shire_breeland_region,SHI,place,† M3 regional lexicon
me_land_3693,Honeyholt,land,me_anduin_vale_region,BEO,place,† M3 regional lexicon
me_land_3694,Varkor Camp,land,me_far_harad_region,KHA,place,† M3 regional lexicon
me_land_3695,Sagar Steppe,land,me_rhun_region,RH2,place,† M3 regional lexicon
me_land_3696,Oakholt,land,me_anduin_vale_region,BEO,place,† M3 regional lexicon
me_land_3697,Ghashgrat Cleft,land,me_mordor_region,MOR,place,† M3 regional lexicon
me_land_3698,Redmark,land,me_rhun_region,DOR,place,† M3 regional lexicon
me_land_3699,Gorgrat Cleft,land,me_north_arnor_region,ANG,place,† M3 regional lexicon
me_land_3700,Rootbough,land,me_rohan_region,FAN,place,† M3 regional lexicon
me_land_3701,Riverholt,land,me_anduin_vale_region,BEO,place,† M3 regional lexicon
me_land_3702,Sahrur Gate,land,me_umbar_region,UMB,place,† M3 regional lexicon
me_land_3703,Beaconhall End,land,me_enedwaith_region,DUN,place,† M3 regional lexicon
me_land_3704,Blackhall End,land,me_anduin_vale_region,WDM,place,† M3 regional lexicon
me_land_3705,Frostmere Sound,land,me_northern_wastes_region,WILD,wilderness,† M3 regional lexicon
me_land_3706,Grishgrat Cleft,land,me_mordor_region,MOR,place,† M3 regional lexicon
me_land_3707,Calen adarion,land,me_lindon_region,LIN,place,† M3 regional lexicon
me_land_3708,Nargdûm,land,me_grey_mountains_region,ERE,place,† M3 regional lexicon
me_land_3709,Celon adarion,land,me_south_gondor_region,GON,place,† M3 regional lexicon
me_land_3710,Zandor Camp,land,me_near_harad_region,KHA,place,† M3 regional lexicon
me_land_3711,Nim adarion,land,me_north_arnor_region,WILD,wilderness,† M3 regional lexicon
me_land_3712,Sharar Steppe,land,me_rhun_region,RH2,place,† M3 regional lexicon
me_land_3713,Amon aelion,land,me_belfalas_region,GON,place,† M3 regional lexicon
me_land_3714,Shardûm,land,me_grey_mountains_region,ERE,place,† M3 regional lexicon
me_land_3715,Zigildûm,land,me_grey_mountains_region,ERE,place,† M3 regional lexicon
me_land_3716,Skinholt,land,me_anduin_vale_region,BEO,place,† M3 regional lexicon
me_land_3717,Tazur Gate,land,me_umbar_region,UMB,place,† M3 regional lexicon
me_land_3718,Krimpgrat Cleft,land,me_mordor_region,MOR,place,† M3 regional lexicon
me_land_3719,Bramblehall End,land,me_enedwaith_region,WILD,wilderness,† M3 regional lexicon
me_land_3720,Dol aelion,land,me_belfalas_region,GON,place,† M3 regional lexicon
me_land_3721,Westmark,land,me_rhun_region,DOR,place,† M3 regional lexicon
me_land_3722,Luggrat Cleft,land,me_mordor_region,MOR,place,† M3 regional lexicon
me_land_3723,Bucklandhall End,land,me_enedwaith_region,WILD,wilderness,† M3 regional lexicon
me_land_3724,Arzuk Camp,land,me_khand_region,KHA,place,† M3 regional lexicon
me_land_3725,Eithel aelion,land,me_anduin_vale_region,LOR,place,† M3 regional lexicon
me_land_3726,Balkuk Camp,land,me_khand_region,KHA,place,† M3 regional lexicon
me_land_3727,Umrur Gate,land,me_umbar_region,UMB,place,† M3 regional lexicon
me_land_3728,Zarur Gate,land,me_near_harad_region,HNE,place,† M3 regional lexicon
me_land_3729,Emyn aelion,land,me_belfalas_region,GON,place,† M3 regional lexicon
me_land_3730,Mauhgrat Cleft,land,me_brown_lands_region,DOL,place,† M3 regional lexicon
me_land_3731,Icemere Sound,land,me_northern_wastes_region,WILD,wilderness,† M3 regional lexicon
me_land_3732,Uldar Steppe,land,me_rhun_region,RH3,place,† M3 regional lexicon
me_land_3733,Azrabad Oasis,land,me_far_harad_region,HFA,place,† M3 regional lexicon
me_land_3734,Northmere Sound,land,me_northern_wastes_region,WILD,wilderness,† M3 regional lexicon
me_land_3735,Muzggrat Cleft,land,me_north_arnor_region,ANG,place,† M3 regional lexicon
me_land_3736,Nazggrat Cleft,land,me_mordor_region,MOR,place,† M3 regional lexicon
me_land_3737,Amberness,land,me_dale_region,ESG,place,† M3 regional lexicon
me_land_3738,Imlad aelion,land,me_anduin_vale_region,LOR,place,† M3 regional lexicon
me_land_3739,Wainar Steppe,land,me_rhun_region,RHU,place,† M3 regional lexicon
me_land_3740,Zorar Steppe,land,me_rhun_region,RH2,place,† M3 regional lexicon
me_land_3741,Minas aelion,land,me_belfalas_region,GON,place,† M3 regional lexicon
me_land_3742,Cedarhall End,land,me_enedwaith_region,DUN,place,† M3 regional lexicon
me_land_3743,Ost aelion,land,me_lindon_region,LIN,place,† M3 regional lexicon
me_land_3744,Skaigrat Cleft,land,me_mordor_region,MOR,place,† M3 regional lexicon
me_land_3745,Balath Steppe,land,me_rhun_region,RHU,place,† M3 regional lexicon
me_land_3746,Drazuk Camp,land,me_khand_region,KHA,place,† M3 regional lexicon
me_land_3747,Deephall End,land,me_enedwaith_region,WILD,wilderness,† M3 regional lexicon
me_land_3748,Gharuk Camp,land,me_khand_region,KHA,place,† M3 regional lexicon
me_land_3749,Bardness,land,me_rhun_region,DOR,place,† M3 regional lexicon
me_land_3750,Easthall End,land,me_enedwaith_region,DUN,place,† M3 regional lexicon
me_land_3751,Beormere,land,me_rohan_region,ROH,place,† M3 regional lexicon
me_land_3752,Palemere Sound,land,me_northern_wastes_region,WILD,wilderness,† M3 regional lexicon
me_land_3753,Greenhall End,land,me_enedwaith_region,DUN,place,† M3 regional lexicon
me_land_3754,Sealmere Sound,land,me_northern_wastes_region,WILD,wilderness,† M3 regional lexicon
me_land_3755,Bellness,land,me_rhun_region,DOR,place,† M3 regional lexicon
me_land_3756,Borath Steppe,land,me_rhun_region,RHU,place,† M3 regional lexicon
me_land_3757,Uglgrat Cleft,land,me_mordor_region,MOR,place,† M3 regional lexicon
me_land_3758,Urukgrat Cleft,land,me_ithilien_region,MOR,place,† M3 regional lexicon
me_land_3759,Bregomere,land,me_rohan_region,ROH,place,† M3 regional lexicon
me_land_3760,Greyhall End,land,me_enedwaith_region,DUN,place,† M3 regional lexicon
me_land_3761,Taur aelion,land,me_brown_lands_region,WILD,wilderness,† M3 regional lexicon
me_land_3762,Gathath Steppe,land,me_rhun_region,RHU,place,† M3 regional lexicon
me_land_3763,Bahrabad Oasis,land,me_far_harad_region,HNE,place,† M3 regional lexicon
me_land_3764,Kanduk Camp,land,me_khand_region,KHA,place,† M3 regional lexicon
me_land_3765,Khazuk Camp,land,me_far_harad_region,KHA,place,† M3 regional lexicon
me_land_3766,Snowmere Sound,land,me_northern_wastes_region,WILD,wilderness,† M3 regional lexicon
me_land_3767,Karmath Steppe,land,me_rhun_region,RH2,place,† M3 regional lexicon
me_land_3768,Starmere Sound,land,me_northern_wastes_region,WILD,wilderness,† M3 regional lexicon
me_land_3769,Bar aelion,land,me_lebennin_region,GON,place,† M3 regional lexicon
me_land_3770,Thistlecombe,land,me_shire_breeland_region,WILD,wilderness,† M3 regional lexicon
me_land_3771,Khurath Steppe,land,me_rhun_region,RH2,place,† M3 regional lexicon
me_land_3772,Longhall End,land,me_anduin_vale_region,WDM,place,† M3 regional lexicon
me_land_3773,Azangathol,land,me_grey_mountains_region,ERE,place,† M3 regional lexicon
me_land_3774,Lodath Steppe,land,me_rhun_region,RH2,place,† M3 regional lexicon
me_land_3775,Northhall End,land,me_enedwaith_region,DUN,place,† M3 regional lexicon
me_land_3776,Darabad Oasis,land,me_umbar_region,UMB,place,† M3 regional lexicon
me_land_3777,Calen aelion,land,me_lebennin_region,GON,place,† M3 regional lexicon
me_land_3778,Celon aelion,land,me_brown_lands_region,WILD,wilderness,† M3 regional lexicon
me_land_3779,Farabad Oasis,land,me_near_harad_region,HNE,place,† M3 regional lexicon
me_land_3780,Narath Steppe,land,me_rhun_region,RH3,place,† M3 regional lexicon
me_land_3781,Rhovath Steppe,land,me_rhun_region,RH2,place,† M3 regional lexicon
me_land_3782,Hadrabad Oasis,land,me_near_harad_region,HRA,place,† M3 regional lexicon
me_land_3783,Kharabad Oasis,land,me_far_harad_region,HRA,place,† M3 regional lexicon
me_land_3784,Whitemere Sound,land,me_northern_wastes_region,WILD,wilderness,† M3 regional lexicon
me_land_3785,Ashkrak Cleft,land,me_mirkwood_region,DOL,place,† M3 regional lexicon
me_land_3786,Azgkrak Cleft,land,me_ithilien_region,MOR,place,† M3 regional lexicon
me_land_3787,Wintermere Sound,land,me_forochel_region,LOS,place,† M3 regional lexicon
me_land_3788,Blackkrak Cleft,land,me_mordor_region,MOR,place,† M3 regional lexicon
me_land_3789,Sagath Steppe,land,me_rhun_region,RH2,place,† M3 regional lexicon
me_land_3790,Mahrabad Oasis,land,me_far_harad_region,HFA,place,† M3 regional lexicon
me_land_3791,Sharath Steppe,land,me_rhun_region,RHU,place,† M3 regional lexicon
me_land_3792,Ceorlmere,land,me_rohan_region,ROH,place,† M3 regional lexicon
me_land_3793,Willowcombe,land,me_shire_breeland_region,SHI,place,† M3 regional lexicon
me_land_3794,Nim aelion,land,me_lebennin_region,GON,place,† M3 regional lexicon
me_land_3795,Uldath Steppe,land,me_rhun_region,RH2,place,† M3 regional lexicon
me_land_3796,Coldpoint Sound,land,me_northern_wastes_region,WILD,wilderness,† M3 regional lexicon
me_land_3797,Wainath Steppe,land,me_rhun_region,RHU,place,† M3 regional lexicon
me_land_3798,Narabad Oasis,land,me_near_harad_region,HNE,place,† M3 regional lexicon
me_land_3799,Zorath Steppe,land,me_rhun_region,RH2,place,† M3 regional lexicon
me_land_3800,Burzkrak Cleft,land,me_mordor_region,MOR,place,† M3 regional lexicon
me_land_3801,Driftpoint Sound,land,me_northern_wastes_region,WILD,wilderness,† M3 regional lexicon
me_land_3802,Qasabad Oasis,land,me_near_harad_region,HNE,place,† M3 regional lexicon
me_land_3803,Rakhabad Oasis,land,me_umbar_region,UMB,place,† M3 regional lexicon
me_land_3804,Khoruk Camp,land,me_khand_region,KHA,place,† M3 regional lexicon
me_land_3805,Dushkrak Cleft,land,me_enedwaith_region,ISE,place,† M3 regional lexicon
me_land_3806,Amon annonion,land,me_lindon_region,LIN,place,† M3 regional lexicon
me_land_3807,Balen Steppe,land,me_rhun_region,RH2,place,† M3 regional lexicon
me_land_3808,Boren Steppe,land,me_rhun_region,RH2,place,† M3 regional lexicon
me_land_3809,Dol annonion,land,me_lindon_region,LIN,place,† M3 regional lexicon
me_land_3810,Eithel annonion,land,me_belfalas_region,GON,place,† M3 regional lexicon
me_land_3811,Ghashkrak Cleft,land,me_mordor_region,MOR,place,† M3 regional lexicon
me_land_3812,Gorkrak Cleft,land,me_mordor_region,MOR,place,† M3 regional lexicon
me_land_3813,Frostpoint Sound,land,me_forochel_region,LOS,place,† M3 regional lexicon
me_land_3814,Ruzuk Camp,land,me_khand_region,KHA,place,† M3 regional lexicon
me_land_3815,Applecroft,land,me_shire_breeland_region,SHI,place,† M3 regional lexicon
me_land_3816,Oakhall End,land,me_enedwaith_region,DUN,place,† M3 regional lexicon
me_land_3817,Emyn annonion,land,me_north_arnor_region,WILD,wilderness,† M3 regional lexicon
me_land_3818,Grishkrak Cleft,land,me_enedwaith_region,MOA,place,† M3 regional lexicon
me_land_3819,Krimpkrak Cleft,land,me_mordor_region,MOR,place,† M3 regional lexicon
me_land_3820,Southhall End,land,me_enedwaith_region,WILD,wilderness,† M3 regional lexicon
me_land_3821,Lugkrak Cleft,land,me_ithilien_region,MOR,place,† M3 regional lexicon
me_land_3822,Imlad annonion,land,me_brown_lands_region,WILD,wilderness,† M3 regional lexicon
me_land_3823,Brandywine Bridge,land,me_shire_breeland_region,BRE,landmark,"LOTR, Book I, Ch. 4"
me_land_3824,Sahrabad Oasis,land,me_umbar_region,UMB,place,† M3 regional lexicon
me_land_3825,Minas annonion,land,me_belfalas_region,GON,place,† M3 regional lexicon
me_land_3826,Icepoint Sound,land,me_northern_wastes_region,WILD,wilderness,† M3 regional lexicon
me_land_3827,Gathen Steppe,land,me_rhun_region,RH2,place,† M3 regional lexicon
me_land_3828,Skarnuk Camp,land,me_khand_region,KHA,place,† M3 regional lexicon
me_land_3829,Karmen Steppe,land,me_rhun_region,RH2,place,† M3 regional lexicon
me_land_3830,Northpoint Sound,land,me_northern_wastes_region,WILD,wilderness,† M3 regional lexicon
me_land_3831,Palepoint Sound,land,me_northern_wastes_region,WILD,wilderness,† M3 regional lexicon
me_land_3832,Tazabad Oasis,land,me_umbar_region,UMB,place,† M3 regional lexicon
me_land_3833,Stonehall End,land,me_anduin_vale_region,WILD,wilderness,† M3 regional lexicon
me_land_3834,Khuren Steppe,land,me_rhun_region,RH3,place,† M3 regional lexicon
me_land_3835,Mauhkrak Cleft,land,me_mordor_region,MOR,place,† M3 regional lexicon
me_land_3836,Muzgkrak Cleft,land,me_mordor_region,MOR,place,† M3 regional lexicon
me_land_3837,Sealpoint Sound,land,me_northern_wastes_region,WILD,wilderness,† M3 regional lexicon
me_land_3838,Loden Steppe,land,me_rhun_region,RH3,place,† M3 regional lexicon
me_land_3839,Umrabad Oasis,land,me_umbar_region,UMB,place,† M3 regional lexicon
me_land_3840,Snowpoint Sound,land,me_northern_wastes_region,WILD,wilderness,† M3 regional lexicon
me_land_3841,Nazgkrak Cleft,land,me_mordor_region,MOR,place,† M3 regional lexicon
me_land_3842,Ost annonion,land,me_belfalas_region,DAM,place,† M3 regional lexicon
me_land_3843,Zarabad Oasis,land,me_near_harad_region,UMB,place,† M3 regional lexicon
me_land_3844,Bowness,land,me_rhun_region,DOR,place,† M3 regional lexicon
me_land_3845,Azrahir Oasis,land,me_umbar_region,UMB,place,† M3 regional lexicon
me_land_3846,Skaikrak Cleft,land,me_mordor_region,MOR,place,† M3 regional lexicon
me_land_3847,Uglkrak Cleft,land,me_mordor_region,MOR,place,† M3 regional lexicon
me_land_3848,Déormere,land,me_rohan_region,ROH,place,† M3 regional lexicon
me_land_3849,Naren Steppe,land,me_rhun_region,RHU,place,† M3 regional lexicon
me_land_3850,Westhall End,land,me_enedwaith_region,DUN,place,† M3 regional lexicon
me_land_3851,Eorlmere,land,me_rohan_region,ROH,place,† M3 regional lexicon
me_land_3852,Rhoven Steppe,land,me_rhun_region,RH2,place,† M3 regional lexicon
me_land_3853,Urukkrak Cleft,land,me_north_arnor_region,ANG,place,† M3 regional lexicon
me_land_3854,Stoneholt,land,me_anduin_vale_region,BEO,place,† M3 regional lexicon
me_land_3855,Taur annonion,land,me_lebennin_region,GON,place,† M3 regional lexicon
me_land_3856,Ashlug Cleft,land,me_north_arnor_region,ANG,place,† M3 regional lexicon
me_land_3857,Starpoint Sound,land,me_forochel_region,LOS,place,† M3 regional lexicon
me_land_3858,Bahrahir Oasis,land,me_umbar_region,UMB,place,† M3 regional lexicon
me_land_3859,Whitepoint Sound,land,me_northern_wastes_region,WILD,wilderness,† M3 regional lexicon
me_land_3860,Azglug Cleft,land,me_mordor_region,MOR,place,† M3 regional lexicon
me_land_3861,Bar annonion,land,me_dale_region,WOO,place,† M3 regional lexicon
me_land_3862,Sagen Steppe,land,me_rhun_region,RH2,place,† M3 regional lexicon
me_land_3863,Blacklug Cleft,land,me_mordor_region,MOR,place,† M3 regional lexicon
me_land_3864,Barazgathol,land,me_grey_mountains_region,ERE,place,† M3 regional lexicon
me_land_3865,Calen annonion,land,me_belfalas_region,DAM,place,† M3 regional lexicon
me_land_3866,Burzlug Cleft,land,me_mordor_region,MOR,place,† M3 regional lexicon
me_land_3867,Dushlug Cleft,land,me_mordor_region,MOR,place,† M3 regional lexicon
me_land_3868,Folcmere,land,me_rohan_region,ROH,place,† M3 regional lexicon
me_land_3869,Bizargathol,land,me_lindon_region,BLU,place,† M3 regional lexicon
me_land_3870,Alderheath End,land,me_anduin_vale_region,WILD,wilderness,† M3 regional lexicon
me_land_3871,Celon annonion,land,me_lebennin_region,GON,place,† M3 regional lexicon
me_land_3872,Nim annonion,land,me_mirkwood_region,WOO,place,† M3 regional lexicon
me_land_3873,Winterpoint Sound,land,me_northern_wastes_region,WILD,wilderness,† M3 regional lexicon
me_land_3874,Darahir Oasis,land,me_umbar_region,UMB,place,† M3 regional lexicon
me_land_3875,Amon belion,land,me_mirkwood_region,WOO,place,† M3 regional lexicon
me_land_3876,Sharen Steppe,land,me_rhun_region,RHU,place,† M3 regional lexicon
me_land_3877,Ulden Steppe,land,me_rhun_region,RH2,place,† M3 regional lexicon
me_land_3878,Dol belion,land,me_lindon_region,LIN,place,† M3 regional lexicon
me_land_3879,Celduinness,land,me_rhun_region,DOR,place,† M3 regional lexicon
me_land_3880,Ghashlug Cleft,land,me_grey_mountains_region,GUN,place,† M3 regional lexicon
me_land_3881,Eithel belion,land,me_north_arnor_region,WILD,wilderness,† M3 regional lexicon
me_land_3882,Gorlug Cleft,land,me_rohan_region,ISE,place,† M3 regional lexicon
me_land_3883,Bramblecroft,land,me_shire_breeland_region,WILD,wilderness,† M3 regional lexicon
me_land_3884,Emyn belion,land,me_north_arnor_region,WILD,wilderness,† M3 regional lexicon
me_land_3885,Imlad belion,land,me_belfalas_region,GON,place,† M3 regional lexicon
me_land_3886,Minas belion,land,me_lebennin_region,GON,place,† M3 regional lexicon
me_land_3887,Ost belion,land,me_belfalas_region,GON,place,† M3 regional lexicon
me_land_3888,Frammere,land,me_rohan_region,ROH,place,† M3 regional lexicon
me_land_3889,Wainen Steppe,land,me_rhun_region,RHU,place,† M3 regional lexicon
me_land_3890,Grishlug Cleft,land,me_mordor_region,MOR,place,† M3 regional lexicon
me_land_3891,Ashheath End,land,me_enedwaith_region,DUN,place,† M3 regional lexicon
me_land_3892,Farahir Oasis,land,me_near_harad_region,HRA,place,† M3 regional lexicon
me_land_3893,Zoren Steppe,land,me_rhun_region,RHU,place,† M3 regional lexicon
me_land_3894,Coldshore Sound,land,me_northern_wastes_region,WILD,wilderness,† M3 regional lexicon
me_land_3895,Browncroft,land,me_shire_breeland_region,WILD,wilderness,† M3 regional lexicon
me_land_3896,Daleness,land,me_dale_region,ESG,place,† M3 regional lexicon
me_land_3897,Targuk Camp,land,me_far_harad_region,KHA,place,† M3 regional lexicon
me_land_3898,Taur belion,land,me_brown_lands_region,WILD,wilderness,† M3 regional lexicon
me_land_3899,Driftshore Sound,land,me_northern_wastes_region,WILD,wilderness,† M3 regional lexicon
me_land_3900,Hadrahir Oasis,land,me_umbar_region,UMB,place,† M3 regional lexicon
me_land_3901,Bar belion,land,me_north_arnor_region,RAN,place,† M3 regional lexicon
me_land_3902,Balod Steppe,land,me_rhun_region,RH2,place,† M3 regional lexicon
me_land_3903,Barrowheath End,land,me_enedwaith_region,DUN,place,† M3 regional lexicon
me_land_3904,Borod Steppe,land,me_rhun_region,RH3,place,† M3 regional lexicon
me_land_3905,Krimplug Cleft,land,me_mordor_region,MOR,place,† M3 regional lexicon
me_land_3906,Luglug Cleft,land,me_mordor_region,MOR,place,† M3 regional lexicon
me_land_3907,Beaconheath End,land,me_enedwaith_region,DUN,place,† M3 regional lexicon
me_land_3908,Mauhlug Cleft,land,me_mordor_region,MOR,place,† M3 regional lexicon
me_land_3909,Blackheath End,land,me_enedwaith_region,DUN,place,† M3 regional lexicon
me_land_3910,Calen belion,land,me_brown_lands_region,WILD,wilderness,† M3 regional lexicon
me_land_3911,Brambleheath End,land,me_enedwaith_region,DUN,place,† M3 regional lexicon
me_land_3912,Gathod Steppe,land,me_rhun_region,RHU,place,† M3 regional lexicon
me_land_3913,Bucklandheath End,land,me_enedwaith_region,DUN,place,† M3 regional lexicon
me_land_3914,Celon belion,land,me_lebennin_region,GON,place,† M3 regional lexicon
me_land_3915,Nim belion,land,me_belfalas_region,GON,place,† M3 regional lexicon
me_land_3916,Amon bornion,land,me_south_gondor_region,GON,place,† M3 regional lexicon
me_land_3917,Karmod Steppe,land,me_rhun_region,RH2,place,† M3 regional lexicon
me_land_3918,Cedarheath End,land,me_enedwaith_region,DUN,place,† M3 regional lexicon
me_land_3919,Kharahir Oasis,land,me_far_harad_region,HFA,place,† M3 regional lexicon
me_land_3920,Khurod Steppe,land,me_rhun_region,RH3,place,† M3 regional lexicon
me_land_3921,Deepheath End,land,me_enedwaith_region,WILD,wilderness,† M3 regional lexicon
me_land_3922,Lodod Steppe,land,me_rhun_region,RHU,place,† M3 regional lexicon
me_land_3923,Varkuk Camp,land,me_khand_region,KHA,place,† M3 regional lexicon
me_land_3924,Narod Steppe,land,me_rhun_region,RH2,place,† M3 regional lexicon
me_land_3925,Zanduk Camp,land,me_khand_region,KHA,place,† M3 regional lexicon
me_land_3926,Eastheath End,land,me_enedwaith_region,DUN,place,† M3 regional lexicon
me_land_3927,Frostshore Sound,land,me_northern_wastes_region,WILD,wilderness,† M3 regional lexicon
me_land_3928,Greenheath End,land,me_enedwaith_region,DUN,place,† M3 regional lexicon
me_land_3929,Rhovod Steppe,land,me_rhun_region,RH2,place,† M3 regional lexicon
me_land_3930,Dol bornion,land,me_lindon_region,LIN,place,† M3 regional lexicon
me_land_3931,Grimmere,land,me_rohan_region,ROH,place,† M3 regional lexicon
me_land_3932,Eithel bornion,land,me_brown_lands_region,WILD,wilderness,† M3 regional lexicon
me_land_3933,Sagod Steppe,land,me_rhun_region,RH2,place,† M3 regional lexicon
me_land_3934,Emyn bornion,land,me_mirkwood_region,WOO,place,† M3 regional lexicon
me_land_3935,Imlad bornion,land,me_lindon_region,LIN,place,† M3 regional lexicon
me_land_3936,Iceshore Sound,land,me_northern_wastes_region,WILD,wilderness,† M3 regional lexicon
me_land_3937,Minas bornion,land,me_north_arnor_region,WILD,wilderness,† M3 regional lexicon
me_land_3938,Mahrahir Oasis,land,me_umbar_region,UMB,place,† M3 regional lexicon
me_land_3939,Sharod Steppe,land,me_rhun_region,RH2,place,† M3 regional lexicon
me_land_3940,Uldod Steppe,land,me_rhun_region,RH3,place,† M3 regional lexicon
me_land_3941,Ost bornion,land,me_brown_lands_region,WILD,wilderness,† M3 regional lexicon
me_land_3942,Greyheath End,land,me_anduin_vale_region,WILD,wilderness,† M3 regional lexicon
me_land_3943,Narahir Oasis,land,me_near_harad_region,HRA,place,† M3 regional lexicon
me_land_3944,Taur bornion,land,me_lebennin_region,GON,place,† M3 regional lexicon
me_land_3945,Buttercroft,land,me_shire_breeland_region,SHI,place,† M3 regional lexicon
me_land_3946,Longheath End,land,me_enedwaith_region,DUN,place,† M3 regional lexicon
me_land_3947,Bar bornion,land,me_lindon_region,LIN,place,† M3 regional lexicon
me_land_3948,Calen bornion,land,me_lindon_region,LIN,place,† M3 regional lexicon
me_land_3949,Northheath End,land,me_enedwaith_region,WILD,wilderness,† M3 regional lexicon
me_land_3950,Qasahir Oasis,land,me_far_harad_region,HRA,place,† M3 regional lexicon
me_land_3951,Oakheath End,land,me_anduin_vale_region,WDM,place,† M3 regional lexicon
me_land_3952,Celon bornion,land,me_brown_lands_region,WILD,wilderness,† M3 regional lexicon
me_land_3953,Nim bornion,land,me_north_arnor_region,WILD,wilderness,† M3 regional lexicon
me_land_3954,Rakhahir Oasis,land,me_near_harad_region,UMB,place,† M3 regional lexicon
me_land_3955,Southheath End,land,me_enedwaith_region,WILD,wilderness,† M3 regional lexicon
me_land_3956,Muzglug Cleft,land,me_mordor_region,MOR,place,† M3 regional lexicon
me_land_3957,Amon caranion,land,me_belfalas_region,GON,place,† M3 regional lexicon
me_land_3958,Arzun Camp,land,me_khand_region,KHA,place,† M3 regional lexicon
me_land_3959,Dol caranion,land,me_brown_lands_region,WILD,wilderness,† M3 regional lexicon
me_land_3960,Willowbough,land,me_rohan_region,FAN,place,† M3 regional lexicon
me_land_3961,Northshore Sound,land,me_northern_wastes_region,WILD,wilderness,† M3 regional lexicon
me_land_3962,Balkun Camp,land,me_khand_region,KHA,place,† M3 regional lexicon
me_land_3963,Eithel caranion,land,me_belfalas_region,GON,place,† M3 regional lexicon
me_land_3964,Nazglug Cleft,land,me_mordor_region,MOR,place,† M3 regional lexicon
me_land_3965,Paleshore Sound,land,me_forochel_region,LOS,place,† M3 regional lexicon
me_land_3966,Sealshore Sound,land,me_northern_wastes_region,WILD,wilderness,† M3 regional lexicon
me_land_3967,Emyn caranion,land,me_belfalas_region,GON,place,† M3 regional lexicon
me_land_3968,Skailug Cleft,land,me_mordor_region,MOR,place,† M3 regional lexicon
me_land_3969,Imlad caranion,land,me_north_arnor_region,WILD,wilderness,† M3 regional lexicon
me_land_3970,Wainod Steppe,land,me_rhun_region,RH2,place,† M3 regional lexicon
me_land_3971,Ugllug Cleft,land,me_mordor_region,MOR,place,† M3 regional lexicon
me_land_3972,Minas caranion,land,me_belfalas_region,GON,place,† M3 regional lexicon
me_land_3973,Zorod Steppe,land,me_rhun_region,RH2,place,† M3 regional lexicon
me_land_3974,Clovercroft,land,me_shire_breeland_region,SHI,place,† M3 regional lexicon
me_land_3975,Balor Steppe,land,me_rhun_region,RH3,place,† M3 regional lexicon
me_land_3976,Boror Steppe,land,me_rhun_region,RHU,place,† M3 regional lexicon
me_land_3977,Uruklug Cleft,land,me_mordor_region,MOR,place,† M3 regional lexicon
me_land_3978,Ost caranion,land,me_brown_lands_region,WILD,wilderness,† M3 regional lexicon
me_land_3979,Eastness,land,me_dale_region,DAL,place,† M3 regional lexicon
me_land_3980,Gathor Steppe,land,me_rhun_region,RHU,place,† M3 regional lexicon
me_land_3981,Karmor Steppe,land,me_rhun_region,RH2,place,† M3 regional lexicon
me_land_3982,Snowshore Sound,land,me_forochel_region,LOS,place,† M3 regional lexicon
me_land_3983,Taur caranion,land,me_north_arnor_region,WILD,wilderness,† M3 regional lexicon
me_land_3984,Bar caranion,land,me_brown_lands_region,WILD,wilderness,† M3 regional lexicon
me_land_3985,Calen caranion,land,me_mirkwood_region,WOO,place,† M3 regional lexicon
me_land_3986,Celon caranion,land,me_north_arnor_region,WILD,wilderness,† M3 regional lexicon
me_land_3987,Iron Hills,land,me_rhun_region,IRO,hold,"The Hobbit, Ch. 17"
me_land_3988,Nim caranion,land,me_brown_lands_region,WILD,wilderness,† M3 regional lexicon
me_land_3989,Khuror Steppe,land,me_rhun_region,RH2,place,† M3 regional lexicon
me_land_3990,Stoneheath End,land,me_enedwaith_region,DUN,place,† M3 regional lexicon
me_land_3991,Starshore Sound,land,me_northern_wastes_region,WILD,wilderness,† M3 regional lexicon
me_land_3992,Amon duinion,land,me_belfalas_region,DAM,place,† M3 regional lexicon
me_land_3993,Sahrahir Oasis,land,me_near_harad_region,UMB,place,† M3 regional lexicon
me_land_3994,Alderdeep,land,me_anduin_vale_region,FAN,place,† M3 regional lexicon
me_land_3995,Drazun Camp,land,me_khand_region,KHA,place,† M3 regional lexicon
me_land_3996,Whiteshore Sound,land,me_northern_wastes_region,WILD,wilderness,† M3 regional lexicon
me_land_3997,Dol duinion,land,me_anorien_region,GON,place,† M3 regional lexicon
me_land_3998,Ashmauk Cleft,land,me_ithilien_region,MOR,place,† M3 regional lexicon
me_land_3999,Azgmauk Cleft,land,me_mordor_region,MOR,place,† M3 regional lexicon
me_land_4000,Westheath End,land,me_anduin_vale_region,WILD,wilderness,† M3 regional lexicon
me_land_4001,Blackmauk Cleft,land,me_angmar_region,GUN,place,† M3 regional lexicon
me_land_4002,Esgarness,land,me_dale_region,ESG,place,† M3 regional lexicon
me_land_4003,Lodor Steppe,land,me_rhun_region,RH2,place,† M3 regional lexicon
me_land_4004,Helmmere,land,me_rohan_region,ROH,place,† M3 regional lexicon
me_land_4005,Aldermere End,land,me_anduin_vale_region,WILD,wilderness,† M3 regional lexicon
me_land_4006,Tazahir Oasis,land,me_near_harad_region,HRA,place,† M3 regional lexicon
me_land_4007,Dimplecroft,land,me_shire_breeland_region,SHI,place,† M3 regional lexicon
me_land_4008,Bundgathol,land,me_grey_mountains_region,ERE,place,† M3 regional lexicon
me_land_4009,Eithel duinion,land,me_ithilien_region,WILD,wilderness,† M3 regional lexicon
me_land_4010,Umrahir Oasis,land,me_umbar_region,UMB,place,† M3 regional lexicon
me_land_4011,Burzmauk Cleft,land,me_mordor_region,MOR,place,† M3 regional lexicon
me_land_4012,Ashmere End,land,me_enedwaith_region,DUN,place,† M3 regional lexicon
me_land_4013,Emyn duinion,land,me_north_arnor_region,WILD,wilderness,† M3 regional lexicon
me_land_4014,Naror Steppe,land,me_rhun_region,RHU,place,† M3 regional lexicon
me_land_4015,Dushmauk Cleft,land,me_mordor_region,MOR,place,† M3 regional lexicon
me_land_4016,Rhovor Steppe,land,me_rhun_region,RH2,place,† M3 regional lexicon
me_land_4017,Gharun Camp,land,me_khand_region,KHA,place,† M3 regional lexicon
me_land_4018,Wintershore Sound,land,me_northern_wastes_region,WILD,wilderness,† M3 regional lexicon
me_land_4019,Sagor Steppe,land,me_rhun_region,RH2,place,† M3 regional lexicon
me_land_4020,Ghashmauk Cleft,land,me_mordor_region,MOR,place,† M3 regional lexicon
me_land_4021,Imlad duinion,land,me_ithilien_region,WILD,wilderness,† M3 regional lexicon
me_land_4022,Gormauk Cleft,land,me_mordor_region,MOR,place,† M3 regional lexicon
me_land_4023,Zarahir Oasis,land,me_far_harad_region,HFA,place,† M3 regional lexicon
me_land_4024,Azramar Oasis,land,me_far_harad_region,HFA,place,† M3 regional lexicon
me_land_4025,Beechdeep,land,me_rohan_region,FAN,place,† M3 regional lexicon
me_land_4026,Grishmauk Cleft,land,me_mordor_region,MOR,place,† M3 regional lexicon
me_land_4027,Minas duinion,land,me_north_arnor_region,WILD,wilderness,† M3 regional lexicon
me_land_4028,Ost duinion,land,me_belfalas_region,GON,place,† M3 regional lexicon
me_land_4029,Taur duinion,land,me_north_arnor_region,WILD,wilderness,† M3 regional lexicon
me_land_4030,Barrowmere End,land,me_anduin_vale_region,WILD,wilderness,† M3 regional lexicon
me_land_4031,Krimpmauk Cleft,land,me_ithilien_region,MOR,place,† M3 regional lexicon
me_land_4032,Lugmauk Cleft,land,me_mordor_region,MOR,place,† M3 regional lexicon
me_land_4033,Sharor Steppe,land,me_rhun_region,RHU,place,† M3 regional lexicon
me_land_4034,Bar duinion,land,me_enedwaith_region,RAN,place,† M3 regional lexicon
me_land_4035,Coldwater Sound,land,me_northern_wastes_region,WILD,wilderness,† M3 regional lexicon
me_land_4036,Calen duinion,land,me_south_gondor_region,GON,place,† M3 regional lexicon
me_land_4037,Celon duinion,land,me_north_arnor_region,WILD,wilderness,† M3 regional lexicon
me_land_4038,Nim duinion,land,me_belfalas_region,GON,place,† M3 regional lexicon
me_land_4039,Mauhmauk Cleft,land,me_mordor_region,MOR,place,† M3 regional lexicon
me_land_4040,Herumere,land,me_rohan_region,ROH,place,† M3 regional lexicon
me_land_4041,Valeholt,land,me_anduin_vale_region,BEO,place,† M3 regional lexicon
me_land_4042,Amon falasion,land,me_brown_lands_region,WILD,wilderness,† M3 regional lexicon
me_land_4043,Muzgmauk Cleft,land,me_mordor_region,MOR,place,† M3 regional lexicon
me_land_4044,Dol falasion,land,me_belfalas_region,GON,place,† M3 regional lexicon
me_land_4045,Eithel falasion,land,me_north_arnor_region,WILD,wilderness,† M3 regional lexicon
me_land_4046,Bahramar Oasis,land,me_umbar_region,UMB,place,† M3 regional lexicon
me_land_4047,Birchdeep,land,me_rohan_region,FAN,place,† M3 regional lexicon
me_land_4048,Beaconmere End,land,me_enedwaith_region,WILD,wilderness,† M3 regional lexicon
me_land_4049,Nazgmauk Cleft,land,me_brown_lands_region,DOL,place,† M3 regional lexicon
me_land_4050,Uldor Steppe,land,me_rhun_region,RHU,place,† M3 regional lexicon
me_land_4051,Emyn falasion,land,me_south_gondor_region,GON,place,† M3 regional lexicon
me_land_4052,Imlad falasion,land,me_anduin_vale_region,LOR,place,† M3 regional lexicon
me_land_4053,Daramar Oasis,land,me_near_harad_region,HNE,place,† M3 regional lexicon
me_land_4054,Blackmere End,land,me_anduin_vale_region,WDM,place,† M3 regional lexicon
me_land_4055,Driftwater Sound,land,me_northern_wastes_region,WILD,wilderness,† M3 regional lexicon
me_land_4056,Léodmere,land,me_rohan_region,ROH,place,† M3 regional lexicon
me_land_4057,Minas falasion,land,me_enedwaith_region,RAN,place,† M3 regional lexicon
me_land_4058,Wainor Steppe,land,me_rhun_region,RH2,place,† M3 regional lexicon
me_land_4059,Zoror Steppe,land,me_rhun_region,RH2,place,† M3 regional lexicon
me_land_4060,Balun Steppe,land,me_rhun_region,RHU,place,† M3 regional lexicon
me_land_4061,Bramblemere End,land,me_enedwaith_region,DUN,place,† M3 regional lexicon
me_land_4062,Faramar Oasis,land,me_far_harad_region,HRA,place,† M3 regional lexicon
me_land_4063,Ridmere,land,me_rohan_region,ROH,place,† M3 regional lexicon
me_land_4064,Kandun Camp,land,me_khand_region,KHA,place,† M3 regional lexicon
me_land_4065,Ost falasion,land,me_lindon_region,LIN,place,† M3 regional lexicon
me_land_4066,Borun Steppe,land,me_rhun_region,RHU,place,† M3 regional lexicon
me_land_4067,Hadramar Oasis,land,me_near_harad_region,HNE,place,† M3 regional lexicon
me_land_4068,Taur falasion,land,me_ithilien_region,GON,place,† M3 regional lexicon
me_land_4069,Kingness,land,me_dale_region,ESG,place,† M3 regional lexicon
me_land_4070,Bucklandmere End,land,me_shire_breeland_region,BRE,place,† M3 regional lexicon
me_land_4071,Bar falasion,land,me_north_arnor_region,RAN,place,† M3 regional lexicon
me_land_4072,Cedarmere End,land,me_enedwaith_region,DUN,place,† M3 regional lexicon
me_land_4073,Kharamar Oasis,land,me_near_harad_region,HNE,place,† M3 regional lexicon
me_land_4074,Deepmere End,land,me_anduin_vale_region,WDM,place,† M3 regional lexicon
me_land_4075,Calen falasion,land,me_lebennin_region,GON,place,† M3 regional lexicon
me_land_4076,Mahramar Oasis,land,me_near_harad_region,HNE,place,† M3 regional lexicon
me_land_4077,Eastmere End,land,me_enedwaith_region,DUN,place,† M3 regional lexicon
me_land_4078,Wildholt,land,me_anduin_vale_region,BEO,place,† M3 regional lexicon
me_land_4079,Celon falasion,land,me_belfalas_region,GON,place,† M3 regional lexicon
me_land_4080,Nim falasion,land,me_brown_lands_region,WILD,wilderness,† M3 regional lexicon
me_land_4081,Amon galenion,land,me_lebennin_region,GON,place,† M3 regional lexicon
me_land_4082,Naramar Oasis,land,me_umbar_region,UMB,place,† M3 regional lexicon
me_land_4083,Gathun Steppe,land,me_rhun_region,RH2,place,† M3 regional lexicon
me_land_4084,Skaimauk Cleft,land,me_mirkwood_region,DOL,place,† M3 regional lexicon
me_land_4085,Dol galenion,land,me_ithilien_region,WILD,wilderness,† M3 regional lexicon
me_land_4086,Qasamar Oasis,land,me_near_harad_region,UMB,place,† M3 regional lexicon
me_land_4087,Uglmauk Cleft,land,me_north_arnor_region,ANG,place,† M3 regional lexicon
me_land_4088,Eithel galenion,land,me_north_arnor_region,WILD,wilderness,† M3 regional lexicon
me_land_4089,Urukmauk Cleft,land,me_mordor_region,MOR,place,† M3 regional lexicon
me_land_4090,Rakhamar Oasis,land,me_umbar_region,UMB,place,† M3 regional lexicon
me_land_4091,Sahramar Oasis,land,me_near_harad_region,UMB,place,† M3 regional lexicon
me_land_4092,Tazamar Oasis,land,me_near_harad_region,HNE,place,† M3 regional lexicon
me_land_4093,Ashnakh Cleft,land,me_rohan_region,ISE,place,† M3 regional lexicon
me_land_4094,Azgnakh Cleft,land,me_ithilien_region,MOR,place,† M3 regional lexicon
me_land_4095,Karmun Steppe,land,me_rhun_region,RHU,place,† M3 regional lexicon
me_land_4096,Khazun Camp,land,me_far_harad_region,KHA,place,† M3 regional lexicon
me_land_4097,Greenmere End,land,me_enedwaith_region,DUN,place,† M3 regional lexicon
me_land_4098,Emyn galenion,land,me_belfalas_region,GON,place,† M3 regional lexicon
me_land_4099,Khurun Steppe,land,me_rhun_region,RHU,place,† M3 regional lexicon
me_land_4100,Imlad galenion,land,me_lebennin_region,GON,place,† M3 regional lexicon
me_land_4101,Ferncroft,land,me_shire_breeland_region,WILD,wilderness,† M3 regional lexicon
me_land_4102,Frostwater Sound,land,me_northern_wastes_region,WILD,wilderness,† M3 regional lexicon
me_land_4103,Thengelmere,land,me_rohan_region,ROH,place,† M3 regional lexicon
me_land_4104,Minas galenion,land,me_anorien_region,GON,place,† M3 regional lexicon
me_land_4105,Lamedon,land,me_belfalas_region,GON,landmark,"LOTR, Book V, Ch. 1"
me_land_4106,Khorun Camp,land,me_far_harad_region,KHA,place,† M3 regional lexicon
me_land_4107,Greymere End,land,me_anduin_vale_region,WILD,wilderness,† M3 regional lexicon
me_land_4108,Woldmere,land,me_rohan_region,ROH,place,† M3 regional lexicon
me_land_4109,Umramar Oasis,land,me_near_harad_region,HNE,place,† M3 regional lexicon
me_land_4110,Icewater Sound,land,me_northern_wastes_region,WILD,wilderness,† M3 regional lexicon
me_land_4111,Ost galenion,land,me_south_gondor_region,GON,place,† M3 regional lexicon
me_land_4112,Lodun Steppe,land,me_rhun_region,RH2,place,† M3 regional lexicon
me_land_4113,Ruzun Camp,land,me_khand_region,KHA,place,† M3 regional lexicon
me_land_4114,Zaramar Oasis,land,me_far_harad_region,HNE,place,† M3 regional lexicon
me_land_4115,Azran Oasis,land,me_umbar_region,UMB,place,† M3 regional lexicon
me_land_4116,Taur galenion,land,me_lebennin_region,GON,place,† M3 regional lexicon
me_land_4117,Bar galenion,land,me_anduin_vale_region,LOR,place,† M3 regional lexicon
me_land_4118,Calen galenion,land,me_brown_lands_region,WILD,wilderness,† M3 regional lexicon
me_land_4119,Longmere End,land,me_anduin_vale_region,WDM,place,† M3 regional lexicon
me_land_4120,Bahran Oasis,land,me_near_harad_region,HNE,place,† M3 regional lexicon
me_land_4121,Daran Oasis,land,me_far_harad_region,HFA,place,† M3 regional lexicon
me_land_4122,Celon galenion,land,me_belfalas_region,GON,place,† M3 regional lexicon
me_land_4123,Nim galenion,land,me_belfalas_region,DAM,place,† M3 regional lexicon
me_land_4124,Narun Steppe,land,me_rhun_region,RH3,place,† M3 regional lexicon
me_land_4125,Rhovun Steppe,land,me_rhun_region,RHU,place,† M3 regional lexicon
me_land_4126,Blacknakh Cleft,land,me_mirkwood_region,DOL,place,† M3 regional lexicon
me_land_4127,Burznakh Cleft,land,me_angmar_region,GUN,place,† M3 regional lexicon
me_land_4128,Dushnakh Cleft,land,me_mordor_region,MOR,place,† M3 regional lexicon
me_land_4129,Lakeness,land,me_rhun_region,DOR,place,† M3 regional lexicon
me_land_4130,Faran Oasis,land,me_far_harad_region,HFA,place,† M3 regional lexicon
me_land_4131,Northmere End,land,me_enedwaith_region,DUN,place,† M3 regional lexicon
me_land_4132,Boughdeep,land,me_rohan_region,FAN,place,† M3 regional lexicon
me_land_4133,Sagun Steppe,land,me_rhun_region,RH2,place,† M3 regional lexicon
me_land_4134,Amon gondion,land,me_north_arnor_region,WILD,wilderness,† M3 regional lexicon
me_land_4135,Haycroft,land,me_shire_breeland_region,WILD,wilderness,† M3 regional lexicon
me_land_4136,Ghashnakh Cleft,land,me_mordor_region,MOR,place,† M3 regional lexicon
me_land_4137,Sharun Steppe,land,me_rhun_region,RHU,place,† M3 regional lexicon
me_land_4138,Dol gondion,land,me_brown_lands_region,WILD,wilderness,† M3 regional lexicon
me_land_4139,Elmdeep,land,me_anduin_vale_region,FAN,place,† M3 regional lexicon
me_land_4140,Hazelcroft,land,me_shire_breeland_region,SHI,place,† M3 regional lexicon
me_land_4141,Gornakh Cleft,land,me_anduin_vale_region,MOA,place,† M3 regional lexicon
me_land_4142,Hadran Oasis,land,me_umbar_region,UMB,place,† M3 regional lexicon
me_land_4143,Grishnakh Cleft,land,me_mordor_region,MOR,place,† M3 regional lexicon
me_land_4144,Eithel gondion,land,me_brown_lands_region,WILD,wilderness,† M3 regional lexicon
me_land_4145,Emyn gondion,land,me_mirkwood_region,WOO,place,† M3 regional lexicon
me_land_4146,Uldun Steppe,land,me_rhun_region,RH2,place,† M3 regional lexicon
me_land_4147,Krimpnakh Cleft,land,me_angmar_region,GUN,place,† M3 regional lexicon
me_land_4148,Skarnun Camp,land,me_khand_region,KHA,place,† M3 regional lexicon
me_land_4149,Oakmere End,land,me_enedwaith_region,DUN,place,† M3 regional lexicon
me_land_4150,Imlad gondion,land,me_north_arnor_region,WILD,wilderness,† M3 regional lexicon
me_land_4151,Minas gondion,land,me_dale_region,WOO,place,† M3 regional lexicon
me_land_4152,Northwater Sound,land,me_northern_wastes_region,WILD,wilderness,† M3 regional lexicon
me_land_4153,Wainun Steppe,land,me_rhun_region,RHU,place,† M3 regional lexicon
me_land_4154,Ost gondion,land,me_north_arnor_region,WILD,wilderness,† M3 regional lexicon
me_land_4155,Taur gondion,land,me_north_arnor_region,RIV,place,† M3 regional lexicon
me_land_4156,Southmere End,land,me_enedwaith_region,DUN,place,† M3 regional lexicon
me_land_4157,Longness,land,me_rhun_region,DOR,place,† M3 regional lexicon
me_land_4158,Stonemere End,land,me_mirkwood_region,WDM,place,† M3 regional lexicon
me_land_4159,Lugnakh Cleft,land,me_anduin_vale_region,GOB,place,† M3 regional lexicon
me_land_4160,Bar gondion,land,me_mirkwood_region,WOO,place,† M3 regional lexicon
me_land_4161,Westmere End,land,me_anduin_vale_region,WDM,place,† M3 regional lexicon
me_land_4162,Kharan Oasis,land,me_far_harad_region,HNE,place,† M3 regional lexicon
me_land_4163,Aldseld,land,me_rohan_region,ROH,place,† M3 regional lexicon
me_land_4164,Calen gondion,land,me_north_arnor_region,WILD,wilderness,† M3 regional lexicon
me_land_4165,Mauhnakh Cleft,land,me_mordor_region,MOR,place,† M3 regional lexicon
me_land_4166,Palewater Sound,land,me_northern_wastes_region,WILD,wilderness,† M3 regional lexicon
me_land_4167,Alderridge End,land,me_anduin_vale_region,WILD,wilderness,† M3 regional lexicon
me_land_4168,Beorseld,land,me_rohan_region,ROH,place,† M3 regional lexicon
me_land_4169,Sealwater Sound,land,me_northern_wastes_region,WILD,wilderness,† M3 regional lexicon
me_land_4170,Celon gondion,land,me_lebennin_region,GON,place,† M3 regional lexicon
me_land_4171,Snowwater Sound,land,me_northern_wastes_region,WILD,wilderness,† M3 regional lexicon
me_land_4172,Mahran Oasis,land,me_near_harad_region,UMB,place,† M3 regional lexicon
me_land_4173,Naran Oasis,land,me_near_harad_region,UMB,place,† M3 regional lexicon
me_land_4174,Ashridge End,land,me_enedwaith_region,WILD,wilderness,† M3 regional lexicon
me_land_4175,Muzgnakh Cleft,land,me_ithilien_region,MOR,place,† M3 regional lexicon
me_land_4176,Starwater Sound,land,me_northern_wastes_region,WILD,wilderness,† M3 regional lexicon
me_land_4177,Qasan Oasis,land,me_near_harad_region,UMB,place,† M3 regional lexicon
me_land_4178,Nazgnakh Cleft,land,me_mordor_region,MOR,place,† M3 regional lexicon
me_land_4179,Nim gondion,land,me_north_arnor_region,WILD,wilderness,† M3 regional lexicon
me_land_4180,Amon lothion,land,me_ithilien_region,WILD,wilderness,† M3 regional lexicon
me_land_4181,Zorun Steppe,land,me_rhun_region,RHU,place,† M3 regional lexicon
me_land_4182,Skainakh Cleft,land,me_mordor_region,MOR,place,† M3 regional lexicon
me_land_4183,Barrowridge End,land,me_enedwaith_region,DUN,place,† M3 regional lexicon
me_land_4184,Balur Steppe,land,me_rhun_region,RHU,place,† M3 regional lexicon
me_land_4185,Dumgathol,land,me_lindon_region,BLU,place,† M3 regional lexicon
me_land_4186,Northness,land,me_rhun_region,DOR,place,† M3 regional lexicon
me_land_4187,Uglnakh Cleft,land,me_mordor_region,MOR,place,† M3 regional lexicon
me_land_4188,Rakhan Oasis,land,me_near_harad_region,UMB,place,† M3 regional lexicon
me_land_4189,Borur Steppe,land,me_rhun_region,RH2,place,† M3 regional lexicon
me_land_4190,Whitewater Sound,land,me_northern_wastes_region,WILD,wilderness,† M3 regional lexicon
me_land_4191,Dol lothion,land,me_mirkwood_region,WOO,place,† M3 regional lexicon
me_land_4192,Uruknakh Cleft,land,me_mordor_region,MOR,place,† M3 regional lexicon
me_land_4193,Gathur Steppe,land,me_rhun_region,RHU,place,† M3 regional lexicon
me_land_4194,Eithel lothion,land,me_anorien_region,GON,place,† M3 regional lexicon
me_land_4195,Sahran Oasis,land,me_near_harad_region,HNE,place,† M3 regional lexicon
me_land_4196,Emyn lothion,land,me_ithilien_region,WILD,wilderness,† M3 regional lexicon
me_land_4197,Karmur Steppe,land,me_rhun_region,RHU,place,† M3 regional lexicon
me_land_4198,Ashshak Cleft,land,me_mordor_region,MOR,place,† M3 regional lexicon
me_land_4199,Winterwater Sound,land,me_northern_wastes_region,WILD,wilderness,† M3 regional lexicon
me_land_4200,Imlad lothion,land,me_ithilien_region,WILD,wilderness,† M3 regional lexicon
me_land_4201,Tazan Oasis,land,me_near_harad_region,HNE,place,† M3 regional lexicon
me_land_4202,Coldbay Waste,land,me_northern_wastes_region,WILD,wilderness,† M3 regional lexicon
me_land_4203,Minas lothion,land,me_south_gondor_region,GON,place,† M3 regional lexicon
me_land_4204,Umran Oasis,land,me_far_harad_region,HFA,place,† M3 regional lexicon
me_land_4205,Ost lothion,land,me_south_gondor_region,GON,place,† M3 regional lexicon
me_land_4206,Hollycroft,land,me_shire_breeland_region,WILD,wilderness,† M3 regional lexicon
me_land_4207,Taur lothion,land,me_north_arnor_region,WILD,wilderness,† M3 regional lexicon
me_land_4208,Khurur Steppe,land,me_rhun_region,RH2,place,† M3 regional lexicon
me_land_4209,Wainhold,land,me_rhun_region,RH2,city,† seat invented for a wain-kingdom
me_land_4210,Zaran Oasis,land,me_near_harad_region,UMB,place,† M3 regional lexicon
me_land_4211,Bar lothion,land,me_ithilien_region,WILD,wilderness,† M3 regional lexicon
me_land_4212,Calen lothion,land,me_belfalas_region,GON,place,† M3 regional lexicon
me_land_4213,Driftbay Waste,land,me_northern_wastes_region,WILD,wilderness,† M3 regional lexicon
me_land_4214,Targun Camp,land,me_khand_region,KHA,place,† M3 regional lexicon
me_land_4215,Azrara Oasis,land,me_far_harad_region,HFA,place,† M3 regional lexicon
me_land_4216,Azgshak Cleft,land,me_north_arnor_region,ANG,place,† M3 regional lexicon
me_land_4217,Firdeep,land,me_rohan_region,FAN,place,† M3 regional lexicon
me_land_4218,Frostbay Waste,land,me_northern_wastes_region,WILD,wilderness,† M3 regional lexicon
me_land_4219,Icebay Waste,land,me_northern_wastes_region,WILD,wilderness,† M3 regional lexicon
me_land_4220,Leafdeep,land,me_rohan_region,FAN,place,† M3 regional lexicon
me_land_4221,Lodur Steppe,land,me_rhun_region,RH2,place,† M3 regional lexicon
me_land_4222,Blackshak Cleft,land,me_mirkwood_region,DOL,place,† M3 regional lexicon
me_land_4223,Celon lothion,land,me_lebennin_region,GON,place,† M3 regional lexicon
me_land_4224,Nim lothion,land,me_lindon_region,LIN,place,† M3 regional lexicon
me_land_4225,Amon mornion,land,me_brown_lands_region,WILD,wilderness,† M3 regional lexicon
me_land_4226,Northbay Waste,land,me_northern_wastes_region,WILD,wilderness,† M3 regional lexicon
me_land_4227,Beaconridge End,land,me_enedwaith_region,WILD,wilderness,† M3 regional lexicon
me_land_4228,Varkun Camp,land,me_far_harad_region,KHA,place,† M3 regional lexicon
me_land_4229,Dol mornion,land,me_belfalas_region,DAM,place,† M3 regional lexicon
me_land_4230,Burzshak Cleft,land,me_mordor_region,MOR,place,† M3 regional lexicon
me_land_4231,Woodholt,land,me_anduin_vale_region,BEO,place,† M3 regional lexicon
me_land_4232,Eithel mornion,land,me_anduin_vale_region,LOR,place,† M3 regional lexicon
me_land_4233,Blackridge End,land,me_enedwaith_region,DUN,place,† M3 regional lexicon
me_land_4234,Dushshak Cleft,land,me_mordor_region,MOR,place,† M3 regional lexicon
me_land_4235,Bahrara Oasis,land,me_near_harad_region,HRA,place,† M3 regional lexicon
me_land_4236,Darara Oasis,land,me_umbar_region,UMB,place,† M3 regional lexicon
me_land_4237,Emyn mornion,land,me_north_arnor_region,WILD,wilderness,† M3 regional lexicon
me_land_4238,Ghashshak Cleft,land,me_mordor_region,MOR,place,† M3 regional lexicon
me_land_4239,Brambleridge End,land,me_enedwaith_region,WILD,wilderness,† M3 regional lexicon
me_land_4240,Imlad mornion,land,me_belfalas_region,GON,place,† M3 regional lexicon
me_land_4241,Palebay Waste,land,me_northern_wastes_region,WILD,wilderness,† M3 regional lexicon
me_land_4242,Minas mornion,land,me_anduin_vale_region,LOR,place,† M3 regional lexicon
me_land_4243,Narur Steppe,land,me_rhun_region,RHU,place,† M3 regional lexicon
me_land_4244,Zandun Camp,land,me_near_harad_region,KHA,place,† M3 regional lexicon
me_land_4245,Farara Oasis,land,me_umbar_region,UMB,place,† M3 regional lexicon
me_land_4246,Gorshak Cleft,land,me_mordor_region,MOR,place,† M3 regional lexicon
me_land_4247,Rhovur Steppe,land,me_rhun_region,RH2,place,† M3 regional lexicon
me_land_4248,Sealbay Waste,land,me_northern_wastes_region,WILD,wilderness,† M3 regional lexicon
me_land_4249,Bucklandridge End,land,me_enedwaith_region,WILD,wilderness,† M3 regional lexicon
me_land_4250,Ost mornion,land,me_brown_lands_region,WILD,wilderness,† M3 regional lexicon
me_land_4251,Arzak Ford,land,me_khand_region,KHA,place,† M3 regional lexicon
me_land_4252,Taur mornion,land,me_lindon_region,LIN,place,† M3 regional lexicon
me_land_4253,Bar mornion,land,me_brown_lands_region,WILD,wilderness,† M3 regional lexicon
me_land_4254,Sagur Steppe,land,me_rhun_region,RH2,place,† M3 regional lexicon
me_land_4255,Balkak Ford,land,me_khand_region,KHA,place,† M3 regional lexicon
me_land_4256,Calen mornion,land,me_belfalas_region,GON,place,† M3 regional lexicon
me_land_4257,Celon mornion,land,me_brown_lands_region,WILD,wilderness,† M3 regional lexicon
me_land_4258,Cedarridge End,land,me_enedwaith_region,WILD,wilderness,† M3 regional lexicon
me_land_4259,Sharur Steppe,land,me_rhun_region,RHU,place,† M3 regional lexicon
me_land_4260,Uldur Steppe,land,me_rhun_region,RH2,place,† M3 regional lexicon
me_land_4261,Deepridge End,land,me_enedwaith_region,DUN,place,† M3 regional lexicon
me_land_4262,Hadrara Oasis,land,me_umbar_region,UMB,place,† M3 regional lexicon
me_land_4263,Nim mornion,land,me_shire_breeland_region,RIV,place,† M3 regional lexicon
me_land_4264,Grishshak Cleft,land,me_ithilien_region,MOR,place,† M3 regional lexicon
me_land_4265,Eastridge End,land,me_anduin_vale_region,WILD,wilderness,† M3 regional lexicon
me_land_4266,Amon nenion,land,me_north_arnor_region,WILD,wilderness,† M3 regional lexicon
me_land_4267,Dol nenion,land,me_lindon_region,LIN,place,† M3 regional lexicon
me_land_4268,Krimpshak Cleft,land,me_angmar_region,ANG,place,† M3 regional lexicon
me_land_4269,Lugshak Cleft,land,me_rohan_region,ISE,place,† M3 regional lexicon
me_land_4270,Mauhshak Cleft,land,me_mordor_region,MOR,place,† M3 regional lexicon
me_land_4271,Kharara Oasis,land,me_umbar_region,UMB,place,† M3 regional lexicon
me_land_4272,Wainur Steppe,land,me_rhun_region,RHU,place,† M3 regional lexicon
me_land_4273,Muzgshak Cleft,land,me_mordor_region,MOR,place,† M3 regional lexicon
me_land_4274,Zorur Steppe,land,me_rhun_region,RH2,place,† M3 regional lexicon
me_land_4275,Eithel nenion,land,me_north_arnor_region,WILD,wilderness,† M3 regional lexicon
me_land_4276,Nazgshak Cleft,land,me_ithilien_region,MOR,place,† M3 regional lexicon
me_land_4277,Balach of Balach,land,me_rhun_region,RH2,place,† M3 regional lexicon
me_land_4278,Felekgathol,land,me_grey_mountains_region,ERE,place,† M3 regional lexicon
me_land_4279,Borach of Balach,land,me_rhun_region,RH3,place,† M3 regional lexicon
me_land_4280,Snowbay Waste,land,me_northern_wastes_region,WILD,wilderness,† M3 regional lexicon
me_land_4281,Emyn nenion,land,me_belfalas_region,DAM,place,† M3 regional lexicon
me_land_4282,Imlad nenion,land,me_brown_lands_region,WILD,wilderness,† M3 regional lexicon
me_land_4283,Gathach of Balach,land,me_rhun_region,RHU,place,† M3 regional lexicon
me_land_4284,Starbay Waste,land,me_northern_wastes_region,WILD,wilderness,† M3 regional lexicon
me_land_4285,Skaishak Cleft,land,me_north_arnor_region,ANG,place,† M3 regional lexicon
me_land_4286,Karmach of Balach,land,me_rhun_region,RH2,place,† M3 regional lexicon
me_land_4287,Khurach of Balach,land,me_rhun_region,RH3,place,† M3 regional lexicon
me_land_4288,Minas nenion,land,me_brown_lands_region,WILD,wilderness,† M3 regional lexicon
me_land_4289,Lodach of Balach,land,me_rhun_region,RH3,place,† M3 regional lexicon
me_land_4290,Narach of Balach,land,me_rhun_region,RH2,place,† M3 regional lexicon
me_land_4291,Greenridge End,land,me_enedwaith_region,WILD,wilderness,† M3 regional lexicon
me_land_4292,Whitebay Waste,land,me_northern_wastes_region,WILD,wilderness,† M3 regional lexicon
me_land_4293,Mahrara Oasis,land,me_umbar_region,UMB,place,† M3 regional lexicon
me_land_4294,Uglshak Cleft,land,me_mordor_region,MOR,place,† M3 regional lexicon
me_land_4295,Ost nenion,land,me_mirkwood_region,WOO,place,† M3 regional lexicon
me_land_4296,Gamilgathol,land,me_lindon_region,BLU,place,† M3 regional lexicon
me_land_4297,Gatholgathol,land,me_lindon_region,BLU,place,† M3 regional lexicon
me_land_4298,Greyridge End,land,me_anduin_vale_region,WDM,place,† M3 regional lexicon
me_land_4299,Narara Oasis,land,me_near_harad_region,HNE,place,† M3 regional lexicon
me_land_4300,Longridge End,land,me_enedwaith_region,DUN,place,† M3 regional lexicon
me_land_4301,Rhovach of Balach,land,me_rhun_region,RH2,place,† M3 regional lexicon
me_land_4302,Bregoseld,land,me_rohan_region,ROH,place,† M3 regional lexicon
me_land_4303,Merrycroft,land,me_shire_breeland_region,SHI,place,† M3 regional lexicon
me_land_4304,Sagach of Balach,land,me_rhun_region,RHU,place,† M3 regional lexicon
me_land_4305,Taur nenion,land,me_lebennin_region,GON,place,† M3 regional lexicon
me_land_4306,Urukshak Cleft,land,me_mordor_region,MOR,place,† M3 regional lexicon
me_land_4307,Ashsnaga Cleft,land,me_ithilien_region,MOR,place,† M3 regional lexicon
me_land_4308,Bar nenion,land,me_north_arnor_region,WILD,wilderness,† M3 regional lexicon
me_land_4309,Qasara Oasis,land,me_far_harad_region,HFA,place,† M3 regional lexicon
me_land_4310,Mosscroft,land,me_shire_breeland_region,WILD,wilderness,† M3 regional lexicon
me_land_4311,Sharach of Balach,land,me_rhun_region,RHU,place,† M3 regional lexicon
me_land_4312,Calen nenion,land,me_north_arnor_region,WILD,wilderness,† M3 regional lexicon
me_land_4313,Winterbay Waste,land,me_northern_wastes_region,WILD,wilderness,† M3 regional lexicon
me_land_4314,Rakhara Oasis,land,me_umbar_region,UMB,place,† M3 regional lexicon
me_land_4315,Ceorlseld,land,me_rohan_region,ROH,place,† M3 regional lexicon
me_land_4316,Celon nenion,land,me_brown_lands_region,WILD,wilderness,† M3 regional lexicon
me_land_4317,Nim nenion,land,me_north_arnor_region,WILD,wilderness,† M3 regional lexicon
me_land_4318,Northridge End,land,me_anduin_vale_region,WILD,wilderness,† M3 regional lexicon
me_land_4319,Azgsnaga Cleft,land,me_angmar_region,GUN,place,† M3 regional lexicon
me_land_4320,Nutcroft,land,me_shire_breeland_region,SHI,place,† M3 regional lexicon
me_land_4321,Drazak Ford,land,me_khand_region,KHA,place,† M3 regional lexicon
me_land_4322,Blacksnaga Cleft,land,me_ithilien_region,MOR,place,† M3 regional lexicon
me_land_4323,Oakridge End,land,me_enedwaith_region,WILD,wilderness,† M3 regional lexicon
me_land_4324,Uldach of Balach,land,me_rhun_region,RH2,place,† M3 regional lexicon
me_land_4325,Southridge End,land,me_enedwaith_region,DUN,place,† M3 regional lexicon
me_land_4326,Wainach of Balach,land,me_rhun_region,RH2,place,† M3 regional lexicon
me_land_4327,Sahrara Oasis,land,me_far_harad_region,HFA,place,† M3 regional lexicon
me_land_4328,Burzsnaga Cleft,land,me_brown_lands_region,DOL,place,† M3 regional lexicon
me_land_4329,Dushsnaga Cleft,land,me_ithilien_region,MOR,place,† M3 regional lexicon
me_land_4330,Amon rathion,land,me_mirkwood_region,WOO,place,† M3 regional lexicon
me_land_4331,Coldcamp Waste,land,me_northern_wastes_region,WILD,wilderness,† M3 regional lexicon
me_land_4332,Dol rathion,land,me_belfalas_region,DAM,place,† M3 regional lexicon
me_land_4333,Driftcamp Waste,land,me_northern_wastes_region,WILD,wilderness,† M3 regional lexicon
me_land_4334,Ghashsnaga Cleft,land,me_mordor_region,MOR,place,† M3 regional lexicon
me_land_4335,Eithel rathion,land,me_north_arnor_region,WILD,wilderness,† M3 regional lexicon
me_land_4336,Rushcroft,land,me_shire_breeland_region,SHI,place,† M3 regional lexicon
me_land_4337,Gorsnaga Cleft,land,me_ithilien_region,MOR,place,† M3 regional lexicon
me_land_4338,Gundgathol,land,me_lindon_region,BLU,place,† M3 regional lexicon
me_land_4339,Tazara Oasis,land,me_near_harad_region,HRA,place,† M3 regional lexicon
me_land_4340,Emyn rathion,land,me_north_arnor_region,WILD,wilderness,† M3 regional lexicon
me_land_4341,Gharak Ford,land,me_khand_region,KHA,place,† M3 regional lexicon
me_land_4342,Imlad rathion,land,me_north_arnor_region,WILD,wilderness,† M3 regional lexicon
me_land_4343,Minas rathion,land,me_mirkwood_region,WOO,place,† M3 regional lexicon
me_land_4344,Zorach of Balach,land,me_rhun_region,RHU,place,† M3 regional lexicon
me_land_4345,Grishsnaga Cleft,land,me_mordor_region,MOR,place,† M3 regional lexicon
me_land_4346,Krimpsnaga Cleft,land,me_anduin_vale_region,MOA,place,† M3 regional lexicon
me_land_4347,Lugsnaga Cleft,land,me_mordor_region,MOR,place,† M3 regional lexicon
me_land_4348,Umrara Oasis,land,me_near_harad_region,UMB,place,† M3 regional lexicon
me_land_4349,Mauhsnaga Cleft,land,me_mordor_region,MOR,place,† M3 regional lexicon
me_land_4350,Muzgsnaga Cleft,land,me_ithilien_region,MOR,place,† M3 regional lexicon
me_land_4351,Balad of Balach,land,me_rhun_region,RH2,place,† M3 regional lexicon
me_land_4352,Frostcamp Waste,land,me_northern_wastes_region,WILD,wilderness,† M3 regional lexicon
me_land_4353,Ost rathion,land,me_belfalas_region,GON,place,† M3 regional lexicon
me_land_4354,Borad of Balach,land,me_rhun_region,RH2,place,† M3 regional lexicon
me_land_4355,Stoneridge End,land,me_anorien_region,DRU,place,† M3 regional lexicon
me_land_4356,Taur rathion,land,me_brown_lands_region,WILD,wilderness,† M3 regional lexicon
me_land_4357,Bar rathion,land,me_lindon_region,LIN,place,† M3 regional lexicon
me_land_4358,Calen rathion,land,me_lindon_region,LIN,place,† M3 regional lexicon
me_land_4359,Icecamp Waste,land,me_northern_wastes_region,WILD,wilderness,† M3 regional lexicon
me_land_4360,Gathad of Balach,land,me_rhun_region,RH2,place,† M3 regional lexicon
me_land_4361,Nazgsnaga Cleft,land,me_enedwaith_region,ISE,place,† M3 regional lexicon
me_land_4362,Celon rathion,land,me_ithilien_region,WILD,wilderness,† M3 regional lexicon
me_land_4363,Nim rathion,land,me_north_arnor_region,WILD,wilderness,† M3 regional lexicon
me_land_4364,Amon sarnion,land,me_belfalas_region,GON,place,† M3 regional lexicon
me_land_4365,Skaisnaga Cleft,land,me_mordor_region,MOR,place,† M3 regional lexicon
me_land_4366,Dol sarnion,land,me_belfalas_region,GON,place,† M3 regional lexicon
me_land_4367,Northcamp Waste,land,me_northern_wastes_region,WILD,wilderness,† M3 regional lexicon
me_land_4368,Karmad of Balach,land,me_rhun_region,RH3,place,† M3 regional lexicon
me_land_4369,Zarara Oasis,land,me_umbar_region,UMB,place,† M3 regional lexicon
me_land_4370,Azrasir Oasis,land,me_near_harad_region,HNE,place,† M3 regional lexicon
me_land_4371,Westridge End,land,me_enedwaith_region,DUN,place,† M3 regional lexicon
me_land_4372,Khazgathol,land,me_lindon_region,BLU,place,† M3 regional lexicon
me_land_4373,Eithel sarnion,land,me_brown_lands_region,WILD,wilderness,† M3 regional lexicon
me_land_4374,Uglsnaga Cleft,land,me_mordor_region,MOR,place,† M3 regional lexicon
me_land_4375,Palecamp Waste,land,me_northern_wastes_region,WILD,wilderness,† M3 regional lexicon
me_land_4376,Sealcamp Waste,land,me_northern_wastes_region,WILD,wilderness,† M3 regional lexicon
me_land_4377,Thistlecroft,land,me_shire_breeland_region,WILD,wilderness,† M3 regional lexicon
me_land_4378,Bahrasir Oasis,land,me_far_harad_region,HRA,place,† M3 regional lexicon
me_land_4379,Alderstead End,land,me_anduin_vale_region,WDM,place,† M3 regional lexicon
me_land_4380,Kheledgathol,land,me_grey_mountains_region,ERE,place,† M3 regional lexicon
me_land_4381,Emyn sarnion,land,me_south_gondor_region,GON,place,† M3 regional lexicon
me_land_4382,Khurad of Balach,land,me_rhun_region,RH2,place,† M3 regional lexicon
me_land_4383,Uruksnaga Cleft,land,me_enedwaith_region,ISE,place,† M3 regional lexicon
me_land_4384,Ashstead End,land,me_enedwaith_region,DUN,place,† M3 regional lexicon
me_land_4385,Barrowstead End,land,me_enedwaith_region,DUN,place,† M3 regional lexicon
me_land_4386,Imlad sarnion,land,me_mirkwood_region,WOO,place,† M3 regional lexicon
me_land_4387,Snowcamp Waste,land,me_northern_wastes_region,WILD,wilderness,† M3 regional lexicon
me_land_4388,Minas sarnion,land,me_ithilien_region,WILD,wilderness,† M3 regional lexicon
me_land_4389,Beaconstead End,land,me_enedwaith_region,DUN,place,† M3 regional lexicon
me_land_4390,Narggathol,land,me_grey_mountains_region,ERE,place,† M3 regional lexicon
me_land_4391,Lodad of Balach,land,me_rhun_region,RHU,place,† M3 regional lexicon
me_land_4392,Ashzagh Cleft,land,me_mordor_region,MOR,place,† M3 regional lexicon
me_land_4393,Ost sarnion,land,me_north_arnor_region,WILD,wilderness,† M3 regional lexicon
me_land_4394,Narad of Balach,land,me_rhun_region,RHU,place,† M3 regional lexicon
me_land_4395,Starcamp Waste,land,me_forochel_region,LOS,place,† M3 regional lexicon
me_land_4396,Rhovad of Balach,land,me_rhun_region,RHU,place,† M3 regional lexicon
me_land_4397,Taur sarnion,land,me_enedwaith_region,RAN,place,† M3 regional lexicon
me_land_4398,Bar sarnion,land,me_north_arnor_region,WILD,wilderness,† M3 regional lexicon
me_land_4399,Blackstead End,land,me_anduin_vale_region,WDM,place,† M3 regional lexicon
me_land_4400,Sagad of Balach,land,me_rhun_region,RHU,place,† M3 regional lexicon
me_land_4401,Darasir Oasis,land,me_near_harad_region,HNE,place,† M3 regional lexicon
me_land_4402,Kandak Ford,land,me_khand_region,KHA,place,† M3 regional lexicon
me_land_4403,Azgzagh Cleft,land,me_mordor_region,MOR,place,† M3 regional lexicon
me_land_4404,Déorseld,land,me_rohan_region,ROH,place,† M3 regional lexicon
me_land_4405,Calen sarnion,land,me_lebennin_region,GON,place,† M3 regional lexicon
me_land_4406,Bramblestead End,land,me_mirkwood_region,WDM,place,† M3 regional lexicon
me_land_4407,Whitecamp Waste,land,me_northern_wastes_region,WILD,wilderness,† M3 regional lexicon
me_land_4408,Celon sarnion,land,me_anorien_region,GON,place,† M3 regional lexicon
me_land_4409,Sharad of Balach,land,me_rhun_region,RH2,place,† M3 regional lexicon
me_land_4410,Nim sarnion,land,me_lebennin_region,GON,place,† M3 regional lexicon
me_land_4411,Blackzagh Cleft,land,me_ithilien_region,MOR,place,† M3 regional lexicon
me_land_4412,Farasir Oasis,land,me_near_harad_region,HNE,place,† M3 regional lexicon
me_land_4413,Eorlseld,land,me_rohan_region,ROH,place,† M3 regional lexicon
me_land_4414,Uldad of Balach,land,me_rhun_region,RH2,place,† M3 regional lexicon
me_land_4415,Wintercamp Waste,land,me_northern_wastes_region,WILD,wilderness,† M3 regional lexicon
me_land_4416,Burzzagh Cleft,land,me_north_arnor_region,ANG,place,† M3 regional lexicon
me_land_4417,Bucklandstead End,land,me_anduin_vale_region,WDM,place,† M3 regional lexicon
me_land_4418,Amon thoronion,land,me_lebennin_region,GON,place,† M3 regional lexicon
me_land_4419,Cedarstead End,land,me_enedwaith_region,DUN,place,† M3 regional lexicon
me_land_4420,Dol thoronion,land,me_north_arnor_region,RAN,place,† M3 regional lexicon
me_land_4421,Deepstead End,land,me_enedwaith_region,DUN,place,† M3 regional lexicon
me_land_4422,Wainad of Balach,land,me_rhun_region,RHU,place,† M3 regional lexicon
me_land_4423,Dushzagh Cleft,land,me_ithilien_region,MOR,place,† M3 regional lexicon
me_land_4424,Khazak Ford,land,me_khand_region,KHA,place,† M3 regional lexicon
me_land_4425,Ghashzagh Cleft,land,me_mordor_region,MOR,place,† M3 regional lexicon
me_land_4426,Zorad of Balach,land,me_rhun_region,RH2,place,† M3 regional lexicon
me_land_4427,Coldfell Waste,land,me_northern_wastes_region,WILD,wilderness,† M3 regional lexicon
me_land_4428,Eaststead End,land,me_enedwaith_region,DUN,place,† M3 regional lexicon
me_land_4429,Gorzagh Cleft,land,me_mirkwood_region,DOL,place,† M3 regional lexicon
me_land_4430,Driftfell Waste,land,me_northern_wastes_region,WILD,wilderness,† M3 regional lexicon
me_land_4431,Eithel thoronion,land,me_north_arnor_region,RAN,place,† M3 regional lexicon
me_land_4432,Hadrasir Oasis,land,me_near_harad_region,HNE,place,† M3 regional lexicon
me_land_4433,Kharasir Oasis,land,me_far_harad_region,HFA,place,† M3 regional lexicon
me_land_4434,Greenstead End,land,me_enedwaith_region,WILD,wilderness,† M3 regional lexicon
me_land_4435,Emyn thoronion,land,me_mirkwood_region,WOO,place,† M3 regional lexicon
me_land_4436,Balar of Balach,land,me_rhun_region,RH2,place,† M3 regional lexicon
me_land_4437,Grishzagh Cleft,land,me_mordor_region,MOR,place,† M3 regional lexicon
me_land_4438,Folcseld,land,me_rohan_region,ROH,place,† M3 regional lexicon
me_land_4439,Krimpzagh Cleft,land,me_grey_mountains_region,GUN,place,† M3 regional lexicon
me_land_4440,Lugzagh Cleft,land,me_ithilien_region,MOR,place,† M3 regional lexicon
me_land_4441,Mauhzagh Cleft,land,me_anduin_vale_region,GOB,place,† M3 regional lexicon
me_land_4442,Borar of Balach,land,me_rhun_region,RH3,place,† M3 regional lexicon
me_land_4443,Framseld,land,me_rohan_region,ROH,place,† M3 regional lexicon
me_land_4444,Frostfell Waste,land,me_northern_wastes_region,WILD,wilderness,† M3 regional lexicon
me_land_4445,Mahrasir Oasis,land,me_near_harad_region,HNE,place,† M3 regional lexicon
me_land_4446,Imlad thoronion,land,me_south_gondor_region,GON,place,† M3 regional lexicon
me_land_4447,Gathar of Balach,land,me_rhun_region,RH3,place,† M3 regional lexicon
me_land_4448,Khorak Ford,land,me_khand_region,KHA,place,† M3 regional lexicon
me_land_4449,Mountains of Mirkwood,land,me_mirkwood_region,WOO,landmark,LOTR map
me_land_4450,Muzgzagh Cleft,land,me_mordor_region,MOR,place,† M3 regional lexicon
me_land_4451,Minas thoronion,land,me_brown_lands_region,WILD,wilderness,† M3 regional lexicon
me_land_4452,Ost thoronion,land,me_lebennin_region,GON,place,† M3 regional lexicon
me_land_4453,Ravenness,land,me_rhun_region,DOR,place,† M3 regional lexicon
me_land_4454,Nazgzagh Cleft,land,me_ithilien_region,MOR,place,† M3 regional lexicon
me_land_4455,Skaizagh Cleft,land,me_rohan_region,ISE,place,† M3 regional lexicon
me_land_4456,Uglzagh Cleft,land,me_ithilien_region,MOR,place,† M3 regional lexicon
me_land_4457,Taur thoronion,land,me_lebennin_region,GON,place,† M3 regional lexicon
me_land_4458,Karmar of Balach,land,me_rhun_region,RHU,place,† M3 regional lexicon
me_land_4459,Khurar of Balach,land,me_rhun_region,RH2,place,† M3 regional lexicon
me_land_4460,Urukzagh Cleft,land,me_ithilien_region,MOR,place,† M3 regional lexicon
me_land_4461,Icefell Waste,land,me_northern_wastes_region,WILD,wilderness,† M3 regional lexicon
me_land_4462,Lodar of Balach,land,me_rhun_region,RH3,place,† M3 regional lexicon
me_land_4463,Greystead End,land,me_anduin_vale_region,WDM,place,† M3 regional lexicon
me_land_4464,Ashbag Den,land,me_mordor_region,MOR,place,† M3 regional lexicon
me_land_4465,Ruzak Ford,land,me_khand_region,KHA,place,† M3 regional lexicon
me_land_4466,Bar thoronion,land,me_ithilien_region,WILD,wilderness,† M3 regional lexicon
me_land_4467,Calen thoronion,land,me_north_arnor_region,WILD,wilderness,† M3 regional lexicon
me_land_4468,Narar of Balach,land,me_rhun_region,RHU,place,† M3 regional lexicon
me_land_4469,Azgbag Den,land,me_ithilien_region,MOR,place,† M3 regional lexicon
me_land_4470,Shargathol,land,me_lindon_region,BLU,place,† M3 regional lexicon
me_land_4471,Longstead End,land,me_mirkwood_region,WDM,place,† M3 regional lexicon
me_land_4472,Bearmead,land,me_anduin_vale_region,BEO,place,† M3 regional lexicon
me_land_4473,Celon thoronion,land,me_belfalas_region,GON,place,† M3 regional lexicon
me_land_4474,Rhovar of Balach,land,me_rhun_region,RH2,place,† M3 regional lexicon
me_land_4475,Northfell Waste,land,me_northern_wastes_region,WILD,wilderness,† M3 regional lexicon
me_land_4476,Blackbag Den,land,me_mordor_region,MOR,place,† M3 regional lexicon
me_land_4477,Palefell Waste,land,me_forochel_region,LOS,place,† M3 regional lexicon
me_land_4478,Sagar of Balach,land,me_rhun_region,RH2,place,† M3 regional lexicon
me_land_4479,Nim thoronion,land,me_mirkwood_region,WOO,place,† M3 regional lexicon
me_land_4480,Willowcroft,land,me_shire_breeland_region,SHI,place,† M3 regional lexicon
me_land_4481,Amon adarlad,land,me_anduin_vale_region,LOR,place,† M3 regional lexicon
me_land_4482,Dol adarlad,land,me_lindon_region,LIN,place,† M3 regional lexicon
me_land_4483,Eithel adarlad,land,me_brown_lands_region,WILD,wilderness,† M3 regional lexicon
me_land_4484,Burzbag Den,land,me_ithilien_region,MOR,place,† M3 regional lexicon
me_land_4485,Emyn adarlad,land,me_south_gondor_region,GON,place,† M3 regional lexicon
me_land_4486,Sharar of Balach,land,me_rhun_region,RHU,place,† M3 regional lexicon
me_land_4487,Cirith Ungol,land,me_ithilien_region,MOR,fortress,"LOTR, Book IV, Ch. 8"
me_land_4488,Dushbag Den,land,me_ithilien_region,MOR,place,† M3 regional lexicon
me_land_4489,Narasir Oasis,land,me_far_harad_region,HRA,place,† M3 regional lexicon
me_land_4490,Uldar of Balach,land,me_rhun_region,RH2,place,† M3 regional lexicon
me_land_4491,Skarnak Ford,land,me_far_harad_region,KHA,place,† M3 regional lexicon
me_land_4492,Qasasir Oasis,land,me_umbar_region,UMB,place,† M3 regional lexicon
me_land_4493,Northstead End,land,me_enedwaith_region,WILD,wilderness,† M3 regional lexicon
me_land_4494,Oakstead End,land,me_enedwaith_region,DUN,place,† M3 regional lexicon
me_land_4495,Tharbad,land,me_enedwaith_region,DUN,ruin,"LOTR, Appendix A"
me_land_4496,Targak Ford,land,me_khand_region,KHA,place,† M3 regional lexicon
me_land_4497,Imlad adarlad,land,me_lebennin_region,GON,place,† M3 regional lexicon
me_land_4498,Varkak Ford,land,me_khand_region,KHA,place,† M3 regional lexicon
me_land_4499,Ghashbag Den,land,me_mordor_region,MOR,place,† M3 regional lexicon
me_land_4500,Gorbag Den,land,me_mordor_region,MOR,place,† M3 regional lexicon
me_land_4501,Southstead End,land,me_enedwaith_region,DUN,place,† M3 regional lexicon
me_land_4502,Sealfell Waste,land,me_forochel_region,LOS,place,† M3 regional lexicon
me_land_4503,Rakhasir Oasis,land,me_near_harad_region,HNE,place,† M3 regional lexicon
me_land_4504,Snowfell Waste,land,me_northern_wastes_region,WILD,wilderness,† M3 regional lexicon
me_land_4505,Zandak Ford,land,me_khand_region,KHA,place,† M3 regional lexicon
me_land_4506,Beemead,land,me_anduin_vale_region,BEO,place,† M3 regional lexicon
me_land_4507,Wainar of Balach,land,me_rhun_region,RH2,place,† M3 regional lexicon
me_land_4508,Starfell Waste,land,me_northern_wastes_region,WILD,wilderness,† M3 regional lexicon
me_land_4509,Minas adarlad,land,me_brown_lands_region,WILD,wilderness,† M3 regional lexicon
me_land_4510,Stonestead End,land,me_enedwaith_region,DUN,place,† M3 regional lexicon
me_land_4511,Grishbag Den,land,me_mordor_region,MOR,place,† M3 regional lexicon
me_land_4512,Arzan Ford,land,me_khand_region,KHA,place,† M3 regional lexicon
me_land_4513,Balkan Ford,land,me_near_harad_region,KHA,place,† M3 regional lexicon
me_land_4514,Zorar of Balach,land,me_rhun_region,RH2,place,† M3 regional lexicon
me_land_4515,Weststead End,land,me_enedwaith_region,DUN,place,† M3 regional lexicon
me_land_4516,Krimpbag Den,land,me_grey_mountains_region,GUN,place,† M3 regional lexicon
me_land_4517,Lugbag Den,land,me_mordor_region,MOR,place,† M3 regional lexicon
me_land_4518,Ost adarlad,land,me_lindon_region,LIN,place,† M3 regional lexicon
me_land_4519,Whitefell Waste,land,me_northern_wastes_region,WILD,wilderness,† M3 regional lexicon
me_land_4520,Alderwater End,land,me_anduin_vale_region,WDM,place,† M3 regional lexicon
me_land_4521,Mauhbag Den,land,me_angmar_region,GUN,place,† M3 regional lexicon
me_land_4522,Balath of Balach,land,me_rhun_region,RH3,place,† M3 regional lexicon
me_land_4523,Drazan Ford,land,me_khand_region,KHA,place,† M3 regional lexicon
me_land_4524,Borath of Balach,land,me_rhun_region,RHU,place,† M3 regional lexicon
me_land_4525,Taur adarlad,land,me_lebennin_region,GON,place,† M3 regional lexicon
me_land_4526,Gathath of Balach,land,me_rhun_region,RHU,place,† M3 regional lexicon
me_land_4527,Sahrasir Oasis,land,me_near_harad_region,HNE,place,† M3 regional lexicon
me_land_4528,Grimseld,land,me_rohan_region,ROH,place,† M3 regional lexicon
me_land_4529,Winterfell Waste,land,me_northern_wastes_region,WILD,wilderness,† M3 regional lexicon
me_land_4530,Bar adarlad,land,me_mirkwood_region,WOO,place,† M3 regional lexicon
me_land_4531,Zigilgathol,land,me_grey_mountains_region,ERE,place,† M3 regional lexicon
me_land_4532,Calen adarlad,land,me_lebennin_region,GON,place,† M3 regional lexicon
me_land_4533,Appledelving,land,me_shire_breeland_region,SHI,place,† M3 regional lexicon
me_land_4534,Gharan Ford,land,me_khand_region,KHA,place,† M3 regional lexicon
me_land_4535,Karmath of Balach,land,me_rhun_region,RHU,place,† M3 regional lexicon
me_land_4536,Tazasir Oasis,land,me_near_harad_region,UMB,place,† M3 regional lexicon
me_land_4537,Celon adarlad,land,me_brown_lands_region,WILD,wilderness,† M3 regional lexicon
me_land_4538,Redness,land,me_rhun_region,DOR,place,† M3 regional lexicon
me_land_4539,Helmseld,land,me_rohan_region,ROH,place,† M3 regional lexicon
me_land_4540,Ashwater End,land,me_enedwaith_region,DUN,place,† M3 regional lexicon
me_land_4541,Barrowwater End,land,me_mirkwood_region,WDM,place,† M3 regional lexicon
me_land_4542,Umrasir Oasis,land,me_umbar_region,UMB,place,† M3 regional lexicon
me_land_4543,Muzgbag Den,land,me_mordor_region,MOR,place,† M3 regional lexicon
me_land_4544,Nim adarlad,land,me_belfalas_region,GON,place,† M3 regional lexicon
me_land_4545,Kandan Ford,land,me_khand_region,KHA,place,† M3 regional lexicon
me_land_4546,Khazan Ford,land,me_far_harad_region,KHA,place,† M3 regional lexicon
me_land_4547,Amon aellad,land,me_lebennin_region,GON,place,† M3 regional lexicon
me_land_4548,Dol aellad,land,me_brown_lands_region,WILD,wilderness,† M3 regional lexicon
me_land_4549,Zarasir Oasis,land,me_umbar_region,UMB,place,† M3 regional lexicon
me_land_4550,Khoran Ford,land,me_khand_region,KHA,place,† M3 regional lexicon
me_land_4551,Azrem Oasis,land,me_far_harad_region,HFA,place,† M3 regional lexicon
me_land_4552,Brambledelving,land,me_shire_breeland_region,WILD,wilderness,† M3 regional lexicon
me_land_4553,Beaconwater End,land,me_enedwaith_region,DUN,place,† M3 regional lexicon
me_land_4554,Blackwater End,land,me_enedwaith_region,DUN,place,† M3 regional lexicon
me_land_4555,Westness,land,me_rhun_region,DOR,place,† M3 regional lexicon
me_land_4556,Eithel aellad,land,me_belfalas_region,GON,place,† M3 regional lexicon
me_land_4557,Khurath of Balach,land,me_rhun_region,RH2,place,† M3 regional lexicon
me_land_4558,Nazgbag Den,land,me_mordor_region,MOR,place,† M3 regional lexicon
me_land_4559,Skaibag Den,land,me_angmar_region,GUN,place,† M3 regional lexicon
me_land_4560,Ruzan Ford,land,me_near_harad_region,KHA,place,† M3 regional lexicon
me_land_4561,Skarnan Ford,land,me_khand_region,KHA,place,† M3 regional lexicon
me_land_4562,Bahrem Oasis,land,me_near_harad_region,HNE,place,† M3 regional lexicon
me_land_4563,Lodath of Balach,land,me_rhun_region,RHU,place,† M3 regional lexicon
me_land_4564,Uglbag Den,land,me_brown_lands_region,DOL,place,† M3 regional lexicon
me_land_4565,Targan Ford,land,me_khand_region,KHA,place,† M3 regional lexicon
me_land_4566,Urukbag Den,land,me_mordor_region,MOR,place,† M3 regional lexicon
me_land_4567,Emyn aellad,land,me_lindon_region,LIN,place,† M3 regional lexicon
me_land_4568,Imlad aellad,land,me_south_gondor_region,GON,place,† M3 regional lexicon
me_land_4569,Minas aellad,land,me_belfalas_region,GON,place,† M3 regional lexicon
me_land_4570,Amberstead,land,me_rhun_region,DOR,place,† M3 regional lexicon
me_land_4571,Ost aellad,land,me_south_gondor_region,GON,place,† M3 regional lexicon
me_land_4572,Darem Oasis,land,me_umbar_region,UMB,place,† M3 regional lexicon
me_land_4573,Taur aellad,land,me_belfalas_region,GON,place,† M3 regional lexicon
me_land_4574,Varkan Ford,land,me_far_harad_region,KHA,place,† M3 regional lexicon
me_land_4575,Bar aellad,land,me_north_arnor_region,WILD,wilderness,† M3 regional lexicon
me_land_4576,Bramblewater End,land,me_enedwaith_region,WILD,wilderness,† M3 regional lexicon
me_land_4577,Coldfloe Waste,land,me_northern_wastes_region,WILD,wilderness,† M3 regional lexicon
me_land_4578,Bucklandwater End,land,me_mirkwood_region,WDM,place,† M3 regional lexicon
me_land_4579,Cedarwater End,land,me_enedwaith_region,DUN,place,† M3 regional lexicon
me_land_4580,Deepwater End,land,me_mirkwood_region,WDM,place,† M3 regional lexicon
me_land_4581,Eastwater End,land,me_enedwaith_region,DUN,place,† M3 regional lexicon
me_land_4582,Zandan Ford,land,me_near_harad_region,KHA,place,† M3 regional lexicon
me_land_4583,Bardstead,land,me_dale_region,DAL,place,† M3 regional lexicon
me_land_4584,Farem Oasis,land,me_umbar_region,UMB,place,† M3 regional lexicon
me_land_4585,Driftfloe Waste,land,me_northern_wastes_region,WILD,wilderness,† M3 regional lexicon
me_land_4586,Frostfloe Waste,land,me_forochel_region,LOS,place,† M3 regional lexicon
me_land_4587,Ashburz Den,land,me_mordor_region,MOR,place,† M3 regional lexicon
me_land_4588,Hadrem Oasis,land,me_far_harad_region,HFA,place,† M3 regional lexicon
me_land_4589,Calen aellad,land,me_belfalas_region,GON,place,† M3 regional lexicon
me_land_4590,Bellstead,land,me_rhun_region,DOR,place,† M3 regional lexicon
me_land_4591,Azgburz Den,land,me_mordor_region,MOR,place,† M3 regional lexicon
me_land_4592,Celon aellad,land,me_belfalas_region,DAM,place,† M3 regional lexicon
me_land_4593,Greenwater End,land,me_enedwaith_region,DUN,place,† M3 regional lexicon
me_land_4594,Greywater End,land,me_enedwaith_region,DUN,place,† M3 regional lexicon
me_land_4595,Nim aellad,land,me_belfalas_region,GON,place,† M3 regional lexicon
me_land_4596,Longwater End,land,me_mirkwood_region,WDM,place,† M3 regional lexicon
me_land_4597,Bowstead,land,me_rhun_region,DOR,place,† M3 regional lexicon
me_land_4598,Celduinstead,land,me_rhun_region,DOR,place,† M3 regional lexicon
me_land_4599,Icefloe Waste,land,me_northern_wastes_region,WILD,wilderness,† M3 regional lexicon
me_land_4600,Kharem Oasis,land,me_umbar_region,UMB,place,† M3 regional lexicon
me_land_4601,Amon annonlad,land,me_brown_lands_region,WILD,wilderness,† M3 regional lexicon
me_land_4602,Northwater End,land,me_enedwaith_region,DUN,place,† M3 regional lexicon
me_land_4603,Northfloe Waste,land,me_northern_wastes_region,WILD,wilderness,† M3 regional lexicon
me_land_4604,Palefloe Waste,land,me_northern_wastes_region,WILD,wilderness,† M3 regional lexicon
me_land_4605,Oakwater End,land,me_enedwaith_region,DUN,place,† M3 regional lexicon
me_land_4606,Blackburz Den,land,me_anduin_vale_region,GOB,place,† M3 regional lexicon
me_land_4607,Arzar Ford,land,me_khand_region,KHA,place,† M3 regional lexicon
me_land_4608,Dalestead,land,me_rhun_region,DOR,place,† M3 regional lexicon
me_land_4609,Dol annonlad,land,me_anduin_vale_region,LOR,place,† M3 regional lexicon
me_land_4610,Southwater End,land,me_anduin_vale_region,WDM,place,† M3 regional lexicon
me_land_4611,Narath of Balach,land,me_rhun_region,RH2,place,† M3 regional lexicon
me_land_4612,Eithel annonlad,land,me_mirkwood_region,WOO,place,† M3 regional lexicon
me_land_4613,Rhovath of Balach,land,me_rhun_region,RH3,place,† M3 regional lexicon
me_land_4614,Burzburz Den,land,me_mordor_region,MOR,place,† M3 regional lexicon
me_land_4615,Emyn annonlad,land,me_north_arnor_region,WILD,wilderness,† M3 regional lexicon
me_land_4616,Dushburz Den,land,me_grey_mountains_region,GUN,place,† M3 regional lexicon
me_land_4617,Ghashburz Den,land,me_mordor_region,MOR,place,† M3 regional lexicon
me_land_4618,Sealfloe Waste,land,me_northern_wastes_region,WILD,wilderness,† M3 regional lexicon
me_land_4619,Gorburz Den,land,me_angmar_region,GUN,place,† M3 regional lexicon
me_land_4620,Grishburz Den,land,me_anduin_vale_region,MOA,place,† M3 regional lexicon
me_land_4621,Imlad annonlad,land,me_lebennin_region,GON,place,† M3 regional lexicon
me_land_4622,Fords of Isen,land,me_rohan_region,ISE,landmark,"LOTR, Book III, Ch. 7"
me_land_4623,Mahrem Oasis,land,me_far_harad_region,HFA,place,† M3 regional lexicon
me_land_4624,Krimpburz Den,land,me_angmar_region,GUN,place,† M3 regional lexicon
me_land_4625,Lugburz Den,land,me_ithilien_region,MOR,place,† M3 regional lexicon
me_land_4626,Minas annonlad,land,me_north_arnor_region,WILD,wilderness,† M3 regional lexicon
me_land_4627,Balkar Ford,land,me_khand_region,KHA,place,† M3 regional lexicon
me_land_4628,Snowfloe Waste,land,me_forochel_region,LOS,place,† M3 regional lexicon
me_land_4629,Starfloe Waste,land,me_northern_wastes_region,WILD,wilderness,† M3 regional lexicon
me_land_4630,Sagath of Balach,land,me_rhun_region,RH2,place,† M3 regional lexicon
me_land_4631,Sharath of Balach,land,me_rhun_region,RH2,place,† M3 regional lexicon
me_land_4632,Uldath of Balach,land,me_rhun_region,RH3,place,† M3 regional lexicon
me_land_4633,Ost annonlad,land,me_enedwaith_region,RAN,place,† M3 regional lexicon
me_land_4634,Stonewater End,land,me_anduin_vale_region,WILD,wilderness,† M3 regional lexicon
me_land_4635,Westwater End,land,me_enedwaith_region,DUN,place,† M3 regional lexicon
me_land_4636,Alderwood End,land,me_enedwaith_region,DUN,place,† M3 regional lexicon
me_land_4637,Narem Oasis,land,me_near_harad_region,HRA,place,† M3 regional lexicon
me_land_4638,Mauhburz Den,land,me_mirkwood_region,DOL,place,† M3 regional lexicon
me_land_4639,Taur annonlad,land,me_lindon_region,LIN,place,† M3 regional lexicon
me_land_4640,Ashwood End,land,me_enedwaith_region,DUN,place,† M3 regional lexicon
me_land_4641,Whitefloe Waste,land,me_forochel_region,LOS,place,† M3 regional lexicon
me_land_4642,Wainath of Balach,land,me_rhun_region,RH2,place,† M3 regional lexicon
me_land_4643,Bar annonlad,land,me_north_arnor_region,WILD,wilderness,† M3 regional lexicon
me_land_4644,Winterfloe Waste,land,me_northern_wastes_region,WILD,wilderness,† M3 regional lexicon
me_land_4645,Muzgburz Den,land,me_anduin_vale_region,GOB,place,† M3 regional lexicon
me_land_4646,Esgarstead,land,me_rhun_region,DOR,place,† M3 regional lexicon
me_land_4647,Barrowwood End,land,me_enedwaith_region,DUN,place,† M3 regional lexicon
me_land_4648,Nazgburz Den,land,me_mordor_region,MOR,place,† M3 regional lexicon
me_land_4649,Calen annonlad,land,me_north_arnor_region,WILD,wilderness,† M3 regional lexicon
me_land_4650,Celon annonlad,land,me_belfalas_region,GON,place,† M3 regional lexicon
me_land_4651,Kingstead,land,me_rhun_region,DOR,place,† M3 regional lexicon
me_land_4652,Qasem Oasis,land,me_far_harad_region,HFA,place,† M3 regional lexicon
me_land_4653,Zorath of Balach,land,me_rhun_region,RH3,place,† M3 regional lexicon
me_land_4654,Balen of Balach,land,me_rhun_region,RH2,place,† M3 regional lexicon
me_land_4655,Nim annonlad,land,me_north_arnor_region,WILD,wilderness,† M3 regional lexicon
me_land_4656,Rakhem Oasis,land,me_near_harad_region,HNE,place,† M3 regional lexicon
me_land_4657,Amon bellad,land,me_belfalas_region,GON,place,† M3 regional lexicon
me_land_4658,Boren of Balach,land,me_rhun_region,RH2,place,† M3 regional lexicon
me_land_4659,Drazar Ford,land,me_khand_region,KHA,place,† M3 regional lexicon
me_land_4660,Gathen of Balach,land,me_rhun_region,RHU,place,† M3 regional lexicon
me_land_4661,Karmen of Balach,land,me_rhun_region,RHU,place,† M3 regional lexicon
me_land_4662,Dol bellad,land,me_mirkwood_region,WOO,place,† M3 regional lexicon
me_land_4663,Eithel bellad,land,me_north_arnor_region,WILD,wilderness,† M3 regional lexicon
me_land_4664,Skaiburz Den,land,me_angmar_region,GUN,place,† M3 regional lexicon
me_land_4665,Coldhaven Waste,land,me_northern_wastes_region,WILD,wilderness,† M3 regional lexicon
me_land_4666,Uglburz Den,land,me_ithilien_region,MOR,place,† M3 regional lexicon
me_land_4667,Urukburz Den,land,me_rohan_region,ISE,place,† M3 regional lexicon
me_land_4668,Emyn bellad,land,me_anduin_vale_region,LOR,place,† M3 regional lexicon
me_land_4669,Browndelving,land,me_shire_breeland_region,WILD,wilderness,† M3 regional lexicon
me_land_4670,Azaninbar,land,me_lindon_region,BLU,place,† M3 regional lexicon
me_land_4671,Gharar Ford,land,me_far_harad_region,KHA,place,† M3 regional lexicon
me_land_4672,Sahrem Oasis,land,me_far_harad_region,HRA,place,† M3 regional lexicon
me_land_4673,Imlad bellad,land,me_south_gondor_region,GON,place,† M3 regional lexicon
me_land_4674,Minas bellad,land,me_mirkwood_region,WOO,place,† M3 regional lexicon
me_land_4675,Khuren of Balach,land,me_rhun_region,RHU,place,† M3 regional lexicon
me_land_4676,Drifthaven Waste,land,me_northern_wastes_region,WILD,wilderness,† M3 regional lexicon
me_land_4677,Loden of Balach,land,me_rhun_region,RH2,place,† M3 regional lexicon
me_land_4678,Naren of Balach,land,me_rhun_region,RHU,place,† M3 regional lexicon
me_land_4679,Beaconwood End,land,me_mirkwood_region,WDM,place,† M3 regional lexicon
me_land_4680,Ost bellad,land,me_mirkwood_region,WOO,place,† M3 regional lexicon
me_land_4681,Ashdûr Den,land,me_enedwaith_region,ISE,place,† M3 regional lexicon
me_land_4682,Rhoven of Balach,land,me_rhun_region,RHU,place,† M3 regional lexicon
me_land_4683,Frosthaven Waste,land,me_forochel_region,LOS,place,† M3 regional lexicon
me_land_4684,Blackwood End,land,me_enedwaith_region,DUN,place,† M3 regional lexicon
me_land_4685,Barazinbar,land,me_grey_mountains_region,ERE,place,† M3 regional lexicon
me_land_4686,Taur bellad,land,me_lebennin_region,GON,place,† M3 regional lexicon
me_land_4687,Carrockmead,land,me_anduin_vale_region,BEO,place,† M3 regional lexicon
me_land_4688,Tazem Oasis,land,me_umbar_region,UMB,place,† M3 regional lexicon
me_land_4689,Azgdûr Den,land,me_anduin_vale_region,GOB,place,† M3 regional lexicon
me_land_4690,Bramblewood End,land,me_enedwaith_region,DUN,place,† M3 regional lexicon
me_land_4691,Umrem Oasis,land,me_umbar_region,UMB,place,† M3 regional lexicon
me_land_4692,Blackdûr Den,land,me_mordor_region,MOR,place,† M3 regional lexicon
me_land_4693,Bucklandwood End,land,me_enedwaith_region,WILD,wilderness,† M3 regional lexicon
me_land_4694,Sagen of Balach,land,me_rhun_region,RH2,place,† M3 regional lexicon
me_land_4695,Bar bellad,land,me_brown_lands_region,WILD,wilderness,† M3 regional lexicon
me_land_4696,Calen bellad,land,me_north_arnor_region,WILD,wilderness,† M3 regional lexicon
me_land_4697,Celon bellad,land,me_north_arnor_region,WILD,wilderness,† M3 regional lexicon
me_land_4698,Burzdûr Den,land,me_angmar_region,GUN,place,† M3 regional lexicon
me_land_4699,Zarem Oasis,land,me_umbar_region,UMB,place,† M3 regional lexicon
me_land_4700,Kandar Ford,land,me_khand_region,KHA,place,† M3 regional lexicon
me_land_4701,Sharen of Balach,land,me_rhun_region,RH2,place,† M3 regional lexicon
me_land_4702,Heruseld,land,me_rohan_region,ROH,place,† M3 regional lexicon
me_land_4703,Cedarwood End,land,me_enedwaith_region,WILD,wilderness,† M3 regional lexicon
me_land_4704,Nim bellad,land,me_brown_lands_region,WILD,wilderness,† M3 regional lexicon
me_land_4705,Bizarinbar,land,me_lindon_region,BLU,place,† M3 regional lexicon
me_land_4706,Bundinbar,land,me_grey_mountains_region,ERE,place,† M3 regional lexicon
me_land_4707,Ulden of Balach,land,me_rhun_region,RHU,place,† M3 regional lexicon
me_land_4708,Icehaven Waste,land,me_northern_wastes_region,WILD,wilderness,† M3 regional lexicon
me_land_4709,Amon bornlad,land,me_brown_lands_region,WILD,wilderness,† M3 regional lexicon
me_land_4710,Deepwood End,land,me_enedwaith_region,WILD,wilderness,† M3 regional lexicon
me_land_4711,Dushdûr Den,land,me_ithilien_region,MOR,place,† M3 regional lexicon
me_land_4712,Lakestead,land,me_rhun_region,DOR,place,† M3 regional lexicon
me_land_4713,Ghashdûr Den,land,me_mordor_region,MOR,place,† M3 regional lexicon
me_land_4714,Gordûr Den,land,me_ithilien_region,MOR,place,† M3 regional lexicon
me_land_4715,Northhaven Waste,land,me_northern_wastes_region,WILD,wilderness,† M3 regional lexicon
me_land_4716,Grishdûr Den,land,me_grey_mountains_region,GUN,place,† M3 regional lexicon
me_land_4717,Dol bornlad,land,me_ithilien_region,GON,place,† M3 regional lexicon
me_land_4718,Wainen of Balach,land,me_rhun_region,RH2,place,† M3 regional lexicon
me_land_4719,Krimpdûr Den,land,me_mordor_region,MOR,place,† M3 regional lexicon
me_land_4720,Palehaven Waste,land,me_forochel_region,LOS,place,† M3 regional lexicon
me_land_4721,Eastwood End,land,me_enedwaith_region,WILD,wilderness,† M3 regional lexicon
me_land_4722,Duminbar,land,me_grey_mountains_region,ERE,place,† M3 regional lexicon
me_land_4723,Zoren of Balach,land,me_rhun_region,RHU,place,† M3 regional lexicon
me_land_4724,Eithel bornlad,land,me_ithilien_region,GON,place,† M3 regional lexicon
me_land_4725,Sealhaven Waste,land,me_northern_wastes_region,WILD,wilderness,† M3 regional lexicon
me_land_4726,Lugdûr Den,land,me_brown_lands_region,DOL,place,† M3 regional lexicon
me_land_4727,Balod of Balach,land,me_rhun_region,RHU,place,† M3 regional lexicon
me_land_4728,Léodseld,land,me_rohan_region,ROH,place,† M3 regional lexicon
me_land_4729,Borod of Balach,land,me_rhun_region,RHU,place,† M3 regional lexicon
me_land_4730,Emyn bornlad,land,me_brown_lands_region,WILD,wilderness,† M3 regional lexicon
me_land_4731,Greenwood End,land,me_enedwaith_region,WILD,wilderness,† M3 regional lexicon
me_land_4732,Imlad bornlad,land,me_brown_lands_region,WILD,wilderness,† M3 regional lexicon
me_land_4733,Mauhdûr Den,land,me_mordor_region,MOR,place,† M3 regional lexicon
me_land_4734,Khazar Ford,land,me_khand_region,KHA,place,† M3 regional lexicon
me_land_4735,Snowhaven Waste,land,me_northern_wastes_region,WILD,wilderness,† M3 regional lexicon
me_land_4736,Khorar Ford,land,me_khand_region,KHA,place,† M3 regional lexicon
me_land_4737,Gathod of Balach,land,me_rhun_region,RHU,place,† M3 regional lexicon
me_land_4738,Minas bornlad,land,me_anduin_vale_region,LOR,place,† M3 regional lexicon
me_land_4739,Wellinghall,land,me_rohan_region,FAN,refuge,"LOTR, Book III, Ch. 4"
me_land_4740,Greywood End,land,me_enedwaith_region,DUN,place,† M3 regional lexicon
me_land_4741,Ost bornlad,land,me_north_arnor_region,WILD,wilderness,† M3 regional lexicon
me_land_4742,Ruzar Ford,land,me_khand_region,KHA,place,† M3 regional lexicon
me_land_4743,Karmod of Balach,land,me_rhun_region,RH2,place,† M3 regional lexicon
me_land_4744,Ravenstead,land,me_dale_region,ESG,place,† M3 regional lexicon
me_land_4745,Azresh Oasis,land,me_far_harad_region,HFA,place,† M3 regional lexicon
me_land_4746,Longwood End,land,me_shire_breeland_region,BRE,place,† M3 regional lexicon
me_land_4747,Muzgdûr Den,land,me_mordor_region,MOR,place,† M3 regional lexicon
me_land_4748,Skarnar Ford,land,me_khand_region,KHA,place,† M3 regional lexicon
me_land_4749,Taur bornlad,land,me_brown_lands_region,WILD,wilderness,† M3 regional lexicon
me_land_4750,Northwood End,land,me_enedwaith_region,WILD,wilderness,† M3 regional lexicon
me_land_4751,Felekinbar,land,me_grey_mountains_region,ERE,place,† M3 regional lexicon
me_land_4752,Khurod of Balach,land,me_rhun_region,RHU,place,† M3 regional lexicon
me_land_4753,Starhaven Waste,land,me_northern_wastes_region,WILD,wilderness,† M3 regional lexicon
me_land_4754,Bar bornlad,land,me_belfalas_region,DAM,place,† M3 regional lexicon
me_land_4755,Lodod of Balach,land,me_rhun_region,RHU,place,† M3 regional lexicon
me_land_4756,Targar Ford,land,me_far_harad_region,KHA,place,† M3 regional lexicon
me_land_4757,Bahresh Oasis,land,me_far_harad_region,HRA,place,† M3 regional lexicon
me_land_4758,Narod of Balach,land,me_rhun_region,RH2,place,† M3 regional lexicon
me_land_4759,Daresh Oasis,land,me_near_harad_region,HNE,place,† M3 regional lexicon
me_land_4760,Calen bornlad,land,me_anduin_vale_region,LOR,place,† M3 regional lexicon
me_land_4761,Goldenmead,land,me_anduin_vale_region,BEO,place,† M3 regional lexicon
me_land_4762,Nazgdûr Den,land,me_mordor_region,MOR,place,† M3 regional lexicon
me_land_4763,Oakwood End,land,me_anduin_vale_region,WILD,wilderness,† M3 regional lexicon
me_land_4764,Rhovod of Balach,land,me_rhun_region,RH2,place,† M3 regional lexicon
me_land_4765,Varkar Ford,land,me_khand_region,KHA,place,† M3 regional lexicon
me_land_4766,Skaidûr Den,land,me_ithilien_region,MOR,place,† M3 regional lexicon
me_land_4767,Celon bornlad,land,me_mirkwood_region,WOO,place,† M3 regional lexicon
me_land_4768,Southwood End,land,me_enedwaith_region,DUN,place,† M3 regional lexicon
me_land_4769,Ridseld,land,me_rohan_region,ROH,place,† M3 regional lexicon
me_land_4770,Redstead,land,me_rhun_region,DOR,place,† M3 regional lexicon
me_land_4771,Ugldûr Den,land,me_mordor_region,MOR,place,† M3 regional lexicon
me_land_4772,Honeymead,land,me_anduin_vale_region,BEO,place,† M3 regional lexicon
me_land_4773,Nim bornlad,land,me_lindon_region,LIN,place,† M3 regional lexicon
me_land_4774,Sagod of Balach,land,me_rhun_region,RHU,place,† M3 regional lexicon
me_land_4775,Whitehaven Waste,land,me_northern_wastes_region,WILD,wilderness,† M3 regional lexicon
me_land_4776,Faresh Oasis,land,me_near_harad_region,HNE,place,† M3 regional lexicon
me_land_4777,Sharod of Balach,land,me_rhun_region,RH2,place,† M3 regional lexicon
me_land_4778,Amon caranlad,land,me_north_arnor_region,WILD,wilderness,† M3 regional lexicon
me_land_4779,Uldod of Balach,land,me_rhun_region,RH2,place,† M3 regional lexicon
me_land_4780,Urukdûr Den,land,me_mordor_region,MOR,place,† M3 regional lexicon
me_land_4781,Hadresh Oasis,land,me_near_harad_region,UMB,place,† M3 regional lexicon
me_land_4782,Butterdelving,land,me_shire_breeland_region,WILD,wilderness,† M3 regional lexicon
me_land_4783,Dol caranlad,land,me_lindon_region,LIN,place,† M3 regional lexicon
me_land_4784,Wainod of Balach,land,me_rhun_region,RH2,place,† M3 regional lexicon
me_land_4785,Ashfang Den,land,me_mordor_region,MOR,place,† M3 regional lexicon
me_land_4786,Zandar Ford,land,me_khand_region,KHA,place,† M3 regional lexicon
me_land_4787,Eithel caranlad,land,me_lindon_region,LIN,place,† M3 regional lexicon
me_land_4788,Emyn caranlad,land,me_anorien_region,GON,place,† M3 regional lexicon
me_land_4789,Imlad caranlad,land,me_brown_lands_region,WILD,wilderness,† M3 regional lexicon
me_land_4790,Azgfang Den,land,me_anduin_vale_region,MOA,place,† M3 regional lexicon
me_land_4791,Stonewood End,land,me_mirkwood_region,WDM,place,† M3 regional lexicon
me_land_4792,Minas caranlad,land,me_south_gondor_region,GON,place,† M3 regional lexicon
me_land_4793,Blackfang Den,land,me_mordor_region,MOR,place,† M3 regional lexicon
me_land_4794,Ost caranlad,land,me_north_arnor_region,WILD,wilderness,† M3 regional lexicon
me_land_4795,Zorod of Balach,land,me_rhun_region,RHU,place,† M3 regional lexicon
me_land_4796,Taur caranlad,land,me_lindon_region,LIN,place,† M3 regional lexicon
me_land_4797,Westwood End,land,me_enedwaith_region,DUN,place,† M3 regional lexicon
me_land_4798,Burzfang Den,land,me_mordor_region,MOR,place,† M3 regional lexicon
me_land_4799,Bar caranlad,land,me_south_gondor_region,GON,place,† M3 regional lexicon
me_land_4800,Balor of Balach,land,me_rhun_region,RHU,place,† M3 regional lexicon
me_land_4801,Gamilinbar,land,me_grey_mountains_region,ERE,place,† M3 regional lexicon
me_land_4802,Boror of Balach,land,me_rhun_region,RHU,place,† M3 regional lexicon
me_land_4803,Calen caranlad,land,me_lebennin_region,GON,place,† M3 regional lexicon
me_land_4804,Winterhaven Waste,land,me_northern_wastes_region,WILD,wilderness,† M3 regional lexicon
me_land_4805,Kharesh Oasis,land,me_near_harad_region,UMB,place,† M3 regional lexicon
me_land_4806,Alderbank Fold,land,me_enedwaith_region,DUN,place,† M3 regional lexicon
me_land_4807,Gathor of Balach,land,me_rhun_region,RH2,place,† M3 regional lexicon
me_land_4808,Mahresh Oasis,land,me_near_harad_region,HNE,place,† M3 regional lexicon
me_land_4809,Naresh Oasis,land,me_far_harad_region,HRA,place,† M3 regional lexicon
me_land_4810,Karmor of Balach,land,me_rhun_region,RH2,place,† M3 regional lexicon
me_land_4811,Oakmead,land,me_anduin_vale_region,BEO,place,† M3 regional lexicon
me_land_4812,Dushfang Den,land,me_mordor_region,MOR,place,† M3 regional lexicon
me_land_4813,Celon caranlad,land,me_north_arnor_region,RAN,place,† M3 regional lexicon
me_land_4814,Rivermead,land,me_mirkwood_region,BEO,place,† M3 regional lexicon
me_land_4815,Nim caranlad,land,me_belfalas_region,DAM,place,† M3 regional lexicon
me_land_4816,Ashbank Fold,land,me_enedwaith_region,WILD,wilderness,† M3 regional lexicon
me_land_4817,Ghashfang Den,land,me_mordor_region,MOR,place,† M3 regional lexicon
me_land_4818,Khuror of Balach,land,me_rhun_region,RH2,place,† M3 regional lexicon
me_land_4819,Amberstrand,land,me_rhun_region,DOR,place,† M3 regional lexicon
me_land_4820,Cloverdelving,land,me_shire_breeland_region,SHI,place,† M3 regional lexicon
me_land_4821,Lodor of Balach,land,me_rhun_region,RH3,place,† M3 regional lexicon
me_land_4822,Amon duinlad,land,me_north_arnor_region,WILD,wilderness,† M3 regional lexicon
me_land_4823,Dol duinlad,land,me_lindon_region,LIN,place,† M3 regional lexicon
me_land_4824,Rammas Echor,land,me_ithilien_region,WILD,ruin,"LOTR, Book V, Ch. 4"
me_land_4825,Arzash Ford,land,me_far_harad_region,KHA,place,† M3 regional lexicon
me_land_4826,Barrowbank Fold,land,me_anduin_vale_region,WDM,place,† M3 regional lexicon
me_land_4827,Naror of Balach,land,me_rhun_region,RHU,place,† M3 regional lexicon
me_land_4828,Eithel duinlad,land,me_north_arnor_region,WILD,wilderness,† M3 regional lexicon
me_land_4829,Rhovor of Balach,land,me_rhun_region,RH2,place,† M3 regional lexicon
me_land_4830,Sagor of Balach,land,me_rhun_region,RHU,place,† M3 regional lexicon
me_land_4831,Qasesh Oasis,land,me_umbar_region,UMB,place,† M3 regional lexicon
me_land_4832,Gatholinbar,land,me_grey_mountains_region,ERE,place,† M3 regional lexicon
me_land_4833,Emyn duinlad,land,me_lindon_region,LIN,place,† M3 regional lexicon
me_land_4834,Beaconbank Fold,land,me_enedwaith_region,DUN,place,† M3 regional lexicon
me_land_4835,Bardstrand,land,me_rhun_region,DOR,place,† M3 regional lexicon
me_land_4836,Gorfang Den,land,me_mordor_region,MOR,place,† M3 regional lexicon
me_land_4837,Blackbank Fold,land,me_anduin_vale_region,WDM,place,† M3 regional lexicon
me_land_4838,Sharor of Balach,land,me_rhun_region,RHU,place,† M3 regional lexicon
me_land_4839,Balkash Ford,land,me_far_harad_region,KHA,place,† M3 regional lexicon
me_land_4840,Grishfang Den,land,me_anduin_vale_region,MOA,place,† M3 regional lexicon
me_land_4841,Gundinbar,land,me_lindon_region,BLU,place,† M3 regional lexicon
me_land_4842,Imlad duinlad,land,me_north_arnor_region,WILD,wilderness,† M3 regional lexicon
me_land_4843,Uldor of Balach,land,me_rhun_region,RHU,place,† M3 regional lexicon
me_land_4844,Rakhesh Oasis,land,me_near_harad_region,HRA,place,† M3 regional lexicon
me_land_4845,Drazash Ford,land,me_khand_region,KHA,place,† M3 regional lexicon
me_land_4846,Minas duinlad,land,me_north_arnor_region,WILD,wilderness,† M3 regional lexicon
me_land_4847,Gharash Ford,land,me_khand_region,KHA,place,† M3 regional lexicon
me_land_4848,Ost duinlad,land,me_north_arnor_region,WILD,wilderness,† M3 regional lexicon
me_land_4849,Taur duinlad,land,me_lindon_region,LIN,place,† M3 regional lexicon
me_land_4850,Krimpfang Den,land,me_anduin_vale_region,GOB,place,† M3 regional lexicon
me_land_4851,Wainor of Balach,land,me_rhun_region,RHU,place,† M3 regional lexicon
me_land_4852,Lugfang Den,land,me_angmar_region,GUN,place,† M3 regional lexicon
me_land_4853,Bar duinlad,land,me_north_arnor_region,RAN,place,† M3 regional lexicon
me_land_4854,Sahresh Oasis,land,me_umbar_region,UMB,place,† M3 regional lexicon
me_land_4855,Thengelseld,land,me_rohan_region,ROH,place,† M3 regional lexicon
me_land_4856,Mauhfang Den,land,me_enedwaith_region,MOA,place,† M3 regional lexicon
me_land_4857,Tazesh Oasis,land,me_umbar_region,UMB,place,† M3 regional lexicon
me_land_4858,Zoror of Balach,land,me_rhun_region,RH2,place,† M3 regional lexicon
me_land_4859,Calen duinlad,land,me_mirkwood_region,WOO,place,† M3 regional lexicon
me_land_4860,Balun of Balach,land,me_rhun_region,RH2,place,† M3 regional lexicon
me_land_4861,Kandash Ford,land,me_khand_region,KHA,place,† M3 regional lexicon
me_land_4862,Borun of Balach,land,me_rhun_region,RH2,place,† M3 regional lexicon
me_land_4863,Khazash Ford,land,me_khand_region,KHA,place,† M3 regional lexicon
me_land_4864,Umresh Oasis,land,me_near_harad_region,HRA,place,† M3 regional lexicon
me_land_4865,Zaresh Oasis,land,me_umbar_region,UMB,place,† M3 regional lexicon
me_land_4866,Celon duinlad,land,me_north_arnor_region,WILD,wilderness,† M3 regional lexicon
me_land_4867,Dimpledelving,land,me_shire_breeland_region,SHI,place,† M3 regional lexicon
me_land_4868,Khorash Ford,land,me_khand_region,KHA,place,† M3 regional lexicon
me_land_4869,Muzgfang Den,land,me_mordor_region,MOR,place,† M3 regional lexicon
me_land_4870,Bramblebank Fold,land,me_enedwaith_region,DUN,place,† M3 regional lexicon
me_land_4871,Nim duinlad,land,me_anorien_region,GON,place,† M3 regional lexicon
me_land_4872,Coldmere Waste,land,me_northern_wastes_region,WILD,wilderness,† M3 regional lexicon
me_land_4873,Gathun of Balach,land,me_rhun_region,RH2,place,† M3 regional lexicon
me_land_4874,Azrim Oasis,land,me_near_harad_region,HNE,place,† M3 regional lexicon
me_land_4875,Skinmead,land,me_anduin_vale_region,BEO,place,† M3 regional lexicon
me_land_4876,Bahrim Oasis,land,me_far_harad_region,HRA,place,† M3 regional lexicon
me_land_4877,Bucklandbank Fold,land,me_enedwaith_region,DUN,place,† M3 regional lexicon
me_land_4878,Driftmere Waste,land,me_northern_wastes_region,WILD,wilderness,† M3 regional lexicon
me_land_4879,Frostmere Waste,land,me_northern_wastes_region,WILD,wilderness,† M3 regional lexicon
me_land_4880,Bellstrand,land,me_rhun_region,DOR,place,† M3 regional lexicon
me_land_4881,Ruzash Ford,land,me_khand_region,KHA,place,† M3 regional lexicon
me_land_4882,Cedarbank Fold,land,me_enedwaith_region,DUN,place,† M3 regional lexicon
me_land_4883,Deepbank Fold,land,me_enedwaith_region,WILD,wilderness,† M3 regional lexicon
me_land_4884,Karmun of Balach,land,me_rhun_region,RH2,place,† M3 regional lexicon
me_land_4885,Darim Oasis,land,me_near_harad_region,HRA,place,† M3 regional lexicon
me_land_4886,Ferndelving,land,me_shire_breeland_region,WILD,wilderness,† M3 regional lexicon
me_land_4887,Nazgfang Den,land,me_north_arnor_region,ANG,place,† M3 regional lexicon
me_land_4888,Eastbank Fold,land,me_anduin_vale_region,WILD,wilderness,† M3 regional lexicon
me_land_4889,Amon falaslad,land,me_ithilien_region,WILD,wilderness,† M3 regional lexicon
me_land_4890,Dol falaslad,land,me_belfalas_region,GON,place,† M3 regional lexicon
me_land_4891,Skaifang Den,land,me_mirkwood_region,DOL,place,† M3 regional lexicon
me_land_4892,Uglfang Den,land,me_angmar_region,GUN,place,† M3 regional lexicon
me_land_4893,Icemere Waste,land,me_northern_wastes_region,WILD,wilderness,† M3 regional lexicon
me_land_4894,Northmere Waste,land,me_northern_wastes_region,WILD,wilderness,† M3 regional lexicon
me_land_4895,Eithel falaslad,land,me_brown_lands_region,WILD,wilderness,† M3 regional lexicon
me_land_4896,Farim Oasis,land,me_far_harad_region,HRA,place,† M3 regional lexicon
me_land_4897,Hadrim Oasis,land,me_umbar_region,UMB,place,† M3 regional lexicon
me_land_4898,Woldseld,land,me_rohan_region,ROH,place,† M3 regional lexicon
me_land_4899,Palemere Waste,land,me_northern_wastes_region,WILD,wilderness,† M3 regional lexicon
me_land_4900,Kharim Oasis,land,me_umbar_region,UMB,place,† M3 regional lexicon
me_land_4901,Khurun of Balach,land,me_rhun_region,RHU,place,† M3 regional lexicon
me_land_4902,Lodun of Balach,land,me_rhun_region,RH3,place,† M3 regional lexicon
me_land_4903,Sealmere Waste,land,me_northern_wastes_region,WILD,wilderness,† M3 regional lexicon
me_land_4904,Emyn falaslad,land,me_mirkwood_region,WOO,place,† M3 regional lexicon
me_land_4905,Mahrim Oasis,land,me_umbar_region,UMB,place,† M3 regional lexicon
me_land_4906,Narim Oasis,land,me_umbar_region,UMB,place,† M3 regional lexicon
me_land_4907,Narun of Balach,land,me_rhun_region,RHU,place,† M3 regional lexicon
me_land_4908,Qasim Oasis,land,me_near_harad_region,HRA,place,† M3 regional lexicon
me_land_4909,Imlad falaslad,land,me_north_arnor_region,WILD,wilderness,† M3 regional lexicon
me_land_4910,Urukfang Den,land,me_angmar_region,GUN,place,† M3 regional lexicon
me_land_4911,Ashgash Den,land,me_ithilien_region,MOR,place,† M3 regional lexicon
me_land_4912,Rakhim Oasis,land,me_far_harad_region,HRA,place,† M3 regional lexicon
me_land_4913,Minas falaslad,land,me_brown_lands_region,WILD,wilderness,† M3 regional lexicon
me_land_4914,Skarnash Ford,land,me_khand_region,KHA,place,† M3 regional lexicon
me_land_4915,Ost falaslad,land,me_anduin_vale_region,LOR,place,† M3 regional lexicon
me_land_4916,Stonemead,land,me_anduin_vale_region,BEO,place,† M3 regional lexicon
me_land_4917,Azggash Den,land,me_north_arnor_region,ANG,place,† M3 regional lexicon
me_land_4918,Taur falaslad,land,me_north_arnor_region,RIV,place,† M3 regional lexicon
me_land_4919,Sahrim Oasis,land,me_near_harad_region,UMB,place,† M3 regional lexicon
me_land_4920,Tazim Oasis,land,me_far_harad_region,HRA,place,† M3 regional lexicon
me_land_4921,Greenbank Fold,land,me_enedwaith_region,DUN,place,† M3 regional lexicon
me_land_4922,Blackgash Den,land,me_mordor_region,MOR,place,† M3 regional lexicon
me_land_4923,Rhovun of Balach,land,me_rhun_region,RH2,place,† M3 regional lexicon
me_land_4924,Aldstede,land,me_rohan_region,ROH,place,† M3 regional lexicon
me_land_4925,Targash Ford,land,me_khand_region,KHA,place,† M3 regional lexicon
me_land_4926,Burzgash Den,land,me_mordor_region,MOR,place,† M3 regional lexicon
me_land_4927,Sagun of Balach,land,me_rhun_region,RHU,place,† M3 regional lexicon
me_land_4928,Dushgash Den,land,me_ithilien_region,MOR,place,† M3 regional lexicon
me_land_4929,Bar falaslad,land,me_south_gondor_region,GON,place,† M3 regional lexicon
me_land_4930,Sharun of Balach,land,me_rhun_region,RH2,place,† M3 regional lexicon
me_land_4931,Calen falaslad,land,me_belfalas_region,DAM,place,† M3 regional lexicon
me_land_4932,Umrim Oasis,land,me_umbar_region,UMB,place,† M3 regional lexicon
me_land_4933,Celon falaslad,land,me_lebennin_region,GON,place,† M3 regional lexicon
me_land_4934,Varkash Ford,land,me_far_harad_region,KHA,place,† M3 regional lexicon
me_land_4935,Ghashgash Den,land,me_mordor_region,MOR,place,† M3 regional lexicon
me_land_4936,Haydelving,land,me_shire_breeland_region,SHI,place,† M3 regional lexicon
me_land_4937,Uldun of Balach,land,me_rhun_region,RH3,place,† M3 regional lexicon
me_land_4938,Zarim Oasis,land,me_far_harad_region,HRA,place,† M3 regional lexicon
me_land_4939,Gorgash Den,land,me_angmar_region,GUN,place,† M3 regional lexicon
me_land_4940,Zandash Ford,land,me_khand_region,KHA,place,† M3 regional lexicon
me_land_4941,Grishgash Den,land,me_mordor_region,MOR,place,† M3 regional lexicon
me_land_4942,Wainun of Balach,land,me_rhun_region,RH2,place,† M3 regional lexicon
me_land_4943,Greybank Fold,land,me_enedwaith_region,WILD,wilderness,† M3 regional lexicon
me_land_4944,Longbank Fold,land,me_shire_breeland_region,BRE,place,† M3 regional lexicon
me_land_4945,Nim falaslad,land,me_lebennin_region,GON,place,† M3 regional lexicon
me_land_4946,Northbank Fold,land,me_anduin_vale_region,WILD,wilderness,† M3 regional lexicon
me_land_4947,Withered Heath,land,me_northern_wastes_region,WILD,ruin,"The Hobbit, Ch. 1; LOTR map"
me_land_4948,Azrir Oasis,land,me_umbar_region,UMB,place,† M3 regional lexicon
me_land_4949,Oakbank Fold,land,me_shire_breeland_region,BRE,place,† M3 regional lexicon
me_land_4950,Amon galenlad,land,me_north_arnor_region,WILD,wilderness,† M3 regional lexicon
me_land_4951,Snowmere Waste,land,me_northern_wastes_region,WILD,wilderness,† M3 regional lexicon
me_land_4952,Krimpgash Den,land,me_mordor_region,MOR,place,† M3 regional lexicon
me_land_4953,Khazinbar,land,me_lindon_region,BLU,place,† M3 regional lexicon
me_land_4954,Zorun of Balach,land,me_rhun_region,RHU,place,† M3 regional lexicon
me_land_4955,Balur of Balach,land,me_rhun_region,RHU,place,† M3 regional lexicon
me_land_4956,Southbank Fold,land,me_shire_breeland_region,BRE,place,† M3 regional lexicon
me_land_4957,Stonebank Fold,land,me_rohan_region,DUN,place,† M3 regional lexicon
me_land_4958,Borur of Balach,land,me_rhun_region,RH2,place,† M3 regional lexicon
me_land_4959,Luggash Den,land,me_ithilien_region,MOR,place,† M3 regional lexicon
me_land_4960,Mauhgash Den,land,me_brown_lands_region,DOL,place,† M3 regional lexicon
me_land_4961,Bahrir Oasis,land,me_umbar_region,UMB,place,† M3 regional lexicon
me_land_4962,Valemead,land,me_anduin_vale_region,BEO,place,† M3 regional lexicon
me_land_4963,Starmere Waste,land,me_northern_wastes_region,WILD,wilderness,† M3 regional lexicon
me_land_4964,Pinnath Gelin,land,me_belfalas_region,GON,landmark,"LOTR, Book V, Ch. 1"
me_land_4965,Bowstrand,land,me_rhun_region,DOR,place,† M3 regional lexicon
me_land_4966,Gathur of Balach,land,me_rhun_region,RHU,place,† M3 regional lexicon
me_land_4967,Dol galenlad,land,me_south_gondor_region,GON,place,† M3 regional lexicon
me_land_4968,Westbank Fold,land,me_shire_breeland_region,BRE,place,† M3 regional lexicon
me_land_4969,Whitemere Waste,land,me_northern_wastes_region,WILD,wilderness,† M3 regional lexicon
me_land_4970,Muzggash Den,land,me_north_arnor_region,ANG,place,† M3 regional lexicon
me_land_4971,Karmur of Balach,land,me_rhun_region,RH2,place,† M3 regional lexicon
me_land_4972,Nazggash Den,land,me_mordor_region,MOR,place,† M3 regional lexicon
me_land_4973,Arzek Ford,land,me_near_harad_region,KHA,place,† M3 regional lexicon
me_land_4974,Eithel galenlad,land,me_mirkwood_region,WOO,place,† M3 regional lexicon
me_land_4975,Skaigash Den,land,me_mordor_region,MOR,place,† M3 regional lexicon
me_land_4976,Emyn galenlad,land,me_belfalas_region,GON,place,† M3 regional lexicon
me_land_4977,Uglgash Den,land,me_mordor_region,MOR,place,† M3 regional lexicon
me_land_4978,Celduinstrand,land,me_rhun_region,DOR,place,† M3 regional lexicon
me_land_4979,Khurur of Balach,land,me_rhun_region,RH2,place,† M3 regional lexicon
me_land_4980,Urukgash Den,land,me_mordor_region,MOR,place,† M3 regional lexicon
me_land_4981,Lodur of Balach,land,me_rhun_region,RH2,place,† M3 regional lexicon
me_land_4982,Alderbourne Fold,land,me_enedwaith_region,DUN,place,† M3 regional lexicon
me_land_4983,Balkek Ford,land,me_khand_region,KHA,place,† M3 regional lexicon
me_land_4984,Wintermere Waste,land,me_forochel_region,LOS,place,† M3 regional lexicon
me_land_4985,Hazeldelving,land,me_shire_breeland_region,SHI,place,† M3 regional lexicon
me_land_4986,Narur of Balach,land,me_rhun_region,RHU,place,† M3 regional lexicon
me_land_4987,Darir Oasis,land,me_umbar_region,UMB,place,† M3 regional lexicon
me_land_4988,Beorstede,land,me_rohan_region,ROH,place,† M3 regional lexicon
me_land_4989,Drazek Ford,land,me_khand_region,KHA,place,† M3 regional lexicon
me_land_4990,Rhovur of Balach,land,me_rhun_region,RHU,place,† M3 regional lexicon
me_land_4991,Ashglob Den,land,me_anduin_vale_region,GOB,place,† M3 regional lexicon
me_land_4992,Azgglob Den,land,me_brown_lands_region,DOL,place,† M3 regional lexicon
me_land_4993,Dalestrand,land,me_dale_region,DAL,place,† M3 regional lexicon
me_land_4994,Blackglob Den,land,me_ithilien_region,MOR,place,† M3 regional lexicon
me_land_4995,Ashbourne Fold,land,me_enedwaith_region,WILD,wilderness,† M3 regional lexicon
me_land_4996,Sagur of Balach,land,me_rhun_region,RH3,place,† M3 regional lexicon
me_land_4997,Imlad galenlad,land,me_ithilien_region,WILD,wilderness,† M3 regional lexicon
me_land_4998,Minas galenlad,land,me_north_arnor_region,WILD,wilderness,† M3 regional lexicon
me_land_4999,Coldpoint Waste,land,me_forochel_region,LOS,place,† M3 regional lexicon
me_land_5000,Ost galenlad,land,me_brown_lands_region,WILD,wilderness,† M3 regional lexicon
me_land_5001,Gharek Ford,land,me_far_harad_region,KHA,place,† M3 regional lexicon
me_land_5002,Farir Oasis,land,me_far_harad_region,HFA,place,† M3 regional lexicon
me_land_5003,Burzglob Den,land,me_mordor_region,MOR,place,† M3 regional lexicon
me_land_5004,Barrowbourne Fold,land,me_enedwaith_region,WILD,wilderness,† M3 regional lexicon
me_land_5005,Dushglob Den,land,me_mordor_region,MOR,place,† M3 regional lexicon
me_land_5006,Beaconbourne Fold,land,me_enedwaith_region,WILD,wilderness,† M3 regional lexicon
me_land_5007,Ghashglob Den,land,me_mordor_region,MOR,place,† M3 regional lexicon
me_land_5008,Hadrir Oasis,land,me_far_harad_region,HFA,place,† M3 regional lexicon
me_land_5009,Lossarnach,land,me_anorien_region,GON,landmark,"LOTR, Book V, Ch. 1"
me_land_5010,Taur galenlad,land,me_north_arnor_region,WILD,wilderness,† M3 regional lexicon
me_land_5011,Gorglob Den,land,me_angmar_region,GUN,place,† M3 regional lexicon
me_land_5012,Sharur of Balach,land,me_rhun_region,RHU,place,† M3 regional lexicon
me_land_5013,Kandek Ford,land,me_khand_region,KHA,place,† M3 regional lexicon
me_land_5014,Blackbourne Fold,land,me_mirkwood_region,WDM,place,† M3 regional lexicon
me_land_5015,Khazek Ford,land,me_far_harad_region,KHA,place,† M3 regional lexicon
me_land_5016,Grishglob Den,land,me_mordor_region,MOR,place,† M3 regional lexicon
me_land_5017,Driftpoint Waste,land,me_northern_wastes_region,WILD,wilderness,† M3 regional lexicon
me_land_5018,Krimpglob Den,land,me_mordor_region,MOR,place,† M3 regional lexicon
me_land_5019,Lugglob Den,land,me_mordor_region,MOR,place,† M3 regional lexicon
me_land_5020,Mauhglob Den,land,me_mordor_region,MOR,place,† M3 regional lexicon
me_land_5021,Muzgglob Den,land,me_ithilien_region,MOR,place,† M3 regional lexicon
me_land_5022,Bar galenlad,land,me_ithilien_region,WILD,wilderness,† M3 regional lexicon
me_land_5023,Nazgglob Den,land,me_mirkwood_region,DOL,place,† M3 regional lexicon
me_land_5024,Skaiglob Den,land,me_mordor_region,MOR,place,† M3 regional lexicon
me_land_5025,Frostpoint Waste,land,me_forochel_region,LOS,place,† M3 regional lexicon
me_land_5026,Calen galenlad,land,me_lindon_region,LIN,place,† M3 regional lexicon
me_land_5027,Uldur of Balach,land,me_rhun_region,RH2,place,† M3 regional lexicon
me_land_5028,Wainur of Balach,land,me_rhun_region,RHU,place,† M3 regional lexicon
me_land_5029,Icepoint Waste,land,me_northern_wastes_region,WILD,wilderness,† M3 regional lexicon
me_land_5030,Celon galenlad,land,me_lebennin_region,GON,place,† M3 regional lexicon
me_land_5031,Uglglob Den,land,me_mordor_region,MOR,place,† M3 regional lexicon
me_land_5032,Urukglob Den,land,me_mordor_region,MOR,place,† M3 regional lexicon
me_land_5033,Eaststrand,land,me_rhun_region,DOR,place,† M3 regional lexicon
me_land_5034,Bramblebourne Fold,land,me_enedwaith_region,DUN,place,† M3 regional lexicon
me_land_5035,Nim galenlad,land,me_south_gondor_region,GON,place,† M3 regional lexicon
me_land_5036,Bregostede,land,me_rohan_region,ROH,place,† M3 regional lexicon
me_land_5037,Ashgrat Den,land,me_mirkwood_region,DOL,place,† M3 regional lexicon
me_land_5038,Ceorlstede,land,me_rohan_region,ROH,place,† M3 regional lexicon
me_land_5039,Khorek Ford,land,me_far_harad_region,KHA,place,† M3 regional lexicon
me_land_5040,Northpoint Waste,land,me_forochel_region,LOS,place,† M3 regional lexicon
me_land_5041,Hollydelving,land,me_shire_breeland_region,SHI,place,† M3 regional lexicon
me_land_5042,Bucklandbourne Fold,land,me_enedwaith_region,DUN,place,† M3 regional lexicon
me_land_5043,Zorur of Balach,land,me_rhun_region,RHU,place,† M3 regional lexicon
me_land_5044,Balach Camp of Balach,land,me_rhun_region,RHU,place,† M3 regional lexicon
me_land_5045,Amon gondlad,land,me_north_arnor_region,WILD,wilderness,† M3 regional lexicon
me_land_5046,Ruzek Ford,land,me_khand_region,KHA,place,† M3 regional lexicon
me_land_5047,Azggrat Den,land,me_angmar_region,GUN,place,† M3 regional lexicon
me_land_5048,Cedarbourne Fold,land,me_enedwaith_region,WILD,wilderness,† M3 regional lexicon
me_land_5049,Blackgrat Den,land,me_mordor_region,MOR,place,† M3 regional lexicon
me_land_5050,Palepoint Waste,land,me_northern_wastes_region,WILD,wilderness,† M3 regional lexicon
me_land_5051,Dol gondlad,land,me_north_arnor_region,WILD,wilderness,† M3 regional lexicon
me_land_5052,Esgarstrand,land,me_rhun_region,DOR,place,† M3 regional lexicon
me_land_5053,Deepbourne Fold,land,me_enedwaith_region,DUN,place,† M3 regional lexicon
me_land_5054,Eithel gondlad,land,me_north_arnor_region,WILD,wilderness,† M3 regional lexicon
me_land_5055,Déorstede,land,me_rohan_region,ROH,place,† M3 regional lexicon
me_land_5056,Borach Camp of Balach,land,me_rhun_region,RHU,place,† M3 regional lexicon
me_land_5057,Skarnek Ford,land,me_khand_region,KHA,place,† M3 regional lexicon
me_land_5058,Gathach Camp of Balach,land,me_rhun_region,RH2,place,† M3 regional lexicon
me_land_5059,Kharir Oasis,land,me_near_harad_region,UMB,place,† M3 regional lexicon
me_land_5060,Karmach Camp of Balach,land,me_rhun_region,RH2,place,† M3 regional lexicon
me_land_5061,Sealpoint Waste,land,me_northern_wastes_region,WILD,wilderness,† M3 regional lexicon
me_land_5062,Khurach Camp of Balach,land,me_rhun_region,RHU,place,† M3 regional lexicon
me_land_5063,Emyn gondlad,land,me_belfalas_region,GON,place,† M3 regional lexicon
me_land_5064,Mahrir Oasis,land,me_umbar_region,UMB,place,† M3 regional lexicon
me_land_5065,Eastbourne Fold,land,me_anduin_vale_region,WDM,place,† M3 regional lexicon
me_land_5066,Imlad gondlad,land,me_lindon_region,LIN,place,† M3 regional lexicon
me_land_5067,Minas gondlad,land,me_north_arnor_region,WILD,wilderness,† M3 regional lexicon
me_land_5068,Targek Ford,land,me_khand_region,KHA,place,† M3 regional lexicon
me_land_5069,Burzgrat Den,land,me_angmar_region,ANG,place,† M3 regional lexicon
me_land_5070,Merrydelving,land,me_shire_breeland_region,WILD,wilderness,† M3 regional lexicon
me_land_5071,Kheledinbar,land,me_grey_mountains_region,ERE,place,† M3 regional lexicon
me_land_5072,Lodach Camp of Balach,land,me_rhun_region,RH2,place,† M3 regional lexicon
me_land_5073,Ost gondlad,land,me_north_arnor_region,WILD,wilderness,† M3 regional lexicon
me_land_5074,Dushgrat Den,land,me_ithilien_region,MOR,place,† M3 regional lexicon
me_land_5075,Snowpoint Waste,land,me_northern_wastes_region,WILD,wilderness,† M3 regional lexicon
me_land_5076,Narir Oasis,land,me_far_harad_region,HFA,place,† M3 regional lexicon
me_land_5077,Narach Camp of Balach,land,me_rhun_region,RHU,place,† M3 regional lexicon
me_land_5078,Ghashgrat Den,land,me_north_arnor_region,ANG,place,† M3 regional lexicon
me_land_5079,Taur gondlad,land,me_mirkwood_region,WOO,place,† M3 regional lexicon
me_land_5080,Gorgrat Den,land,me_mordor_region,MOR,place,† M3 regional lexicon
me_land_5081,Bar gondlad,land,me_lindon_region,LIN,place,† M3 regional lexicon
me_land_5082,Greenbourne Fold,land,me_enedwaith_region,DUN,place,† M3 regional lexicon
me_land_5083,Qasir Oasis,land,me_far_harad_region,HFA,place,† M3 regional lexicon
me_land_5084,Varkek Ford,land,me_khand_region,KHA,place,† M3 regional lexicon
me_land_5085,Methedras,land,me_enedwaith_region,ISE,landmark,"LOTR, Book III, Ch. 9"
me_land_5086,Grishgrat Den,land,me_mordor_region,MOR,place,† M3 regional lexicon
me_land_5087,Rhovach Camp of Balach,land,me_rhun_region,RH2,place,† M3 regional lexicon
me_land_5088,Greybourne Fold,land,me_anduin_vale_region,WILD,wilderness,† M3 regional lexicon
me_land_5089,Mossdelving,land,me_shire_breeland_region,WILD,wilderness,† M3 regional lexicon
me_land_5090,Zandek Ford,land,me_far_harad_region,KHA,place,† M3 regional lexicon
me_land_5091,Starpoint Waste,land,me_forochel_region,LOS,place,† M3 regional lexicon
me_land_5092,Calen gondlad,land,me_belfalas_region,DAM,place,† M3 regional lexicon
me_land_5093,Longbourne Fold,land,me_enedwaith_region,DUN,place,† M3 regional lexicon
me_land_5094,Northbourne Fold,land,me_enedwaith_region,DUN,place,† M3 regional lexicon
me_land_5095,Kingstrand,land,me_rhun_region,DOR,place,† M3 regional lexicon
me_land_5096,Celon gondlad,land,me_lebennin_region,GON,place,† M3 regional lexicon
me_land_5097,Nim gondlad,land,me_mirkwood_region,WOO,place,† M3 regional lexicon
me_land_5098,Krimpgrat Den,land,me_mirkwood_region,DOL,place,† M3 regional lexicon
me_land_5099,Arzesh Ford,land,me_khand_region,KHA,place,† M3 regional lexicon
me_land_5100,Luggrat Den,land,me_ithilien_region,MOR,place,† M3 regional lexicon
me_land_5101,Sagach Camp of Balach,land,me_rhun_region,RHU,place,† M3 regional lexicon
me_land_5102,Mauhgrat Den,land,me_anduin_vale_region,MOA,place,† M3 regional lexicon
me_land_5103,Whitepoint Waste,land,me_northern_wastes_region,WILD,wilderness,† M3 regional lexicon
me_land_5104,Sharach Camp of Balach,land,me_rhun_region,RH2,place,† M3 regional lexicon
me_land_5105,Oakdeep,land,me_rohan_region,FAN,place,† M3 regional lexicon
me_land_5106,Oakbourne Fold,land,me_enedwaith_region,DUN,place,† M3 regional lexicon
me_land_5107,Uldach Camp of Balach,land,me_rhun_region,RH2,place,† M3 regional lexicon
me_land_5108,Wainach Camp of Balach,land,me_rhun_region,RH2,place,† M3 regional lexicon
me_land_5109,Southbourne Fold,land,me_mirkwood_region,WDM,place,† M3 regional lexicon
me_land_5110,Amon lothlad,land,me_belfalas_region,GON,place,† M3 regional lexicon
me_land_5111,Nutdelving,land,me_shire_breeland_region,WILD,wilderness,† M3 regional lexicon
me_land_5112,Balkesh Ford,land,me_khand_region,KHA,place,† M3 regional lexicon
me_land_5113,Narginbar,land,me_grey_mountains_region,ERE,place,† M3 regional lexicon
me_land_5114,Dol lothlad,land,me_ithilien_region,WILD,wilderness,† M3 regional lexicon
me_land_5115,Rakhir Oasis,land,me_near_harad_region,HNE,place,† M3 regional lexicon
me_land_5116,Eithel lothlad,land,me_north_arnor_region,WILD,wilderness,† M3 regional lexicon
me_land_5117,Zorach Camp of Balach,land,me_rhun_region,RH3,place,† M3 regional lexicon
me_land_5118,Emyn lothlad,land,me_belfalas_region,DAM,place,† M3 regional lexicon
me_land_5119,Eorlstede,land,me_rohan_region,ROH,place,† M3 regional lexicon
me_land_5120,Folcstede,land,me_rohan_region,ROH,place,† M3 regional lexicon
me_land_5121,Muzggrat Den,land,me_mordor_region,MOR,place,† M3 regional lexicon
me_land_5122,Woodmen's Hall,land,me_mirkwood_region,WDM,town,† ENDORE plan 8.1; political seat invented for the Woodmen
me_land_5123,Imlad lothlad,land,me_lindon_region,LIN,place,† M3 regional lexicon
me_land_5124,Stonebourne Fold,land,me_enedwaith_region,DUN,place,† M3 regional lexicon
me_land_5125,Winterpoint Waste,land,me_northern_wastes_region,WILD,wilderness,† M3 regional lexicon
me_land_5126,Balad Camp of Balach,land,me_rhun_region,RH2,place,† M3 regional lexicon
me_land_5127,Sahrir Oasis,land,me_near_harad_region,UMB,place,† M3 regional lexicon
me_land_5128,Minas lothlad,land,me_lebennin_region,GON,place,† M3 regional lexicon
me_land_5129,Ost lothlad,land,me_south_gondor_region,GON,place,† M3 regional lexicon
me_land_5130,Tazir Oasis,land,me_near_harad_region,HNE,place,† M3 regional lexicon
me_land_5131,Coldshore Waste,land,me_northern_wastes_region,WILD,wilderness,† M3 regional lexicon
me_land_5132,Borad Camp of Balach,land,me_rhun_region,RHU,place,† M3 regional lexicon
me_land_5133,Rowandeep,land,me_anduin_vale_region,FAN,place,† M3 regional lexicon
me_land_5134,Driftshore Waste,land,me_northern_wastes_region,WILD,wilderness,† M3 regional lexicon
me_land_5135,Nazggrat Den,land,me_north_arnor_region,ANG,place,† M3 regional lexicon
me_land_5136,Frostshore Waste,land,me_northern_wastes_region,WILD,wilderness,† M3 regional lexicon
me_land_5137,Gathad Camp of Balach,land,me_rhun_region,RH2,place,† M3 regional lexicon
me_land_5138,Taur lothlad,land,me_lebennin_region,GON,place,† M3 regional lexicon
me_land_5139,Bar lothlad,land,me_south_gondor_region,GON,place,† M3 regional lexicon
me_land_5140,Iceshore Waste,land,me_northern_wastes_region,WILD,wilderness,† M3 regional lexicon
me_land_5141,Umrir Oasis,land,me_near_harad_region,HNE,place,† M3 regional lexicon
me_land_5142,Calen lothlad,land,me_belfalas_region,GON,place,† M3 regional lexicon
me_land_5143,Rootdeep,land,me_rohan_region,FAN,place,† M3 regional lexicon
me_land_5144,Drazesh Ford,land,me_khand_region,KHA,place,† M3 regional lexicon
me_land_5145,Skaigrat Den,land,me_mordor_region,MOR,place,† M3 regional lexicon
me_land_5146,Celon lothlad,land,me_north_arnor_region,WILD,wilderness,† M3 regional lexicon
me_land_5147,Nim lothlad,land,me_anorien_region,GON,place,† M3 regional lexicon
me_land_5148,Karmad Camp of Balach,land,me_rhun_region,RHU,place,† M3 regional lexicon
me_land_5149,Khurad Camp of Balach,land,me_rhun_region,RHU,place,† M3 regional lexicon
me_land_5150,Westbourne Fold,land,me_anduin_vale_region,WDM,place,† M3 regional lexicon
me_land_5151,Uglgrat Den,land,me_mordor_region,MOR,place,† M3 regional lexicon
me_land_5152,Framstede,land,me_rohan_region,ROH,place,† M3 regional lexicon
me_land_5153,Alderbridge Fold,land,me_enedwaith_region,WILD,wilderness,† M3 regional lexicon
me_land_5154,Northshore Waste,land,me_northern_wastes_region,WILD,wilderness,† M3 regional lexicon
me_land_5155,Lodad Camp of Balach,land,me_rhun_region,RH2,place,† M3 regional lexicon
me_land_5156,Urukgrat Den,land,me_north_arnor_region,ANG,place,† M3 regional lexicon
me_land_5157,Amon mornlad,land,me_brown_lands_region,WILD,wilderness,† M3 regional lexicon
me_land_5158,Dol mornlad,land,me_south_gondor_region,GON,place,† M3 regional lexicon
me_mountain_0001,Coldbay Heights,mountain,me_forochel_region,WILD,wilderness,† M3 regional lexicon
me_mountain_0002,Driftbay Heights,mountain,me_forochel_region,WILD,wilderness,† M3 regional lexicon
me_mountain_0003,Frostbay Heights,mountain,me_northern_wastes_region,WILD,wilderness,† M3 regional lexicon
me_mountain_0004,Icebay Heights,mountain,me_northern_wastes_region,WILD,wilderness,† M3 regional lexicon
me_mountain_0005,Northbay Heights,mountain,me_northern_wastes_region,WILD,wilderness,† M3 regional lexicon
me_mountain_0006,Palebay Heights,mountain,me_northern_wastes_region,WILD,wilderness,† M3 regional lexicon
me_mountain_0007,Sealbay Heights,mountain,me_northern_wastes_region,WILD,wilderness,† M3 regional lexicon
me_mountain_0008,Snowbay Heights,mountain,me_northern_wastes_region,WILD,wilderness,† M3 regional lexicon
me_mountain_0009,Starbay Heights,mountain,me_forochel_region,WILD,wilderness,† M3 regional lexicon
me_mountain_0010,Whitebay Heights,mountain,me_northern_wastes_region,WILD,wilderness,† M3 regional lexicon
me_mountain_0011,Winterbay Heights,mountain,me_northern_wastes_region,WILD,wilderness,† M3 regional lexicon
me_mountain_0012,Coldcamp Heights,mountain,me_northern_wastes_region,WILD,wilderness,† M3 regional lexicon
me_mountain_0013,Driftcamp Heights,mountain,me_northern_wastes_region,WILD,wilderness,† M3 regional lexicon
me_mountain_0014,Frostcamp Heights,mountain,me_northern_wastes_region,WILD,wilderness,† M3 regional lexicon
me_mountain_0015,Icecamp Heights,mountain,me_northern_wastes_region,WILD,wilderness,† M3 regional lexicon
me_mountain_0016,Northcamp Heights,mountain,me_northern_wastes_region,WILD,wilderness,† M3 regional lexicon
me_mountain_0017,Palecamp Heights,mountain,me_northern_wastes_region,WILD,wilderness,† M3 regional lexicon
me_mountain_0018,Sealcamp Heights,mountain,me_northern_wastes_region,WILD,wilderness,† M3 regional lexicon
me_mountain_0019,Snowcamp Heights,mountain,me_forochel_region,WILD,wilderness,† M3 regional lexicon
me_mountain_0020,Starcamp Heights,mountain,me_northern_wastes_region,WILD,wilderness,† M3 regional lexicon
me_mountain_0021,Whitecamp Heights,mountain,me_northern_wastes_region,WILD,wilderness,† M3 regional lexicon
me_mountain_0022,Wintercamp Heights,mountain,me_northern_wastes_region,WILD,wilderness,† M3 regional lexicon
me_mountain_0023,Coldfell Heights,mountain,me_forochel_region,WILD,wilderness,† M3 regional lexicon
me_mountain_0024,Driftfell Heights,mountain,me_northern_wastes_region,WILD,wilderness,† M3 regional lexicon
me_mountain_0025,Frostfell Heights,mountain,me_northern_wastes_region,WILD,wilderness,† M3 regional lexicon
me_mountain_0026,Icefell Heights,mountain,me_northern_wastes_region,WILD,wilderness,† M3 regional lexicon
me_mountain_0027,Northfell Heights,mountain,me_forochel_region,WILD,wilderness,† M3 regional lexicon
me_mountain_0028,Palefell Heights,mountain,me_forochel_region,WILD,wilderness,† M3 regional lexicon
me_mountain_0029,Ered Amon adarath,mountain,me_lindon_region,WILD,wilderness,† M3 regional lexicon
me_mountain_0030,Ered Dol adarath,mountain,me_lindon_region,WILD,wilderness,† M3 regional lexicon
me_mountain_0031,Azanabad Heights,mountain,me_grey_mountains_region,WILD,wilderness,† M3 regional lexicon
me_mountain_0032,Amberbank Heights,mountain,me_dale_region,WILD,wilderness,† M3 regional lexicon
me_mountain_0033,Ered Eithel adarath,mountain,me_lindon_region,WILD,wilderness,† M3 regional lexicon
me_mountain_0034,Ered Emyn adarath,mountain,me_lindon_region,WILD,wilderness,† M3 regional lexicon
me_mountain_0035,Ered Imlad adarath,mountain,me_lindon_region,WILD,wilderness,† M3 regional lexicon
me_mountain_0036,Ered Minas adarath,mountain,me_lindon_region,WILD,wilderness,† M3 regional lexicon
me_mountain_0037,Ered Ost adarath,mountain,me_lindon_region,WILD,wilderness,† M3 regional lexicon
me_mountain_0038,Alderbank Heights,mountain,me_anduin_vale_region,WILD,wilderness,† M3 regional lexicon
me_mountain_0039,Ered Taur adarath,mountain,me_lindon_region,WILD,wilderness,† M3 regional lexicon
me_mountain_0040,Ered Bar adarath,mountain,me_lindon_region,WILD,wilderness,† M3 regional lexicon
me_mountain_0041,Ered Calen adarath,mountain,me_lindon_region,WILD,wilderness,† M3 regional lexicon
me_mountain_0042,Ered Celon adarath,mountain,me_lindon_region,WILD,wilderness,† M3 regional lexicon
me_mountain_0043,Ered Nim adarath,mountain,me_lindon_region,WILD,wilderness,† M3 regional lexicon
me_mountain_0044,Ered Amon aelath,mountain,me_lindon_region,WILD,wilderness,† M3 regional lexicon
me_mountain_0045,Ashbank Heights,mountain,me_mirkwood_region,WILD,wilderness,† M3 regional lexicon
me_mountain_0046,Barrowbank Heights,mountain,me_anduin_vale_region,WILD,wilderness,† M3 regional lexicon
me_mountain_0047,Beaconbank Heights,mountain,me_enedwaith_region,WILD,wilderness,† M3 regional lexicon
me_mountain_0048,Blackbank Heights,mountain,me_anduin_vale_region,WILD,wilderness,† M3 regional lexicon
me_mountain_0049,Bramblebank Heights,mountain,me_anduin_vale_region,WILD,wilderness,† M3 regional lexicon
me_mountain_0050,Aldberg Heights,mountain,me_rohan_region,WILD,wilderness,† M3 regional lexicon
me_mountain_0051,Ered Dol aelath,mountain,me_brown_lands_region,WILD,wilderness,† M3 regional lexicon
me_mountain_0052,Ered Eithel aelath,mountain,me_brown_lands_region,WILD,wilderness,† M3 regional lexicon
me_mountain_0053,Balach Heights,mountain,me_rhun_region,WILD,wilderness,† M3 regional lexicon
me_mountain_0054,Ered Emyn aelath,mountain,me_brown_lands_region,WILD,wilderness,† M3 regional lexicon
me_mountain_0055,Borach Heights,mountain,me_rhun_region,WILD,wilderness,† M3 regional lexicon
me_mountain_0056,Beorberg Heights,mountain,me_rohan_region,WILD,wilderness,† M3 regional lexicon
me_mountain_0057,Gathach Heights,mountain,me_rhun_region,WILD,wilderness,† M3 regional lexicon
me_mountain_0058,Ered Imlad aelath,mountain,me_brown_lands_region,WILD,wilderness,† M3 regional lexicon
me_mountain_0059,Bregoberg Heights,mountain,me_rohan_region,WILD,wilderness,† M3 regional lexicon
me_mountain_0060,Ceorlberg Heights,mountain,me_rohan_region,WILD,wilderness,† M3 regional lexicon
me_mountain_0061,Déorberg Heights,mountain,me_rohan_region,WILD,wilderness,† M3 regional lexicon
me_mountain_0062,Eorlberg Heights,mountain,me_rohan_region,WILD,wilderness,† M3 regional lexicon
me_mountain_0063,Folcberg Heights,mountain,me_rohan_region,WILD,wilderness,† M3 regional lexicon
me_mountain_0064,Framberg Heights,mountain,me_rohan_region,WILD,wilderness,† M3 regional lexicon
me_mountain_0065,Ered Minas aelath,mountain,me_belfalas_region,WILD,wilderness,† M3 regional lexicon
me_mountain_0066,Ered Ost aelath,mountain,me_ithilien_region,WILD,wilderness,† M3 regional lexicon
me_mountain_0067,Ered Taur aelath,mountain,me_ithilien_region,WILD,wilderness,† M3 regional lexicon
me_mountain_0068,Ered Bar aelath,mountain,me_ithilien_region,WILD,wilderness,† M3 regional lexicon
me_mountain_0069,Ered Calen aelath,mountain,me_ithilien_region,WILD,wilderness,† M3 regional lexicon
me_mountain_0070,Ered Celon aelath,mountain,me_ithilien_region,WILD,wilderness,† M3 regional lexicon
me_mountain_0071,Ered Nim aelath,mountain,me_south_gondor_region,WILD,wilderness,† M3 regional lexicon
me_mountain_0072,Ered Amon annonath,mountain,me_south_gondor_region,WILD,wilderness,† M3 regional lexicon
me_mountain_0073,Ered Dol annonath,mountain,me_south_gondor_region,WILD,wilderness,† M3 regional lexicon
me_mountain_0074,Ered Eithel annonath,mountain,me_south_gondor_region,WILD,wilderness,† M3 regional lexicon
me_mountain_0075,Ered Emyn annonath,mountain,me_belfalas_region,WILD,wilderness,† M3 regional lexicon
me_mountain_0076,Sealfell Heights,mountain,me_northern_wastes_region,WILD,wilderness,† M3 regional lexicon
me_mountain_0077,Barazabad Heights,mountain,me_grey_mountains_region,WILD,wilderness,† M3 regional lexicon
me_mountain_0078,Ered Imlad annonath,mountain,me_south_gondor_region,WILD,wilderness,† M3 regional lexicon
me_mountain_0079,Ered Minas annonath,mountain,me_ithilien_region,WILD,wilderness,† M3 regional lexicon
me_mountain_0080,Snowfell Heights,mountain,me_northern_wastes_region,WILD,wilderness,† M3 regional lexicon
me_mountain_0081,Bucklandbank Heights,mountain,me_anduin_vale_region,WILD,wilderness,† M3 regional lexicon
me_mountain_0082,Cedarbank Heights,mountain,me_anduin_vale_region,WILD,wilderness,† M3 regional lexicon
me_mountain_0083,Ered Ost annonath,mountain,me_lindon_region,WILD,wilderness,† M3 regional lexicon
me_mountain_0084,Ashbag Heights,mountain,me_mordor_region,WILD,wilderness,† M3 regional lexicon
me_mountain_0085,Bizarabad Heights,mountain,me_grey_mountains_region,WILD,wilderness,† M3 regional lexicon
me_mountain_0086,Azgbag Heights,mountain,me_mordor_region,WILD,wilderness,† M3 regional lexicon
me_mountain_0087,Deepbank Heights,mountain,me_anduin_vale_region,WILD,wilderness,† M3 regional lexicon
me_mountain_0088,Ered Taur annonath,mountain,me_belfalas_region,WILD,wilderness,† M3 regional lexicon
me_mountain_0089,Ered Bar annonath,mountain,me_ithilien_region,WILD,wilderness,† M3 regional lexicon
me_mountain_0090,Eastbank Heights,mountain,me_anduin_vale_region,WILD,wilderness,† M3 regional lexicon
me_mountain_0091,Starfell Heights,mountain,me_northern_wastes_region,WILD,wilderness,† M3 regional lexicon
me_mountain_0092,Ered Calen annonath,mountain,me_anorien_region,WILD,wilderness,† M3 regional lexicon
me_mountain_0093,Greenbank Heights,mountain,me_anduin_vale_region,WILD,wilderness,† M3 regional lexicon
me_mountain_0094,Ered Celon annonath,mountain,me_anorien_region,WILD,wilderness,† M3 regional lexicon
me_mountain_0095,Ered Nim annonath,mountain,me_ithilien_region,WILD,wilderness,† M3 regional lexicon
me_mountain_0096,Greybank Heights,mountain,me_enedwaith_region,WILD,wilderness,† M3 regional lexicon
me_mountain_0097,Longbank Heights,mountain,me_anduin_vale_region,WILD,wilderness,† M3 regional lexicon
me_mountain_0098,Grimberg Heights,mountain,me_rohan_region,WILD,wilderness,† M3 regional lexicon
me_mountain_0099,Ered Amon belath,mountain,me_ithilien_region,WILD,wilderness,† M3 regional lexicon
me_mountain_0100,Northbank Heights,mountain,me_anduin_vale_region,WILD,wilderness,† M3 regional lexicon
me_mountain_0101,Ered Dol belath,mountain,me_brown_lands_region,WILD,wilderness,† M3 regional lexicon
me_mountain_0102,Ered Eithel belath,mountain,me_ithilien_region,WILD,wilderness,† M3 regional lexicon
me_mountain_0103,Ered Emyn belath,mountain,me_south_gondor_region,WILD,wilderness,† M3 regional lexicon
me_mountain_0104,Ered Imlad belath,mountain,me_south_gondor_region,WILD,wilderness,† M3 regional lexicon
me_mountain_0105,Oakbank Heights,mountain,me_anduin_vale_region,WILD,wilderness,† M3 regional lexicon
me_mountain_0106,Southbank Heights,mountain,me_enedwaith_region,WILD,wilderness,† M3 regional lexicon
me_mountain_0107,Ered Minas belath,mountain,me_ithilien_region,WILD,wilderness,† M3 regional lexicon
me_mountain_0108,Blackbag Heights,mountain,me_mordor_region,WILD,wilderness,† M3 regional lexicon
me_mountain_0109,Ered Ost belath,mountain,me_belfalas_region,WILD,wilderness,† M3 regional lexicon
me_mountain_0110,Ered Taur belath,mountain,me_belfalas_region,WILD,wilderness,† M3 regional lexicon
me_mountain_0111,Whitefell Heights,mountain,me_northern_wastes_region,WILD,wilderness,† M3 regional lexicon
me_mountain_0112,Ered Bar belath,mountain,me_ithilien_region,WILD,wilderness,† M3 regional lexicon
me_mountain_0113,Ered Calen belath,mountain,me_ithilien_region,WILD,wilderness,† M3 regional lexicon
me_mountain_0114,Ered Celon belath,mountain,me_brown_lands_region,WILD,wilderness,† M3 regional lexicon
me_mountain_0115,Burzbag Heights,mountain,me_mordor_region,WILD,wilderness,† M3 regional lexicon
me_mountain_0116,Ered Nim belath,mountain,me_lindon_region,WILD,wilderness,† M3 regional lexicon
me_mountain_0117,Ered Amon bornath,mountain,me_ithilien_region,WILD,wilderness,† M3 regional lexicon
me_mountain_0118,Winterfell Heights,mountain,me_northern_wastes_region,WILD,wilderness,† M3 regional lexicon
me_mountain_0119,Ered Dol bornath,mountain,me_brown_lands_region,WILD,wilderness,† M3 regional lexicon
me_mountain_0120,Helmberg Heights,mountain,me_rohan_region,WILD,wilderness,† M3 regional lexicon
me_mountain_0121,Ered Eithel bornath,mountain,me_ithilien_region,WILD,wilderness,† M3 regional lexicon
me_mountain_0122,Coldfloe Heights,mountain,me_northern_wastes_region,WILD,wilderness,† M3 regional lexicon
me_mountain_0123,Ered Emyn bornath,mountain,me_brown_lands_region,WILD,wilderness,† M3 regional lexicon
me_mountain_0124,Heruberg Heights,mountain,me_rohan_region,WILD,wilderness,† M3 regional lexicon
me_mountain_0125,Ered Imlad bornath,mountain,me_brown_lands_region,WILD,wilderness,† M3 regional lexicon
me_mountain_0126,Stonebank Heights,mountain,me_anduin_vale_region,WILD,wilderness,† M3 regional lexicon
me_mountain_0127,Driftfloe Heights,mountain,me_northern_wastes_region,WILD,wilderness,† M3 regional lexicon
me_mountain_0128,Ered Minas bornath,mountain,me_brown_lands_region,WILD,wilderness,† M3 regional lexicon
me_mountain_0129,Ered Ost bornath,mountain,me_belfalas_region,WILD,wilderness,† M3 regional lexicon
me_mountain_0130,Frostfloe Heights,mountain,me_northern_wastes_region,WILD,wilderness,† M3 regional lexicon
me_mountain_0131,Westbank Heights,mountain,me_anduin_vale_region,WILD,wilderness,† M3 regional lexicon
me_mountain_0132,Alderbourne Heights,mountain,me_anduin_vale_region,WILD,wilderness,† M3 regional lexicon
me_mountain_0133,Ered Taur bornath,mountain,me_belfalas_region,WILD,wilderness,† M3 regional lexicon
me_mountain_0134,Ered Bar bornath,mountain,me_anorien_region,WILD,wilderness,† M3 regional lexicon
me_mountain_0135,Ashbourne Heights,mountain,me_anduin_vale_region,WILD,wilderness,† M3 regional lexicon
me_mountain_0136,Dushbag Heights,mountain,me_mordor_region,WILD,wilderness,† M3 regional lexicon
me_mountain_0137,Ered Calen bornath,mountain,me_south_gondor_region,WILD,wilderness,† M3 regional lexicon
me_mountain_0138,Icefloe Heights,mountain,me_northern_wastes_region,WILD,wilderness,† M3 regional lexicon
me_mountain_0139,Karmach Heights,mountain,me_rhun_region,WILD,wilderness,† M3 regional lexicon
me_mountain_0140,Ered Celon bornath,mountain,me_south_gondor_region,WILD,wilderness,† M3 regional lexicon
me_mountain_0141,Barrowbourne Heights,mountain,me_anduin_vale_region,WILD,wilderness,† M3 regional lexicon
me_mountain_0142,Ered Nim bornath,mountain,me_anorien_region,WILD,wilderness,† M3 regional lexicon
me_mountain_0143,Beaconbourne Heights,mountain,me_enedwaith_region,WILD,wilderness,† M3 regional lexicon
me_mountain_0144,Blackbourne Heights,mountain,me_anduin_vale_region,WILD,wilderness,† M3 regional lexicon
me_mountain_0145,Ered Amon caranath,mountain,me_belfalas_region,WILD,wilderness,† M3 regional lexicon
me_mountain_0146,Ered Dol caranath,mountain,me_brown_lands_region,WILD,wilderness,† M3 regional lexicon
me_mountain_0147,Bramblebourne Heights,mountain,me_anduin_vale_region,WILD,wilderness,† M3 regional lexicon
me_mountain_0148,Northfloe Heights,mountain,me_northern_wastes_region,WILD,wilderness,† M3 regional lexicon
me_mountain_0149,Palefloe Heights,mountain,me_forochel_region,WILD,wilderness,† M3 regional lexicon
me_mountain_0150,Ered Eithel caranath,mountain,me_anorien_region,WILD,wilderness,† M3 regional lexicon
me_mountain_0151,Léodberg Heights,mountain,me_rohan_region,WILD,wilderness,† M3 regional lexicon
me_mountain_0152,Ered Emyn caranath,mountain,me_ithilien_region,WILD,wilderness,† M3 regional lexicon
me_mountain_0153,Bucklandbourne Heights,mountain,me_anduin_vale_region,WILD,wilderness,† M3 regional lexicon
me_mountain_0154,Khurach Heights,mountain,me_rhun_region,WILD,wilderness,† M3 regional lexicon
me_mountain_0155,Ered Imlad caranath,mountain,me_ithilien_region,WILD,wilderness,† M3 regional lexicon
me_mountain_0156,Cedarbourne Heights,mountain,me_anduin_vale_region,WILD,wilderness,† M3 regional lexicon
me_mountain_0157,Sealfloe Heights,mountain,me_northern_wastes_region,WILD,wilderness,† M3 regional lexicon
me_mountain_0158,Ered Minas caranath,mountain,me_brown_lands_region,WILD,wilderness,† M3 regional lexicon
me_mountain_0159,Ghashbag Heights,mountain,me_mordor_region,WILD,wilderness,† M3 regional lexicon
me_mountain_0160,Ered Ost caranath,mountain,me_brown_lands_region,WILD,wilderness,† M3 regional lexicon
me_mountain_0161,Snowfloe Heights,mountain,me_northern_wastes_region,WILD,wilderness,† M3 regional lexicon
me_mountain_0162,Ered Taur caranath,mountain,me_ithilien_region,WILD,wilderness,† M3 regional lexicon
me_mountain_0163,Gorbag Heights,mountain,me_mordor_region,WILD,wilderness,† M3 regional lexicon
me_mountain_0164,Ered Bar caranath,mountain,me_anorien_region,WILD,wilderness,† M3 regional lexicon
me_mountain_0165,Deepbourne Heights,mountain,me_anduin_vale_region,WILD,wilderness,† M3 regional lexicon
me_mountain_0166,Starfloe Heights,mountain,me_northern_wastes_region,WILD,wilderness,† M3 regional lexicon
me_mountain_0167,Bundabad Heights,mountain,me_grey_mountains_region,WILD,wilderness,† M3 regional lexicon
me_mountain_0168,Ered Calen caranath,mountain,me_ithilien_region,WILD,wilderness,† M3 regional lexicon
me_mountain_0169,Whitefloe Heights,mountain,me_northern_wastes_region,WILD,wilderness,† M3 regional lexicon
me_mountain_0170,Ered Celon caranath,mountain,me_ithilien_region,WILD,wilderness,† M3 regional lexicon
me_mountain_0171,Lodach Heights,mountain,me_rhun_region,WILD,wilderness,† M3 regional lexicon
me_mountain_0172,Narach Heights,mountain,me_rhun_region,WILD,wilderness,† M3 regional lexicon
me_mountain_0173,Ered Nim caranath,mountain,me_south_gondor_region,WILD,wilderness,† M3 regional lexicon
me_mountain_0174,Ered Amon duinath,mountain,me_belfalas_region,WILD,wilderness,† M3 regional lexicon
me_mountain_0175,Ered Dol duinath,mountain,me_south_gondor_region,WILD,wilderness,† M3 regional lexicon
me_mountain_0176,Ered Eithel duinath,mountain,me_belfalas_region,WILD,wilderness,† M3 regional lexicon
me_mountain_0177,Ered Emyn duinath,mountain,me_brown_lands_region,WILD,wilderness,† M3 regional lexicon
me_mountain_0178,Ered Imlad duinath,mountain,me_south_gondor_region,WILD,wilderness,† M3 regional lexicon
me_mountain_0179,Eastbourne Heights,mountain,me_enedwaith_region,WILD,wilderness,† M3 regional lexicon
me_mountain_0180,Winterfloe Heights,mountain,me_northern_wastes_region,WILD,wilderness,† M3 regional lexicon
me_mountain_0181,Greenbourne Heights,mountain,me_anduin_vale_region,WILD,wilderness,† M3 regional lexicon
me_mountain_0182,Ridberg Heights,mountain,me_rohan_region,WILD,wilderness,† M3 regional lexicon
me_mountain_0183,Ered Minas duinath,mountain,me_south_gondor_region,WILD,wilderness,† M3 regional lexicon
me_mountain_0184,Dumabad Heights,mountain,me_grey_mountains_region,WILD,wilderness,† M3 regional lexicon
me_mountain_0185,Ered Ost duinath,mountain,me_anorien_region,WILD,wilderness,† M3 regional lexicon
me_mountain_0186,Greybourne Heights,mountain,me_anduin_vale_region,WILD,wilderness,† M3 regional lexicon
me_mountain_0187,Ered Taur duinath,mountain,me_south_gondor_region,WILD,wilderness,† M3 regional lexicon
me_mountain_0188,Longbourne Heights,mountain,me_enedwaith_region,WILD,wilderness,† M3 regional lexicon
me_mountain_0189,Northbourne Heights,mountain,me_anduin_vale_region,WILD,wilderness,† M3 regional lexicon
me_mountain_0190,Ered Bar duinath,mountain,me_south_gondor_region,WILD,wilderness,† M3 regional lexicon
me_mountain_0191,Ered Calen duinath,mountain,me_belfalas_region,WILD,wilderness,† M3 regional lexicon
me_mountain_0192,Ered Celon duinath,mountain,me_ithilien_region,WILD,wilderness,† M3 regional lexicon
me_mountain_0193,Coldhaven Heights,mountain,me_northern_wastes_region,WILD,wilderness,† M3 regional lexicon
me_mountain_0194,Drifthaven Heights,mountain,me_northern_wastes_region,WILD,wilderness,† M3 regional lexicon
me_mountain_0195,Frosthaven Heights,mountain,me_northern_wastes_region,WILD,wilderness,† M3 regional lexicon
me_mountain_0196,Ered Nim duinath,mountain,me_south_gondor_region,WILD,wilderness,† M3 regional lexicon
me_mountain_0197,Ered Amon falasath,mountain,me_brown_lands_region,WILD,wilderness,† M3 regional lexicon
me_mountain_0198,Icehaven Heights,mountain,me_forochel_region,WILD,wilderness,† M3 regional lexicon
me_mountain_0199,Ered Dol falasath,mountain,me_anorien_region,WILD,wilderness,† M3 regional lexicon
me_mountain_0200,Ered Eithel falasath,mountain,me_brown_lands_region,WILD,wilderness,† M3 regional lexicon
me_mountain_0201,Ered Emyn falasath,mountain,me_anorien_region,WILD,wilderness,† M3 regional lexicon
me_mountain_0202,Oakbourne Heights,mountain,me_anduin_vale_region,WILD,wilderness,† M3 regional lexicon
me_mountain_0203,Grishbag Heights,mountain,me_mordor_region,WILD,wilderness,† M3 regional lexicon
me_mountain_0204,Ered Imlad falasath,mountain,me_brown_lands_region,WILD,wilderness,† M3 regional lexicon
me_mountain_0205,Felekabad Heights,mountain,me_grey_mountains_region,WILD,wilderness,† M3 regional lexicon
me_mountain_0206,Southbourne Heights,mountain,me_anduin_vale_region,WILD,wilderness,† M3 regional lexicon
me_mountain_0207,Ered Minas falasath,mountain,me_south_gondor_region,WILD,wilderness,† M3 regional lexicon
me_mountain_0208,Northhaven Heights,mountain,me_forochel_region,WILD,wilderness,† M3 regional lexicon
me_mountain_0209,Ered Ost falasath,mountain,me_belfalas_region,WILD,wilderness,† M3 regional lexicon
me_mountain_0210,Ered Taur falasath,mountain,me_belfalas_region,WILD,wilderness,† M3 regional lexicon
me_mountain_0211,Palehaven Heights,mountain,me_northern_wastes_region,WILD,wilderness,† M3 regional lexicon
me_mountain_0212,Ered Bar falasath,mountain,me_anorien_region,WILD,wilderness,† M3 regional lexicon
me_mountain_0213,Ered Calen falasath,mountain,me_anorien_region,WILD,wilderness,† M3 regional lexicon
me_mountain_0214,Ered Celon falasath,mountain,me_south_gondor_region,WILD,wilderness,† M3 regional lexicon
me_mountain_0215,Ered Nim falasath,mountain,me_anorien_region,WILD,wilderness,† M3 regional lexicon
me_mountain_0216,Ered Amon galenath,mountain,me_anorien_region,WILD,wilderness,† M3 regional lexicon
me_mountain_0217,Sealhaven Heights,mountain,me_northern_wastes_region,WILD,wilderness,† M3 regional lexicon
me_mountain_0218,Thengelberg Heights,mountain,me_rohan_region,WILD,wilderness,† M3 regional lexicon
me_mountain_0219,Stonebourne Heights,mountain,me_anduin_vale_region,WILD,wilderness,† M3 regional lexicon
me_mountain_0220,Westbourne Heights,mountain,me_anduin_vale_region,WILD,wilderness,† M3 regional lexicon
me_mountain_0221,Snowhaven Heights,mountain,me_northern_wastes_region,WILD,wilderness,† M3 regional lexicon
me_mountain_0222,Ered Dol galenath,mountain,me_belfalas_region,WILD,wilderness,† M3 regional lexicon
me_mountain_0223,Ered Eithel galenath,mountain,me_brown_lands_region,WILD,wilderness,† M3 regional lexicon
me_mountain_0224,Ered Emyn galenath,mountain,me_ithilien_region,WILD,wilderness,† M3 regional lexicon
me_mountain_0225,Starhaven Heights,mountain,me_northern_wastes_region,WILD,wilderness,† M3 regional lexicon
me_mountain_0226,Alderbridge Heights,mountain,me_anduin_vale_region,WILD,wilderness,† M3 regional lexicon
me_mountain_0227,Ashbridge Heights,mountain,me_anduin_vale_region,WILD,wilderness,† M3 regional lexicon
me_mountain_0228,Ered Imlad galenath,mountain,me_brown_lands_region,WILD,wilderness,† M3 regional lexicon
me_mountain_0229,Ered Minas galenath,mountain,me_ithilien_region,WILD,wilderness,† M3 regional lexicon
me_mountain_0230,Woldberg Heights,mountain,me_rohan_region,WILD,wilderness,† M3 regional lexicon
me_mountain_0231,Aldburna Heights,mountain,me_rohan_region,WILD,wilderness,† M3 regional lexicon
me_mountain_0232,Krimpbag Heights,mountain,me_mordor_region,WILD,wilderness,† M3 regional lexicon
me_mountain_0233,Whitehaven Heights,mountain,me_northern_wastes_region,WILD,wilderness,† M3 regional lexicon
me_mountain_0234,Ered Ost galenath,mountain,me_ithilien_region,WILD,wilderness,† M3 regional lexicon
me_mountain_0235,Ered Taur galenath,mountain,me_brown_lands_region,WILD,wilderness,† M3 regional lexicon
me_mountain_0236,Barrowbridge Heights,mountain,me_anduin_vale_region,WILD,wilderness,† M3 regional lexicon
me_mountain_0237,Beorburna Heights,mountain,me_rohan_region,WILD,wilderness,† M3 regional lexicon
me_mountain_0238,Winterhaven Heights,mountain,me_northern_wastes_region,WILD,wilderness,† M3 regional lexicon
me_mountain_0239,Coldmere Heights,mountain,me_northern_wastes_region,WILD,wilderness,† M3 regional lexicon
me_mountain_0240,Driftmere Heights,mountain,me_northern_wastes_region,WILD,wilderness,† M3 regional lexicon
me_mountain_0241,Beaconbridge Heights,mountain,me_anduin_vale_region,WILD,wilderness,† M3 regional lexicon
me_mountain_0242,Ered Bar galenath,mountain,me_brown_lands_region,WILD,wilderness,† M3 regional lexicon
me_mountain_0243,Bregoburna Heights,mountain,me_rohan_region,WILD,wilderness,† M3 regional lexicon
me_mountain_0244,Ceorlburna Heights,mountain,me_rohan_region,WILD,wilderness,† M3 regional lexicon
me_mountain_0245,Frostmere Heights,mountain,me_northern_wastes_region,WILD,wilderness,† M3 regional lexicon
me_mountain_0246,Ered Calen galenath,mountain,me_ithilien_region,WILD,wilderness,† M3 regional lexicon
me_mountain_0247,Blackbridge Heights,mountain,me_anduin_vale_region,WILD,wilderness,† M3 regional lexicon
me_mountain_0248,Lugbag Heights,mountain,me_mordor_region,WILD,wilderness,† M3 regional lexicon
me_mountain_0249,Bramblebridge Heights,mountain,me_anduin_vale_region,WILD,wilderness,† M3 regional lexicon
me_mountain_0250,Mauhbag Heights,mountain,me_mordor_region,WILD,wilderness,† M3 regional lexicon
me_mountain_0251,Ered Celon galenath,mountain,me_south_gondor_region,WILD,wilderness,† M3 regional lexicon
me_mountain_0252,Bucklandbridge Heights,mountain,me_anduin_vale_region,WILD,wilderness,† M3 regional lexicon
me_mountain_0253,Ered Nim galenath,mountain,me_brown_lands_region,WILD,wilderness,† M3 regional lexicon
me_mountain_0254,Icemere Heights,mountain,me_northern_wastes_region,WILD,wilderness,† M3 regional lexicon
me_mountain_0255,Cedarbridge Heights,mountain,me_anduin_vale_region,WILD,wilderness,† M3 regional lexicon
me_mountain_0256,Northmere Heights,mountain,me_northern_wastes_region,WILD,wilderness,† M3 regional lexicon
me_mountain_0257,Ered Amon gondath,mountain,me_south_gondor_region,WILD,wilderness,† M3 regional lexicon
me_mountain_0258,Deepbridge Heights,mountain,me_anduin_vale_region,WILD,wilderness,† M3 regional lexicon
me_mountain_0259,Ered Dol gondath,mountain,me_south_gondor_region,WILD,wilderness,† M3 regional lexicon
me_mountain_0260,Eastbridge Heights,mountain,me_anduin_vale_region,WILD,wilderness,† M3 regional lexicon
me_mountain_0261,Gamilabad Heights,mountain,me_grey_mountains_region,WILD,wilderness,† M3 regional lexicon
me_mountain_0262,Ered Eithel gondath,mountain,me_ithilien_region,WILD,wilderness,† M3 regional lexicon
me_mountain_0263,Ered Emyn gondath,mountain,me_south_gondor_region,WILD,wilderness,† M3 regional lexicon
me_mountain_0264,Palemere Heights,mountain,me_northern_wastes_region,WILD,wilderness,† M3 regional lexicon
me_mountain_0265,Ered Imlad gondath,mountain,me_ithilien_region,WILD,wilderness,† M3 regional lexicon
me_mountain_0266,Sealmere Heights,mountain,me_northern_wastes_region,WILD,wilderness,† M3 regional lexicon
me_mountain_0267,Rhovach Heights,mountain,me_rhun_region,WILD,wilderness,† M3 regional lexicon
me_mountain_0268,Greenbridge Heights,mountain,me_anduin_vale_region,WILD,wilderness,† M3 regional lexicon
me_mountain_0269,Snowmere Heights,mountain,me_northern_wastes_region,WILD,wilderness,† M3 regional lexicon
me_mountain_0270,Ered Minas gondath,mountain,me_belfalas_region,WILD,wilderness,† M3 regional lexicon
me_mountain_0271,Ered Ost gondath,mountain,me_south_gondor_region,WILD,wilderness,† M3 regional lexicon
me_mountain_0272,Ered Taur gondath,mountain,me_ithilien_region,WILD,wilderness,† M3 regional lexicon
me_mountain_0273,Ered Bar gondath,mountain,me_anorien_region,WILD,wilderness,† M3 regional lexicon
me_mountain_0274,Muzgbag Heights,mountain,me_mordor_region,WILD,wilderness,† M3 regional lexicon
me_mountain_0275,Ered Calen gondath,mountain,me_brown_lands_region,WILD,wilderness,† M3 regional lexicon
me_mountain_0276,Ered Celon gondath,mountain,me_south_gondor_region,WILD,wilderness,† M3 regional lexicon
me_mountain_0277,Greybridge Heights,mountain,me_enedwaith_region,WILD,wilderness,† M3 regional lexicon
me_mountain_0278,Ered Nim gondath,mountain,me_belfalas_region,WILD,wilderness,† M3 regional lexicon
me_mountain_0279,Ered Amon lothath,mountain,me_belfalas_region,WILD,wilderness,† M3 regional lexicon
me_mountain_0280,Ered Dol lothath,mountain,me_brown_lands_region,WILD,wilderness,† M3 regional lexicon
me_mountain_0281,Ered Eithel lothath,mountain,me_anorien_region,WILD,wilderness,† M3 regional lexicon
me_mountain_0282,Ered Emyn lothath,mountain,me_ithilien_region,WILD,wilderness,† M3 regional lexicon
me_mountain_0283,Déorburna Heights,mountain,me_rohan_region,WILD,wilderness,† M3 regional lexicon
me_mountain_0284,Starmere Heights,mountain,me_northern_wastes_region,WILD,wilderness,† M3 regional lexicon
me_mountain_0285,Ered Imlad lothath,mountain,me_ithilien_region,WILD,wilderness,† M3 regional lexicon
me_mountain_0286,Longbridge Heights,mountain,me_anduin_vale_region,WILD,wilderness,† M3 regional lexicon
me_mountain_0287,Whitemere Heights,mountain,me_northern_wastes_region,WILD,wilderness,† M3 regional lexicon
me_mountain_0288,Ered Minas lothath,mountain,me_south_gondor_region,WILD,wilderness,† M3 regional lexicon
me_mountain_0289,Wintermere Heights,mountain,me_northern_wastes_region,WILD,wilderness,† M3 regional lexicon
me_mountain_0290,Northbridge Heights,mountain,me_anduin_vale_region,WILD,wilderness,† M3 regional lexicon
me_mountain_0291,Ered Ost lothath,mountain,me_ithilien_region,WILD,wilderness,† M3 regional lexicon
me_mountain_0292,Oakbridge Heights,mountain,me_anduin_vale_region,WILD,wilderness,† M3 regional lexicon
me_mountain_0293,Ered Taur lothath,mountain,me_ithilien_region,WILD,wilderness,† M3 regional lexicon
me_mountain_0294,Southbridge Heights,mountain,me_anduin_vale_region,WILD,wilderness,† M3 regional lexicon
me_mountain_0295,Coldpoint Heights,mountain,me_northern_wastes_region,WILD,wilderness,† M3 regional lexicon
me_mountain_0296,Stonebridge Heights,mountain,me_enedwaith_region,WILD,wilderness,† M3 regional lexicon
me_mountain_0297,Driftpoint Heights,mountain,me_northern_wastes_region,WILD,wilderness,† M3 regional lexicon
me_mountain_0298,Frostpoint Heights,mountain,me_northern_wastes_region,WILD,wilderness,† M3 regional lexicon
me_mountain_0299,Nazgbag Heights,mountain,me_mordor_region,WILD,wilderness,† M3 regional lexicon
me_mountain_0300,Icepoint Heights,mountain,me_northern_wastes_region,WILD,wilderness,† M3 regional lexicon
me_mountain_0301,Ered Bar lothath,mountain,me_belfalas_region,WILD,wilderness,† M3 regional lexicon
me_mountain_0302,Ered Calen lothath,mountain,me_ithilien_region,WILD,wilderness,† M3 regional lexicon
me_mountain_0303,Eorlburna Heights,mountain,me_rohan_region,WILD,wilderness,† M3 regional lexicon
me_mountain_0304,Ered Celon lothath,mountain,me_anorien_region,WILD,wilderness,† M3 regional lexicon
me_mountain_0305,Ered Nim lothath,mountain,me_south_gondor_region,WILD,wilderness,† M3 regional lexicon
me_mountain_0306,Northpoint Heights,mountain,me_northern_wastes_region,WILD,wilderness,† M3 regional lexicon
me_mountain_0307,Westbridge Heights,mountain,me_enedwaith_region,WILD,wilderness,† M3 regional lexicon
me_mountain_0308,Alderbrook Heights,mountain,me_enedwaith_region,WILD,wilderness,† M3 regional lexicon
me_mountain_0309,Ered Amon mornath,mountain,me_belfalas_region,WILD,wilderness,† M3 regional lexicon
me_mountain_0310,Ashbrook Heights,mountain,me_anduin_vale_region,WILD,wilderness,† M3 regional lexicon
me_mountain_0311,Ered Dol mornath,mountain,me_lindon_region,WILD,wilderness,† M3 regional lexicon
me_mountain_0312,Palepoint Heights,mountain,me_northern_wastes_region,WILD,wilderness,† M3 regional lexicon
me_mountain_0313,Folcburna Heights,mountain,me_rohan_region,WILD,wilderness,† M3 regional lexicon
me_mountain_0314,Sealpoint Heights,mountain,me_northern_wastes_region,WILD,wilderness,† M3 regional lexicon
me_mountain_0315,Snowpoint Heights,mountain,me_northern_wastes_region,WILD,wilderness,† M3 regional lexicon
me_mountain_0316,Starpoint Heights,mountain,me_northern_wastes_region,WILD,wilderness,† M3 regional lexicon
me_mountain_0317,Gatholabad Heights,mountain,me_grey_mountains_region,WILD,wilderness,† M3 regional lexicon
me_mountain_0318,Sagach Heights,mountain,me_rhun_region,WILD,wilderness,† M3 regional lexicon
me_mountain_0319,Ered Eithel mornath,mountain,me_south_gondor_region,WILD,wilderness,† M3 regional lexicon
me_mountain_0320,Barrowbrook Heights,mountain,me_anduin_vale_region,WILD,wilderness,† M3 regional lexicon
me_mountain_0321,Beaconbrook Heights,mountain,me_anduin_vale_region,WILD,wilderness,† M3 regional lexicon
me_mountain_0322,Ered Emyn mornath,mountain,me_brown_lands_region,WILD,wilderness,† M3 regional lexicon
me_mountain_0323,Skaibag Heights,mountain,me_mordor_region,WILD,wilderness,† M3 regional lexicon
me_mountain_0324,Whitepoint Heights,mountain,me_northern_wastes_region,WILD,wilderness,† M3 regional lexicon
me_mountain_0325,Ered Imlad mornath,mountain,me_ithilien_region,WILD,wilderness,† M3 regional lexicon
me_mountain_0326,Ered Minas mornath,mountain,me_south_gondor_region,WILD,wilderness,† M3 regional lexicon
me_mountain_0327,Ered Ost mornath,mountain,me_ithilien_region,WILD,wilderness,† M3 regional lexicon
me_mountain_0328,Ered Taur mornath,mountain,me_south_gondor_region,WILD,wilderness,† M3 regional lexicon
me_mountain_0329,Winterpoint Heights,mountain,me_northern_wastes_region,WILD,wilderness,† M3 regional lexicon
me_mountain_0330,Framburna Heights,mountain,me_rohan_region,WILD,wilderness,† M3 regional lexicon
me_mountain_0331,Grimburna Heights,mountain,me_rohan_region,WILD,wilderness,† M3 regional lexicon
me_mountain_0332,Ered Bar mornath,mountain,me_ithilien_region,WILD,wilderness,† M3 regional lexicon
me_mountain_0333,Blackbrook Heights,mountain,me_anduin_vale_region,WILD,wilderness,† M3 regional lexicon
me_mountain_0334,Coldshore Heights,mountain,me_northern_wastes_region,WILD,wilderness,† M3 regional lexicon
me_mountain_0335,Helmburna Heights,mountain,me_rohan_region,WILD,wilderness,† M3 regional lexicon
me_mountain_0336,Ered Calen mornath,mountain,me_ithilien_region,WILD,wilderness,† M3 regional lexicon
me_mountain_0337,Ered Celon mornath,mountain,me_ithilien_region,WILD,wilderness,† M3 regional lexicon
me_mountain_0338,Bramblebrook Heights,mountain,me_anduin_vale_region,WILD,wilderness,† M3 regional lexicon
me_mountain_0339,Bucklandbrook Heights,mountain,me_anduin_vale_region,WILD,wilderness,† M3 regional lexicon
me_mountain_0340,Ered Nim mornath,mountain,me_south_gondor_region,WILD,wilderness,† M3 regional lexicon
me_mountain_0341,Sharach Heights,mountain,me_rhun_region,WILD,wilderness,† M3 regional lexicon
me_mountain_0342,Cedarbrook Heights,mountain,me_anduin_vale_region,WILD,wilderness,† M3 regional lexicon
me_mountain_0343,Deepbrook Heights,mountain,me_enedwaith_region,WILD,wilderness,† M3 regional lexicon
me_mountain_0344,Eastbrook Heights,mountain,me_anduin_vale_region,WILD,wilderness,† M3 regional lexicon
me_mountain_0345,Ered Amon nenath,mountain,me_belfalas_region,WILD,wilderness,† M3 regional lexicon
me_mountain_0346,Ered Dol nenath,mountain,me_belfalas_region,WILD,wilderness,† M3 regional lexicon
me_mountain_0347,Greenbrook Heights,mountain,me_anduin_vale_region,WILD,wilderness,† M3 regional lexicon
me_mountain_0348,Ered Eithel nenath,mountain,me_brown_lands_region,WILD,wilderness,† M3 regional lexicon
me_mountain_0349,Driftshore Heights,mountain,me_northern_wastes_region,WILD,wilderness,† M3 regional lexicon
me_mountain_0350,Frostshore Heights,mountain,me_northern_wastes_region,WILD,wilderness,† M3 regional lexicon
me_mountain_0351,Iceshore Heights,mountain,me_northern_wastes_region,WILD,wilderness,† M3 regional lexicon
me_mountain_0352,Ered Emyn nenath,mountain,me_ithilien_region,WILD,wilderness,† M3 regional lexicon
me_mountain_0353,Greybrook Heights,mountain,me_anduin_vale_region,WILD,wilderness,† M3 regional lexicon
me_mountain_0354,Ered Imlad nenath,mountain,me_belfalas_region,WILD,wilderness,† M3 regional lexicon
me_mountain_0355,Northshore Heights,mountain,me_northern_wastes_region,WILD,wilderness,† M3 regional lexicon
me_mountain_0356,Paleshore Heights,mountain,me_northern_wastes_region,WILD,wilderness,† M3 regional lexicon
me_mountain_0357,Longbrook Heights,mountain,me_anduin_vale_region,WILD,wilderness,† M3 regional lexicon
me_mountain_0358,Heruburna Heights,mountain,me_rohan_region,WILD,wilderness,† M3 regional lexicon
me_mountain_0359,Uglbag Heights,mountain,me_mordor_region,WILD,wilderness,† M3 regional lexicon
me_mountain_0360,Uldach Heights,mountain,me_rhun_region,WILD,wilderness,† M3 regional lexicon
me_mountain_0361,Ered Minas nenath,mountain,me_south_gondor_region,WILD,wilderness,† M3 regional lexicon
me_mountain_0362,Ered Ost nenath,mountain,me_lindon_region,WILD,wilderness,† M3 regional lexicon
me_mountain_0363,Sealshore Heights,mountain,me_northern_wastes_region,WILD,wilderness,† M3 regional lexicon
me_mountain_0364,Snowshore Heights,mountain,me_northern_wastes_region,WILD,wilderness,† M3 regional lexicon
me_mountain_0365,Starshore Heights,mountain,me_northern_wastes_region,WILD,wilderness,† M3 regional lexicon
me_mountain_0366,Northbrook Heights,mountain,me_anduin_vale_region,WILD,wilderness,† M3 regional lexicon
me_mountain_0367,Oakbrook Heights,mountain,me_enedwaith_region,WILD,wilderness,† M3 regional lexicon
me_mountain_0368,Ered Taur nenath,mountain,me_ithilien_region,WILD,wilderness,† M3 regional lexicon
me_mountain_0369,Ered Bar nenath,mountain,me_anorien_region,WILD,wilderness,† M3 regional lexicon
me_mountain_0370,Ered Calen nenath,mountain,me_lindon_region,WILD,wilderness,† M3 regional lexicon
me_mountain_0371,Urukbag Heights,mountain,me_mordor_region,WILD,wilderness,† M3 regional lexicon
me_mountain_0372,Ashburz Heights,mountain,me_mordor_region,WILD,wilderness,† M3 regional lexicon
me_mountain_0373,Ered Celon nenath,mountain,me_south_gondor_region,WILD,wilderness,† M3 regional lexicon
me_mountain_0374,Ered Nim nenath,mountain,me_south_gondor_region,WILD,wilderness,† M3 regional lexicon
me_mountain_0375,Ered Amon rathath,mountain,me_lindon_region,WILD,wilderness,† M3 regional lexicon
me_mountain_0376,Léodburna Heights,mountain,me_rohan_region,WILD,wilderness,† M3 regional lexicon
me_mountain_0377,Whiteshore Heights,mountain,me_northern_wastes_region,WILD,wilderness,† M3 regional lexicon
me_mountain_0378,Ered Dol rathath,mountain,me_brown_lands_region,WILD,wilderness,† M3 regional lexicon
me_mountain_0379,Ridburna Heights,mountain,me_rohan_region,WILD,wilderness,† M3 regional lexicon
me_mountain_0380,Southbrook Heights,mountain,me_anduin_vale_region,WILD,wilderness,† M3 regional lexicon
me_mountain_0381,Stonebrook Heights,mountain,me_enedwaith_region,WILD,wilderness,† M3 regional lexicon
me_mountain_0382,Ered Eithel rathath,mountain,me_anorien_region,WILD,wilderness,† M3 regional lexicon
me_mountain_0383,Westbrook Heights,mountain,me_anduin_vale_region,WILD,wilderness,† M3 regional lexicon
me_mountain_0384,Wintershore Heights,mountain,me_northern_wastes_region,WILD,wilderness,† M3 regional lexicon
me_mountain_0385,Ered Emyn rathath,mountain,me_belfalas_region,WILD,wilderness,† M3 regional lexicon
me_mountain_0386,Coldwater Heights,mountain,me_forochel_region,WILD,wilderness,† M3 regional lexicon
me_mountain_0387,Ered Imlad rathath,mountain,me_ithilien_region,WILD,wilderness,† M3 regional lexicon
me_mountain_0388,Ered Minas rathath,mountain,me_anorien_region,WILD,wilderness,† M3 regional lexicon
me_mountain_0389,Driftwater Heights,mountain,me_northern_wastes_region,WILD,wilderness,† M3 regional lexicon
me_mountain_0390,Azgburz Heights,mountain,me_mordor_region,WILD,wilderness,† M3 regional lexicon
me_mountain_0391,Frostwater Heights,mountain,me_northern_wastes_region,WILD,wilderness,† M3 regional lexicon
me_mountain_0392,Ered Ost rathath,mountain,me_south_gondor_region,WILD,wilderness,† M3 regional lexicon
me_mountain_0393,Ered Taur rathath,mountain,me_brown_lands_region,WILD,wilderness,† M3 regional lexicon
me_mountain_0394,Ered Bar rathath,mountain,me_ithilien_region,WILD,wilderness,† M3 regional lexicon
me_mountain_0395,Ered Calen rathath,mountain,me_south_gondor_region,WILD,wilderness,† M3 regional lexicon
me_mountain_0396,Alderdown Heights,mountain,me_anduin_vale_region,WILD,wilderness,† M3 regional lexicon
me_mountain_0397,Thengelburna Heights,mountain,me_rohan_region,WILD,wilderness,† M3 regional lexicon
me_mountain_0398,Icewater Heights,mountain,me_northern_wastes_region,WILD,wilderness,† M3 regional lexicon
me_mountain_0399,Northwater Heights,mountain,me_northern_wastes_region,WILD,wilderness,† M3 regional lexicon
me_mountain_0400,Woldburna Heights,mountain,me_rohan_region,WILD,wilderness,† M3 regional lexicon
me_mountain_0401,Alddenu Heights,mountain,me_rohan_region,WILD,wilderness,† M3 regional lexicon
me_mountain_0402,Ered Celon rathath,mountain,me_anorien_region,WILD,wilderness,† M3 regional lexicon
me_mountain_0403,Ashdown Heights,mountain,me_anduin_vale_region,WILD,wilderness,† M3 regional lexicon
me_mountain_0404,Ered Nim rathath,mountain,me_ithilien_region,WILD,wilderness,† M3 regional lexicon
me_mountain_0405,Beordenu Heights,mountain,me_rohan_region,WILD,wilderness,† M3 regional lexicon
me_mountain_0406,Barrowdown Heights,mountain,me_anduin_vale_region,WILD,wilderness,† M3 regional lexicon
me_mountain_0407,Ered Amon sarnath,mountain,me_ithilien_region,WILD,wilderness,† M3 regional lexicon
me_mountain_0408,Ered Dol sarnath,mountain,me_brown_lands_region,WILD,wilderness,† M3 regional lexicon
me_mountain_0409,Gundabad Heights,mountain,me_grey_mountains_region,WILD,wilderness,† M3 regional lexicon
me_mountain_0410,Ered Eithel sarnath,mountain,me_south_gondor_region,WILD,wilderness,† M3 regional lexicon
me_mountain_0411,Beacondown Heights,mountain,me_anduin_vale_region,WILD,wilderness,† M3 regional lexicon
me_mountain_0412,Ered Emyn sarnath,mountain,me_belfalas_region,WILD,wilderness,† M3 regional lexicon
me_mountain_0413,Ered Imlad sarnath,mountain,me_ithilien_region,WILD,wilderness,† M3 regional lexicon
me_mountain_0414,Ered Minas sarnath,mountain,me_south_gondor_region,WILD,wilderness,† M3 regional lexicon
me_mountain_0415,Blackdown Heights,mountain,me_anduin_vale_region,WILD,wilderness,† M3 regional lexicon
me_mountain_0416,Palewater Heights,mountain,me_northern_wastes_region,WILD,wilderness,† M3 regional lexicon
me_mountain_0417,Sealwater Heights,mountain,me_forochel_region,WILD,wilderness,† M3 regional lexicon
me_mountain_0418,Ered Ost sarnath,mountain,me_ithilien_region,WILD,wilderness,† M3 regional lexicon
me_mountain_0419,Snowwater Heights,mountain,me_northern_wastes_region,WILD,wilderness,† M3 regional lexicon
me_mountain_0420,Blackburz Heights,mountain,me_mordor_region,WILD,wilderness,† M3 regional lexicon
me_mountain_0421,Ered Taur sarnath,mountain,me_lindon_region,WILD,wilderness,† M3 regional lexicon
me_mountain_0422,Brambledown Heights,mountain,me_anduin_vale_region,WILD,wilderness,† M3 regional lexicon
me_mountain_0423,Ered Bar sarnath,mountain,me_ithilien_region,WILD,wilderness,† M3 regional lexicon
me_mountain_0424,Bregodenu Heights,mountain,me_rohan_region,WILD,wilderness,† M3 regional lexicon
me_mountain_0425,Burzburz Heights,mountain,me_mordor_region,WILD,wilderness,† M3 regional lexicon
me_mountain_0426,Bucklanddown Heights,mountain,me_anduin_vale_region,WILD,wilderness,† M3 regional lexicon
me_mountain_0427,Khazabad Heights,mountain,me_grey_mountains_region,WILD,wilderness,† M3 regional lexicon
me_mountain_0428,Dushburz Heights,mountain,me_mordor_region,WILD,wilderness,† M3 regional lexicon
me_mountain_0429,Starwater Heights,mountain,me_northern_wastes_region,WILD,wilderness,† M3 regional lexicon
me_mountain_0430,Whitewater Heights,mountain,me_northern_wastes_region,WILD,wilderness,† M3 regional lexicon
me_mountain_0431,Cedardown Heights,mountain,me_anduin_vale_region,WILD,wilderness,† M3 regional lexicon
me_mountain_0432,Ered Calen sarnath,mountain,me_ithilien_region,WILD,wilderness,† M3 regional lexicon
me_mountain_0433,Wainach Heights,mountain,me_rhun_region,WILD,wilderness,† M3 regional lexicon
me_mountain_0434,Ered Celon sarnath,mountain,me_belfalas_region,WILD,wilderness,† M3 regional lexicon
me_mountain_0435,Ered Nim sarnath,mountain,me_anorien_region,WILD,wilderness,† M3 regional lexicon
me_mountain_0436,Ered Amon thoronath,mountain,me_belfalas_region,WILD,wilderness,† M3 regional lexicon
me_mountain_0437,Ghashburz Heights,mountain,me_mordor_region,WILD,wilderness,† M3 regional lexicon
me_mountain_0438,Ered Dol thoronath,mountain,me_anorien_region,WILD,wilderness,† M3 regional lexicon
me_mountain_0439,Ered Eithel thoronath,mountain,me_ithilien_region,WILD,wilderness,† M3 regional lexicon
me_mountain_0440,Ered Emyn thoronath,mountain,me_belfalas_region,WILD,wilderness,† M3 regional lexicon
me_mountain_0441,Winterwater Heights,mountain,me_northern_wastes_region,WILD,wilderness,† M3 regional lexicon
me_mountain_0442,Ceorldenu Heights,mountain,me_rohan_region,WILD,wilderness,† M3 regional lexicon
me_mountain_0443,Ered Imlad thoronath,mountain,me_ithilien_region,WILD,wilderness,† M3 regional lexicon
me_mountain_0444,Déordenu Heights,mountain,me_rohan_region,WILD,wilderness,† M3 regional lexicon
me_mountain_0445,Ered Minas thoronath,mountain,me_lindon_region,WILD,wilderness,† M3 regional lexicon
me_mountain_0446,Kheledabad Heights,mountain,me_grey_mountains_region,WILD,wilderness,† M3 regional lexicon
me_mountain_0447,Gorburz Heights,mountain,me_mordor_region,WILD,wilderness,† M3 regional lexicon
me_mountain_0448,Nargabad Heights,mountain,me_grey_mountains_region,WILD,wilderness,† M3 regional lexicon
me_mountain_0449,Coldbay Reach Heights,mountain,me_northern_wastes_region,WILD,wilderness,† M3 regional lexicon
me_mountain_0450,Ered Ost thoronath,mountain,me_brown_lands_region,WILD,wilderness,† M3 regional lexicon
me_mountain_0451,Deepdown Heights,mountain,me_anduin_vale_region,WILD,wilderness,† M3 regional lexicon
me_mountain_0452,Driftbay Reach Heights,mountain,me_northern_wastes_region,WILD,wilderness,† M3 regional lexicon
me_mountain_0453,Ered Taur thoronath,mountain,me_anorien_region,WILD,wilderness,† M3 regional lexicon
me_mountain_0454,Frostbay Reach Heights,mountain,me_northern_wastes_region,WILD,wilderness,† M3 regional lexicon
me_mountain_0455,Sharabad Heights,mountain,me_grey_mountains_region,WILD,wilderness,† M3 regional lexicon
me_mountain_0456,Icebay Reach Heights,mountain,me_northern_wastes_region,WILD,wilderness,† M3 regional lexicon
me_mountain_0457,Eastdown Heights,mountain,me_anduin_vale_region,WILD,wilderness,† M3 regional lexicon
me_mountain_0458,Ered Bar thoronath,mountain,me_anorien_region,WILD,wilderness,† M3 regional lexicon
me_mountain_0459,Ered Calen thoronath,mountain,me_anorien_region,WILD,wilderness,† M3 regional lexicon
me_mountain_0460,Northbay Reach Heights,mountain,me_northern_wastes_region,WILD,wilderness,† M3 regional lexicon
me_mountain_0461,Ered Celon thoronath,mountain,me_ithilien_region,WILD,wilderness,† M3 regional lexicon
me_mountain_0462,Ered Nim thoronath,mountain,me_brown_lands_region,WILD,wilderness,† M3 regional lexicon
me_mountain_0463,Greendown Heights,mountain,me_anduin_vale_region,WILD,wilderness,† M3 regional lexicon
me_mountain_0464,Greydown Heights,mountain,me_anduin_vale_region,WILD,wilderness,† M3 regional lexicon
me_mountain_0465,Ered Amon adardor,mountain,me_ithilien_region,WILD,wilderness,† M3 regional lexicon
me_mountain_0466,Ered Dol adardor,mountain,me_belfalas_region,WILD,wilderness,† M3 regional lexicon
me_mountain_0467,Ered Eithel adardor,mountain,me_ithilien_region,WILD,wilderness,† M3 regional lexicon
me_mountain_0468,Palebay Reach Heights,mountain,me_northern_wastes_region,WILD,wilderness,† M3 regional lexicon
me_mountain_0469,Longdown Heights,mountain,me_enedwaith_region,WILD,wilderness,† M3 regional lexicon
me_mountain_0470,Eorldenu Heights,mountain,me_rohan_region,WILD,wilderness,† M3 regional lexicon
me_mountain_0471,Ered Emyn adardor,mountain,me_lindon_region,WILD,wilderness,† M3 regional lexicon
me_mountain_0472,Ered Imlad adardor,mountain,me_south_gondor_region,WILD,wilderness,† M3 regional lexicon
me_mountain_0473,Ered Minas adardor,mountain,me_brown_lands_region,WILD,wilderness,† M3 regional lexicon
me_mountain_0474,Sealbay Reach Heights,mountain,me_forochel_region,WILD,wilderness,† M3 regional lexicon
me_mountain_0475,Snowbay Reach Heights,mountain,me_northern_wastes_region,WILD,wilderness,† M3 regional lexicon
me_mountain_0476,Northdown Heights,mountain,me_anduin_vale_region,WILD,wilderness,† M3 regional lexicon
me_mountain_0477,Grishburz Heights,mountain,me_mordor_region,WILD,wilderness,† M3 regional lexicon
me_mountain_0478,Folcdenu Heights,mountain,me_rohan_region,WILD,wilderness,† M3 regional lexicon
me_mountain_0479,Oakdown Heights,mountain,me_anduin_vale_region,WILD,wilderness,† M3 regional lexicon
me_mountain_0480,Southdown Heights,mountain,me_anduin_vale_region,WILD,wilderness,† M3 regional lexicon
me_mountain_0481,Ered Ost adardor,mountain,me_ithilien_region,WILD,wilderness,† M3 regional lexicon
me_mountain_0482,Zorach Heights,mountain,me_rhun_region,WILD,wilderness,† M3 regional lexicon
me_mountain_0483,Krimpburz Heights,mountain,me_mordor_region,WILD,wilderness,† M3 regional lexicon
me_mountain_0484,Ered Taur adardor,mountain,me_belfalas_region,WILD,wilderness,† M3 regional lexicon
me_mountain_0485,Balad Heights,mountain,me_rhun_region,WILD,wilderness,† M3 regional lexicon
me_mountain_0486,Ered Bar adardor,mountain,me_belfalas_region,WILD,wilderness,† M3 regional lexicon
me_mountain_0487,Lugburz Heights,mountain,me_mordor_region,WILD,wilderness,† M3 regional lexicon
me_mountain_0488,Ered Calen adardor,mountain,me_anorien_region,WILD,wilderness,† M3 regional lexicon
me_mountain_0489,Starbay Reach Heights,mountain,me_forochel_region,WILD,wilderness,† M3 regional lexicon
me_mountain_0490,Ered Celon adardor,mountain,me_belfalas_region,WILD,wilderness,† M3 regional lexicon
me_mountain_0491,Framdenu Heights,mountain,me_rohan_region,WILD,wilderness,† M3 regional lexicon
me_mountain_0492,Ered Nim adardor,mountain,me_ithilien_region,WILD,wilderness,† M3 regional lexicon
me_mountain_0493,Grimdenu Heights,mountain,me_rohan_region,WILD,wilderness,† M3 regional lexicon
me_mountain_0494,Ered Amon aeldor,mountain,me_brown_lands_region,WILD,wilderness,† M3 regional lexicon
me_mountain_0495,Stonedown Heights,mountain,me_anduin_vale_region,WILD,wilderness,† M3 regional lexicon
me_mountain_0496,Helmdenu Heights,mountain,me_rohan_region,WILD,wilderness,† M3 regional lexicon
me_mountain_0497,Mauhburz Heights,mountain,me_mordor_region,WILD,wilderness,† M3 regional lexicon
me_mountain_0498,Ered Dol aeldor,mountain,me_brown_lands_region,WILD,wilderness,† M3 regional lexicon
me_mountain_0499,Ered Eithel aeldor,mountain,me_anorien_region,WILD,wilderness,† M3 regional lexicon
me_mountain_0500,Ered Emyn aeldor,mountain,me_south_gondor_region,WILD,wilderness,† M3 regional lexicon
me_mountain_0501,Whitebay Reach Heights,mountain,me_forochel_region,WILD,wilderness,† M3 regional lexicon
me_mountain_0502,Ered Imlad aeldor,mountain,me_anorien_region,WILD,wilderness,† M3 regional lexicon
me_mountain_0503,Ered Minas aeldor,mountain,me_belfalas_region,WILD,wilderness,† M3 regional lexicon
me_mountain_0504,Ered Ost aeldor,mountain,me_ithilien_region,WILD,wilderness,† M3 regional lexicon
me_mountain_0505,Herudenu Heights,mountain,me_rohan_region,WILD,wilderness,† M3 regional lexicon
me_mountain_0506,Muzgburz Heights,mountain,me_mordor_region,WILD,wilderness,† M3 regional lexicon
me_mountain_0507,Ered Taur aeldor,mountain,me_ithilien_region,WILD,wilderness,† M3 regional lexicon
me_mountain_0508,Léoddenu Heights,mountain,me_rohan_region,WILD,wilderness,† M3 regional lexicon
me_mountain_0509,Riddenu Heights,mountain,me_rohan_region,WILD,wilderness,† M3 regional lexicon
me_mountain_0510,Ered Bar aeldor,mountain,me_south_gondor_region,WILD,wilderness,† M3 regional lexicon
me_mountain_0511,Westdown Heights,mountain,me_anduin_vale_region,WILD,wilderness,† M3 regional lexicon
me_mountain_0512,Ered Calen aeldor,mountain,me_ithilien_region,WILD,wilderness,† M3 regional lexicon
me_mountain_0513,Ered Celon aeldor,mountain,me_belfalas_region,WILD,wilderness,† M3 regional lexicon
me_mountain_0514,Thengeldenu Heights,mountain,me_rohan_region,WILD,wilderness,† M3 regional lexicon
me_mountain_0515,Ered Nim aeldor,mountain,me_south_gondor_region,WILD,wilderness,† M3 regional lexicon
me_mountain_0516,Alderfield Heights,mountain,me_anduin_vale_region,WILD,wilderness,† M3 regional lexicon
me_mountain_0517,Ashfield Heights,mountain,me_anduin_vale_region,WILD,wilderness,† M3 regional lexicon
me_mountain_0518,Zigilabad Heights,mountain,me_grey_mountains_region,WILD,wilderness,† M3 regional lexicon
me_mountain_0519,Barrowfield Heights,mountain,me_anduin_vale_region,WILD,wilderness,† M3 regional lexicon
me_mountain_0520,Wolddenu Heights,mountain,me_rohan_region,WILD,wilderness,† M3 regional lexicon
me_mountain_0521,Winterbay Reach Heights,mountain,me_northern_wastes_region,WILD,wilderness,† M3 regional lexicon
me_mountain_0522,Coldcamp Reach Heights,mountain,me_northern_wastes_region,WILD,wilderness,† M3 regional lexicon
me_mountain_0523,Driftcamp Reach Heights,mountain,me_northern_wastes_region,WILD,wilderness,† M3 regional lexicon
me_mountain_0524,Frostcamp Reach Heights,mountain,me_northern_wastes_region,WILD,wilderness,† M3 regional lexicon
me_mountain_0525,Beaconfield Heights,mountain,me_anduin_vale_region,WILD,wilderness,† M3 regional lexicon
me_mountain_0526,Ered Amon annondor,mountain,me_south_gondor_region,WILD,wilderness,† M3 regional lexicon
me_mountain_0527,Blackfield Heights,mountain,me_anduin_vale_region,WILD,wilderness,† M3 regional lexicon
me_mountain_0528,Icecamp Reach Heights,mountain,me_northern_wastes_region,WILD,wilderness,† M3 regional lexicon
me_mountain_0529,Northcamp Reach Heights,mountain,me_northern_wastes_region,WILD,wilderness,† M3 regional lexicon
me_mountain_0530,Ered Dol annondor,mountain,me_south_gondor_region,WILD,wilderness,† M3 regional lexicon
me_mountain_0531,Ered Eithel annondor,mountain,me_south_gondor_region,WILD,wilderness,† M3 regional lexicon
me_mountain_0532,Palecamp Reach Heights,mountain,me_northern_wastes_region,WILD,wilderness,† M3 regional lexicon
me_mountain_0533,Bramblefield Heights,mountain,me_anduin_vale_region,WILD,wilderness,† M3 regional lexicon
me_mountain_0534,Ered Emyn annondor,mountain,me_ithilien_region,WILD,wilderness,† M3 regional lexicon
me_mountain_0535,Ered Imlad annondor,mountain,me_south_gondor_region,WILD,wilderness,† M3 regional lexicon
me_mountain_0536,Aldfeld Heights,mountain,me_rohan_region,WILD,wilderness,† M3 regional lexicon
me_mountain_0537,Ered Minas annondor,mountain,me_anorien_region,WILD,wilderness,† M3 regional lexicon
me_mountain_0538,Sealcamp Reach Heights,mountain,me_northern_wastes_region,WILD,wilderness,† M3 regional lexicon
me_mountain_0539,Snowcamp Reach Heights,mountain,me_northern_wastes_region,WILD,wilderness,† M3 regional lexicon
me_mountain_0540,Beorfeld Heights,mountain,me_rohan_region,WILD,wilderness,† M3 regional lexicon
me_mountain_0541,Bucklandfield Heights,mountain,me_anduin_vale_region,WILD,wilderness,† M3 regional lexicon
me_mountain_0542,Ered Ost annondor,mountain,me_south_gondor_region,WILD,wilderness,† M3 regional lexicon
me_mountain_0543,Ered Taur annondor,mountain,me_south_gondor_region,WILD,wilderness,† M3 regional lexicon
me_mountain_0544,Cedarfield Heights,mountain,me_enedwaith_region,WILD,wilderness,† M3 regional lexicon
me_mountain_0545,Ered Bar annondor,mountain,me_brown_lands_region,WILD,wilderness,† M3 regional lexicon
me_mountain_0546,Azanaglar Heights,mountain,me_grey_mountains_region,WILD,wilderness,† M3 regional lexicon
me_mountain_0547,Ered Calen annondor,mountain,me_south_gondor_region,WILD,wilderness,† M3 regional lexicon
me_mountain_0548,Starcamp Reach Heights,mountain,me_forochel_region,WILD,wilderness,† M3 regional lexicon
me_mountain_0549,Ered Celon annondor,mountain,me_south_gondor_region,WILD,wilderness,† M3 regional lexicon
me_mountain_0550,Deepfield Heights,mountain,me_anduin_vale_region,WILD,wilderness,† M3 regional lexicon
me_mountain_0551,Ered Nim annondor,mountain,me_belfalas_region,WILD,wilderness,† M3 regional lexicon
me_mountain_0552,Whitecamp Reach Heights,mountain,me_northern_wastes_region,WILD,wilderness,† M3 regional lexicon
me_mountain_0553,Ered Amon beldor,mountain,me_ithilien_region,WILD,wilderness,† M3 regional lexicon
me_mountain_0554,Wintercamp Reach Heights,mountain,me_northern_wastes_region,WILD,wilderness,† M3 regional lexicon
me_mountain_0555,Eastfield Heights,mountain,me_enedwaith_region,WILD,wilderness,† M3 regional lexicon
me_mountain_0556,Greenfield Heights,mountain,me_anduin_vale_region,WILD,wilderness,† M3 regional lexicon
me_mountain_0557,Coldfell Reach Heights,mountain,me_northern_wastes_region,WILD,wilderness,† M3 regional lexicon
me_mountain_0558,Ered Dol beldor,mountain,me_south_gondor_region,WILD,wilderness,† M3 regional lexicon
me_mountain_0559,Ered Eithel beldor,mountain,me_brown_lands_region,WILD,wilderness,† M3 regional lexicon
me_mountain_0560,Driftfell Reach Heights,mountain,me_northern_wastes_region,WILD,wilderness,† M3 regional lexicon
me_mountain_0561,Ered Emyn beldor,mountain,me_ithilien_region,WILD,wilderness,† M3 regional lexicon
me_mountain_0562,Frostfell Reach Heights,mountain,me_northern_wastes_region,WILD,wilderness,† M3 regional lexicon
me_mountain_0563,Ered Imlad beldor,mountain,me_ithilien_region,WILD,wilderness,† M3 regional lexicon
me_mountain_0564,Ered Minas beldor,mountain,me_ithilien_region,WILD,wilderness,† M3 regional lexicon
me_mountain_0565,Ered Ost beldor,mountain,me_ithilien_region,WILD,wilderness,† M3 regional lexicon
me_mountain_0566,Greyfield Heights,mountain,me_enedwaith_region,WILD,wilderness,† M3 regional lexicon
me_mountain_0567,Barazaglar Heights,mountain,me_grey_mountains_region,WILD,wilderness,† M3 regional lexicon
me_mountain_0568,Icefell Reach Heights,mountain,me_northern_wastes_region,WILD,wilderness,† M3 regional lexicon
me_mountain_0569,Bizaraglar Heights,mountain,me_grey_mountains_region,WILD,wilderness,† M3 regional lexicon
me_mountain_0570,Longfield Heights,mountain,me_enedwaith_region,WILD,wilderness,† M3 regional lexicon
me_mountain_0571,Ered Taur beldor,mountain,me_anorien_region,WILD,wilderness,† M3 regional lexicon
me_mountain_0572,Ered Bar beldor,mountain,me_ithilien_region,WILD,wilderness,† M3 regional lexicon
me_mountain_0573,Ered Calen beldor,mountain,me_belfalas_region,WILD,wilderness,† M3 regional lexicon
me_mountain_0574,Ered Celon beldor,mountain,me_brown_lands_region,WILD,wilderness,† M3 regional lexicon
me_mountain_0575,Ered Nim beldor,mountain,me_belfalas_region,WILD,wilderness,† M3 regional lexicon
me_mountain_0576,Northfield Heights,mountain,me_anduin_vale_region,WILD,wilderness,† M3 regional lexicon
me_mountain_0577,Oakfield Heights,mountain,me_anduin_vale_region,WILD,wilderness,† M3 regional lexicon
me_mountain_0578,Ered Amon borndor,mountain,me_ithilien_region,WILD,wilderness,† M3 regional lexicon
me_mountain_0579,Southfield Heights,mountain,me_anduin_vale_region,WILD,wilderness,† M3 regional lexicon
me_mountain_0580,Ered Dol borndor,mountain,me_anorien_region,WILD,wilderness,† M3 regional lexicon
me_mountain_0581,Ered Eithel borndor,mountain,me_brown_lands_region,WILD,wilderness,† M3 regional lexicon
me_mountain_0582,Northfell Reach Heights,mountain,me_forochel_region,WILD,wilderness,† M3 regional lexicon
me_mountain_0583,Ered Emyn borndor,mountain,me_brown_lands_region,WILD,wilderness,† M3 regional lexicon
me_mountain_0584,Ered Imlad borndor,mountain,me_ithilien_region,WILD,wilderness,† M3 regional lexicon
me_mountain_0585,Ered Minas borndor,mountain,me_anorien_region,WILD,wilderness,† M3 regional lexicon
me_mountain_0586,Bundaglar Heights,mountain,me_grey_mountains_region,WILD,wilderness,† M3 regional lexicon
me_mountain_0587,Ered Ost borndor,mountain,me_ithilien_region,WILD,wilderness,† M3 regional lexicon
me_mountain_0588,Palefell Reach Heights,mountain,me_northern_wastes_region,WILD,wilderness,† M3 regional lexicon
me_mountain_0589,Bregofeld Heights,mountain,me_rohan_region,WILD,wilderness,† M3 regional lexicon
me_mountain_0590,Ered Taur borndor,mountain,me_ithilien_region,WILD,wilderness,† M3 regional lexicon
me_mountain_0591,Ceorlfeld Heights,mountain,me_rohan_region,WILD,wilderness,† M3 regional lexicon
me_mountain_0592,Ered Bar borndor,mountain,me_ithilien_region,WILD,wilderness,† M3 regional lexicon
me_mountain_0593,Stonefield Heights,mountain,me_anduin_vale_region,WILD,wilderness,† M3 regional lexicon
me_mountain_0594,Déorfeld Heights,mountain,me_rohan_region,WILD,wilderness,† M3 regional lexicon
me_mountain_0595,Westfield Heights,mountain,me_anduin_vale_region,WILD,wilderness,† M3 regional lexicon
me_mountain_0596,Ered Calen borndor,mountain,me_belfalas_region,WILD,wilderness,† M3 regional lexicon
me_mountain_0597,Ered Celon borndor,mountain,me_belfalas_region,WILD,wilderness,† M3 regional lexicon
me_mountain_0598,Sealfell Reach Heights,mountain,me_northern_wastes_region,WILD,wilderness,† M3 regional lexicon
me_mountain_0599,Ered Nim borndor,mountain,me_belfalas_region,WILD,wilderness,† M3 regional lexicon
me_mountain_0600,Alderford Heights,mountain,me_enedwaith_region,WILD,wilderness,† M3 regional lexicon
me_lake_0001,Nen Amon adarath,lake,me_north_arnor_region,WILD,wilderness,† M3 regional lexicon
me_lake_0002,Lake Amberbank,lake,me_dale_region,WILD,wilderness,† M3 regional lexicon
me_lake_0003,Lake Applebank,lake,me_shire_breeland_region,WILD,wilderness,† M3 regional lexicon
me_lake_0004,Lake Bramblebank,lake,me_shire_breeland_region,WILD,wilderness,† M3 regional lexicon
me_lake_0005,Lake Brownbank,lake,me_shire_breeland_region,WILD,wilderness,† M3 regional lexicon
me_lake_0006,Lake Balach,lake,me_rhun_region,WILD,wilderness,† M3 regional lexicon
me_lake_0007,Lake Alderbank,lake,me_anduin_vale_region,WILD,wilderness,† M3 regional lexicon
me_lake_0008,Lake Ashbank,lake,me_anduin_vale_region,WILD,wilderness,† M3 regional lexicon
me_lake_0009,Nen Dol adarath,lake,me_brown_lands_region,WILD,wilderness,† M3 regional lexicon
me_lake_0010,Lake Aldberg,lake,me_rohan_region,WILD,wilderness,† M3 regional lexicon
me_lake_0011,Nen Eithel adarath,lake,me_brown_lands_region,WILD,wilderness,† M3 regional lexicon
me_lake_0012,Nen Emyn adarath,lake,me_brown_lands_region,WILD,wilderness,† M3 regional lexicon
me_lake_0013,Nen Imlad adarath,lake,me_brown_lands_region,WILD,wilderness,† M3 regional lexicon
me_lake_0014,Lake Ashbag,lake,me_mordor_region,WILD,wilderness,† M3 regional lexicon
me_lake_0015,Nen Minas adarath,lake,me_lebennin_region,WILD,wilderness,† M3 regional lexicon
me_lake_0016,Nen Ost adarath,lake,me_ithilien_region,WILD,wilderness,† M3 regional lexicon
me_lake_0017,Lake Borach,lake,me_rhun_region,WILD,wilderness,† M3 regional lexicon
me_lake_0018,Lake Gathach,lake,me_rhun_region,WILD,wilderness,† M3 regional lexicon
me_lake_0019,Lake Karmach,lake,me_rhun_region,WILD,wilderness,† M3 regional lexicon
me_lake_0020,Lake Khurach,lake,me_rhun_region,WILD,wilderness,† M3 regional lexicon
me_lake_0021,Lake Lodach,lake,me_rhun_region,WILD,wilderness,† M3 regional lexicon
me_lake_0022,Lake Narach,lake,me_rhun_region,WILD,wilderness,† M3 regional lexicon
me_lake_0023,Lake Azgbag,lake,me_mordor_region,WILD,wilderness,† M3 regional lexicon
me_lake_0024,Lake Blackbag,lake,me_mordor_region,WILD,wilderness,† M3 regional lexicon
me_lake_0025,Lake Beorberg,lake,me_rohan_region,WILD,wilderness,† M3 regional lexicon
me_lake_0026,Lake Rhovach,lake,me_rhun_region,WILD,wilderness,† M3 regional lexicon
me_lake_0027,Lake Sagach,lake,me_rhun_region,WILD,wilderness,† M3 regional lexicon
me_lake_0028,Lake Sharach,lake,me_rhun_region,WILD,wilderness,† M3 regional lexicon
me_lake_0029,Lake Uldach,lake,me_rhun_region,WILD,wilderness,† M3 regional lexicon
me_lake_0030,Lake Wainach,lake,me_rhun_region,WILD,wilderness,† M3 regional lexicon
me_lake_0031,Lake Zorach,lake,me_rhun_region,WILD,wilderness,† M3 regional lexicon
me_lake_0032,Nen Taur adarath,lake,me_south_gondor_region,WILD,wilderness,† M3 regional lexicon
me_lake_0033,Lake Balad,lake,me_rhun_region,WILD,wilderness,† M3 regional lexicon
me_lake_0034,Lake Borad,lake,me_rhun_region,WILD,wilderness,† M3 regional lexicon
me_lake_0035,Lake Burzbag,lake,me_mordor_region,WILD,wilderness,† M3 regional lexicon
me_lake_0036,Lake Gathad,lake,me_rhun_region,WILD,wilderness,† M3 regional lexicon
me_lake_0037,Lake Dushbag,lake,me_mordor_region,WILD,wilderness,† M3 regional lexicon
me_lake_0038,Lake Ghashbag,lake,me_mordor_region,WILD,wilderness,† M3 regional lexicon
me_lake_0039,Lake Gorbag,lake,me_mordor_region,WILD,wilderness,† M3 regional lexicon
me_lake_0040,Lake Karmad,lake,me_rhun_region,WILD,wilderness,† M3 regional lexicon
me_lake_0041,Lake Khurad,lake,me_rhun_region,WILD,wilderness,† M3 regional lexicon
me_lake_0042,Lake Lodad,lake,me_rhun_region,WILD,wilderness,† M3 regional lexicon
me_lake_0043,Lake Narad,lake,me_rhun_region,WILD,wilderness,† M3 regional lexicon
me_lake_0044,Lake Rhovad,lake,me_rhun_region,WILD,wilderness,† M3 regional lexicon
me_lake_0045,Nen Bar adarath,lake,me_north_arnor_region,WILD,wilderness,† M3 regional lexicon
me_lake_0046,Lake Sagad,lake,me_rhun_region,WILD,wilderness,† M3 regional lexicon
me_lake_0047,Nen Calen adarath,lake,me_ithilien_region,WILD,wilderness,† M3 regional lexicon
me_lake_0048,Lake Sharad,lake,me_rhun_region,WILD,wilderness,† M3 regional lexicon
me_lake_0049,Lake Uldad,lake,me_rhun_region,WILD,wilderness,† M3 regional lexicon
me_lake_0050,Nen Celon adarath,lake,me_ithilien_region,WILD,wilderness,† M3 regional lexicon
me_lake_0051,Lake Wainad,lake,me_rhun_region,WILD,wilderness,† M3 regional lexicon
me_lake_0052,Lake Zorad,lake,me_rhun_region,WILD,wilderness,† M3 regional lexicon
me_lake_0053,Nen Nim adarath,lake,me_north_arnor_region,WILD,wilderness,† M3 regional lexicon
me_lake_0054,Lake Balar,lake,me_rhun_region,WILD,wilderness,† M3 regional lexicon
me_lake_0055,Lake Grishbag,lake,me_mordor_region,WILD,wilderness,† M3 regional lexicon
me_lake_0056,Lake Borar,lake,me_rhun_region,WILD,wilderness,† M3 regional lexicon
me_lake_0057,Lake Gathar,lake,me_rhun_region,WILD,wilderness,† M3 regional lexicon
me_lake_0058,Lake Karmar,lake,me_rhun_region,WILD,wilderness,† M3 regional lexicon
me_lake_0059,Lake Khurar,lake,me_rhun_region,WILD,wilderness,† M3 regional lexicon
me_lake_0060,Lake Krimpbag,lake,me_mordor_region,WILD,wilderness,† M3 regional lexicon
me_sea_0001,Bay of Coldbay,sea,me_forochel_region,WILD,wilderness,† M3 regional lexicon
me_sea_0002,Bay of Icebay,sea,me_northern_wastes_region,WILD,wilderness,† M3 regional lexicon
me_sea_0003,Bay of Amon adarath,sea,me_north_arnor_region,WILD,wilderness,† M3 regional lexicon
me_sea_0004,Dol adarath Reach,sea,me_lindon_region,WILD,wilderness,† M3 regional lexicon
me_sea_0005,Eithel adarath Reach,sea,me_lindon_region,WILD,wilderness,† M3 regional lexicon
me_sea_0006,Bay of Emyn adarath,sea,me_lebennin_region,WILD,wilderness,† M3 regional lexicon
me_sea_0007,Bay of Azrabad,sea,me_near_harad_region,WILD,wilderness,† M3 regional lexicon
me_sea_0008,Bahrabad Reach,sea,me_near_harad_region,WILD,wilderness,† M3 regional lexicon
me_sea_0009,Darabad Reach,sea,me_near_harad_region,WILD,wilderness,† M3 regional lexicon
me_sea_0010,Imlad adarath Reach,sea,me_belfalas_region,WILD,wilderness,† M3 regional lexicon
me_sea_0011,Bay of Ashbag,sea,me_mordor_region,WILD,wilderness,† M3 regional lexicon
me_sea_0012,Minas adarath Reach,sea,me_belfalas_region,WILD,wilderness,† M3 regional lexicon
me_sea_0013,Azgbag Reach,sea,me_mordor_region,WILD,wilderness,† M3 regional lexicon
me_sea_0014,Bay of Ost adarath,sea,me_belfalas_region,WILD,wilderness,† M3 regional lexicon
me_sea_0015,Bay of Arzak,sea,me_khand_region,WILD,wilderness,† M3 regional lexicon
me_sea_0016,Bay of Balach,sea,me_rhun_region,WILD,wilderness,† M3 regional lexicon
me_sea_0017,Taur adarath Reach,sea,me_belfalas_region,WILD,wilderness,† M3 regional lexicon
me_sea_0018,Bay of Sealbay,sea,me_northern_wastes_region,WILD,wilderness,† M3 regional lexicon
me_sea_0019,Bay of Farabad,sea,me_near_harad_region,WILD,wilderness,† M3 regional lexicon
me_sea_0020,Bar adarath Reach,sea,me_lindon_region,WILD,wilderness,† M3 regional lexicon
me_sea_0021,Bay of Calen adarath,sea,me_lindon_region,WILD,wilderness,† M3 regional lexicon
me_sea_0022,Celon adarath Reach,sea,me_belfalas_region,WILD,wilderness,† M3 regional lexicon
me_sea_0023,Nim adarath Reach,sea,me_lindon_region,WILD,wilderness,† M3 regional lexicon
me_sea_0024,Bay of Amon aelath,sea,me_lindon_region,WILD,wilderness,† M3 regional lexicon
me_sea_0025,Dol aelath Reach,sea,me_belfalas_region,WILD,wilderness,† M3 regional lexicon
me_sea_0026,Eithel aelath Reach,sea,me_lindon_region,WILD,wilderness,† M3 regional lexicon
me_sea_0027,Borach Reach,sea,me_rhun_region,WILD,wilderness,† M3 regional lexicon
me_sea_0028,Hadrabad Reach,sea,me_umbar_region,WILD,wilderness,† M3 regional lexicon
me_sea_0029,Bay of Emyn aelath,sea,me_belfalas_region,WILD,wilderness,† M3 regional lexicon
me_sea_0030,Bay of Whitebay,sea,me_forochel_region,WILD,wilderness,† M3 regional lexicon
me_sea_0031,Kharabad Reach,sea,me_umbar_region,WILD,wilderness,† M3 regional lexicon
me_sea_0032,Bay of Mahrabad,sea,me_near_harad_region,WILD,wilderness,† M3 regional lexicon
me_sea_0033,Balkak Reach,sea,me_khand_region,WILD,wilderness,† M3 regional lexicon
me_sea_0034,Narabad Reach,sea,me_near_harad_region,WILD,wilderness,† M3 regional lexicon
me_sea_0035,Qasabad Reach,sea,me_near_harad_region,WILD,wilderness,† M3 regional lexicon
me_sea_0036,Imlad aelath Reach,sea,me_belfalas_region,WILD,wilderness,† M3 regional lexicon
me_sea_0037,Minas aelath Reach,sea,me_lindon_region,WILD,wilderness,† M3 regional lexicon
me_sea_0038,Bay of Rakhabad,sea,me_near_harad_region,WILD,wilderness,† M3 regional lexicon
me_sea_0039,Gathach Reach,sea,me_rhun_region,WILD,wilderness,† M3 regional lexicon
me_sea_0040,Sahrabad Reach,sea,me_near_harad_region,WILD,wilderness,† M3 regional lexicon
me_sea_0041,Bay of Ost aelath,sea,me_belfalas_region,WILD,wilderness,† M3 regional lexicon
me_sea_0042,Tazabad Reach,sea,me_near_harad_region,WILD,wilderness,† M3 regional lexicon
me_sea_0043,Taur aelath Reach,sea,me_belfalas_region,WILD,wilderness,† M3 regional lexicon
me_sea_0044,Bar aelath Reach,sea,me_lindon_region,WILD,wilderness,† M3 regional lexicon
me_sea_0045,Bay of Umrabad,sea,me_umbar_region,WILD,wilderness,† M3 regional lexicon
me_sea_0046,Bay of Calen aelath,sea,me_lindon_region,WILD,wilderness,† M3 regional lexicon
me_sea_0047,Celon aelath Reach,sea,me_belfalas_region,WILD,wilderness,† M3 regional lexicon
me_sea_0048,Zarabad Reach,sea,me_far_harad_region,WILD,wilderness,† M3 regional lexicon
me_sea_0049,Bay of Karmach,sea,me_rhun_region,WILD,wilderness,† M3 regional lexicon
me_sea_0050,Drazak Reach,sea,me_khand_region,WILD,wilderness,† M3 regional lexicon
me_sea_0051,Nim aelath Reach,sea,me_lindon_region,WILD,wilderness,† M3 regional lexicon
me_sea_0052,Khurach Reach,sea,me_rhun_region,WILD,wilderness,† M3 regional lexicon
me_sea_0053,Bay of Driftcamp,sea,me_northern_wastes_region,WILD,wilderness,† M3 regional lexicon
me_sea_0054,Lodach Reach,sea,me_rhun_region,WILD,wilderness,† M3 regional lexicon
me_sea_0055,Bay of Amon annonath,sea,me_lindon_region,WILD,wilderness,† M3 regional lexicon
me_sea_0056,Bay of Narach,sea,me_rhun_region,WILD,wilderness,† M3 regional lexicon
me_sea_0057,Bay of Northcamp,sea,me_northern_wastes_region,WILD,wilderness,† M3 regional lexicon
me_sea_0058,Azrahir Reach,sea,me_umbar_region,WILD,wilderness,† M3 regional lexicon
me_sea_0059,Rhovach Reach,sea,me_rhun_region,WILD,wilderness,† M3 regional lexicon
me_sea_0060,Bay of Bahrahir,sea,me_umbar_region,WILD,wilderness,† M3 regional lexicon
me_sea_0061,Sagach Reach,sea,me_rhun_region,WILD,wilderness,† M3 regional lexicon
me_sea_0062,Dol annonath Reach,sea,me_belfalas_region,WILD,wilderness,† M3 regional lexicon
me_sea_0063,Blackbag Reach,sea,me_mordor_region,WILD,wilderness,† M3 regional lexicon
me_sea_0064,Bay of Gharak,sea,me_khand_region,WILD,wilderness,† M3 regional lexicon
me_sea_0065,Eithel annonath Reach,sea,me_belfalas_region,WILD,wilderness,† M3 regional lexicon
me_sea_0066,Darahir Reach,sea,me_umbar_region,WILD,wilderness,† M3 regional lexicon
me_sea_0067,Farahir Reach,sea,me_near_harad_region,WILD,wilderness,† M3 regional lexicon
me_sea_0068,Kandak Reach,sea,me_khand_region,WILD,wilderness,† M3 regional lexicon
me_sea_0069,Bay of Emyn annonath,sea,me_lindon_region,WILD,wilderness,† M3 regional lexicon
me_sea_0070,Bay of Hadrahir,sea,me_near_harad_region,WILD,wilderness,† M3 regional lexicon
me_sea_0071,Imlad annonath Reach,sea,me_belfalas_region,WILD,wilderness,† M3 regional lexicon
me_sea_0072,Khazak Reach,sea,me_khand_region,WILD,wilderness,† M3 regional lexicon
me_sea_0073,Bay of Sharach,sea,me_rhun_region,WILD,wilderness,† M3 regional lexicon
me_sea_0074,Kharahir Reach,sea,me_umbar_region,WILD,wilderness,† M3 regional lexicon
me_sea_0075,Bay of Burzbag,sea,me_mordor_region,WILD,wilderness,† M3 regional lexicon
me_sea_0076,Mahrahir Reach,sea,me_umbar_region,WILD,wilderness,† M3 regional lexicon
me_sea_0077,Uldach Reach,sea,me_rhun_region,WILD,wilderness,† M3 regional lexicon
me_sea_0078,Minas annonath Reach,sea,me_belfalas_region,WILD,wilderness,† M3 regional lexicon
me_sea_0079,Bay of Narahir,sea,me_near_harad_region,WILD,wilderness,† M3 regional lexicon
me_sea_0080,Bay of Ost annonath,sea,me_belfalas_region,WILD,wilderness,† M3 regional lexicon
me_sea_0081,Taur annonath Reach,sea,me_lindon_region,WILD,wilderness,† M3 regional lexicon
me_sea_0082,Bar annonath Reach,sea,me_lindon_region,WILD,wilderness,† M3 regional lexicon
me_sea_0083,Qasahir Reach,sea,me_far_harad_region,WILD,wilderness,† M3 regional lexicon
me_sea_0084,Wainach Reach,sea,me_rhun_region,WILD,wilderness,† M3 regional lexicon
me_sea_0085,Rakhahir Reach,sea,me_near_harad_region,WILD,wilderness,† M3 regional lexicon
me_sea_0086,Bay of Sahrahir,sea,me_far_harad_region,WILD,wilderness,† M3 regional lexicon
me_sea_0087,Tazahir Reach,sea,me_umbar_region,WILD,wilderness,† M3 regional lexicon
me_sea_0088,Bay of Calen annonath,sea,me_belfalas_region,WILD,wilderness,† M3 regional lexicon
me_sea_0089,Umrahir Reach,sea,me_near_harad_region,WILD,wilderness,† M3 regional lexicon
me_sea_0090,Bay of Zorach,sea,me_rhun_region,WILD,wilderness,† M3 regional lexicon
me_sea_0091,Celon annonath Reach,sea,me_belfalas_region,WILD,wilderness,† M3 regional lexicon
me_sea_0092,Nim annonath Reach,sea,me_lindon_region,WILD,wilderness,† M3 regional lexicon
me_sea_0093,Bay of Snowcamp,sea,me_forochel_region,WILD,wilderness,† M3 regional lexicon
me_sea_0094,Bay of Zarahir,sea,me_near_harad_region,WILD,wilderness,† M3 regional lexicon
me_sea_0095,Azramar Reach,sea,me_umbar_region,WILD,wilderness,† M3 regional lexicon
me_sea_0096,Bay of Khorak,sea,me_khand_region,WILD,wilderness,† M3 regional lexicon
me_sea_0097,Bay of Amon belath,sea,me_lindon_region,WILD,wilderness,† M3 regional lexicon
me_sea_0098,Dol belath Reach,sea,me_lindon_region,WILD,wilderness,† M3 regional lexicon
me_sea_0099,Bay of Wintercamp,sea,me_forochel_region,WILD,wilderness,† M3 regional lexicon
me_sea_0100,Eithel belath Reach,sea,me_lindon_region,WILD,wilderness,† M3 regional lexicon
me_sea_0101,Bahramar Reach,sea,me_near_harad_region,WILD,wilderness,† M3 regional lexicon
me_sea_0102,Bay of Frostfell,sea,me_forochel_region,WILD,wilderness,† M3 regional lexicon
me_sea_0103,Bay of Emyn belath,sea,me_lindon_region,WILD,wilderness,† M3 regional lexicon
me_sea_0104,Ruzak Reach,sea,me_khand_region,WILD,wilderness,† M3 regional lexicon
me_sea_0105,Imlad belath Reach,sea,me_lindon_region,WILD,wilderness,† M3 regional lexicon
me_sea_0106,Dushbag Reach,sea,me_mordor_region,WILD,wilderness,† M3 regional lexicon
me_sea_0107,Minas belath Reach,sea,me_belfalas_region,WILD,wilderness,† M3 regional lexicon
me_sea_0108,Ghashbag Reach,sea,me_mordor_region,WILD,wilderness,† M3 regional lexicon
me_sea_0109,Skarnak Reach,sea,me_khand_region,WILD,wilderness,† M3 regional lexicon
me_sea_0110,Bay of Daramar,sea,me_umbar_region,WILD,wilderness,† M3 regional lexicon
me_sea_0111,Bay of Palefell,sea,me_forochel_region,WILD,wilderness,† M3 regional lexicon
me_sea_0112,Bay of Starfell,sea,me_northern_wastes_region,WILD,wilderness,† M3 regional lexicon
me_sea_0113,Faramar Reach,sea,me_umbar_region,WILD,wilderness,† M3 regional lexicon
me_sea_0114,Hadramar Reach,sea,me_umbar_region,WILD,wilderness,† M3 regional lexicon
me_sea_0115,Bay of Coldfloe,sea,me_forochel_region,WILD,wilderness,† M3 regional lexicon
me_sea_0116,Bay of Ost belath,sea,me_lindon_region,WILD,wilderness,† M3 regional lexicon
me_sea_0117,Bay of Kharamar,sea,me_near_harad_region,WILD,wilderness,† M3 regional lexicon
me_sea_0118,Bay of Alderbank,sea,me_enedwaith_region,WILD,wilderness,† M3 regional lexicon
me_sea_0119,Mahramar Reach,sea,me_umbar_region,WILD,wilderness,† M3 regional lexicon
me_sea_0120,Taur belath Reach,sea,me_lindon_region,WILD,wilderness,† M3 regional lexicon
me_sea_0121,Balad Reach,sea,me_rhun_region,WILD,wilderness,† M3 regional lexicon
me_sea_0122,Bar belath Reach,sea,me_belfalas_region,WILD,wilderness,† M3 regional lexicon
me_sea_0123,Bay of Calen belath,sea,me_lindon_region,WILD,wilderness,† M3 regional lexicon
me_sea_0124,Celon belath Reach,sea,me_belfalas_region,WILD,wilderness,† M3 regional lexicon
me_sea_0125,Nim belath Reach,sea,me_lindon_region,WILD,wilderness,† M3 regional lexicon
me_sea_0126,Naramar Reach,sea,me_near_harad_region,WILD,wilderness,† M3 regional lexicon
me_sea_0127,Bay of Amon bornath,sea,me_lindon_region,WILD,wilderness,† M3 regional lexicon
me_sea_0128,Dol bornath Reach,sea,me_belfalas_region,WILD,wilderness,† M3 regional lexicon
me_sea_0129,Bay of Icefloe,sea,me_northern_wastes_region,WILD,wilderness,† M3 regional lexicon
me_sea_0130,Bay of Qasamar,sea,me_umbar_region,WILD,wilderness,† M3 regional lexicon
me_sea_0131,Bay of Sealfloe,sea,me_forochel_region,WILD,wilderness,† M3 regional lexicon
me_sea_0132,Eithel bornath Reach,sea,me_belfalas_region,WILD,wilderness,† M3 regional lexicon
me_sea_0133,Bay of Whitefloe,sea,me_forochel_region,WILD,wilderness,† M3 regional lexicon
me_sea_0134,Borad Reach,sea,me_rhun_region,WILD,wilderness,† M3 regional lexicon
me_sea_0135,Bay of Emyn bornath,sea,me_lindon_region,WILD,wilderness,† M3 regional lexicon
me_sea_0136,Imlad bornath Reach,sea,me_lindon_region,WILD,wilderness,† M3 regional lexicon
me_sea_0137,Bay of Gathad,sea,me_rhun_region,WILD,wilderness,† M3 regional lexicon
me_sea_0138,Rakhamar Reach,sea,me_umbar_region,WILD,wilderness,† M3 regional lexicon
me_sea_0139,Karmad Reach,sea,me_rhun_region,WILD,wilderness,† M3 regional lexicon
me_sea_0140,Sahramar Reach,sea,me_near_harad_region,WILD,wilderness,† M3 regional lexicon
me_sea_0141,Bay of Tazamar,sea,me_near_harad_region,WILD,wilderness,† M3 regional lexicon
me_sea_0142,Khurad Reach,sea,me_rhun_region,WILD,wilderness,† M3 regional lexicon
me_sea_0143,Ashbank Reach,sea,me_enedwaith_region,WILD,wilderness,† M3 regional lexicon
me_sea_0144,Minas bornath Reach,sea,me_belfalas_region,WILD,wilderness,† M3 regional lexicon
