location,realm,normalized_x,normalized_y,region,biome_id,distance_to_capital,forced,contract,verdict
mithlond,LIN,0.3091575,0.2261847,me_lindon_region,1,0.0000010,yes,Grey Havens is an active city of Lindon at TA 3018,accepted_required_frontier_owner
forlond,LIN,0.2656899,0.2203224,me_lindon_region,1,0.0871337,yes,Forlond is an active town of Lindon at TA 3018,accepted_required_frontier_owner
harlond_lindon,LIN,0.2830281,0.2686859,me_lindon_region,1,0.0673603,yes,Harlond is an active town of Lindon at TA 3018,accepted_required_frontier_owner
annuminas,WILD,0.3599512,0.1787982,me_north_arnor_region,1,,no,deliberately unclaimed,wild_unclaimed
fornost,WILD,0.3929182,0.1758671,me_north_arnor_region,1,,no,deliberately unclaimed,wild_unclaimed
carn_dum,ANG,0.4488400,0.0635076,me_angmar_region,5,0.0815097,yes,Carn Dûm is an active fortress of Angmar at TA 3018,accepted_required_frontier_owner
hobbiton,SHI,0.3592186,0.2217880,me_shire_breeland_region,1,0.0269933,yes,Hobbiton is an active village of Shire at TA 3018,accepted_required_frontier_owner
michel_delving,SHI,0.3462759,0.2291158,me_shire_breeland_region,1,0.0001070,yes,Michel Delving is an active town of Shire at TA 3018,accepted_required_frontier_owner
bucklebury,SHI,0.3768010,0.2325354,me_shire_breeland_region,1,0.0612132,yes,Bucklebury is an active village of Shire at TA 3018,accepted_required_frontier_owner
me_bree,BRE,0.4026862,0.2320469,me_shire_breeland_region,1,0.0001146,yes,Bree is an active town of Bree-land at TA 3018,accepted_required_frontier_owner
amon_sul,WILD,0.4271062,0.2271617,me_north_arnor_region,1,,no,deliberately unclaimed,wild_unclaimed
rivendell,RIV,0.4935287,0.2227650,me_north_arnor_region,1,0.0001270,yes,Rivendell is an active refuge of Imladris at TA 3018,accepted_required_frontier_owner
goblin_town,GOB,0.5098901,0.1914998,me_anduin_vale_region,1,0.0001094,yes,Goblin-town is an active hold of Misty Mountains at TA 3018,accepted_required_frontier_owner
gundabad,GUN,0.5023199,0.1025892,me_northern_wastes_region,4,0.0001138,yes,Gundabad is an active hold of Gundabad at TA 3018,accepted_required_frontier_owner
moria,MOA,0.4901099,0.3356131,me_anduin_vale_region,1,0.0002472,yes,Khazad-dûm is an active hold of Moria at TA 3018,accepted_required_frontier_owner
carrock,BEO,0.5316239,0.1924768,me_anduin_vale_region,1,0.0002279,yes,The Carrock is an active village of Beornings at TA 3018,accepted_required_frontier_owner
caras_galadhon,LOR,0.5194139,0.3561309,me_anduin_vale_region,3,0.0001190,yes,Caras Galadhon is an active refuge of Lothlórien at TA 3018,accepted_required_frontier_owner
dol_guldur,DOL,0.5560440,0.3517342,me_mirkwood_region,3,0.0001455,yes,Dol Guldur is an active fortress of Dol Guldur at TA 3018,accepted_required_frontier_owner
thranduil_halls,WOO,0.5821734,0.1582804,me_dale_region,3,0.0003083,yes,Thranduil's Halls is an active refuge of Woodland Realm at TA 3018,accepted_required_frontier_owner
esgaroth,ESG,0.5997558,0.1626771,me_dale_region,1,0.0002500,yes,Esgaroth is an active town of Lake-town at TA 3018,accepted_required_frontier_owner
dale,DAL,0.6017094,0.1489985,me_dale_region,1,0.0002200,yes,Dale is an active city of Dale at TA 3018,accepted_required_frontier_owner
erebor,ERE,0.5997558,0.1377626,me_dale_region,1,0.0001934,yes,Erebor is an active hold of Erebor at TA 3018,accepted_required_frontier_owner
dorwinion,DOR,0.6847375,0.3512457,me_rhun_region,9,0.0001593,yes,Dorwinion is an active town of Dorwinion at TA 3018,accepted_required_frontier_owner
isengard,ISE,0.4666667,0.4621397,me_rohan_region,1,0.0002430,yes,Isengard is an active fortress of Isengard at TA 3018,accepted_required_frontier_owner
helms_deep,ROH,0.4754579,0.5139228,me_rohan_region,1,0.0524160,yes,Helm's Deep is an active fortress of Rohan at TA 3018,accepted_required_frontier_owner
edoras,ROH,0.4986569,0.5383488,me_rohan_region,1,0.0000408,yes,Edoras is an active city of Rohan at TA 3018,accepted_required_frontier_owner
aldberg,ROH,0.5081807,0.5476307,me_rohan_region,1,0.0212065,yes,Aldburg is an active town of Rohan at TA 3018,accepted_required_frontier_owner
dunharrow,ROH,0.4967033,0.5530044,me_rohan_region,1,0.0152070,yes,Dunharrow is an active fortress of Rohan at TA 3018,accepted_required_frontier_owner
minas_tirith,GON,0.5782662,0.6111383,me_anorien_region,1,0.0002519,yes,Minas Tirith is an active capital of Gondor at TA 3018,accepted_required_frontier_owner
osgiliath,WILD,0.5924298,0.6038105,me_ithilien_region,1,,no,deliberately unclaimed,wild_ithilien
minas_morgul,MOR,0.6073260,0.5955056,me_ithilien_region,1,0.0766744,yes,Minas Morgul is an active fortress of Mordor at TA 3018,accepted_required_frontier_owner
morannon,MOR,0.6097680,0.5295554,me_brown_lands_region,1,0.0814473,yes,The Morannon is an active fortress of Mordor at TA 3018,accepted_required_frontier_owner
barad_dur,MOR,0.6439560,0.5735222,me_mordor_region,1,0.0001922,yes,Barad-dûr is an active capital of Mordor at TA 3018,accepted_required_frontier_owner
mount_doom,MOR,0.6285714,0.5769419,me_mordor_region,8,0.0311507,yes,Orodruin is an active landmark of Mordor at TA 3018,accepted_required_frontier_owner
nurn_fields,MOR,0.6380952,0.6692721,me_mordor_region,8,0.0964993,yes,Fields of Nurn is an active town of Mordor at TA 3018,accepted_required_frontier_owner
pelargir,GON,0.5719170,0.6858818,me_lebennin_region,1,0.0756263,yes,Pelargir is an active city of Gondor at TA 3018,accepted_required_frontier_owner
dol_amroth,DAM,0.4891331,0.6726917,me_belfalas_region,1,0.0001962,yes,Dol Amroth is an active city of Gondor at TA 3018,accepted_required_frontier_owner
linhir,GON,0.5333333,0.6814851,me_lebennin_region,1,0.1138732,yes,Linhir is an active town of Gondor at TA 3018,accepted_required_frontier_owner
calembel,GON,0.5196581,0.6174890,me_belfalas_region,1,0.1171835,yes,Calembel is an active town of Gondor at TA 3018,accepted_required_frontier_owner
erech,GON,0.4998779,0.5686370,me_belfalas_region,1,0.1622872,yes,Erech is an active town of Gondor at TA 3018,accepted_required_frontier_owner
umbar,UMB,0.5096459,0.9355154,me_umbar_region,9,0.0001467,yes,Umbar is an active city of Umbar at TA 3018,accepted_required_frontier_owner
pelennor,GON,0.5819292,0.6101612,me_anorien_region,1,0.0076075,yes,Pelennor is an active landmark of Gondor at TA 3018,accepted_required_frontier_owner
me_land_0001,LOS,0.2112332,0.0332193,me_forochel_region,1,0.2632754,no,Lossoth settlements around the Icebay,accepted_source_side_envelope
me_land_0002,LOS,0.2334554,0.0635076,me_forochel_region,1,0.2168579,no,Lossoth settlements around the Icebay,accepted_source_side_envelope
me_land_0003,WILD,0.1445665,0.1744016,me_lindon_region,1,,no,deliberately unclaimed,wild_reviewed_component: unattested remote island beyond Lindon's coast
me_land_0004,GON,0.5267399,0.7288715,me_lebennin_region,1,0.1562158,no,Gondor fiefs from Anfalas to the Anduin,accepted_source_side_envelope
me_land_0005,WILD,0.7619048,0.6135809,me_mordor_region,9,,no,deliberately unclaimed,wild_unclaimed
me_land_0006,MOR,0.6681319,0.5070835,me_mordor_region,9,0.0820486,no,Mordor inside the source-reviewed Ered Lithui and Ephel Duath enclosure,accepted_frontier_polygon
me_land_0007,WILD,0.8029304,0.0786517,me_northern_wastes_region,1,,no,deliberately unclaimed,wild_forodwaith
me_land_0008,WILD,0.3374847,0.3761602,me_enedwaith_region,1,,no,deliberately unclaimed,wild_enedwaith
me_land_0009,WILD,0.7667888,0.6038105,me_mordor_region,9,,no,deliberately unclaimed,wild_unclaimed
me_land_0010,ROH,0.5069597,0.5232047,me_rohan_region,1,0.0224466,no,"The Mark between Isen, Anduin, and White Mountains",accepted_source_side_envelope
me_land_0011,GON,0.5641026,0.5784074,me_anorien_region,1,0.0432782,no,Gondor fiefs from Anfalas to the Anduin,accepted_source_side_envelope
me_land_0012,WILD,0.7499389,0.4543234,me_rhun_region,9,,no,deliberately unclaimed,wild_unclaimed
me_land_0013,WILD,0.5733822,0.5354177,me_brown_lands_region,6,,no,deliberately unclaimed,wild_brown_lands
me_land_0014,GON,0.5167277,0.5652174,me_belfalas_region,1,0.1312359,no,Gondor fiefs from Anfalas to the Anduin,accepted_source_side_envelope
me_land_0015,BEO,0.5350427,0.1831949,me_anduin_vale_region,1,0.0116286,no,Beorning crossings and upper Anduin vales,accepted_source_side_envelope
me_land_0016,WILD,0.4000000,0.3444064,me_enedwaith_region,1,,no,deliberately unclaimed,wild_unclaimed
me_land_0017,WILD,0.7462759,0.5354177,me_mordor_region,8,,no,deliberately unclaimed,wild_unclaimed
me_land_0018,WILD,0.7853480,0.6902785,me_mordor_region,9,,no,deliberately unclaimed,wild_unclaimed
me_land_0019,WILD,0.5194139,0.4069370,me_anduin_vale_region,1,,no,deliberately unclaimed,wild_unclaimed
me_land_0020,GON,0.3548230,0.6858818,me_belfalas_region,1,0.4528742,no,Gondor fiefs from Anfalas to the Anduin,accepted_source_side_envelope
me_land_0021,MOR,0.6888889,0.5251588,me_mordor_region,9,0.1018790,no,Mordor inside the source-reviewed Ered Lithui and Ephel Duath enclosure,accepted_frontier_polygon
me_land_0022,MOR,0.6253968,0.6609673,me_mordor_region,8,0.0950824,no,Mordor inside the source-reviewed Ered Lithui and Ephel Duath enclosure,accepted_frontier_polygon
me_land_0023,GON,0.5802198,0.6463117,me_south_gondor_region,1,0.0352553,no,Gondor fiefs from Anfalas to the Anduin,accepted_source_side_envelope
me_land_0024,WILD,0.4991453,0.2740596,me_anduin_vale_region,1,,no,deliberately unclaimed,wild_buffer
me_land_0025,GON,0.5587302,0.5095261,me_rohan_region,1,0.1089423,no,occupied-claim: The Argonath remained a Gondorian northern landmark despite the deserted district.,accepted_required_frontier_owner
me_land_0026,HRA,0.7299145,0.9052272,me_near_harad_region,10,0.1153403,no,"Qarsad's inland Near Harad sphere, separated from Harnendor and Khand",accepted_frontier_polygon
me_land_0027,RH2,0.7885226,0.4259893,me_rhun_region,9,0.0793807,no,southeastern Rhûn wain-kingdom beyond the Sea of Rhûn,accepted_frontier_polygon
me_land_0028,LIN,0.2710623,0.3185149,me_lindon_region,1,0.1197078,no,Lindon west of the Blue Mountains,accepted_source_side_envelope
me_land_0029,MOR,0.6837607,0.5329751,me_mordor_region,9,0.0891643,no,Mordor inside the source-reviewed Ered Lithui and Ephel Duath enclosure,accepted_frontier_polygon
me_land_0030,WILD,0.3746032,0.2730826,me_shire_breeland_region,1,,no,deliberately unclaimed,wild_buffer
me_land_0031,HNE,0.6744811,0.7845628,me_near_harad_region,9,0.0717651,no,Harnendor between the Poros approaches and the Harnen,accepted_frontier_polygon
me_land_0032,RAN,0.4717949,0.3067904,me_enedwaith_region,1,0.0373447,no,The Angle and immediate Ranger refuge,accepted_source_side_envelope
me_land_0033,WOO,0.5604396,0.1939424,me_mirkwood_region,3,0.0565328,no,Arda Maps Mirkwood polygon: northern/eastern Woodland Realm; Thranduil's northern and eastern Mirkwood; Woodland Realm in northern and northeastern Mirkwood,accepted_source_zone_overlap
me_land_0034,FAN,0.4969475,0.4264778,me_anduin_vale_region,3,0.0363294,no,Arda Maps Fangorn physical woodland polygon; Fangorn source forest and Entwash headwaters,accepted_source_zone_overlap
me_land_0035,WILD,0.5665446,0.3942355,me_brown_lands_region,9,,no,deliberately unclaimed,wild_unclaimed
me_land_0036,WILD,0.5650794,0.1226185,me_grey_mountains_region,3,,no,deliberately unclaimed,wild_unclaimed
me_land_0037,WILD,0.3870574,0.3390327,me_enedwaith_region,1,,no,deliberately unclaimed,wild_unclaimed
me_land_0038,WILD,0.4107448,0.3771373,me_enedwaith_region,1,,no,deliberately unclaimed,wild_enedwaith
me_land_0039,BLU,0.2717949,0.1499756,me_lindon_region,1,0.0482806,no,Surviving Ered Luin halls,accepted_source_side_envelope
me_land_0040,GON,0.4715507,0.5969712,me_belfalas_region,1,0.2137153,no,Gondor fiefs from Anfalas to the Anduin,accepted_source_side_envelope
me_land_0041,GON,0.5391941,0.5915975,me_anorien_region,1,0.0803983,no,Gondor fiefs from Anfalas to the Anduin,accepted_source_side_envelope
me_land_0042,GON,0.5282051,0.5832926,me_anorien_region,1,0.1037754,no,Gondor fiefs from Anfalas to the Anduin,accepted_source_side_envelope
me_land_0043,WILD,0.8329670,0.0576453,me_northern_wastes_region,1,,no,deliberately unclaimed,wild_forodwaith
me_land_0044,HNE,0.5970696,0.7762579,me_near_harad_region,1,0.0853193,no,Harnendor between the Poros approaches and the Harnen,accepted_frontier_polygon
me_land_0045,WILD,0.7631258,0.0669272,me_northern_wastes_region,1,,no,deliberately unclaimed,wild_forodwaith
me_land_0046,DOR,0.6891331,0.3483146,me_rhun_region,9,0.0094146,no,Dorwinion around the northwest Sea of Rhûn,accepted_source_side_envelope
me_land_0047,KHA,0.8239316,0.7479238,me_khand_region,9,0.1378309,no,"Khand east and southeast of Mordor, excluding Far Harad",accepted_frontier_polygon
me_land_0048,WILD,0.4517705,0.5339521,me_enedwaith_region,1,,no,deliberately unclaimed,wild_unclaimed
me_land_0049,WILD,0.4051282,0.5021983,me_enedwaith_region,1,,no,deliberately unclaimed,wild_enedwaith
me_land_0050,WILD,0.7186813,0.4738642,me_rhun_region,9,,no,deliberately unclaimed,wild_unclaimed
me_land_0051,WILD,0.6666667,0.1177333,me_northern_wastes_region,5,,no,deliberately unclaimed,wild_forodwaith
me_land_0052,RH2,0.8097680,0.3869077,me_rhun_region,9,0.0417592,no,southeastern Rhûn wain-kingdom beyond the Sea of Rhûn,accepted_frontier_polygon
me_land_0053,UMB,0.5301587,0.8568637,me_near_harad_region,9,0.0888402,no,Umbar coast and corsair hinterland,accepted_source_side_envelope
me_land_0054,MOR,0.6796093,0.7029800,me_mordor_region,8,0.1477142,no,Mordor inside the source-reviewed Ered Lithui and Ephel Duath enclosure,accepted_frontier_polygon
me_land_0055,GON,0.4744811,0.5925745,me_belfalas_region,1,0.2082172,no,Gondor fiefs from Anfalas to the Anduin,accepted_source_side_envelope
me_land_0056,WILD,0.7001221,0.8177821,me_khand_region,10,,no,deliberately unclaimed,wild_unclaimed
me_land_0057,WILD,0.7868132,0.9926722,me_far_harad_region,10,,no,deliberately unclaimed,wild_unclaimed
me_land_0058,ROH,0.5177045,0.5329751,me_rohan_region,1,0.0384665,no,"The Mark between Isen, Anduin, and White Mountains",accepted_source_side_envelope
me_land_0059,WILD,0.4161172,0.4445530,me_enedwaith_region,1,,no,deliberately unclaimed,wild_enedwaith
me_land_0060,HNE,0.6410256,0.7674646,me_near_harad_region,9,0.0262183,no,Harnendor between the Poros approaches and the Harnen,accepted_frontier_polygon
me_land_0061,DOR,0.6808303,0.3873962,me_rhun_region,9,0.0369626,no,Dorwinion around the northwest Sea of Rhûn,accepted_source_side_envelope
me_land_0062,RAN,0.4864469,0.2808989,me_north_arnor_region,1,0.0253557,no,The Angle and immediate Ranger refuge,accepted_source_side_envelope
me_land_0063,WILD,0.7242979,0.6839277,me_mordor_region,8,,no,deliberately unclaimed,wild_unclaimed
me_land_0064,WILD,0.7875458,0.6082071,me_mordor_region,9,,no,deliberately unclaimed,wild_unclaimed
me_land_0065,ROH,0.5391941,0.4347826,me_rohan_region,9,0.1314935,no,"The Mark between Isen, Anduin, and White Mountains",accepted_source_side_envelope
me_land_0066,DUN,0.4512821,0.4748412,me_enedwaith_region,1,0.0399120,no,"Dunland lowlands west of Isen and the Gap, south of Glanduin",accepted_frontier_polygon
me_land_0067,GON,0.5726496,0.7073766,me_lebennin_region,1,0.0967125,no,Gondor fiefs from Anfalas to the Anduin,accepted_source_side_envelope
me_land_0068,WILD,0.7736264,0.6829507,me_mordor_region,9,,no,deliberately unclaimed,wild_unclaimed
me_land_0069,GON,0.4466422,0.6267709,me_belfalas_region,1,0.2635063,no,occupied-fief: Pinnath Gelin is a fief of Gondor in the southern White Mountains.,accepted_required_frontier_owner
me_land_0070,WILD,0.8207570,0.0297997,me_northern_wastes_region,1,,no,deliberately unclaimed,wild_forodwaith
me_land_0071,WILD,0.3750916,0.4616512,me_enedwaith_region,1,,no,deliberately unclaimed,wild_enedwaith
me_land_0072,DOL,0.5684982,0.3331705,me_mirkwood_region,3,0.0309820,no,Arda Maps Mirkwood polygon: southern Dol Guldur shadow; Dol Guldur's southern Mirkwood shadow; Dol Guldur's southern Mirkwood shadow,accepted_source_zone_overlap
me_land_0073,GON,0.5206349,0.5842697,me_belfalas_region,1,0.1181975,no,Gondor fiefs from Anfalas to the Anduin,accepted_source_side_envelope
me_land_0074,RH3,0.7978022,0.1568149,me_rhun_region,1,0.0619349,no,northeastern Rhûn confederation beyond the Iron Hills,accepted_frontier_polygon
me_land_0075,ESG,0.6229548,0.1739130,me_dale_region,1,0.0474909,no,Lake-town and Long Lake shore,accepted_source_side_envelope
me_land_0076,UMB,0.4810745,0.9775281,me_umbar_region,10,0.0708353,no,Umbar coast and corsair hinterland,accepted_source_side_envelope
me_land_0077,ROH,0.4879121,0.5236932,me_rohan_region,1,0.0259885,no,"The Mark between Isen, Anduin, and White Mountains",accepted_source_side_envelope
me_land_0078,WILD,0.8312576,0.7103078,me_mordor_region,9,,no,deliberately unclaimed,wild_unclaimed
me_land_0079,WILD,0.6356532,0.1187103,me_northern_wastes_region,1,,no,deliberately unclaimed,wild_forodwaith
me_land_0080,DOL,0.5584860,0.3873962,me_brown_lands_region,9,0.0359310,no,Arda Maps Mirkwood polygon: southern Dol Guldur shadow; Dol Guldur's southern Mirkwood shadow; Dol Guldur's southern Mirkwood shadow,accepted_source_zone_overlap
me_land_0081,WILD,0.7560440,0.0556913,me_northern_wastes_region,1,,no,deliberately unclaimed,wild_forodwaith
me_land_0082,MOR,0.6158730,0.5398144,me_mordor_region,1,0.0656634,no,occupied-interior: Udûn is the occupied northern vale inside Mordor's mountain wall.,accepted_required_frontier_owner
me_land_0083,WILD,0.6251526,0.0151441,me_northern_wastes_region,5,,no,deliberately unclaimed,wild_forodwaith
me_land_0084,WILD,0.3347985,0.2857841,me_shire_breeland_region,1,,no,deliberately unclaimed,wild_buffer
me_land_0085,GON,0.5296703,0.6297020,me_anorien_region,1,0.0987263,no,Gondor fiefs from Anfalas to the Anduin,accepted_source_side_envelope
me_land_0086,UMB,0.5191697,0.9042501,me_umbar_region,9,0.0367378,no,Umbar coast and corsair hinterland,accepted_source_side_envelope
me_land_0087,DAM,0.4905983,0.6331216,me_belfalas_region,1,0.0398598,no,Dol Amroth and Belfalas peninsula,accepted_source_side_envelope
me_land_0088,IRO,0.6608059,0.1358085,me_rhun_region,1,0.0348880,no,Iron Hills source label and adjacent holds,accepted_source_side_envelope
me_land_0089,WILD,0.6007326,0.3839766,me_brown_lands_region,1,,no,deliberately unclaimed,wild_unclaimed
me_land_0090,RH2,0.8002442,0.2921348,me_rhun_region,9,0.0578672,no,southeastern Rhûn wain-kingdom beyond the Sea of Rhûn,accepted_frontier_polygon
me_land_0091,GON,0.6437118,0.7562286,me_south_gondor_region,9,0.1954212,no,Gondor fiefs from Anfalas to the Anduin,accepted_source_side_envelope
me_land_0092,WILD,0.7355311,0.5241817,me_mordor_region,9,,no,deliberately unclaimed,wild_unclaimed
me_land_0093,RH3,0.8363858,0.1880801,me_rhun_region,1,0.0348721,no,northeastern Rhûn confederation beyond the Iron Hills,accepted_frontier_polygon
me_land_0094,WILD,0.3829060,0.5559355,me_enedwaith_region,1,,no,deliberately unclaimed,wild_unclaimed
me_land_0095,LOS,0.3223443,0.0161212,me_forochel_region,5,0.0629372,no,Lossoth settlements around the Icebay,accepted_source_side_envelope
me_land_0096,WILD,0.8075702,0.9115779,me_far_harad_region,10,,no,deliberately unclaimed,wild_unclaimed
me_land_0097,WILD,0.4739927,0.0322423,me_angmar_region,5,,no,deliberately unclaimed,wild_unclaimed
me_land_0098,WILD,0.3626374,0.3063019,me_enedwaith_region,1,,no,deliberately unclaimed,wild_unclaimed
me_land_0099,WILD,0.5897436,0.4411334,me_brown_lands_region,9,,no,deliberately unclaimed,wild_unclaimed
me_land_0100,HNE,0.6405372,0.8236444,me_near_harad_region,9,0.0305028,no,Harnendor between the Poros approaches and the Harnen,accepted_frontier_polygon
me_land_0101,WILD,0.4114774,0.1587689,me_north_arnor_region,1,,no,deliberately unclaimed,wild_unclaimed
me_land_0102,WILD,0.7294261,0.6306790,me_mordor_region,8,,no,deliberately unclaimed,wild_unclaimed
me_land_0103,WILD,0.7841270,0.6082071,me_mordor_region,9,,no,deliberately unclaimed,wild_unclaimed
me_land_0104,WILD,0.5760684,0.1108940,me_northern_wastes_region,5,,no,deliberately unclaimed,wild_forodwaith
me_land_0105,GON,0.6293040,0.7181241,me_south_gondor_region,9,0.1478912,no,Gondor fiefs from Anfalas to the Anduin,accepted_source_side_envelope
me_land_0106,ROH,0.5435897,0.4992672,me_rohan_region,1,0.0979795,no,"The Mark between Isen, Anduin, and White Mountains",accepted_source_side_envelope
me_land_0107,RHU,0.7643468,0.1914998,me_rhun_region,1,0.0595828,no,western Rhûn polity north and east of Dorwinion,accepted_frontier_polygon
me_land_0108,DOL,0.5536020,0.3263312,me_mirkwood_region,1,0.0259396,no,Arda Maps Mirkwood polygon: southern Dol Guldur shadow; Dol Guldur's southern Mirkwood shadow; Dol Guldur's southern Mirkwood shadow,accepted_source_zone_overlap
me_land_0109,WILD,0.4476190,0.5188080,me_enedwaith_region,1,,no,deliberately unclaimed,wild_unclaimed
me_land_0110,WILD,0.5938950,0.3067904,me_mirkwood_region,1,,no,deliberately unclaimed,wild_unclaimed
me_land_0111,WILD,0.6053724,0.6624328,me_ithilien_region,1,,no,deliberately unclaimed,wild_ithilien
me_land_0112,MOR,0.6312576,0.5329751,me_mordor_region,9,0.0479369,no,Mordor inside the source-reviewed Ered Lithui and Ephel Duath enclosure,accepted_frontier_polygon
me_land_0113,WILD,0.6439560,0.4948705,me_brown_lands_region,9,,no,deliberately unclaimed,wild_unclaimed
me_land_0114,WILD,0.5926740,0.5872008,me_ithilien_region,1,,no,deliberately unclaimed,wild_ithilien
me_land_0115,WILD,0.3792430,0.3234001,me_enedwaith_region,1,,no,deliberately unclaimed,wild_unclaimed
me_land_0116,WILD,0.3870574,0.3238886,me_enedwaith_region,1,,no,deliberately unclaimed,wild_unclaimed
me_land_0117,LOS,0.2102564,0.0644846,me_forochel_region,1,0.2632490,no,Lossoth settlements around the Icebay,accepted_source_side_envelope
me_land_0118,UMB,0.5025641,0.8876404,me_umbar_region,1,0.0500656,no,Umbar coast and corsair hinterland,accepted_source_side_envelope
me_land_0119,ROH,0.4576313,0.5574011,me_rohan_region,1,0.0842436,no,"The Mark between Isen, Anduin, and White Mountains",accepted_source_side_envelope
me_land_0120,GON,0.3692308,0.6731803,me_belfalas_region,1,0.4224319,no,Gondor fiefs from Anfalas to the Anduin,accepted_source_side_envelope
me_land_0121,DOL,0.5521368,0.3580850,me_mirkwood_region,3,0.0101487,no,Arda Maps Mirkwood polygon: southern Dol Guldur shadow; Dol Guldur's southern Mirkwood shadow; Dol Guldur's southern Mirkwood shadow,accepted_source_zone_overlap
me_land_0122,WDM,0.5575092,0.2589155,me_mirkwood_region,3,0.0420548,no,Arda Maps Mirkwood polygon: western Woodmen settlements; Woodmen settlements in western Mirkwood; Woodmen clearings along western and central Mirkwood,accepted_source_zone_overlap
me_land_0123,UMB,0.5186813,0.8856864,me_umbar_region,9,0.0531437,no,Umbar coast and corsair hinterland,accepted_source_side_envelope
me_land_0124,GUN,0.5218559,0.1441133,me_grey_mountains_region,1,0.0570566,no,Gundabad and the northern mountain junction,accepted_source_side_envelope
me_land_0125,WILD,0.7313797,0.4460186,me_rhun_region,9,,no,deliberately unclaimed,wild_unclaimed
me_land_0126,ERE,0.5982906,0.1314118,me_dale_region,1,0.0068046,no,Lonely Mountain and its immediate source-centred approaches,accepted_frontier_polygon
me_land_0127,WILD,0.7743590,0.0547142,me_northern_wastes_region,1,,no,deliberately unclaimed,wild_forodwaith
me_land_0128,GOB,0.5162393,0.2095750,me_anduin_vale_region,1,0.0220394,no,Goblin-town and High Pass under the Misty Mountains,accepted_source_side_envelope
me_land_0129,WILD,0.4170940,0.3199805,me_enedwaith_region,1,,no,deliberately unclaimed,wild_unclaimed
me_land_0130,ROH,0.5589744,0.5525159,me_rohan_region,1,0.1214685,no,"The Mark between Isen, Anduin, and White Mountains",accepted_source_side_envelope
me_land_0131,WILD,0.7682540,0.0234489,me_northern_wastes_region,1,,no,deliberately unclaimed,wild_forodwaith
me_land_0132,MOR,0.6776557,0.7127504,me_mordor_region,8,0.1546106,no,Mordor inside the source-reviewed Ered Lithui and Ephel Duath enclosure,accepted_frontier_polygon
me_land_0133,WILD,0.7013431,0.8671226,me_khand_region,10,,no,deliberately unclaimed,wild_unclaimed
me_land_0134,WILD,0.6522589,0.4714216,me_brown_lands_region,9,,no,deliberately unclaimed,wild_unclaimed
me_land_0135,GON,0.5374847,0.6331216,me_lebennin_region,1,0.0842429,no,Gondor fiefs from Anfalas to the Anduin,accepted_source_side_envelope
me_land_0136,WILD,0.7636142,0.5173425,me_rhun_region,9,,no,deliberately unclaimed,wild_unclaimed
me_land_0137,WILD,0.3948718,0.2745481,me_shire_breeland_region,1,,no,deliberately unclaimed,wild_buffer
me_land_0138,WILD,0.4319902,0.3878847,me_enedwaith_region,1,,no,deliberately unclaimed,wild_unclaimed
me_land_0139,WILD,0.7980464,0.5437225,me_mordor_region,9,,no,deliberately unclaimed,wild_unclaimed
me_land_0140,DAM,0.5062271,0.6985833,me_belfalas_region,1,0.0428507,no,Dol Amroth and Belfalas peninsula,accepted_source_side_envelope
me_land_0141,GON,0.4649573,0.5847582,me_belfalas_region,1,0.2279714,no,Gondor fiefs from Anfalas to the Anduin,accepted_source_side_envelope
me_land_0142,GON,0.5399267,0.7147044,me_lebennin_region,1,0.1286191,no,Gondor fiefs from Anfalas to the Anduin,accepted_source_side_envelope
me_land_0143,WILD,0.3299145,0.3444064,me_enedwaith_region,1,,no,deliberately unclaimed,wild_unclaimed
me_land_0144,WILD,0.7133089,0.5109917,me_rhun_region,9,,no,deliberately unclaimed,wild_unclaimed
me_land_0145,UMB,0.4500611,0.9985344,me_umbar_region,9,0.1347348,no,Umbar coast and corsair hinterland,accepted_source_side_envelope
me_land_0146,WILD,0.5768010,0.4088911,me_brown_lands_region,9,,no,deliberately unclaimed,wild_unclaimed
me_land_0147,HNE,0.6871795,0.7738153,me_near_harad_region,9,0.0985749,no,Harnendor between the Poros approaches and the Harnen,accepted_frontier_polygon
me_land_0148,GON,0.4300366,0.6013679,me_belfalas_region,1,0.2964290,no,Gondor fiefs from Anfalas to the Anduin,accepted_source_side_envelope
me_land_0149,WILD,0.8422466,0.6731803,me_mordor_region,9,,no,deliberately unclaimed,wild_unclaimed
me_land_0150,WILD,0.6285714,0.2325354,me_mirkwood_region,1,,no,deliberately unclaimed,wild_unclaimed
me_land_0151,BEO,0.5477411,0.1621886,me_mirkwood_region,3,0.0443658,no,Beorning crossings and upper Anduin vales,accepted_source_side_envelope
me_land_0152,WILD,0.5433455,0.0815828,me_northern_wastes_region,5,,no,deliberately unclaimed,wild_forodwaith
me_land_0153,WILD,0.8046398,0.5432340,me_mordor_region,9,,no,deliberately unclaimed,wild_unclaimed
me_land_0154,MOR,0.6654457,0.5686370,me_mordor_region,8,0.0430640,no,Mordor inside the source-reviewed Ered Lithui and Ephel Duath enclosure,accepted_frontier_polygon
me_land_0155,WILD,0.4117216,0.1270151,me_north_arnor_region,1,,no,deliberately unclaimed,wild_unclaimed
me_land_0156,WILD,0.6180708,0.2950660,me_mirkwood_region,9,,no,deliberately unclaimed,wild_unclaimed
me_land_0157,WILD,0.5992674,0.0117245,me_northern_wastes_region,5,,no,deliberately unclaimed,wild_forodwaith
me_land_0158,KHA,0.8346764,0.7532975,me_khand_region,9,0.1596869,no,"Khand east and southeast of Mordor, excluding Far Harad",accepted_frontier_polygon
me_land_0159,DAL,0.6222222,0.2115291,me_dale_region,1,0.0747817,no,Dale and the upper Celduin plain,accepted_source_side_envelope
me_land_0160,RHU,0.7125763,0.2892037,me_rhun_region,9,0.1213542,no,western Rhûn polity north and east of Dorwinion,accepted_frontier_polygon
me_land_0161,WILD,0.4363858,0.1851490,me_north_arnor_region,1,,no,deliberately unclaimed,wild_unclaimed
me_land_0162,WILD,0.6551893,0.0552027,me_northern_wastes_region,5,,no,deliberately unclaimed,wild_forodwaith
me_land_0163,WILD,0.8332112,0.0356619,me_northern_wastes_region,1,,no,deliberately unclaimed,wild_forodwaith
me_land_0164,DUN,0.4459096,0.4435760,me_enedwaith_region,1,0.0358069,no,"Dunland lowlands west of Isen and the Gap, south of Glanduin",accepted_frontier_polygon
me_land_0165,WILD,0.6849817,0.4328285,me_rhun_region,9,,no,deliberately unclaimed,wild_buffer
me_land_0166,WILD,0.3826618,0.3370787,me_enedwaith_region,1,,no,deliberately unclaimed,wild_unclaimed
me_land_0167,HNE,0.6463980,0.8128969,me_near_harad_region,9,0.0246967,no,Harnendor between the Poros approaches and the Harnen,accepted_frontier_polygon
me_land_0168,WILD,0.3785104,0.1494871,me_north_arnor_region,1,,no,deliberately unclaimed,wild_unclaimed
me_land_0169,RIV,0.4888889,0.2310699,me_north_arnor_region,1,0.0125402,no,Imladris hidden valley and immediate refuge,accepted_source_side_envelope
me_land_0170,WILD,0.5389499,0.3937469,me_anduin_vale_region,1,,no,deliberately unclaimed,wild_unclaimed
me_land_0171,WILD,0.5672772,0.0210064,me_northern_wastes_region,5,,no,deliberately unclaimed,wild_forodwaith
me_land_0172,WILD,0.4481074,0.5505618,me_enedwaith_region,1,,no,deliberately unclaimed,wild_unclaimed
me_land_0173,HRA,0.6942613,0.9213483,me_far_harad_region,10,0.0641922,no,"Qarsad's inland Near Harad sphere, separated from Harnendor and Khand",accepted_frontier_polygon
me_land_0174,WILD,0.6222222,0.4030288,me_brown_lands_region,9,,no,deliberately unclaimed,wild_unclaimed
me_land_0175,HNE,0.6527473,0.8133854,me_near_harad_region,9,0.0342501,no,Harnendor between the Poros approaches and the Harnen,accepted_frontier_polygon
me_land_0176,RH2,0.7846154,0.4044944,me_rhun_region,9,0.0625810,no,southeastern Rhûn wain-kingdom beyond the Sea of Rhûn,accepted_frontier_polygon
me_land_0177,ROH,0.5501832,0.5192965,me_rohan_region,1,0.1047913,no,"The Mark between Isen, Anduin, and White Mountains",accepted_source_side_envelope
me_land_0178,UMB,0.4844933,0.9037616,me_umbar_region,9,0.0595640,no,Umbar coast and corsair hinterland,accepted_source_side_envelope
me_land_0179,WILD,0.8305250,0.0835369,me_northern_wastes_region,1,,no,deliberately unclaimed,wild_forodwaith
me_land_0180,MOR,0.7076923,0.5979482,me_mordor_region,8,0.1296053,no,Mordor inside the source-reviewed Ered Lithui and Ephel Duath enclosure,accepted_frontier_polygon
me_land_0181,SHI,0.3731380,0.2256961,me_shire_breeland_region,1,0.0539096,no,active-settlement: Frogmorton is an active East Road village within the Shire.,accepted_required_frontier_owner
me_land_0182,MOR,0.7113553,0.6389839,me_mordor_region,8,0.1496851,no,Mordor inside the source-reviewed Ered Lithui and Ephel Duath enclosure,accepted_frontier_polygon
me_land_0183,WILD,0.5633700,0.1284807,me_grey_mountains_region,3,,no,deliberately unclaimed,wild_unclaimed
me_land_0184,WILD,0.3946276,0.4655594,me_enedwaith_region,1,,no,deliberately unclaimed,wild_enedwaith
me_land_0185,WILD,0.6315018,0.4938935,me_brown_lands_region,9,,no,deliberately unclaimed,wild_unclaimed
me_land_0186,WILD,0.4241758,0.3458720,me_enedwaith_region,1,,no,abandoned: The ruin of Tharbad has no TA 3018 sovereign administration.,accepted_required_frontier_owner
me_land_0187,MOR,0.6783883,0.7186126,me_mordor_region,8,0.1605316,no,Mordor inside the source-reviewed Ered Lithui and Ephel Duath enclosure,accepted_frontier_polygon
me_land_0188,GON,0.3731380,0.6580362,me_belfalas_region,1,0.4127153,no,Gondor fiefs from Anfalas to the Anduin,accepted_source_side_envelope
me_land_0189,WILD,0.7824176,0.0195408,me_northern_wastes_region,1,,no,deliberately unclaimed,wild_forodwaith
me_land_0190,WILD,0.7172161,0.5657059,me_mordor_region,8,,no,deliberately unclaimed,wild_unclaimed
me_land_0191,UMB,0.5533578,0.8930142,me_umbar_region,9,0.0972749,no,Umbar coast and corsair hinterland,accepted_source_side_envelope
me_land_0192,LIN,0.2266178,0.1665852,me_lindon_region,1,0.1755097,no,Lindon west of the Blue Mountains,accepted_source_side_envelope
me_land_0193,MOR,0.6998779,0.5999023,me_mordor_region,8,0.1147285,no,Mordor inside the source-reviewed Ered Lithui and Ephel Duath enclosure,accepted_frontier_polygon
me_land_0194,WILD,0.5142857,0.3141182,me_anduin_vale_region,1,,no,deliberately unclaimed,wild_unclaimed
me_land_0195,WILD,0.7960928,0.6414265,me_mordor_region,9,,no,deliberately unclaimed,wild_unclaimed
me_land_0196,MOR,0.6749695,0.5349292,me_mordor_region,9,0.0728843,no,Mordor inside the source-reviewed Ered Lithui and Ephel Duath enclosure,accepted_frontier_polygon
me_land_0197,KHA,0.7990232,0.7997069,me_khand_region,9,0.1069778,no,"Khand east and southeast of Mordor, excluding Far Harad",accepted_frontier_polygon
me_land_0198,GON,0.4046398,0.6678065,me_belfalas_region,1,0.3516270,no,Gondor fiefs from Anfalas to the Anduin,accepted_source_side_envelope
me_land_0199,WILD,0.6849817,0.5109917,me_rhun_region,9,,no,deliberately unclaimed,wild_unclaimed
me_land_0200,WILD,0.7973138,0.0537372,me_northern_wastes_region,1,,no,deliberately unclaimed,wild_forodwaith
me_land_0201,GON,0.4146520,0.6321446,me_belfalas_region,1,0.3276959,no,Gondor fiefs from Anfalas to the Anduin,accepted_source_side_envelope
me_land_0202,RH3,0.8283272,0.1421593,me_rhun_region,1,0.0601907,no,northeastern Rhûn confederation beyond the Iron Hills,accepted_frontier_polygon
me_land_0203,DUN,0.4371184,0.4562775,me_enedwaith_region,1,0.0141653,no,"Dunland lowlands west of Isen and the Gap, south of Glanduin",accepted_frontier_polygon
me_land_0204,WOO,0.5643468,0.1729360,me_mirkwood_region,3,0.0388450,no,Arda Maps Mirkwood polygon: northern/eastern Woodland Realm; Thranduil's northern and eastern Mirkwood; Woodland Realm in northern and northeastern Mirkwood,accepted_source_zone_overlap
me_land_0205,MOR,0.7123321,0.5617978,me_mordor_region,8,0.1370616,no,Mordor inside the source-reviewed Ered Lithui and Ephel Duath enclosure,accepted_frontier_polygon
me_land_0206,WILD,0.5724054,0.4127992,me_brown_lands_region,9,,no,deliberately unclaimed,wild_unclaimed
me_land_0207,KHA,0.7787546,0.7723498,me_khand_region,9,0.0580850,no,"Khand east and southeast of Mordor, excluding Far Harad",accepted_frontier_polygon
me_land_0208,UMB,0.5606838,0.8187592,me_near_harad_region,9,0.1551983,no,Umbar coast and corsair hinterland,accepted_source_side_envelope
me_land_0209,WILD,0.5365079,0.3825110,me_anduin_vale_region,1,,no,deliberately unclaimed,wild_unclaimed
me_land_0210,BEO,0.5286935,0.2046898,me_anduin_vale_region,1,0.0134900,no,Beorning crossings and upper Anduin vales,accepted_source_side_envelope
me_land_0211,RH2,0.8351648,0.3483146,me_rhun_region,9,0.0703499,no,southeastern Rhûn wain-kingdom beyond the Sea of Rhûn,accepted_frontier_polygon
me_land_0212,RH2,0.8019536,0.3585735,me_rhun_region,9,0.0094219,no,southeastern Rhûn wain-kingdom beyond the Sea of Rhûn,accepted_frontier_polygon
me_land_0213,WILD,0.7628816,0.5095261,me_rhun_region,9,,no,deliberately unclaimed,wild_unclaimed
me_land_0214,LIN,0.3018315,0.2134831,me_lindon_region,1,0.0193919,no,Lindon west of the Blue Mountains,accepted_source_side_envelope
me_land_0215,DOR,0.7174603,0.3541768,me_rhun_region,1,0.0656706,no,Dorwinion around the northwest Sea of Rhûn,accepted_source_side_envelope
me_land_0216,WILD,0.5455433,0.2857841,me_mirkwood_region,1,,no,deliberately unclaimed,wild_buffer
me_land_0217,ROH,0.5238095,0.4660479,me_rohan_region,9,0.0880461,no,"The Mark between Isen, Anduin, and White Mountains",accepted_source_side_envelope
me_land_0218,RH3,0.8329670,0.1802638,me_rhun_region,1,0.0325898,no,northeastern Rhûn confederation beyond the Iron Hills,accepted_frontier_polygon
me_land_0219,UMB,0.5462759,0.8891060,me_umbar_region,9,0.0868047,no,Umbar coast and corsair hinterland,accepted_source_side_envelope
me_land_0220,WILD,0.5887668,0.6585247,me_ithilien_region,1,,no,deliberately unclaimed,wild_ithilien
me_land_0221,WOO,0.5616606,0.2183683,me_mirkwood_region,3,0.0730512,no,Arda Maps Mirkwood polygon: northern/eastern Woodland Realm; Thranduil's northern and eastern Mirkwood; Woodland Realm in northern and northeastern Mirkwood,accepted_source_zone_overlap
me_land_0222,GON,0.4947497,0.5945286,me_belfalas_region,1,0.1676771,no,Gondor fiefs from Anfalas to the Anduin,accepted_source_side_envelope
me_land_0223,WILD,0.4014652,0.4616512,me_enedwaith_region,1,,no,deliberately unclaimed,wild_enedwaith
me_land_0224,GUN,0.5252747,0.1426478,me_grey_mountains_region,1,0.0609588,no,Gundabad and the northern mountain junction,accepted_source_side_envelope
me_land_0225,WILD,0.7782662,0.5432340,me_mordor_region,9,,no,deliberately unclaimed,wild_unclaimed
me_land_0226,GON,0.5982906,0.7557401,me_south_gondor_region,9,0.1499459,no,Gondor fiefs from Anfalas to the Anduin,accepted_source_side_envelope
me_land_0227,KHA,0.7807082,0.8109428,me_khand_region,10,0.0886873,no,"Khand east and southeast of Mordor, excluding Far Harad",accepted_frontier_polygon
me_land_0228,WILD,0.5118437,0.3771373,me_anduin_vale_region,1,,no,deliberately unclaimed,wild_unclaimed
me_land_0229,ROH,0.4600733,0.4802149,me_rohan_region,1,0.0965900,no,"The Mark between Isen, Anduin, and White Mountains",accepted_source_side_envelope
me_land_0230,WILD,0.4185592,0.1573034,me_north_arnor_region,1,,no,deliberately unclaimed,wild_unclaimed
me_land_0231,GON,0.5799756,0.7191011,me_south_gondor_region,1,0.1078657,no,Gondor fiefs from Anfalas to the Anduin,accepted_source_side_envelope
me_land_0232,IRO,0.7006105,0.1343429,me_rhun_region,1,0.0572295,no,Iron Hills source label and adjacent holds,accepted_source_side_envelope
me_land_0233,MOR,0.6293040,0.6126038,me_mordor_region,8,0.0489720,no,Mordor inside the source-reviewed Ered Lithui and Ephel Duath enclosure,accepted_frontier_polygon
me_land_0234,KHA,0.7841270,0.8172936,me_khand_region,10,0.0978356,no,"Khand east and southeast of Mordor, excluding Far Harad",accepted_frontier_polygon
me_land_0235,WILD,0.5860806,0.0258915,me_northern_wastes_region,5,,no,deliberately unclaimed,wild_forodwaith
me_land_0236,RH2,0.7421245,0.4093796,me_rhun_region,1,0.1300931,no,southeastern Rhûn wain-kingdom beyond the Sea of Rhûn,accepted_frontier_polygon
me_land_0237,DOL,0.5633700,0.3478261,me_mirkwood_region,3,0.0150429,no,Arda Maps Mirkwood polygon: southern Dol Guldur shadow; Dol Guldur's southern Mirkwood shadow; Dol Guldur's southern Mirkwood shadow,accepted_source_zone_overlap
me_land_0238,KHA,0.7995116,0.7401075,me_khand_region,9,0.0886791,no,"Khand east and southeast of Mordor, excluding Far Harad",accepted_frontier_polygon
me_land_0239,GON,0.4451770,0.6487543,me_belfalas_region,1,0.2686066,no,Gondor fiefs from Anfalas to the Anduin,accepted_source_side_envelope
me_land_0240,WILD,0.4520147,0.3746947,me_enedwaith_region,1,,no,deliberately unclaimed,wild_unclaimed
me_land_0241,WILD,0.7037851,0.7073766,me_mordor_region,8,,no,deliberately unclaimed,wild_unclaimed
me_land_0242,WILD,0.4212454,0.2046898,me_north_arnor_region,1,,no,deliberately unclaimed,wild_unclaimed
me_land_0243,WOO,0.5863248,0.1739130,me_dale_region,3,0.0177565,no,Arda Maps Mirkwood polygon: northern/eastern Woodland Realm; Thranduil's northern and eastern Mirkwood; Woodland Realm in northern and northeastern Mirkwood,accepted_source_zone_overlap
me_land_0244,LOS,0.3054945,0.1182218,me_forochel_region,1,0.0898844,no,Lossoth settlements around the Icebay,accepted_source_side_envelope
me_land_0245,WILD,0.7321123,0.7195896,me_mordor_region,9,,no,deliberately unclaimed,wild_unclaimed
me_land_0246,RH3,0.8283272,0.1919883,me_rhun_region,1,0.0184813,no,northeastern Rhûn confederation beyond the Iron Hills,accepted_frontier_polygon
me_land_0247,WILD,0.7445665,0.5178310,me_rhun_region,9,,no,deliberately unclaimed,wild_unclaimed
me_land_0248,GON,0.5350427,0.6204201,me_anorien_region,1,0.0867318,no,Gondor fiefs from Anfalas to the Anduin,accepted_source_side_envelope
me_land_0249,ROH,0.4927961,0.4968246,me_rohan_region,1,0.0431077,no,"The Mark between Isen, Anduin, and White Mountains",accepted_source_side_envelope
me_land_0250,RH3,0.8307692,0.1983390,me_rhun_region,1,0.0216024,no,northeastern Rhûn confederation beyond the Iron Hills,accepted_frontier_polygon
me_land_0251,HNE,0.6813187,0.8138740,me_near_harad_region,9,0.0873547,no,Harnendor between the Poros approaches and the Harnen,accepted_frontier_polygon
me_land_0252,WILD,0.6227106,0.1167562,me_northern_wastes_region,1,,no,deliberately unclaimed,wild_forodwaith
me_land_0253,RHU,0.7225885,0.1968735,me_rhun_region,1,0.1086914,no,western Rhûn polity north and east of Dorwinion,accepted_frontier_polygon
me_land_0254,HNE,0.5885226,0.8011724,me_near_harad_region,1,0.1009942,no,Harnendor between the Poros approaches and the Harnen,accepted_frontier_polygon
me_land_0255,KHA,0.8124542,0.7855398,me_khand_region,9,0.1238590,no,"Khand east and southeast of Mordor, excluding Far Harad",accepted_frontier_polygon
me_land_0256,RHU,0.7824176,0.1924768,me_rhun_region,1,0.0626554,no,western Rhûn polity north and east of Dorwinion,accepted_frontier_polygon
me_land_0257,WILD,0.7245421,0.5168539,me_rhun_region,9,,no,deliberately unclaimed,wild_unclaimed
me_land_0258,BEO,0.5057387,0.2554958,me_anduin_vale_region,1,0.0814484,no,Beorning crossings and upper Anduin vales,accepted_source_side_envelope
me_land_0259,FAN,0.4813187,0.4748412,me_rohan_region,1,0.0213878,no,Arda Maps Fangorn physical woodland polygon; Fangorn source forest and Entwash headwaters,accepted_source_zone_overlap
me_land_0260,GON,0.5814408,0.6194431,me_anorien_region,1,0.0104508,yes,occupied-port: Harlond of Gondor is a Gondorian river port.,accepted_required_frontier_owner
me_land_0261,ROH,0.4920635,0.5075721,me_rohan_region,1,0.0334454,no,"The Mark between Isen, Anduin, and White Mountains",accepted_source_side_envelope
me_land_0262,KHA,0.7416361,0.8202247,me_khand_region,10,0.0861671,no,"Khand east and southeast of Mordor, excluding Far Harad",accepted_frontier_polygon
me_land_0263,MOA,0.4708181,0.3419638,me_enedwaith_region,1,0.0389046,no,Moria and immediate Dimrill/Sirannon approaches,accepted_source_side_envelope
me_land_0264,UMB,0.5199023,0.9360039,me_umbar_region,9,0.0205195,no,Umbar coast and corsair hinterland,accepted_source_side_envelope
me_land_0265,GON,0.5680098,0.7039570,me_lebennin_region,1,0.0948621,no,Gondor fiefs from Anfalas to the Anduin,accepted_source_side_envelope
me_land_0266,MOR,0.6593407,0.6013679,me_mordor_region,8,0.0413640,no,Mordor inside the source-reviewed Ered Lithui and Ephel Duath enclosure,accepted_frontier_polygon
me_land_0267,WILD,0.4039072,0.5188080,me_enedwaith_region,1,,no,deliberately unclaimed,wild_enedwaith
me_land_0268,MOR,0.6505495,0.6189546,me_mordor_region,8,0.0472651,no,Mordor inside the source-reviewed Ered Lithui and Ephel Duath enclosure,accepted_frontier_polygon
me_land_0269,WILD,0.7482295,0.5139228,me_rhun_region,9,,no,deliberately unclaimed,wild_unclaimed
me_land_0270,ROH,0.5308913,0.5344406,me_rohan_region,1,0.0645846,no,"The Mark between Isen, Anduin, and White Mountains",accepted_source_side_envelope
me_land_0271,UMB,0.5098901,0.9115779,me_umbar_region,9,0.0240891,no,Umbar coast and corsair hinterland,accepted_source_side_envelope
me_land_0272,MOR,0.6849817,0.6526624,me_mordor_region,8,0.1138679,no,Mordor inside the source-reviewed Ered Lithui and Ephel Duath enclosure,accepted_frontier_polygon
me_land_0273,DAM,0.5186813,0.6849047,me_belfalas_region,1,0.0603964,no,Dol Amroth and Belfalas peninsula,accepted_source_side_envelope
me_land_0274,WILD,0.3174603,0.2188569,me_shire_breeland_region,1,,no,deliberately unclaimed,wild_buffer
me_land_0275,DOR,0.6757021,0.4294089,me_rhun_region,9,0.0801997,no,Dorwinion around the northwest Sea of Rhûn,accepted_source_side_envelope
me_land_0276,WILD,0.6329670,0.2383977,me_mirkwood_region,1,,no,deliberately unclaimed,wild_unclaimed
me_land_0277,ROH,0.5374847,0.5373718,me_rohan_region,1,0.0776611,no,"The Mark between Isen, Anduin, and White Mountains",accepted_source_side_envelope
me_land_0278,GON,0.6231990,0.7171470,me_south_gondor_region,9,0.1389806,no,Gondor fiefs from Anfalas to the Anduin,accepted_source_side_envelope
me_land_0279,WOO,0.5594628,0.1514411,me_mirkwood_region,3,0.0461461,no,Arda Maps Mirkwood polygon: northern/eastern Woodland Realm; Thranduil's northern and eastern Mirkwood; Woodland Realm in northern and northeastern Mirkwood,accepted_source_zone_overlap
me_land_0280,RHU,0.7338217,0.2217880,me_rhun_region,1,0.0776620,no,western Rhûn polity north and east of Dorwinion,accepted_frontier_polygon
me_land_0281,WILD,0.4884005,0.1861260,me_north_arnor_region,1,,no,deliberately unclaimed,wild_unclaimed
me_land_0282,DOL,0.5438339,0.3566194,me_anduin_vale_region,3,0.0250304,no,Arda Maps Mirkwood polygon: southern Dol Guldur shadow; Dol Guldur's southern Mirkwood shadow; Dol Guldur's southern Mirkwood shadow,accepted_source_zone_overlap
me_land_0283,WILD,0.7457875,0.6643869,me_mordor_region,8,,no,deliberately unclaimed,wild_unclaimed
me_land_0284,LOS,0.2185592,0.0468979,me_forochel_region,1,0.2473392,no,Lossoth settlements around the Icebay,accepted_source_side_envelope
me_land_0285,MOR,0.6744811,0.5276014,me_mordor_region,9,0.0762326,no,Mordor inside the source-reviewed Ered Lithui and Ephel Duath enclosure,accepted_frontier_polygon
me_land_0286,WILD,0.4383394,0.2408403,me_north_arnor_region,1,,no,deliberately unclaimed,wild_buffer
me_land_0287,KHA,0.6913309,0.7405960,me_khand_region,1,0.1277167,no,"Khand east and southeast of Mordor, excluding Far Harad",accepted_frontier_polygon
me_land_0288,UMB,0.5169719,0.9731314,me_umbar_region,9,0.0402337,no,Umbar coast and corsair hinterland,accepted_source_side_envelope
me_land_0289,ROH,0.4742369,0.4929165,me_rohan_region,1,0.0666765,no,"The Mark between Isen, Anduin, and White Mountains",accepted_source_side_envelope
me_land_0290,RAN,0.4549451,0.2672203,me_north_arnor_region,1,0.0402061,no,The Angle and immediate Ranger refuge,accepted_source_side_envelope
me_land_0291,WILD,0.3347985,0.3585735,me_enedwaith_region,2,,no,deliberately unclaimed,wild_unclaimed
me_land_0292,ROH,0.5001221,0.4797264,me_rohan_region,1,0.0586548,no,"The Mark between Isen, Anduin, and White Mountains",accepted_source_side_envelope
me_land_0293,ROH,0.4876679,0.5398144,me_rohan_region,1,0.0220298,no,"The Mark between Isen, Anduin, and White Mountains",accepted_source_side_envelope
me_land_0294,WILD,0.3992674,0.1866146,me_north_arnor_region,1,,no,deliberately unclaimed,wild_unclaimed
me_land_0295,HNE,0.6256410,0.7894480,me_near_harad_region,9,0.0267346,no,Harnendor between the Poros approaches and the Harnen,accepted_frontier_polygon
me_land_0296,ERE,0.6124542,0.1328774,me_dale_region,1,0.0259450,no,Lonely Mountain and its immediate source-centred approaches,accepted_frontier_polygon
me_land_0297,RHU,0.7482295,0.2965315,me_rhun_region,9,0.0637259,no,western Rhûn polity north and east of Dorwinion,accepted_frontier_polygon
me_land_0298,RHU,0.7462759,0.1695164,me_rhun_region,1,0.0934288,no,western Rhûn polity north and east of Dorwinion,accepted_frontier_polygon
me_land_0299,WILD,0.4595849,0.2100635,me_north_arnor_region,1,,no,deliberately unclaimed,wild_unclaimed
me_land_0300,LIN,0.2974359,0.3375672,me_lindon_region,2,0.1138228,no,Lindon west of the Blue Mountains,accepted_source_side_envelope
me_land_0301,ROH,0.5614164,0.4904739,me_rohan_region,1,0.1343244,no,"The Mark between Isen, Anduin, and White Mountains",accepted_source_side_envelope
me_land_0302,WILD,0.3445665,0.4289204,me_enedwaith_region,1,,no,deliberately unclaimed,wild_enedwaith
me_land_0303,WILD,0.7968254,0.6922325,me_mordor_region,9,,no,deliberately unclaimed,wild_unclaimed
me_land_0304,HNE,0.5853480,0.8041036,me_near_harad_region,9,0.1075794,no,Harnendor between the Poros approaches and the Harnen,accepted_frontier_polygon
me_land_0305,WILD,0.5684982,0.4342941,me_brown_lands_region,9,,no,deliberately unclaimed,wild_unclaimed
me_land_0306,UMB,0.5247863,0.9369809,me_umbar_region,9,0.0303134,no,Umbar coast and corsair hinterland,accepted_source_side_envelope
me_land_0307,GON,0.4454212,0.6018564,me_belfalas_region,1,0.2656613,no,Gondor fiefs from Anfalas to the Anduin,accepted_source_side_envelope
me_land_0308,WILD,0.6498168,0.4079140,me_brown_lands_region,9,,no,deliberately unclaimed,wild_buffer
me_land_0309,WILD,0.6532357,0.4269663,me_brown_lands_region,9,,no,deliberately unclaimed,wild_buffer
me_land_0310,WILD,0.7470085,0.5422570,me_mordor_region,8,,no,deliberately unclaimed,wild_unclaimed
me_land_0311,BEO,0.5428571,0.2007816,me_anduin_vale_region,1,0.0241771,no,Beorning crossings and upper Anduin vales,accepted_source_side_envelope
me_land_0312,DOR,0.6503053,0.3888617,me_brown_lands_region,9,0.0783340,no,Dorwinion around the northwest Sea of Rhûn,accepted_source_side_envelope
me_land_0313,RHU,0.7736264,0.2330239,me_rhun_region,9,0.0184605,no,western Rhûn polity north and east of Dorwinion,accepted_frontier_polygon
me_land_0314,WILD,0.6930403,0.4899853,me_rhun_region,9,,no,deliberately unclaimed,wild_unclaimed
me_land_0315,RH2,0.8336996,0.3659013,me_rhun_region,9,0.0692496,no,southeastern Rhûn wain-kingdom beyond the Sea of Rhûn,accepted_frontier_polygon
me_land_0316,RHU,0.7479853,0.2354665,me_rhun_region,9,0.0463659,no,western Rhûn polity north and east of Dorwinion,accepted_frontier_polygon
me_land_0317,GON,0.4153846,0.5803615,me_belfalas_region,1,0.3270331,no,Gondor fiefs from Anfalas to the Anduin,accepted_source_side_envelope
me_land_0318,WILD,0.7687424,0.5896434,me_mordor_region,9,,no,deliberately unclaimed,wild_unclaimed
me_land_0319,FAN,0.5152625,0.4255007,me_anduin_vale_region,9,0.0654117,no,Arda Maps Fangorn physical woodland polygon; Fangorn source forest and Entwash headwaters,accepted_source_zone_overlap
me_land_0320,WILD,0.5465201,0.1211529,me_grey_mountains_region,3,,no,deliberately unclaimed,wild_unclaimed
me_land_0321,WILD,0.6595849,0.2061553,me_rhun_region,1,,no,deliberately unclaimed,wild_unclaimed
me_land_0322,WILD,0.4358974,0.2090865,me_north_arnor_region,1,,no,deliberately unclaimed,wild_unclaimed
me_land_0323,WILD,0.3899878,0.3307279,me_enedwaith_region,1,,no,deliberately unclaimed,wild_unclaimed
me_land_0324,WILD,0.4796093,0.4191500,me_enedwaith_region,1,,no,deliberately unclaimed,wild_unclaimed
me_land_0325,HNE,0.6876679,0.8045921,me_near_harad_region,9,0.0982500,no,Harnendor between the Poros approaches and the Harnen,accepted_frontier_polygon
me_land_0326,UMB,0.5201465,0.9667807,me_umbar_region,9,0.0375444,no,Umbar coast and corsair hinterland,accepted_source_side_envelope
me_land_0327,WILD,0.4544567,0.3468490,me_enedwaith_region,1,,no,deliberately unclaimed,wild_unclaimed
me_land_0328,WILD,0.5748474,0.5192965,me_brown_lands_region,1,,no,deliberately unclaimed,wild_unclaimed
me_land_0329,RH2,0.7946276,0.3776258,me_rhun_region,9,0.0296418,no,southeastern Rhûn wain-kingdom beyond the Sea of Rhûn,accepted_frontier_polygon
me_land_0330,WILD,0.7978022,0.5368832,me_mordor_region,9,,no,deliberately unclaimed,wild_unclaimed
me_land_0331,HNE,0.6715507,0.7821202,me_near_harad_region,9,0.0663207,no,Harnendor between the Poros approaches and the Harnen,accepted_frontier_polygon
me_land_0332,RH2,0.7897436,0.3820225,me_rhun_region,9,0.0380291,no,southeastern Rhûn wain-kingdom beyond the Sea of Rhûn,accepted_frontier_polygon
me_land_0333,WILD,0.5943834,0.4289204,me_brown_lands_region,9,,no,deliberately unclaimed,wild_unclaimed
me_land_0334,RH2,0.7536020,0.4284319,me_rhun_region,9,0.1215017,no,southeastern Rhûn wain-kingdom beyond the Sea of Rhûn,accepted_frontier_polygon
me_land_0335,WILD,0.3609280,0.3419638,me_enedwaith_region,1,,no,deliberately unclaimed,wild_unclaimed
me_land_0336,GON,0.6156288,0.7576942,me_south_gondor_region,9,0.1644557,no,Gondor fiefs from Anfalas to the Anduin,accepted_source_side_envelope
me_land_0337,RH2,0.8051282,0.3507572,me_rhun_region,9,0.0102843,no,southeastern Rhûn wain-kingdom beyond the Sea of Rhûn,accepted_frontier_polygon
me_land_0338,LIN,0.3098901,0.3014167,me_lindon_region,1,0.0752460,no,Lindon west of the Blue Mountains,accepted_source_side_envelope
me_land_0339,WILD,0.6571429,0.1025892,me_northern_wastes_region,5,,no,deliberately unclaimed,wild_forodwaith
me_land_0340,GON,0.5494505,0.6468002,me_lebennin_region,1,0.0675227,no,Gondor fiefs from Anfalas to the Anduin,accepted_source_side_envelope
me_land_0341,BEO,0.5477411,0.1543723,me_mirkwood_region,3,0.0500224,no,Beorning crossings and upper Anduin vales,accepted_source_side_envelope
me_land_0342,WILD,0.7655678,0.5608207,me_mordor_region,9,,no,deliberately unclaimed,wild_unclaimed
me_land_0343,IRO,0.6561661,0.1787982,me_rhun_region,1,0.0423010,no,Iron Hills source label and adjacent holds,accepted_source_side_envelope
me_land_0344,GON,0.5648352,0.5158769,me_rohan_region,1,0.0990750,no,occupied-claim: Amon Lhaw remained within Gondor though the Emyn Muil was deserted.,accepted_required_frontier_owner
me_land_0345,DOR,0.6954823,0.3180264,me_rhun_region,1,0.0396418,no,Dorwinion around the northwest Sea of Rhûn,accepted_source_side_envelope
me_land_0346,MOR,0.7015873,0.6424035,me_mordor_region,8,0.1341172,no,Mordor inside the source-reviewed Ered Lithui and Ephel Duath enclosure,accepted_frontier_polygon
me_land_0347,MOR,0.6603175,0.6736688,me_mordor_region,8,0.1053083,no,Mordor inside the source-reviewed Ered Lithui and Ephel Duath enclosure,accepted_frontier_polygon
me_land_0348,WILD,0.7128205,0.4655594,me_rhun_region,9,,no,deliberately unclaimed,wild_unclaimed
me_land_0349,RIV,0.4974359,0.2183683,me_north_arnor_region,1,0.0089025,no,Imladris hidden valley and immediate refuge,accepted_source_side_envelope
me_land_0350,WOO,0.5660562,0.2188569,me_mirkwood_region,3,0.0689006,no,Arda Maps Mirkwood polygon: northern/eastern Woodland Realm; Thranduil's northern and eastern Mirkwood; Woodland Realm in northern and northeastern Mirkwood,accepted_source_zone_overlap
me_land_0351,WILD,0.4300366,0.2129946,me_north_arnor_region,1,,no,deliberately unclaimed,wild_unclaimed
me_land_0352,MOA,0.4888889,0.3575965,me_anduin_vale_region,1,0.0222079,no,Moria and immediate Dimrill/Sirannon approaches,accepted_source_side_envelope
me_land_0353,WILD,0.7604396,0.8935027,me_near_harad_region,10,,no,deliberately unclaimed,wild_unclaimed
me_land_0354,WILD,0.4652015,0.1108940,me_angmar_region,1,,no,deliberately unclaimed,wild_unclaimed
me_land_0355,WILD,0.7719170,0.5139228,me_rhun_region,9,,no,deliberately unclaimed,wild_unclaimed
me_land_0356,WILD,0.4085470,0.3170493,me_enedwaith_region,1,,no,deliberately unclaimed,wild_unclaimed
me_land_0357,UMB,0.4695971,0.9877870,me_umbar_region,9,0.0955617,no,Umbar coast and corsair hinterland,accepted_source_side_envelope
me_land_0358,WILD,0.4803419,0.3922814,me_enedwaith_region,1,,no,deliberately unclaimed,wild_unclaimed
me_land_0359,WILD,0.3912088,0.2696629,me_shire_breeland_region,1,,no,deliberately unclaimed,wild_buffer
me_land_0360,DOR,0.6610501,0.4176844,me_rhun_region,9,0.0815160,no,Dorwinion around the northwest Sea of Rhûn,accepted_source_side_envelope
me_land_0361,BEO,0.5133089,0.2491451,me_anduin_vale_region,1,0.0673911,no,Beorning crossings and upper Anduin vales,accepted_source_side_envelope
me_land_0362,WILD,0.6153846,0.3082560,me_mirkwood_region,9,,no,deliberately unclaimed,wild_unclaimed
me_land_0363,WILD,0.6503053,0.4391793,me_brown_lands_region,9,,no,deliberately unclaimed,wild_buffer
me_land_0364,WILD,0.7208791,0.6384954,me_mordor_region,8,,no,deliberately unclaimed,wild_unclaimed
me_land_0365,UMB,0.5330891,1.0000000,me_umbar_region,9,0.0796120,no,Umbar coast and corsair hinterland,accepted_source_side_envelope
me_land_0366,WILD,0.3633700,0.3185149,me_enedwaith_region,1,,no,deliberately unclaimed,wild_unclaimed
me_land_0367,LOS,0.3611722,0.0283341,me_forochel_region,5,0.0535465,no,Lossoth settlements around the Icebay,accepted_source_side_envelope
me_land_0368,WILD,0.7655678,0.0952614,me_northern_wastes_region,1,,no,deliberately unclaimed,wild_forodwaith
me_land_0369,MOR,0.6129426,0.5144113,me_mordor_region,9,0.0858134,no,Mordor inside the source-reviewed Ered Lithui and Ephel Duath enclosure,accepted_frontier_polygon
me_land_0370,MOR,0.7133089,0.6238398,me_mordor_region,8,0.1473739,no,Mordor inside the source-reviewed Ered Lithui and Ephel Duath enclosure,accepted_frontier_polygon
me_land_0371,RAN,0.4659341,0.2374206,me_north_arnor_region,2,0.0372851,no,The Angle and immediate Ranger refuge,accepted_source_side_envelope
me_land_0372,WILD,0.7645910,0.5735222,me_mordor_region,9,,no,deliberately unclaimed,wild_unclaimed
me_land_0373,DAL,0.6246642,0.1387396,me_dale_region,1,0.0468341,no,Dale and the upper Celduin plain,accepted_source_side_envelope
me_land_0374,GON,0.5616606,0.6555936,me_lebennin_region,1,0.0552472,no,Gondor fiefs from Anfalas to the Anduin,accepted_source_side_envelope
me_land_0375,DOR,0.6695971,0.3370787,me_rhun_region,9,0.0332826,no,Dorwinion around the northwest Sea of Rhûn,accepted_source_side_envelope
me_land_0376,WILD,0.7528694,0.5065950,me_rhun_region,9,,no,deliberately unclaimed,wild_unclaimed
me_land_0377,DAM,0.5113553,0.6306790,me_belfalas_region,1,0.0613431,no,Dol Amroth and Belfalas peninsula,accepted_source_side_envelope
me_land_0378,RH2,0.8078144,0.4450415,me_rhun_region,9,0.0963180,no,southeastern Rhûn wain-kingdom beyond the Sea of Rhûn,accepted_frontier_polygon
me_land_0379,WILD,0.3868132,0.1441133,me_north_arnor_region,1,,no,deliberately unclaimed,wild_unclaimed
me_land_0380,WILD,0.6388278,0.4445530,me_brown_lands_region,9,,no,deliberately unclaimed,wild_unclaimed
me_land_0381,MOR,0.6542125,0.5217391,me_mordor_region,9,0.0556171,no,Mordor inside the source-reviewed Ered Lithui and Ephel Duath enclosure,accepted_frontier_polygon
me_land_0382,ROH,0.4634921,0.4807035,me_rohan_region,1,0.0909097,no,"The Mark between Isen, Anduin, and White Mountains",accepted_source_side_envelope
me_land_0383,WILD,0.4122100,0.4127992,me_enedwaith_region,1,,no,deliberately unclaimed,wild_enedwaith
me_land_0384,ROH,0.4852259,0.4811920,me_rohan_region,1,0.0631175,no,"The Mark between Isen, Anduin, and White Mountains",accepted_source_side_envelope
me_land_0385,RHU,0.7467643,0.1289692,me_rhun_region,1,0.1296458,no,western Rhûn polity north and east of Dorwinion,accepted_frontier_polygon
me_land_0386,DOR,0.6739927,0.4181729,me_rhun_region,9,0.0702544,no,Dorwinion around the northwest Sea of Rhûn,accepted_source_side_envelope
me_land_0387,WILD,0.5001221,0.0400586,me_northern_wastes_region,5,,no,deliberately unclaimed,wild_forodwaith
me_land_0388,HFA,0.6214896,0.9916952,me_far_harad_region,10,0.0816854,no,represented northern fringe of Far Harad,accepted_frontier_polygon
me_land_0389,UMB,0.4991453,0.9819248,me_umbar_region,9,0.0508049,no,Umbar coast and corsair hinterland,accepted_source_side_envelope
me_land_0390,WILD,0.7579976,0.6575476,me_mordor_region,9,,no,deliberately unclaimed,wild_unclaimed
me_land_0391,RAN,0.4666667,0.2681974,me_north_arnor_region,1,0.0167639,no,The Angle and immediate Ranger refuge,accepted_source_side_envelope
me_land_0392,WOO,0.5689866,0.1812408,me_mirkwood_region,3,0.0352757,no,Arda Maps Mirkwood polygon: northern/eastern Woodland Realm; Thranduil's northern and eastern Mirkwood; Woodland Realm in northern and northeastern Mirkwood,accepted_source_zone_overlap
me_land_0393,UMB,0.5362637,0.9570103,me_umbar_region,9,0.0573602,no,Umbar coast and corsair hinterland,accepted_source_side_envelope
me_land_0394,BLU,0.2962149,0.1914998,me_lindon_region,1,0.0167141,no,Surviving Ered Luin halls,accepted_source_side_envelope
me_land_0395,BLU,0.3137973,0.1524182,me_lindon_region,1,0.0509982,no,Surviving Ered Luin halls,accepted_source_side_envelope
me_land_0396,WILD,0.6163614,0.4074255,me_brown_lands_region,9,,no,deliberately unclaimed,wild_unclaimed
me_land_0397,WILD,0.3306471,0.3199805,me_enedwaith_region,1,,no,deliberately unclaimed,wild_unclaimed
me_land_0398,GON,0.5431013,0.7591597,me_lebennin_region,9,0.1636532,no,Gondor fiefs from Anfalas to the Anduin,accepted_source_side_envelope
me_land_0399,WILD,0.6964591,0.4973131,me_rhun_region,9,,no,deliberately unclaimed,wild_unclaimed
me_land_0400,LIN,0.2681319,0.2090865,me_lindon_region,1,0.0838149,no,Lindon west of the Blue Mountains,accepted_source_side_envelope
me_land_0401,WILD,0.8271062,0.5613092,me_mordor_region,9,,no,deliberately unclaimed,wild_unclaimed
me_land_0402,LIN,0.2366300,0.1929653,me_lindon_region,1,0.1488112,no,Lindon west of the Blue Mountains,accepted_source_side_envelope
me_land_0403,HNE,0.6097680,0.7830972,me_near_harad_region,1,0.0590899,no,Harnendor between the Poros approaches and the Harnen,accepted_frontier_polygon
me_land_0404,WILD,0.6224664,0.4992672,me_brown_lands_region,9,,no,deliberately unclaimed,wild_unclaimed
me_land_0405,WILD,0.6451770,0.0112360,me_northern_wastes_region,5,,no,deliberately unclaimed,wild_forodwaith
me_land_0406,HNE,0.6437118,0.8133854,me_near_harad_region,9,0.0222780,no,Harnendor between the Poros approaches and the Harnen,accepted_frontier_polygon
me_land_0407,SHI,0.3235653,0.2242306,me_shire_breeland_region,1,0.0456203,no,Shire bounds west of the Brandywine,accepted_source_side_envelope
me_land_0408,WILD,0.6131868,0.0693698,me_northern_wastes_region,5,,no,deliberately unclaimed,wild_forodwaith
me_land_0409,WILD,0.4805861,0.3825110,me_enedwaith_region,1,,no,deliberately unclaimed,wild_unclaimed
me_land_0410,DAM,0.5020757,0.6800195,me_belfalas_region,1,0.0269402,no,Dol Amroth and Belfalas peninsula,accepted_source_side_envelope
me_land_0411,BEO,0.5413919,0.2745481,me_anduin_vale_region,1,0.0844582,no,Beorning crossings and upper Anduin vales,accepted_source_side_envelope
me_land_0412,HNE,0.6356532,0.8500244,me_near_harad_region,9,0.0570626,no,Harnendor between the Poros approaches and the Harnen,accepted_frontier_polygon
me_land_0413,WILD,0.5951160,0.5935515,me_ithilien_region,1,,no,deliberately unclaimed,wild_ithilien
me_land_0414,RAN,0.4703297,0.2955545,me_north_arnor_region,1,0.0272081,no,The Angle and immediate Ranger refuge,accepted_source_side_envelope
me_land_0415,UMB,0.5584860,0.7894480,me_near_harad_region,9,0.1758428,no,Umbar coast and corsair hinterland,accepted_source_side_envelope
me_land_0416,WILD,0.7973138,0.1069858,me_northern_wastes_region,1,,no,deliberately unclaimed,wild_forodwaith
me_land_0417,DOL,0.5382173,0.3390327,me_anduin_vale_region,1,0.0379936,no,Arda Maps Mirkwood polygon: southern Dol Guldur shadow; Dol Guldur's southern Mirkwood shadow; Dol Guldur's southern Mirkwood shadow,accepted_source_zone_overlap
me_land_0418,WILD,0.6578755,0.1172447,me_northern_wastes_region,5,,no,deliberately unclaimed,wild_forodwaith
me_land_0419,WILD,0.4358974,0.2183683,me_north_arnor_region,1,,no,deliberately unclaimed,wild_unclaimed
me_land_0420,WILD,0.7338217,0.5036639,me_rhun_region,9,,no,deliberately unclaimed,wild_unclaimed
me_land_0421,RAN,0.4698413,0.2550073,me_north_arnor_region,1,0.0181997,no,The Angle and immediate Ranger refuge,accepted_source_side_envelope
me_land_0422,WILD,0.8400488,0.5227162,me_mordor_region,9,,no,deliberately unclaimed,wild_unclaimed
me_land_0423,UMB,0.4859585,0.9579873,me_umbar_region,10,0.0523682,no,Umbar coast and corsair hinterland,accepted_source_side_envelope
me_land_0424,LOR,0.5260073,0.3361016,me_anduin_vale_region,1,0.0240986,no,Arda Maps Golden Wood / Naith physical polygon; Naith between Misty foothills and Anduin; Lothlórien's Naith east of the Misty crest and west of Anduin,accepted_source_zone_overlap
me_land_0425,GON,0.5340659,0.6336102,me_lebennin_region,1,0.0909829,no,Gondor fiefs from Anfalas to the Anduin,accepted_source_side_envelope
me_land_0426,ROH,0.4615385,0.5407914,me_rohan_region,1,0.0742786,no,"The Mark between Isen, Anduin, and White Mountains",accepted_source_side_envelope
me_land_0427,WILD,0.5587302,0.1367855,me_grey_mountains_region,3,,no,deliberately unclaimed,wild_unclaimed
me_land_0428,WILD,0.5091575,0.3981436,me_anduin_vale_region,1,,no,deliberately unclaimed,wild_unclaimed
me_land_0429,WILD,0.7216117,0.7059111,me_mordor_region,9,,no,deliberately unclaimed,wild_unclaimed
me_land_0430,WILD,0.3282051,0.3649243,me_enedwaith_region,1,,no,deliberately unclaimed,wild_enedwaith
me_land_0431,MOR,0.6000000,0.5515388,me_brown_lands_region,1,0.0908025,yes,occupied-fortress: Durthang is an occupied Mordor fortress above Udûn.,accepted_required_frontier_owner
me_land_0432,WILD,0.5985348,0.5236932,me_brown_lands_region,9,,no,deliberately unclaimed,wild_unclaimed
me_land_0433,KHA,0.8100122,0.7620909,me_khand_region,9,0.1121887,no,"Khand east and southeast of Mordor, excluding Far Harad",accepted_frontier_polygon
me_land_0434,KHA,0.7782662,0.7469468,me_khand_region,9,0.0469520,no,"Khand east and southeast of Mordor, excluding Far Harad",accepted_frontier_polygon
me_land_0435,HRA,0.6586081,0.8656571,me_near_harad_region,10,0.0330703,no,"Qarsad's inland Near Harad sphere, separated from Harnendor and Khand",accepted_frontier_polygon
me_land_0436,WILD,0.6388278,0.3199805,me_mirkwood_region,1,,no,deliberately unclaimed,wild_unclaimed
me_land_0437,GON,0.5482295,0.5603322,me_anorien_region,1,0.0786292,no,Gondor fiefs from Anfalas to the Anduin,accepted_source_side_envelope
me_land_0438,WILD,0.5968254,0.5788959,me_ithilien_region,1,,no,deliberately unclaimed,wild_ithilien
me_land_0439,HRA,0.6708181,0.9462628,me_far_harad_region,10,0.0767201,no,"Qarsad's inland Near Harad sphere, separated from Harnendor and Khand",accepted_frontier_polygon
me_land_0440,WILD,0.7360195,0.9555447,me_far_harad_region,10,,no,deliberately unclaimed,wild_unclaimed
me_land_0441,WILD,0.4224664,0.1446019,me_north_arnor_region,1,,no,deliberately unclaimed,wild_unclaimed
me_land_0442,IRO,0.6451770,0.1831949,me_rhun_region,1,0.0639235,no,Iron Hills source label and adjacent holds,accepted_source_side_envelope
me_land_0443,WILD,0.7223443,0.6516854,me_mordor_region,8,,no,deliberately unclaimed,wild_unclaimed
me_land_0444,KHA,0.8070818,0.7249634,me_khand_region,9,0.1046730,no,"Khand east and southeast of Mordor, excluding Far Harad",accepted_frontier_polygon
me_land_0445,WILD,0.3247863,0.1919883,me_north_arnor_region,1,,no,deliberately unclaimed,wild_unclaimed
me_land_0446,RHU,0.7523810,0.2388862,me_rhun_region,9,0.0369492,no,western Rhûn polity north and east of Dorwinion,accepted_frontier_polygon
me_land_0447,WILD,0.8085470,0.5139228,me_rhun_region,9,,no,deliberately unclaimed,wild_unclaimed
me_land_0448,WILD,0.4148962,0.2076209,me_north_arnor_region,1,,no,deliberately unclaimed,wild_unclaimed
me_land_0449,GOB,0.5181929,0.1914998,me_anduin_vale_region,1,0.0166561,no,Goblin-town and High Pass under the Misty Mountains,accepted_source_side_envelope
me_land_0450,WILD,0.8202686,0.8935027,me_near_harad_region,10,,no,deliberately unclaimed,wild_unclaimed
me_land_0451,HNE,0.5946276,0.7860283,me_near_harad_region,9,0.0887792,no,Harnendor between the Poros approaches and the Harnen,accepted_frontier_polygon
me_land_0452,WILD,0.8263736,0.0449438,me_northern_wastes_region,1,,no,deliberately unclaimed,wild_forodwaith
me_land_0453,LIN,0.2593407,0.2105520,me_lindon_region,1,0.1008537,no,Lindon west of the Blue Mountains,accepted_source_side_envelope
me_land_0454,GUN,0.5379731,0.1446019,me_grey_mountains_region,3,0.0827715,no,Gundabad and the northern mountain junction,accepted_source_side_envelope
me_land_0455,HNE,0.6720391,0.7957987,me_near_harad_region,9,0.0663902,no,Harnendor between the Poros approaches and the Harnen,accepted_frontier_polygon
me_land_0456,WILD,0.5135531,0.2931119,me_anduin_vale_region,1,,no,deliberately unclaimed,wild_buffer
me_land_0457,WILD,0.6188034,0.4875427,me_brown_lands_region,9,,no,deliberately unclaimed,wild_unclaimed
me_land_0458,DOR,0.6554335,0.3654128,me_rhun_region,9,0.0601440,no,Dorwinion around the northwest Sea of Rhûn,accepted_source_side_envelope
me_land_0459,GON,0.5750916,0.6961407,me_south_gondor_region,1,0.0850675,no,Gondor fiefs from Anfalas to the Anduin,accepted_source_side_envelope
me_land_0460,WILD,0.8275946,0.5168539,me_rhun_region,9,,no,deliberately unclaimed,wild_unclaimed
me_land_0461,DOR,0.6664225,0.3077675,me_rhun_region,9,0.0567412,no,Dorwinion around the northwest Sea of Rhûn,accepted_source_side_envelope
me_land_0462,RH2,0.7804640,0.3986321,me_rhun_region,9,0.0623836,no,southeastern Rhûn wain-kingdom beyond the Sea of Rhûn,accepted_frontier_polygon
me_land_0463,WILD,0.4358974,0.1919883,me_north_arnor_region,1,,no,deliberately unclaimed,wild_unclaimed
me_land_0464,MOR,0.7023199,0.6370298,me_mordor_region,8,0.1327224,no,Mordor inside the source-reviewed Ered Lithui and Ephel Duath enclosure,accepted_frontier_polygon
me_land_0465,WILD,0.7870574,0.6355642,me_mordor_region,9,,no,deliberately unclaimed,wild_unclaimed
me_land_0466,RH2,0.8131868,0.4367367,me_rhun_region,9,0.0906577,no,southeastern Rhûn wain-kingdom beyond the Sea of Rhûn,accepted_frontier_polygon
me_land_0467,GON,0.4837607,0.6013679,me_belfalas_region,1,0.1890755,no,Gondor fiefs from Anfalas to the Anduin,accepted_source_side_envelope
me_land_0468,SHI,0.3545788,0.2735711,me_shire_breeland_region,1,0.0474065,no,Shire bounds west of the Brandywine,accepted_source_side_envelope
me_land_0469,UMB,0.4896215,0.8939912,me_umbar_region,9,0.0577932,no,Umbar coast and corsair hinterland,accepted_source_side_envelope
me_land_0470,BLU,0.3091575,0.1836834,me_lindon_region,1,0.0356266,no,Surviving Ered Luin halls,accepted_source_side_envelope
me_land_0471,ERE,0.5885226,0.1245725,me_dale_region,1,0.0258751,no,Lonely Mountain and its immediate source-centred approaches,accepted_frontier_polygon
me_land_0472,UMB,0.5128205,0.8676111,me_umbar_region,9,0.0683468,no,Umbar coast and corsair hinterland,accepted_source_side_envelope
me_land_0473,UMB,0.5125763,0.8900830,me_umbar_region,9,0.0459547,no,Umbar coast and corsair hinterland,accepted_source_side_envelope
me_land_0474,WILD,0.4002442,0.4196385,me_enedwaith_region,1,,no,deliberately unclaimed,wild_enedwaith
me_land_0475,WILD,0.4168498,0.5295554,me_enedwaith_region,1,,no,deliberately unclaimed,wild_enedwaith
me_land_0476,RH2,0.8354090,0.3390327,me_rhun_region,9,0.0716623,no,southeastern Rhûn wain-kingdom beyond the Sea of Rhûn,accepted_frontier_polygon
me_land_0477,WILD,0.6637363,0.4670249,me_rhun_region,9,,no,deliberately unclaimed,wild_unclaimed
me_land_0478,DOR,0.7094017,0.2926234,me_rhun_region,9,0.0767094,no,Dorwinion around the northwest Sea of Rhûn,accepted_source_side_envelope
me_land_0479,GON,0.5550672,0.6839277,me_lebennin_region,1,0.0860811,no,Gondor fiefs from Anfalas to the Anduin,accepted_source_side_envelope
me_land_0480,WILD,0.6188034,0.3976551,me_brown_lands_region,9,,no,deliberately unclaimed,wild_unclaimed
me_land_0481,WILD,0.5516484,0.1245725,me_grey_mountains_region,3,,no,deliberately unclaimed,wild_unclaimed
me_land_0482,ESG,0.6046398,0.1846605,me_dale_region,1,0.0238819,no,Lake-town and Long Lake shore,accepted_source_side_envelope
me_land_0483,WILD,0.4346764,0.3844651,me_enedwaith_region,1,,no,deliberately unclaimed,wild_unclaimed
me_land_0484,WILD,0.8385836,0.8319492,me_khand_region,10,,no,deliberately unclaimed,wild_unclaimed
me_land_0485,GUN,0.5423687,0.1426478,me_grey_mountains_region,3,0.0895572,no,Gundabad and the northern mountain junction,accepted_source_side_envelope
me_land_0486,BLU,0.3106227,0.1353200,me_lindon_region,1,0.0568285,no,Blue Mountain holding closer to the Blue Halls than northern Lindon,accepted_component_repair
me_land_0487,SHI,0.3240537,0.2120176,me_shire_breeland_region,1,0.0475814,no,Shire bounds west of the Brandywine,accepted_source_side_envelope
me_land_0488,LIN,0.2974359,0.2618466,me_lindon_region,1,0.0426776,no,Lindon west of the Blue Mountains,accepted_source_side_envelope
me_land_0489,GON,0.4749695,0.5769419,me_belfalas_region,1,0.2092366,no,Gondor fiefs from Anfalas to the Anduin,accepted_source_side_envelope
me_land_0490,DOR,0.6625153,0.4044944,me_rhun_region,9,0.0692659,no,Dorwinion around the northwest Sea of Rhûn,accepted_source_side_envelope
me_land_0491,WILD,0.4227106,0.3331705,me_enedwaith_region,1,,no,deliberately unclaimed,wild_unclaimed
me_land_0492,WILD,0.6119658,0.2535418,me_mirkwood_region,1,,no,deliberately unclaimed,wild_unclaimed
me_land_0493,GON,0.4222222,0.6707377,me_belfalas_region,1,0.3175054,no,Gondor fiefs from Anfalas to the Anduin,accepted_source_side_envelope
me_land_0494,MOR,0.6505495,0.5852467,me_mordor_region,8,0.0175098,no,Mordor inside the source-reviewed Ered Lithui and Ephel Duath enclosure,accepted_frontier_polygon
me_land_0495,UMB,0.5557998,0.9291646,me_umbar_region,9,0.0925399,no,Umbar coast and corsair hinterland,accepted_source_side_envelope
me_land_0496,WILD,0.5067155,0.3844651,me_anduin_vale_region,1,,no,deliberately unclaimed,wild_unclaimed
me_land_0497,WILD,0.7396825,0.5476307,me_mordor_region,8,,no,deliberately unclaimed,wild_unclaimed
me_land_0498,WILD,0.3274725,0.1231070,me_north_arnor_region,1,,no,deliberately unclaimed,wild_unclaimed
me_land_0499,RH3,0.8185592,0.1709819,me_rhun_region,1,0.0291608,no,northeastern Rhûn confederation beyond the Iron Hills,accepted_frontier_polygon
me_land_0500,KHA,0.8122100,0.8128969,me_khand_region,10,0.1362190,no,"Khand east and southeast of Mordor, excluding Far Harad",accepted_frontier_polygon
me_land_0501,UMB,0.4608059,0.9941378,me_umbar_region,9,0.1138423,no,Umbar coast and corsair hinterland,accepted_source_side_envelope
me_land_0502,ROH,0.4603175,0.5222277,me_rohan_region,1,0.0783470,no,occupied-approach: The Glittering Caves open behind Rohan's Hornburg.,accepted_required_frontier_owner
me_land_0503,GON,0.3838828,0.6384954,me_belfalas_region,1,0.3895212,no,Gondor fiefs from Anfalas to the Anduin,accepted_source_side_envelope
me_land_0504,DUN,0.4402930,0.4225696,me_enedwaith_region,1,0.0463612,no,"Dunland lowlands west of Isen and the Gap, south of Glanduin",accepted_frontier_polygon
me_land_0505,HFA,0.5667888,0.9296532,me_far_harad_region,10,0.0443741,no,represented northern fringe of Far Harad,accepted_frontier_polygon
me_land_0506,DOL,0.5677656,0.3527113,me_mirkwood_region,3,0.0233237,no,Arda Maps Mirkwood polygon: southern Dol Guldur shadow; Dol Guldur's southern Mirkwood shadow; Dol Guldur's southern Mirkwood shadow,accepted_source_zone_overlap
me_land_0507,WILD,0.7291819,0.8622374,me_khand_region,10,,no,deliberately unclaimed,wild_unclaimed
me_land_0508,WILD,0.4080586,0.1924768,me_north_arnor_region,1,,no,deliberately unclaimed,wild_unclaimed
me_land_0509,UMB,0.5799756,0.8793356,me_near_harad_region,9,0.1515216,no,Umbar coast and corsair hinterland,accepted_source_side_envelope
me_land_0510,LOR,0.5086691,0.3702980,me_anduin_vale_region,1,0.0256247,no,Arda Maps Golden Wood / Naith physical polygon; Naith between Misty foothills and Anduin; Lothlórien's Naith east of the Misty crest and west of Anduin,accepted_source_zone_overlap
me_land_0511,ROH,0.4715507,0.4978017,me_rohan_region,1,0.0676740,no,"The Mark between Isen, Anduin, and White Mountains",accepted_source_side_envelope
me_land_0512,GON,0.4019536,0.6194431,me_belfalas_region,1,0.3525230,no,Gondor fiefs from Anfalas to the Anduin,accepted_source_side_envelope
me_land_0513,LOS,0.3006105,0.1084514,me_forochel_region,5,0.0930633,no,Lossoth settlements around the Icebay,accepted_source_side_envelope
me_land_0514,RIV,0.4786325,0.2261847,me_north_arnor_region,1,0.0300054,no,Imladris hidden valley and immediate refuge,accepted_source_side_envelope
me_land_0515,WILD,0.8336996,0.5901319,me_mordor_region,9,,no,deliberately unclaimed,wild_unclaimed
me_land_0516,RHU,0.7125763,0.2799218,me_rhun_region,9,0.1186812,no,western Rhûn polity north and east of Dorwinion,accepted_frontier_polygon
me_land_0517,WILD,0.7284493,0.0449438,me_northern_wastes_region,5,,no,deliberately unclaimed,wild_forodwaith
me_land_0518,WILD,0.7540904,0.1191988,me_northern_wastes_region,1,,no,deliberately unclaimed,wild_forodwaith
me_land_0519,LIN,0.2363858,0.2149487,me_lindon_region,1,0.1459774,no,Lindon west of the Blue Mountains,accepted_source_side_envelope
me_land_0520,RH3,0.7951160,0.2178798,me_rhun_region,9,0.0528823,no,northeastern Rhûn confederation beyond the Iron Hills,accepted_frontier_polygon
me_land_0521,WILD,0.3228327,0.3072789,me_enedwaith_region,1,,no,deliberately unclaimed,wild_unclaimed
me_land_0522,WILD,0.4551893,0.3727406,me_enedwaith_region,1,,no,deliberately unclaimed,wild_unclaimed
me_land_0523,WILD,0.5452991,0.0141671,me_northern_wastes_region,5,,no,deliberately unclaimed,wild_forodwaith
me_land_0524,SHI,0.3692308,0.2237421,me_shire_breeland_region,1,0.0463037,no,Shire bounds west of the Brandywine,accepted_source_side_envelope
me_land_0525,SHI,0.3479853,0.2618466,me_shire_breeland_region,1,0.0328377,no,Shire bounds west of the Brandywine,accepted_source_side_envelope
me_land_0526,WILD,0.7877900,0.0517831,me_northern_wastes_region,1,,no,deliberately unclaimed,wild_forodwaith
me_land_0527,WILD,0.7035409,0.7156815,me_mordor_region,8,,no,deliberately unclaimed,wild_unclaimed
me_land_0528,BEO,0.5504274,0.2022472,me_mirkwood_region,3,0.0390827,no,Beorning crossings and upper Anduin vales,accepted_source_side_envelope
me_land_0529,WILD,0.6102564,0.6863703,me_ithilien_region,1,,no,deliberately unclaimed,wild_ithilien
me_land_0530,MOR,0.6236874,0.5354177,me_mordor_region,1,0.0557671,no,Mordor inside the source-reviewed Ered Lithui and Ephel Duath enclosure,accepted_frontier_polygon
me_land_0531,WILD,0.7880342,0.6262824,me_mordor_region,9,,no,deliberately unclaimed,wild_unclaimed
me_land_0532,WILD,0.7531136,0.6453346,me_mordor_region,9,,no,deliberately unclaimed,wild_unclaimed
me_land_0533,WOO,0.5858364,0.1602345,me_dale_region,3,0.0074000,no,Arda Maps Mirkwood polygon: northern/eastern Woodland Realm; Thranduil's northern and eastern Mirkwood; Woodland Realm in northern and northeastern Mirkwood,accepted_source_zone_overlap
me_land_0534,WILD,0.8083028,0.7039570,me_mordor_region,9,,no,deliberately unclaimed,wild_unclaimed
me_land_0535,HNE,0.5838828,0.7904250,me_near_harad_region,9,0.1100067,no,Harnendor between the Poros approaches and the Harnen,accepted_frontier_polygon
me_land_0536,ROH,0.5438339,0.4880313,me_rohan_region,1,0.1034001,no,"The Mark between Isen, Anduin, and White Mountains",accepted_source_side_envelope
me_land_0537,ROH,0.4642247,0.5134343,me_rohan_region,1,0.0732192,no,"The Mark between Isen, Anduin, and White Mountains",accepted_source_side_envelope
me_land_0538,KHA,0.7250305,0.7708842,me_khand_region,9,0.0684799,no,"Khand east and southeast of Mordor, excluding Far Harad",accepted_frontier_polygon
me_land_0539,MOR,0.6620269,0.5261358,me_mordor_region,9,0.0594709,no,Mordor inside the source-reviewed Ered Lithui and Ephel Duath enclosure,accepted_frontier_polygon
me_land_0540,WILD,0.7931624,0.5070835,me_rhun_region,9,,no,deliberately unclaimed,wild_unclaimed
me_land_0541,WILD,0.4126984,0.2471910,me_north_arnor_region,1,,no,deliberately unclaimed,wild_unclaimed
me_land_0542,RHU,0.7675214,0.1973620,me_rhun_region,1,0.0528709,no,western Rhûn polity north and east of Dorwinion,accepted_frontier_polygon
me_land_0543,WILD,0.6070818,0.6297020,me_ithilien_region,1,,no,deliberately unclaimed,wild_ithilien
me_land_0544,MOR,0.7140415,0.5344406,me_mordor_region,1,0.1453294,no,Mordor inside the source-reviewed Ered Lithui and Ephel Duath enclosure,accepted_frontier_polygon
me_land_0545,WILD,0.3755800,0.1914998,me_north_arnor_region,1,,no,deliberately unclaimed,wild_unclaimed
me_land_0546,WILD,0.5968254,0.6770884,me_ithilien_region,1,,no,deliberately unclaimed,wild_ithilien
me_land_0547,RAN,0.4676435,0.2818759,me_north_arnor_region,1,0.0189080,no,The Angle and immediate Ranger refuge,accepted_source_side_envelope
me_land_0548,GON,0.5286935,0.6472887,me_lebennin_region,1,0.1052918,no,Gondor fiefs from Anfalas to the Anduin,accepted_source_side_envelope
me_land_0549,WILD,0.3487179,0.1577919,me_north_arnor_region,1,,no,deliberately unclaimed,wild_unclaimed
me_land_0550,FAN,0.5006105,0.4342941,me_rohan_region,3,0.0358602,no,Arda Maps Fangorn physical woodland polygon; Fangorn source forest and Entwash headwaters,accepted_source_zone_overlap
me_land_0551,GUN,0.5304029,0.1240840,me_grey_mountains_region,1,0.0601284,no,Gundabad and the northern mountain junction,accepted_source_side_envelope
me_land_0552,FAN,0.5042735,0.4396678,me_rohan_region,3,0.0394345,no,Arda Maps Fangorn physical woodland polygon; Fangorn source forest and Entwash headwaters,accepted_source_zone_overlap
me_land_0553,WILD,0.3709402,0.2022472,me_north_arnor_region,1,,no,deliberately unclaimed,wild_unclaimed
me_land_0554,MOR,0.6327228,0.5769419,me_mordor_region,1,0.0229166,no,Mordor inside the source-reviewed Ered Lithui and Ephel Duath enclosure,accepted_frontier_polygon
me_land_0555,WILD,0.4617827,0.0977040,me_angmar_region,5,,no,deliberately unclaimed,wild_unclaimed
me_land_0556,ROH,0.4571429,0.5471422,me_rohan_region,1,0.0834969,no,"The Mark between Isen, Anduin, and White Mountains",accepted_source_side_envelope
me_land_0557,IRO,0.6522589,0.1602345,me_rhun_region,1,0.0444679,no,Iron Hills source label and adjacent holds,accepted_source_side_envelope
me_land_0558,ANG,0.4456654,0.1470445,me_north_arnor_region,1,0.0050971,no,compact Mount Gram remnant with Carn Dum retained only as a forced fastness,accepted_frontier_polygon
me_land_0559,WILD,0.4739927,0.1827064,me_north_arnor_region,1,,no,deliberately unclaimed,wild_unclaimed
me_land_0560,DOR,0.7184371,0.3458720,me_rhun_region,1,0.0677708,no,Dorwinion around the northwest Sea of Rhûn,accepted_source_side_envelope
me_land_0561,GON,0.4009768,0.5896434,me_belfalas_region,1,0.3550433,no,Gondor fiefs from Anfalas to the Anduin,accepted_source_side_envelope
me_land_0562,RH2,0.7738706,0.3517342,me_rhun_region,9,0.0522876,no,southeastern Rhûn wain-kingdom beyond the Sea of Rhûn,accepted_frontier_polygon
me_land_0563,WILD,0.6019536,0.2926234,me_mirkwood_region,1,,no,deliberately unclaimed,wild_unclaimed
me_land_0564,WILD,0.7584860,0.9931607,me_far_harad_region,10,,no,deliberately unclaimed,wild_unclaimed
me_land_0565,WILD,0.7684982,0.9008305,me_near_harad_region,10,,no,deliberately unclaimed,wild_unclaimed
me_land_0566,UMB,0.5814408,0.8392770,me_near_harad_region,9,0.1729427,no,Umbar coast and corsair hinterland,accepted_source_side_envelope
me_land_0567,MOR,0.6727717,0.5696141,me_mordor_region,8,0.0575714,no,Mordor inside the source-reviewed Ered Lithui and Ephel Duath enclosure,accepted_frontier_polygon
me_land_0568,RH2,0.7313797,0.3287738,me_rhun_region,1,0.1388723,no,southeastern Rhûn wain-kingdom beyond the Sea of Rhûn,accepted_frontier_polygon
me_land_0569,WILD,0.7482295,0.9394235,me_far_harad_region,10,,no,deliberately unclaimed,wild_unclaimed
me_land_0570,ANG,0.4363858,0.1284807,me_north_arnor_region,1,0.0285034,no,compact Mount Gram remnant with Carn Dum retained only as a forced fastness,accepted_frontier_polygon
me_land_0571,LIN,0.2344322,0.1739130,me_lindon_region,1,0.1583291,no,Lindon west of the Blue Mountains,accepted_source_side_envelope
me_land_0572,DAL,0.6078144,0.1382511,me_dale_region,1,0.0160495,no,Dale and the upper Celduin plain,accepted_source_side_envelope
me_land_0573,GON,0.5572650,0.6121153,me_anorien_region,1,0.0418141,no,Gondor fiefs from Anfalas to the Anduin,accepted_source_side_envelope
me_land_0574,WILD,0.7755800,0.6204201,me_mordor_region,9,,no,deliberately unclaimed,wild_unclaimed
me_land_0575,WILD,0.5980464,0.2940889,me_mirkwood_region,1,,no,deliberately unclaimed,wild_unclaimed
me_land_0576,UMB,0.5365079,0.9189057,me_umbar_region,9,0.0562802,no,Umbar coast and corsair hinterland,accepted_source_side_envelope
me_land_0577,WILD,0.3758242,0.4748412,me_enedwaith_region,1,,no,deliberately unclaimed,wild_enedwaith
me_land_0578,GON,0.6239316,0.7484123,me_south_gondor_region,9,0.1648579,no,Gondor fiefs from Anfalas to the Anduin,accepted_source_side_envelope
me_land_0579,LOR,0.5245421,0.3727406,me_anduin_vale_region,1,0.0194857,no,Arda Maps Golden Wood / Naith physical polygon; Naith between Misty foothills and Anduin; Lothlórien's Naith east of the Misty crest and west of Anduin,accepted_source_zone_overlap
me_land_0580,WILD,0.8131868,0.6980948,me_mordor_region,9,,no,deliberately unclaimed,wild_unclaimed
me_land_0581,WILD,0.6205128,0.2877382,me_mirkwood_region,9,,no,deliberately unclaimed,wild_unclaimed
me_land_0582,WILD,0.7973138,0.5197851,me_rhun_region,9,,no,deliberately unclaimed,wild_unclaimed
me_land_0583,BEO,0.5277167,0.1685393,me_anduin_vale_region,1,0.0250713,no,Beorning crossings and upper Anduin vales,accepted_source_side_envelope
me_land_0584,WILD,0.3658120,0.2833415,me_shire_breeland_region,1,,no,deliberately unclaimed,wild_buffer
me_land_0585,GON,0.5916972,0.7537860,me_south_gondor_region,1,0.1450364,no,Gondor fiefs from Anfalas to the Anduin,accepted_source_side_envelope
me_land_0586,WILD,0.7167277,0.4479726,me_rhun_region,9,,no,deliberately unclaimed,wild_unclaimed
me_land_0587,ROH,0.5340659,0.5251588,me_rohan_region,1,0.0720283,no,"The Mark between Isen, Anduin, and White Mountains",accepted_source_side_envelope
me_land_0588,WILD,0.8212454,0.6775769,me_mordor_region,9,,no,deliberately unclaimed,wild_unclaimed
me_land_0589,RHU,0.7733822,0.1612115,me_rhun_region,1,0.0890458,no,western Rhûn polity north and east of Dorwinion,accepted_frontier_polygon
me_land_0590,MOR,0.6161172,0.5310210,me_mordor_region,1,0.0701912,no,Mordor inside the source-reviewed Ered Lithui and Ephel Duath enclosure,accepted_frontier_polygon
me_land_0591,BRE,0.4024420,0.2755252,me_shire_breeland_region,1,0.0435419,no,Bree-land's four-village crossroads,accepted_source_side_envelope
me_land_0592,KHA,0.7355311,0.7542745,me_khand_region,9,0.0423732,no,"Khand east and southeast of Mordor, excluding Far Harad",accepted_frontier_polygon
me_land_0593,WILD,0.8383394,0.4577430,me_rhun_region,9,,no,deliberately unclaimed,wild_unclaimed
me_land_0594,WILD,0.7575092,0.5373718,me_mordor_region,9,,no,deliberately unclaimed,wild_unclaimed
me_land_0595,DOR,0.7045177,0.4093796,me_rhun_region,1,0.0704161,no,Dorwinion around the northwest Sea of Rhûn,accepted_source_side_envelope
me_land_0596,GON,0.6268620,0.7024915,me_south_gondor_region,9,0.1334206,no,Gondor fiefs from Anfalas to the Anduin,accepted_source_side_envelope
me_land_0597,WILD,0.3689866,0.2989741,me_enedwaith_region,1,,no,deliberately unclaimed,wild_unclaimed
me_land_0598,WILD,0.4109890,0.2105520,me_north_arnor_region,1,,no,deliberately unclaimed,wild_unclaimed
me_land_0599,GON,0.4466422,0.5788959,me_belfalas_region,1,0.2650394,no,Gondor fiefs from Anfalas to the Anduin,accepted_source_side_envelope
me_land_0600,LIN,0.3091575,0.2628236,me_lindon_region,1,0.0366386,no,Lindon west of the Blue Mountains,accepted_source_side_envelope
me_land_0601,ROH,0.4942613,0.5178310,me_rohan_region,1,0.0222845,no,"The Mark between Isen, Anduin, and White Mountains",accepted_source_side_envelope
me_land_0602,WILD,0.4058608,0.2975085,me_north_arnor_region,1,,no,deliberately unclaimed,wild_unclaimed
me_land_0603,GON,0.4603175,0.6204201,me_belfalas_region,1,0.2358776,no,Gondor fiefs from Anfalas to the Anduin,accepted_source_side_envelope
me_land_0604,WILD,0.7157509,0.6824621,me_mordor_region,8,,no,deliberately unclaimed,wild_unclaimed
me_land_0605,WILD,0.6984127,0.9985344,me_far_harad_region,10,,no,deliberately unclaimed,wild_unclaimed
me_land_0606,DOR,0.6930403,0.3966781,me_rhun_region,1,0.0484368,no,Dorwinion around the northwest Sea of Rhûn,accepted_source_side_envelope
me_land_0607,KHA,0.7443223,0.7743039,me_khand_region,9,0.0419378,no,"Khand east and southeast of Mordor, excluding Far Harad",accepted_frontier_polygon
me_land_0608,LIN,0.3020757,0.2447484,me_lindon_region,1,0.0233503,no,Lindon west of the Blue Mountains,accepted_source_side_envelope
me_land_0609,BEO,0.5462759,0.1924768,me_mirkwood_region,3,0.0295279,no,Beorning crossings and upper Anduin vales,accepted_source_side_envelope
me_land_0610,RH2,0.7970696,0.2965315,me_rhun_region,9,0.0537887,no,southeastern Rhûn wain-kingdom beyond the Sea of Rhûn,accepted_frontier_polygon
me_land_0611,WILD,0.7738706,0.0801172,me_northern_wastes_region,1,,no,deliberately unclaimed,wild_forodwaith
me_land_0612,KHA,0.7313797,0.8060576,me_khand_region,10,0.0827034,no,"Khand east and southeast of Mordor, excluding Far Harad",accepted_frontier_polygon
me_land_0613,BLU,0.2905983,0.1944309,me_lindon_region,1,0.0169997,no,Surviving Ered Luin halls,accepted_source_side_envelope
me_land_0614,HRA,0.6588523,0.8778701,me_near_harad_region,10,0.0332406,no,"Qarsad's inland Near Harad sphere, separated from Harnendor and Khand",accepted_frontier_polygon
me_land_0615,WILD,0.8344322,0.8099658,me_khand_region,10,,no,deliberately unclaimed,wild_unclaimed
me_land_0616,GON,0.5763126,0.6868588,me_south_gondor_region,1,0.0756539,no,Gondor fiefs from Anfalas to the Anduin,accepted_source_side_envelope
me_land_0617,LIN,0.2913309,0.3463605,me_lindon_region,1,0.1253530,no,Lindon west of the Blue Mountains,accepted_source_side_envelope
me_land_0618,MOR,0.6297924,0.6424035,me_mordor_region,1,0.0745622,no,Mordor inside the source-reviewed Ered Lithui and Ephel Duath enclosure,accepted_frontier_polygon
me_land_0619,WILD,0.3184371,0.1690278,me_north_arnor_region,1,,no,deliberately unclaimed,wild_unclaimed
me_land_0620,MOR,0.7037851,0.5588666,me_mordor_region,8,0.1203604,no,Mordor inside the source-reviewed Ered Lithui and Ephel Duath enclosure,accepted_frontier_polygon
me_land_0621,IRO,0.6617827,0.1475330,me_rhun_region,1,0.0272435,no,Iron Hills source label and adjacent holds,accepted_source_side_envelope
me_land_0622,BEO,0.5223443,0.1787982,me_anduin_vale_region,1,0.0228499,no,Beorning crossings and upper Anduin vales,accepted_source_side_envelope
me_land_0623,MOR,0.6874237,0.5911089,me_mordor_region,1,0.0885105,no,Mordor inside the source-reviewed Ered Lithui and Ephel Duath enclosure,accepted_frontier_polygon
me_land_0624,DUN,0.4378510,0.4059599,me_enedwaith_region,1,0.0609795,no,"Dunland lowlands west of Isen and the Gap, south of Glanduin",accepted_frontier_polygon
me_land_0625,GON,0.5692308,0.6946751,me_lebennin_region,1,0.0852735,no,Gondor fiefs from Anfalas to the Anduin,accepted_source_side_envelope
me_land_0626,RIV,0.4808303,0.2129946,me_north_arnor_region,1,0.0271685,no,Imladris hidden valley and immediate refuge,accepted_source_side_envelope
me_land_0627,GON,0.3750916,0.6360528,me_belfalas_region,1,0.4069067,no,Gondor fiefs from Anfalas to the Anduin,accepted_source_side_envelope
me_land_0628,KHA,0.6976801,0.7728383,me_khand_region,9,0.1200382,no,"Khand east and southeast of Mordor, excluding Far Harad",accepted_frontier_polygon
me_land_0629,GON,0.4105006,0.6301905,me_belfalas_region,1,0.3358667,no,Gondor fiefs from Anfalas to the Anduin,accepted_source_side_envelope
me_land_0630,DAM,0.4847375,0.6458232,me_belfalas_region,1,0.0284097,no,Dol Amroth and Belfalas peninsula,accepted_source_side_envelope
me_land_0631,UMB,0.5555556,0.7713727,me_near_harad_region,9,0.1882085,no,Umbar coast and corsair hinterland,accepted_source_side_envelope
me_land_0632,WILD,0.8139194,0.6013679,me_mordor_region,9,,no,deliberately unclaimed,wild_unclaimed
me_land_0633,WILD,0.6385836,0.4088911,me_brown_lands_region,9,,no,deliberately unclaimed,wild_unclaimed
me_land_0634,WILD,0.7279609,0.5823156,me_mordor_region,8,,no,deliberately unclaimed,wild_unclaimed
me_land_0635,BRE,0.3894994,0.2134831,me_shire_breeland_region,1,0.0321374,no,Bree-land's four-village crossroads,accepted_source_side_envelope
me_land_0636,WILD,0.5323565,0.3082560,me_anduin_vale_region,1,,no,deliberately unclaimed,wild_unclaimed
me_land_0637,BEO,0.5164835,0.2369321,me_anduin_vale_region,1,0.0536982,no,Beorning crossings and upper Anduin vales,accepted_source_side_envelope
me_land_0638,LOS,0.3543346,0.1172447,me_forochel_region,1,0.0574623,no,Lossoth settlements around the Icebay,accepted_source_side_envelope
me_land_0639,SHI,0.3545788,0.2383977,me_shire_breeland_region,1,0.0190480,no,Shire bounds west of the Brandywine,accepted_source_side_envelope
me_land_0640,WILD,0.7037851,0.5148999,me_rhun_region,9,,no,deliberately unclaimed,wild_unclaimed
me_land_0641,GON,0.4229548,0.6287250,me_belfalas_region,1,0.3109152,no,Gondor fiefs from Anfalas to the Anduin,accepted_source_side_envelope
me_land_0642,GON,0.5091575,0.5798730,me_belfalas_region,1,0.1415528,no,occupied-route: Tarlang's Neck is the Gondorian route between Lamedon and the City.,accepted_required_frontier_owner
me_land_0643,IRO,0.6661783,0.1436248,me_rhun_region,1,0.0216213,no,Iron Hills source label and adjacent holds,accepted_source_side_envelope
me_land_0644,WILD,0.5091575,0.3175379,me_anduin_vale_region,1,,no,deliberately unclaimed,wild_unclaimed
me_land_0645,MOR,0.6520147,0.7161700,me_mordor_region,8,0.1435451,no,Mordor inside the source-reviewed Ered Lithui and Ephel Duath enclosure,accepted_frontier_polygon
me_land_0646,IRO,0.6515263,0.1787982,me_rhun_region,1,0.0505394,no,Iron Hills source label and adjacent holds,accepted_source_side_envelope
me_land_0647,WILD,0.5941392,0.3190034,me_mirkwood_region,3,,no,deliberately unclaimed,wild_unclaimed
me_land_0648,WILD,0.7641026,0.6023449,me_mordor_region,9,,no,deliberately unclaimed,wild_unclaimed
me_land_0649,WILD,0.7641026,0.9604299,me_far_harad_region,10,,no,deliberately unclaimed,wild_unclaimed
me_land_0650,ROH,0.5575092,0.4860772,me_rohan_region,1,0.1287725,no,"The Mark between Isen, Anduin, and White Mountains",accepted_source_side_envelope
me_land_0651,BEO,0.5404151,0.2134831,me_anduin_vale_region,1,0.0275705,no,Beorning crossings and upper Anduin vales,accepted_source_side_envelope
me_land_0652,LIN,0.3133089,0.2828530,me_lindon_region,1,0.0572728,no,Lindon west of the Blue Mountains,accepted_source_side_envelope
me_land_0653,WILD,0.4139194,0.3961895,me_enedwaith_region,1,,no,deliberately unclaimed,wild_enedwaith
me_land_0654,WILD,0.8202686,0.5740107,me_mordor_region,9,,no,deliberately unclaimed,wild_unclaimed
me_land_0655,WILD,0.5829060,0.4416219,me_brown_lands_region,9,,no,deliberately unclaimed,wild_unclaimed
me_land_0656,ROH,0.4993895,0.5134343,me_rohan_region,1,0.0249168,no,"The Mark between Isen, Anduin, and White Mountains",accepted_source_side_envelope
me_land_0657,GON,0.5328449,0.6668295,me_lebennin_region,1,0.1063047,no,Gondor fiefs from Anfalas to the Anduin,accepted_source_side_envelope
me_land_0658,HRA,0.6539683,0.9228139,me_far_harad_region,10,0.0675177,no,"Qarsad's inland Near Harad sphere, separated from Harnendor and Khand",accepted_frontier_polygon
me_land_0659,GON,0.4791209,0.5705911,me_belfalas_region,1,0.2022331,no,Gondor fiefs from Anfalas to the Anduin,accepted_source_side_envelope
me_land_0660,WOO,0.5755800,0.1724475,me_dale_region,3,0.0196590,no,Arda Maps Mirkwood polygon: northern/eastern Woodland Realm; Thranduil's northern and eastern Mirkwood; Woodland Realm in northern and northeastern Mirkwood,accepted_source_zone_overlap
me_land_0661,IRO,0.6695971,0.1758671,me_rhun_region,1,0.0207395,no,Iron Hills source label and adjacent holds,accepted_source_side_envelope
me_land_0662,GON,0.6695971,0.7523205,me_south_gondor_region,9,0.2309221,no,Gondor fiefs from Anfalas to the Anduin,accepted_source_side_envelope
me_land_0663,MOR,0.6556777,0.6873473,me_mordor_region,8,0.1161866,no,Mordor inside the source-reviewed Ered Lithui and Ephel Duath enclosure,accepted_frontier_polygon
me_land_0664,HRA,0.6444444,0.9506595,me_far_harad_region,10,0.1011955,no,"Qarsad's inland Near Harad sphere, separated from Harnendor and Khand",accepted_frontier_polygon
me_land_0665,WILD,0.6163614,0.6722032,me_ithilien_region,1,,no,deliberately unclaimed,wild_ithilien
me_land_0666,WILD,0.3877900,0.2002931,me_north_arnor_region,1,,no,deliberately unclaimed,wild_unclaimed
me_land_0667,UMB,0.5186813,0.8959453,me_umbar_region,9,0.0436361,no,Umbar coast and corsair hinterland,accepted_source_side_envelope
me_land_0668,WILD,0.3577534,0.3317049,me_enedwaith_region,1,,no,deliberately unclaimed,wild_unclaimed
me_land_0669,WILD,0.5726496,0.4504152,me_brown_lands_region,9,,no,deliberately unclaimed,wild_unclaimed
me_land_0670,WILD,0.3787546,0.4069370,me_enedwaith_region,1,,no,deliberately unclaimed,wild_enedwaith
me_land_0671,LOS,0.3286935,0.1030777,me_forochel_region,5,0.0459399,no,Lossoth settlements around the Icebay,accepted_source_side_envelope
me_land_0672,HFA,0.5626374,0.9638495,me_far_harad_region,10,0.0455924,no,represented northern fringe of Far Harad,accepted_frontier_polygon
me_land_0673,KHA,0.7890110,0.7259404,me_khand_region,9,0.0688043,no,"Khand east and southeast of Mordor, excluding Far Harad",accepted_frontier_polygon
me_land_0674,WILD,0.7799756,0.0517831,me_northern_wastes_region,1,,no,deliberately unclaimed,wild_forodwaith
me_land_0675,MOR,0.6747253,0.6756229,me_mordor_region,8,0.1191228,no,Mordor inside the source-reviewed Ered Lithui and Ephel Duath enclosure,accepted_frontier_polygon
me_land_0676,ROH,0.5330891,0.5578896,me_rohan_region,1,0.0715942,no,"The Mark between Isen, Anduin, and White Mountains",accepted_source_side_envelope
me_land_0677,WILD,0.6742369,0.2608696,me_rhun_region,1,,no,deliberately unclaimed,wild_unclaimed
me_land_0678,DAL,0.6293040,0.2081094,me_dale_region,1,0.0808270,no,Dale and the upper Celduin plain,accepted_source_side_envelope
me_land_0679,MOR,0.6109890,0.5837811,me_ithilien_region,8,0.0669188,yes,occupied-fortress: Cirith Ungol is a Mordor garrison fortress.,accepted_required_frontier_owner
me_land_0680,LIN,0.2500611,0.1475330,me_lindon_region,1,0.1419716,no,Lindon west of the Blue Mountains,accepted_source_side_envelope
me_land_0681,WILD,0.8046398,0.1050318,me_northern_wastes_region,1,,no,deliberately unclaimed,wild_forodwaith
me_land_0682,WILD,0.5018315,0.2735711,me_anduin_vale_region,1,,no,deliberately unclaimed,wild_buffer
me_land_0683,LIN,0.2630037,0.1690278,me_lindon_region,1,0.1085718,no,Lindon west of the Blue Mountains,accepted_source_side_envelope
me_land_0684,DOR,0.6551893,0.3536883,me_rhun_region,9,0.0589885,no,Dorwinion around the northwest Sea of Rhûn,accepted_source_side_envelope
me_land_0685,WILD,0.5645910,0.0288227,me_northern_wastes_region,5,,no,deliberately unclaimed,wild_forodwaith
me_land_0686,GON,0.5965812,0.5691255,me_ithilien_region,1,0.0559869,yes,occupied-refuge: Henneth Annûn is an occupied Gondorian ranger refuge at the start date.,accepted_required_frontier_owner
me_land_0687,WILD,0.5746032,0.5466536,me_brown_lands_region,6,,no,deliberately unclaimed,wild_brown_lands
me_land_0688,GON,0.5286935,0.5935515,me_anorien_region,1,0.1005274,no,Gondor fiefs from Anfalas to the Anduin,accepted_source_side_envelope
me_land_0689,GON,0.5025641,0.5740107,me_belfalas_region,1,0.1557369,no,Gondor fiefs from Anfalas to the Anduin,accepted_source_side_envelope
me_land_0690,WILD,0.6642247,0.4904739,me_rhun_region,9,,no,deliberately unclaimed,wild_unclaimed
me_land_0691,WILD,0.4158730,0.4826575,me_enedwaith_region,1,,no,deliberately unclaimed,wild_enedwaith
me_land_0692,BEO,0.5321123,0.2100635,me_anduin_vale_region,1,0.0176703,no,Beorning crossings and upper Anduin vales,accepted_source_side_envelope
me_land_0693,GON,0.5387057,0.6472887,me_lebennin_region,1,0.0867442,no,Gondor fiefs from Anfalas to the Anduin,accepted_source_side_envelope
me_land_0694,LIN,0.2275946,0.1416707,me_lindon_region,1,0.1837199,no,Lindon west of the Blue Mountains,accepted_source_side_envelope
me_land_0695,WILD,0.6940171,0.1123596,me_northern_wastes_region,5,,no,deliberately unclaimed,wild_forodwaith
me_land_0696,GON,0.5777778,0.6228627,me_anorien_region,1,0.0115930,no,Gondor fiefs from Anfalas to the Anduin,accepted_source_side_envelope
me_land_0697,DOL,0.5560440,0.3429409,me_mirkwood_region,3,0.0088402,no,Arda Maps Mirkwood polygon: southern Dol Guldur shadow; Dol Guldur's southern Mirkwood shadow; Dol Guldur's southern Mirkwood shadow,accepted_source_zone_overlap
me_land_0698,WILD,0.4732601,0.1631656,me_north_arnor_region,1,,no,deliberately unclaimed,wild_unclaimed
me_land_0699,WILD,0.4087912,0.2042013,me_north_arnor_region,1,,no,deliberately unclaimed,wild_unclaimed
me_land_0700,WILD,0.3159951,0.3009282,me_enedwaith_region,1,,no,deliberately unclaimed,wild_unclaimed
me_land_0701,WILD,0.6930403,0.4338056,me_rhun_region,9,,no,deliberately unclaimed,wild_buffer
me_land_0702,WILD,0.7799756,0.6238398,me_mordor_region,9,,no,deliberately unclaimed,wild_unclaimed
me_land_0703,WILD,0.6361416,0.3834880,me_brown_lands_region,9,,no,deliberately unclaimed,wild_unclaimed
me_land_0704,DOL,0.5941392,0.3634587,me_mirkwood_region,1,0.0769439,no,Arda Maps Mirkwood polygon: southern Dol Guldur shadow; Dol Guldur's southern Mirkwood shadow; Dol Guldur's southern Mirkwood shadow,accepted_source_zone_overlap
me_land_0705,WILD,0.8266178,0.9511480,me_far_harad_region,10,,no,deliberately unclaimed,wild_unclaimed
me_land_0706,WILD,0.3514042,0.2823644,me_shire_breeland_region,1,,no,deliberately unclaimed,wild_buffer
me_land_0707,ERE,0.6048840,0.1294577,me_dale_region,1,0.0131883,no,Lonely Mountain and its immediate source-centred approaches,accepted_frontier_polygon
me_land_0708,RH3,0.8102564,0.2247191,me_rhun_region,9,0.0314767,no,northeastern Rhûn confederation beyond the Iron Hills,accepted_frontier_polygon
me_land_0709,WILD,0.7858364,0.5637518,me_mordor_region,9,,no,deliberately unclaimed,wild_unclaimed
me_land_0710,UMB,0.5372405,0.8886175,me_umbar_region,9,0.0725221,no,Umbar coast and corsair hinterland,accepted_source_side_envelope
me_land_0711,RH3,0.8058608,0.2491451,me_rhun_region,9,0.0567002,no,northeastern Rhûn confederation beyond the Iron Hills,accepted_frontier_polygon
me_land_0712,WILD,0.5604396,0.0468979,me_northern_wastes_region,5,,no,deliberately unclaimed,wild_forodwaith
me_land_0713,WILD,0.7286935,0.6072301,me_mordor_region,8,,no,deliberately unclaimed,wild_unclaimed
me_land_0714,WILD,0.3899878,0.1695164,me_north_arnor_region,1,,no,deliberately unclaimed,wild_unclaimed
me_land_0715,WDM,0.5680098,0.2916463,me_mirkwood_region,3,0.0146374,no,Arda Maps Mirkwood polygon: western Woodmen settlements; Woodmen settlements in western Mirkwood; Woodmen clearings along western and central Mirkwood,accepted_source_zone_overlap
me_land_0716,RH3,0.7914530,0.1748901,me_rhun_region,1,0.0623717,no,northeastern Rhûn confederation beyond the Iron Hills,accepted_frontier_polygon
me_land_0717,GOB,0.5106227,0.2071324,me_anduin_vale_region,1,0.0156091,no,Goblin-town and High Pass under the Misty Mountains,accepted_source_side_envelope
me_land_0718,HRA,0.7338217,0.9120664,me_far_harad_region,10,0.1249383,no,"Qarsad's inland Near Harad sphere, separated from Harnendor and Khand",accepted_frontier_polygon
me_land_0719,BEO,0.5323565,0.2300928,me_anduin_vale_region,1,0.0376967,no,Beorning crossings and upper Anduin vales,accepted_source_side_envelope
me_land_0720,WOO,0.5853480,0.1514411,me_dale_region,3,0.0090279,no,Arda Maps Mirkwood polygon: northern/eastern Woodland Realm; Thranduil's northern and eastern Mirkwood; Woodland Realm in northern and northeastern Mirkwood,accepted_source_zone_overlap
me_land_0721,RH3,0.8073260,0.1260381,me_rhun_region,1,0.0781849,no,northeastern Rhûn confederation beyond the Iron Hills,accepted_frontier_polygon
me_land_0722,RHU,0.7250305,0.2227650,me_rhun_region,1,0.0939721,no,western Rhûn polity north and east of Dorwinion,accepted_frontier_polygon
me_land_0723,WILD,0.8285714,0.5984367,me_mordor_region,9,,no,deliberately unclaimed,wild_unclaimed
me_land_0724,WILD,0.3663004,0.1372741,me_north_arnor_region,1,,no,deliberately unclaimed,wild_unclaimed
me_land_0725,MOR,0.6735043,0.6575476,me_mordor_region,8,0.1026251,no,Mordor inside the source-reviewed Ered Lithui and Ephel Duath enclosure,accepted_frontier_polygon
me_land_0726,GON,0.5157509,0.6116268,me_belfalas_region,1,0.1248346,no,Gondor fiefs from Anfalas to the Anduin,accepted_source_side_envelope
me_land_0727,GUN,0.5186813,0.1421593,me_grey_mountains_region,1,0.0513944,no,Gundabad and the northern mountain junction,accepted_source_side_envelope
me_land_0728,WILD,0.4774115,0.1582804,me_north_arnor_region,1,,no,deliberately unclaimed,wild_unclaimed
me_land_0729,WILD,0.6547009,0.0278456,me_northern_wastes_region,5,,no,deliberately unclaimed,wild_forodwaith
me_land_0730,MOR,0.6378510,0.5324866,me_mordor_region,9,0.0428580,no,Mordor inside the source-reviewed Ered Lithui and Ephel Duath enclosure,accepted_frontier_polygon
me_land_0731,MOR,0.6981685,0.6301905,me_mordor_region,8,0.1221759,no,Mordor inside the source-reviewed Ered Lithui and Ephel Duath enclosure,accepted_frontier_polygon
me_land_0732,WILD,0.7675214,0.5031754,me_rhun_region,9,,no,deliberately unclaimed,wild_unclaimed
me_land_0733,WILD,0.3311355,0.3361016,me_enedwaith_region,1,,no,deliberately unclaimed,wild_unclaimed
me_land_0734,DAL,0.6061050,0.1553493,me_dale_region,1,0.0107630,no,Dale and the upper Celduin plain,accepted_source_side_envelope
me_land_0735,HFA,0.6039072,0.9628725,me_far_harad_region,10,0.0386252,no,represented northern fringe of Far Harad,accepted_frontier_polygon
me_land_0736,GON,0.6034188,0.7454812,me_south_gondor_region,9,0.1433739,no,Gondor fiefs from Anfalas to the Anduin,accepted_source_side_envelope
me_land_0737,GON,0.5880342,0.6008793,me_ithilien_region,1,0.0223131,no,occupied-claim: Mindolluin rises directly behind Minas Tirith and belongs to Gondor.,accepted_required_frontier_owner
me_land_0738,RHU,0.7770452,0.2017587,me_rhun_region,9,0.0502570,no,western Rhûn polity north and east of Dorwinion,accepted_frontier_polygon
me_land_0739,UMB,0.5557998,0.9193942,me_umbar_region,9,0.0937340,no,Umbar coast and corsair hinterland,accepted_source_side_envelope
me_land_0740,DAL,0.6109890,0.1480215,me_dale_region,1,0.0183922,no,Dale and the upper Celduin plain,accepted_source_side_envelope
me_land_0741,MOR,0.6620269,0.5393258,me_mordor_region,1,0.0496085,no,Mordor inside the source-reviewed Ered Lithui and Ephel Duath enclosure,accepted_frontier_polygon
me_land_0742,LIN,0.2761905,0.2750366,me_lindon_region,1,0.0820604,no,Lindon west of the Blue Mountains,accepted_source_side_envelope
me_land_0743,MOR,0.6300366,0.5676600,me_mordor_region,8,0.0286349,no,Mordor inside the source-reviewed Ered Lithui and Ephel Duath enclosure,accepted_frontier_polygon
me_land_0744,HNE,0.6744811,0.7655105,me_near_harad_region,9,0.0764663,no,Harnendor between the Poros approaches and the Harnen,accepted_frontier_polygon
me_land_0745,RH2,0.8346764,0.3937469,me_rhun_region,9,0.0819977,no,southeastern Rhûn wain-kingdom beyond the Sea of Rhûn,accepted_frontier_polygon
me_land_0746,WILD,0.5396825,0.4054714,me_anduin_vale_region,1,,no,deliberately unclaimed,wild_unclaimed
me_land_0747,WILD,0.6669109,0.2276502,me_rhun_region,1,,no,deliberately unclaimed,wild_unclaimed
me_land_0748,RHU,0.7428571,0.2608696,me_rhun_region,1,0.0553632,no,western Rhûn polity north and east of Dorwinion,accepted_frontier_polygon
me_land_0749,WILD,0.8319902,0.6213972,me_mordor_region,9,,no,deliberately unclaimed,wild_unclaimed
me_land_0750,WILD,0.3821734,0.2769907,me_shire_breeland_region,1,,no,deliberately unclaimed,wild_buffer
me_land_0751,ROH,0.5162393,0.5593552,me_rohan_region,1,0.0409821,no,"The Mark between Isen, Anduin, and White Mountains",accepted_source_side_envelope
me_land_0752,WILD,0.5692308,0.5481192,me_brown_lands_region,6,,no,deliberately unclaimed,wild_brown_lands
me_land_0753,DOR,0.6832723,0.3131412,me_rhun_region,1,0.0381945,no,Dorwinion around the northwest Sea of Rhûn,accepted_source_side_envelope
me_land_0754,WILD,0.6695971,0.0595994,me_northern_wastes_region,5,,no,deliberately unclaimed,wild_forodwaith
me_land_0755,FAN,0.4859585,0.4645823,me_rohan_region,1,0.0086848,yes,occupied-refuge: Wellinghall is Treebeard's inhabited Fangorn refuge.,accepted_required_frontier_owner
me_land_0756,ROH,0.4683761,0.5188080,me_rohan_region,1,0.0636238,no,"The Mark between Isen, Anduin, and White Mountains",accepted_source_side_envelope
me_land_0757,WILD,0.3824176,0.4421104,me_enedwaith_region,1,,no,deliberately unclaimed,wild_enedwaith
me_land_0758,KHA,0.8283272,0.7454812,me_khand_region,9,0.1464645,no,"Khand east and southeast of Mordor, excluding Far Harad",accepted_frontier_polygon
me_land_0759,DOR,0.7013431,0.3302394,me_rhun_region,9,0.0394257,no,Dorwinion around the northwest Sea of Rhûn,accepted_source_side_envelope
me_land_0760,WILD,0.8383394,0.6199316,me_mordor_region,9,,no,deliberately unclaimed,wild_unclaimed
me_land_0761,HRA,0.6451770,0.9003420,me_near_harad_region,10,0.0669199,no,"Qarsad's inland Near Harad sphere, separated from Harnendor and Khand",accepted_frontier_polygon
me_land_0762,ROH,0.5628816,0.5476307,me_rohan_region,6,0.1287870,no,"The Mark between Isen, Anduin, and White Mountains",accepted_source_side_envelope
me_land_0763,WILD,0.8334554,0.9506595,me_far_harad_region,10,,no,deliberately unclaimed,wild_unclaimed
me_land_0764,WILD,0.8266178,0.5896434,me_mordor_region,9,,no,deliberately unclaimed,wild_unclaimed
me_land_0765,GON,0.5543346,0.5617978,me_anorien_region,1,0.0687183,no,Gondor fiefs from Anfalas to the Anduin,accepted_source_side_envelope
me_land_0766,WILD,0.3792430,0.4655594,me_enedwaith_region,1,,no,deliberately unclaimed,wild_enedwaith
me_land_0767,GON,0.5162393,0.5788959,me_belfalas_region,1,0.1280250,no,Gondor fiefs from Anfalas to the Anduin,accepted_source_side_envelope
me_land_0768,RH2,0.7890110,0.3424524,me_rhun_region,9,0.0232379,no,southeastern Rhûn wain-kingdom beyond the Sea of Rhûn,accepted_frontier_polygon
me_land_0769,WILD,0.5904762,0.6692721,me_ithilien_region,1,,no,deliberately unclaimed,wild_ithilien
me_land_0770,RH2,0.7702076,0.3932584,me_rhun_region,9,0.0736318,no,southeastern Rhûn wain-kingdom beyond the Sea of Rhûn,accepted_frontier_polygon
me_land_0771,ROH,0.4652015,0.5310210,me_rohan_region,1,0.0673067,no,"The Mark between Isen, Anduin, and White Mountains",accepted_source_side_envelope
me_land_0772,RHU,0.6871795,0.2515877,me_rhun_region,9,0.1656486,no,western Rhûn polity north and east of Dorwinion,accepted_frontier_polygon
me_land_0773,RH2,0.8092796,0.3712750,me_rhun_region,9,0.0282325,no,southeastern Rhûn wain-kingdom beyond the Sea of Rhûn,accepted_frontier_polygon
me_land_0774,RHU,0.7374847,0.1323889,me_rhun_region,1,0.1343925,no,western Rhûn polity north and east of Dorwinion,accepted_frontier_polygon
me_land_0775,LOS,0.2153846,0.0405471,me_forochel_region,1,0.2542146,no,Lossoth settlements around the Icebay,accepted_source_side_envelope
me_land_0776,GON,0.5614164,0.6438691,me_lebennin_region,1,0.0467277,no,Gondor fiefs from Anfalas to the Anduin,accepted_source_side_envelope
me_land_0777,RHU,0.7311355,0.2198339,me_rhun_region,1,0.0833773,no,western Rhûn polity north and east of Dorwinion,accepted_frontier_polygon
me_land_0778,LIN,0.3069597,0.2183683,me_lindon_region,1,0.0089683,no,Lindon west of the Blue Mountains,accepted_source_side_envelope
me_land_0779,RH3,0.7894994,0.1446019,me_rhun_region,1,0.0824021,no,northeastern Rhûn confederation beyond the Iron Hills,accepted_frontier_polygon
me_land_0780,BLU,0.3040293,0.1617000,me_lindon_region,1,0.0294659,no,Surviving Ered Luin halls,accepted_source_side_envelope
me_land_0781,WILD,0.5352869,0.4245237,me_anduin_vale_region,9,,no,deliberately unclaimed,wild_unclaimed
me_land_0782,WILD,0.3782662,0.3292623,me_enedwaith_region,1,,no,deliberately unclaimed,wild_unclaimed
me_land_0783,RH2,0.7899878,0.4123107,me_rhun_region,9,0.0654492,no,southeastern Rhûn wain-kingdom beyond the Sea of Rhûn,accepted_frontier_polygon
me_land_0784,WILD,0.6356532,0.0200293,me_northern_wastes_region,5,,no,deliberately unclaimed,wild_forodwaith
me_land_0785,DUN,0.4400488,0.4709331,me_enedwaith_region,1,0.0171963,no,"Dunland lowlands west of Isen and the Gap, south of Glanduin",accepted_frontier_polygon
me_land_0786,WILD,0.7130647,0.9726429,me_far_harad_region,10,,no,deliberately unclaimed,wild_unclaimed
me_land_0787,ANG,0.4537241,0.1533952,me_north_arnor_region,1,0.0141964,no,compact Mount Gram remnant with Carn Dum retained only as a forced fastness,accepted_frontier_polygon
me_land_0788,WILD,0.6048840,0.4167074,me_brown_lands_region,9,,no,deliberately unclaimed,wild_unclaimed
me_land_0789,BEO,0.5452991,0.2677088,me_mirkwood_region,1,0.0801663,no,Beorning crossings and upper Anduin vales,accepted_source_side_envelope
me_land_0790,WILD,0.3763126,0.4308745,me_enedwaith_region,1,,no,deliberately unclaimed,wild_enedwaith
me_land_0791,WILD,0.5670330,0.5598437,me_brown_lands_region,6,,no,deliberately unclaimed,wild_brown_lands
me_land_0792,RHU,0.7067155,0.1846605,me_rhun_region,1,0.1424393,no,western Rhûn polity north and east of Dorwinion,accepted_frontier_polygon
me_land_0793,WILD,0.6903541,0.7914021,me_khand_region,9,,no,deliberately unclaimed,wild_unclaimed
me_land_0794,KHA,0.7521368,0.7264289,me_khand_region,9,0.0134527,no,"Khand east and southeast of Mordor, excluding Far Harad",accepted_frontier_polygon
me_land_0795,ROH,0.5159951,0.5178310,me_rohan_region,1,0.0402710,no,"The Mark between Isen, Anduin, and White Mountains",accepted_source_side_envelope
me_land_0796,WOO,0.5582418,0.1802638,me_mirkwood_region,3,0.0529704,no,Arda Maps Mirkwood polygon: northern/eastern Woodland Realm; Thranduil's northern and eastern Mirkwood; Woodland Realm in northern and northeastern Mirkwood,accepted_source_zone_overlap
me_land_0797,WILD,0.5934066,0.6389839,me_ithilien_region,1,,no,deliberately unclaimed,wild_ithilien
me_land_0798,DRU,0.5626374,0.5945286,me_anorien_region,1,0.0059149,yes,realm-seat: Ghan's Glade is the documented Drúedain realm seat.,accepted_required_frontier_owner
me_land_0799,FAN,0.5091575,0.4240352,me_anduin_vale_region,3,0.0557231,no,Arda Maps Fangorn physical woodland polygon; Fangorn source forest and Entwash headwaters,accepted_source_zone_overlap
me_land_0800,RHU,0.7611722,0.1397167,me_rhun_region,1,0.1116877,no,western Rhûn polity north and east of Dorwinion,accepted_frontier_polygon
me_land_0801,ROH,0.4945055,0.5276014,me_rohan_region,1,0.0135489,no,"The Mark between Isen, Anduin, and White Mountains",accepted_source_side_envelope
me_land_0802,MOR,0.6903541,0.6311676,me_mordor_region,8,0.1090863,no,Mordor inside the source-reviewed Ered Lithui and Ephel Duath enclosure,accepted_frontier_polygon
me_land_0803,WILD,0.6170940,0.5701026,me_ithilien_region,8,,no,deliberately unclaimed,wild_ithilien
me_land_0804,UMB,0.5072039,0.9457743,me_umbar_region,9,0.0112283,no,Umbar coast and corsair hinterland,accepted_source_side_envelope
me_land_0805,ROH,0.4573871,0.4836346,me_rohan_region,1,0.0990051,no,"The Mark between Isen, Anduin, and White Mountains",accepted_source_side_envelope
me_land_0806,GON,0.3648352,0.6800195,me_belfalas_region,1,0.4321649,no,Gondor fiefs from Anfalas to the Anduin,accepted_source_side_envelope
me_land_0807,WILD,0.6586081,0.0815828,me_northern_wastes_region,5,,no,deliberately unclaimed,wild_forodwaith
me_land_0808,WILD,0.5975580,0.3961895,me_brown_lands_region,9,,no,deliberately unclaimed,wild_unclaimed
me_land_0809,DAM,0.5032967,0.6365413,me_belfalas_region,1,0.0461193,no,Dol Amroth and Belfalas peninsula,accepted_source_side_envelope
me_land_0810,UMB,0.5096459,0.8822667,me_umbar_region,9,0.0533953,no,Umbar coast and corsair hinterland,accepted_source_side_envelope
me_land_0811,SHI,0.3609280,0.2652662,me_shire_breeland_region,1,0.0465197,no,Shire bounds west of the Brandywine,accepted_source_side_envelope
me_land_0812,WILD,0.4385836,0.2208109,me_north_arnor_region,1,,no,deliberately unclaimed,wild_unclaimed
me_land_0813,WILD,0.4490842,0.2559844,me_north_arnor_region,1,,no,deliberately unclaimed,wild_buffer
me_land_0814,WILD,0.8195360,0.5964827,me_mordor_region,9,,no,deliberately unclaimed,wild_unclaimed
me_land_0815,RH2,0.7968254,0.4484612,me_rhun_region,9,0.0986657,no,southeastern Rhûn wain-kingdom beyond the Sea of Rhûn,accepted_frontier_polygon
me_land_0816,LOS,0.3631258,0.0410357,me_forochel_region,5,0.0490120,no,Lossoth settlements around the Icebay,accepted_source_side_envelope
me_land_0817,HFA,0.6170940,0.9242794,me_far_harad_region,10,0.0711608,no,represented northern fringe of Far Harad,accepted_frontier_polygon
me_land_0818,HNE,0.6402930,0.7865169,me_near_harad_region,9,0.0073814,no,Harnendor between the Poros approaches and the Harnen,accepted_frontier_polygon
me_land_0819,WILD,0.8402930,0.4978017,me_rhun_region,9,,no,deliberately unclaimed,wild_unclaimed
me_land_0820,WILD,0.7169719,0.6712262,me_mordor_region,8,,no,deliberately unclaimed,wild_unclaimed
me_land_0821,HRA,0.6166056,0.8710308,me_near_harad_region,9,0.1167933,no,"Qarsad's inland Near Harad sphere, separated from Harnendor and Khand",accepted_frontier_polygon
me_land_0822,HNE,0.6029304,0.8280410,me_near_harad_region,1,0.0798183,no,Harnendor between the Poros approaches and the Harnen,accepted_frontier_polygon
me_land_0823,RH2,0.8380952,0.3619932,me_rhun_region,9,0.0771286,no,southeastern Rhûn wain-kingdom beyond the Sea of Rhûn,accepted_frontier_polygon
me_land_0824,WILD,0.7452991,0.0600879,me_northern_wastes_region,1,,no,deliberately unclaimed,wild_forodwaith
me_land_0825,WILD,0.7682540,0.8588178,me_khand_region,10,,no,deliberately unclaimed,wild_unclaimed
me_land_0826,WILD,0.5426129,0.4093796,me_anduin_vale_region,1,,no,deliberately unclaimed,wild_unclaimed
me_land_0827,WILD,0.6512821,0.4777723,me_brown_lands_region,9,,no,deliberately unclaimed,wild_unclaimed
me_land_0828,WILD,0.4437118,0.5114802,me_enedwaith_region,1,,no,deliberately unclaimed,wild_unclaimed
me_land_0829,RH2,0.8327228,0.4352711,me_rhun_region,9,0.1074909,no,southeastern Rhûn wain-kingdom beyond the Sea of Rhûn,accepted_frontier_polygon
me_land_0830,RHU,0.7184371,0.1275037,me_rhun_region,1,0.1601258,no,western Rhûn polity north and east of Dorwinion,accepted_frontier_polygon
me_land_0831,BLU,0.2774115,0.1700049,me_lindon_region,1,0.0293828,no,Surviving Ered Luin halls,accepted_source_side_envelope
me_land_0832,UMB,0.5841270,0.8768930,me_near_harad_region,9,0.1601395,no,Umbar coast and corsair hinterland,accepted_source_side_envelope
me_land_0833,RHU,0.7257631,0.2877382,me_rhun_region,9,0.0961861,no,western Rhûn polity north and east of Dorwinion,accepted_frontier_polygon
me_land_0834,WILD,0.6263736,0.4709331,me_brown_lands_region,9,,no,deliberately unclaimed,wild_unclaimed
me_land_0835,WILD,0.5540904,0.0122130,me_northern_wastes_region,5,,no,deliberately unclaimed,wild_forodwaith
me_land_0836,WILD,0.7645910,0.6990718,me_mordor_region,9,,no,deliberately unclaimed,wild_unclaimed
me_land_0837,WILD,0.4490842,0.5344406,me_enedwaith_region,1,,no,deliberately unclaimed,wild_unclaimed
me_land_0838,MOR,0.6576313,0.5520274,me_mordor_region,1,0.0346285,no,Mordor inside the source-reviewed Ered Lithui and Ephel Duath enclosure,accepted_frontier_polygon
me_land_0839,LIN,0.2796093,0.2706400,me_lindon_region,1,0.0739510,no,Lindon west of the Blue Mountains,accepted_source_side_envelope
me_land_0840,LOS,0.2659341,0.0566683,me_forochel_region,5,0.1521462,no,Lossoth settlements around the Icebay,accepted_source_side_envelope
me_land_0841,GON,0.5604396,0.6785540,me_lebennin_region,1,0.0760317,no,Gondor fiefs from Anfalas to the Anduin,accepted_source_side_envelope
me_land_0842,WILD,0.4488400,0.2931119,me_north_arnor_region,1,,no,deliberately unclaimed,wild_buffer
me_land_0843,WILD,0.6676435,0.4821690,me_rhun_region,9,,no,deliberately unclaimed,wild_unclaimed
me_land_0844,UMB,0.4717949,0.9965804,me_umbar_region,10,0.0971662,no,Umbar coast and corsair hinterland,accepted_source_side_envelope
me_land_0845,MOR,0.6515263,0.6995603,me_mordor_region,8,0.1269326,no,Mordor inside the source-reviewed Ered Lithui and Ephel Duath enclosure,accepted_frontier_polygon
me_land_0846,WILD,0.3514042,0.3683439,me_enedwaith_region,1,,no,deliberately unclaimed,wild_enedwaith
me_land_0847,SHI,0.3291819,0.2144602,me_shire_breeland_region,1,0.0371622,no,Shire bounds west of the Brandywine,accepted_source_side_envelope
me_land_0848,WILD,0.7924298,0.9941378,me_far_harad_region,10,,no,deliberately unclaimed,wild_unclaimed
me_land_0849,WILD,0.4879121,0.0508061,me_angmar_region,5,,no,deliberately unclaimed,wild_unclaimed
me_land_0850,ROH,0.5472527,0.5153884,me_rohan_region,1,0.0998574,no,"The Mark between Isen, Anduin, and White Mountains",accepted_source_side_envelope
me_land_0851,WILD,0.6126984,0.3507572,me_mirkwood_region,9,,no,deliberately unclaimed,wild_unclaimed
me_land_0852,WILD,0.7032967,0.8319492,me_khand_region,10,,no,deliberately unclaimed,wild_unclaimed
me_land_0853,GON,0.5743590,0.6531510,me_lebennin_region,1,0.0425426,no,Gondor fiefs from Anfalas to the Anduin,accepted_source_side_envelope
me_land_0854,WILD,0.3240537,0.1856375,me_north_arnor_region,1,,no,deliberately unclaimed,wild_unclaimed
me_land_0855,WILD,0.8144078,0.5026869,me_rhun_region,9,,no,deliberately unclaimed,wild_unclaimed
me_land_0856,WILD,0.7912088,0.8373229,me_khand_region,10,,no,deliberately unclaimed,wild_unclaimed
me_land_0857,WILD,0.4053724,0.3580850,me_enedwaith_region,1,,no,deliberately unclaimed,wild_unclaimed
me_land_0858,ANG,0.4495726,0.1358085,me_north_arnor_region,1,0.0097148,no,compact Mount Gram remnant with Carn Dum retained only as a forced fastness,accepted_frontier_polygon
me_land_0859,LOS,0.3145299,0.0131900,me_forochel_region,5,0.0756602,no,Lossoth settlements around the Icebay,accepted_source_side_envelope
me_land_0860,WILD,0.6190476,0.3116756,me_mirkwood_region,9,,no,deliberately unclaimed,wild_unclaimed
me_land_0861,FAN,0.4925519,0.4284319,me_anduin_vale_region,3,0.0301956,no,Arda Maps Fangorn physical woodland polygon; Fangorn source forest and Entwash headwaters,accepted_source_zone_overlap
me_land_0862,DAM,0.5025641,0.7083537,me_belfalas_region,1,0.0445603,no,Dol Amroth and Belfalas peninsula,accepted_source_side_envelope
me_land_0863,KHA,0.7599512,0.7288715,me_khand_region,9,0.0135035,no,"Khand east and southeast of Mordor, excluding Far Harad",accepted_frontier_polygon
me_land_0864,WILD,0.3987790,0.4948705,me_enedwaith_region,1,,no,deliberately unclaimed,wild_enedwaith
me_land_0865,WILD,0.4293040,0.2725940,me_north_arnor_region,1,,no,deliberately unclaimed,wild_unclaimed
me_land_0866,WILD,0.7106227,0.4860772,me_rhun_region,9,,no,deliberately unclaimed,wild_unclaimed
me_land_0867,SHI,0.3582418,0.2501221,me_shire_breeland_region,1,0.0318451,no,Shire bounds west of the Brandywine,accepted_source_side_envelope
me_land_0868,RH2,0.8315018,0.4274548,me_rhun_region,9,0.0998434,no,southeastern Rhûn wain-kingdom beyond the Sea of Rhûn,accepted_frontier_polygon
me_land_0869,LOR,0.5064713,0.3404983,me_anduin_vale_region,1,0.0302196,no,Arda Maps Golden Wood / Naith physical polygon; Naith between Misty foothills and Anduin; Lothlórien's Naith east of the Misty crest and west of Anduin,accepted_source_zone_overlap
me_land_0870,ERE,0.6012210,0.1231070,me_dale_region,1,0.0148151,no,Lonely Mountain and its immediate source-centred approaches,accepted_frontier_polygon
me_land_0871,RHU,0.7416361,0.1499756,me_rhun_region,1,0.1149910,no,western Rhûn polity north and east of Dorwinion,accepted_frontier_polygon
me_land_0872,GON,0.5450549,0.5959941,me_anorien_region,1,0.0679709,no,Gondor fiefs from Anfalas to the Anduin,accepted_source_side_envelope
me_land_0873,UMB,0.4898657,0.9462628,me_umbar_region,9,0.0409525,no,Umbar coast and corsair hinterland,accepted_source_side_envelope
me_land_0874,WILD,0.5057387,0.3341475,me_anduin_vale_region,1,,no,deliberately unclaimed,wild_unclaimed
me_land_0875,MOR,0.7091575,0.6199316,me_mordor_region,8,0.1382381,no,Mordor inside the source-reviewed Ered Lithui and Ephel Duath enclosure,accepted_frontier_polygon
me_land_0876,RH2,0.7802198,0.3673669,me_rhun_region,9,0.0432046,no,southeastern Rhûn wain-kingdom beyond the Sea of Rhûn,accepted_frontier_polygon
me_land_0877,WILD,0.7460317,0.4474841,me_rhun_region,9,,no,deliberately unclaimed,wild_unclaimed
me_land_0878,WILD,0.4129426,0.2364436,me_north_arnor_region,1,,no,deliberately unclaimed,wild_unclaimed
me_land_0879,WILD,0.8102564,0.5451881,me_mordor_region,9,,no,deliberately unclaimed,wild_unclaimed
me_land_0880,WILD,0.6398046,0.5080606,me_brown_lands_region,9,,no,deliberately unclaimed,wild_unclaimed
me_land_0881,GON,0.5118437,0.6072301,me_belfalas_region,1,0.1327109,no,Gondor fiefs from Anfalas to the Anduin,accepted_source_side_envelope
me_land_0882,BLU,0.2891331,0.2134831,me_lindon_region,1,0.0362710,no,Surviving Ered Luin halls,accepted_source_side_envelope
me_land_0883,WILD,0.4500611,0.4049829,me_enedwaith_region,1,,no,deliberately unclaimed,wild_unclaimed
me_land_0884,RH2,0.8043956,0.3448950,me_rhun_region,9,0.0101660,no,southeastern Rhûn wain-kingdom beyond the Sea of Rhûn,accepted_frontier_polygon
me_land_0885,WILD,0.5018315,0.6468002,me_belfalas_region,1,,no,abandoned: Edhellond's last ship sailed in TA 1981 and its abandoned haven has no active holding.,accepted_required_frontier_owner
me_land_0886,WILD,0.5428571,0.3981436,me_anduin_vale_region,1,,no,deliberately unclaimed,wild_unclaimed
me_land_0887,IRO,0.6532357,0.1465559,me_rhun_region,1,0.0438316,no,Iron Hills source label and adjacent holds,accepted_source_side_envelope
me_land_0888,MOA,0.4739927,0.3263312,me_enedwaith_region,1,0.0333017,no,Moria and immediate Dimrill/Sirannon approaches,accepted_source_side_envelope
me_land_0889,RH3,0.8293040,0.1704934,me_rhun_region,1,0.0348841,no,northeastern Rhûn confederation beyond the Iron Hills,accepted_frontier_polygon
me_land_0890,WILD,0.7518926,0.5261358,me_mordor_region,9,,no,deliberately unclaimed,wild_unclaimed
me_land_0891,UMB,0.4969475,0.9731314,me_umbar_region,9,0.0452632,no,Umbar coast and corsair hinterland,accepted_source_side_envelope
me_land_0892,MOR,0.6954823,0.7078652,me_mordor_region,8,0.1692080,no,Mordor inside the source-reviewed Ered Lithui and Ephel Duath enclosure,accepted_frontier_polygon
me_land_0893,WILD,0.7934066,0.9115779,me_far_harad_region,10,,no,deliberately unclaimed,wild_unclaimed
me_land_0894,HRA,0.6634921,0.8402540,me_near_harad_region,10,0.0376105,no,"Qarsad's inland Near Harad sphere, separated from Harnendor and Khand",accepted_frontier_polygon
me_land_0895,MOR,0.7094017,0.5906204,me_mordor_region,8,0.1318145,no,Mordor inside the source-reviewed Ered Lithui and Ephel Duath enclosure,accepted_frontier_polygon
me_land_0896,ROH,0.5047619,0.4714216,me_rohan_region,1,0.0679917,no,"The Mark between Isen, Anduin, and White Mountains",accepted_source_side_envelope
me_land_0897,MOR,0.6923077,0.6536395,me_mordor_region,8,0.1254393,no,Mordor inside the source-reviewed Ered Lithui and Ephel Duath enclosure,accepted_frontier_polygon
me_land_0898,WILD,0.5213675,0.4152418,me_anduin_vale_region,1,,no,deliberately unclaimed,wild_unclaimed
me_land_0899,WILD,0.6075702,0.5544700,me_brown_lands_region,1,,no,deliberately unclaimed,wild_unclaimed
me_land_0900,BRE,0.4048840,0.2491451,me_shire_breeland_region,1,0.0177383,no,Bree-land's four-village crossroads,accepted_source_side_envelope
me_land_0901,WILD,0.5355311,0.2926234,me_anduin_vale_region,1,,no,deliberately unclaimed,wild_buffer
me_land_0902,WILD,0.5702076,0.5168539,me_brown_lands_region,1,,no,deliberately unclaimed,wild_unclaimed
me_land_0903,FAN,0.5013431,0.4411334,me_rohan_region,3,0.0335082,no,Arda Maps Fangorn physical woodland polygon; Fangorn source forest and Entwash headwaters,accepted_source_zone_overlap
me_land_0904,MOR,0.6632479,0.5935515,me_mordor_region,8,0.0433076,no,Mordor inside the source-reviewed Ered Lithui and Ephel Duath enclosure,accepted_frontier_polygon
me_land_0905,WILD,0.6471306,0.3297509,me_mirkwood_region,9,,no,deliberately unclaimed,wild_unclaimed
me_land_0906,ERE,0.6105006,0.1255496,me_dale_region,1,0.0247398,no,Lonely Mountain and its immediate source-centred approaches,accepted_frontier_polygon
me_land_0907,LOS,0.3267399,0.1099170,me_forochel_region,1,0.0537878,no,Lossoth settlements around the Icebay,accepted_source_side_envelope
me_land_0908,WILD,0.4957265,0.1387396,me_north_arnor_region,1,,no,deliberately unclaimed,wild_unclaimed
me_land_0909,WILD,0.7667888,0.6253053,me_mordor_region,9,,no,deliberately unclaimed,wild_unclaimed
me_land_0910,WILD,0.4007326,0.3102101,me_enedwaith_region,1,,no,deliberately unclaimed,wild_unclaimed
me_land_0911,WILD,0.3882784,0.2784563,me_shire_breeland_region,1,,no,watched-crossing: Sarn Ford is a watched crossing not a settled Shire or Bree possession.,accepted_required_frontier_owner
me_land_0912,ROH,0.5311355,0.5398144,me_rohan_region,1,0.0649745,no,"The Mark between Isen, Anduin, and White Mountains",accepted_source_side_envelope
me_land_0913,ANG,0.4598291,0.1587689,me_north_arnor_region,1,0.0273732,no,compact Mount Gram remnant with Carn Dum retained only as a forced fastness,accepted_frontier_polygon
me_land_0914,WILD,0.5833944,0.4836346,me_brown_lands_region,1,,no,deliberately unclaimed,wild_unclaimed
me_land_0915,WILD,0.7709402,0.0307767,me_northern_wastes_region,1,,no,deliberately unclaimed,wild_forodwaith
me_land_0916,MOA,0.4859585,0.3258427,me_anduin_vale_region,1,0.0125936,no,moria-mountain: Celebdil resolves to Moria's immediate mountain approach.,accepted_required_frontier_owner
me_land_0917,RHU,0.7787546,0.2701514,me_rhun_region,9,0.0266955,no,western Rhûn polity north and east of Dorwinion,accepted_frontier_polygon
me_land_0918,GON,0.5838828,0.7200782,me_south_gondor_region,1,0.1093810,no,Gondor fiefs from Anfalas to the Anduin,accepted_source_side_envelope
me_land_0919,GON,0.4876679,0.5979482,me_belfalas_region,1,0.1814917,no,Gondor fiefs from Anfalas to the Anduin,accepted_source_side_envelope
me_land_0920,MOR,0.7003663,0.6052760,me_mordor_region,8,0.1170223,no,Mordor inside the source-reviewed Ered Lithui and Ephel Duath enclosure,accepted_frontier_polygon
me_land_0921,UMB,0.5443223,0.9990230,me_umbar_region,10,0.0939413,no,Umbar coast and corsair hinterland,accepted_source_side_envelope
me_land_0922,RAN,0.4796093,0.2960430,me_north_arnor_region,1,0.0276264,no,The Angle and immediate Ranger refuge,accepted_source_side_envelope
me_land_0923,WILD,0.5789988,0.1030777,me_northern_wastes_region,5,,no,dragon-wilderness: The dragon-haunted Withered Heath remains unclaimed wilderness.,accepted_required_frontier_owner
me_land_0924,WILD,0.3516484,0.1773327,me_north_arnor_region,1,,no,deliberately unclaimed,wild_unclaimed
me_land_0925,DUN,0.4275946,0.4543234,me_enedwaith_region,1,0.0142466,no,"Dunland lowlands west of Isen and the Gap, south of Glanduin",accepted_frontier_polygon
me_land_0926,DAM,0.4998779,0.6399609,me_belfalas_region,1,0.0393499,no,Dol Amroth and Belfalas peninsula,accepted_source_side_envelope
me_land_0927,WILD,0.6144078,0.6546165,me_ithilien_region,1,,no,deliberately unclaimed,wild_ithilien
me_land_0928,GON,0.5264957,0.7142159,me_lebennin_region,1,0.1458513,no,Gondor fiefs from Anfalas to the Anduin,accepted_source_side_envelope
me_land_0929,RHU,0.7396825,0.2530532,me_rhun_region,1,0.0607117,no,western Rhûn polity north and east of Dorwinion,accepted_frontier_polygon
me_land_0930,SHI,0.3355311,0.2481681,me_shire_breeland_region,1,0.0286129,no,Shire bounds west of the Brandywine,accepted_source_side_envelope
me_land_0931,WILD,0.8336996,0.6863703,me_mordor_region,9,,no,deliberately unclaimed,wild_unclaimed
me_land_0932,DAM,0.4986569,0.6873473,me_belfalas_region,1,0.0239971,no,Dol Amroth and Belfalas peninsula,accepted_source_side_envelope
me_land_0933,BRE,0.3992674,0.2320469,me_shire_breeland_region,1,0.0067415,no,Bree-land's four-village crossroads,accepted_source_side_envelope
me_land_0934,WILD,0.8334554,0.0449438,me_northern_wastes_region,1,,no,deliberately unclaimed,wild_forodwaith
me_land_0935,WILD,0.4251526,0.5256473,me_enedwaith_region,1,,no,deliberately unclaimed,wild_unclaimed
me_land_0936,LIN,0.2295482,0.1910112,me_lindon_region,1,0.1630584,no,Lindon west of the Blue Mountains,accepted_source_side_envelope
me_land_0937,WILD,0.6336996,0.2261847,me_mirkwood_region,1,,no,deliberately unclaimed,wild_unclaimed
me_land_0938,UMB,0.4713065,0.9491939,me_umbar_region,1,0.0778600,no,Umbar coast and corsair hinterland,accepted_source_side_envelope
me_land_0939,UMB,0.5264957,0.9545677,me_umbar_region,9,0.0386438,no,Umbar coast and corsair hinterland,accepted_source_side_envelope
me_land_0940,ROH,0.5499389,0.5388373,me_rohan_region,1,0.1025653,no,"The Mark between Isen, Anduin, and White Mountains",accepted_source_side_envelope
me_land_0941,WILD,0.4385836,0.3575965,me_enedwaith_region,1,,no,deliberately unclaimed,wild_unclaimed
me_land_0942,WILD,0.3504274,0.1397167,me_north_arnor_region,1,,no,deliberately unclaimed,wild_unclaimed
me_land_0943,WILD,0.6129426,0.6370298,me_ithilien_region,1,,no,deliberately unclaimed,wild_ithilien
me_land_0944,ROH,0.4886447,0.4929165,me_rohan_region,1,0.0496123,no,"The Mark between Isen, Anduin, and White Mountains",accepted_source_side_envelope
me_land_0945,MOR,0.6637363,0.6321446,me_mordor_region,8,0.0706242,no,Mordor inside the source-reviewed Ered Lithui and Ephel Duath enclosure,accepted_frontier_polygon
me_land_0946,WILD,0.7943834,0.6311676,me_mordor_region,9,,no,deliberately unclaimed,wild_unclaimed
me_land_0947,WILD,0.5150183,0.3229116,me_anduin_vale_region,1,,no,deliberately unclaimed,wild_unclaimed
me_land_0948,DOR,0.7142857,0.3937469,me_rhun_region,1,0.0729279,no,Dorwinion around the northwest Sea of Rhûn,accepted_source_side_envelope
me_land_0949,WILD,0.7340659,0.5964827,me_mordor_region,8,,no,deliberately unclaimed,wild_unclaimed
me_land_0950,ROH,0.5069597,0.5061065,me_rohan_region,1,0.0362309,no,"The Mark between Isen, Anduin, and White Mountains",accepted_source_side_envelope
me_land_0951,WILD,0.5433455,0.3839766,me_anduin_vale_region,9,,no,deliberately unclaimed,wild_unclaimed
me_land_0952,WILD,0.6092796,0.4074255,me_brown_lands_region,9,,no,deliberately unclaimed,wild_unclaimed
me_land_0953,WILD,0.8202686,0.5657059,me_mordor_region,9,,no,deliberately unclaimed,wild_unclaimed
me_land_0954,UMB,0.5892552,0.8637030,me_near_harad_region,9,0.1747280,no,Umbar coast and corsair hinterland,accepted_source_side_envelope
me_land_0955,MOR,0.6669109,0.6731803,me_mordor_region,8,0.1096543,no,occupied-interior: Lithlad is Mordor's eastern ash plain.,accepted_required_frontier_owner
me_land_0956,GON,0.4478632,0.6155349,me_belfalas_region,1,0.2606440,no,Gondor fiefs from Anfalas to the Anduin,accepted_source_side_envelope
me_land_0957,WILD,0.7728938,0.7068881,me_mordor_region,9,,no,deliberately unclaimed,wild_unclaimed
me_land_0958,ROH,0.5133089,0.5227162,me_rohan_region,1,0.0331937,no,"The Mark between Isen, Anduin, and White Mountains",accepted_source_side_envelope
me_land_0959,WILD,0.6317460,0.4714216,me_brown_lands_region,9,,no,deliberately unclaimed,wild_unclaimed
me_land_0960,WOO,0.5755800,0.1841720,me_dale_region,3,0.0293357,no,Arda Maps Mirkwood polygon: northern/eastern Woodland Realm; Thranduil's northern and eastern Mirkwood; Woodland Realm in northern and northeastern Mirkwood,accepted_source_zone_overlap
me_land_0961,MOR,0.7076923,0.6370298,me_mordor_region,8,0.1422498,no,Mordor inside the source-reviewed Ered Lithui and Ephel Duath enclosure,accepted_frontier_polygon
me_land_0962,BLU,0.3137973,0.1621886,me_lindon_region,1,0.0469589,no,Surviving Ered Luin halls,accepted_source_side_envelope
me_land_0963,DOR,0.6529915,0.3224231,me_rhun_region,1,0.0695788,no,Dorwinion around the northwest Sea of Rhûn,accepted_source_side_envelope
me_land_0964,WDM,0.5504274,0.2965315,me_mirkwood_region,1,0.0234037,no,Arda Maps Mirkwood polygon: western Woodmen settlements; Woodmen settlements in western Mirkwood; Woodmen clearings along western and central Mirkwood,accepted_source_zone_overlap
me_land_0965,WILD,0.8312576,0.9789936,me_far_harad_region,10,,no,deliberately unclaimed,wild_unclaimed
me_land_0966,SHI,0.3257631,0.2173913,me_shire_breeland_region,1,0.0426208,no,Shire bounds west of the Brandywine,accepted_source_side_envelope
me_land_0967,WILD,0.5780220,0.5451881,me_brown_lands_region,1,,no,deliberately unclaimed,wild_unclaimed
me_land_0968,WILD,0.3438339,0.3615046,me_enedwaith_region,1,,no,deliberately unclaimed,wild_enedwaith
me_land_0969,WILD,0.5816850,0.4103566,me_brown_lands_region,1,,no,deliberately unclaimed,wild_unclaimed
me_land_0970,WILD,0.3196581,0.1328774,me_north_arnor_region,1,,no,deliberately unclaimed,wild_unclaimed
me_land_0971,DAL,0.6114774,0.1548608,me_dale_region,1,0.0202512,no,Dale and the upper Celduin plain,accepted_source_side_envelope
me_land_0972,WILD,0.6456654,0.4259893,me_brown_lands_region,9,,no,deliberately unclaimed,wild_buffer
me_land_0973,WILD,0.5001221,0.2286273,me_anduin_vale_region,1,,no,deliberately unclaimed,wild_reviewed_component: east-of-crest highland beyond the compact Goblin-town holding
me_land_0974,RH2,0.7838828,0.4528578,me_rhun_region,9,0.1077905,no,southeastern Rhûn wain-kingdom beyond the Sea of Rhûn,accepted_frontier_polygon
me_land_0975,WILD,0.4007326,0.0136786,me_angmar_region,5,,no,deliberately unclaimed,wild_unclaimed
me_land_0976,WILD,0.8285714,0.0039082,me_northern_wastes_region,1,,no,deliberately unclaimed,wild_forodwaith
me_land_0977,UMB,0.5301587,0.8368344,me_near_harad_region,9,0.1070061,no,Umbar coast and corsair hinterland,accepted_source_side_envelope
me_land_0978,RHU,0.7782662,0.2222765,me_rhun_region,9,0.0322786,no,western Rhûn polity north and east of Dorwinion,accepted_frontier_polygon
me_land_0979,RH2,0.7797314,0.4225696,me_rhun_region,9,0.0831241,no,southeastern Rhûn wain-kingdom beyond the Sea of Rhûn,accepted_frontier_polygon
me_land_0980,WILD,0.3848596,0.4357596,me_enedwaith_region,1,,no,deliberately unclaimed,wild_enedwaith
me_land_0981,WILD,0.8246642,0.6990718,me_mordor_region,9,,no,deliberately unclaimed,wild_unclaimed
me_land_0982,WILD,0.5118437,0.3014167,me_anduin_vale_region,1,,no,deliberately unclaimed,wild_unclaimed
me_land_0983,WILD,0.7411477,0.4494382,me_rhun_region,9,,no,deliberately unclaimed,wild_unclaimed
me_land_0984,WILD,0.5885226,0.4489497,me_brown_lands_region,9,,no,deliberately unclaimed,wild_unclaimed
me_land_0985,FAN,0.4971917,0.4191500,me_anduin_vale_region,3,0.0427331,no,Arda Maps Fangorn physical woodland polygon; Fangorn source forest and Entwash headwaters,accepted_source_zone_overlap
me_land_0986,WILD,0.4205128,0.3952125,me_enedwaith_region,1,,no,deliberately unclaimed,wild_unclaimed
me_land_0987,HFA,0.6180708,0.9467513,me_far_harad_region,10,0.0666540,no,represented northern fringe of Far Harad,accepted_frontier_polygon
me_land_0988,WILD,0.7357753,0.4772838,me_rhun_region,9,,no,deliberately unclaimed,wild_unclaimed
me_land_0989,SHI,0.3521368,0.2056668,me_shire_breeland_region,1,0.0263185,no,Shire bounds west of the Brandywine,accepted_source_side_envelope
me_land_0990,WILD,0.6205128,0.3497802,me_mirkwood_region,9,,no,deliberately unclaimed,wild_unclaimed
me_land_0991,GON,0.5643468,0.6160234,me_anorien_region,1,0.0280438,no,Gondor fiefs from Anfalas to the Anduin,accepted_source_side_envelope
me_land_0992,UMB,0.5113553,0.9228139,me_umbar_region,9,0.0132962,no,Umbar coast and corsair hinterland,accepted_source_side_envelope
me_land_0993,WILD,0.3528694,0.1836834,me_north_arnor_region,1,,no,deliberately unclaimed,wild_unclaimed
me_land_0994,DAL,0.6305250,0.1778212,me_dale_region,1,0.0643214,no,Dale and the upper Celduin plain,accepted_source_side_envelope
me_land_0995,WILD,0.5650794,0.4098681,me_brown_lands_region,9,,no,deliberately unclaimed,wild_unclaimed
me_land_0996,ROH,0.5240537,0.4401563,me_rohan_region,9,0.1105157,no,"The Mark between Isen, Anduin, and White Mountains",accepted_source_side_envelope
me_land_0997,WILD,0.4774115,0.2340010,me_north_arnor_region,1,,no,deliberately unclaimed,wild_buffer
me_land_0998,SHI,0.3357753,0.2638007,me_shire_breeland_region,1,0.0404424,no,Shire bounds west of the Brandywine,accepted_source_side_envelope
me_land_0999,WILD,0.6126984,0.6673180,me_ithilien_region,1,,no,deliberately unclaimed,wild_ithilien
me_land_1000,KHA,0.7196581,0.7708842,me_khand_region,9,0.0781073,no,"Khand east and southeast of Mordor, excluding Far Harad",accepted_frontier_polygon
me_land_1001,ROH,0.5536020,0.4987787,me_rohan_region,1,0.1167834,no,"The Mark between Isen, Anduin, and White Mountains",accepted_source_side_envelope
me_land_1002,WILD,0.4351648,0.5554470,me_enedwaith_region,1,,no,deliberately unclaimed,wild_unclaimed
me_land_1003,RH3,0.8322344,0.1612115,me_rhun_region,1,0.0458614,no,northeastern Rhûn confederation beyond the Iron Hills,accepted_frontier_polygon
me_land_1004,BLU,0.3015873,0.1866146,me_lindon_region,1,0.0219161,no,Surviving Ered Luin halls,accepted_source_side_envelope
me_land_1005,DAL,0.6283272,0.1665852,me_dale_region,1,0.0559241,no,Dale and the upper Celduin plain,accepted_source_side_envelope
me_land_1006,MOR,0.6478632,0.5134343,me_mordor_region,9,0.0605583,no,Mordor inside the source-reviewed Ered Lithui and Ephel Duath enclosure,accepted_frontier_polygon
me_land_1007,WILD,0.7326007,0.5549585,me_mordor_region,8,,no,deliberately unclaimed,wild_unclaimed
me_land_1008,WILD,0.4100122,0.5017098,me_enedwaith_region,1,,no,deliberately unclaimed,wild_enedwaith
me_land_1009,HFA,0.5851038,0.9413776,me_far_harad_region,10,0.0136240,no,represented northern fringe of Far Harad,accepted_frontier_polygon
me_land_1010,WILD,0.4517705,0.1016121,me_angmar_region,5,,no,deliberately unclaimed,wild_unclaimed
me_land_1011,MOR,0.6837607,0.5935515,me_mordor_region,1,0.0819069,no,Mordor inside the source-reviewed Ered Lithui and Ephel Duath enclosure,accepted_frontier_polygon
me_land_1012,ROH,0.5335775,0.4841231,me_rohan_region,9,0.0883956,no,"The Mark between Isen, Anduin, and White Mountains",accepted_source_side_envelope
me_land_1013,DAM,0.5213675,0.6697606,me_belfalas_region,1,0.0646317,no,Dol Amroth and Belfalas peninsula,accepted_source_side_envelope
me_land_1014,RHU,0.7731380,0.2120176,me_rhun_region,9,0.0384974,no,western Rhûn polity north and east of Dorwinion,accepted_frontier_polygon
me_land_1015,RHU,0.7614164,0.2310699,me_rhun_region,9,0.0255551,no,western Rhûn polity north and east of Dorwinion,accepted_frontier_polygon
me_land_1016,ESG,0.5985348,0.1734245,me_dale_region,1,0.0109914,no,Lake-town and Long Lake shore,accepted_source_side_envelope
me_land_1017,WILD,0.7826618,0.5373718,me_mordor_region,9,,no,deliberately unclaimed,wild_unclaimed
me_land_1018,WILD,0.4097680,0.4367367,me_enedwaith_region,1,,no,deliberately unclaimed,wild_enedwaith
me_land_1019,GON,0.6246642,0.7557401,me_south_gondor_region,9,0.1717897,no,Gondor fiefs from Anfalas to the Anduin,accepted_source_side_envelope
me_land_1020,WILD,0.4949939,0.0000000,me_northern_wastes_region,1,,no,deliberately unclaimed,wild_forodwaith
me_land_1021,WILD,0.3433455,0.1963850,me_north_arnor_region,1,,no,deliberately unclaimed,wild_unclaimed
me_land_1022,WILD,0.3941392,0.2359551,me_shire_breeland_region,1,,no,haunted-wilderness: The haunted downs are outside compact inhabited Bree-land.,accepted_required_frontier_owner
me_land_1023,RHU,0.7885226,0.1993161,me_rhun_region,9,0.0627790,no,western Rhûn polity north and east of Dorwinion,accepted_frontier_polygon
me_land_1024,UMB,0.5504274,0.9345383,me_umbar_region,9,0.0815744,no,Umbar coast and corsair hinterland,accepted_source_side_envelope
me_land_1025,HFA,0.6630037,0.9760625,me_far_harad_region,10,0.1574227,no,represented northern fringe of Far Harad,accepted_frontier_polygon
me_land_1026,WILD,0.5965812,0.6614558,me_ithilien_region,1,,no,deliberately unclaimed,wild_ithilien
me_land_1027,RHU,0.7431013,0.1328774,me_rhun_region,1,0.1288870,no,western Rhûn polity north and east of Dorwinion,accepted_frontier_polygon
me_land_1028,WILD,0.3858364,0.5305325,me_enedwaith_region,1,,no,deliberately unclaimed,wild_unclaimed
me_land_1029,MOR,0.7020757,0.6135809,me_mordor_region,8,0.1227705,no,Mordor inside the source-reviewed Ered Lithui and Ephel Duath enclosure,accepted_frontier_polygon
me_land_1030,HRA,0.6918193,0.9096238,me_near_harad_region,10,0.0519769,no,"Qarsad's inland Near Harad sphere, separated from Harnendor and Khand",accepted_frontier_polygon
me_land_1031,HRA,0.6752137,0.9345383,me_far_harad_region,10,0.0645398,no,"Qarsad's inland Near Harad sphere, separated from Harnendor and Khand",accepted_frontier_polygon
me_land_1032,WILD,0.3985348,0.3727406,me_enedwaith_region,1,,no,deliberately unclaimed,wild_enedwaith
me_land_1033,GON,0.4166056,0.6516854,me_belfalas_region,1,0.3256392,no,Gondor fiefs from Anfalas to the Anduin,accepted_source_side_envelope
me_land_1034,RHU,0.7448107,0.2427943,me_rhun_region,1,0.0508912,no,western Rhûn polity north and east of Dorwinion,accepted_frontier_polygon
me_land_1035,RHU,0.6837607,0.2169028,me_rhun_region,1,0.1756255,no,western Rhûn polity north and east of Dorwinion,accepted_frontier_polygon
me_land_1036,MOR,0.6451770,0.5432340,me_mordor_region,1,0.0303605,no,Mordor inside the source-reviewed Ered Lithui and Ephel Duath enclosure,accepted_frontier_polygon
me_land_1037,FAN,0.4932845,0.4557890,me_rohan_region,1,0.0139497,yes,occupied-refuge: Derndingle is an inhabited Fangorn refuge.,accepted_required_frontier_owner
me_land_1038,GON,0.4520147,0.6360528,me_belfalas_region,1,0.2535184,no,Gondor fiefs from Anfalas to the Anduin,accepted_source_side_envelope
me_land_1039,UMB,0.5035409,0.9975574,me_umbar_region,9,0.0630875,no,Umbar coast and corsair hinterland,accepted_source_side_envelope
me_land_1040,WILD,0.6368742,0.3326820,me_mirkwood_region,9,,no,deliberately unclaimed,wild_unclaimed
me_land_1041,WILD,0.7797314,0.0674157,me_northern_wastes_region,1,,no,deliberately unclaimed,wild_forodwaith
me_land_1042,RIV,0.4962149,0.2076209,me_north_arnor_region,1,0.0159483,no,Imladris hidden valley and immediate refuge,accepted_source_side_envelope
me_land_1043,WILD,0.6466422,0.3361016,me_mirkwood_region,9,,no,deliberately unclaimed,wild_unclaimed
me_land_1044,GON,0.5457875,0.7469468,me_lebennin_region,9,0.1503167,no,Gondor fiefs from Anfalas to the Anduin,accepted_source_side_envelope
me_land_1045,WILD,0.4407814,0.3087445,me_enedwaith_region,1,,no,deliberately unclaimed,wild_buffer
me_land_1046,WILD,0.4097680,0.2501221,me_north_arnor_region,1,,no,deliberately unclaimed,wild_unclaimed
me_land_1047,WILD,0.4346764,0.2804104,me_north_arnor_region,1,,no,deliberately unclaimed,wild_buffer
me_land_1048,WILD,0.7492063,0.6184660,me_mordor_region,8,,no,deliberately unclaimed,wild_unclaimed
me_land_1049,ROH,0.5150183,0.5334636,me_rohan_region,1,0.0330793,no,"The Mark between Isen, Anduin, and White Mountains",accepted_source_side_envelope
me_land_1050,WILD,0.4483516,0.3351246,me_enedwaith_region,1,,no,deliberately unclaimed,wild_unclaimed
me_land_1051,WILD,0.4678877,0.1914998,me_north_arnor_region,1,,no,deliberately unclaimed,wild_unclaimed
me_land_1052,WILD,0.4290598,0.3434294,me_enedwaith_region,1,,no,deliberately unclaimed,wild_unclaimed
me_land_1053,WDM,0.5697192,0.3229116,me_mirkwood_region,3,0.0276276,no,Arda Maps Mirkwood polygon: western Woodmen settlements; Woodmen settlements in western Mirkwood; Woodmen clearings along western and central Mirkwood,accepted_source_zone_overlap
me_land_1054,MOR,0.6009768,0.5344406,me_brown_lands_region,1,0.0945959,no,occupied-gate: Cirith Gorgor is the occupied Haunted Pass of the Black Gate.,accepted_required_frontier_owner
me_land_1055,WILD,0.4583639,0.1138251,me_angmar_region,1,,no,deliberately unclaimed,wild_unclaimed
me_land_1056,LIN,0.2705739,0.2716170,me_lindon_region,1,0.0895489,no,Lindon west of the Blue Mountains,accepted_source_side_envelope
me_land_1057,DAM,0.5106227,0.6961407,me_belfalas_region,9,0.0489537,no,Dol Amroth and Belfalas peninsula,accepted_source_side_envelope
me_land_1058,GON,0.6039072,0.7366878,me_south_gondor_region,9,0.1355476,no,Gondor fiefs from Anfalas to the Anduin,accepted_source_side_envelope
me_land_1059,WILD,0.6371184,0.2950660,me_mirkwood_region,9,,no,deliberately unclaimed,wild_unclaimed
me_land_1060,UMB,0.5536020,0.8812897,me_umbar_region,9,0.1033710,no,Umbar coast and corsair hinterland,accepted_source_side_envelope
me_land_1061,WILD,0.5181929,0.2833415,me_anduin_vale_region,1,,no,deliberately unclaimed,wild_buffer
me_land_1062,SHI,0.3851038,0.2491451,me_shire_breeland_region,6,0.0802470,no,active-settlement: Haysend is an active Buckland settlement within the Shire's protection.,accepted_required_frontier_owner
me_land_1063,RH3,0.7819292,0.1235955,me_rhun_region,1,0.1078666,no,northeastern Rhûn confederation beyond the Iron Hills,accepted_frontier_polygon
me_land_1064,DAM,0.4923077,0.6189546,me_belfalas_region,1,0.0542954,no,Dol Amroth and Belfalas peninsula,accepted_source_side_envelope
me_land_1065,WILD,0.3853480,0.4797264,me_enedwaith_region,1,,no,deliberately unclaimed,wild_enedwaith
me_land_1066,UMB,0.5391941,0.9267220,me_umbar_region,9,0.0597726,no,Umbar coast and corsair hinterland,accepted_source_side_envelope
me_land_1067,UMB,0.5797314,0.8925256,me_near_harad_region,9,0.1466619,no,Umbar coast and corsair hinterland,accepted_source_side_envelope
me_land_1068,UMB,0.5137973,0.9672692,me_umbar_region,9,0.0326805,no,Umbar coast and corsair hinterland,accepted_source_side_envelope
me_land_1069,GON,0.5377289,0.6907670,me_lebennin_region,9,0.1133883,no,Gondor fiefs from Anfalas to the Anduin,accepted_source_side_envelope
me_land_1070,WILD,0.4730159,0.4347826,me_rohan_region,1,,no,deliberately unclaimed,wild_reviewed_component: northern mountain-side spur beyond compact connected Nan Curunir
me_land_1071,WILD,0.3811966,0.5178310,me_enedwaith_region,1,,no,deliberately unclaimed,wild_enedwaith
me_land_1072,LIN,0.2556777,0.1939424,me_lindon_region,1,0.1117147,no,Lindon west of the Blue Mountains,accepted_source_side_envelope
me_land_1073,SHI,0.3482295,0.2354665,me_shire_breeland_region,1,0.0074273,no,Shire bounds west of the Brandywine,accepted_source_side_envelope
me_land_1074,GON,0.5528694,0.6145579,me_anorien_region,1,0.0507023,no,Gondor fiefs from Anfalas to the Anduin,accepted_source_side_envelope
me_land_1075,WILD,0.6100122,0.4509038,me_brown_lands_region,9,,no,deliberately unclaimed,wild_unclaimed
me_land_1076,WILD,0.7250305,0.0014656,me_northern_wastes_region,5,,no,deliberately unclaimed,wild_forodwaith
me_land_1077,WILD,0.7819292,0.6575476,me_mordor_region,9,,no,deliberately unclaimed,wild_unclaimed
me_land_1078,HNE,0.5965812,0.8212018,me_near_harad_region,9,0.0890476,no,Harnendor between the Poros approaches and the Harnen,accepted_frontier_polygon
me_land_1079,MOR,0.6901099,0.6599902,me_mordor_region,8,0.1263486,no,Mordor inside the source-reviewed Ered Lithui and Ephel Duath enclosure,accepted_frontier_polygon
me_land_1080,WILD,0.4693529,0.2188569,me_north_arnor_region,2,,no,deliberately unclaimed,wild_unclaimed
me_land_1081,LIN,0.2827839,0.3527113,me_lindon_region,1,0.1370813,no,Lindon west of the Blue Mountains,accepted_source_side_envelope
me_land_1082,WILD,0.5335775,0.0356619,me_northern_wastes_region,5,,no,deliberately unclaimed,wild_forodwaith
me_land_1083,WILD,0.4603175,0.3805569,me_enedwaith_region,1,,no,deliberately unclaimed,wild_unclaimed
me_land_1084,GON,0.5360195,0.5862237,me_anorien_region,1,0.0879465,no,Gondor fiefs from Anfalas to the Anduin,accepted_source_side_envelope
me_land_1085,GON,0.4056166,0.5906204,me_belfalas_region,1,0.3457216,no,Gondor fiefs from Anfalas to the Anduin,accepted_source_side_envelope
me_land_1086,WILD,0.4522589,0.1802638,me_north_arnor_region,1,,no,deliberately unclaimed,wild_unclaimed
me_land_1087,BLU,0.2769231,0.2134831,me_lindon_region,1,0.0464098,no,Surviving Ered Luin halls,accepted_source_side_envelope
me_land_1088,MOR,0.6273504,0.5896434,me_mordor_region,8,0.0370948,no,Mordor inside the source-reviewed Ered Lithui and Ephel Duath enclosure,accepted_frontier_polygon
me_land_1089,GON,0.5699634,0.6326331,me_lebennin_region,1,0.0269172,no,Gondor fiefs from Anfalas to the Anduin,accepted_source_side_envelope
me_land_1090,UMB,0.5355311,0.9623840,me_umbar_region,9,0.0582635,no,Umbar coast and corsair hinterland,accepted_source_side_envelope
me_land_1091,WILD,0.3191697,0.2681974,me_shire_breeland_region,1,,no,deliberately unclaimed,wild_buffer
me_land_1092,RH2,0.7365079,0.4162189,me_rhun_region,9,0.1432128,no,southeastern Rhûn wain-kingdom beyond the Sea of Rhûn,accepted_frontier_polygon
me_land_1093,WILD,0.4170940,0.2208109,me_north_arnor_region,1,,no,deliberately unclaimed,wild_unclaimed
me_land_1094,HRA,0.6036630,0.8632145,me_near_harad_region,9,0.1428353,no,"Qarsad's inland Near Harad sphere, separated from Harnendor and Khand",accepted_frontier_polygon
me_land_1095,DOL,0.5946276,0.3370787,me_mirkwood_region,3,0.0784195,no,Arda Maps Mirkwood polygon: southern Dol Guldur shadow; Dol Guldur's southern Mirkwood shadow; Dol Guldur's southern Mirkwood shadow,accepted_source_zone_overlap
me_land_1096,HFA,0.5675214,0.9960918,me_far_harad_region,10,0.0539495,no,represented northern fringe of Far Harad,accepted_frontier_polygon
me_land_1097,WILD,0.6151404,0.5813385,me_ithilien_region,8,,no,deliberately unclaimed,wild_ithilien
me_land_1098,UMB,0.4593407,1.0000000,me_umbar_region,9,0.1194198,no,Umbar coast and corsair hinterland,accepted_source_side_envelope
me_land_1099,DOL,0.5511600,0.3683439,me_mirkwood_region,3,0.0193001,no,Arda Maps Mirkwood polygon: southern Dol Guldur shadow; Dol Guldur's southern Mirkwood shadow; Dol Guldur's southern Mirkwood shadow,accepted_source_zone_overlap
me_land_1100,MOR,0.6976801,0.5378603,me_mordor_region,1,0.1130259,no,Mordor inside the source-reviewed Ered Lithui and Ephel Duath enclosure,accepted_frontier_polygon
me_land_1101,GON,0.5623932,0.6301905,me_lebennin_region,1,0.0367748,no,Gondor fiefs from Anfalas to the Anduin,accepted_source_side_envelope
me_land_1102,GON,0.6507937,0.7572057,me_south_gondor_region,9,0.2058824,no,Gondor fiefs from Anfalas to the Anduin,accepted_source_side_envelope
me_land_1103,WILD,0.8336996,0.1133366,me_northern_wastes_region,1,,no,deliberately unclaimed,wild_forodwaith
me_land_1104,WILD,0.5658120,0.5051295,me_brown_lands_region,1,,no,deliberately unclaimed,wild_unclaimed
me_land_1105,MOR,0.6888889,0.6013679,me_mordor_region,9,0.0939010,no,Mordor inside the source-reviewed Ered Lithui and Ephel Duath enclosure,accepted_frontier_polygon
me_land_1106,GON,0.5452991,0.6248168,me_anorien_region,1,0.0671138,no,Gondor fiefs from Anfalas to the Anduin,accepted_source_side_envelope
me_land_1107,GON,0.6617827,0.7567171,me_south_gondor_region,9,0.2216144,no,Gondor fiefs from Anfalas to the Anduin,accepted_source_side_envelope
me_land_1108,MOR,0.6356532,0.5139228,me_mordor_region,9,0.0619105,no,Mordor inside the source-reviewed Ered Lithui and Ephel Duath enclosure,accepted_frontier_polygon
me_land_1109,GON,0.5377289,0.6795310,me_lebennin_region,1,0.1058172,no,Gondor fiefs from Anfalas to the Anduin,accepted_source_side_envelope
me_land_1110,WILD,0.4485958,0.5280899,me_enedwaith_region,1,,no,deliberately unclaimed,wild_unclaimed
me_land_1111,BRE,0.4046398,0.2564729,me_shire_breeland_region,1,0.0248130,no,Bree-land's four-village crossroads,accepted_source_side_envelope
me_land_1112,MOR,0.6495726,0.7088422,me_mordor_region,8,0.1357809,no,Mordor inside the source-reviewed Ered Lithui and Ephel Duath enclosure,accepted_frontier_polygon
me_land_1113,WILD,0.5706960,0.1372741,me_grey_mountains_region,3,,no,deliberately unclaimed,wild_unclaimed
me_land_1114,WILD,0.7199023,0.9628725,me_far_harad_region,10,,no,deliberately unclaimed,wild_unclaimed
me_land_1115,WILD,0.5557998,0.1446019,me_grey_mountains_region,3,,no,deliberately unclaimed,wild_unclaimed
me_land_1116,HNE,0.5858364,0.8104543,me_near_harad_region,1,0.1074356,no,Harnendor between the Poros approaches and the Harnen,accepted_frontier_polygon
me_land_1117,ROH,0.5135531,0.5046409,me_rohan_region,1,0.0449561,no,"The Mark between Isen, Anduin, and White Mountains",accepted_source_side_envelope
me_land_1118,GON,0.5621490,0.6233512,me_anorien_region,1,0.0342311,no,Gondor fiefs from Anfalas to the Anduin,accepted_source_side_envelope
me_land_1119,WILD,0.8317460,0.6668295,me_mordor_region,9,,no,deliberately unclaimed,wild_unclaimed
me_land_1120,WILD,0.6090354,0.3610161,me_mirkwood_region,9,,no,deliberately unclaimed,wild_unclaimed
me_land_1121,LIN,0.2886447,0.2735711,me_lindon_region,1,0.0626787,no,Lindon west of the Blue Mountains,accepted_source_side_envelope
me_land_1122,ROH,0.5201465,0.4772838,me_rohan_region,1,0.0746401,no,"The Mark between Isen, Anduin, and White Mountains",accepted_source_side_envelope
me_land_1123,HFA,0.5736264,0.9702003,me_far_harad_region,10,0.0273585,no,represented northern fringe of Far Harad,accepted_frontier_polygon
me_land_1124,UMB,0.5379731,0.8817782,me_umbar_region,9,0.0781897,no,Umbar coast and corsair hinterland,accepted_source_side_envelope
me_land_1125,GON,0.4862027,0.5818271,me_belfalas_region,1,0.1862764,no,Gondor fiefs from Anfalas to the Anduin,accepted_source_side_envelope
me_land_1126,WILD,0.7523810,0.7073766,me_mordor_region,9,,no,deliberately unclaimed,wild_unclaimed
me_land_1127,HRA,0.6593407,0.9189057,me_far_harad_region,10,0.0580743,no,"Qarsad's inland Near Harad sphere, separated from Harnendor and Khand",accepted_frontier_polygon
me_land_1128,ROH,0.5506716,0.4645823,me_rohan_region,9,0.1275050,no,"The Mark between Isen, Anduin, and White Mountains",accepted_source_side_envelope
me_land_1129,ROH,0.4774115,0.4909624,me_rohan_region,1,0.0636168,no,"The Mark between Isen, Anduin, and White Mountains",accepted_source_side_envelope
me_land_1130,GON,0.3990232,0.6003908,me_belfalas_region,1,0.3584555,no,Gondor fiefs from Anfalas to the Anduin,accepted_source_side_envelope
me_land_1131,MOR,0.6468864,0.5891549,me_mordor_region,8,0.0166393,no,Mordor inside the source-reviewed Ered Lithui and Ephel Duath enclosure,accepted_frontier_polygon
me_land_1132,MOA,0.4764347,0.3321935,me_enedwaith_region,1,0.0273314,no,Moria and immediate Dimrill/Sirannon approaches,accepted_source_side_envelope
me_land_1133,WILD,0.3921856,0.3957010,me_enedwaith_region,1,,no,deliberately unclaimed,wild_enedwaith
me_land_1134,WILD,0.4744811,0.3820225,me_enedwaith_region,1,,no,deliberately unclaimed,wild_unclaimed
me_land_1135,WOO,0.5699634,0.2061553,me_mirkwood_region,3,0.0540228,no,Arda Maps Mirkwood polygon: northern/eastern Woodland Realm; Thranduil's northern and eastern Mirkwood; Woodland Realm in northern and northeastern Mirkwood,accepted_source_zone_overlap
me_land_1136,WILD,0.6979243,0.0527601,me_northern_wastes_region,5,,no,deliberately unclaimed,wild_forodwaith
me_land_1137,MOR,0.6554335,0.6458232,me_mordor_region,8,0.0758103,no,Mordor inside the source-reviewed Ered Lithui and Ephel Duath enclosure,accepted_frontier_polygon
me_land_1138,MOR,0.6429792,0.6072301,me_mordor_region,8,0.0337873,no,Mordor inside the source-reviewed Ered Lithui and Ephel Duath enclosure,accepted_frontier_polygon
me_land_1139,RHU,0.7750916,0.2882267,me_rhun_region,9,0.0395598,no,western Rhûn polity north and east of Dorwinion,accepted_frontier_polygon
me_land_1140,WILD,0.7838828,0.6629213,me_mordor_region,9,,no,deliberately unclaimed,wild_unclaimed
me_land_1141,WILD,0.4439560,0.2921348,me_north_arnor_region,1,,no,deliberately unclaimed,wild_buffer
me_land_1142,GON,0.3748474,0.5818271,me_belfalas_region,1,0.4077076,no,Gondor fiefs from Anfalas to the Anduin,accepted_source_side_envelope
me_land_1143,RHU,0.7218559,0.2857841,me_rhun_region,9,0.1027225,no,western Rhûn polity north and east of Dorwinion,accepted_frontier_polygon
me_land_1144,IRO,0.6932845,0.1890572,me_rhun_region,1,0.0491113,no,Iron Hills source label and adjacent holds,accepted_source_side_envelope
me_land_1145,WILD,0.6151404,0.3815340,me_brown_lands_region,9,,no,deliberately unclaimed,wild_unclaimed
me_land_1146,WILD,0.4105006,0.4792379,me_enedwaith_region,1,,no,deliberately unclaimed,wild_enedwaith
me_land_1147,GON,0.5313797,0.5671715,me_anorien_region,1,0.1034579,no,Gondor fiefs from Anfalas to the Anduin,accepted_source_side_envelope
me_land_1148,UMB,0.5482295,0.8431851,me_near_harad_region,9,0.1204464,no,Umbar coast and corsair hinterland,accepted_source_side_envelope
me_land_1149,ISE,0.4573871,0.4455300,me_rohan_region,1,0.0247078,no,compact Nan Curunir vale north of the Fords of Isen,accepted_frontier_polygon
me_land_1150,WILD,0.4202686,0.1817294,me_north_arnor_region,1,,no,deliberately unclaimed,wild_unclaimed
me_land_1151,WILD,0.3221001,0.1426478,me_north_arnor_region,1,,no,deliberately unclaimed,wild_unclaimed
me_land_1152,WILD,0.4478632,0.1695164,me_north_arnor_region,1,,no,deliberately unclaimed,wild_unclaimed
me_land_1153,WILD,0.4822955,0.1446019,me_north_arnor_region,1,,no,deliberately unclaimed,wild_unclaimed
me_land_1154,KHA,0.8341880,0.7620909,me_khand_region,9,0.1597783,no,"Khand east and southeast of Mordor, excluding Far Harad",accepted_frontier_polygon
me_land_1155,LIN,0.2849817,0.3468490,me_lindon_region,1,0.1299915,no,Lindon west of the Blue Mountains,accepted_source_side_envelope
me_land_1156,WILD,0.6070818,0.6839277,me_ithilien_region,1,,no,deliberately unclaimed,wild_ithilien
me_land_1157,GON,0.5531136,0.6629213,me_lebennin_region,1,0.0719450,no,Gondor fiefs from Anfalas to the Anduin,accepted_source_side_envelope
me_land_1158,RH2,0.7750916,0.4127992,me_rhun_region,9,0.0801590,no,southeastern Rhûn wain-kingdom beyond the Sea of Rhûn,accepted_frontier_polygon
me_land_1159,WILD,0.6581197,0.4509038,me_brown_lands_region,9,,no,deliberately unclaimed,wild_unclaimed
me_land_1160,HNE,0.6549451,0.8280410,me_near_harad_region,9,0.0473204,no,Harnendor between the Poros approaches and the Harnen,accepted_frontier_polygon
me_land_1161,LIN,0.2510379,0.1299463,me_lindon_region,1,0.1509096,no,Lindon west of the Blue Mountains,accepted_source_side_envelope
me_land_1162,RH3,0.8239316,0.2574499,me_rhun_region,9,0.0579856,no,northeastern Rhûn confederation beyond the Iron Hills,accepted_frontier_polygon
me_land_1163,WILD,0.8134310,0.6809966,me_mordor_region,9,,no,deliberately unclaimed,wild_unclaimed
me_land_1164,WILD,0.6485958,0.1968735,me_rhun_region,1,,no,deliberately unclaimed,wild_unclaimed
me_land_1165,WILD,0.6378510,0.2677088,me_mirkwood_region,9,,no,deliberately unclaimed,wild_unclaimed
me_land_1166,DOR,0.6656899,0.3957010,me_rhun_region,9,0.0584499,no,Dorwinion around the northwest Sea of Rhûn,accepted_source_side_envelope
me_land_1167,WILD,0.6429792,0.3136297,me_mirkwood_region,1,,no,deliberately unclaimed,wild_unclaimed
me_land_1168,WILD,0.6627595,0.0742550,me_northern_wastes_region,5,,no,deliberately unclaimed,wild_forodwaith
me_land_1169,GON,0.6161172,0.7054226,me_south_gondor_region,1,0.1209148,no,Gondor fiefs from Anfalas to the Anduin,accepted_source_side_envelope
me_land_1170,WILD,0.4063492,0.0151441,me_angmar_region,5,,no,deliberately unclaimed,wild_unclaimed
me_land_1171,WILD,0.5934066,0.6311676,me_ithilien_region,1,,no,deliberately unclaimed,wild_ithilien
me_land_1172,WILD,0.7228327,0.4675134,me_rhun_region,9,,no,deliberately unclaimed,wild_unclaimed
me_land_1173,WILD,0.7399267,0.4606742,me_rhun_region,9,,no,deliberately unclaimed,wild_unclaimed
me_land_1174,WILD,0.7931624,0.9252565,me_far_harad_region,10,,no,deliberately unclaimed,wild_unclaimed
me_land_1175,UMB,0.5357753,0.9423547,me_umbar_region,9,0.0526895,no,Umbar coast and corsair hinterland,accepted_source_side_envelope
me_land_1176,WILD,0.3177045,0.2545188,me_shire_breeland_region,1,,no,deliberately unclaimed,wild_buffer
me_land_1177,GON,0.5804640,0.7288715,me_south_gondor_region,1,0.1176652,no,Gondor fiefs from Anfalas to the Anduin,accepted_source_side_envelope
me_land_1178,WILD,0.7604396,0.7151930,me_mordor_region,9,,no,deliberately unclaimed,wild_unclaimed
me_land_1179,WILD,0.3938950,0.5036639,me_enedwaith_region,1,,no,deliberately unclaimed,wild_enedwaith
me_land_1180,GUN,0.5431013,0.1304348,me_grey_mountains_region,3,0.0861707,no,Gundabad and the northern mountain junction,accepted_source_side_envelope
me_land_1181,WILD,0.6002442,0.6453346,me_ithilien_region,1,,no,deliberately unclaimed,wild_ithilien
me_land_1182,BLU,0.2661783,0.1885686,me_lindon_region,2,0.0520429,no,Surviving Ered Luin halls,accepted_source_side_envelope
me_land_1183,WILD,0.6046398,0.4518808,me_brown_lands_region,9,,no,deliberately unclaimed,wild_unclaimed
me_land_1184,RHU,0.7350427,0.1734245,me_rhun_region,1,0.1036911,no,western Rhûn polity north and east of Dorwinion,accepted_frontier_polygon
me_land_1185,WILD,0.7404151,0.7020029,me_mordor_region,9,,no,deliberately unclaimed,wild_unclaimed
me_land_1186,WILD,0.6571429,0.0962384,me_northern_wastes_region,5,,no,deliberately unclaimed,wild_forodwaith
me_land_1187,MOR,0.6805861,0.5427455,me_mordor_region,1,0.0792810,no,Mordor inside the source-reviewed Ered Lithui and Ephel Duath enclosure,accepted_frontier_polygon
me_land_1188,GON,0.3648352,0.6609673,me_belfalas_region,1,0.4295472,no,Gondor fiefs from Anfalas to the Anduin,accepted_source_side_envelope
me_land_1189,WILD,0.3951160,0.1651197,me_north_arnor_region,1,,no,deliberately unclaimed,wild_unclaimed
me_land_1190,LOS,0.2798535,0.1152907,me_forochel_region,1,0.1336864,no,Lossoth settlements around the Icebay,accepted_source_side_envelope
me_land_1191,UMB,0.5238095,0.8861749,me_umbar_region,9,0.0570230,no,Umbar coast and corsair hinterland,accepted_source_side_envelope
me_land_1192,WILD,0.4532357,0.4855887,me_enedwaith_region,1,,no,deliberately unclaimed,wild_unclaimed
me_land_1193,DOR,0.7103785,0.4074255,me_rhun_region,1,0.0761810,no,Dorwinion around the northwest Sea of Rhûn,accepted_source_side_envelope
me_land_1194,MOR,0.6434676,0.6326331,me_mordor_region,1,0.0591337,no,Mordor inside the source-reviewed Ered Lithui and Ephel Duath enclosure,accepted_frontier_polygon
me_land_1195,SHI,0.3421245,0.2638007,me_shire_breeland_region,1,0.0355711,no,Shire bounds west of the Brandywine,accepted_source_side_envelope
me_land_1196,ROH,0.5465201,0.5437225,me_rohan_region,1,0.0958793,no,"The Mark between Isen, Anduin, and White Mountains",accepted_source_side_envelope
me_land_1197,UMB,0.5045177,0.9726429,me_umbar_region,9,0.0383758,no,Umbar coast and corsair hinterland,accepted_source_side_envelope
me_land_1198,ROH,0.4556777,0.5163654,me_rohan_region,1,0.0887151,no,"The Mark between Isen, Anduin, and White Mountains",accepted_source_side_envelope
me_land_1199,WILD,0.7079365,0.8749389,me_khand_region,10,,no,deliberately unclaimed,wild_unclaimed
me_land_1200,WILD,0.8039072,0.9931607,me_far_harad_region,10,,no,deliberately unclaimed,wild_unclaimed
me_land_1201,DOL,0.5467643,0.3595506,me_mirkwood_region,3,0.0202477,no,Arda Maps Mirkwood polygon: southern Dol Guldur shadow; Dol Guldur's southern Mirkwood shadow; Dol Guldur's southern Mirkwood shadow,accepted_source_zone_overlap
me_land_1202,KHA,0.7081807,0.7283830,me_khand_region,1,0.0945336,no,"Khand east and southeast of Mordor, excluding Far Harad",accepted_frontier_polygon
me_land_1203,KHA,0.8275946,0.8221788,me_khand_region,10,0.1673023,no,"Khand east and southeast of Mordor, excluding Far Harad",accepted_frontier_polygon
me_land_1204,WILD,0.6222222,0.4152418,me_brown_lands_region,9,,no,deliberately unclaimed,wild_unclaimed
me_land_1205,WILD,0.4454212,0.3595506,me_enedwaith_region,1,,no,deliberately unclaimed,wild_unclaimed
me_land_1206,GON,0.4449328,0.5872008,me_belfalas_region,1,0.2675575,no,Gondor fiefs from Anfalas to the Anduin,accepted_source_side_envelope
me_land_1207,DAM,0.5108669,0.7054226,me_belfalas_region,1,0.0543781,no,Dol Amroth and Belfalas peninsula,accepted_source_side_envelope
me_land_1208,WILD,0.7965812,0.6184660,me_mordor_region,9,,no,deliberately unclaimed,wild_unclaimed
me_land_1209,WILD,0.8102564,0.0830484,me_northern_wastes_region,1,,no,deliberately unclaimed,wild_forodwaith
me_land_1210,WILD,0.7579976,0.1182218,me_northern_wastes_region,1,,no,deliberately unclaimed,wild_forodwaith
me_land_1211,WILD,0.8158730,0.5403029,me_mordor_region,9,,no,deliberately unclaimed,wild_unclaimed
me_land_1212,WILD,0.3457875,0.2022472,me_north_arnor_region,1,,no,deliberately unclaimed,wild_unclaimed
me_land_1213,GON,0.4427350,0.5681485,me_belfalas_region,1,0.2742810,no,Gondor fiefs from Anfalas to the Anduin,accepted_source_side_envelope
me_land_1214,WILD,0.7746032,0.5583781,me_mordor_region,9,,no,deliberately unclaimed,wild_unclaimed
me_land_1215,HRA,0.7274725,0.9272106,me_far_harad_region,10,0.1195262,no,"Qarsad's inland Near Harad sphere, separated from Harnendor and Khand",accepted_frontier_polygon
me_land_1216,LIN,0.3037851,0.2515877,me_lindon_region,1,0.0275820,no,Lindon west of the Blue Mountains,accepted_source_side_envelope
me_land_1217,GON,0.5692308,0.6170005,me_anorien_region,1,0.0187627,no,Gondor fiefs from Anfalas to the Anduin,accepted_source_side_envelope
me_land_1218,HRA,0.6759463,0.9599414,me_far_harad_region,10,0.0899613,no,"Qarsad's inland Near Harad sphere, separated from Harnendor and Khand",accepted_frontier_polygon
me_land_1219,HFA,0.5931624,0.9755740,me_far_harad_region,10,0.0262638,no,represented northern fringe of Far Harad,accepted_frontier_polygon
me_land_1220,RH2,0.7577534,0.4352711,me_rhun_region,9,0.1200428,no,southeastern Rhûn wain-kingdom beyond the Sea of Rhûn,accepted_frontier_polygon
me_land_1221,MOR,0.6373626,0.6116268,me_mordor_region,8,0.0403956,no,Mordor inside the source-reviewed Ered Lithui and Ephel Duath enclosure,accepted_frontier_polygon
me_land_1222,WILD,0.8148962,0.1001466,me_northern_wastes_region,1,,no,deliberately unclaimed,wild_forodwaith
me_land_1223,WILD,0.3321123,0.1958964,me_north_arnor_region,1,,no,deliberately unclaimed,wild_unclaimed
me_land_1224,WILD,0.4481074,0.1851490,me_north_arnor_region,1,,no,deliberately unclaimed,wild_unclaimed
me_land_1225,WILD,0.4373626,0.0674157,me_angmar_region,5,,no,deliberately unclaimed,wild_unclaimed
me_land_1226,WILD,0.6818071,0.9985344,me_far_harad_region,10,,no,deliberately unclaimed,wild_unclaimed
me_land_1227,MOR,0.6214896,0.5456766,me_mordor_region,1,0.0530188,no,Mordor inside the source-reviewed Ered Lithui and Ephel Duath enclosure,accepted_frontier_polygon
me_land_1228,GON,0.5553114,0.5911089,me_anorien_region,1,0.0499722,no,beacon: Min-Rimmon is a maintained Gondorian warning beacon.,accepted_required_frontier_owner
me_land_1229,WILD,0.8349206,0.2882267,me_rhun_region,9,,no,deliberately unclaimed,wild_unclaimed
me_land_1230,WILD,0.7731380,0.5530044,me_mordor_region,9,,no,deliberately unclaimed,wild_unclaimed
me_land_1231,MOR,0.6317460,0.5999023,me_mordor_region,8,0.0360867,no,Mordor inside the source-reviewed Ered Lithui and Ephel Duath enclosure,accepted_frontier_polygon
me_land_1232,HFA,0.6210012,0.9531021,me_far_harad_region,10,0.0720275,no,represented northern fringe of Far Harad,accepted_frontier_polygon
me_land_1233,WILD,0.6388278,0.4342941,me_brown_lands_region,9,,no,deliberately unclaimed,wild_unclaimed
me_land_1234,WILD,0.5699634,0.4538349,me_brown_lands_region,9,,no,deliberately unclaimed,wild_unclaimed
me_land_1235,LIN,0.3140415,0.2672203,me_lindon_region,1,0.0421817,no,Lindon west of the Blue Mountains,accepted_source_side_envelope
me_land_1236,MOR,0.6788767,0.6091842,me_mordor_region,9,0.0782535,no,Mordor inside the source-reviewed Ered Lithui and Ephel Duath enclosure,accepted_frontier_polygon
me_land_1237,UMB,0.5018315,0.9838788,me_umbar_region,9,0.0506854,no,Umbar coast and corsair hinterland,accepted_source_side_envelope
me_land_1238,RH2,0.8239316,0.3321935,me_rhun_region,9,0.0510682,no,southeastern Rhûn wain-kingdom beyond the Sea of Rhûn,accepted_frontier_polygon
me_land_1239,ROH,0.5006105,0.5192965,me_rohan_region,1,0.0194088,no,"The Mark between Isen, Anduin, and White Mountains",accepted_source_side_envelope
me_land_1240,ROH,0.5035409,0.5539814,me_rohan_region,1,0.0184680,no,rohan-mountain: Dwimorberg stands above Rohan's Paths of the Dead.,accepted_required_frontier_owner
me_land_1241,WILD,0.4043956,0.1558378,me_north_arnor_region,1,,no,deliberately unclaimed,wild_unclaimed
me_land_1242,RH2,0.8190476,0.3742062,me_rhun_region,9,0.0451352,no,southeastern Rhûn wain-kingdom beyond the Sea of Rhûn,accepted_frontier_polygon
me_land_1243,WILD,0.8065934,0.0796287,me_northern_wastes_region,1,,no,deliberately unclaimed,wild_forodwaith
me_land_1244,HNE,0.5968254,0.8089888,me_near_harad_region,9,0.0855298,no,Harnendor between the Poros approaches and the Harnen,accepted_frontier_polygon
me_land_1245,WILD,0.3936508,0.3131412,me_enedwaith_region,1,,no,deliberately unclaimed,wild_unclaimed
me_land_1246,DAM,0.5211233,0.6511969,me_belfalas_region,1,0.0676342,no,Dol Amroth and Belfalas peninsula,accepted_source_side_envelope
me_land_1247,DOL,0.5894994,0.3624817,me_mirkwood_region,1,0.0676249,no,Arda Maps Mirkwood polygon: southern Dol Guldur shadow; Dol Guldur's southern Mirkwood shadow; Dol Guldur's southern Mirkwood shadow,accepted_source_zone_overlap
me_land_1248,MOA,0.4908425,0.3102101,me_anduin_vale_region,1,0.0253460,no,Moria and immediate Dimrill/Sirannon approaches,accepted_source_side_envelope
me_land_1249,ROH,0.4735043,0.5031754,me_rohan_region,1,0.0613591,no,"The Mark between Isen, Anduin, and White Mountains",accepted_source_side_envelope
me_land_1250,KHA,0.8017094,0.7523205,me_khand_region,9,0.0940904,no,"Khand east and southeast of Mordor, excluding Far Harad",accepted_frontier_polygon
me_land_1251,ANG,0.4380952,0.1612115,me_north_arnor_region,1,0.0255975,no,compact Mount Gram remnant with Carn Dum retained only as a forced fastness,accepted_frontier_polygon
me_land_1252,UMB,0.5704518,0.8549096,me_near_harad_region,9,0.1459839,no,Umbar coast and corsair hinterland,accepted_source_side_envelope
me_land_1253,SHI,0.3343101,0.2208109,me_shire_breeland_region,1,0.0252899,no,Shire bounds west of the Brandywine,accepted_source_side_envelope
me_land_1254,UMB,0.4761905,0.9545677,me_umbar_region,9,0.0695268,no,Umbar coast and corsair hinterland,accepted_source_side_envelope
me_land_1255,BEO,0.5384615,0.2510992,me_anduin_vale_region,1,0.0602892,no,Beorning crossings and upper Anduin vales,accepted_source_side_envelope
me_land_1256,WILD,0.4449328,0.2481681,me_north_arnor_region,1,,no,deliberately unclaimed,wild_buffer
me_land_1257,WILD,0.4656899,0.2139717,me_north_arnor_region,2,,no,deliberately unclaimed,wild_unclaimed
me_land_1258,WILD,0.6923077,0.4797264,me_rhun_region,9,,no,deliberately unclaimed,wild_unclaimed
me_land_1259,WILD,0.5992674,0.6106497,me_ithilien_region,1,,no,emptied-ithilien: The Cross-roads sits in deserted Ithilien and has no active sovereign control.,accepted_required_frontier_owner
me_land_1260,LOR,0.5213675,0.3854421,me_anduin_vale_region,1,0.0294916,no,Arda Maps Golden Wood / Naith physical polygon; Naith between Misty foothills and Anduin; Lothlórien's Naith east of the Misty crest and west of Anduin,accepted_source_zone_overlap
me_land_1261,WILD,0.6415140,0.0869565,me_northern_wastes_region,5,,no,deliberately unclaimed,wild_forodwaith
me_land_1262,RHU,0.7501832,0.2716170,me_rhun_region,9,0.0451456,no,western Rhûn polity north and east of Dorwinion,accepted_frontier_polygon
me_land_1263,WILD,0.8119658,0.5173425,me_rhun_region,9,,no,deliberately unclaimed,wild_unclaimed
me_land_1264,WILD,0.5172161,0.1211529,me_grey_mountains_region,1,,no,abandoned: Framsburg is a deserted Eotheod ruin.,accepted_required_frontier_owner
me_land_1265,RHU,0.7667888,0.2628236,me_rhun_region,9,0.0143420,no,western Rhûn polity north and east of Dorwinion,accepted_frontier_polygon
me_land_1266,DAM,0.5118437,0.7147044,me_belfalas_region,1,0.0618181,no,Dol Amroth and Belfalas peninsula,accepted_source_side_envelope
me_land_1267,GUN,0.4896215,0.0928188,me_angmar_region,5,0.0272218,no,Gundabad and the northern mountain junction,accepted_source_side_envelope
me_land_1268,WILD,0.5792430,0.1157792,me_northern_wastes_region,1,,no,deliberately unclaimed,wild_forodwaith
me_land_1269,GON,0.5687424,0.5974597,me_anorien_region,1,0.0233840,no,beacon: Nardol is a maintained Gondorian warning beacon.,accepted_required_frontier_owner
me_land_1270,GON,0.5067155,0.5627748,me_belfalas_region,1,0.1509177,no,Gondor fiefs from Anfalas to the Anduin,accepted_source_side_envelope
me_land_1271,MOR,0.6761905,0.6409380,me_mordor_region,8,0.0931554,no,Mordor inside the source-reviewed Ered Lithui and Ephel Duath enclosure,accepted_frontier_polygon
me_land_1272,WILD,0.5694750,0.4479726,me_brown_lands_region,9,,no,deliberately unclaimed,wild_unclaimed
me_land_1273,DUN,0.4246642,0.4909624,me_enedwaith_region,1,0.0290244,no,"Dunland lowlands west of Isen and the Gap, south of Glanduin",accepted_frontier_polygon
me_land_1274,WILD,0.6002442,0.6634099,me_ithilien_region,1,,no,deliberately unclaimed,wild_ithilien
me_land_1275,WILD,0.7807082,0.5095261,me_rhun_region,9,,no,deliberately unclaimed,wild_unclaimed
me_land_1276,ROH,0.5308913,0.4640938,me_rohan_region,9,0.0983054,no,"The Mark between Isen, Anduin, and White Mountains",accepted_source_side_envelope
me_land_1277,WILD,0.6043956,0.5168539,me_brown_lands_region,9,,no,deliberately unclaimed,wild_unclaimed
me_land_1278,WILD,0.5601954,0.4294089,me_brown_lands_region,9,,no,deliberately unclaimed,wild_unclaimed
me_land_1279,RHU,0.7155067,0.1729360,me_rhun_region,1,0.1334801,no,western Rhûn polity north and east of Dorwinion,accepted_frontier_polygon
me_land_1280,GON,0.5179487,0.7503664,me_belfalas_region,1,0.1839729,no,occupied-claim: Tolfalas is the Gondorian island at the mouths of Anduin.,accepted_required_frontier_owner
me_land_1281,WILD,0.7997558,0.7166585,me_mordor_region,9,,no,deliberately unclaimed,wild_unclaimed
me_land_1282,LOS,0.3372405,0.1099170,me_forochel_region,1,0.0454130,no,Lossoth settlements around the Icebay,accepted_source_side_envelope
me_land_1283,WILD,0.4412698,0.1934538,me_north_arnor_region,1,,no,deliberately unclaimed,wild_unclaimed
me_land_1284,DOL,0.5582418,0.3321935,me_mirkwood_region,3,0.0200439,no,Arda Maps Mirkwood polygon: southern Dol Guldur shadow; Dol Guldur's southern Mirkwood shadow; Dol Guldur's southern Mirkwood shadow,accepted_source_zone_overlap
me_land_1285,GON,0.5528694,0.6003908,me_anorien_region,1,0.0517591,no,Gondor fiefs from Anfalas to the Anduin,accepted_source_side_envelope
me_land_1286,GON,0.5001221,0.5857352,me_belfalas_region,1,0.1581708,no,Gondor fiefs from Anfalas to the Anduin,accepted_source_side_envelope
me_land_1287,FAN,0.4781441,0.4338056,me_rohan_region,1,0.0274962,no,Arda Maps Fangorn physical woodland polygon; Fangorn source forest and Entwash headwaters,accepted_source_zone_overlap
me_land_1288,WILD,0.5975580,0.6546165,me_ithilien_region,1,,no,deliberately unclaimed,wild_ithilien
me_land_1289,WILD,0.4112332,0.3009282,me_enedwaith_region,1,,no,deliberately unclaimed,wild_unclaimed
me_land_1290,WOO,0.5831502,0.1333659,me_dale_region,3,0.0247842,no,Arda Maps Mirkwood polygon: northern/eastern Woodland Realm; Thranduil's northern and eastern Mirkwood; Woodland Realm in northern and northeastern Mirkwood,accepted_source_zone_overlap
me_land_1291,RH3,0.8090354,0.1822179,me_rhun_region,1,0.0282328,no,northeastern Rhûn confederation beyond the Iron Hills,accepted_frontier_polygon
me_land_1292,UMB,0.5221001,0.8729849,me_umbar_region,9,0.0674466,no,Umbar coast and corsair hinterland,accepted_source_side_envelope
me_land_1293,WILD,0.8363858,0.6844162,me_mordor_region,9,,no,deliberately unclaimed,wild_unclaimed
me_land_1294,WILD,0.3186813,0.2491451,me_shire_breeland_region,1,,no,deliberately unclaimed,wild_buffer
me_land_1295,WILD,0.8161172,0.1191988,me_northern_wastes_region,1,,no,deliberately unclaimed,wild_forodwaith
me_land_1296,WILD,0.6764347,0.2520762,me_rhun_region,1,,no,deliberately unclaimed,wild_unclaimed
me_land_1297,HRA,0.6529915,0.8588178,me_near_harad_region,10,0.0454153,no,"Qarsad's inland Near Harad sphere, separated from Harnendor and Khand",accepted_frontier_polygon
me_land_1298,WILD,0.4185592,0.4904739,me_enedwaith_region,1,,no,deliberately unclaimed,wild_enedwaith
me_land_1299,DOR,0.6717949,0.3150953,me_rhun_region,9,0.0443613,no,Dorwinion around the northwest Sea of Rhûn,accepted_source_side_envelope
me_land_1300,LIN,0.2710623,0.2613581,me_lindon_region,1,0.0839183,no,Lindon west of the Blue Mountains,accepted_source_side_envelope
me_land_1301,WILD,0.7372405,0.5642404,me_mordor_region,8,,no,deliberately unclaimed,wild_unclaimed
me_land_1302,WILD,0.8273504,0.6536395,me_mordor_region,9,,no,deliberately unclaimed,wild_unclaimed
me_land_1303,WILD,0.7846154,0.6194431,me_mordor_region,9,,no,deliberately unclaimed,wild_unclaimed
me_land_1304,BEO,0.5282051,0.2178798,me_anduin_vale_region,1,0.0262913,no,Beorning crossings and upper Anduin vales,accepted_source_side_envelope
me_land_1305,GON,0.5665446,0.7107963,me_lebennin_region,1,0.1021799,no,Gondor fiefs from Anfalas to the Anduin,accepted_source_side_envelope
me_land_1306,DOR,0.6891331,0.3150953,me_rhun_region,1,0.0372315,no,Dorwinion around the northwest Sea of Rhûn,accepted_source_side_envelope
me_land_1307,DAM,0.5054945,0.6126038,me_belfalas_region,1,0.0686164,no,Dol Amroth and Belfalas peninsula,accepted_source_side_envelope
me_land_1308,WILD,0.7089133,0.7039570,me_mordor_region,8,,no,deliberately unclaimed,wild_unclaimed
me_land_1309,WILD,0.4290598,0.5217391,me_enedwaith_region,1,,no,deliberately unclaimed,wild_unclaimed
me_land_1310,WILD,0.5912088,0.3834880,me_brown_lands_region,9,,no,deliberately unclaimed,wild_unclaimed
me_land_1311,LIN,0.2576313,0.2955545,me_lindon_region,1,0.1242262,no,Lindon west of the Blue Mountains,accepted_source_side_envelope
me_land_1312,GON,0.4967033,0.5759648,me_belfalas_region,1,0.1667162,no,Gondor fiefs from Anfalas to the Anduin,accepted_source_side_envelope
me_land_1313,WILD,0.4405372,0.3991207,me_enedwaith_region,1,,no,deliberately unclaimed,wild_unclaimed
me_land_1314,LIN,0.2554335,0.1426478,me_lindon_region,1,0.1361021,no,Lindon west of the Blue Mountains,accepted_source_side_envelope
me_land_1315,RHU,0.6947497,0.2056668,me_rhun_region,1,0.1568944,no,western Rhûn polity north and east of Dorwinion,accepted_frontier_polygon
me_land_1316,RH2,0.7990232,0.3468490,me_rhun_region,9,0.0037074,yes,realm-seat: Wainhold is the explicitly invented Wainrider realm seat.,accepted_required_frontier_owner
me_land_1317,MOR,0.6417582,0.6624328,me_mordor_region,8,0.0890401,no,Mordor inside the source-reviewed Ered Lithui and Ephel Duath enclosure,accepted_frontier_polygon
me_land_1318,UMB,0.5372405,0.8622374,me_umbar_region,9,0.0918556,no,Umbar coast and corsair hinterland,accepted_source_side_envelope
me_land_1319,WILD,0.3225885,0.3434294,me_enedwaith_region,2,,no,deliberately unclaimed,wild_unclaimed
me_land_1320,WILD,0.7308913,0.7063996,me_mordor_region,9,,no,deliberately unclaimed,wild_unclaimed
me_land_1321,ROH,0.4678877,0.4885198,me_rohan_region,1,0.0791573,no,occupied-strongpoint: The Fords of Isen are Rohan's Westfold strongpoint at TA 3018.,accepted_required_frontier_owner
me_land_1322,WILD,0.5391941,0.4171959,me_anduin_vale_region,9,,no,unsettled-battlefield: The Field of Celebrant is not an occupied TA 3018 state holding.,accepted_required_frontier_owner
me_land_1323,WILD,0.3648352,0.4206155,me_enedwaith_region,1,,no,deliberately unclaimed,wild_enedwaith
me_land_1324,GON,0.5714286,0.7283830,me_lebennin_region,1,0.1178603,no,Gondor fiefs from Anfalas to the Anduin,accepted_source_side_envelope
me_land_1325,WILD,0.3770452,0.1700049,me_north_arnor_region,1,,no,deliberately unclaimed,wild_unclaimed
me_land_1326,WILD,0.7272283,0.6458232,me_mordor_region,8,,no,deliberately unclaimed,wild_unclaimed
me_land_1327,MOR,0.6307692,0.5446996,me_mordor_region,1,0.0391896,no,Mordor inside the source-reviewed Ered Lithui and Ephel Duath enclosure,accepted_frontier_polygon
me_land_1328,DUN,0.4258852,0.4352711,me_enedwaith_region,1,0.0327283,no,"Dunland lowlands west of Isen and the Gap, south of Glanduin",accepted_frontier_polygon
me_land_1329,WILD,0.3782662,0.4997557,me_enedwaith_region,1,,no,deliberately unclaimed,wild_enedwaith
me_land_1330,WILD,0.7924298,0.0708354,me_northern_wastes_region,1,,no,deliberately unclaimed,wild_forodwaith
me_land_1331,WDM,0.5597070,0.2481681,me_mirkwood_region,3,0.0520344,no,Arda Maps Mirkwood polygon: western Woodmen settlements; Woodmen settlements in western Mirkwood; Woodmen clearings along western and central Mirkwood,accepted_source_zone_overlap
me_land_1332,WILD,0.7846154,0.0141671,me_northern_wastes_region,1,,no,deliberately unclaimed,wild_forodwaith
me_land_1333,WILD,0.8014652,0.6419150,me_mordor_region,9,,no,deliberately unclaimed,wild_unclaimed
me_land_1334,BRE,0.3811966,0.2271617,me_shire_breeland_region,1,0.0431532,no,frontier-crossing: Brandywine Bridge resolves to the Bree-land side of the Shire frontier.,accepted_required_frontier_owner
me_land_1335,GUN,0.4896215,0.0683928,me_angmar_region,5,0.0425437,no,Gundabad and the northern mountain junction,accepted_source_side_envelope
me_land_1336,HRA,0.7174603,0.8969223,me_near_harad_region,10,0.0890861,no,"Qarsad's inland Near Harad sphere, separated from Harnendor and Khand",accepted_frontier_polygon
me_land_1337,WILD,0.4266178,0.3063019,me_enedwaith_region,1,,no,deliberately unclaimed,wild_unclaimed
me_land_1338,WILD,0.7768010,0.6414265,me_mordor_region,9,,no,deliberately unclaimed,wild_unclaimed
me_land_1339,WILD,0.6029304,0.4885198,me_brown_lands_region,1,,no,deliberately unclaimed,wild_unclaimed
me_land_1340,WILD,0.4188034,0.2623351,me_north_arnor_region,1,,no,deliberately unclaimed,wild_unclaimed
me_land_1341,DAL,0.6351648,0.2149487,me_dale_region,1,0.0938974,no,Dale and the upper Celduin plain,accepted_source_side_envelope
me_land_1342,WILD,0.8048840,0.6897899,me_mordor_region,9,,no,deliberately unclaimed,wild_unclaimed
me_land_1343,RHU,0.7951160,0.2256961,me_rhun_region,9,0.0558026,no,western Rhûn polity north and east of Dorwinion,accepted_frontier_polygon
me_land_1344,UMB,0.5460317,0.8637030,me_umbar_region,9,0.1023444,no,Umbar coast and corsair hinterland,accepted_source_side_envelope
me_land_1345,GON,0.5252747,0.6468002,me_lebennin_region,1,0.1115856,no,Gondor fiefs from Anfalas to the Anduin,accepted_source_side_envelope
me_land_1346,WILD,0.3860806,0.2681974,me_shire_breeland_region,1,,no,deliberately unclaimed,wild_reviewed_component: east of the reviewed Brandywine Shire claim at the Bree frontier
me_land_1347,KHA,0.7706960,0.8295066,me_khand_region,10,0.0962219,no,"Khand east and southeast of Mordor, excluding Far Harad",accepted_frontier_polygon
me_land_1348,MOR,0.6869353,0.5315095,me_mordor_region,9,0.0954988,no,Mordor inside the source-reviewed Ered Lithui and Ephel Duath enclosure,accepted_frontier_polygon
me_land_1349,WILD,0.4119658,0.1670738,me_north_arnor_region,1,,no,deliberately unclaimed,wild_unclaimed
me_land_1350,WILD,0.7323565,0.5661944,me_mordor_region,8,,no,deliberately unclaimed,wild_unclaimed
me_land_1351,WILD,0.5159951,0.0879336,me_northern_wastes_region,5,,no,abandoned: The Grey Mountain dwarf-holds have no TA 3018 ruler.,accepted_required_frontier_owner
me_land_1352,MOR,0.6783883,0.5368832,me_mordor_region,1,0.0778300,no,Mordor inside the source-reviewed Ered Lithui and Ephel Duath enclosure,accepted_frontier_polygon
me_land_1353,ROH,0.4693529,0.5051295,me_rohan_region,1,0.0673479,no,"The Mark between Isen, Anduin, and White Mountains",accepted_source_side_envelope
me_land_1354,WILD,0.7267399,0.9731314,me_far_harad_region,10,,no,deliberately unclaimed,wild_unclaimed
me_land_1355,GON,0.4549451,0.5994138,me_belfalas_region,1,0.2467322,no,Gondor fiefs from Anfalas to the Anduin,accepted_source_side_envelope
me_land_1356,UMB,0.4510379,0.9848559,me_umbar_region,9,0.1271171,no,Umbar coast and corsair hinterland,accepted_source_side_envelope
me_land_1357,WILD,0.8210012,0.6355642,me_mordor_region,9,,no,deliberately unclaimed,wild_unclaimed
me_land_1358,WILD,0.3587302,0.1895457,me_north_arnor_region,1,,no,deliberately unclaimed,wild_unclaimed
me_land_1359,MOR,0.7064713,0.5906204,me_mordor_region,8,0.1260056,no,Mordor inside the source-reviewed Ered Lithui and Ephel Duath enclosure,accepted_frontier_polygon
me_land_1360,HRA,0.6744811,0.9003420,me_near_harad_region,10,0.0303597,no,"Qarsad's inland Near Harad sphere, separated from Harnendor and Khand",accepted_frontier_polygon
me_land_1361,WILD,0.4166056,0.4167074,me_enedwaith_region,1,,no,deliberately unclaimed,wild_enedwaith
me_land_1362,WILD,0.4766789,0.1665852,me_north_arnor_region,1,,no,deliberately unclaimed,wild_unclaimed
me_land_1363,GON,0.5741148,0.7484123,me_lebennin_region,9,0.1373557,no,Gondor fiefs from Anfalas to the Anduin,accepted_source_side_envelope
me_land_1364,MOR,0.6349206,0.5891549,me_mordor_region,8,0.0240470,no,Mordor inside the source-reviewed Ered Lithui and Ephel Duath enclosure,accepted_frontier_polygon
me_land_1365,WILD,0.6295482,0.2686859,me_mirkwood_region,9,,no,deliberately unclaimed,wild_unclaimed
me_land_1366,WILD,0.6918193,0.4606742,me_rhun_region,9,,no,deliberately unclaimed,wild_unclaimed
me_land_1367,UMB,0.5472527,0.9242794,me_umbar_region,9,0.0760739,no,Umbar coast and corsair hinterland,accepted_source_side_envelope
me_land_1368,ROH,0.5296703,0.4934050,me_rohan_region,1,0.0765741,no,"The Mark between Isen, Anduin, and White Mountains",accepted_source_side_envelope
me_land_1369,HFA,0.5719170,0.9833903,me_far_harad_region,10,0.0386092,no,represented northern fringe of Far Harad,accepted_frontier_polygon
me_land_1370,WILD,0.4608059,0.1748901,me_north_arnor_region,1,,no,deliberately unclaimed,wild_unclaimed
me_land_1371,WILD,0.7416361,0.4997557,me_rhun_region,9,,no,deliberately unclaimed,wild_unclaimed
me_land_1372,IRO,0.6913309,0.1778212,me_rhun_region,1,0.0393811,no,Iron Hills source label and adjacent holds,accepted_source_side_envelope
me_land_1373,WOO,0.5924298,0.2936004,me_mirkwood_region,1,0.1370170,no,Arda Maps Mirkwood polygon: northern/eastern Woodland Realm; Thranduil's northern and eastern Mirkwood; Woodland Realm in northern and northeastern Mirkwood,accepted_source_zone_overlap
me_land_1374,WILD,0.7897436,0.9062042,me_near_harad_region,10,,no,deliberately unclaimed,wild_unclaimed
me_land_1375,WILD,0.6322344,0.4772838,me_brown_lands_region,9,,no,deliberately unclaimed,wild_unclaimed
me_land_1376,ROH,0.5472527,0.5017098,me_rohan_region,1,0.1038538,no,"The Mark between Isen, Anduin, and White Mountains",accepted_source_side_envelope
me_land_1377,WILD,0.8156288,0.5100147,me_rhun_region,9,,no,deliberately unclaimed,wild_unclaimed
me_land_1378,WILD,0.6437118,0.2408403,me_rhun_region,1,,no,deliberately unclaimed,wild_unclaimed
me_land_1379,WILD,0.6017094,0.0659502,me_northern_wastes_region,5,,no,deliberately unclaimed,wild_forodwaith
me_land_1380,WILD,0.4192918,0.5061065,me_enedwaith_region,1,,no,deliberately unclaimed,wild_enedwaith
me_land_1381,WILD,0.4105006,0.2633122,me_north_arnor_region,1,,no,deliberately unclaimed,wild_unclaimed
me_land_1382,WILD,0.4095238,0.4601856,me_enedwaith_region,1,,no,deliberately unclaimed,wild_enedwaith
me_land_1383,WILD,0.4239316,0.3224231,me_enedwaith_region,1,,no,deliberately unclaimed,wild_unclaimed
me_land_1384,WILD,0.3443223,0.1558378,me_north_arnor_region,1,,no,deliberately unclaimed,wild_unclaimed
me_land_1385,HNE,0.6783883,0.8114314,me_near_harad_region,9,0.0810899,no,Harnendor between the Poros approaches and the Harnen,accepted_frontier_polygon
me_land_1386,BEO,0.5213675,0.2007816,me_anduin_vale_region,3,0.0219391,no,Beorning crossings and upper Anduin vales,accepted_source_side_envelope
me_land_1387,HNE,0.6231990,0.8426966,me_near_harad_region,9,0.0584765,no,Harnendor between the Poros approaches and the Harnen,accepted_frontier_polygon
me_land_1388,WILD,0.6844933,0.0073278,me_northern_wastes_region,5,,no,deliberately unclaimed,wild_forodwaith
me_land_1389,LIN,0.3020757,0.3429409,me_lindon_region,1,0.1176120,no,Lindon west of the Blue Mountains,accepted_source_side_envelope
me_land_1390,WILD,0.4634921,0.2217880,me_north_arnor_region,2,,no,deliberately unclaimed,wild_unclaimed
me_land_1391,WILD,0.4678877,0.1714704,me_north_arnor_region,1,,no,deliberately unclaimed,wild_unclaimed
me_land_1392,RH2,0.7855922,0.3561309,me_rhun_region,9,0.0294606,no,southeastern Rhûn wain-kingdom beyond the Sea of Rhûn,accepted_frontier_polygon
me_land_1393,DAM,0.5084249,0.6712262,me_belfalas_region,1,0.0387066,no,Dol Amroth and Belfalas peninsula,accepted_source_side_envelope
me_land_1394,RH2,0.8293040,0.2911578,me_rhun_region,9,0.0830500,no,southeastern Rhûn wain-kingdom beyond the Sea of Rhûn,accepted_frontier_polygon
me_land_1395,WILD,0.6358974,0.4777723,me_brown_lands_region,9,,no,deliberately unclaimed,wild_unclaimed
me_land_1396,GON,0.5362637,0.6624328,me_lebennin_region,1,0.0981776,no,Gondor fiefs from Anfalas to the Anduin,accepted_source_side_envelope
me_land_1397,DOR,0.6825397,0.2936004,me_rhun_region,9,0.0577901,no,Dorwinion around the northwest Sea of Rhûn,accepted_source_side_envelope
me_land_1398,WILD,0.7557998,0.5955056,me_mordor_region,9,,no,deliberately unclaimed,wild_unclaimed
me_land_1399,WILD,0.7941392,0.0083048,me_northern_wastes_region,1,,no,deliberately unclaimed,wild_forodwaith
me_land_1400,BRE,0.4048840,0.2056668,me_shire_breeland_region,1,0.0266988,no,Bree-land's four-village crossroads,accepted_source_side_envelope
me_land_1401,WILD,0.7995116,0.4865657,me_rhun_region,9,,no,deliberately unclaimed,wild_unclaimed
me_land_1402,WILD,0.6439560,0.4606742,me_brown_lands_region,9,,no,deliberately unclaimed,wild_unclaimed
me_land_1403,KHA,0.8197802,0.8119199,me_khand_region,10,0.1486409,no,"Khand east and southeast of Mordor, excluding Far Harad",accepted_frontier_polygon
me_land_1404,DAM,0.5189255,0.6995603,me_belfalas_region,1,0.0653713,no,Dol Amroth and Belfalas peninsula,accepted_source_side_envelope
me_land_1405,RHU,0.7655678,0.1822179,me_rhun_region,1,0.0683593,no,western Rhûn polity north and east of Dorwinion,accepted_frontier_polygon
me_land_1406,GON,0.5680098,0.6414265,me_lebennin_region,1,0.0363401,no,Gondor fiefs from Anfalas to the Anduin,accepted_source_side_envelope
me_land_1407,WILD,0.7894994,0.1118710,me_northern_wastes_region,1,,no,deliberately unclaimed,wild_forodwaith
me_land_1408,HRA,0.6095238,0.8832438,me_near_harad_region,10,0.1316204,no,"Qarsad's inland Near Harad sphere, separated from Harnendor and Khand",accepted_frontier_polygon
me_land_1409,WILD,0.7186813,0.9711773,me_far_harad_region,10,,no,deliberately unclaimed,wild_unclaimed
me_land_1410,WILD,0.7399267,0.5749878,me_mordor_region,8,,no,deliberately unclaimed,wild_unclaimed
me_land_1411,WILD,0.3689866,0.5227162,me_enedwaith_region,1,,no,deliberately unclaimed,wild_enedwaith
me_land_1412,WILD,0.6534799,0.2198339,me_rhun_region,1,,no,deliberately unclaimed,wild_unclaimed
me_land_1413,UMB,0.5086691,0.9296532,me_umbar_region,1,0.0063173,no,Umbar coast and corsair hinterland,accepted_source_side_envelope
me_land_1414,MOR,0.7047619,0.6463117,me_mordor_region,8,0.1415723,no,Mordor inside the source-reviewed Ered Lithui and Ephel Duath enclosure,accepted_frontier_polygon
me_land_1415,WILD,0.4439560,0.3673669,me_enedwaith_region,1,,no,deliberately unclaimed,wild_unclaimed
me_land_1416,WILD,0.6896215,0.4665364,me_rhun_region,9,,no,deliberately unclaimed,wild_unclaimed
me_land_1417,UMB,0.5042735,0.9623840,me_umbar_region,9,0.0287999,no,Umbar coast and corsair hinterland,accepted_source_side_envelope
me_land_1418,WILD,0.5133089,0.1074744,me_northern_wastes_region,5,,no,deliberately unclaimed,wild_forodwaith
me_land_1419,WILD,0.7973138,0.9193942,me_far_harad_region,10,,no,deliberately unclaimed,wild_unclaimed
me_land_1420,RH2,0.7721612,0.4245237,me_rhun_region,9,0.0930257,no,southeastern Rhûn wain-kingdom beyond the Sea of Rhûn,accepted_frontier_polygon
me_land_1421,UMB,0.5494505,0.8988764,me_umbar_region,9,0.0877008,no,Umbar coast and corsair hinterland,accepted_source_side_envelope
me_land_1422,DAM,0.4798535,0.6287250,me_belfalas_region,1,0.0478508,no,Dol Amroth and Belfalas peninsula,accepted_source_side_envelope
me_land_1423,WILD,0.7655678,0.4953591,me_rhun_region,9,,no,deliberately unclaimed,wild_unclaimed
me_land_1424,KHA,0.7636142,0.7703957,me_khand_region,9,0.0361470,no,"Khand east and southeast of Mordor, excluding Far Harad",accepted_frontier_polygon
me_land_1425,SHI,0.3516484,0.2437714,me_shire_breeland_region,1,0.0181514,no,Shire bounds west of the Brandywine,accepted_source_side_envelope
me_land_1426,MOR,0.7045177,0.5681485,me_mordor_region,8,0.1210502,no,Mordor inside the source-reviewed Ered Lithui and Ephel Duath enclosure,accepted_frontier_polygon
me_land_1427,ESG,0.6014652,0.2090865,me_dale_region,3,0.0464318,no,Lake-town and Long Lake shore,accepted_source_side_envelope
me_land_1428,MOR,0.6217338,0.6067416,me_mordor_region,8,0.0556478,no,Mordor inside the source-reviewed Ered Lithui and Ephel Duath enclosure,accepted_frontier_polygon
me_land_1429,LIN,0.2918193,0.2921348,me_lindon_region,1,0.0745111,no,Lindon west of the Blue Mountains,accepted_source_side_envelope
me_land_1430,WILD,0.5382173,0.2989741,me_anduin_vale_region,1,,no,deliberately unclaimed,wild_buffer
me_land_1431,GON,0.4800977,0.5832926,me_belfalas_region,1,0.1981296,no,Gondor fiefs from Anfalas to the Anduin,accepted_source_side_envelope
me_land_1432,MOR,0.6505495,0.6052760,me_mordor_region,8,0.0343203,no,Mordor inside the source-reviewed Ered Lithui and Ephel Duath enclosure,accepted_frontier_polygon
me_land_1433,WILD,0.6239316,0.6912555,me_ithilien_region,9,,no,deliberately unclaimed,wild_ithilien
me_land_1434,LOS,0.3140415,0.0185638,me_forochel_region,5,0.0727968,no,Lossoth settlements around the Icebay,accepted_source_side_envelope
me_land_1435,ROH,0.5582418,0.4709331,me_rohan_region,1,0.1368969,no,"The Mark between Isen, Anduin, and White Mountains",accepted_source_side_envelope
me_land_1436,WILD,0.7814408,0.9897411,me_far_harad_region,10,,no,deliberately unclaimed,wild_unclaimed
me_land_1437,WILD,0.6112332,0.2975085,me_mirkwood_region,9,,no,deliberately unclaimed,wild_unclaimed
me_land_1438,WILD,0.4976801,0.2862726,me_anduin_vale_region,1,,no,deliberately unclaimed,wild_buffer
me_land_1439,WILD,0.7694750,0.6174890,me_mordor_region,9,,no,deliberately unclaimed,wild_unclaimed
me_land_1440,RHU,0.7003663,0.2501221,me_rhun_region,1,0.1392675,no,western Rhûn polity north and east of Dorwinion,accepted_frontier_polygon
me_land_1441,WILD,0.3516484,0.1714704,me_north_arnor_region,1,,no,deliberately unclaimed,wild_unclaimed
me_land_1442,GON,0.5843712,0.6678065,me_south_gondor_region,1,0.0578564,no,Gondor fiefs from Anfalas to the Anduin,accepted_source_side_envelope
me_land_1443,WOO,0.5743590,0.1641426,me_mirkwood_region,3,0.0169866,no,Arda Maps Mirkwood polygon: northern/eastern Woodland Realm; Thranduil's northern and eastern Mirkwood; Woodland Realm in northern and northeastern Mirkwood,accepted_source_zone_overlap
me_land_1444,WILD,0.4686203,0.3996092,me_enedwaith_region,1,,no,deliberately unclaimed,wild_unclaimed
me_land_1445,WILD,0.8336996,0.9672692,me_far_harad_region,10,,no,deliberately unclaimed,wild_unclaimed
me_land_1446,WILD,0.4249084,0.4084025,me_enedwaith_region,1,,no,deliberately unclaimed,wild_unclaimed
me_land_1447,WILD,0.3621490,0.1602345,me_north_arnor_region,1,,no,deliberately unclaimed,wild_unclaimed
me_land_1448,WILD,0.8295482,0.6106497,me_mordor_region,9,,no,deliberately unclaimed,wild_unclaimed
me_land_1449,LOS,0.2573871,0.0625305,me_forochel_region,5,0.1690113,no,Lossoth settlements around the Icebay,accepted_source_side_envelope
me_land_1450,RHU,0.6918193,0.2711285,me_rhun_region,9,0.1577825,no,western Rhûn polity north and east of Dorwinion,accepted_frontier_polygon
me_land_1451,WOO,0.5702076,0.1524182,me_mirkwood_region,3,0.0248315,no,Arda Maps Mirkwood polygon: northern/eastern Woodland Realm; Thranduil's northern and eastern Mirkwood; Woodland Realm in northern and northeastern Mirkwood,accepted_source_zone_overlap
me_land_1452,WILD,0.6713065,0.1998046,me_rhun_region,1,,no,deliberately unclaimed,wild_unclaimed
me_land_1453,LIN,0.2366300,0.1831949,me_lindon_region,1,0.1512923,no,Lindon west of the Blue Mountains,accepted_source_side_envelope
me_land_1454,WILD,0.6410256,0.2628236,me_mirkwood_region,9,,no,deliberately unclaimed,wild_unclaimed
me_land_1455,GOB,0.4942613,0.1773327,me_north_arnor_region,1,0.0343129,no,Goblin-town and High Pass under the Misty Mountains,accepted_source_side_envelope
me_land_1456,GON,0.5506716,0.6849047,me_lebennin_region,1,0.0918829,no,Gondor fiefs from Anfalas to the Anduin,accepted_source_side_envelope
me_land_1457,WILD,0.3860806,0.1719590,me_north_arnor_region,1,,no,deliberately unclaimed,wild_unclaimed
me_land_1458,WILD,0.5694750,0.4640938,me_brown_lands_region,1,,no,deliberately unclaimed,wild_unclaimed
me_land_1459,GON,0.5509158,0.6531510,me_lebennin_region,1,0.0687210,no,Gondor fiefs from Anfalas to the Anduin,accepted_source_side_envelope
me_land_1460,WILD,0.8251526,0.5818271,me_mordor_region,9,,no,deliberately unclaimed,wild_unclaimed
me_land_1461,RHU,0.7213675,0.1861260,me_rhun_region,1,0.1163630,no,western Rhûn polity north and east of Dorwinion,accepted_frontier_polygon
me_land_1462,BEO,0.5233211,0.2369321,me_anduin_vale_region,1,0.0474177,no,Beorning crossings and upper Anduin vales,accepted_source_side_envelope
me_land_1463,WILD,0.5699634,0.4934050,me_brown_lands_region,1,,no,deliberately unclaimed,wild_unclaimed
me_land_1464,RHU,0.7189255,0.2506106,me_rhun_region,9,0.1021508,no,western Rhûn polity north and east of Dorwinion,accepted_frontier_polygon
me_land_1465,WILD,0.4776557,0.1866146,me_north_arnor_region,1,,no,deliberately unclaimed,wild_unclaimed
me_land_1466,WILD,0.8019536,0.5574011,me_mordor_region,9,,no,deliberately unclaimed,wild_unclaimed
me_land_1467,WILD,0.7667888,0.6687836,me_mordor_region,9,,no,deliberately unclaimed,wild_unclaimed
me_land_1468,RHU,0.7741148,0.2740596,me_rhun_region,9,0.0254281,no,western Rhûn polity north and east of Dorwinion,accepted_frontier_polygon
me_land_1469,RAN,0.4581197,0.2574499,me_north_arnor_region,1,0.0360179,no,The Angle and immediate Ranger refuge,accepted_source_side_envelope
me_land_1470,MOR,0.6214896,0.5622863,me_mordor_region,8,0.0464999,no,Mordor inside the source-reviewed Ered Lithui and Ephel Duath enclosure,accepted_frontier_polygon
me_land_1471,WILD,0.7316239,0.6179775,me_mordor_region,8,,no,deliberately unclaimed,wild_unclaimed
me_land_1472,WILD,0.7545788,0.6575476,me_mordor_region,9,,no,deliberately unclaimed,wild_unclaimed
me_land_1473,GON,0.3931624,0.5769419,me_belfalas_region,1,0.3716026,no,Gondor fiefs from Anfalas to the Anduin,accepted_source_side_envelope
me_land_1474,WILD,0.6581197,0.4855887,me_brown_lands_region,9,,no,deliberately unclaimed,wild_unclaimed
me_land_1475,SHI,0.3631258,0.2203224,me_shire_breeland_region,1,0.0349176,no,Shire bounds west of the Brandywine,accepted_source_side_envelope
me_land_1476,WILD,0.3814408,0.3063019,me_enedwaith_region,1,,no,deliberately unclaimed,wild_unclaimed
me_land_1477,MOR,0.6373626,0.6570591,me_mordor_region,8,0.0846125,no,Mordor inside the source-reviewed Ered Lithui and Ephel Duath enclosure,accepted_frontier_polygon
me_land_1478,WILD,0.8178266,0.8773815,me_khand_region,10,,no,deliberately unclaimed,wild_unclaimed
me_land_1479,FAN,0.4869353,0.4220811,me_anduin_vale_region,1,0.0338680,no,Arda Maps Fangorn physical woodland polygon; Fangorn source forest and Entwash headwaters,accepted_source_zone_overlap
me_land_1480,WILD,0.4295482,0.2393747,me_north_arnor_region,1,,no,deliberately unclaimed,wild_unclaimed
me_land_1481,WILD,0.3531136,0.1294577,me_north_arnor_region,1,,no,deliberately unclaimed,wild_unclaimed
me_land_1482,RHU,0.7225885,0.1719590,me_rhun_region,1,0.1228080,no,western Rhûn polity north and east of Dorwinion,accepted_frontier_polygon
me_land_1483,BEO,0.5267399,0.1617000,me_anduin_vale_region,1,0.0321818,no,Beorning crossings and upper Anduin vales,accepted_source_side_envelope
me_land_1484,WILD,0.8402930,0.8387885,me_khand_region,10,,no,deliberately unclaimed,wild_unclaimed
me_land_1485,WILD,0.3565324,0.2931119,me_shire_breeland_region,1,,no,deliberately unclaimed,wild_unclaimed
me_land_1486,WILD,0.8085470,0.8949682,me_near_harad_region,10,,no,deliberately unclaimed,wild_unclaimed
me_land_1487,DOR,0.6835165,0.3952125,me_rhun_region,9,0.0440367,no,Dorwinion around the northwest Sea of Rhûn,accepted_source_side_envelope
me_land_1488,WILD,0.6087912,0.3517342,me_mirkwood_region,9,,no,deliberately unclaimed,wild_unclaimed
me_land_1489,WILD,0.6884005,0.4909624,me_rhun_region,9,,no,deliberately unclaimed,wild_unclaimed
me_land_1490,UMB,0.5597070,0.9066927,me_umbar_region,9,0.1042325,no,Umbar coast and corsair hinterland,accepted_source_side_envelope
me_land_1491,GON,0.5250305,0.6927211,me_lebennin_region,9,0.1338821,no,Gondor fiefs from Anfalas to the Anduin,accepted_source_side_envelope
me_land_1492,WILD,0.3186813,0.2916463,me_shire_breeland_region,1,,no,deliberately unclaimed,wild_unclaimed
me_land_1493,WOO,0.5892552,0.1602345,me_dale_region,3,0.0140844,no,Arda Maps Mirkwood polygon: northern/eastern Woodland Realm; Thranduil's northern and eastern Mirkwood; Woodland Realm in northern and northeastern Mirkwood,accepted_source_zone_overlap
me_land_1494,WILD,0.7560440,0.5901319,me_mordor_region,9,,no,deliberately unclaimed,wild_unclaimed
me_land_1495,WILD,0.4888889,0.1597460,me_north_arnor_region,1,,no,deliberately unclaimed,wild_unclaimed
me_land_1496,ROH,0.5443223,0.5236932,me_rohan_region,1,0.0924926,no,"The Mark between Isen, Anduin, and White Mountains",accepted_source_side_envelope
me_land_1497,UMB,0.5347985,0.9320957,me_umbar_region,9,0.0504353,no,Umbar coast and corsair hinterland,accepted_source_side_envelope
me_land_1498,ROH,0.4923077,0.5373718,me_rohan_region,1,0.0127331,no,rohan-mountain: Starkhorn is a named Rohirric White Mountains summit.,accepted_required_frontier_owner
me_land_1499,MOR,0.6234432,0.5207621,me_mordor_region,9,0.0669428,no,Mordor inside the source-reviewed Ered Lithui and Ephel Duath enclosure,accepted_frontier_polygon
me_land_1500,WILD,0.5553114,0.1226185,me_grey_mountains_region,3,,no,deliberately unclaimed,wild_unclaimed
me_land_1501,WILD,0.4183150,0.3268197,me_enedwaith_region,1,,no,deliberately unclaimed,wild_unclaimed
me_land_1502,WILD,0.5230769,0.3947240,me_anduin_vale_region,1,,no,deliberately unclaimed,wild_unclaimed
me_land_1503,RH2,0.7733822,0.3331705,me_rhun_region,2,0.0558325,no,southeastern Rhûn wain-kingdom beyond the Sea of Rhûn,accepted_frontier_polygon
me_land_1504,IRO,0.6478632,0.1485100,me_rhun_region,1,0.0539389,no,Iron Hills source label and adjacent holds,accepted_source_side_envelope
me_land_1505,WILD,0.7448107,0.8661456,me_khand_region,10,,no,deliberately unclaimed,wild_unclaimed
me_land_1506,GON,0.4092796,0.6209086,me_belfalas_region,1,0.3379135,no,Gondor fiefs from Anfalas to the Anduin,accepted_source_side_envelope
me_land_1507,WILD,0.7196581,0.4626282,me_rhun_region,9,,no,deliberately unclaimed,wild_unclaimed
me_land_1508,RHU,0.7789988,0.1621886,me_rhun_region,1,0.0896368,no,western Rhûn polity north and east of Dorwinion,accepted_frontier_polygon
me_land_1509,WILD,0.3643468,0.4479726,me_enedwaith_region,1,,no,deliberately unclaimed,wild_enedwaith
me_land_1510,KHA,0.7272283,0.7874939,me_khand_region,9,0.0743831,no,"Khand east and southeast of Mordor, excluding Far Harad",accepted_frontier_polygon
me_land_1511,UMB,0.5804640,0.8983879,me_near_harad_region,10,0.1464624,no,Umbar coast and corsair hinterland,accepted_source_side_envelope
me_land_1512,HNE,0.5914530,0.8299951,me_near_harad_region,1,0.1016713,no,Harnendor between the Poros approaches and the Harnen,accepted_frontier_polygon
me_land_1513,WILD,0.7308913,0.0923302,me_northern_wastes_region,5,,no,deliberately unclaimed,wild_forodwaith
me_land_1514,GON,0.5746032,0.6433806,me_lebennin_region,1,0.0328672,no,Gondor fiefs from Anfalas to the Anduin,accepted_source_side_envelope
me_land_1515,SHI,0.3377289,0.2535418,me_shire_breeland_region,1,0.0297072,no,Shire bounds west of the Brandywine,accepted_source_side_envelope
me_land_1516,WILD,0.3389499,0.3175379,me_enedwaith_region,1,,no,deliberately unclaimed,wild_unclaimed
me_land_1517,WILD,0.4422466,0.2085979,me_north_arnor_region,1,,no,deliberately unclaimed,wild_unclaimed
me_land_1518,WILD,0.5897436,0.0268686,me_northern_wastes_region,5,,no,deliberately unclaimed,wild_forodwaith
me_land_1519,WILD,0.7577534,0.9814362,me_far_harad_region,10,,no,deliberately unclaimed,wild_unclaimed
me_land_1520,GON,0.5816850,0.7596483,me_south_gondor_region,9,0.1485189,no,Gondor fiefs from Anfalas to the Anduin,accepted_source_side_envelope
me_land_1521,WILD,0.5936508,0.4992672,me_brown_lands_region,1,,no,deliberately unclaimed,wild_unclaimed
me_land_1522,WILD,0.7467643,0.7122618,me_mordor_region,9,,no,deliberately unclaimed,wild_unclaimed
me_land_1523,WDM,0.5606838,0.3234001,me_mirkwood_region,3,0.0235477,no,Arda Maps Mirkwood polygon: western Woodmen settlements; Woodmen settlements in western Mirkwood; Woodmen clearings along western and central Mirkwood,accepted_source_zone_overlap
me_land_1524,RHU,0.7120879,0.1289692,me_rhun_region,1,0.1675222,no,western Rhûn polity north and east of Dorwinion,accepted_frontier_polygon
me_land_1525,ROH,0.5020757,0.5412799,me_rohan_region,1,0.0074554,no,rohan-approach: The Paths are reached from the Rohirric Dwimorberg approach.,accepted_required_frontier_owner
me_land_1526,WILD,0.3743590,0.4005862,me_enedwaith_region,1,,no,deliberately unclaimed,wild_enedwaith
me_land_1527,RH2,0.8368742,0.3009282,me_rhun_region,9,0.0885826,no,southeastern Rhûn wain-kingdom beyond the Sea of Rhûn,accepted_frontier_polygon
me_land_1528,DOR,0.7045177,0.3849536,me_rhun_region,1,0.0521016,no,Dorwinion around the northwest Sea of Rhûn,accepted_source_side_envelope
me_land_1529,HNE,0.6139194,0.7674646,me_near_harad_region,9,0.0561987,no,Harnendor between the Poros approaches and the Harnen,accepted_frontier_polygon
me_land_1530,HNE,0.6593407,0.7977528,me_near_harad_region,9,0.0411860,no,Harnendor between the Poros approaches and the Harnen,accepted_frontier_polygon
me_land_1531,WILD,0.8214896,0.0053737,me_northern_wastes_region,1,,no,deliberately unclaimed,wild_forodwaith
me_land_1532,MOR,0.6864469,0.6238398,me_mordor_region,8,0.0986017,no,Mordor inside the source-reviewed Ered Lithui and Ephel Duath enclosure,accepted_frontier_polygon
me_land_1533,ISE,0.4581197,0.4518808,me_rohan_region,1,0.0197147,no,compact Nan Curunir vale north of the Fords of Isen,accepted_frontier_polygon
me_land_1534,WILD,0.7965812,0.4987787,me_rhun_region,9,,no,deliberately unclaimed,wild_unclaimed
me_land_1535,FAN,0.5145299,0.4127992,me_anduin_vale_region,1,0.0710308,no,Arda Maps Fangorn physical woodland polygon; Fangorn source forest and Entwash headwaters,accepted_source_zone_overlap
me_land_1536,WILD,0.6903541,0.0122130,me_northern_wastes_region,5,,no,deliberately unclaimed,wild_forodwaith
me_land_1537,GON,0.4835165,0.5749878,me_belfalas_region,1,0.1927535,no,Gondor fiefs from Anfalas to the Anduin,accepted_source_side_envelope
me_land_1538,HRA,0.6835165,0.9164631,me_far_harad_region,10,0.0494868,no,"Qarsad's inland Near Harad sphere, separated from Harnendor and Khand",accepted_frontier_polygon
me_land_1539,GON,0.6459096,0.7474353,me_south_gondor_region,1,0.1920667,no,Gondor fiefs from Anfalas to the Anduin,accepted_source_side_envelope
me_land_1540,WILD,0.3511600,0.3175379,me_enedwaith_region,1,,no,deliberately unclaimed,wild_unclaimed
me_land_1541,HFA,0.5775336,0.9350269,me_far_harad_region,10,0.0249382,no,represented northern fringe of Far Harad,accepted_frontier_polygon
me_land_1542,UMB,0.4764347,0.9765511,me_umbar_region,9,0.0779958,no,Umbar coast and corsair hinterland,accepted_source_side_envelope
me_land_1543,GON,0.5440781,0.6946751,me_lebennin_region,9,0.1077059,no,Gondor fiefs from Anfalas to the Anduin,accepted_source_side_envelope
me_land_1544,WILD,0.4119658,0.1841720,me_north_arnor_region,1,,no,deliberately unclaimed,wild_unclaimed
me_land_1545,GON,0.5518926,0.6736688,me_lebennin_region,1,0.0815596,no,Gondor fiefs from Anfalas to the Anduin,accepted_source_side_envelope
me_land_1546,FAN,0.5135531,0.4318515,me_rohan_region,1,0.0595679,no,Arda Maps Fangorn physical woodland polygon; Fangorn source forest and Entwash headwaters,accepted_source_zone_overlap
me_land_1547,DAM,0.4937729,0.6389839,me_belfalas_region,1,0.0351543,no,Dol Amroth and Belfalas peninsula,accepted_source_side_envelope
me_land_1548,GON,0.5882784,0.5847582,me_ithilien_region,1,0.0333637,yes,occupied-fortress: Cair Andros is a Gondorian military work at the start date.,accepted_required_frontier_owner
me_land_1549,WILD,0.7807082,0.8876404,me_near_harad_region,10,,no,deliberately unclaimed,wild_unclaimed
me_land_1550,WDM,0.5592186,0.2843185,me_mirkwood_region,3,0.0166389,no,Arda Maps Mirkwood polygon: western Woodmen settlements; Woodmen settlements in western Mirkwood; Woodmen clearings along western and central Mirkwood,accepted_source_zone_overlap
me_land_1551,GON,0.5531136,0.7391304,me_lebennin_region,9,0.1373046,no,Gondor fiefs from Anfalas to the Anduin,accepted_source_side_envelope
me_land_1552,WILD,0.5196581,0.3273083,me_anduin_vale_region,1,,no,deliberately unclaimed,wild_unclaimed
me_land_1553,DAM,0.5096459,0.6775769,me_belfalas_region,1,0.0413827,no,Dol Amroth and Belfalas peninsula,accepted_source_side_envelope
me_land_1554,ROH,0.4793651,0.5163654,me_rohan_region,1,0.0443868,no,"The Mark between Isen, Anduin, and White Mountains",accepted_source_side_envelope
me_land_1555,RH3,0.8251526,0.1734245,me_rhun_region,1,0.0285036,no,northeastern Rhûn confederation beyond the Iron Hills,accepted_frontier_polygon
me_land_1556,GON,0.5738706,0.6795310,me_lebennin_region,1,0.0687742,no,Gondor fiefs from Anfalas to the Anduin,accepted_source_side_envelope
me_land_1557,WILD,0.6131868,0.5534929,me_brown_lands_region,1,,no,deliberately unclaimed,wild_unclaimed
me_land_1558,MOR,0.6840049,0.6018564,me_mordor_region,9,0.0847844,no,Mordor inside the source-reviewed Ered Lithui and Ephel Duath enclosure,accepted_frontier_polygon
me_land_1559,KHA,0.7968254,0.7322912,me_khand_region,9,0.0835164,no,"Khand east and southeast of Mordor, excluding Far Harad",accepted_frontier_polygon
me_land_1560,RH3,0.8344322,0.1739130,me_rhun_region,1,0.0389061,no,northeastern Rhûn confederation beyond the Iron Hills,accepted_frontier_polygon
me_land_1561,WILD,0.5997558,0.4044944,me_brown_lands_region,9,,no,deliberately unclaimed,wild_unclaimed
me_land_1562,LOS,0.2031746,0.0381045,me_forochel_region,1,0.2787565,no,Lossoth settlements around the Icebay,accepted_source_side_envelope
me_land_1563,GON,0.5118437,0.6174890,me_belfalas_region,1,0.1327931,no,Gondor fiefs from Anfalas to the Anduin,accepted_source_side_envelope
me_land_1564,WILD,0.7201465,0.5891549,me_mordor_region,8,,no,deliberately unclaimed,wild_unclaimed
me_land_1565,ROH,0.5409035,0.5329751,me_rohan_region,1,0.0846612,no,"The Mark between Isen, Anduin, and White Mountains",accepted_source_side_envelope
me_land_1566,WILD,0.4515263,0.5471422,me_enedwaith_region,1,,no,deliberately unclaimed,wild_unclaimed
me_land_1567,WILD,0.7658120,0.6814851,me_mordor_region,9,,no,deliberately unclaimed,wild_unclaimed
me_land_1568,LOR,0.5037851,0.3531998,me_anduin_vale_region,3,0.0313258,no,Arda Maps Golden Wood / Naith physical polygon; Naith between Misty foothills and Anduin; Lothlórien's Naith east of the Misty crest and west of Anduin,accepted_source_zone_overlap
me_land_1569,HFA,0.5782662,0.9574988,me_far_harad_region,10,0.0136975,no,represented northern fringe of Far Harad,accepted_frontier_polygon
me_land_1570,WILD,0.3943834,0.3873962,me_enedwaith_region,1,,no,deliberately unclaimed,wild_enedwaith
me_land_1571,GUN,0.5140415,0.1304348,me_grey_mountains_region,1,0.0364460,no,Gundabad and the northern mountain junction,accepted_source_side_envelope
me_land_1572,GON,0.5545788,0.6262824,me_anorien_region,1,0.0495015,no,Gondor fiefs from Anfalas to the Anduin,accepted_source_side_envelope
me_land_1573,MOR,0.6717949,0.7034685,me_mordor_region,8,0.1413068,no,Mordor inside the source-reviewed Ered Lithui and Ephel Duath enclosure,accepted_frontier_polygon
me_land_1574,ROH,0.5489621,0.4743527,me_rohan_region,1,0.1192171,no,"The Mark between Isen, Anduin, and White Mountains",accepted_source_side_envelope
me_land_1575,WILD,0.8122100,0.6306790,me_mordor_region,9,,no,deliberately unclaimed,wild_unclaimed
me_land_1576,WILD,0.3645910,0.1778212,me_north_arnor_region,1,,no,deliberately unclaimed,wild_unclaimed
me_land_1577,MOR,0.7106227,0.5715681,me_mordor_region,8,0.1331556,no,Mordor inside the source-reviewed Ered Lithui and Ephel Duath enclosure,accepted_frontier_polygon
me_land_1578,WILD,0.8129426,0.1143136,me_northern_wastes_region,1,,no,deliberately unclaimed,wild_forodwaith
me_land_1579,GOB,0.4967033,0.1856375,me_north_arnor_region,1,0.0269896,no,Goblin-town and High Pass under the Misty Mountains,accepted_source_side_envelope
me_land_1580,DAM,0.5079365,0.6316561,me_belfalas_region,1,0.0558503,no,Dol Amroth and Belfalas peninsula,accepted_source_side_envelope
me_land_1581,DAM,0.4984127,0.6228627,me_belfalas_region,1,0.0533681,no,Dol Amroth and Belfalas peninsula,accepted_source_side_envelope
me_land_1582,WILD,0.8344322,0.6697606,me_mordor_region,9,,no,deliberately unclaimed,wild_unclaimed
me_land_1583,RH3,0.8322344,0.1314118,me_rhun_region,1,0.0728221,no,northeastern Rhûn confederation beyond the Iron Hills,accepted_frontier_polygon
me_land_1584,MOR,0.6573871,0.5202736,me_mordor_region,9,0.0595443,no,Mordor inside the source-reviewed Ered Lithui and Ephel Duath enclosure,accepted_frontier_polygon
me_land_1585,KHA,0.7816850,0.7752809,me_khand_region,9,0.0645627,no,"Khand east and southeast of Mordor, excluding Far Harad",accepted_frontier_polygon
me_land_1586,HFA,0.5851038,0.9653151,me_far_harad_region,10,0.0103172,no,represented northern fringe of Far Harad,accepted_frontier_polygon
me_land_1587,WILD,0.7677656,0.4807035,me_rhun_region,9,,no,deliberately unclaimed,wild_unclaimed
me_land_1588,WOO,0.5553114,0.1831949,me_mirkwood_region,3,0.0595204,no,Arda Maps Mirkwood polygon: northern/eastern Woodland Realm; Thranduil's northern and eastern Mirkwood; Woodland Realm in northern and northeastern Mirkwood,accepted_source_zone_overlap
me_land_1589,SHI,0.3489621,0.2237421,me_shire_breeland_region,1,0.0077055,no,Shire bounds west of the Brandywine,accepted_source_side_envelope
me_land_1590,DOR,0.6881563,0.4059599,me_rhun_region,9,0.0551704,no,Dorwinion around the northwest Sea of Rhûn,accepted_source_side_envelope
me_land_1591,GON,0.5594628,0.7034685,me_lebennin_region,1,0.0994752,no,Gondor fiefs from Anfalas to the Anduin,accepted_source_side_envelope
me_land_1592,ROH,0.5240537,0.4875427,me_rohan_region,1,0.0718129,no,"The Mark between Isen, Anduin, and White Mountains",accepted_source_side_envelope
me_land_1593,GON,0.5374847,0.7200782,me_lebennin_region,1,0.1358458,no,Gondor fiefs from Anfalas to the Anduin,accepted_source_side_envelope
me_land_1594,BEO,0.5208791,0.2520762,me_anduin_vale_region,1,0.0633200,no,Beorning crossings and upper Anduin vales,accepted_source_side_envelope
me_land_1595,WILD,0.6095238,0.3996092,me_brown_lands_region,9,,no,deliberately unclaimed,wild_unclaimed
me_land_1596,BEO,0.5472527,0.2061553,me_mirkwood_region,3,0.0343418,no,Beorning crossings and upper Anduin vales,accepted_source_side_envelope
me_land_1597,MOR,0.6346764,0.6033219,me_mordor_region,8,0.0352178,no,Mordor inside the source-reviewed Ered Lithui and Ephel Duath enclosure,accepted_frontier_polygon
me_land_1598,MOR,0.6356532,0.6389839,me_mordor_region,1,0.0675933,no,Mordor inside the source-reviewed Ered Lithui and Ephel Duath enclosure,accepted_frontier_polygon
me_land_1599,RHU,0.7264957,0.2305813,me_rhun_region,9,0.0891492,no,western Rhûn polity north and east of Dorwinion,accepted_frontier_polygon
me_land_1600,WILD,0.4989011,0.3761602,me_anduin_vale_region,1,,no,deliberately unclaimed,wild_unclaimed
me_land_1601,HFA,0.5772894,0.9218368,me_far_harad_region,10,0.0365734,no,represented northern fringe of Far Harad,accepted_frontier_polygon
me_land_1602,GON,0.6251526,0.7117733,me_south_gondor_region,9,0.1375715,no,Gondor fiefs from Anfalas to the Anduin,accepted_source_side_envelope
me_land_1603,WILD,0.6962149,0.8285296,me_khand_region,10,,no,deliberately unclaimed,wild_unclaimed
me_land_1604,UMB,0.5533578,0.8544211,me_near_harad_region,9,0.1193468,no,Umbar coast and corsair hinterland,accepted_source_side_envelope
me_land_1605,ROH,0.5352869,0.4684905,me_rohan_region,9,0.1012003,no,"The Mark between Isen, Anduin, and White Mountains",accepted_source_side_envelope
me_land_1606,RHU,0.7372405,0.2310699,me_rhun_region,1,0.0681988,no,western Rhûn polity north and east of Dorwinion,accepted_frontier_polygon
me_land_1607,IRO,0.6454212,0.1895457,me_rhun_region,1,0.0662981,no,Iron Hills source label and adjacent holds,accepted_source_side_envelope
me_land_1608,LIN,0.2771673,0.3058134,me_lindon_region,1,0.1021484,no,Lindon west of the Blue Mountains,accepted_source_side_envelope
me_land_1609,BEO,0.5431013,0.2535418,me_anduin_vale_region,1,0.0653560,no,Beorning crossings and upper Anduin vales,accepted_source_side_envelope
me_land_1610,WILD,0.4241758,0.3742062,me_enedwaith_region,1,,no,deliberately unclaimed,wild_unclaimed
me_land_1611,SHI,0.3291819,0.2638007,me_shire_breeland_region,1,0.0485949,no,Shire bounds west of the Brandywine,accepted_source_side_envelope
me_land_1612,WILD,0.6583639,0.0361505,me_northern_wastes_region,5,,no,deliberately unclaimed,wild_forodwaith
me_land_1613,KHA,0.7367521,0.7469468,me_khand_region,9,0.0378279,no,"Khand east and southeast of Mordor, excluding Far Harad",accepted_frontier_polygon
me_land_1614,KHA,0.8073260,0.7630679,me_khand_region,9,0.1071636,no,"Khand east and southeast of Mordor, excluding Far Harad",accepted_frontier_polygon
me_land_1615,GON,0.5362637,0.5925745,me_anorien_region,1,0.0858741,no,Gondor fiefs from Anfalas to the Anduin,accepted_source_side_envelope
me_land_1616,LIN,0.2967033,0.3585735,me_lindon_region,1,0.1347115,no,Lindon west of the Blue Mountains,accepted_source_side_envelope
me_land_1617,ROH,0.5010989,0.5012213,me_rohan_region,1,0.0374069,no,"The Mark between Isen, Anduin, and White Mountains",accepted_source_side_envelope
me_land_1618,LIN,0.2866911,0.3536883,me_lindon_region,1,0.1351893,no,Lindon west of the Blue Mountains,accepted_source_side_envelope
me_land_1619,WILD,0.7159951,0.6174890,me_mordor_region,8,,no,deliberately unclaimed,wild_unclaimed
me_land_1620,WILD,0.3184371,0.1563263,me_north_arnor_region,1,,no,deliberately unclaimed,wild_unclaimed
me_land_1621,BLU,0.2730159,0.1861260,me_lindon_region,1,0.0381639,no,Surviving Ered Luin halls,accepted_source_side_envelope
me_land_1622,LOR,0.5113553,0.3302394,me_anduin_vale_region,1,0.0305337,no,Arda Maps Golden Wood / Naith physical polygon; Naith between Misty foothills and Anduin; Lothlórien's Naith east of the Misty crest and west of Anduin,accepted_source_zone_overlap
me_land_1623,GON,0.5631258,0.5686370,me_anorien_region,1,0.0522002,no,Gondor fiefs from Anfalas to the Anduin,accepted_source_side_envelope
me_land_1624,WILD,0.7677656,0.0468979,me_northern_wastes_region,1,,no,deliberately unclaimed,wild_forodwaith
me_land_1625,WOO,0.5804640,0.1885686,me_dale_region,3,0.0306969,no,woodland-realm: The northern Mountains of Mirkwood stand in the Woodland Realm.,accepted_required_frontier_owner
me_land_1626,IRO,0.6913309,0.1641426,me_rhun_region,1,0.0343972,no,Iron Hills source label and adjacent holds,accepted_source_side_envelope
me_land_1627,RH3,0.8293040,0.2584270,me_rhun_region,9,0.0613186,no,northeastern Rhûn confederation beyond the Iron Hills,accepted_frontier_polygon
me_land_1628,ROH,0.5509158,0.4963361,me_rohan_region,1,0.1126301,no,"The Mark between Isen, Anduin, and White Mountains",accepted_source_side_envelope
me_land_1629,WILD,0.4246642,0.2623351,me_north_arnor_region,1,,no,deliberately unclaimed,wild_unclaimed
me_land_1630,WILD,0.8192918,0.4958476,me_rhun_region,9,,no,deliberately unclaimed,wild_unclaimed
me_land_1631,DAM,0.5064713,0.6853933,me_belfalas_region,1,0.0369525,no,Dol Amroth and Belfalas peninsula,accepted_source_side_envelope
me_land_1632,WILD,0.3538462,0.3136297,me_enedwaith_region,1,,no,deliberately unclaimed,wild_unclaimed
me_land_1633,GON,0.5597070,0.5608207,me_anorien_region,1,0.0625379,no,Gondor fiefs from Anfalas to the Anduin,accepted_source_side_envelope
me_land_1634,WILD,0.4122100,0.3668784,me_enedwaith_region,1,,no,deliberately unclaimed,wild_enedwaith
me_land_1635,KHA,0.7118437,0.7650220,me_khand_region,9,0.0906614,no,"Khand east and southeast of Mordor, excluding Far Harad",accepted_frontier_polygon
me_land_1636,GOB,0.5125763,0.2017587,me_anduin_vale_region,1,0.0115180,no,Goblin-town and High Pass under the Misty Mountains,accepted_source_side_envelope
me_land_1637,UMB,0.4942613,0.8935027,me_umbar_region,9,0.0521912,no,Umbar coast and corsair hinterland,accepted_source_side_envelope
me_land_1638,WILD,0.3272283,0.1807523,me_north_arnor_region,1,,no,deliberately unclaimed,wild_unclaimed
me_land_1639,UMB,0.4739927,0.9472399,me_umbar_region,1,0.0722365,no,Umbar coast and corsair hinterland,accepted_source_side_envelope
me_land_1640,WILD,0.4048840,0.1612115,me_north_arnor_region,1,,no,deliberately unclaimed,wild_unclaimed
me_land_1641,MOR,0.6840049,0.5569126,me_mordor_region,1,0.0816115,no,Mordor inside the source-reviewed Ered Lithui and Ephel Duath enclosure,accepted_frontier_polygon
me_land_1642,WILD,0.5931624,0.6809966,me_ithilien_region,1,,no,deliberately unclaimed,wild_ithilien
me_land_1643,WILD,0.3355311,0.3277968,me_enedwaith_region,1,,no,deliberately unclaimed,wild_unclaimed
me_land_1644,WILD,0.4332112,0.5134343,me_enedwaith_region,1,,no,deliberately unclaimed,wild_unclaimed
me_land_1645,WILD,0.7023199,0.0517831,me_northern_wastes_region,5,,no,deliberately unclaimed,wild_forodwaith
me_land_1646,HRA,0.6742369,0.9447973,me_far_harad_region,10,0.0748128,no,"Qarsad's inland Near Harad sphere, separated from Harnendor and Khand",accepted_frontier_polygon
me_land_1647,MOR,0.6139194,0.5241817,me_mordor_region,1,0.0778798,yes,occupied-fortress: Carchost is one of the occupied Towers of the Teeth.,accepted_required_frontier_owner
me_land_1648,MOR,0.6840049,0.7200782,me_mordor_region,8,0.1669337,no,Mordor inside the source-reviewed Ered Lithui and Ephel Duath enclosure,accepted_frontier_polygon
me_land_1649,RH2,0.8315018,0.3346361,me_rhun_region,9,0.0648499,no,southeastern Rhûn wain-kingdom beyond the Sea of Rhûn,accepted_frontier_polygon
me_land_1650,RH3,0.7831502,0.1289692,me_rhun_region,1,0.1023573,no,northeastern Rhûn confederation beyond the Iron Hills,accepted_frontier_polygon
me_land_1651,LIN,0.3108669,0.2686859,me_lindon_region,1,0.0426381,no,Lindon west of the Blue Mountains,accepted_source_side_envelope
me_land_1652,RH3,0.8195360,0.2725940,me_rhun_region,9,0.0726000,no,northeastern Rhûn confederation beyond the Iron Hills,accepted_frontier_polygon
me_land_1653,MOR,0.6661783,0.6878359,me_mordor_region,8,0.1225906,no,Mordor inside the source-reviewed Ered Lithui and Ephel Duath enclosure,accepted_frontier_polygon
me_land_1654,WILD,0.7982906,0.4777723,me_rhun_region,9,,no,deliberately unclaimed,wild_unclaimed
me_land_1655,RHU,0.7355311,0.2379091,me_rhun_region,9,0.0699900,no,western Rhûn polity north and east of Dorwinion,accepted_frontier_polygon
me_land_1656,DAM,0.5076923,0.6248168,me_belfalas_region,1,0.0607713,no,Dol Amroth and Belfalas peninsula,accepted_source_side_envelope
me_land_1657,WILD,0.4366300,0.3517342,me_enedwaith_region,1,,no,deliberately unclaimed,wild_unclaimed
me_land_1658,WILD,0.7557998,0.1050318,me_northern_wastes_region,1,,no,deliberately unclaimed,wild_forodwaith
me_land_1659,WILD,0.4036630,0.3404983,me_enedwaith_region,1,,no,deliberately unclaimed,wild_unclaimed
me_land_1660,WILD,0.4395604,0.3004397,me_enedwaith_region,1,,no,deliberately unclaimed,wild_buffer
me_land_1661,MOR,0.6710623,0.6731803,me_mordor_region,8,0.1133675,no,Mordor inside the source-reviewed Ered Lithui and Ephel Duath enclosure,accepted_frontier_polygon
me_land_1662,MOR,0.7118437,0.5495848,me_mordor_region,9,0.1376784,no,Mordor inside the source-reviewed Ered Lithui and Ephel Duath enclosure,accepted_frontier_polygon
me_land_1663,WILD,0.7260073,0.6516854,me_mordor_region,8,,no,deliberately unclaimed,wild_unclaimed
me_land_1664,MOR,0.7106227,0.5407914,me_mordor_region,1,0.1371029,no,Mordor inside the source-reviewed Ered Lithui and Ephel Duath enclosure,accepted_frontier_polygon
me_land_1665,RHU,0.7159951,0.2276502,me_rhun_region,9,0.1102979,no,western Rhûn polity north and east of Dorwinion,accepted_frontier_polygon
me_land_1666,GON,0.3777778,0.6575476,me_belfalas_region,1,0.4034404,no,Gondor fiefs from Anfalas to the Anduin,accepted_source_side_envelope
me_land_1667,SHI,0.3548230,0.2325354,me_shire_breeland_region,1,0.0174879,no,Shire bounds west of the Brandywine,accepted_source_side_envelope
me_land_1668,UMB,0.5545788,0.7904250,me_near_harad_region,9,0.1707932,no,Umbar coast and corsair hinterland,accepted_source_side_envelope
me_land_1669,WILD,0.4336996,0.3273083,me_enedwaith_region,6,,no,deliberately unclaimed,wild_buffer
me_land_1670,SHI,0.3509158,0.2652662,me_shire_breeland_region,1,0.0372637,no,Shire bounds west of the Brandywine,accepted_source_side_envelope
me_land_1671,WOO,0.5641026,0.1949194,me_mirkwood_region,3,0.0517705,no,Arda Maps Mirkwood polygon: northern/eastern Woodland Realm; Thranduil's northern and eastern Mirkwood; Woodland Realm in northern and northeastern Mirkwood,accepted_source_zone_overlap
me_land_1672,ROH,0.5152625,0.5451881,me_rohan_region,1,0.0339162,no,"The Mark between Isen, Anduin, and White Mountains",accepted_source_side_envelope
me_land_1673,LIN,0.2473748,0.1221299,me_lindon_region,1,0.1615428,no,Lindon west of the Blue Mountains,accepted_source_side_envelope
me_land_1674,SHI,0.3477411,0.2125061,me_shire_breeland_region,1,0.0169568,no,Shire bounds west of the Brandywine,accepted_source_side_envelope
me_land_1675,WILD,0.4009768,0.4088911,me_enedwaith_region,1,,no,deliberately unclaimed,wild_enedwaith
me_land_1676,WILD,0.4886447,0.1783097,me_north_arnor_region,1,,no,deliberately unclaimed,wild_unclaimed
me_land_1677,GON,0.5777778,0.5627748,me_anorien_region,1,0.0485275,no,Gondor fiefs from Anfalas to the Anduin,accepted_source_side_envelope
me_land_1678,RH2,0.8271062,0.3810454,me_rhun_region,9,0.0624725,no,southeastern Rhûn wain-kingdom beyond the Sea of Rhûn,accepted_frontier_polygon
me_land_1679,HRA,0.6695971,0.8304836,me_near_harad_region,10,0.0409672,no,"Qarsad's inland Near Harad sphere, separated from Harnendor and Khand",accepted_frontier_polygon
me_land_1680,WILD,0.7355311,0.1113825,me_northern_wastes_region,1,,no,deliberately unclaimed,wild_forodwaith
me_land_1681,WILD,0.8234432,0.6902785,me_mordor_region,9,,no,deliberately unclaimed,wild_unclaimed
me_land_1682,ROH,0.5643468,0.4777723,me_rohan_region,1,0.1446553,no,"The Mark between Isen, Anduin, and White Mountains",accepted_source_side_envelope
me_land_1683,MOR,0.6952381,0.6023449,me_mordor_region,8,0.1063553,no,Mordor inside the source-reviewed Ered Lithui and Ephel Duath enclosure,accepted_frontier_polygon
me_land_1684,WILD,0.3902320,0.4792379,me_enedwaith_region,1,,no,deliberately unclaimed,wild_enedwaith
me_land_1685,WILD,0.8373626,0.4846116,me_rhun_region,9,,no,deliberately unclaimed,wild_unclaimed
me_land_1686,LOS,0.3965812,0.1108940,me_forochel_region,5,0.1184608,no,Lossoth settlements around the Icebay,accepted_source_side_envelope
me_land_1687,ROH,0.4962149,0.4758183,me_rohan_region,1,0.0626803,no,"The Mark between Isen, Anduin, and White Mountains",accepted_source_side_envelope
me_land_1688,WILD,0.7047619,0.0815828,me_northern_wastes_region,5,,no,deliberately unclaimed,wild_forodwaith
me_land_1689,GON,0.4490842,0.5901319,me_belfalas_region,1,0.2590335,no,Gondor fiefs from Anfalas to the Anduin,accepted_source_side_envelope
me_land_1690,WILD,0.3470085,0.1504641,me_north_arnor_region,1,,no,deliberately unclaimed,wild_unclaimed
me_land_1691,WILD,0.4266178,0.0073278,me_angmar_region,5,,no,deliberately unclaimed,wild_unclaimed
me_land_1692,UMB,0.5711844,0.8466048,me_near_harad_region,9,0.1519212,no,Umbar coast and corsair hinterland,accepted_source_side_envelope
me_land_1693,RHU,0.7875458,0.2300928,me_rhun_region,9,0.0403449,no,western Rhûn polity north and east of Dorwinion,accepted_frontier_polygon
me_land_1694,WILD,0.6459096,0.4777723,me_brown_lands_region,9,,no,deliberately unclaimed,wild_unclaimed
me_land_1695,WILD,0.5980464,0.4396678,me_brown_lands_region,9,,no,deliberately unclaimed,wild_unclaimed
me_land_1696,GON,0.6173382,0.7234978,me_south_gondor_region,1,0.1368447,no,Gondor fiefs from Anfalas to the Anduin,accepted_source_side_envelope
me_land_1697,WILD,0.4925519,0.3952125,me_anduin_vale_region,1,,no,deliberately unclaimed,wild_unclaimed
me_land_1698,WILD,0.7428571,0.5290669,me_mordor_region,1,,no,deliberately unclaimed,wild_unclaimed
me_land_1699,LOS,0.2065934,0.0508061,me_forochel_region,1,0.2709698,no,Lossoth settlements around the Icebay,accepted_source_side_envelope
me_land_1700,WILD,0.7526252,1.0000000,me_far_harad_region,10,,no,deliberately unclaimed,wild_unclaimed
me_land_1701,GON,0.6021978,0.7151930,me_south_gondor_region,9,0.1144740,no,Gondor fiefs from Anfalas to the Anduin,accepted_source_side_envelope
me_land_1702,WILD,0.3951160,0.4171959,me_enedwaith_region,1,,no,deliberately unclaimed,wild_enedwaith
me_land_1703,LIN,0.2879121,0.2838300,me_lindon_region,1,0.0716136,no,Lindon west of the Blue Mountains,accepted_source_side_envelope
me_land_1704,WILD,0.4109890,0.0625305,me_angmar_region,5,,no,deliberately unclaimed,wild_unclaimed
me_land_1705,WILD,0.3912088,0.5227162,me_enedwaith_region,1,,no,deliberately unclaimed,wild_enedwaith
me_land_1706,WILD,0.5833944,0.4523693,me_brown_lands_region,9,,no,deliberately unclaimed,wild_unclaimed
me_land_1707,BEO,0.5201465,0.2208109,me_anduin_vale_region,1,0.0363586,no,"Anduin-vale side of the High Pass frontier, contiguous with the Beornings",accepted_component_repair
me_land_1708,MOR,0.6686203,0.5881778,me_mordor_region,8,0.0512788,no,Mordor inside the source-reviewed Ered Lithui and Ephel Duath enclosure,accepted_frontier_polygon
me_land_1709,UMB,0.5301587,0.9716659,me_umbar_region,9,0.0545866,no,Umbar coast and corsair hinterland,accepted_source_side_envelope
me_land_1710,WILD,0.4183150,0.5534929,me_enedwaith_region,1,,no,deliberately unclaimed,wild_unclaimed
me_land_1711,WILD,0.3934066,0.4978017,me_enedwaith_region,1,,no,deliberately unclaimed,wild_enedwaith
me_land_1712,WILD,0.4105006,0.5510503,me_enedwaith_region,1,,no,deliberately unclaimed,wild_unclaimed
me_land_1713,HFA,0.5601954,0.9531021,me_far_harad_region,10,0.0496456,no,represented northern fringe of Far Harad,accepted_frontier_polygon
me_land_1714,WILD,0.6659341,0.0776746,me_northern_wastes_region,5,,no,deliberately unclaimed,wild_forodwaith
me_land_1715,MOR,0.6793651,0.6438691,me_mordor_region,8,0.0996911,no,Mordor inside the source-reviewed Ered Lithui and Ephel Duath enclosure,accepted_frontier_polygon
me_land_1716,MOR,0.6344322,0.6184660,me_mordor_region,8,0.0488990,no,Mordor inside the source-reviewed Ered Lithui and Ephel Duath enclosure,accepted_frontier_polygon
me_land_1717,WILD,0.5203907,0.4284319,me_anduin_vale_region,9,,no,deliberately unclaimed,wild_unclaimed
me_land_1718,WILD,0.4307692,0.2911578,me_north_arnor_region,1,,no,deliberately unclaimed,wild_buffer
me_land_1719,HNE,0.5702076,0.8036150,me_near_harad_region,9,0.1377039,no,Harnendor between the Poros approaches and the Harnen,accepted_frontier_polygon
me_land_1720,WILD,0.3553114,0.4323400,me_enedwaith_region,1,,no,deliberately unclaimed,wild_enedwaith
me_land_1721,WILD,0.6659341,0.0903762,me_northern_wastes_region,5,,no,deliberately unclaimed,wild_forodwaith
me_land_1722,WILD,0.7421245,0.6731803,me_mordor_region,9,,no,deliberately unclaimed,wild_unclaimed
me_land_1723,UMB,0.5648352,0.8544211,me_near_harad_region,9,0.1370560,no,Umbar coast and corsair hinterland,accepted_source_side_envelope
me_land_1724,RH2,0.7692308,0.4382022,me_rhun_region,9,0.1075482,no,southeastern Rhûn wain-kingdom beyond the Sea of Rhûn,accepted_frontier_polygon
me_land_1725,WILD,0.6144078,0.2892037,me_mirkwood_region,9,,no,deliberately unclaimed,wild_unclaimed
me_land_1726,RH2,0.7841270,0.3971666,me_rhun_region,9,0.0568551,no,southeastern Rhûn wain-kingdom beyond the Sea of Rhûn,accepted_frontier_polygon
me_land_1727,ROH,0.5152625,0.4958476,me_rohan_region,1,0.0539060,no,"The Mark between Isen, Anduin, and White Mountains",accepted_source_side_envelope
me_land_1728,WILD,0.7054945,0.5232047,me_mordor_region,9,,no,deliberately unclaimed,wild_unclaimed
me_land_1729,WILD,0.7638584,0.0410357,me_northern_wastes_region,1,,no,deliberately unclaimed,wild_forodwaith
me_land_1730,WILD,0.4444444,0.2149487,me_north_arnor_region,1,,no,deliberately unclaimed,wild_unclaimed
me_land_1731,WILD,0.5572650,0.4298974,me_brown_lands_region,9,,no,deliberately unclaimed,wild_unclaimed
me_land_1732,WILD,0.4297924,0.2002931,me_north_arnor_region,1,,no,deliberately unclaimed,wild_unclaimed
me_land_1733,GON,0.5032967,0.5955056,me_belfalas_region,1,0.1505728,no,Gondor fiefs from Anfalas to the Anduin,accepted_source_side_envelope
me_land_1734,GON,0.5562882,0.6643869,me_lebennin_region,1,0.0688008,no,Gondor fiefs from Anfalas to the Anduin,accepted_source_side_envelope
me_land_1735,MOR,0.6901099,0.5867123,me_mordor_region,9,0.0930569,no,Mordor inside the source-reviewed Ered Lithui and Ephel Duath enclosure,accepted_frontier_polygon
me_land_1736,RH2,0.7924298,0.4386908,me_rhun_region,9,0.0899738,no,southeastern Rhûn wain-kingdom beyond the Sea of Rhûn,accepted_frontier_polygon
me_land_1737,RHU,0.7873016,0.2906693,me_rhun_region,9,0.0533982,no,western Rhûn polity north and east of Dorwinion,accepted_frontier_polygon
me_land_1738,WILD,0.6190476,0.2330239,me_mirkwood_region,1,,no,deliberately unclaimed,wild_unclaimed
me_land_1739,KHA,0.7264957,0.7342452,me_khand_region,9,0.0575207,no,"Khand east and southeast of Mordor, excluding Far Harad",accepted_frontier_polygon
me_land_1740,DOL,0.5777778,0.3815340,me_brown_lands_region,1,0.0525618,no,Arda Maps Mirkwood polygon: southern Dol Guldur shadow; Dol Guldur's southern Mirkwood shadow; Dol Guldur's southern Mirkwood shadow,accepted_source_zone_overlap
me_land_1741,WILD,0.3677656,0.1856375,me_north_arnor_region,1,,no,deliberately unclaimed,wild_unclaimed
me_land_1742,ROH,0.4805861,0.4851001,me_rohan_region,1,0.0643219,no,"The Mark between Isen, Anduin, and White Mountains",accepted_source_side_envelope
me_land_1743,MOR,0.6813187,0.5232047,me_mordor_region,9,0.0899219,no,Mordor inside the source-reviewed Ered Lithui and Ephel Duath enclosure,accepted_frontier_polygon
me_land_1744,SHI,0.3230769,0.2300928,me_shire_breeland_region,1,0.0463349,no,Shire bounds west of the Brandywine,accepted_source_side_envelope
me_land_1745,ISE,0.4583639,0.4601856,me_rohan_region,1,0.0164772,no,compact Nan Curunir vale north of the Fords of Isen,accepted_frontier_polygon
me_land_1746,WILD,0.3391941,0.1514411,me_north_arnor_region,1,,no,deliberately unclaimed,wild_unclaimed
me_land_1747,MOA,0.4788767,0.3649243,me_enedwaith_region,1,0.0368877,no,Moria and immediate Dimrill/Sirannon approaches,accepted_source_side_envelope
me_land_1748,RH2,0.7816850,0.3268197,me_rhun_region,9,0.0433484,no,southeastern Rhûn wain-kingdom beyond the Sea of Rhûn,accepted_frontier_polygon
me_land_1749,RAN,0.4791209,0.2730826,me_north_arnor_region,1,0.0087994,no,The Angle and immediate Ranger refuge,accepted_source_side_envelope
me_land_1750,ROH,0.5313797,0.5002443,me_rohan_region,1,0.0757097,no,"The Mark between Isen, Anduin, and White Mountains",accepted_source_side_envelope
me_land_1751,RAN,0.4632479,0.2833415,me_north_arnor_region,1,0.0270268,no,The Angle and immediate Ranger refuge,accepted_source_side_envelope
me_land_1752,WILD,0.6019536,0.5109917,me_brown_lands_region,1,,no,deliberately unclaimed,wild_unclaimed
me_land_1753,WILD,0.3904762,0.3805569,me_enedwaith_region,1,,no,deliberately unclaimed,wild_enedwaith
me_land_1754,RH2,0.7995116,0.3795799,me_rhun_region,9,0.0295960,no,southeastern Rhûn wain-kingdom beyond the Sea of Rhûn,accepted_frontier_polygon
me_land_1755,IRO,0.7030525,0.1514411,me_rhun_region,1,0.0575253,no,Iron Hills source label and adjacent holds,accepted_source_side_envelope
me_land_1756,WILD,0.8083028,0.9882755,me_far_harad_region,10,,no,deliberately unclaimed,wild_unclaimed
me_land_1757,IRO,0.6993895,0.1748901,me_rhun_region,1,0.0528063,no,Iron Hills source label and adjacent holds,accepted_source_side_envelope
me_land_1758,WILD,0.8192918,0.6917440,me_mordor_region,9,,no,deliberately unclaimed,wild_unclaimed
me_land_1759,RH3,0.8329670,0.1538837,me_rhun_region,1,0.0529083,no,northeastern Rhûn confederation beyond the Iron Hills,accepted_frontier_polygon
me_land_1760,IRO,0.6586081,0.1734245,me_rhun_region,1,0.0354458,no,Iron Hills source label and adjacent holds,accepted_source_side_envelope
me_land_1761,WILD,0.3352869,0.1905227,me_north_arnor_region,1,,no,deliberately unclaimed,wild_unclaimed
me_land_1762,WILD,0.6095238,0.0459209,me_northern_wastes_region,5,,no,deliberately unclaimed,wild_forodwaith
me_land_1763,WILD,0.4092796,0.3634587,me_enedwaith_region,1,,no,deliberately unclaimed,wild_enedwaith
me_land_1764,GON,0.5692308,0.6746458,me_lebennin_region,1,0.0658232,no,Gondor fiefs from Anfalas to the Anduin,accepted_source_side_envelope
me_land_1765,WILD,0.8334554,0.4919394,me_rhun_region,9,,no,deliberately unclaimed,wild_unclaimed
me_land_1766,DAM,0.4930403,0.6956522,me_belfalas_region,1,0.0241167,no,Dol Amroth and Belfalas peninsula,accepted_source_side_envelope
me_land_1767,WILD,0.3946276,0.4040059,me_enedwaith_region,1,,no,deliberately unclaimed,wild_enedwaith
me_land_1768,WILD,0.1897436,0.0669272,me_forochel_region,1,,no,deliberately unclaimed,wild_unclaimed
me_land_1769,KHA,0.7511600,0.7747924,me_khand_region,9,0.0372446,no,"Khand east and southeast of Mordor, excluding Far Harad",accepted_frontier_polygon
me_land_1770,MOR,0.6307692,0.5505618,me_mordor_region,1,0.0351055,no,Mordor inside the source-reviewed Ered Lithui and Ephel Duath enclosure,accepted_frontier_polygon
me_land_1771,DAM,0.5091575,0.7288715,me_belfalas_region,1,0.0689020,no,Belfalas coast contiguous with the Dol Amroth fief,accepted_component_repair
me_land_1772,BLU,0.2671551,0.1577919,me_lindon_region,2,0.0527507,no,Surviving Ered Luin halls,accepted_source_side_envelope
me_land_1773,GON,0.3785104,0.5837811,me_belfalas_region,1,0.4002621,no,Gondor fiefs from Anfalas to the Anduin,accepted_source_side_envelope
me_land_1774,UMB,0.5682540,0.8373229,me_near_harad_region,1,0.1530068,no,Umbar coast and corsair hinterland,accepted_source_side_envelope
me_land_1775,WILD,0.8175824,0.5857352,me_mordor_region,9,,no,deliberately unclaimed,wild_unclaimed
me_land_1776,ROH,0.5433455,0.5417684,me_rohan_region,1,0.0894441,no,"The Mark between Isen, Anduin, and White Mountains",accepted_source_side_envelope
me_land_1777,WILD,0.6053724,0.6487543,me_ithilien_region,1,,no,deliberately unclaimed,wild_ithilien
me_land_1778,LOR,0.5206349,0.3668784,me_anduin_vale_region,1,0.0109512,no,Arda Maps Golden Wood / Naith physical polygon; Naith between Misty foothills and Anduin; Lothlórien's Naith east of the Misty crest and west of Anduin,accepted_source_zone_overlap
me_land_1779,MOR,0.6271062,0.6331216,me_mordor_region,1,0.0685716,no,Mordor inside the source-reviewed Ered Lithui and Ephel Duath enclosure,accepted_frontier_polygon
me_land_1780,WILD,0.4344322,0.1636541,me_north_arnor_region,1,,no,deliberately unclaimed,wild_unclaimed
me_land_1781,WILD,0.7858364,0.6746458,me_mordor_region,9,,no,deliberately unclaimed,wild_unclaimed
me_land_1782,WOO,0.5968254,0.2608696,me_mirkwood_region,3,0.1068081,no,Arda Maps Mirkwood polygon: northern/eastern Woodland Realm; Thranduil's northern and eastern Mirkwood; Woodland Realm in northern and northeastern Mirkwood,accepted_source_zone_overlap
me_land_1783,WILD,0.7597070,0.5456766,me_mordor_region,9,,no,deliberately unclaimed,wild_unclaimed
me_land_1784,WILD,0.8315018,0.5017098,me_rhun_region,9,,no,deliberately unclaimed,wild_unclaimed
me_land_1785,GON,0.6073260,0.7581827,me_south_gondor_region,9,0.1580394,no,Gondor fiefs from Anfalas to the Anduin,accepted_source_side_envelope
me_land_1786,WILD,0.5904762,0.8690767,me_near_harad_region,9,,no,deliberately unclaimed,wild_unclaimed
me_land_1787,WILD,0.5677656,0.4870542,me_brown_lands_region,1,,no,deliberately unclaimed,wild_unclaimed
me_land_1788,WILD,0.5716728,0.4880313,me_brown_lands_region,1,,no,deliberately unclaimed,wild_unclaimed
me_land_1789,MOR,0.6420024,0.6424035,me_mordor_region,9,0.0690144,no,Mordor inside the source-reviewed Ered Lithui and Ephel Duath enclosure,accepted_frontier_polygon
me_land_1790,WILD,0.3416361,0.3141182,me_enedwaith_region,1,,no,deliberately unclaimed,wild_unclaimed
me_land_1791,DAL,0.6271062,0.1807523,me_dale_region,1,0.0598052,no,Dale and the upper Celduin plain,accepted_source_side_envelope
me_land_1792,WILD,0.7550672,0.6746458,me_mordor_region,9,,no,deliberately unclaimed,wild_unclaimed
me_land_1793,WILD,0.7518926,0.1001466,me_northern_wastes_region,1,,no,deliberately unclaimed,wild_forodwaith
me_land_1794,WILD,0.3782662,0.2921348,me_shire_breeland_region,1,,no,deliberately unclaimed,wild_unclaimed
me_land_1795,GON,0.4178266,0.5930630,me_belfalas_region,1,0.3212007,no,Gondor fiefs from Anfalas to the Anduin,accepted_source_side_envelope
me_land_1796,HRA,0.6893773,0.8368344,me_near_harad_region,10,0.0438951,no,"Qarsad's inland Near Harad sphere, separated from Harnendor and Khand",accepted_frontier_polygon
me_land_1797,HRA,0.6395604,0.9145090,me_far_harad_region,10,0.0836953,no,"Qarsad's inland Near Harad sphere, separated from Harnendor and Khand",accepted_frontier_polygon
me_land_1798,DUN,0.4417582,0.4543234,me_enedwaith_region,1,0.0228717,no,"Dunland lowlands west of Isen and the Gap, south of Glanduin",accepted_frontier_polygon
me_land_1799,WILD,0.3682540,0.4127992,me_enedwaith_region,1,,no,deliberately unclaimed,wild_enedwaith
me_land_1800,WILD,0.7677656,0.5300440,me_mordor_region,9,,no,deliberately unclaimed,wild_unclaimed
me_land_1801,RH2,0.7814408,0.3400098,me_rhun_region,9,0.0384393,no,southeastern Rhûn wain-kingdom beyond the Sea of Rhûn,accepted_frontier_polygon
me_land_1802,WILD,0.8312576,0.5740107,me_mordor_region,9,,no,deliberately unclaimed,wild_unclaimed
me_land_1803,BEO,0.5240537,0.1660967,me_anduin_vale_region,1,0.0302681,no,Beorning crossings and upper Anduin vales,accepted_source_side_envelope
me_land_1804,WILD,0.4019536,0.1753786,me_north_arnor_region,1,,no,deliberately unclaimed,wild_unclaimed
me_land_1805,WILD,0.4620269,0.3888617,me_enedwaith_region,1,,no,deliberately unclaimed,wild_unclaimed
me_land_1806,WILD,0.3941392,0.3453835,me_enedwaith_region,1,,no,deliberately unclaimed,wild_unclaimed
me_land_1807,HFA,0.5682540,0.9662921,me_far_harad_region,10,0.0353445,no,represented northern fringe of Far Harad,accepted_frontier_polygon
me_land_1808,WILD,0.6901099,0.0771861,me_northern_wastes_region,5,,no,deliberately unclaimed,wild_forodwaith
me_land_1809,WILD,0.7938950,0.7078652,me_mordor_region,9,,no,deliberately unclaimed,wild_unclaimed
me_land_1810,WILD,0.4544567,0.3209575,me_enedwaith_region,1,,no,deliberately unclaimed,wild_buffer
me_land_1811,HRA,0.6996337,0.9565217,me_far_harad_region,10,0.0995655,no,"Qarsad's inland Near Harad sphere, separated from Harnendor and Khand",accepted_frontier_polygon
me_land_1812,DAM,0.4986569,0.6785540,me_belfalas_region,1,0.0199630,no,Dol Amroth and Belfalas peninsula,accepted_source_side_envelope
me_land_1813,WILD,0.5311355,0.4298974,me_anduin_vale_region,9,,no,deliberately unclaimed,wild_unclaimed
me_land_1814,MOR,0.6798535,0.5617978,me_mordor_region,1,0.0725547,no,Mordor inside the source-reviewed Ered Lithui and Ephel Duath enclosure,accepted_frontier_polygon
me_land_1815,WILD,0.6722833,0.0835369,me_northern_wastes_region,5,,no,deliberately unclaimed,wild_forodwaith
me_land_1816,WILD,0.7936508,0.0527601,me_northern_wastes_region,1,,no,deliberately unclaimed,wild_forodwaith
me_land_1817,WILD,0.4336996,0.2716170,me_north_arnor_region,1,,no,deliberately unclaimed,wild_buffer
me_land_1818,WILD,0.8048840,0.0302882,me_northern_wastes_region,1,,no,deliberately unclaimed,wild_forodwaith
me_land_1819,ROH,0.5098901,0.4851001,me_rohan_region,1,0.0577564,no,"The Mark between Isen, Anduin, and White Mountains",accepted_source_side_envelope
me_land_1820,RHU,0.7247863,0.1348315,me_rhun_region,1,0.1464271,no,western Rhûn polity north and east of Dorwinion,accepted_frontier_polygon
me_land_1821,LIN,0.3147741,0.2139717,me_lindon_region,1,0.0165930,no,Lindon west of the Blue Mountains,accepted_source_side_envelope
me_land_1822,LOS,0.3958486,0.0522716,me_forochel_region,5,0.1087402,no,Lossoth settlements around the Icebay,accepted_source_side_envelope
me_land_1823,MOR,0.6688645,0.6936981,me_mordor_region,8,0.1300291,no,Mordor inside the source-reviewed Ered Lithui and Ephel Duath enclosure,accepted_frontier_polygon
me_land_1824,GON,0.6488400,0.7464582,me_south_gondor_region,1,0.1955684,no,Gondor fiefs from Anfalas to the Anduin,accepted_source_side_envelope
me_land_1825,RHU,0.7384615,0.1675623,me_rhun_region,1,0.1038011,no,western Rhûn polity north and east of Dorwinion,accepted_frontier_polygon
me_land_1826,WILD,0.7435897,0.4577430,me_rhun_region,9,,no,deliberately unclaimed,wild_unclaimed
me_land_1827,SHI,0.3682540,0.2462140,me_shire_breeland_region,1,0.0472028,no,Shire bounds west of the Brandywine,accepted_source_side_envelope
me_land_1828,WILD,0.3724054,0.4245237,me_enedwaith_region,1,,no,deliberately unclaimed,wild_enedwaith
me_land_1829,GON,0.5709402,0.7005374,me_lebennin_region,1,0.0904046,no,Gondor fiefs from Anfalas to the Anduin,accepted_source_side_envelope
me_land_1830,ROH,0.5191697,0.5236932,me_rohan_region,1,0.0435509,no,"The Mark between Isen, Anduin, and White Mountains",accepted_source_side_envelope
me_land_1831,WILD,0.7907204,0.6184660,me_mordor_region,9,,no,deliberately unclaimed,wild_unclaimed
me_land_1832,ROH,0.5467643,0.4469956,me_rohan_region,9,0.1326470,no,"The Mark between Isen, Anduin, and White Mountains",accepted_source_side_envelope
me_land_1833,WILD,0.6070818,0.6551050,me_ithilien_region,1,,no,deliberately unclaimed,wild_ithilien
me_land_1834,RHU,0.7032967,0.2735711,me_rhun_region,9,0.1354729,no,western Rhûn polity north and east of Dorwinion,accepted_frontier_polygon
me_land_1835,ROH,0.5177045,0.5383488,me_rohan_region,1,0.0380951,no,"The Mark between Isen, Anduin, and White Mountains",accepted_source_side_envelope
me_land_1836,LIN,0.3042735,0.2393747,me_lindon_region,1,0.0164134,no,Lindon west of the Blue Mountains,accepted_source_side_envelope
me_land_1837,WILD,0.4705739,0.1709819,me_north_arnor_region,1,,no,deliberately unclaimed,wild_unclaimed
me_land_1838,WILD,0.4253968,0.2212995,me_north_arnor_region,1,,no,deliberately unclaimed,wild_unclaimed
me_land_1839,ESG,0.5919414,0.1597460,me_dale_region,1,0.0161478,no,Lake-town and Long Lake shore,accepted_source_side_envelope
me_land_1840,SHI,0.3242979,0.2359551,me_shire_breeland_region,1,0.0444018,no,Shire bounds west of the Brandywine,accepted_source_side_envelope
me_land_1841,RH2,0.8390720,0.4303859,me_rhun_region,9,0.1121089,no,southeastern Rhûn wain-kingdom beyond the Sea of Rhûn,accepted_frontier_polygon
me_land_1842,WILD,0.7958486,0.0195408,me_northern_wastes_region,1,,no,deliberately unclaimed,wild_forodwaith
me_land_1843,ROH,0.5321123,0.5481192,me_rohan_region,1,0.0676262,no,"The Mark between Isen, Anduin, and White Mountains",accepted_source_side_envelope
me_land_1844,WOO,0.6075702,0.2242306,me_mirkwood_region,1,0.0832454,no,Arda Maps Mirkwood polygon: northern/eastern Woodland Realm; Thranduil's northern and eastern Mirkwood; Woodland Realm in northern and northeastern Mirkwood,accepted_source_zone_overlap
me_land_1845,WILD,0.6356532,0.1406937,me_rhun_region,1,,no,deliberately unclaimed,wild_unclaimed
me_land_1846,WILD,0.7606838,0.6389839,me_mordor_region,9,,no,deliberately unclaimed,wild_unclaimed
me_land_1847,RHU,0.7482295,0.1871031,me_rhun_region,1,0.0764973,no,western Rhûn polity north and east of Dorwinion,accepted_frontier_polygon
me_land_1848,MOR,0.6058608,0.5339521,me_brown_lands_region,1,0.0860185,yes,occupied-fortress: Narchost is one of the occupied Towers of the Teeth.,accepted_required_frontier_owner
me_land_1849,GUN,0.5135531,0.1201759,me_grey_mountains_region,1,0.0285549,no,Gundabad and the northern mountain junction,accepted_source_side_envelope
me_land_1850,WDM,0.5499389,0.2447484,me_mirkwood_region,1,0.0602878,no,Arda Maps Mirkwood polygon: western Woodmen settlements; Woodmen settlements in western Mirkwood; Woodmen clearings along western and central Mirkwood,accepted_source_zone_overlap
me_land_1851,WILD,0.4998779,0.3873962,me_anduin_vale_region,1,,no,deliberately unclaimed,wild_unclaimed
me_land_1852,WILD,0.3960928,0.3986321,me_enedwaith_region,1,,no,deliberately unclaimed,wild_enedwaith
me_land_1853,HNE,0.6080586,0.8075232,me_near_harad_region,1,0.0632315,no,Harnendor between the Poros approaches and the Harnen,accepted_frontier_polygon
me_land_1854,WILD,0.4273504,0.0737665,me_angmar_region,5,,no,deliberately unclaimed,wild_unclaimed
me_land_1855,ESG,0.6229548,0.1871031,me_dale_region,1,0.0521869,no,Lake-town and Long Lake shore,accepted_source_side_envelope
me_land_1856,WILD,0.3809524,0.4352711,me_enedwaith_region,1,,no,abandoned: Lond Daer is an abandoned Númenórean ruin.,accepted_required_frontier_owner
me_land_1857,RAN,0.4727717,0.2818759,me_north_arnor_region,1,0.0126846,no,The Angle and immediate Ranger refuge,accepted_source_side_envelope
me_land_1858,IRO,0.6771673,0.1265266,me_rhun_region,1,0.0314862,no,Iron Hills source label and adjacent holds,accepted_source_side_envelope
me_land_1859,DOR,0.6644689,0.3336590,me_rhun_region,9,0.0440377,no,Dorwinion around the northwest Sea of Rhûn,accepted_source_side_envelope
me_land_1860,GON,0.4749695,0.5857352,me_belfalas_region,1,0.2079738,no,Gondor fiefs from Anfalas to the Anduin,accepted_source_side_envelope
me_land_1861,DOR,0.6656899,0.3243771,me_rhun_region,9,0.0464812,no,Dorwinion around the northwest Sea of Rhûn,accepted_source_side_envelope
me_land_1862,UMB,0.5565324,0.9584758,me_umbar_region,10,0.0965119,no,Umbar coast and corsair hinterland,accepted_source_side_envelope
me_land_1863,WILD,0.4483516,0.0986810,me_angmar_region,5,,no,deliberately unclaimed,wild_unclaimed
me_land_1864,WILD,0.3357753,0.3336590,me_enedwaith_region,1,,no,deliberately unclaimed,wild_unclaimed
me_land_1865,SHI,0.3645910,0.2266732,me_shire_breeland_region,1,0.0367885,no,active-settlement: Bywater is an active Shire village.,accepted_required_frontier_owner
me_land_1866,WILD,0.8075702,0.6595017,me_mordor_region,9,,no,deliberately unclaimed,wild_unclaimed
me_land_1867,WILD,0.3384615,0.3522228,me_enedwaith_region,1,,no,deliberately unclaimed,wild_unclaimed
me_land_1868,WILD,0.6466422,0.4675134,me_brown_lands_region,9,,no,deliberately unclaimed,wild_unclaimed
me_land_1869,KHA,0.7526252,0.7611138,me_khand_region,9,0.0232561,no,"Khand east and southeast of Mordor, excluding Far Harad",accepted_frontier_polygon
me_land_1870,UMB,0.5245421,0.9599414,me_umbar_region,9,0.0384357,no,Umbar coast and corsair hinterland,accepted_source_side_envelope
me_land_1871,WILD,0.3687424,0.1924768,me_north_arnor_region,1,,no,deliberately unclaimed,wild_unclaimed
me_land_1872,WILD,0.6185592,0.6780655,me_ithilien_region,1,,no,deliberately unclaimed,wild_ithilien
me_land_1873,DAM,0.5035409,0.6248168,me_belfalas_region,1,0.0560736,no,Dol Amroth and Belfalas peninsula,accepted_source_side_envelope
me_land_1874,GON,0.3965812,0.6370298,me_belfalas_region,1,0.3640842,no,Gondor fiefs from Anfalas to the Anduin,accepted_source_side_envelope
me_land_1875,WILD,0.7704518,0.5085491,me_rhun_region,9,,no,deliberately unclaimed,wild_unclaimed
me_land_1876,WILD,0.4112332,0.3497802,me_enedwaith_region,1,,no,deliberately unclaimed,wild_unclaimed
me_land_1877,RH2,0.7792430,0.3839766,me_rhun_region,9,0.0536453,no,southeastern Rhûn wain-kingdom beyond the Sea of Rhûn,accepted_frontier_polygon
me_land_1878,WDM,0.5609280,0.2335125,me_mirkwood_region,3,0.0665221,no,Arda Maps Mirkwood polygon: western Woodmen settlements; Woodmen settlements in western Mirkwood; Woodmen clearings along western and central Mirkwood,accepted_source_zone_overlap
me_land_1879,ROH,0.5482295,0.5515388,me_rohan_region,1,0.1000240,no,"The Mark between Isen, Anduin, and White Mountains",accepted_source_side_envelope
me_land_1880,WILD,0.8078144,0.8783586,me_khand_region,10,,no,deliberately unclaimed,wild_unclaimed
me_land_1881,DAM,0.5181929,0.6531510,me_belfalas_region,1,0.0614563,no,Dol Amroth and Belfalas peninsula,accepted_source_side_envelope
me_land_1882,ISE,0.4700855,0.4758183,me_rohan_region,1,0.0154273,no,compact Nan Curunir vale north of the Fords of Isen,accepted_frontier_polygon
me_land_1883,WILD,0.7687424,0.5798730,me_mordor_region,9,,no,deliberately unclaimed,wild_unclaimed
me_land_1884,WILD,0.6295482,0.3453835,me_mirkwood_region,9,,no,deliberately unclaimed,wild_unclaimed
me_land_1885,WILD,0.7689866,0.0791402,me_northern_wastes_region,1,,no,deliberately unclaimed,wild_forodwaith
me_land_1886,MOR,0.6559219,0.7063996,me_mordor_region,8,0.1349924,no,Mordor inside the source-reviewed Ered Lithui and Ephel Duath enclosure,accepted_frontier_polygon
me_land_1887,RHU,0.7548230,0.2212995,me_rhun_region,9,0.0417743,no,western Rhûn polity north and east of Dorwinion,accepted_frontier_polygon
me_land_1888,KHA,0.7477411,0.7625794,me_khand_region,9,0.0283678,no,"Khand east and southeast of Mordor, excluding Far Harad",accepted_frontier_polygon
me_land_1889,RHU,0.7189255,0.1358085,me_rhun_region,1,0.1532126,no,western Rhûn polity north and east of Dorwinion,accepted_frontier_polygon
me_land_1890,WILD,0.5719170,0.4074255,me_brown_lands_region,9,,no,deliberately unclaimed,wild_unclaimed
me_land_1891,WILD,0.3604396,0.1841720,me_north_arnor_region,1,,no,deliberately unclaimed,wild_unclaimed
me_land_1892,WILD,0.8097680,0.5539814,me_mordor_region,9,,no,deliberately unclaimed,wild_unclaimed
me_land_1893,WILD,0.3997558,0.2779678,me_shire_breeland_region,1,,no,deliberately unclaimed,wild_buffer
me_land_1894,LIN,0.2459096,0.1744016,me_lindon_region,1,0.1366856,no,Lindon west of the Blue Mountains,accepted_source_side_envelope
me_land_1895,WILD,0.6993895,0.5075721,me_rhun_region,9,,no,deliberately unclaimed,wild_unclaimed
me_land_1896,WDM,0.5667888,0.2388862,me_mirkwood_region,3,0.0618598,no,Arda Maps Mirkwood polygon: western Woodmen settlements; Woodmen settlements in western Mirkwood; Woodmen clearings along western and central Mirkwood,accepted_source_zone_overlap
me_land_1897,WILD,0.4058608,0.1744016,me_north_arnor_region,1,,no,deliberately unclaimed,wild_unclaimed
me_land_1898,WILD,0.4080586,0.2335125,me_north_arnor_region,1,,no,deliberately unclaimed,wild_unclaimed
me_land_1899,WILD,0.8368742,0.9535906,me_far_harad_region,10,,no,deliberately unclaimed,wild_unclaimed
me_land_1900,WILD,0.7369963,0.5749878,me_mordor_region,8,,no,deliberately unclaimed,wild_unclaimed
me_land_1901,WILD,0.6461538,0.3150953,me_mirkwood_region,1,,no,deliberately unclaimed,wild_unclaimed
me_land_1902,RH2,0.7841270,0.4152418,me_rhun_region,9,0.0725555,no,southeastern Rhûn wain-kingdom beyond the Sea of Rhûn,accepted_frontier_polygon
me_land_1903,WILD,0.6217338,0.4528578,me_brown_lands_region,9,,no,deliberately unclaimed,wild_unclaimed
me_land_1904,WILD,0.5384615,0.3336590,me_anduin_vale_region,1,,no,deliberately unclaimed,wild_unclaimed
me_land_1905,ROH,0.5379731,0.5031754,me_rohan_region,1,0.0861240,no,"The Mark between Isen, Anduin, and White Mountains",accepted_source_side_envelope
me_land_1906,GON,0.4354090,0.5935515,me_belfalas_region,1,0.2860688,no,Gondor fiefs from Anfalas to the Anduin,accepted_source_side_envelope
me_land_1907,KHA,0.7946276,0.8070347,me_khand_region,10,0.1045543,no,"Khand east and southeast of Mordor, excluding Far Harad",accepted_frontier_polygon
me_land_1908,BRE,0.3882784,0.2232535,me_shire_breeland_region,1,0.0300172,no,Bree-land's four-village crossroads,accepted_source_side_envelope
me_land_1909,WILD,0.4556777,0.3864191,me_enedwaith_region,1,,no,deliberately unclaimed,wild_unclaimed
me_land_1910,WILD,0.3611722,0.3273083,me_enedwaith_region,1,,no,deliberately unclaimed,wild_unclaimed
me_land_1911,WILD,0.4358974,0.3019052,me_enedwaith_region,1,,no,deliberately unclaimed,wild_buffer
me_land_1912,WILD,0.8046398,0.7107963,me_mordor_region,9,,no,deliberately unclaimed,wild_unclaimed
me_land_1913,GON,0.4200244,0.5681485,me_belfalas_region,1,0.3192167,no,Gondor fiefs from Anfalas to the Anduin,accepted_source_side_envelope
me_land_1914,MOR,0.7045177,0.5422570,me_mordor_region,1,0.1249048,no,Mordor inside the source-reviewed Ered Lithui and Ephel Duath enclosure,accepted_frontier_polygon
me_land_1915,ROH,0.5262515,0.5481192,me_rohan_region,1,0.0560544,no,"The Mark between Isen, Anduin, and White Mountains",accepted_source_side_envelope
me_land_1916,KHA,0.7445665,0.7689301,me_khand_region,9,0.0371629,no,"Khand east and southeast of Mordor, excluding Far Harad",accepted_frontier_polygon
me_land_1917,GON,0.4561661,0.6477772,me_belfalas_region,1,0.2467160,no,Gondor fiefs from Anfalas to the Anduin,accepted_source_side_envelope
me_land_1918,KHA,0.7264957,0.7396190,me_khand_region,9,0.0573809,no,"Khand east and southeast of Mordor, excluding Far Harad",accepted_frontier_polygon
me_land_1919,WILD,0.3264957,0.2921348,me_shire_breeland_region,1,,no,deliberately unclaimed,wild_unclaimed
me_land_1920,RH3,0.7960928,0.1861260,me_rhun_region,1,0.0497866,no,northeastern Rhûn confederation beyond the Iron Hills,accepted_frontier_polygon
me_land_1921,RHU,0.7199023,0.2012702,me_rhun_region,1,0.1114168,no,western Rhûn polity north and east of Dorwinion,accepted_frontier_polygon
me_land_1922,MOR,0.6649573,0.7098192,me_mordor_region,8,0.1425765,no,Mordor inside the source-reviewed Ered Lithui and Ephel Duath enclosure,accepted_frontier_polygon
me_land_1923,WILD,0.3355311,0.2799218,me_shire_breeland_region,1,,no,deliberately unclaimed,wild_buffer
me_land_1924,WILD,0.6432234,0.2755252,me_rhun_region,9,,no,deliberately unclaimed,wild_unclaimed
me_land_1925,MOR,0.6859585,0.7068881,me_mordor_region,8,0.1575248,no,Mordor inside the source-reviewed Ered Lithui and Ephel Duath enclosure,accepted_frontier_polygon
me_land_1926,WOO,0.5963370,0.2799218,me_mirkwood_region,3,0.1250259,no,Arda Maps Mirkwood polygon: northern/eastern Woodland Realm; Thranduil's northern and eastern Mirkwood; Woodland Realm in northern and northeastern Mirkwood,accepted_source_zone_overlap
me_land_1927,WILD,0.7772894,0.9618955,me_far_harad_region,10,,no,deliberately unclaimed,wild_unclaimed
me_land_1928,WILD,0.6471306,0.2442599,me_rhun_region,1,,no,deliberately unclaimed,wild_unclaimed
me_land_1929,WILD,0.5958486,0.0786517,me_northern_wastes_region,5,,no,deliberately unclaimed,wild_forodwaith
me_land_1930,WILD,0.4561661,0.3361016,me_enedwaith_region,1,,no,deliberately unclaimed,wild_unclaimed
me_land_1931,GON,0.5814408,0.7361993,me_south_gondor_region,9,0.1250747,no,Gondor fiefs from Anfalas to the Anduin,accepted_source_side_envelope
me_land_1932,WILD,0.6395604,0.2212995,me_rhun_region,1,,no,deliberately unclaimed,wild_unclaimed
me_land_1933,MOR,0.6935287,0.7020029,me_mordor_region,8,0.1621788,no,Mordor inside the source-reviewed Ered Lithui and Ephel Duath enclosure,accepted_frontier_polygon
me_land_1934,WILD,0.3724054,0.3639472,me_enedwaith_region,1,,no,deliberately unclaimed,wild_enedwaith
me_land_1935,WILD,0.6202686,0.1265266,me_dale_region,1,,no,deliberately unclaimed,wild_unclaimed
me_land_1936,WILD,0.3230769,0.3141182,me_enedwaith_region,1,,no,deliberately unclaimed,wild_unclaimed
me_land_1937,BEO,0.5411477,0.2457255,me_anduin_vale_region,1,0.0566689,no,Beorning crossings and upper Anduin vales,accepted_source_side_envelope
me_land_1938,DUN,0.4410256,0.5031754,me_enedwaith_region,1,0.0416843,no,"Dunland lowlands west of Isen and the Gap, south of Glanduin",accepted_frontier_polygon
me_land_1939,WILD,0.5897436,0.6497313,me_ithilien_region,1,,no,deliberately unclaimed,wild_ithilien
me_land_1940,WILD,0.8139194,0.9706888,me_far_harad_region,10,,no,deliberately unclaimed,wild_unclaimed
me_land_1941,WILD,0.5477411,0.0498290,me_northern_wastes_region,5,,no,deliberately unclaimed,wild_forodwaith
me_land_1942,WILD,0.3809524,0.1758671,me_north_arnor_region,1,,no,deliberately unclaimed,wild_unclaimed
me_land_1943,DOR,0.6830281,0.4264778,me_rhun_region,9,0.0753134,no,Dorwinion around the northwest Sea of Rhûn,accepted_source_side_envelope
me_land_1944,UMB,0.4778999,0.8920371,me_umbar_region,1,0.0770317,no,Umbar coast and corsair hinterland,accepted_source_side_envelope
me_land_1945,IRO,0.7013431,0.1656082,me_rhun_region,1,0.0543839,no,Iron Hills source label and adjacent holds,accepted_source_side_envelope
me_land_1946,GON,0.4356532,0.5881778,me_belfalas_region,1,0.2859655,no,Gondor fiefs from Anfalas to the Anduin,accepted_source_side_envelope
me_land_1947,ESG,0.5921856,0.1861260,me_dale_region,3,0.0279673,no,Lake-town and Long Lake shore,accepted_source_side_envelope
me_land_1948,WILD,0.7460317,0.6140694,me_mordor_region,8,,no,deliberately unclaimed,wild_unclaimed
me_land_1949,ESG,0.5938950,0.1787982,me_dale_region,3,0.0200011,no,Lake-town and Long Lake shore,accepted_source_side_envelope
me_land_1950,LIN,0.2730159,0.2852956,me_lindon_region,1,0.0933760,no,Lindon west of the Blue Mountains,accepted_source_side_envelope
me_land_1951,HFA,0.6029304,0.9120664,me_far_harad_region,10,0.0559400,no,represented northern fringe of Far Harad,accepted_frontier_polygon
me_land_1952,LOS,0.2644689,0.1074744,me_forochel_region,1,0.1604212,no,Lossoth settlements around the Icebay,accepted_source_side_envelope
me_land_1953,UMB,0.5477411,0.9516365,me_umbar_region,9,0.0778509,no,Umbar coast and corsair hinterland,accepted_source_side_envelope
me_land_1954,WILD,0.7555556,0.9242794,me_far_harad_region,10,,no,deliberately unclaimed,wild_unclaimed
me_land_1955,RH3,0.8122100,0.2159257,me_rhun_region,9,0.0222793,no,northeastern Rhûn confederation beyond the Iron Hills,accepted_frontier_polygon
me_land_1956,WILD,0.7938950,0.0346849,me_northern_wastes_region,1,,no,deliberately unclaimed,wild_forodwaith
me_land_1957,WILD,0.8046398,0.6365413,me_mordor_region,9,,no,deliberately unclaimed,wild_unclaimed
me_land_1958,RHU,0.7887668,0.2388862,me_rhun_region,9,0.0391444,no,western Rhûn polity north and east of Dorwinion,accepted_frontier_polygon
me_land_1959,RH2,0.8351648,0.3214460,me_rhun_region,9,0.0759052,no,southeastern Rhûn wain-kingdom beyond the Sea of Rhûn,accepted_frontier_polygon
me_land_1960,RHU,0.7340659,0.2120176,me_rhun_region,1,0.0812877,no,western Rhûn polity north and east of Dorwinion,accepted_frontier_polygon
me_land_1961,WILD,0.6051282,0.4069370,me_brown_lands_region,9,,no,deliberately unclaimed,wild_unclaimed
me_land_1962,LOS,0.2713065,0.0591109,me_forochel_region,5,0.1412899,no,Lossoth settlements around the Icebay,accepted_source_side_envelope
me_land_1963,UMB,0.4732601,0.9584758,me_umbar_region,9,0.0762603,no,Umbar coast and corsair hinterland,accepted_source_side_envelope
me_land_1964,FAN,0.5042735,0.4152418,me_anduin_vale_region,3,0.0542766,no,Arda Maps Fangorn physical woodland polygon; Fangorn source forest and Entwash headwaters,accepted_source_zone_overlap
me_land_1965,HFA,0.6510379,0.9570103,me_far_harad_region,10,0.1320910,no,represented northern fringe of Far Harad,accepted_frontier_polygon
me_land_1966,WOO,0.5929182,0.2217880,me_mirkwood_region,3,0.0671470,no,Arda Maps Mirkwood polygon: northern/eastern Woodland Realm; Thranduil's northern and eastern Mirkwood; Woodland Realm in northern and northeastern Mirkwood,accepted_source_zone_overlap
me_land_1967,RH3,0.8153846,0.2061553,me_rhun_region,1,0.0110948,no,northeastern Rhûn confederation beyond the Iron Hills,accepted_frontier_polygon
me_land_1968,HNE,0.6627595,0.7845628,me_near_harad_region,9,0.0485816,no,Harnendor between the Poros approaches and the Harnen,accepted_frontier_polygon
me_land_1969,GON,0.5277167,0.6165120,me_anorien_region,1,0.1010373,no,Gondor fiefs from Anfalas to the Anduin,accepted_source_side_envelope
me_land_1970,RH3,0.8373626,0.1636541,me_rhun_region,1,0.0502680,no,northeastern Rhûn confederation beyond the Iron Hills,accepted_frontier_polygon
me_land_1971,WILD,0.4556777,0.1875916,me_north_arnor_region,1,,no,deliberately unclaimed,wild_unclaimed
me_land_1972,WILD,0.7736264,0.6668295,me_mordor_region,9,,no,deliberately unclaimed,wild_unclaimed
me_land_1973,GON,0.4800977,0.5984367,me_belfalas_region,1,0.1965617,no,Gondor fiefs from Anfalas to the Anduin,accepted_source_side_envelope
me_land_1974,GON,0.5242979,0.6174890,me_belfalas_region,1,0.1079180,no,Gondor fiefs from Anfalas to the Anduin,accepted_source_side_envelope
me_land_1975,KHA,0.7492063,0.7474353,me_khand_region,9,0.0149635,no,"Khand east and southeast of Mordor, excluding Far Harad",accepted_frontier_polygon
me_land_1976,GON,0.5948718,0.7191011,me_south_gondor_region,9,0.1128628,no,Gondor fiefs from Anfalas to the Anduin,accepted_source_side_envelope
me_land_1977,RH3,0.8239316,0.2154372,me_rhun_region,9,0.0173245,no,northeastern Rhûn confederation beyond the Iron Hills,accepted_frontier_polygon
me_land_1978,LIN,0.2669109,0.3268197,me_lindon_region,1,0.1314026,no,Lindon west of the Blue Mountains,accepted_source_side_envelope
me_land_1979,WILD,0.5323565,0.0630191,me_northern_wastes_region,5,,no,deliberately unclaimed,wild_forodwaith
me_land_1980,UMB,0.5406593,0.9785051,me_umbar_region,10,0.0753879,no,Umbar coast and corsair hinterland,accepted_source_side_envelope
me_land_1981,HRA,0.6859585,0.8251099,me_near_harad_region,10,0.0499547,no,"Qarsad's inland Near Harad sphere, separated from Harnendor and Khand",accepted_frontier_polygon
me_land_1982,WILD,0.8349206,0.7039570,me_mordor_region,9,,no,deliberately unclaimed,wild_unclaimed
me_land_1983,WILD,0.7724054,0.5837811,me_mordor_region,9,,no,deliberately unclaimed,wild_unclaimed
me_land_1984,DOL,0.5675214,0.3805569,me_brown_lands_region,1,0.0367248,no,Arda Maps Mirkwood polygon: southern Dol Guldur shadow; Dol Guldur's southern Mirkwood shadow; Dol Guldur's southern Mirkwood shadow,accepted_source_zone_overlap
me_land_1985,WILD,0.3929182,0.1998046,me_north_arnor_region,1,,no,deliberately unclaimed,wild_unclaimed
me_land_1986,WILD,0.7511600,0.5608207,me_mordor_region,8,,no,deliberately unclaimed,wild_unclaimed
me_land_1987,WILD,0.8256410,0.5412799,me_mordor_region,9,,no,deliberately unclaimed,wild_unclaimed
me_land_1988,RAN,0.4686203,0.2423058,me_north_arnor_region,1,0.0304922,no,The Angle and immediate Ranger refuge,accepted_source_side_envelope
me_land_1989,UMB,0.5746032,0.8602833,me_near_harad_region,9,0.1502023,no,Umbar coast and corsair hinterland,accepted_source_side_envelope
me_land_1990,SHI,0.3538462,0.2613581,me_shire_breeland_region,1,0.0355792,no,Shire bounds west of the Brandywine,accepted_source_side_envelope
me_land_1991,ROH,0.5284493,0.4557890,me_rohan_region,9,0.1017827,no,"The Mark between Isen, Anduin, and White Mountains",accepted_source_side_envelope
me_land_1992,DAM,0.5145299,0.6756229,me_belfalas_region,1,0.0509564,no,Dol Amroth and Belfalas peninsula,accepted_source_side_envelope
me_land_1993,WOO,0.5868132,0.1871031,me_dale_region,3,0.0303868,no,Arda Maps Mirkwood polygon: northern/eastern Woodland Realm; Thranduil's northern and eastern Mirkwood; Woodland Realm in northern and northeastern Mirkwood,accepted_source_zone_overlap
me_land_1994,GON,0.5604396,0.6038105,me_anorien_region,1,0.0362384,no,Gondor fiefs from Anfalas to the Anduin,accepted_source_side_envelope
me_land_1995,WILD,0.5008547,0.2838300,me_anduin_vale_region,1,,no,deliberately unclaimed,wild_buffer
me_land_1996,WILD,0.5496947,0.4015633,me_anduin_vale_region,9,,no,deliberately unclaimed,wild_unclaimed
me_land_1997,WILD,0.7890110,0.5823156,me_mordor_region,9,,no,deliberately unclaimed,wild_unclaimed
me_land_1998,WILD,0.5399267,0.3834880,me_anduin_vale_region,1,,no,deliberately unclaimed,wild_unclaimed
me_land_1999,LIN,0.2439560,0.1651197,me_lindon_region,1,0.1439936,no,Lindon west of the Blue Mountains,accepted_source_side_envelope
me_land_2000,WILD,0.6439560,0.9985344,me_far_harad_region,10,,no,deliberately unclaimed,wild_unclaimed
me_land_2001,WILD,0.6991453,0.4924279,me_rhun_region,9,,no,deliberately unclaimed,wild_unclaimed
me_land_2002,RHU,0.7787546,0.1543723,me_rhun_region,1,0.0972175,no,western Rhûn polity north and east of Dorwinion,accepted_frontier_polygon
me_land_2003,WILD,0.8351648,0.0776746,me_northern_wastes_region,1,,no,deliberately unclaimed,wild_forodwaith
me_land_2004,WILD,0.7330891,0.9399121,me_far_harad_region,10,,no,deliberately unclaimed,wild_unclaimed
me_land_2005,SHI,0.3550672,0.2090865,me_shire_breeland_region,1,0.0267587,no,Shire bounds west of the Brandywine,accepted_source_side_envelope
me_land_2006,WILD,0.6466422,0.2046898,me_rhun_region,1,,no,deliberately unclaimed,wild_unclaimed
me_land_2007,HRA,0.7308913,0.8905716,me_near_harad_region,10,0.1136598,no,"Qarsad's inland Near Harad sphere, separated from Harnendor and Khand",accepted_frontier_polygon
me_land_2008,SHI,0.3426129,0.2471910,me_shire_breeland_region,1,0.0194031,no,Shire bounds west of the Brandywine,accepted_source_side_envelope
me_land_2009,WILD,0.7164835,0.5901319,me_mordor_region,8,,no,deliberately unclaimed,wild_unclaimed
me_land_2010,MOA,0.4778999,0.3160723,me_enedwaith_region,1,0.0310336,no,Moria and immediate Dimrill/Sirannon approaches,accepted_source_side_envelope
me_land_2011,WILD,0.4195360,0.2735711,me_north_arnor_region,1,,no,deliberately unclaimed,wild_unclaimed
me_land_2012,LIN,0.2593407,0.2042013,me_lindon_region,1,0.1020311,no,Lindon west of the Blue Mountains,accepted_source_side_envelope
me_land_2013,MOR,0.6573871,0.6541280,me_mordor_region,8,0.0849140,no,Mordor inside the source-reviewed Ered Lithui and Ephel Duath enclosure,accepted_frontier_polygon
me_land_2014,WILD,0.7213675,0.6213972,me_mordor_region,8,,no,deliberately unclaimed,wild_unclaimed
me_land_2015,WOO,0.5768010,0.1362970,me_dale_region,3,0.0244073,no,Arda Maps Mirkwood polygon: northern/eastern Woodland Realm; Thranduil's northern and eastern Mirkwood; Woodland Realm in northern and northeastern Mirkwood,accepted_source_zone_overlap
me_land_2016,UMB,0.5137973,0.9149976,me_umbar_region,9,0.0222715,no,Umbar coast and corsair hinterland,accepted_source_side_envelope
me_land_2017,KHA,0.7597070,0.7410845,me_khand_region,9,0.0094362,no,"Khand east and southeast of Mordor, excluding Far Harad",accepted_frontier_polygon
me_land_2018,WILD,0.5240537,0.3014167,me_anduin_vale_region,1,,no,deliberately unclaimed,wild_unclaimed
me_land_2019,RAN,0.4590965,0.2936004,me_north_arnor_region,1,0.0396064,no,The Angle and immediate Ranger refuge,accepted_source_side_envelope
me_land_2020,DAM,0.5216117,0.6638984,me_belfalas_region,1,0.0656608,no,Dol Amroth and Belfalas peninsula,accepted_source_side_envelope
me_land_2021,WILD,0.6415140,0.2281387,me_rhun_region,1,,no,deliberately unclaimed,wild_unclaimed
me_land_2022,HNE,0.6222222,0.8363459,me_near_harad_region,9,0.0543966,no,Harnendor between the Poros approaches and the Harnen,accepted_frontier_polygon
me_land_2023,ROH,0.4739927,0.4831461,me_rohan_region,1,0.0740010,no,"The Mark between Isen, Anduin, and White Mountains",accepted_source_side_envelope
me_land_2024,GON,0.4366300,0.5813385,me_belfalas_region,1,0.2846567,no,Gondor fiefs from Anfalas to the Anduin,accepted_source_side_envelope
me_land_2025,WILD,0.4422466,0.0102589,me_angmar_region,5,,no,deliberately unclaimed,wild_unclaimed
me_land_2026,WILD,0.4063492,0.3341475,me_enedwaith_region,1,,no,deliberately unclaimed,wild_unclaimed
me_land_2027,WILD,0.8192918,0.9008305,me_near_harad_region,10,,no,deliberately unclaimed,wild_unclaimed
me_land_2028,WILD,0.4393162,0.1226185,me_north_arnor_region,1,,no,deliberately unclaimed,wild_unclaimed
me_land_2029,WILD,0.7807082,0.5818271,me_mordor_region,9,,no,deliberately unclaimed,wild_unclaimed
me_land_2030,WILD,0.8188034,0.9829018,me_far_harad_region,10,,no,deliberately unclaimed,wild_unclaimed
me_land_2031,WILD,0.3697192,0.3458720,me_enedwaith_region,1,,no,deliberately unclaimed,wild_unclaimed
me_land_2032,ESG,0.6146520,0.1704934,me_dale_region,1,0.0305519,no,Lake-town and Long Lake shore,accepted_source_side_envelope
me_land_2033,WILD,0.4219780,0.4088911,me_enedwaith_region,1,,no,deliberately unclaimed,wild_unclaimed
me_land_2034,WILD,0.3431013,0.3351246,me_enedwaith_region,1,,no,deliberately unclaimed,wild_unclaimed
me_land_2035,RHU,0.7230769,0.3160723,me_rhun_region,1,0.1147722,no,western Rhûn polity north and east of Dorwinion,accepted_frontier_polygon
me_land_2036,HNE,0.5848596,0.7840743,me_near_harad_region,9,0.1084102,no,Harnendor between the Poros approaches and the Harnen,accepted_frontier_polygon
me_land_2037,WILD,0.4373626,0.2789448,me_north_arnor_region,1,,no,deliberately unclaimed,wild_buffer
me_land_2038,UMB,0.5477411,0.8265755,me_near_harad_region,9,0.1330618,no,Umbar coast and corsair hinterland,accepted_source_side_envelope
me_land_2039,GON,0.6402930,0.7557401,me_south_gondor_region,9,0.1905313,no,Gondor fiefs from Anfalas to the Anduin,accepted_source_side_envelope
me_land_2040,ROH,0.5409035,0.4894968,me_rohan_region,9,0.0975787,no,"The Mark between Isen, Anduin, and White Mountains",accepted_source_side_envelope
me_land_2041,UMB,0.5010989,0.8944797,me_umbar_region,9,0.0445876,no,Umbar coast and corsair hinterland,accepted_source_side_envelope
me_land_2042,WILD,0.5389499,0.4289204,me_anduin_vale_region,9,,no,deliberately unclaimed,wild_unclaimed
me_land_2043,UMB,0.5372405,0.9066927,me_umbar_region,9,0.0623337,no,Umbar coast and corsair hinterland,accepted_source_side_envelope
me_land_2044,WILD,0.6278388,0.3786028,me_mirkwood_region,9,,no,deliberately unclaimed,wild_unclaimed
me_land_2045,WILD,0.4195360,0.1753786,me_north_arnor_region,1,,no,deliberately unclaimed,wild_unclaimed
me_land_2046,WILD,0.4271062,0.2892037,me_north_arnor_region,1,,no,deliberately unclaimed,wild_unclaimed
me_land_2047,WILD,0.6830281,0.4860772,me_rhun_region,9,,no,deliberately unclaimed,wild_unclaimed
me_land_2048,WILD,0.7768010,0.5788959,me_mordor_region,9,,no,deliberately unclaimed,wild_unclaimed
me_land_2049,GON,0.4251526,0.6023449,me_belfalas_region,1,0.3061616,no,Gondor fiefs from Anfalas to the Anduin,accepted_source_side_envelope
me_land_2050,UMB,0.4830281,0.9399121,me_umbar_region,1,0.0534012,no,Umbar coast and corsair hinterland,accepted_source_side_envelope
me_land_2051,ANG,0.4652015,0.1543723,me_north_arnor_region,1,0.0356567,no,compact Mount Gram remnant with Carn Dum retained only as a forced fastness,accepted_frontier_polygon
me_land_2052,MOR,0.6678877,0.5959941,me_mordor_region,8,0.0527072,no,Mordor inside the source-reviewed Ered Lithui and Ephel Duath enclosure,accepted_frontier_polygon
me_land_2053,HRA,0.6354090,0.8583293,me_near_harad_region,10,0.0800374,no,"Qarsad's inland Near Harad sphere, separated from Harnendor and Khand",accepted_frontier_polygon
me_land_2054,MOR,0.6534799,0.5525159,me_mordor_region,1,0.0282194,no,Mordor inside the source-reviewed Ered Lithui and Ephel Duath enclosure,accepted_frontier_polygon
me_land_2055,WILD,0.3616606,0.4308745,me_enedwaith_region,1,,no,deliberately unclaimed,wild_enedwaith
me_land_2056,WILD,0.8097680,0.6038105,me_mordor_region,9,,no,deliberately unclaimed,wild_unclaimed
me_land_2057,KHA,0.6925519,0.7327797,me_khand_region,1,0.1253834,no,"Khand east and southeast of Mordor, excluding Far Harad",accepted_frontier_polygon
me_land_2058,LIN,0.2781441,0.2569614,me_lindon_region,1,0.0692433,no,Lindon west of the Blue Mountains,accepted_source_side_envelope
me_land_2059,UMB,0.5494505,0.7826087,me_near_harad_region,9,0.1725212,no,Umbar coast and corsair hinterland,accepted_source_side_envelope
me_land_2060,WILD,0.4700855,0.4064485,me_enedwaith_region,1,,no,deliberately unclaimed,wild_unclaimed
me_land_2061,KHA,0.8168498,0.7655105,me_khand_region,9,0.1262784,no,"Khand east and southeast of Mordor, excluding Far Harad",accepted_frontier_polygon
me_land_2062,HNE,0.6087912,0.7655105,me_near_harad_region,9,0.0662711,no,Harnendor between the Poros approaches and the Harnen,accepted_frontier_polygon
me_land_2063,RHU,0.7785104,0.1910112,me_rhun_region,1,0.0613953,no,western Rhûn polity north and east of Dorwinion,accepted_frontier_polygon
me_land_2064,GON,0.5643468,0.6980948,me_lebennin_region,1,0.0910941,no,Gondor fiefs from Anfalas to the Anduin,accepted_source_side_envelope
me_land_2065,WILD,0.7545788,0.6888129,me_mordor_region,9,,no,deliberately unclaimed,wild_unclaimed
me_land_2066,MOR,0.6446886,0.6775769,me_mordor_region,8,0.1040737,no,Mordor inside the source-reviewed Ered Lithui and Ephel Duath enclosure,accepted_frontier_polygon
me_land_2067,RH2,0.7753358,0.3185149,me_rhun_region,9,0.0585201,no,southeastern Rhûn wain-kingdom beyond the Sea of Rhûn,accepted_frontier_polygon
me_land_2068,GON,0.6822955,0.7523205,me_south_gondor_region,9,0.2515115,no,Gondor fiefs from Anfalas to the Anduin,accepted_source_side_envelope
me_land_2069,ANG,0.4656899,0.1465559,me_north_arnor_region,1,0.0354139,no,compact Mount Gram remnant with Carn Dum retained only as a forced fastness,accepted_frontier_polygon
me_land_2070,WILD,0.7482295,0.0591109,me_northern_wastes_region,1,,no,deliberately unclaimed,wild_forodwaith
me_land_2071,UMB,0.5582418,0.8832438,me_umbar_region,9,0.1104293,no,Umbar coast and corsair hinterland,accepted_source_side_envelope
me_land_2072,HRA,0.6258852,0.8905716,me_near_harad_region,10,0.1003605,no,"Qarsad's inland Near Harad sphere, separated from Harnendor and Khand",accepted_frontier_polygon
me_land_2073,GON,0.4334554,0.6477772,me_belfalas_region,1,0.2917153,no,Gondor fiefs from Anfalas to the Anduin,accepted_source_side_envelope
me_land_2074,WOO,0.5870574,0.2129946,me_dale_region,3,0.0557237,no,Arda Maps Mirkwood polygon: northern/eastern Woodland Realm; Thranduil's northern and eastern Mirkwood; Woodland Realm in northern and northeastern Mirkwood,accepted_source_zone_overlap
me_land_2075,WILD,0.3653236,0.2970200,me_enedwaith_region,1,,no,deliberately unclaimed,wild_unclaimed
me_land_2076,DOL,0.5907204,0.3488031,me_mirkwood_region,3,0.0692788,no,Arda Maps Mirkwood polygon: southern Dol Guldur shadow; Dol Guldur's southern Mirkwood shadow; Dol Guldur's southern Mirkwood shadow,accepted_source_zone_overlap
me_land_2077,WILD,0.6244200,0.2989741,me_mirkwood_region,9,,no,deliberately unclaimed,wild_unclaimed
me_land_2078,WILD,0.8241758,0.5989253,me_mordor_region,9,,no,deliberately unclaimed,wild_unclaimed
me_land_2079,WILD,0.5277167,0.4059599,me_anduin_vale_region,1,,no,deliberately unclaimed,wild_unclaimed
me_land_2080,WILD,0.5921856,0.5236932,me_brown_lands_region,9,,no,desolate-borderland: Dagorlad is a desolate borderland rather than a settled province.,accepted_required_frontier_owner
me_land_2081,GON,0.4175824,0.6712262,me_belfalas_region,1,0.3267148,no,Gondor fiefs from Anfalas to the Anduin,accepted_source_side_envelope
me_land_2082,WILD,0.6388278,0.3463605,me_mirkwood_region,9,,no,deliberately unclaimed,wild_unclaimed
me_land_2083,WILD,0.4852259,0.1748901,me_north_arnor_region,1,,no,deliberately unclaimed,wild_unclaimed
me_land_2084,WILD,0.7956044,0.0615535,me_northern_wastes_region,1,,no,deliberately unclaimed,wild_forodwaith
me_land_2085,RH2,0.8170940,0.3160723,me_rhun_region,9,0.0481654,no,southeastern Rhûn wain-kingdom beyond the Sea of Rhûn,accepted_frontier_polygon
me_land_2086,KHA,0.7137973,0.7723498,me_khand_region,9,0.0894479,no,"Khand east and southeast of Mordor, excluding Far Harad",accepted_frontier_polygon
me_land_2087,RIV,0.4954823,0.2383977,me_north_arnor_region,1,0.0162361,no,Imladris hidden valley and immediate refuge,accepted_source_side_envelope
me_land_2088,WILD,0.8315018,0.0068393,me_northern_wastes_region,1,,no,deliberately unclaimed,wild_forodwaith
me_land_2089,DOL,0.5846154,0.3732291,me_mirkwood_region,1,0.0609066,no,Arda Maps Mirkwood polygon: southern Dol Guldur shadow; Dol Guldur's southern Mirkwood shadow; Dol Guldur's southern Mirkwood shadow,accepted_source_zone_overlap
me_land_2090,WILD,0.6683761,0.9985344,me_far_harad_region,10,,no,deliberately unclaimed,wild_unclaimed
me_land_2091,MOR,0.6407814,0.5280899,me_mordor_region,9,0.0458897,no,Mordor inside the source-reviewed Ered Lithui and Ephel Duath enclosure,accepted_frontier_polygon
me_land_2092,HRA,0.6498168,0.8842208,me_near_harad_region,10,0.0523354,no,"Qarsad's inland Near Harad sphere, separated from Harnendor and Khand",accepted_frontier_polygon
me_land_2093,RHU,0.7599512,0.2188569,me_rhun_region,9,0.0370650,no,western Rhûn polity north and east of Dorwinion,accepted_frontier_polygon
me_land_2094,UMB,0.5846154,0.8822667,me_near_harad_region,9,0.1591662,no,Umbar coast and corsair hinterland,accepted_source_side_envelope
me_land_2095,WILD,0.7545788,0.8793356,me_khand_region,10,,no,deliberately unclaimed,wild_unclaimed
me_land_2096,GON,0.3892552,0.6634099,me_belfalas_region,1,0.3814027,no,Gondor fiefs from Anfalas to the Anduin,accepted_source_side_envelope
me_land_2097,DOL,0.5416361,0.3385442,me_anduin_vale_region,1,0.0318356,no,Arda Maps Mirkwood polygon: southern Dol Guldur shadow; Dol Guldur's southern Mirkwood shadow; Dol Guldur's southern Mirkwood shadow,accepted_source_zone_overlap
me_land_2098,WILD,0.8012210,0.0727894,me_northern_wastes_region,1,,no,deliberately unclaimed,wild_forodwaith
me_land_2099,WILD,0.7230769,0.6599902,me_mordor_region,8,,no,deliberately unclaimed,wild_unclaimed
me_land_2100,KHA,0.7829060,0.7830972,me_khand_region,9,0.0712070,no,"Khand east and southeast of Mordor, excluding Far Harad",accepted_frontier_polygon
me_land_2101,WILD,0.3897436,0.3155838,me_enedwaith_region,1,,no,deliberately unclaimed,wild_unclaimed
me_land_2102,LOS,0.3389499,0.1167562,me_forochel_region,1,0.0516279,no,Lossoth settlements around the Icebay,accepted_source_side_envelope
me_land_2103,WILD,0.6461538,0.3937469,me_brown_lands_region,9,,no,deliberately unclaimed,wild_buffer
me_land_2104,WILD,0.3191697,0.3659013,me_enedwaith_region,1,,no,deliberately unclaimed,wild_enedwaith
me_land_2105,WILD,0.3826618,0.4670249,me_enedwaith_region,1,,no,deliberately unclaimed,wild_enedwaith
me_land_2106,IRO,0.6642247,0.1797753,me_rhun_region,1,0.0302119,no,Iron Hills source label and adjacent holds,accepted_source_side_envelope
me_land_2107,WOO,0.5577534,0.2037128,me_mirkwood_region,3,0.0670113,no,Arda Maps Mirkwood polygon: northern/eastern Woodland Realm; Thranduil's northern and eastern Mirkwood; Woodland Realm in northern and northeastern Mirkwood,accepted_source_zone_overlap
me_land_2108,LIN,0.2336996,0.2042013,me_lindon_region,1,0.1525095,no,Lindon west of the Blue Mountains,accepted_source_side_envelope
me_land_2109,WILD,0.3396825,0.1670738,me_north_arnor_region,1,,no,deliberately unclaimed,wild_unclaimed
me_land_2110,IRO,0.6998779,0.1509526,me_rhun_region,1,0.0512768,no,Iron Hills source label and adjacent holds,accepted_source_side_envelope
me_land_2111,GON,0.4693529,0.6023449,me_belfalas_region,1,0.2178143,no,Gondor fiefs from Anfalas to the Anduin,accepted_source_side_envelope
me_land_2112,ROH,0.5450549,0.4347826,me_rohan_region,9,0.1390273,no,"The Mark between Isen, Anduin, and White Mountains",accepted_source_side_envelope
me_land_2113,HFA,0.6334554,0.9848559,me_far_harad_region,10,0.1014056,no,represented northern fringe of Far Harad,accepted_frontier_polygon
me_land_2114,WILD,0.4864469,0.1519297,me_north_arnor_region,1,,no,deliberately unclaimed,wild_unclaimed
me_land_2115,GON,0.5919414,0.7034685,me_south_gondor_region,1,0.0962008,no,Gondor fiefs from Anfalas to the Anduin,accepted_source_side_envelope
me_land_2116,RH2,0.8043956,0.3712750,me_rhun_region,9,0.0230198,no,southeastern Rhûn wain-kingdom beyond the Sea of Rhûn,accepted_frontier_polygon
me_land_2117,LIN,0.2454212,0.1309233,me_lindon_region,1,0.1591361,no,Lindon west of the Blue Mountains,accepted_source_side_envelope
me_land_2118,WILD,0.5367521,0.3072789,me_anduin_vale_region,1,,no,deliberately unclaimed,wild_unclaimed
me_land_2119,LOS,0.3804640,0.1152907,me_forochel_region,5,0.0918574,no,Lossoth settlements around the Icebay,accepted_source_side_envelope
me_land_2120,WILD,0.7799756,0.8710308,me_khand_region,10,,no,deliberately unclaimed,wild_unclaimed
me_land_2121,WILD,0.8251526,0.0190523,me_northern_wastes_region,1,,no,deliberately unclaimed,wild_forodwaith
me_land_2122,WILD,0.6231990,0.2340010,me_mirkwood_region,1,,no,deliberately unclaimed,wild_unclaimed
me_land_2123,GON,0.6288156,0.7537860,me_south_gondor_region,9,0.1748260,no,Gondor fiefs from Anfalas to the Anduin,accepted_source_side_envelope
me_land_2124,LIN,0.2432234,0.1773327,me_lindon_region,1,0.1406272,no,Lindon west of the Blue Mountains,accepted_source_side_envelope
me_land_2125,HRA,0.6769231,0.8397655,me_near_harad_region,10,0.0304781,no,"Qarsad's inland Near Harad sphere, separated from Harnendor and Khand",accepted_frontier_polygon
me_land_2126,ANG,0.4490842,0.1416707,me_north_arnor_region,1,0.0039732,yes,occupied-hold: Mount Gram is the Angmar remnant's occupied hold.,accepted_required_frontier_owner
me_land_2127,WILD,0.4739927,0.1768442,me_north_arnor_region,1,,no,deliberately unclaimed,wild_unclaimed
me_land_2128,BLU,0.3040293,0.1929653,me_lindon_region,1,0.0292323,no,Surviving Ered Luin halls,accepted_source_side_envelope
me_land_2129,KHA,0.7750916,0.8075232,me_khand_region,10,0.0797515,no,"Khand east and southeast of Mordor, excluding Far Harad",accepted_frontier_polygon
me_land_2130,WILD,0.6517705,0.5007328,me_brown_lands_region,9,,no,deliberately unclaimed,wild_unclaimed
me_land_2131,RHU,0.7997558,0.2735711,me_rhun_region,9,0.0640096,no,western Rhûn polity north and east of Dorwinion,accepted_frontier_polygon
me_land_2132,WILD,0.7115995,0.0757206,me_northern_wastes_region,5,,no,deliberately unclaimed,wild_forodwaith
me_land_2133,ROH,0.5333333,0.4382022,me_rohan_region,9,0.1217824,no,"The Mark between Isen, Anduin, and White Mountains",accepted_source_side_envelope
me_land_2134,WILD,0.7301587,0.5158769,me_rhun_region,9,,no,deliberately unclaimed,wild_unclaimed
me_land_2135,MOR,0.6947497,0.5564240,me_mordor_region,1,0.1028250,no,Mordor inside the source-reviewed Ered Lithui and Ephel Duath enclosure,accepted_frontier_polygon
me_land_2136,WILD,0.7474969,0.0781632,me_northern_wastes_region,1,,no,deliberately unclaimed,wild_forodwaith
me_land_2137,HRA,0.6913309,0.8837323,me_near_harad_region,10,0.0354312,no,"Qarsad's inland Near Harad sphere, separated from Harnendor and Khand",accepted_frontier_polygon
me_land_2138,WILD,0.7282051,0.5764533,me_mordor_region,8,,no,deliberately unclaimed,wild_unclaimed
me_land_2139,HRA,0.6573871,0.9379580,me_far_harad_region,10,0.0765451,no,"Qarsad's inland Near Harad sphere, separated from Harnendor and Khand",accepted_frontier_polygon
me_land_2140,WOO,0.5987790,0.2471910,me_mirkwood_region,3,0.0950037,no,Arda Maps Mirkwood polygon: northern/eastern Woodland Realm; Thranduil's northern and eastern Mirkwood; Woodland Realm in northern and northeastern Mirkwood,accepted_source_zone_overlap
me_land_2141,WILD,0.3391941,0.1587689,me_north_arnor_region,1,,no,deliberately unclaimed,wild_unclaimed
me_land_2142,KHA,0.8034188,0.8001954,me_khand_region,9,0.1145574,no,"Khand east and southeast of Mordor, excluding Far Harad",accepted_frontier_polygon
me_land_2143,GON,0.5746032,0.6223742,me_anorien_region,1,0.0131742,no,occupied-fief: Lossarnach is a named Gondorian fief below Minas Tirith.,accepted_required_frontier_owner
me_land_2144,RH3,0.8043956,0.2120176,me_rhun_region,9,0.0334427,no,northeastern Rhûn confederation beyond the Iron Hills,accepted_frontier_polygon
me_land_2145,UMB,0.5411477,0.9609184,me_umbar_region,10,0.0678810,no,Umbar coast and corsair hinterland,accepted_source_side_envelope
me_land_2146,RHU,0.6932845,0.2462140,me_rhun_region,9,0.1534777,no,western Rhûn polity north and east of Dorwinion,accepted_frontier_polygon
me_land_2147,LOR,0.5052503,0.3673669,me_anduin_vale_region,1,0.0303687,no,Arda Maps Golden Wood / Naith physical polygon; Naith between Misty foothills and Anduin; Lothlórien's Naith east of the Misty crest and west of Anduin,accepted_source_zone_overlap
me_land_2148,WILD,0.7582418,0.9667807,me_far_harad_region,10,,no,deliberately unclaimed,wild_unclaimed
me_land_2149,MOR,0.6915751,0.5373718,me_mordor_region,1,0.1016849,no,Mordor inside the source-reviewed Ered Lithui and Ephel Duath enclosure,accepted_frontier_polygon
me_land_2150,ROH,0.4871795,0.5012213,me_rohan_region,1,0.0436160,no,"The Mark between Isen, Anduin, and White Mountains",accepted_source_side_envelope
me_land_2151,GON,0.5201465,0.6008793,me_belfalas_region,1,0.1165096,no,occupied-fief: Lamedon answers Gondor's summons in the War of the Ring.,accepted_required_frontier_owner
me_land_2152,WILD,0.7809524,0.9272106,me_far_harad_region,10,,no,deliberately unclaimed,wild_unclaimed
me_land_2153,RH2,0.7648352,0.3204690,me_rhun_region,2,0.0762781,no,southeastern Rhûn wain-kingdom beyond the Sea of Rhûn,accepted_frontier_polygon
me_land_2154,WILD,0.4153846,0.1016121,me_angmar_region,5,,no,deliberately unclaimed,wild_unclaimed
me_land_2155,RH3,0.8161172,0.2203224,me_rhun_region,9,0.0217556,no,northeastern Rhûn confederation beyond the Iron Hills,accepted_frontier_polygon
me_land_2156,RHU,0.7750916,0.2452369,me_rhun_region,9,0.0112420,no,western Rhûn polity north and east of Dorwinion,accepted_frontier_polygon
me_land_2157,WILD,0.3448107,0.3199805,me_enedwaith_region,1,,no,deliberately unclaimed,wild_unclaimed
me_land_2158,DUN,0.4241758,0.5002443,me_enedwaith_region,1,0.0377584,no,"Dunland lowlands west of Isen and the Gap, south of Glanduin",accepted_frontier_polygon
me_land_2159,WILD,0.8141636,0.8260870,me_khand_region,10,,no,deliberately unclaimed,wild_unclaimed
me_land_2160,HRA,0.7135531,0.9355154,me_far_harad_region,10,0.1011812,no,"Qarsad's inland Near Harad sphere, separated from Harnendor and Khand",accepted_frontier_polygon
me_land_2161,WILD,0.7892552,0.6536395,me_mordor_region,9,,no,deliberately unclaimed,wild_unclaimed
me_land_2162,WILD,0.7780220,0.6468002,me_mordor_region,9,,no,deliberately unclaimed,wild_unclaimed
me_land_2163,WILD,0.5457875,0.3165608,me_mirkwood_region,1,,no,deliberately unclaimed,wild_unclaimed
me_land_2164,HNE,0.6324786,0.8470933,me_near_harad_region,9,0.0552655,no,Harnendor between the Poros approaches and the Harnen,accepted_frontier_polygon
me_land_2165,WILD,0.7282051,0.5984367,me_mordor_region,8,,no,deliberately unclaimed,wild_unclaimed
me_land_2166,WILD,0.4586081,0.1802638,me_north_arnor_region,1,,no,deliberately unclaimed,wild_unclaimed
me_land_2167,ROH,0.4561661,0.5349292,me_rohan_region,1,0.0850490,no,"The Mark between Isen, Anduin, and White Mountains",accepted_source_side_envelope
me_land_2168,WILD,0.7514042,0.4704446,me_rhun_region,9,,no,deliberately unclaimed,wild_unclaimed
me_land_2169,WILD,0.7435897,0.5486077,me_mordor_region,8,,no,deliberately unclaimed,wild_unclaimed
me_land_2170,WILD,0.5890110,0.6409380,me_ithilien_region,1,,no,deliberately unclaimed,wild_ithilien
me_land_2171,WILD,0.7369963,0.7191011,me_mordor_region,9,,no,deliberately unclaimed,wild_unclaimed
me_land_2172,WILD,0.4542125,0.4127992,me_enedwaith_region,2,,no,deliberately unclaimed,wild_unclaimed
me_land_2173,DAM,0.5159951,0.6922325,me_belfalas_region,9,0.0571907,no,Dol Amroth and Belfalas peninsula,accepted_source_side_envelope
me_land_2174,UMB,0.5372405,0.9721544,me_umbar_region,9,0.0661662,no,Umbar coast and corsair hinterland,accepted_source_side_envelope
me_land_2175,WILD,0.6185592,0.0581339,me_northern_wastes_region,5,,no,deliberately unclaimed,wild_forodwaith
me_land_2176,HRA,0.7172161,0.8881290,me_near_harad_region,10,0.0863566,no,"Qarsad's inland Near Harad sphere, separated from Harnendor and Khand",accepted_frontier_polygon
me_land_2177,LIN,0.2542125,0.2970200,me_lindon_region,1,0.1307427,no,Lindon west of the Blue Mountains,accepted_source_side_envelope
me_land_2178,UMB,0.5560440,0.8680997,me_umbar_region,9,0.1147889,no,Umbar coast and corsair hinterland,accepted_source_side_envelope
me_land_2179,DAM,0.5135531,0.6585247,me_belfalas_region,1,0.0509870,no,Dol Amroth and Belfalas peninsula,accepted_source_side_envelope
me_land_2180,WILD,0.3418803,0.4465071,me_enedwaith_region,1,,no,deliberately unclaimed,wild_enedwaith
me_land_2181,WILD,0.4642247,0.1988276,me_north_arnor_region,1,,no,deliberately unclaimed,wild_unclaimed
me_land_2182,KHA,0.7006105,0.7396190,me_khand_region,1,0.1091455,no,"Khand east and southeast of Mordor, excluding Far Harad",accepted_frontier_polygon
me_land_2183,HNE,0.5943834,0.8143625,me_near_harad_region,9,0.0914207,no,Harnendor between the Poros approaches and the Harnen,accepted_frontier_polygon
me_land_2184,MOR,0.6454212,0.6712262,me_mordor_region,8,0.0977536,no,Mordor inside the source-reviewed Ered Lithui and Ephel Duath enclosure,accepted_frontier_polygon
me_land_2185,WILD,0.6065934,0.6223742,me_ithilien_region,1,,no,deliberately unclaimed,wild_ithilien
me_land_2186,WILD,0.3799756,0.3361016,me_enedwaith_region,1,,no,deliberately unclaimed,wild_unclaimed
me_land_2187,GON,0.5858364,0.7459697,me_south_gondor_region,1,0.1355442,no,Gondor fiefs from Anfalas to the Anduin,accepted_source_side_envelope
me_land_2188,UMB,0.5435897,0.9164631,me_umbar_region,9,0.0705539,no,Umbar coast and corsair hinterland,accepted_source_side_envelope
me_land_2189,WILD,0.4212454,0.3224231,me_enedwaith_region,1,,no,deliberately unclaimed,wild_unclaimed
me_land_2190,UMB,0.5726496,0.8974108,me_near_harad_region,9,0.1316889,no,Umbar coast and corsair hinterland,accepted_source_side_envelope
me_land_2191,GON,0.5355311,0.6448461,me_lebennin_region,1,0.0916363,no,Gondor fiefs from Anfalas to the Anduin,accepted_source_side_envelope
me_land_2192,WILD,0.6510379,0.1108940,me_northern_wastes_region,5,,no,deliberately unclaimed,wild_forodwaith
me_land_2193,WILD,0.6168498,0.3023937,me_mirkwood_region,9,,no,deliberately unclaimed,wild_unclaimed
me_land_2194,ROH,0.4935287,0.4826575,me_rohan_region,1,0.0565877,no,"The Mark between Isen, Anduin, and White Mountains",accepted_source_side_envelope
me_land_2195,LOS,0.3448107,0.1157792,me_forochel_region,1,0.0506574,no,Lossoth settlements around the Icebay,accepted_source_side_envelope
me_land_2196,RHU,0.7387057,0.1787982,me_rhun_region,1,0.0947999,no,western Rhûn polity north and east of Dorwinion,accepted_frontier_polygon
me_land_2197,WILD,0.4559219,0.1040547,me_angmar_region,5,,no,deliberately unclaimed,wild_unclaimed
me_land_2198,ROH,0.5267399,0.4973131,me_rohan_region,1,0.0695355,no,"The Mark between Isen, Anduin, and White Mountains",accepted_source_side_envelope
me_land_2199,WILD,0.3738706,0.1636541,me_north_arnor_region,1,,no,deliberately unclaimed,wild_unclaimed
me_land_2200,WILD,0.4107448,0.2721055,me_north_arnor_region,1,,no,deliberately unclaimed,wild_unclaimed
me_land_2201,LIN,0.2981685,0.3292623,me_lindon_region,1,0.1053946,no,Lindon west of the Blue Mountains,accepted_source_side_envelope
me_land_2202,WILD,0.5238095,0.2857841,me_anduin_vale_region,1,,no,deliberately unclaimed,wild_buffer
me_land_2203,HRA,0.7054945,0.9443087,me_far_harad_region,10,0.0961325,no,"Qarsad's inland Near Harad sphere, separated from Harnendor and Khand",accepted_frontier_polygon
me_land_2204,DOR,0.6588523,0.3996092,me_rhun_region,9,0.0707376,no,Dorwinion around the northwest Sea of Rhûn,accepted_source_side_envelope
me_land_2205,RHU,0.7833944,0.2359551,me_rhun_region,9,0.0302473,no,western Rhûn polity north and east of Dorwinion,accepted_frontier_polygon
me_land_2206,MOR,0.6749695,0.5779189,me_mordor_region,8,0.0619919,no,Mordor inside the source-reviewed Ered Lithui and Ephel Duath enclosure,accepted_frontier_polygon
me_land_2207,WILD,0.4410256,0.5178310,me_enedwaith_region,1,,no,deliberately unclaimed,wild_unclaimed
me_land_2208,WILD,0.7577534,0.9745970,me_far_harad_region,10,,no,deliberately unclaimed,wild_unclaimed
me_land_2209,WILD,0.4405372,0.5407914,me_enedwaith_region,1,,no,deliberately unclaimed,wild_unclaimed
me_land_2210,WILD,0.4393162,0.2638007,me_north_arnor_region,1,,no,deliberately unclaimed,wild_buffer
me_land_2211,WILD,0.3418803,0.2906693,me_shire_breeland_region,1,,no,deliberately unclaimed,wild_unclaimed
me_land_2212,GON,0.3833944,0.6541280,me_belfalas_region,1,0.3918949,no,Gondor fiefs from Anfalas to the Anduin,accepted_source_side_envelope
me_land_2213,DAM,0.4717949,0.6204201,me_belfalas_region,1,0.0628253,no,Dol Amroth and Belfalas peninsula,accepted_source_side_envelope
me_land_2214,RHU,0.7514042,0.2051783,me_rhun_region,9,0.0582426,no,western Rhûn polity north and east of Dorwinion,accepted_frontier_polygon
me_land_2215,WILD,0.7792430,0.1011236,me_northern_wastes_region,1,,no,deliberately unclaimed,wild_forodwaith
me_land_2216,WILD,0.6451770,0.2960430,me_rhun_region,1,,no,deliberately unclaimed,wild_buffer
me_land_2217,LIN,0.2561661,0.1607230,me_lindon_region,1,0.1245707,no,Lindon west of the Blue Mountains,accepted_source_side_envelope
me_land_2218,GON,0.5142857,0.5964827,me_belfalas_region,1,0.1286205,no,Gondor fiefs from Anfalas to the Anduin,accepted_source_side_envelope
me_land_2219,RAN,0.4527473,0.2760137,me_north_arnor_region,1,0.0449099,no,The Angle and immediate Ranger refuge,accepted_source_side_envelope
me_land_2220,LOS,0.3663004,0.0517831,me_forochel_region,5,0.0507201,no,Lossoth settlements around the Icebay,accepted_source_side_envelope
me_land_2221,WILD,0.3833944,0.2989741,me_enedwaith_region,1,,no,deliberately unclaimed,wild_unclaimed
me_land_2222,WILD,0.4600733,0.3507572,me_enedwaith_region,1,,no,deliberately unclaimed,wild_unclaimed
me_land_2223,ESG,0.6114774,0.1700049,me_dale_region,1,0.0243121,no,Lake-town and Long Lake shore,accepted_source_side_envelope
me_land_2224,ROH,0.4818071,0.5300440,me_rohan_region,1,0.0346983,no,"The Mark between Isen, Anduin, and White Mountains",accepted_source_side_envelope
me_land_2225,WILD,0.4234432,0.5056180,me_enedwaith_region,1,,no,deliberately unclaimed,wild_unclaimed
me_land_2226,WILD,0.6195360,0.0771861,me_northern_wastes_region,5,,no,deliberately unclaimed,wild_forodwaith
me_land_2227,GON,0.5775336,0.6673180,me_south_gondor_region,1,0.0560364,no,Gondor fiefs from Anfalas to the Anduin,accepted_source_side_envelope
me_land_2228,RH2,0.7709402,0.3527113,me_rhun_region,9,0.0581829,no,southeastern Rhûn wain-kingdom beyond the Sea of Rhûn,accepted_frontier_polygon
me_land_2229,LOS,0.3877900,0.0591109,me_forochel_region,5,0.0920394,no,Lossoth settlements around the Icebay,accepted_source_side_envelope
me_land_2230,WILD,0.7750916,0.5959941,me_mordor_region,9,,no,deliberately unclaimed,wild_unclaimed
me_land_2231,WILD,0.4671551,0.1172447,me_angmar_region,1,,no,deliberately unclaimed,wild_unclaimed
me_land_2232,WILD,0.3555556,0.1768442,me_north_arnor_region,1,,no,deliberately unclaimed,wild_unclaimed
me_land_2233,WILD,0.8126984,0.7176356,me_mordor_region,9,,no,deliberately unclaimed,wild_unclaimed
me_land_2234,HNE,0.6210012,0.7699072,me_near_harad_region,9,0.0427216,no,Harnendor between the Poros approaches and the Harnen,accepted_frontier_polygon
me_land_2235,WILD,0.8241758,0.8485589,me_khand_region,10,,no,deliberately unclaimed,wild_unclaimed
me_land_2236,WDM,0.5533578,0.2608696,me_mirkwood_region,3,0.0427779,no,Arda Maps Mirkwood polygon: western Woodmen settlements; Woodmen settlements in western Mirkwood; Woodmen clearings along western and central Mirkwood,accepted_source_zone_overlap
me_land_2237,DAM,0.4947497,0.6873473,me_belfalas_region,1,0.0183808,no,Dol Amroth and Belfalas peninsula,accepted_source_side_envelope
me_land_2238,WILD,0.3851038,0.1362970,me_north_arnor_region,1,,no,deliberately unclaimed,wild_unclaimed
me_land_2239,DUN,0.4315018,0.4689790,me_enedwaith_region,1,0.0033066,yes,realm-seat: Dunland Moot is the documented Dunland realm seat.,accepted_required_frontier_owner
me_land_2240,KHA,0.8070818,0.8153395,me_khand_region,10,0.1291932,no,"Khand east and southeast of Mordor, excluding Far Harad",accepted_frontier_polygon
me_land_2241,BEO,0.5391941,0.2252076,me_anduin_vale_region,1,0.0361963,no,Beorning crossings and upper Anduin vales,accepted_source_side_envelope
me_land_2242,LIN,0.3120879,0.3761602,me_lindon_region,1,0.1500897,no,Lindon west of the Blue Mountains,accepted_source_side_envelope
me_land_2243,WILD,0.8126984,0.0239375,me_northern_wastes_region,1,,no,deliberately unclaimed,wild_forodwaith
me_land_2244,GON,0.5413919,0.5749878,me_anorien_region,1,0.0820256,no,shared-frontier: This generated cell is the Gondor side of the shared Halifirien beacon frontier.,accepted_required_frontier_owner
me_land_2245,WILD,0.8263736,0.2848070,me_rhun_region,9,,no,deliberately unclaimed,wild_unclaimed
me_land_2246,ROH,0.5037851,0.5290669,me_rohan_region,1,0.0138053,no,rohan-mountain: Irensaga is a named Rohirric White Mountains summit.,accepted_required_frontier_owner
me_land_2247,WILD,0.5936508,0.0205178,me_northern_wastes_region,5,,no,deliberately unclaimed,wild_forodwaith
me_land_2248,WOO,0.5550672,0.1954079,me_mirkwood_region,3,0.0660150,no,Arda Maps Mirkwood polygon: northern/eastern Woodland Realm; Thranduil's northern and eastern Mirkwood; Woodland Realm in northern and northeastern Mirkwood,accepted_source_zone_overlap
me_land_2249,WILD,0.4390720,0.3800684,me_enedwaith_region,1,,no,deliberately unclaimed,wild_unclaimed
me_land_2250,WILD,0.6268620,0.3961895,me_brown_lands_region,9,,no,deliberately unclaimed,wild_unclaimed
me_land_2251,HRA,0.6652015,0.9565217,me_far_harad_region,10,0.0887133,no,"Qarsad's inland Near Harad sphere, separated from Harnendor and Khand",accepted_frontier_polygon
me_land_2252,WILD,0.5509158,0.0068393,me_northern_wastes_region,5,,no,deliberately unclaimed,wild_forodwaith
me_land_2253,HNE,0.5814408,0.8187592,me_near_harad_region,9,0.1176349,no,Harnendor between the Poros approaches and the Harnen,accepted_frontier_polygon
me_land_2254,GON,0.3975580,0.5725452,me_belfalas_region,1,0.3632926,no,Gondor fiefs from Anfalas to the Anduin,accepted_source_side_envelope
me_land_2255,GON,0.4290598,0.6345872,me_belfalas_region,1,0.2991245,no,Gondor fiefs from Anfalas to the Anduin,accepted_source_side_envelope
me_land_2256,RHU,0.7323565,0.1397167,me_rhun_region,1,0.1335310,no,western Rhûn polity north and east of Dorwinion,accepted_frontier_polygon
me_land_2257,GON,0.5316239,0.6091842,me_anorien_region,1,0.0931121,no,Gondor fiefs from Anfalas to the Anduin,accepted_source_side_envelope
me_land_2258,WILD,0.8212454,0.9272106,me_far_harad_region,10,,no,deliberately unclaimed,wild_unclaimed
me_land_2259,LOS,0.2102564,0.0566683,me_forochel_region,1,0.2633940,no,Lossoth settlements around the Icebay,accepted_source_side_envelope
me_land_2260,WILD,0.4422466,0.3336590,me_enedwaith_region,6,,no,deliberately unclaimed,wild_buffer
me_land_2261,RH2,0.7951160,0.4391793,me_rhun_region,9,0.0897126,no,southeastern Rhûn wain-kingdom beyond the Sea of Rhûn,accepted_frontier_polygon
me_land_2262,WILD,0.4078144,0.5510503,me_enedwaith_region,1,,no,deliberately unclaimed,wild_unclaimed
me_land_2263,RH2,0.7621490,0.4284319,me_rhun_region,9,0.1090062,no,southeastern Rhûn wain-kingdom beyond the Sea of Rhûn,accepted_frontier_polygon
me_land_2264,WILD,0.7242979,0.5427455,me_mordor_region,9,,no,deliberately unclaimed,wild_unclaimed
me_land_2265,GON,0.5570208,0.6922325,me_lebennin_region,1,0.0913211,no,Gondor fiefs from Anfalas to the Anduin,accepted_source_side_envelope
me_land_2266,UMB,0.5452991,0.7835857,me_near_harad_region,9,0.1679653,no,Umbar coast and corsair hinterland,accepted_source_side_envelope
me_land_2267,GON,0.5604396,0.6179775,me_anorien_region,1,0.0360809,no,Gondor fiefs from Anfalas to the Anduin,accepted_source_side_envelope
me_land_2268,RHU,0.7347985,0.2667318,me_rhun_region,1,0.0723638,no,western Rhûn polity north and east of Dorwinion,accepted_frontier_polygon
me_land_2269,RH2,0.8388278,0.4372252,me_rhun_region,9,0.1167846,no,southeastern Rhûn wain-kingdom beyond the Sea of Rhûn,accepted_frontier_polygon
me_land_2270,WILD,0.4310134,0.2276502,me_north_arnor_region,1,,no,deliberately unclaimed,wild_unclaimed
me_land_2271,WILD,0.7726496,0.4992672,me_rhun_region,9,,no,deliberately unclaimed,wild_unclaimed
me_land_2272,WILD,0.6275946,0.3258427,me_mirkwood_region,1,,no,deliberately unclaimed,wild_unclaimed
me_land_2273,GON,0.5829060,0.5925745,me_anorien_region,2,0.0209831,no,beacon: Amon Dîn is a maintained Gondorian warning beacon.,accepted_required_frontier_owner
me_land_2274,BLU,0.2803419,0.2164143,me_lindon_region,1,0.0449239,no,Surviving Ered Luin halls,accepted_source_side_envelope
me_land_2275,GUN,0.4783883,0.1064973,me_angmar_region,5,0.0480810,no,Gundabad and the northern mountain junction,accepted_source_side_envelope
me_land_2276,DOL,0.5440781,0.3302394,me_anduin_vale_region,1,0.0323009,no,Arda Maps Mirkwood polygon: southern Dol Guldur shadow; Dol Guldur's southern Mirkwood shadow; Dol Guldur's southern Mirkwood shadow,accepted_source_zone_overlap
me_land_2277,BEO,0.5228327,0.2589155,me_anduin_vale_region,1,0.0687103,no,Beorning crossings and upper Anduin vales,accepted_source_side_envelope
me_land_2278,DUN,0.4429792,0.4880313,me_enedwaith_region,1,0.0314951,no,"Dunland lowlands west of Isen and the Gap, south of Glanduin",accepted_frontier_polygon
me_land_2279,HFA,0.5626374,0.9399121,me_far_harad_region,9,0.0472017,no,represented northern fringe of Far Harad,accepted_frontier_polygon
me_land_2280,WILD,0.4544567,0.2252076,me_north_arnor_region,1,,no,deliberately unclaimed,wild_unclaimed
me_land_2281,DUN,0.4532357,0.4284319,me_enedwaith_region,1,0.0567594,no,"Dunland lowlands west of Isen and the Gap, south of Glanduin",accepted_frontier_polygon
me_land_2282,ROH,0.4915751,0.5490962,me_rohan_region,1,0.0178045,no,"The Mark between Isen, Anduin, and White Mountains",accepted_source_side_envelope
me_land_2283,BEO,0.5369963,0.1748901,me_anduin_vale_region,1,0.0206906,no,Beorning crossings and upper Anduin vales,accepted_source_side_envelope
me_land_2284,KHA,0.7557998,0.7327797,me_khand_region,9,0.0057808,yes,realm-seat: Khazân is the explicitly invented Khand realm seat.,accepted_required_frontier_owner
me_land_2285,GON,0.3985348,0.6585247,me_belfalas_region,1,0.3623574,no,Gondor fiefs from Anfalas to the Anduin,accepted_source_side_envelope
me_land_2286,WILD,0.5391941,0.2877382,me_anduin_vale_region,1,,no,deliberately unclaimed,wild_buffer
me_land_2287,HNE,0.6178266,0.7811431,me_near_harad_region,9,0.0438085,no,Harnendor between the Poros approaches and the Harnen,accepted_frontier_polygon
me_land_2288,RH2,0.7919414,0.3141182,me_rhun_region,9,0.0393353,no,southeastern Rhûn wain-kingdom beyond the Sea of Rhûn,accepted_frontier_polygon
me_land_2289,DAM,0.4876679,0.6082071,me_belfalas_region,1,0.0647223,no,Dol Amroth and Belfalas peninsula,accepted_source_side_envelope
me_land_2290,UMB,0.5179487,0.8588178,me_near_harad_region,9,0.0786187,no,Umbar coast and corsair hinterland,accepted_source_side_envelope
me_land_2291,WILD,0.8354090,0.5002443,me_rhun_region,9,,no,deliberately unclaimed,wild_unclaimed
me_land_2292,BLU,0.3040293,0.1787982,me_lindon_region,1,0.0248699,no,Surviving Ered Luin halls,accepted_source_side_envelope
me_land_2293,DAM,0.4713065,0.6267709,me_belfalas_region,1,0.0582213,no,Dol Amroth and Belfalas peninsula,accepted_source_side_envelope
me_land_2294,RHU,0.7565324,0.2852956,me_rhun_region,9,0.0443992,no,western Rhûn polity north and east of Dorwinion,accepted_frontier_polygon
me_land_2295,WILD,0.5472527,0.1460674,me_grey_mountains_region,3,,no,deliberately unclaimed,wild_unclaimed
me_land_2296,UMB,0.5311355,0.8944797,me_umbar_region,9,0.0595275,no,Umbar coast and corsair hinterland,accepted_source_side_envelope
me_land_2297,WILD,0.3973138,0.5261358,me_enedwaith_region,1,,no,deliberately unclaimed,wild_enedwaith
me_land_2298,HRA,0.6647131,0.9404006,me_far_harad_region,10,0.0733453,no,"Qarsad's inland Near Harad sphere, separated from Harnendor and Khand",accepted_frontier_polygon
me_land_2299,UMB,0.5750916,0.8339033,me_near_harad_region,1,0.1657962,no,Umbar coast and corsair hinterland,accepted_source_side_envelope
me_land_2300,WILD,0.8192918,0.5510503,me_mordor_region,9,,no,deliberately unclaimed,wild_unclaimed
me_land_2301,WILD,0.6456654,0.2335125,me_rhun_region,1,,no,deliberately unclaimed,wild_unclaimed
me_land_2302,GON,0.4420024,0.6174890,me_belfalas_region,1,0.2724015,no,Gondor fiefs from Anfalas to the Anduin,accepted_source_side_envelope
me_land_2303,WILD,0.6024420,0.6951637,me_ithilien_region,9,,no,deliberately unclaimed,wild_ithilien
me_land_2304,DAL,0.6185592,0.1563263,me_dale_region,1,0.0343291,no,Dale and the upper Celduin plain,accepted_source_side_envelope
me_land_2305,UMB,0.5641026,0.8431851,me_near_harad_region,9,0.1428808,no,Umbar coast and corsair hinterland,accepted_source_side_envelope
me_land_2306,WILD,0.6185592,0.6311676,me_ithilien_region,1,,no,deliberately unclaimed,wild_ithilien
me_land_2307,WILD,0.7733822,0.0434783,me_northern_wastes_region,1,,no,deliberately unclaimed,wild_forodwaith
me_land_2308,HNE,0.6227106,0.7953102,me_near_harad_region,9,0.0323737,no,Harnendor between the Poros approaches and the Harnen,accepted_frontier_polygon
me_land_2309,MOR,0.6700855,0.6428920,me_mordor_region,8,0.0867450,no,Mordor inside the source-reviewed Ered Lithui and Ephel Duath enclosure,accepted_frontier_polygon
me_land_2310,BEO,0.5514042,0.1827064,me_mirkwood_region,3,0.0409563,no,Beorning crossings and upper Anduin vales,accepted_source_side_envelope
me_land_2311,RH2,0.8395604,0.4123107,me_rhun_region,9,0.1007112,no,southeastern Rhûn wain-kingdom beyond the Sea of Rhûn,accepted_frontier_polygon
me_land_2312,WILD,0.6405372,0.2007816,me_rhun_region,1,,no,deliberately unclaimed,wild_unclaimed
me_land_2313,WILD,0.5545788,0.1138251,me_northern_wastes_region,3,,no,deliberately unclaimed,wild_forodwaith
me_land_2314,BLU,0.2981685,0.1861260,me_lindon_region,1,0.0156707,yes,realm-seat: The surviving Ered Luin halls are the Blue Mountains dwarf realm seat.,accepted_required_frontier_owner
me_land_2315,MOR,0.6493284,0.6800195,me_mordor_region,8,0.1070301,no,Mordor inside the source-reviewed Ered Lithui and Ephel Duath enclosure,accepted_frontier_polygon
me_land_2316,RH2,0.7653236,0.3463605,me_rhun_region,2,0.0694483,no,southeastern Rhûn wain-kingdom beyond the Sea of Rhûn,accepted_frontier_polygon
me_land_2317,WILD,0.4493284,0.1924768,me_north_arnor_region,1,,no,deliberately unclaimed,wild_unclaimed
me_land_2318,HRA,0.6564103,0.9296532,me_far_harad_region,10,0.0702909,no,"Qarsad's inland Near Harad sphere, separated from Harnendor and Khand",accepted_frontier_polygon
me_land_2319,WILD,0.7186813,0.6023449,me_mordor_region,8,,no,deliberately unclaimed,wild_unclaimed
me_land_2320,GON,0.5301587,0.6384954,me_lebennin_region,1,0.0997966,no,Gondor fiefs from Anfalas to the Anduin,accepted_source_side_envelope
me_land_2321,RHU,0.7179487,0.2677088,me_rhun_region,9,0.1055980,no,western Rhûn polity north and east of Dorwinion,accepted_frontier_polygon
me_land_2322,RH3,0.8290598,0.2638007,me_rhun_region,9,0.0663238,no,northeastern Rhûn confederation beyond the Iron Hills,accepted_frontier_polygon
me_land_2323,WILD,0.3213675,0.2999511,me_enedwaith_region,1,,no,deliberately unclaimed,wild_unclaimed
me_land_2324,HFA,0.6090354,0.9574988,me_far_harad_region,10,0.0481357,no,represented northern fringe of Far Harad,accepted_frontier_polygon
me_land_2325,UMB,0.4693529,0.9306302,me_umbar_region,9,0.0807392,no,Umbar coast and corsair hinterland,accepted_source_side_envelope
me_land_2326,RH2,0.8239316,0.3634587,me_rhun_region,9,0.0497195,no,southeastern Rhûn wain-kingdom beyond the Sea of Rhûn,accepted_frontier_polygon
me_land_2327,KHA,0.8307692,0.8006839,me_khand_region,9,0.1634961,no,"Khand east and southeast of Mordor, excluding Far Harad",accepted_frontier_polygon
me_land_2328,WILD,0.4549451,0.1719590,me_north_arnor_region,1,,no,deliberately unclaimed,wild_unclaimed
me_land_2329,GON,0.4017094,0.6062531,me_belfalas_region,1,0.3529532,no,Gondor fiefs from Anfalas to the Anduin,accepted_source_side_envelope
me_land_2330,WILD,0.7860806,0.5446996,me_mordor_region,9,,no,deliberately unclaimed,wild_unclaimed
me_land_2331,ROH,0.5282051,0.5368832,me_rohan_region,1,0.0591134,no,"The Mark between Isen, Anduin, and White Mountains",accepted_source_side_envelope
me_land_2332,KHA,0.7787546,0.7997069,me_khand_region,10,0.0773201,no,"Khand east and southeast of Mordor, excluding Far Harad",accepted_frontier_polygon
me_land_2333,RHU,0.7286935,0.1460674,me_rhun_region,1,0.1327663,no,western Rhûn polity north and east of Dorwinion,accepted_frontier_polygon
me_land_2334,WILD,0.7203907,0.5158769,me_rhun_region,9,,no,deliberately unclaimed,wild_unclaimed
me_land_2335,WILD,0.3433455,0.1641426,me_north_arnor_region,1,,no,deliberately unclaimed,wild_unclaimed
me_land_2336,RH2,0.7919414,0.3488031,me_rhun_region,9,0.0161616,no,southeastern Rhûn wain-kingdom beyond the Sea of Rhûn,accepted_frontier_polygon
me_land_2337,WILD,0.7277167,0.4645823,me_rhun_region,9,,no,deliberately unclaimed,wild_unclaimed
me_land_2338,ROH,0.4676435,0.4821690,me_rohan_region,1,0.0836597,no,"The Mark between Isen, Anduin, and White Mountains",accepted_source_side_envelope
me_land_2339,HNE,0.5711844,0.7874939,me_near_harad_region,9,0.1354908,no,Harnendor between the Poros approaches and the Harnen,accepted_frontier_polygon
me_land_2340,GON,0.5802198,0.7015144,me_south_gondor_region,1,0.0903117,no,Gondor fiefs from Anfalas to the Anduin,accepted_source_side_envelope
me_land_2341,BLU,0.3096459,0.1783097,me_lindon_region,1,0.0360798,no,Surviving Ered Luin halls,accepted_source_side_envelope
me_land_2342,RHU,0.7741148,0.3038593,me_rhun_region,9,0.0544844,no,western Rhûn polity north and east of Dorwinion,accepted_frontier_polygon
me_land_2343,WILD,0.8354090,0.2813874,me_rhun_region,9,,no,deliberately unclaimed,wild_unclaimed
me_land_2344,WILD,0.6676435,0.1924768,me_rhun_region,1,,no,deliberately unclaimed,wild_unclaimed
me_land_2345,HNE,0.5623932,0.7743039,me_near_harad_region,9,0.1541259,no,Harnendor between the Poros approaches and the Harnen,accepted_frontier_polygon
me_land_2346,WILD,0.6969475,0.0170982,me_northern_wastes_region,5,,no,deliberately unclaimed,wild_forodwaith
me_land_2347,WILD,0.8327228,0.6360528,me_mordor_region,9,,no,deliberately unclaimed,wild_unclaimed
me_land_2348,HRA,0.6185592,0.9022960,me_near_harad_region,10,0.1174107,no,"Qarsad's inland Near Harad sphere, separated from Harnendor and Khand",accepted_frontier_polygon
me_land_2349,ROH,0.4952381,0.5070835,me_rohan_region,1,0.0319644,no,"The Mark between Isen, Anduin, and White Mountains",accepted_source_side_envelope
me_land_2350,BEO,0.5301587,0.1822179,me_anduin_vale_region,1,0.0105686,no,Beorning crossings and upper Anduin vales,accepted_source_side_envelope
me_land_2351,WILD,0.3382173,0.1406937,me_north_arnor_region,1,,no,deliberately unclaimed,wild_unclaimed
me_land_2352,WILD,0.3714286,0.4113337,me_enedwaith_region,1,,no,deliberately unclaimed,wild_enedwaith
me_land_2353,GON,0.4710623,0.5637518,me_belfalas_region,1,0.2194242,no,south of the White Mountains on Gondor's side,accepted_component_repair
me_land_2354,SHI,0.3394383,0.2476795,me_shire_breeland_region,1,0.0229506,no,Shire bounds west of the Brandywine,accepted_source_side_envelope
me_land_2355,UMB,0.5262515,0.8563752,me_near_harad_region,9,0.0859630,no,Umbar coast and corsair hinterland,accepted_source_side_envelope
me_land_2356,WILD,0.7186813,0.9540791,me_far_harad_region,10,,no,deliberately unclaimed,wild_unclaimed
me_land_2357,WILD,0.6708181,0.0195408,me_northern_wastes_region,5,,no,deliberately unclaimed,wild_forodwaith
me_land_2358,DAM,0.5028083,0.7244748,me_belfalas_region,9,0.0584487,no,Dol Amroth and Belfalas peninsula,accepted_source_side_envelope
me_land_2359,HFA,0.6769231,0.9838788,me_far_harad_region,10,0.1861005,no,represented northern fringe of Far Harad,accepted_frontier_polygon
me_land_2360,WILD,0.6417582,0.3473376,me_mirkwood_region,9,,no,deliberately unclaimed,wild_unclaimed
me_land_2361,UMB,0.4857143,0.9677577,me_umbar_region,10,0.0576252,no,Umbar coast and corsair hinterland,accepted_source_side_envelope
me_land_2362,WILD,0.3887668,0.1807523,me_north_arnor_region,1,,no,deliberately unclaimed,wild_unclaimed
me_land_2363,RAN,0.4857143,0.2525647,me_north_arnor_region,1,0.0276256,no,The Angle and immediate Ranger refuge,accepted_source_side_envelope
me_land_2364,WILD,0.5521368,0.7640449,me_near_harad_region,9,,no,deliberately unclaimed,wild_unclaimed
me_land_2365,DOR,0.6808303,0.3512457,me_rhun_region,9,0.0076554,no,Dorwinion around the northwest Sea of Rhûn,accepted_source_side_envelope
me_land_2366,RH3,0.8188034,0.2007816,me_rhun_region,1,0.0025176,yes,realm-seat: Eastern March is the explicitly invented eastern Rhûn realm seat.,accepted_required_frontier_owner
me_land_2367,GON,0.5313797,0.5813385,me_anorien_region,1,0.0982549,no,shared-frontier: Amon Anwar is a shared beacon; this generated cell is its Gondor-side control.,accepted_required_frontier_owner
me_land_2368,GON,0.5641026,0.6394724,me_lebennin_region,1,0.0398153,no,Gondor fiefs from Anfalas to the Anduin,accepted_source_side_envelope
me_land_2369,WILD,0.6371184,0.1675623,me_rhun_region,1,,no,deliberately unclaimed,wild_unclaimed
me_land_2370,HNE,0.6205128,0.7782120,me_near_harad_region,9,0.0396977,no,Harnendor between the Poros approaches and the Harnen,accepted_frontier_polygon
me_land_2371,RHU,0.7257631,0.1450904,me_rhun_region,1,0.1372357,no,western Rhûn polity north and east of Dorwinion,accepted_frontier_polygon
me_land_2372,WILD,0.8144078,0.6551050,me_mordor_region,9,,no,deliberately unclaimed,wild_unclaimed
me_land_2373,ROH,0.4976801,0.5227162,me_rohan_region,1,0.0157138,no,"The Mark between Isen, Anduin, and White Mountains",accepted_source_side_envelope
me_land_2374,WILD,0.3457875,0.4494382,me_enedwaith_region,1,,no,deliberately unclaimed,wild_enedwaith
me_land_2375,WILD,0.4380952,0.5109917,me_enedwaith_region,1,,no,deliberately unclaimed,wild_unclaimed
me_land_2376,WILD,0.6095238,0.6604787,me_ithilien_region,1,,no,deliberately unclaimed,wild_ithilien
me_land_2377,RH3,0.8007326,0.1954079,me_rhun_region,1,0.0388074,no,northeastern Rhûn confederation beyond the Iron Hills,accepted_frontier_polygon
me_land_2378,WILD,0.8075702,0.1123596,me_northern_wastes_region,1,,no,deliberately unclaimed,wild_forodwaith
me_land_2379,WILD,0.5960928,0.6883244,me_ithilien_region,1,,no,deliberately unclaimed,wild_ithilien
me_land_2380,DOR,0.7069597,0.3492916,me_rhun_region,1,0.0446457,no,Dorwinion around the northwest Sea of Rhûn,accepted_source_side_envelope
me_land_2381,WILD,0.8351648,0.5349292,me_mordor_region,9,,no,deliberately unclaimed,wild_unclaimed
me_land_2382,DOR,0.7030525,0.3986321,me_rhun_region,1,0.0599993,no,Dorwinion around the northwest Sea of Rhûn,accepted_source_side_envelope
me_land_2383,HNE,0.6608059,0.8065462,me_near_harad_region,9,0.0458263,no,Harnendor between the Poros approaches and the Harnen,accepted_frontier_polygon
me_land_2384,WILD,0.3228327,0.1607230,me_north_arnor_region,1,,no,deliberately unclaimed,wild_unclaimed
me_land_2385,GON,0.5235653,0.5744993,me_belfalas_region,1,0.1152381,no,Gondor fiefs from Anfalas to the Anduin,accepted_source_side_envelope
me_land_2386,MOR,0.6505495,0.6355642,me_mordor_region,8,0.0633993,no,Mordor inside the source-reviewed Ered Lithui and Ephel Duath enclosure,accepted_frontier_polygon
me_land_2387,MOR,0.6219780,0.5793845,me_mordor_region,8,0.0445369,no,Mordor inside the source-reviewed Ered Lithui and Ephel Duath enclosure,accepted_frontier_polygon
me_land_2388,DAM,0.5186813,0.6687836,me_belfalas_region,1,0.0593253,no,Dol Amroth and Belfalas peninsula,accepted_source_side_envelope
me_land_2389,WILD,0.3157509,0.2940889,me_shire_breeland_region,1,,no,deliberately unclaimed,wild_unclaimed
me_land_2390,RH2,0.8297924,0.3243771,me_rhun_region,9,0.0648605,no,southeastern Rhûn wain-kingdom beyond the Sea of Rhûn,accepted_frontier_polygon
me_land_2391,WILD,0.3426129,0.4147533,me_enedwaith_region,1,,no,deliberately unclaimed,wild_enedwaith
me_land_2392,MOR,0.6595849,0.7000489,me_mordor_region,8,0.1302955,no,Mordor inside the source-reviewed Ered Lithui and Ephel Duath enclosure,accepted_frontier_polygon
me_land_2393,RHU,0.7047619,0.1973620,me_rhun_region,1,0.1406940,no,western Rhûn polity north and east of Dorwinion,accepted_frontier_polygon
me_land_2394,WILD,0.7814408,0.0361505,me_northern_wastes_region,1,,no,deliberately unclaimed,wild_forodwaith
me_land_2395,WILD,0.7162393,0.6326331,me_mordor_region,8,,no,deliberately unclaimed,wild_unclaimed
me_land_2396,WILD,0.3792430,0.1573034,me_north_arnor_region,1,,no,deliberately unclaimed,wild_unclaimed
me_land_2397,WILD,0.3448107,0.3028823,me_enedwaith_region,1,,no,deliberately unclaimed,wild_unclaimed
me_land_2398,MOR,0.7098901,0.6648754,me_mordor_region,8,0.1602688,no,Mordor inside the source-reviewed Ered Lithui and Ephel Duath enclosure,accepted_frontier_polygon
me_land_2399,WILD,0.5379731,0.2799218,me_anduin_vale_region,1,,no,deliberately unclaimed,wild_buffer
me_land_2400,KHA,0.7472527,0.8299951,me_khand_region,10,0.0929315,no,"Khand east and southeast of Mordor, excluding Far Harad",accepted_frontier_polygon
me_land_2401,DAL,0.6151404,0.1489985,me_dale_region,1,0.0266751,no,Dale and the upper Celduin plain,accepted_source_side_envelope
me_land_2402,GON,0.6105006,0.7489008,me_south_gondor_region,9,0.1520417,no,Gondor fiefs from Anfalas to the Anduin,accepted_source_side_envelope
me_land_2403,DOR,0.7057387,0.3141182,me_rhun_region,9,0.0561715,no,Dorwinion around the northwest Sea of Rhûn,accepted_source_side_envelope
me_land_2404,RH2,0.7990232,0.3053249,me_rhun_region,9,0.0447178,no,southeastern Rhûn wain-kingdom beyond the Sea of Rhûn,accepted_frontier_polygon
me_land_2405,ROH,0.5389499,0.4748412,me_rohan_region,9,0.1025774,no,"The Mark between Isen, Anduin, and White Mountains",accepted_source_side_envelope
me_land_2406,DOR,0.7008547,0.3717636,me_rhun_region,1,0.0383504,no,Dorwinion around the northwest Sea of Rhûn,accepted_source_side_envelope
me_land_2407,WILD,0.4100122,0.4924279,me_enedwaith_region,1,,no,deliberately unclaimed,wild_enedwaith
me_land_2408,WILD,0.7833944,0.4865657,me_rhun_region,9,,no,deliberately unclaimed,wild_unclaimed
me_land_2409,WILD,0.4146520,0.1387396,me_north_arnor_region,1,,no,deliberately unclaimed,wild_unclaimed
me_land_2410,WILD,0.7533578,0.8510015,me_khand_region,10,,no,deliberately unclaimed,wild_unclaimed
me_land_2411,ROH,0.5013431,0.4743527,me_rohan_region,1,0.0641805,no,"The Mark between Isen, Anduin, and White Mountains",accepted_source_side_envelope
me_land_2412,WILD,0.8329670,0.5530044,me_mordor_region,9,,no,deliberately unclaimed,wild_unclaimed
me_land_2413,BEO,0.5277167,0.1514411,me_anduin_vale_region,1,0.0416897,no,Beorning crossings and upper Anduin vales,accepted_source_side_envelope
me_land_2414,UMB,0.5096459,0.8998534,me_umbar_region,9,0.0358086,no,Umbar coast and corsair hinterland,accepted_source_side_envelope
me_land_2415,WILD,0.4000000,0.5334636,me_enedwaith_region,1,,no,deliberately unclaimed,wild_unclaimed
me_land_2416,KHA,0.7518926,0.8260870,me_khand_region,10,0.0879072,no,"Khand east and southeast of Mordor, excluding Far Harad",accepted_frontier_polygon
me_land_2417,BEO,0.5435897,0.1612115,me_anduin_vale_region,3,0.0394757,no,Beorning crossings and upper Anduin vales,accepted_source_side_envelope
me_land_2418,WILD,0.7360195,0.5530044,me_mordor_region,8,,no,deliberately unclaimed,wild_unclaimed
me_land_2419,DAM,0.5118437,0.6853933,me_belfalas_region,1,0.0472019,no,Dol Amroth and Belfalas peninsula,accepted_source_side_envelope
me_land_2420,RAN,0.4488400,0.2808989,me_north_arnor_region,1,0.0534430,no,The Angle and immediate Ranger refuge,accepted_source_side_envelope
me_land_2421,HNE,0.5716728,0.7777235,me_near_harad_region,9,0.1352910,no,Harnendor between the Poros approaches and the Harnen,accepted_frontier_polygon
me_land_2422,WILD,0.7728938,0.6595017,me_mordor_region,9,,no,deliberately unclaimed,wild_unclaimed
me_land_2423,MOR,0.6507937,0.5798730,me_mordor_region,8,0.0149089,no,Mordor inside the source-reviewed Ered Lithui and Ephel Duath enclosure,accepted_frontier_polygon
me_land_2424,HNE,0.6390720,0.7743039,me_near_harad_region,9,0.0190256,no,Harnendor between the Poros approaches and the Harnen,accepted_frontier_polygon
me_land_2425,UMB,0.5216117,0.9721544,me_umbar_region,9,0.0436417,no,Umbar coast and corsair hinterland,accepted_source_side_envelope
me_land_2426,RH2,0.7775336,0.3742062,me_rhun_region,9,0.0510382,no,southeastern Rhûn wain-kingdom beyond the Sea of Rhûn,accepted_frontier_polygon
me_land_2427,WILD,0.8144078,0.4772838,me_rhun_region,9,,no,deliberately unclaimed,wild_unclaimed
me_land_2428,WILD,0.8307692,0.4899853,me_rhun_region,9,,no,deliberately unclaimed,wild_unclaimed
me_land_2429,UMB,0.4976801,0.9003420,me_umbar_region,9,0.0426620,no,Umbar coast and corsair hinterland,accepted_source_side_envelope
me_land_2430,MOR,0.6815629,0.5705911,me_mordor_region,1,0.0750786,no,Mordor inside the source-reviewed Ered Lithui and Ephel Duath enclosure,accepted_frontier_polygon
me_land_2431,RHU,0.7433455,0.3072789,me_rhun_region,2,0.0782478,no,western Rhûn polity north and east of Dorwinion,accepted_frontier_polygon
me_land_2432,IRO,0.6881563,0.1861260,me_rhun_region,1,0.0396022,no,Iron Hills source label and adjacent holds,accepted_source_side_envelope
me_land_2433,GON,0.4312576,0.5930630,me_belfalas_region,1,0.2943859,no,Gondor fiefs from Anfalas to the Anduin,accepted_source_side_envelope
me_land_2434,LIN,0.2923077,0.3610161,me_lindon_region,1,0.1389790,no,Lindon west of the Blue Mountains,accepted_source_side_envelope
me_land_2435,MOR,0.6925519,0.6213972,me_mordor_region,8,0.1081760,no,Mordor inside the source-reviewed Ered Lithui and Ephel Duath enclosure,accepted_frontier_polygon
me_land_2436_endore,WILD,0.3452991,0.1279922,me_north_arnor_region,1,,no,deliberately unclaimed,wild_unclaimed
me_land_2437,WILD,0.6026862,0.1006351,me_northern_wastes_region,5,,no,deliberately unclaimed,wild_forodwaith
me_land_2438,HFA,0.6754579,0.9892526,me_far_harad_region,10,0.1841297,no,represented northern fringe of Far Harad,accepted_frontier_polygon
me_land_2439,GON,0.4173382,0.6272594,me_belfalas_region,1,0.3220554,no,Gondor fiefs from Anfalas to the Anduin,accepted_source_side_envelope
me_land_2440,WILD,0.4432234,0.3952125,me_enedwaith_region,1,,no,deliberately unclaimed,wild_unclaimed
me_land_2441,WILD,0.7975580,0.9355154,me_far_harad_region,10,,no,deliberately unclaimed,wild_unclaimed
me_land_2442,WILD,0.7511600,0.0737665,me_northern_wastes_region,1,,no,deliberately unclaimed,wild_forodwaith
me_land_2443,WILD,0.4039072,0.1958964,me_north_arnor_region,1,,no,deliberately unclaimed,wild_unclaimed
me_land_2444,HFA,0.6070818,0.9789936,me_far_harad_region,10,0.0502605,no,represented northern fringe of Far Harad,accepted_frontier_polygon
me_land_2445,UMB,0.4727717,0.9877870,me_umbar_region,9,0.0903066,no,Umbar coast and corsair hinterland,accepted_source_side_envelope
me_land_2446,WILD,0.7409035,0.5657059,me_mordor_region,8,,no,deliberately unclaimed,wild_unclaimed
me_land_2447,GON,0.4664225,0.5911089,me_belfalas_region,1,0.2244009,no,Gondor fiefs from Anfalas to the Anduin,accepted_source_side_envelope
me_land_2448,WILD,0.7521368,0.0498290,me_northern_wastes_region,1,,no,deliberately unclaimed,wild_forodwaith
me_land_2449,WILD,0.4368742,0.2867611,me_north_arnor_region,1,,no,deliberately unclaimed,wild_buffer
me_land_2450,HFA,0.6136752,0.9281876,me_far_harad_region,10,0.0633086,no,represented northern fringe of Far Harad,accepted_frontier_polygon
me_land_2451,KHA,0.7758242,0.7855398,me_khand_region,9,0.0626453,no,"Khand east and southeast of Mordor, excluding Far Harad",accepted_frontier_polygon
me_land_2452,MOR,0.6173382,0.6052760,me_mordor_region,8,0.0621572,no,Mordor inside the source-reviewed Ered Lithui and Ephel Duath enclosure,accepted_frontier_polygon
me_land_2453,UMB,0.4642247,0.9609184,me_umbar_region,1,0.0942844,no,Umbar coast and corsair hinterland,accepted_source_side_envelope
me_land_2454,WILD,0.5943834,0.5168539,me_brown_lands_region,9,,no,deliberately unclaimed,wild_unclaimed
me_land_2455,DOL,0.5516484,0.3370787,me_mirkwood_region,3,0.0172006,no,Arda Maps Mirkwood polygon: southern Dol Guldur shadow; Dol Guldur's southern Mirkwood shadow; Dol Guldur's southern Mirkwood shadow,accepted_source_zone_overlap
me_land_2456,WILD,0.7765568,0.0937958,me_northern_wastes_region,1,,no,deliberately unclaimed,wild_forodwaith
me_land_2457,DOR,0.6720391,0.3224231,me_rhun_region,9,0.0383024,no,Dorwinion around the northwest Sea of Rhûn,accepted_source_side_envelope
me_land_2458,IRO,0.6517705,0.1260381,me_rhun_region,1,0.0552290,no,Iron Hills source label and adjacent holds,accepted_source_side_envelope
me_land_2459,WILD,0.4295482,0.2818759,me_north_arnor_region,1,,no,deliberately unclaimed,wild_unclaimed
me_land_2460,WILD,0.7738706,0.9760625,me_far_harad_region,10,,no,deliberately unclaimed,wild_unclaimed
me_land_2461,WILD,0.7555556,0.0161212,me_northern_wastes_region,1,,no,deliberately unclaimed,wild_forodwaith
me_land_2462,BLU,0.3108669,0.1582804,me_lindon_region,1,0.0430663,no,Surviving Ered Luin halls,accepted_source_side_envelope
me_land_2463,IRO,0.6510379,0.1543723,me_rhun_region,1,0.0469354,no,Iron Hills source label and adjacent holds,accepted_source_side_envelope
me_land_2464,HNE,0.6344322,0.7747924,me_near_harad_region,9,0.0205457,no,Harnendor between the Poros approaches and the Harnen,accepted_frontier_polygon
me_land_2465,WOO,0.5811966,0.1485100,me_dale_region,3,0.0098296,no,Arda Maps Mirkwood polygon: northern/eastern Woodland Realm; Thranduil's northern and eastern Mirkwood; Woodland Realm in northern and northeastern Mirkwood,accepted_source_zone_overlap
me_land_2466,RHU,0.7233211,0.2144602,me_rhun_region,1,0.0998937,no,western Rhûn polity north and east of Dorwinion,accepted_frontier_polygon
me_land_2467,MOR,0.6908425,0.7024915,me_mordor_region,8,0.1593529,no,Mordor inside the source-reviewed Ered Lithui and Ephel Duath enclosure,accepted_frontier_polygon
me_land_2468,WILD,0.6173382,0.5559355,me_brown_lands_region,1,,no,deliberately unclaimed,wild_unclaimed
me_land_2469,GON,0.3760684,0.5979482,me_belfalas_region,1,0.4044196,no,Gondor fiefs from Anfalas to the Anduin,accepted_source_side_envelope
me_land_2470,GUN,0.5279609,0.1402052,me_grey_mountains_region,1,0.0636189,no,Gundabad and the northern mountain junction,accepted_source_side_envelope
me_land_2471,GON,0.5360195,0.7078652,me_lebennin_region,1,0.1281857,no,Gondor fiefs from Anfalas to the Anduin,accepted_source_side_envelope
me_land_2472,IRO,0.7006105,0.1289692,me_rhun_region,1,0.0596105,no,Iron Hills source label and adjacent holds,accepted_source_side_envelope
me_land_2473,WILD,0.6793651,0.5002443,me_rhun_region,9,,no,deliberately unclaimed,wild_unclaimed
me_land_2474,UMB,0.5137973,0.9487054,me_umbar_region,9,0.0154639,no,Umbar coast and corsair hinterland,accepted_source_side_envelope
me_land_2475,MOR,0.6979243,0.5222277,me_mordor_region,1,0.1193268,no,Mordor inside the source-reviewed Ered Lithui and Ephel Duath enclosure,accepted_frontier_polygon
me_land_2476,ROH,0.4644689,0.5021983,me_rohan_region,1,0.0773254,no,"The Mark between Isen, Anduin, and White Mountains",accepted_source_side_envelope
me_land_2477,DAM,0.5091575,0.7147044,me_belfalas_region,1,0.0579772,no,Dol Amroth and Belfalas peninsula,accepted_source_side_envelope
me_land_2478,WILD,0.6354090,0.3947240,me_brown_lands_region,9,,no,deliberately unclaimed,wild_unclaimed
me_land_2479,WILD,0.7736264,0.0112360,me_northern_wastes_region,1,,no,deliberately unclaimed,wild_forodwaith
me_land_2480,UMB,0.5387057,0.8949682,me_umbar_region,9,0.0709529,no,Umbar coast and corsair hinterland,accepted_source_side_envelope
me_land_2481,WILD,0.5326007,0.3527113,me_anduin_vale_region,1,,no,deliberately unclaimed,wild_unclaimed
me_land_2482,GOB,0.5145299,0.2247191,me_anduin_vale_region,1,0.0344110,no,Goblin-town and High Pass under the Misty Mountains,accepted_source_side_envelope
me_land_2483,MOR,0.7096459,0.6585247,me_mordor_region,8,0.1563252,no,Mordor inside the source-reviewed Ered Lithui and Ephel Duath enclosure,accepted_frontier_polygon
me_land_2484,WILD,0.3816850,0.1626771,me_north_arnor_region,1,,no,deliberately unclaimed,wild_unclaimed
me_land_2485,HRA,0.6454212,0.8597948,me_near_harad_region,10,0.0600313,no,"Qarsad's inland Near Harad sphere, separated from Harnendor and Khand",accepted_frontier_polygon
me_land_2486,WILD,0.6481074,0.4997557,me_brown_lands_region,9,,no,deliberately unclaimed,wild_unclaimed
me_land_2487,MOR,0.6385836,0.6775769,me_mordor_region,8,0.1046391,no,Mordor inside the source-reviewed Ered Lithui and Ephel Duath enclosure,accepted_frontier_polygon
me_land_2488,WILD,0.7438339,0.0688813,me_northern_wastes_region,1,,no,deliberately unclaimed,wild_forodwaith
me_land_2489,WILD,0.3770452,0.1753786,me_north_arnor_region,1,,no,deliberately unclaimed,wild_unclaimed
me_land_2490,WILD,0.5916972,0.6883244,me_ithilien_region,1,,no,deliberately unclaimed,wild_ithilien
me_land_2491,WILD,0.3694750,0.1514411,me_north_arnor_region,1,,no,deliberately unclaimed,wild_unclaimed
me_land_2492,WILD,0.8009768,0.0937958,me_northern_wastes_region,1,,no,deliberately unclaimed,wild_forodwaith
me_land_2493,WILD,0.7054945,0.4797264,me_rhun_region,9,,no,deliberately unclaimed,wild_unclaimed
me_land_2494,KHA,0.7128205,0.7405960,me_khand_region,9,0.0847468,no,"Khand east and southeast of Mordor, excluding Far Harad",accepted_frontier_polygon
me_land_2495,DOR,0.6776557,0.4074255,me_rhun_region,9,0.0579094,no,Dorwinion around the northwest Sea of Rhûn,accepted_source_side_envelope
me_land_2496,WILD,0.7948718,0.6238398,me_mordor_region,9,,no,deliberately unclaimed,wild_unclaimed
me_land_2497,WDM,0.5565324,0.2252076,me_mirkwood_region,3,0.0755876,no,Arda Maps Mirkwood polygon: western Woodmen settlements; Woodmen settlements in western Mirkwood; Woodmen clearings along western and central Mirkwood,accepted_source_zone_overlap
me_land_2498,WILD,0.8307692,0.6516854,me_mordor_region,9,,no,deliberately unclaimed,wild_unclaimed
me_land_2499,WOO,0.5777778,0.1533952,me_dale_region,3,0.0101819,no,Arda Maps Mirkwood polygon: northern/eastern Woodland Realm; Thranduil's northern and eastern Mirkwood; Woodland Realm in northern and northeastern Mirkwood,accepted_source_zone_overlap
me_land_2500,RH2,0.7621490,0.4430874,me_rhun_region,9,0.1199837,no,southeastern Rhûn wain-kingdom beyond the Sea of Rhûn,accepted_frontier_polygon
me_land_2501,WILD,0.8107448,0.4792379,me_rhun_region,9,,no,deliberately unclaimed,wild_unclaimed
me_land_2502,MOR,0.6288156,0.6658525,me_mordor_region,8,0.0972396,no,Mordor inside the source-reviewed Ered Lithui and Ephel Duath enclosure,accepted_frontier_polygon
me_land_2503,WILD,0.8175824,0.8578407,me_khand_region,10,,no,deliberately unclaimed,wild_unclaimed
me_land_2504,RAN,0.4664225,0.3087445,me_enedwaith_region,1,0.0423725,no,The Angle and immediate Ranger refuge,accepted_source_side_envelope
me_land_2505,KHA,0.7523810,0.7498779,me_khand_region,9,0.0127469,no,"Khand east and southeast of Mordor, excluding Far Harad",accepted_frontier_polygon
me_land_2506,RIV,0.4918193,0.2344895,me_north_arnor_region,1,0.0123355,no,Imladris hidden valley and immediate refuge,accepted_source_side_envelope
me_land_2507,WILD,0.4727717,0.2349780,me_north_arnor_region,2,,no,deliberately unclaimed,wild_unclaimed
me_land_2508,WILD,0.4432234,0.3004397,me_enedwaith_region,1,,no,deliberately unclaimed,wild_buffer
me_land_2509,ROH,0.4905983,0.5427455,me_rohan_region,1,0.0167171,no,"The Mark between Isen, Anduin, and White Mountains",accepted_source_side_envelope
me_land_2510,WILD,0.3760684,0.2852956,me_shire_breeland_region,1,,no,deliberately unclaimed,wild_buffer
me_land_2511,LIN,0.2542125,0.1861260,me_lindon_region,1,0.1169648,no,Lindon west of the Blue Mountains,accepted_source_side_envelope
me_land_2512,WILD,0.7118437,0.9975574,me_far_harad_region,10,,no,deliberately unclaimed,wild_unclaimed
me_land_2513,WILD,0.7389499,0.8983879,me_near_harad_region,10,,no,deliberately unclaimed,wild_unclaimed
me_land_2514,WILD,0.4586081,0.3693210,me_enedwaith_region,1,,no,deliberately unclaimed,wild_unclaimed
me_land_2515,LOS,0.3782662,0.0498290,me_forochel_region,5,0.0744326,no,Lossoth settlements around the Icebay,accepted_source_side_envelope
me_land_2516,DAL,0.6280830,0.1924768,me_dale_region,1,0.0682860,no,Dale and the upper Celduin plain,accepted_source_side_envelope
me_land_2517,RHU,0.7560440,0.2784563,me_rhun_region,9,0.0398603,no,western Rhûn polity north and east of Dorwinion,accepted_frontier_polygon
me_land_2518,WILD,0.5487179,0.1314118,me_grey_mountains_region,3,,no,deliberately unclaimed,wild_unclaimed
me_land_2519,RAN,0.4527473,0.2906693,me_north_arnor_region,1,0.0490709,no,The Angle and immediate Ranger refuge,accepted_source_side_envelope
me_land_2520,WILD,0.6065934,0.3732291,me_mirkwood_region,9,,no,deliberately unclaimed,wild_unclaimed
me_land_2521,WILD,0.3528694,0.3825110,me_enedwaith_region,1,,no,deliberately unclaimed,wild_enedwaith
me_land_2522,WILD,0.8239316,0.0698583,me_northern_wastes_region,1,,no,deliberately unclaimed,wild_forodwaith
me_land_2523,WILD,0.4004884,0.3214460,me_enedwaith_region,1,,no,deliberately unclaimed,wild_unclaimed
me_land_2524,RHU,0.7101343,0.1358085,me_rhun_region,1,0.1654548,no,western Rhûn polity north and east of Dorwinion,accepted_frontier_polygon
me_land_2525,WILD,0.7877900,0.7054226,me_mordor_region,9,,no,deliberately unclaimed,wild_unclaimed
me_land_2526,WILD,0.7760684,0.8417196,me_khand_region,10,,no,deliberately unclaimed,wild_unclaimed
me_land_2527,RH2,0.8385836,0.4211041,me_rhun_region,9,0.1049313,no,southeastern Rhûn wain-kingdom beyond the Sea of Rhûn,accepted_frontier_polygon
me_land_2528,WDM,0.5650794,0.3214460,me_mirkwood_region,3,0.0223128,no,Arda Maps Mirkwood polygon: western Woodmen settlements; Woodmen settlements in western Mirkwood; Woodmen clearings along western and central Mirkwood,accepted_source_zone_overlap
me_land_2529,WILD,0.8043956,0.5197851,me_rhun_region,9,,no,deliberately unclaimed,wild_unclaimed
me_land_2530,LIN,0.2969475,0.2442599,me_lindon_region,1,0.0303824,no,Lindon west of the Blue Mountains,accepted_source_side_envelope
me_land_2531,GON,0.4268620,0.5930630,me_belfalas_region,1,0.3031607,no,Gondor fiefs from Anfalas to the Anduin,accepted_source_side_envelope
me_land_2532,DOL,0.5684982,0.3644358,me_mirkwood_region,3,0.0278161,no,Arda Maps Mirkwood polygon: southern Dol Guldur shadow; Dol Guldur's southern Mirkwood shadow; Dol Guldur's southern Mirkwood shadow,accepted_source_zone_overlap
me_land_2533,GON,0.5440781,0.6306790,me_lebennin_region,1,0.0708814,no,Gondor fiefs from Anfalas to the Anduin,accepted_source_side_envelope
me_land_2534,WILD,0.4217338,0.5359062,me_enedwaith_region,1,,no,deliberately unclaimed,wild_unclaimed
me_land_2535,WILD,0.6131868,0.6736688,me_ithilien_region,1,,no,deliberately unclaimed,wild_ithilien
me_land_2536,WILD,0.3396825,0.1758671,me_north_arnor_region,1,,no,deliberately unclaimed,wild_unclaimed
me_land_2537,HNE,0.6588523,0.7708842,me_near_harad_region,9,0.0458392,no,Harnendor between the Poros approaches and the Harnen,accepted_frontier_polygon
me_land_2538,SHI,0.3450549,0.2823644,me_shire_breeland_region,1,0.0532222,no,Shire bounds west of the Brandywine,accepted_source_side_envelope
me_land_2539,WILD,0.8112332,0.4684905,me_rhun_region,9,,no,deliberately unclaimed,wild_unclaimed
me_land_2540,KHA,0.7589744,0.7923791,me_khand_region,10,0.0544842,no,"Khand east and southeast of Mordor, excluding Far Harad",accepted_frontier_polygon
me_land_2541,RH3,0.8026862,0.2042013,me_rhun_region,1,0.0348815,no,northeastern Rhûn confederation beyond the Iron Hills,accepted_frontier_polygon
me_land_2542,RIV,0.4874237,0.2115291,me_north_arnor_region,1,0.0165093,no,Imladris hidden valley and immediate refuge,accepted_source_side_envelope
me_land_2543,HFA,0.6224664,0.9863214,me_far_harad_region,10,0.0812155,no,represented northern fringe of Far Harad,accepted_frontier_polygon
me_land_2544,WILD,0.6310134,0.2828530,me_mirkwood_region,9,,no,deliberately unclaimed,wild_unclaimed
me_land_2545,MOR,0.7147741,0.6389839,me_mordor_region,8,0.1558627,no,Mordor inside the source-reviewed Ered Lithui and Ephel Duath enclosure,accepted_frontier_polygon
me_land_2546,GON,0.5538462,0.6927211,me_lebennin_region,1,0.0948486,no,Gondor fiefs from Anfalas to the Anduin,accepted_source_side_envelope
me_land_2547,WILD,0.8109890,0.0977040,me_northern_wastes_region,1,,no,deliberately unclaimed,wild_forodwaith
me_land_2548,WILD,0.3369963,0.2911578,me_shire_breeland_region,1,,no,deliberately unclaimed,wild_unclaimed
me_land_2549,ROH,0.4608059,0.5476307,me_rohan_region,1,0.0762742,no,"The Mark between Isen, Anduin, and White Mountains",accepted_source_side_envelope
me_land_2550,RAN,0.4630037,0.2525647,me_north_arnor_region,1,0.0296587,no,The Angle and immediate Ranger refuge,accepted_source_side_envelope
me_land_2551,WILD,0.3604396,0.4430874,me_enedwaith_region,1,,no,deliberately unclaimed,wild_enedwaith
me_land_2552,WILD,0.3531136,0.3321935,me_enedwaith_region,1,,no,deliberately unclaimed,wild_unclaimed
me_land_2553,WILD,0.7716728,0.0869565,me_northern_wastes_region,1,,no,deliberately unclaimed,wild_forodwaith
me_land_2554,WILD,0.4175824,0.2486566,me_north_arnor_region,1,,no,deliberately unclaimed,wild_unclaimed
me_land_2555,KHA,0.7074481,0.7953102,me_khand_region,9,0.1111267,no,"Khand east and southeast of Mordor, excluding Far Harad",accepted_frontier_polygon
me_land_2556,HRA,0.6048840,0.8495359,me_near_harad_region,9,0.1417173,no,"Qarsad's inland Near Harad sphere, separated from Harnendor and Khand",accepted_frontier_polygon
me_land_2557,GON,0.5724054,0.6013679,me_anorien_region,1,0.0152118,no,Gondor fiefs from Anfalas to the Anduin,accepted_source_side_envelope
me_land_2558,GON,0.5694750,0.5754763,me_anorien_region,1,0.0398161,no,Gondor fiefs from Anfalas to the Anduin,accepted_source_side_envelope
me_land_2559,WILD,0.4258852,0.2740596,me_north_arnor_region,1,,no,deliberately unclaimed,wild_unclaimed
me_land_2560,MOR,0.6559219,0.6790425,me_mordor_region,8,0.1081687,no,Mordor inside the source-reviewed Ered Lithui and Ephel Duath enclosure,accepted_frontier_polygon
me_land_2561,RH2,0.8302808,0.4127992,me_rhun_region,9,0.0872437,no,southeastern Rhûn wain-kingdom beyond the Sea of Rhûn,accepted_frontier_polygon
me_land_2562,GON,0.5706960,0.6565706,me_lebennin_region,1,0.0476772,no,Gondor fiefs from Anfalas to the Anduin,accepted_source_side_envelope
me_land_2563,BRE,0.3953602,0.2081094,me_shire_breeland_region,1,0.0279626,no,Bree-land's four-village crossroads,accepted_source_side_envelope
me_land_2564,IRO,0.6713065,0.1817294,me_rhun_region,1,0.0249931,no,Iron Hills source label and adjacent holds,accepted_source_side_envelope
me_land_2565,WILD,0.6439560,0.4186615,me_brown_lands_region,9,,no,deliberately unclaimed,wild_buffer
me_land_2566,WILD,0.4273504,0.1929653,me_north_arnor_region,1,,no,deliberately unclaimed,wild_unclaimed
me_land_2567,WILD,0.6788767,0.4533464,me_rhun_region,9,,no,deliberately unclaimed,wild_unclaimed
me_land_2568,ROH,0.4984127,0.4890083,me_rohan_region,1,0.0493021,no,"The Mark between Isen, Anduin, and White Mountains",accepted_source_side_envelope
me_land_2569,ROH,0.4901099,0.5305325,me_rohan_region,1,0.0187795,no,"The Mark between Isen, Anduin, and White Mountains",accepted_source_side_envelope
me_land_2570,WILD,0.5919414,0.4802149,me_brown_lands_region,1,,no,deliberately unclaimed,wild_unclaimed
me_land_2571,RAN,0.4605617,0.3097215,me_enedwaith_region,1,0.0491087,no,The Angle and immediate Ranger refuge,accepted_source_side_envelope
me_land_2572,WILD,0.4757021,0.1519297,me_north_arnor_region,1,,no,deliberately unclaimed,wild_unclaimed
me_land_2573,WILD,0.7677656,0.4865657,me_rhun_region,9,,no,deliberately unclaimed,wild_unclaimed
me_land_2574,RHU,0.7611722,0.1265266,me_rhun_region,1,0.1247293,no,western Rhûn polity north and east of Dorwinion,accepted_frontier_polygon
me_land_2575,GON,0.4087912,0.6116268,me_belfalas_region,1,0.3387537,no,Gondor fiefs from Anfalas to the Anduin,accepted_source_side_envelope
me_land_2576,WILD,0.5736264,0.1216414,me_grey_mountains_region,3,,no,deliberately unclaimed,wild_unclaimed
me_land_2577,WILD,0.6280830,0.4377137,me_brown_lands_region,9,,no,deliberately unclaimed,wild_unclaimed
me_land_2578,GON,0.5804640,0.5705911,me_anorien_region,1,0.0409631,no,Gondor fiefs from Anfalas to the Anduin,accepted_source_side_envelope
me_land_2579,WILD,0.4471306,0.5124573,me_enedwaith_region,1,,no,deliberately unclaimed,wild_unclaimed
me_land_2580,DAL,0.6175824,0.1431363,me_dale_region,1,0.0320778,no,Dale and the upper Celduin plain,accepted_source_side_envelope
me_land_2581,DAM,0.4920635,0.6673180,me_belfalas_region,1,0.0081352,no,Dol Amroth and Belfalas peninsula,accepted_source_side_envelope
me_land_2582,WILD,0.8051282,0.0889106,me_northern_wastes_region,1,,no,deliberately unclaimed,wild_forodwaith
me_land_2583,KHA,0.7750916,0.7733268,me_khand_region,9,0.0529523,no,"Khand east and southeast of Mordor, excluding Far Harad",accepted_frontier_polygon
me_land_2584,WILD,0.7098901,0.0952614,me_northern_wastes_region,5,,no,deliberately unclaimed,wild_forodwaith
me_land_2585,RH2,0.8065934,0.3624817,me_rhun_region,9,0.0181572,no,southeastern Rhûn wain-kingdom beyond the Sea of Rhûn,accepted_frontier_polygon
me_land_2586,WILD,0.7079365,0.4518808,me_rhun_region,9,,no,deliberately unclaimed,wild_unclaimed
me_land_2587,WILD,0.6146520,0.2672203,me_mirkwood_region,9,,no,deliberately unclaimed,wild_unclaimed
me_land_2588,WILD,0.5846154,0.0180752,me_northern_wastes_region,5,,no,deliberately unclaimed,wild_forodwaith
me_land_2589,WILD,0.5394383,0.0210064,me_northern_wastes_region,5,,no,deliberately unclaimed,wild_forodwaith
me_land_2590,WILD,0.4420024,0.5530044,me_enedwaith_region,1,,no,deliberately unclaimed,wild_unclaimed
me_land_2591,LIN,0.3108669,0.3082560,me_lindon_region,1,0.0821421,no,Lindon west of the Blue Mountains,accepted_source_side_envelope
me_land_2592,WILD,0.4796093,0.1421593,me_north_arnor_region,1,,no,deliberately unclaimed,wild_unclaimed
me_land_2593,GON,0.5619048,0.7161700,me_lebennin_region,9,0.1098022,no,Gondor fiefs from Anfalas to the Anduin,accepted_source_side_envelope
me_land_2594,WILD,0.3489621,0.2945774,me_shire_breeland_region,1,,no,deliberately unclaimed,wild_unclaimed
me_land_2595,WILD,0.6781441,0.0493405,me_northern_wastes_region,5,,no,deliberately unclaimed,wild_forodwaith
me_land_2596,WILD,0.6422466,0.4518808,me_brown_lands_region,9,,no,deliberately unclaimed,wild_unclaimed
me_land_2597,WILD,0.8376068,0.6145579,me_mordor_region,9,,no,deliberately unclaimed,wild_unclaimed
me_land_2598,MOR,0.6942613,0.5222277,me_mordor_region,9,0.1127558,no,Mordor inside the source-reviewed Ered Lithui and Ephel Duath enclosure,accepted_frontier_polygon
me_land_2599,WILD,0.3489621,0.3023937,me_enedwaith_region,1,,no,deliberately unclaimed,wild_unclaimed
me_land_2600,RHU,0.7956044,0.2379091,me_rhun_region,9,0.0526168,no,western Rhûn polity north and east of Dorwinion,accepted_frontier_polygon
me_land_2601,BEO,0.5221001,0.2691744,me_anduin_vale_region,1,0.0790153,no,Beorning crossings and upper Anduin vales,accepted_source_side_envelope
me_land_2602,MOR,0.6532357,0.5974597,me_mordor_region,8,0.0301811,no,Mordor inside the source-reviewed Ered Lithui and Ephel Duath enclosure,accepted_frontier_polygon
me_land_2603,MOA,0.5020757,0.3468490,me_anduin_vale_region,3,0.0266850,no,Moria and immediate Dimrill/Sirannon approaches,accepted_source_side_envelope
me_land_2604,MOR,0.6747253,0.5188080,me_mordor_region,9,0.0821938,no,Mordor inside the source-reviewed Ered Lithui and Ephel Duath enclosure,accepted_frontier_polygon
me_land_2605,RH2,0.7345543,0.4333170,me_rhun_region,9,0.1551589,no,southeastern Rhûn wain-kingdom beyond the Sea of Rhûn,accepted_frontier_polygon
me_land_2606,ROH,0.5304029,0.4479726,me_rohan_region,9,0.1104160,no,"The Mark between Isen, Anduin, and White Mountains",accepted_source_side_envelope
me_land_2607,WILD,0.7360195,0.8510015,me_khand_region,10,,no,deliberately unclaimed,wild_unclaimed
me_land_2608,MOA,0.4720391,0.3160723,me_enedwaith_region,1,0.0408389,no,Moria and immediate Dimrill/Sirannon approaches,accepted_source_side_envelope
me_land_2609,GON,0.5548230,0.6458232,me_lebennin_region,1,0.0580697,no,Gondor fiefs from Anfalas to the Anduin,accepted_source_side_envelope
me_land_2610,WILD,0.8092796,0.0918417,me_northern_wastes_region,1,,no,deliberately unclaimed,wild_forodwaith
me_land_2611,WILD,0.6188034,0.6482658,me_ithilien_region,1,,no,deliberately unclaimed,wild_ithilien
me_land_2612,MOR,0.7096459,0.6448461,me_mordor_region,8,0.1493283,no,Mordor inside the source-reviewed Ered Lithui and Ephel Duath enclosure,accepted_frontier_polygon
me_land_2613,WILD,0.7145299,0.5168539,me_rhun_region,9,,no,deliberately unclaimed,wild_unclaimed
me_land_2614,DOR,0.6595849,0.4084025,me_rhun_region,9,0.0760446,no,Dorwinion around the northwest Sea of Rhûn,accepted_source_side_envelope
me_land_2615,WILD,0.6683761,0.4611627,me_rhun_region,9,,no,deliberately unclaimed,wild_unclaimed
me_land_2616,WILD,0.8122100,0.8793356,me_khand_region,10,,no,deliberately unclaimed,wild_unclaimed
me_land_2617,UMB,0.5362637,0.8749389,me_umbar_region,9,0.0807572,no,Umbar coast and corsair hinterland,accepted_source_side_envelope
me_land_2618,RHU,0.7147741,0.1641426,me_rhun_region,1,0.1398967,no,western Rhûn polity north and east of Dorwinion,accepted_frontier_polygon
me_land_2619,UMB,0.5216117,0.8563752,me_near_harad_region,9,0.0828209,no,Umbar coast and corsair hinterland,accepted_source_side_envelope
me_land_2620,ESG,0.6083028,0.1724475,me_dale_region,1,0.0194426,no,Lake-town and Long Lake shore,accepted_source_side_envelope
me_land_2621,GON,0.5848596,0.7015144,me_south_gondor_region,1,0.0912057,no,Gondor fiefs from Anfalas to the Anduin,accepted_source_side_envelope
me_land_2622,WILD,0.6351648,0.2208109,me_mirkwood_region,1,,no,deliberately unclaimed,wild_unclaimed
me_land_2623,IRO,0.6893773,0.1387396,me_rhun_region,1,0.0352782,no,Iron Hills source label and adjacent holds,accepted_source_side_envelope
me_land_2624,WILD,0.7777778,0.9868100,me_far_harad_region,10,,no,deliberately unclaimed,wild_unclaimed
me_land_2625,LIN,0.2610501,0.3131412,me_lindon_region,1,0.1296876,no,Lindon west of the Blue Mountains,accepted_source_side_envelope
me_land_2626,WILD,0.3526252,0.4645823,me_enedwaith_region,1,,no,deliberately unclaimed,wild_enedwaith
me_land_2627,GON,0.5260073,0.6336102,me_lebennin_region,1,0.1066811,no,Gondor fiefs from Anfalas to the Anduin,accepted_source_side_envelope
me_land_2628,MOR,0.6410256,0.5378603,me_mordor_region,9,0.0361609,no,Mordor inside the source-reviewed Ered Lithui and Ephel Duath enclosure,accepted_frontier_polygon
me_land_2629,WDM,0.5636142,0.2603810,me_mirkwood_region,3,0.0397503,no,Arda Maps Mirkwood polygon: western Woodmen settlements; Woodmen settlements in western Mirkwood; Woodmen clearings along western and central Mirkwood,accepted_source_zone_overlap
me_land_2630,RHU,0.7504274,0.1939424,me_rhun_region,1,0.0683726,no,western Rhûn polity north and east of Dorwinion,accepted_frontier_polygon
me_land_2631,WILD,0.7074481,0.0224719,me_northern_wastes_region,5,,no,deliberately unclaimed,wild_forodwaith
me_land_2632,DAM,0.4852259,0.6174890,me_belfalas_region,1,0.0559144,no,Dol Amroth and Belfalas peninsula,accepted_source_side_envelope
me_land_2633,WILD,0.6109890,0.3663898,me_mirkwood_region,9,,no,deliberately unclaimed,wild_unclaimed
me_land_2634,ROH,0.5213675,0.5466536,me_rohan_region,1,0.0461814,no,"The Mark between Isen, Anduin, and White Mountains",accepted_source_side_envelope
me_land_2635,WILD,0.3155067,0.1880801,me_north_arnor_region,1,,no,deliberately unclaimed,wild_unclaimed
me_land_2636,ANG,0.4410256,0.1612115,me_north_arnor_region,1,0.0213865,no,compact Mount Gram remnant with Carn Dum retained only as a forced fastness,accepted_frontier_polygon
me_land_2637,WILD,0.8307692,0.9628725,me_far_harad_region,10,,no,deliberately unclaimed,wild_unclaimed
me_land_2638,DUN,0.4410256,0.4640938,me_enedwaith_region,1,0.0184236,no,"Dunland lowlands west of Isen and the Gap, south of Glanduin",accepted_frontier_polygon
me_land_2639,RH3,0.8097680,0.1651197,me_rhun_region,1,0.0404402,no,northeastern Rhûn confederation beyond the Iron Hills,accepted_frontier_polygon
me_land_2640,WILD,0.4346764,0.3346361,me_enedwaith_region,6,,no,deliberately unclaimed,wild_buffer
me_land_2641,SHI,0.3655678,0.2598925,me_shire_breeland_region,1,0.0493618,no,Shire bounds west of the Brandywine,accepted_source_side_envelope
me_land_2642,FAN,0.4915751,0.4054714,me_anduin_vale_region,1,0.0515417,no,Arda Maps Fangorn physical woodland polygon; Fangorn source forest and Entwash headwaters,accepted_source_zone_overlap
me_land_2643,DAM,0.5037851,0.6897899,me_belfalas_region,1,0.0339159,no,Dol Amroth and Belfalas peninsula,accepted_source_side_envelope
me_land_2644,WILD,0.5223443,0.3155838,me_anduin_vale_region,1,,no,deliberately unclaimed,wild_unclaimed
me_land_2645,WILD,0.7089133,0.9926722,me_far_harad_region,10,,no,deliberately unclaimed,wild_unclaimed
me_land_2646,WOO,0.5687424,0.1944309,me_mirkwood_region,3,0.0453352,no,Arda Maps Mirkwood polygon: northern/eastern Woodland Realm; Thranduil's northern and eastern Mirkwood; Woodland Realm in northern and northeastern Mirkwood,accepted_source_zone_overlap
me_land_2647,MOR,0.6295482,0.6516854,me_mordor_region,8,0.0833827,no,Mordor inside the source-reviewed Ered Lithui and Ephel Duath enclosure,accepted_frontier_polygon
me_land_2648,MOR,0.6275946,0.6238398,me_mordor_region,8,0.0601362,no,Mordor inside the source-reviewed Ered Lithui and Ephel Duath enclosure,accepted_frontier_polygon
me_land_2649,LOS,0.2747253,0.0532487,me_forochel_region,5,0.1348636,no,Lossoth settlements around the Icebay,accepted_source_side_envelope
me_land_2650,GUN,0.5213675,0.1226185,me_grey_mountains_region,1,0.0430430,no,Gundabad and the northern mountain junction,accepted_source_side_envelope
me_land_2651,WILD,0.3697192,0.1402052,me_north_arnor_region,1,,no,deliberately unclaimed,wild_unclaimed
me_land_2652,WILD,0.4207570,0.5427455,me_enedwaith_region,1,,no,deliberately unclaimed,wild_unclaimed
me_land_2653,WILD,0.6478632,0.0381045,me_northern_wastes_region,5,,no,deliberately unclaimed,wild_forodwaith
me_land_2654,GON,0.5504274,0.7132389,me_lebennin_region,1,0.1160626,no,Gondor fiefs from Anfalas to the Anduin,accepted_source_side_envelope
me_land_2655,MOR,0.6632479,0.5832926,me_mordor_region,8,0.0396182,no,Mordor inside the source-reviewed Ered Lithui and Ephel Duath enclosure,accepted_frontier_polygon
me_land_2656,MOA,0.4991453,0.3585735,me_anduin_vale_region,1,0.0294437,no,Moria and immediate Dimrill/Sirannon approaches,accepted_source_side_envelope
me_land_2657,UMB,0.5455433,0.9433317,me_umbar_region,9,0.0722072,no,Umbar coast and corsair hinterland,accepted_source_side_envelope
me_land_2658,DRU,0.5719170,0.5828041,me_anorien_region,1,0.0167294,no,Arda Maps Drúadan Forest physical woodland polygon; Drúadan Forest and Stonewain approaches,accepted_source_zone_overlap
me_land_2659,LOS,0.3660562,0.0659502,me_forochel_region,5,0.0483548,no,Lossoth settlements around the Icebay,accepted_source_side_envelope
me_land_2660,WILD,0.3333333,0.3986321,me_enedwaith_region,2,,no,deliberately unclaimed,wild_enedwaith
me_land_2661,MOR,0.6346764,0.5583781,me_mordor_region,1,0.0240958,no,Mordor inside the source-reviewed Ered Lithui and Ephel Duath enclosure,accepted_frontier_polygon
me_land_2662,WILD,0.8385836,0.9614069,me_far_harad_region,10,,no,deliberately unclaimed,wild_unclaimed
me_land_2663,WILD,0.4336996,0.3722521,me_enedwaith_region,1,,no,deliberately unclaimed,wild_unclaimed
me_land_2664,WILD,0.7321123,0.5363947,me_mordor_region,1,,no,deliberately unclaimed,wild_unclaimed
me_land_2665,HRA,0.6642247,0.8910601,me_near_harad_region,10,0.0301324,no,"Qarsad's inland Near Harad sphere, separated from Harnendor and Khand",accepted_frontier_polygon
me_land_2666,MOR,0.6559219,0.5940401,me_mordor_region,8,0.0313850,no,Mordor inside the source-reviewed Ered Lithui and Ephel Duath enclosure,accepted_frontier_polygon
me_land_2667,LIN,0.2256410,0.1983390,me_lindon_region,1,0.1693391,no,Lindon west of the Blue Mountains,accepted_source_side_envelope
me_land_2668,RH2,0.8185592,0.4074255,me_rhun_region,9,0.0683774,no,southeastern Rhûn wain-kingdom beyond the Sea of Rhûn,accepted_frontier_polygon
me_land_2669,WILD,0.7274725,0.8422081,me_khand_region,10,,no,deliberately unclaimed,wild_unclaimed
me_land_2670,UMB,0.4818071,0.9711773,me_umbar_region,10,0.0660372,no,Umbar coast and corsair hinterland,accepted_source_side_envelope
me_land_2671,RHU,0.7389499,0.2452369,me_rhun_region,1,0.0622825,no,western Rhûn polity north and east of Dorwinion,accepted_frontier_polygon
me_land_2672,WILD,0.3824176,0.3307279,me_enedwaith_region,1,,no,deliberately unclaimed,wild_unclaimed
me_land_2673,HRA,0.6800977,0.8461163,me_near_harad_region,10,0.0259688,no,"Qarsad's inland Near Harad sphere, separated from Harnendor and Khand",accepted_frontier_polygon
me_land_2674,WILD,0.7162393,0.8461163,me_khand_region,10,,no,deliberately unclaimed,wild_unclaimed
me_land_2675,GON,0.4398046,0.6062531,me_belfalas_region,1,0.2767727,no,Gondor fiefs from Anfalas to the Anduin,accepted_source_side_envelope
me_land_2676,RHU,0.6835165,0.2286273,me_rhun_region,1,0.1742825,no,western Rhûn polity north and east of Dorwinion,accepted_frontier_polygon
me_land_2677,WILD,0.6285714,0.0527601,me_northern_wastes_region,5,,no,deliberately unclaimed,wild_forodwaith
me_land_2678,WILD,0.6019536,0.4167074,me_brown_lands_region,9,,no,deliberately unclaimed,wild_unclaimed
me_land_2679,RHU,0.7528694,0.2975085,me_rhun_region,9,0.0585739,no,western Rhûn polity north and east of Dorwinion,accepted_frontier_polygon
me_land_2680,MOA,0.5025641,0.3106986,me_anduin_vale_region,1,0.0353063,no,moria-mountain: Fanuidhol resolves to Moria's immediate mountain approach.,accepted_required_frontier_owner
me_land_2681,UMB,0.5316239,0.8163166,me_near_harad_region,9,0.1271841,no,Umbar coast and corsair hinterland,accepted_source_side_envelope
me_land_2682,LIN,0.2622711,0.1475330,me_lindon_region,2,0.1223915,no,Lindon west of the Blue Mountains,accepted_source_side_envelope
me_land_2683,WILD,0.6927961,0.4958476,me_rhun_region,9,,no,deliberately unclaimed,wild_unclaimed
me_land_2684,WILD,0.8319902,0.9418661,me_far_harad_region,10,,no,deliberately unclaimed,wild_unclaimed
me_land_2685,BEO,0.5076923,0.2388862,me_anduin_vale_region,1,0.0665381,no,Beorning crossings and upper Anduin vales,accepted_source_side_envelope
me_land_2686,KHA,0.7665446,0.8275525,me_khand_region,10,0.0919791,no,"Khand east and southeast of Mordor, excluding Far Harad",accepted_frontier_polygon
me_land_2687,WILD,0.4092796,0.1748901,me_north_arnor_region,1,,no,deliberately unclaimed,wild_unclaimed
me_land_2688,WILD,0.3318681,0.2852956,me_shire_breeland_region,1,,no,deliberately unclaimed,wild_buffer
me_land_2689,WILD,0.5924298,0.5486077,me_brown_lands_region,1,,no,deliberately unclaimed,wild_unclaimed
me_land_2690,WILD,0.6735043,0.4523693,me_rhun_region,9,,no,deliberately unclaimed,wild_unclaimed
me_land_2691,WILD,0.7282051,0.6619443,me_mordor_region,8,,no,deliberately unclaimed,wild_unclaimed
me_land_2692,RHU,0.7059829,0.2100635,me_rhun_region,1,0.1341181,no,western Rhûn polity north and east of Dorwinion,accepted_frontier_polygon
me_land_2693,WILD,0.3733822,0.2940889,me_shire_breeland_region,1,,no,deliberately unclaimed,wild_unclaimed
me_land_2694,WILD,0.5316239,0.3009282,me_anduin_vale_region,1,,no,deliberately unclaimed,wild_unclaimed
me_land_2695,LOR,0.5216117,0.3800684,me_anduin_vale_region,1,0.0242633,no,Arda Maps Golden Wood / Naith physical polygon; Naith between Misty foothills and Anduin; Lothlórien's Naith east of the Misty crest and west of Anduin,accepted_source_zone_overlap
me_land_2696,ROH,0.5137973,0.4836346,me_rohan_region,1,0.0624988,no,"The Mark between Isen, Anduin, and White Mountains",accepted_source_side_envelope
me_land_2697,WILD,0.8346764,0.8519785,me_khand_region,10,,no,deliberately unclaimed,wild_unclaimed
me_land_2698,WILD,0.4378510,0.3160723,me_enedwaith_region,1,,no,deliberately unclaimed,wild_buffer
me_land_2699,RIV,0.4918193,0.2403517,me_north_arnor_region,1,0.0180411,no,Imladris hidden valley and immediate refuge,accepted_source_side_envelope
me_land_2700,BEO,0.5120879,0.2647777,me_anduin_vale_region,1,0.0821145,no,Beorning crossings and upper Anduin vales,accepted_source_side_envelope
me_land_2701,WILD,0.7360195,0.0185638,me_northern_wastes_region,5,,no,deliberately unclaimed,wild_forodwaith
me_land_2702,WILD,0.5965812,0.5305325,me_brown_lands_region,9,,no,deliberately unclaimed,wild_unclaimed
me_land_2703,WILD,0.4324786,0.2506106,me_north_arnor_region,1,,no,deliberately unclaimed,wild_buffer
me_land_2704,ROH,0.5521368,0.5544700,me_rohan_region,1,0.1081737,no,"The Mark between Isen, Anduin, and White Mountains",accepted_source_side_envelope
me_land_2705,HNE,0.5785104,0.8265755,me_near_harad_region,9,0.1252090,no,Harnendor between the Poros approaches and the Harnen,accepted_frontier_polygon
me_land_2706,WILD,0.8234432,0.4792379,me_rhun_region,9,,no,deliberately unclaimed,wild_unclaimed
me_land_2707,WILD,0.3492063,0.3541768,me_enedwaith_region,1,,no,deliberately unclaimed,wild_unclaimed
me_land_2708,GUN,0.4708181,0.1143136,me_angmar_region,1,0.0641534,no,Gundabad and the northern mountain junction,accepted_source_side_envelope
me_land_2709,UMB,0.5181929,0.9565217,me_umbar_region,9,0.0269716,no,Umbar coast and corsair hinterland,accepted_source_side_envelope
me_land_2710,WILD,0.5968254,0.3683439,me_mirkwood_region,1,,no,deliberately unclaimed,wild_unclaimed
me_land_2711,BEO,0.5223443,0.1734245,me_anduin_vale_region,1,0.0264111,no,Beorning crossings and upper Anduin vales,accepted_source_side_envelope
me_land_2712,WILD,0.8327228,0.5407914,me_mordor_region,9,,no,deliberately unclaimed,wild_unclaimed
me_land_2713,WILD,0.6105006,0.5759648,me_ithilien_region,8,,no,deliberately unclaimed,wild_ithilien
me_land_2714,RH2,0.7682540,0.4484612,me_rhun_region,9,0.1171573,no,southeastern Rhûn wain-kingdom beyond the Sea of Rhûn,accepted_frontier_polygon
me_land_2715,DAM,0.5123321,0.6468002,me_belfalas_region,1,0.0532958,no,Dol Amroth and Belfalas peninsula,accepted_source_side_envelope
me_land_2716,WILD,0.6371184,0.4689790,me_brown_lands_region,9,,no,deliberately unclaimed,wild_unclaimed
me_land_2717,WILD,0.7035409,0.0444553,me_northern_wastes_region,5,,no,deliberately unclaimed,wild_forodwaith
me_land_2718,WILD,0.6903541,0.4406448,me_rhun_region,9,,no,deliberately unclaimed,wild_unclaimed
me_land_2719,FAN,0.5037851,0.4621397,me_rohan_region,1,0.0354983,no,Arda Maps Fangorn physical woodland polygon; Fangorn source forest and Entwash headwaters,accepted_source_zone_overlap
me_land_2720,WILD,0.5797314,0.0674157,me_northern_wastes_region,5,,no,deliberately unclaimed,wild_forodwaith
me_land_2721,WILD,0.6388278,0.2081094,me_rhun_region,1,,no,deliberately unclaimed,wild_unclaimed
me_land_2722,WILD,0.4532357,0.5564240,me_enedwaith_region,1,,no,deliberately unclaimed,wild_unclaimed
me_land_2723,WILD,0.7536020,0.9301417,me_far_harad_region,10,,no,deliberately unclaimed,wild_unclaimed
me_land_2724,WILD,0.5997558,0.6687836,me_ithilien_region,1,,no,deliberately unclaimed,wild_ithilien
me_land_2725,GON,0.4290598,0.5617978,me_belfalas_region,1,0.3022963,no,Gondor fiefs from Anfalas to the Anduin,accepted_source_side_envelope
me_land_2726,WILD,0.3777778,0.5461651,me_enedwaith_region,1,,no,deliberately unclaimed,wild_unclaimed
me_land_2727,WILD,0.7094017,0.8534441,me_khand_region,10,,no,deliberately unclaimed,wild_unclaimed
me_land_2728,WILD,0.3474969,0.3111871,me_enedwaith_region,1,,no,deliberately unclaimed,wild_unclaimed
me_land_2729,BLU,0.2847375,0.1968735,me_lindon_region,1,0.0237117,no,Surviving Ered Luin halls,accepted_source_side_envelope
me_land_2730,LOS,0.3912088,0.1094284,me_forochel_region,5,0.1080110,no,Lossoth settlements around the Icebay,accepted_source_side_envelope
me_land_2731,DAM,0.4686203,0.6340987,me_belfalas_region,1,0.0563814,no,Dol Amroth and Belfalas peninsula,accepted_source_side_envelope
me_land_2732,BRE,0.4012210,0.2574499,me_shire_breeland_region,1,0.0256221,no,Bree-land's four-village crossroads,accepted_source_side_envelope
me_land_2733,LOS,0.2913309,0.0312653,me_forochel_region,5,0.1067252,no,Lossoth settlements around the Icebay,accepted_source_side_envelope
me_land_2734,WILD,0.8051282,0.8993649,me_near_harad_region,10,,no,deliberately unclaimed,wild_unclaimed
me_land_2735,UMB,0.5550672,0.9360039,me_umbar_region,9,0.0908470,no,Umbar coast and corsair hinterland,accepted_source_side_envelope
me_land_2736,GON,0.6803419,0.7576942,me_south_gondor_region,9,0.2513771,no,Gondor fiefs from Anfalas to the Anduin,accepted_source_side_envelope
me_land_2737,WILD,0.5721612,0.1436248,me_grey_mountains_region,3,,no,deliberately unclaimed,wild_unclaimed
me_land_2738,WILD,0.3347985,0.3014167,me_enedwaith_region,1,,no,deliberately unclaimed,wild_unclaimed
me_land_2739,WILD,0.3946276,0.5100147,me_enedwaith_region,1,,no,deliberately unclaimed,wild_enedwaith
me_land_2740,WILD,0.6290598,0.4513923,me_brown_lands_region,9,,no,deliberately unclaimed,wild_unclaimed
me_land_2741,HRA,0.6087912,0.8514900,me_near_harad_region,9,0.1337050,no,"Qarsad's inland Near Harad sphere, separated from Harnendor and Khand",accepted_frontier_polygon
me_land_2742,ROH,0.5260073,0.5295554,me_rohan_region,1,0.0553965,no,"The Mark between Isen, Anduin, and White Mountains",accepted_source_side_envelope
me_land_2743,WILD,0.8239316,0.6199316,me_mordor_region,9,,no,deliberately unclaimed,wild_unclaimed
me_land_2744,WILD,0.5919414,0.9990230,me_far_harad_region,10,,no,deliberately unclaimed,wild_unclaimed
me_land_2745,WILD,0.8275946,0.8426966,me_khand_region,10,,no,deliberately unclaimed,wild_unclaimed
me_land_2746,WILD,0.6866911,0.9941378,me_far_harad_region,10,,no,deliberately unclaimed,wild_unclaimed
me_land_2747,WILD,0.3821734,0.2154372,me_shire_breeland_region,1,,no,deliberately unclaimed,wild_reviewed_component: east/north of the reviewed Brandywine Shire claim at the Bree frontier
me_land_2748,RHU,0.7477411,0.2559844,me_rhun_region,9,0.0449181,no,western Rhûn polity north and east of Dorwinion,accepted_frontier_polygon
me_land_2749,LOS,0.2710623,0.0454323,me_forochel_region,5,0.1430447,no,Lossoth settlements around the Icebay,accepted_source_side_envelope
me_land_2750,UMB,0.5242979,0.8617489,me_umbar_region,9,0.0795116,no,Umbar coast and corsair hinterland,accepted_source_side_envelope
me_land_2751,KHA,0.7789988,0.7889595,me_khand_region,9,0.0694476,no,"Khand east and southeast of Mordor, excluding Far Harad",accepted_frontier_polygon
me_land_2752,ROH,0.5260073,0.5554470,me_rohan_region,1,0.0573228,no,"The Mark between Isen, Anduin, and White Mountains",accepted_source_side_envelope
me_land_2753,BRE,0.3897436,0.2589155,me_shire_breeland_region,1,0.0372869,no,Bree-land's four-village crossroads,accepted_source_side_envelope
me_land_2754,WILD,0.3938950,0.2975085,me_enedwaith_region,1,,no,deliberately unclaimed,wild_unclaimed
me_land_2755,LOS,0.3665446,0.0268686,me_forochel_region,5,0.0626324,no,Lossoth settlements around the Icebay,accepted_source_side_envelope
me_land_2756,RHU,0.7091575,0.2501221,me_rhun_region,1,0.1216850,no,western Rhûn polity north and east of Dorwinion,accepted_frontier_polygon
me_land_2757,LIN,0.3140415,0.2432829,me_lindon_region,1,0.0196909,no,Lindon west of the Blue Mountains,accepted_source_side_envelope
me_land_2758,WILD,0.7409035,0.0556913,me_northern_wastes_region,5,,no,deliberately unclaimed,wild_forodwaith
me_land_2759,RHU,0.7645910,0.2496336,me_rhun_region,9,0.0108243,no,western Rhûn polity north and east of Dorwinion,accepted_frontier_polygon
me_land_2760,WILD,0.6336996,0.3243771,me_mirkwood_region,1,,no,deliberately unclaimed,wild_unclaimed
me_land_2761,DOL,0.5460317,0.3395213,me_mirkwood_region,1,0.0235967,no,Arda Maps Mirkwood polygon: southern Dol Guldur shadow; Dol Guldur's southern Mirkwood shadow; Dol Guldur's southern Mirkwood shadow,accepted_source_zone_overlap
me_land_2762,MOR,0.6757021,0.5510503,me_mordor_region,1,0.0671669,no,Mordor inside the source-reviewed Ered Lithui and Ephel Duath enclosure,accepted_frontier_polygon
me_land_2763,RH2,0.8275946,0.4044944,me_rhun_region,9,0.0775596,no,southeastern Rhûn wain-kingdom beyond the Sea of Rhûn,accepted_frontier_polygon
me_land_2764,WILD,0.6275946,0.0815828,me_northern_wastes_region,5,,no,deliberately unclaimed,wild_forodwaith
me_land_2765,GON,0.3606838,0.6751343,me_belfalas_region,1,0.4396282,no,Gondor fiefs from Anfalas to the Anduin,accepted_source_side_envelope
me_land_2766,LIN,0.3042735,0.2017587,me_lindon_region,1,0.0263074,no,Lindon west of the Blue Mountains,accepted_source_side_envelope
me_land_2767,WILD,0.7536020,0.4611627,me_rhun_region,9,,no,deliberately unclaimed,wild_unclaimed
me_land_2768,WILD,0.3760684,0.2042013,me_north_arnor_region,1,,no,deliberately unclaimed,wild_unclaimed
me_land_2769,GON,0.5250305,0.5803615,me_anorien_region,1,0.1106856,no,Gondor fiefs from Anfalas to the Anduin,accepted_source_side_envelope
me_land_2770,GON,0.5096459,0.6013679,me_belfalas_region,1,0.1374033,no,Gondor fiefs from Anfalas to the Anduin,accepted_source_side_envelope
me_land_2771,WILD,0.6559219,0.2296043,me_rhun_region,1,,no,deliberately unclaimed,wild_unclaimed
me_land_2772,GON,0.5264957,0.5696141,me_anorien_region,1,0.1114337,no,Gondor fiefs from Anfalas to the Anduin,accepted_source_side_envelope
me_land_2773,UMB,0.5721612,0.9042501,me_near_harad_region,9,0.1289197,no,Umbar coast and corsair hinterland,accepted_source_side_envelope
me_land_2774,WILD,0.7369963,0.1035662,me_northern_wastes_region,1,,no,deliberately unclaimed,wild_forodwaith
me_land_2775,WILD,0.5892552,0.4064485,me_brown_lands_region,9,,no,deliberately unclaimed,wild_unclaimed
me_land_2776,ANG,0.4456654,0.1240840,me_north_arnor_region,1,0.0214308,no,compact Mount Gram remnant with Carn Dum retained only as a forced fastness,accepted_frontier_polygon
me_land_2777,WILD,0.3391941,0.3087445,me_enedwaith_region,1,,no,deliberately unclaimed,wild_unclaimed
me_land_2778,WILD,0.7785104,0.0014656,me_northern_wastes_region,1,,no,deliberately unclaimed,wild_forodwaith
me_land_2779,WILD,0.5726496,0.4416219,me_brown_lands_region,9,,no,deliberately unclaimed,wild_unclaimed
me_land_2780,GON,0.5006105,0.6008793,me_belfalas_region,1,0.1554644,no,Gondor fiefs from Anfalas to the Anduin,accepted_source_side_envelope
me_land_2781,WILD,0.3494505,0.3766488,me_enedwaith_region,1,,no,deliberately unclaimed,wild_enedwaith
me_land_2782,DOL,0.5765568,0.3722521,me_mirkwood_region,3,0.0457263,no,Arda Maps Mirkwood polygon: southern Dol Guldur shadow; Dol Guldur's southern Mirkwood shadow; Dol Guldur's southern Mirkwood shadow,accepted_source_zone_overlap
me_land_2783,WILD,0.7260073,0.9618955,me_far_harad_region,10,,no,deliberately unclaimed,wild_unclaimed
me_land_2784,WILD,0.3228327,0.2940889,me_shire_breeland_region,1,,no,deliberately unclaimed,wild_unclaimed
me_land_2785,WILD,0.3716728,0.2638007,me_shire_breeland_region,1,,no,deliberately unclaimed,wild_buffer
me_land_2786,WILD,0.5819292,0.0112360,me_northern_wastes_region,5,,no,deliberately unclaimed,wild_forodwaith
me_land_2787,KHA,0.7489621,0.7801661,me_khand_region,9,0.0435532,no,"Khand east and southeast of Mordor, excluding Far Harad",accepted_frontier_polygon
me_land_2788,ROH,0.4893773,0.5065950,me_rohan_region,1,0.0367446,no,"The Mark between Isen, Anduin, and White Mountains",accepted_source_side_envelope
me_land_2789,RAN,0.4942613,0.2540303,me_north_arnor_region,1,0.0417016,no,The Angle and immediate Ranger refuge,accepted_source_side_envelope
me_land_2790,WILD,0.6371184,0.5075721,me_brown_lands_region,9,,no,deliberately unclaimed,wild_unclaimed
me_land_2791,RAN,0.4593407,0.2427943,me_north_arnor_region,1,0.0414850,no,The Angle and immediate Ranger refuge,accepted_source_side_envelope
me_land_2792,KHA,0.8175824,0.8041036,me_khand_region,10,0.1410312,no,"Khand east and southeast of Mordor, excluding Far Harad",accepted_frontier_polygon
me_land_2793,WILD,0.8100122,0.0468979,me_northern_wastes_region,1,,no,deliberately unclaimed,wild_forodwaith
me_land_2794,DAL,0.6009768,0.1558378,me_dale_region,1,0.0071484,no,Dale and the upper Celduin plain,accepted_source_side_envelope
me_land_2795,KHA,0.7474969,0.7747924,me_khand_region,9,0.0394795,no,"Khand east and southeast of Mordor, excluding Far Harad",accepted_frontier_polygon
me_land_2796,WILD,0.4349206,0.3126527,me_enedwaith_region,1,,no,deliberately unclaimed,wild_buffer
me_land_2797,WILD,0.6427350,0.3688324,me_mirkwood_region,1,,no,deliberately unclaimed,wild_unclaimed
me_land_2798,WILD,0.4129426,0.2291158,me_north_arnor_region,1,,no,deliberately unclaimed,wild_unclaimed
me_land_2799,MOR,0.6964591,0.6419150,me_mordor_region,8,0.1251604,no,Mordor inside the source-reviewed Ered Lithui and Ephel Duath enclosure,accepted_frontier_polygon
me_land_2800,WILD,0.7833944,0.7000489,me_mordor_region,9,,no,deliberately unclaimed,wild_unclaimed
me_land_2801,MOR,0.6954823,0.6599902,me_mordor_region,8,0.1343836,no,Mordor inside the source-reviewed Ered Lithui and Ephel Duath enclosure,accepted_frontier_polygon
me_land_2802,RAN,0.4715507,0.2496336,me_north_arnor_region,1,0.0215031,no,The Angle and immediate Ranger refuge,accepted_source_side_envelope
me_land_2803,GON,0.5763126,0.5725452,me_anorien_region,1,0.0389281,no,Gondor fiefs from Anfalas to the Anduin,accepted_source_side_envelope
me_land_2804,RH3,0.7914530,0.1978505,me_rhun_region,1,0.0571345,no,northeastern Rhûn confederation beyond the Iron Hills,accepted_frontier_polygon
me_land_2805,WILD,0.5870574,0.5647289,me_ithilien_region,1,,no,deliberately unclaimed,wild_ithilien
me_land_2806,RHU,0.7213675,0.3053249,me_rhun_region,9,0.1118987,no,western Rhûn polity north and east of Dorwinion,accepted_frontier_polygon
me_land_2807,GON,0.5431013,0.6853933,me_lebennin_region,1,0.1020249,no,Gondor fiefs from Anfalas to the Anduin,accepted_source_side_envelope
me_land_2808,SHI,0.3416361,0.2701514,me_shire_breeland_region,1,0.0419787,no,Shire bounds west of the Brandywine,accepted_source_side_envelope
me_land_2809,WILD,0.4405372,0.2931119,me_north_arnor_region,1,,no,deliberately unclaimed,wild_buffer
me_land_2810,MOR,0.6820513,0.6277479,me_mordor_region,8,0.0933672,no,Mordor inside the source-reviewed Ered Lithui and Ephel Duath enclosure,accepted_frontier_polygon
me_land_2811,RH2,0.8363858,0.4005862,me_rhun_region,9,0.0886266,no,southeastern Rhûn wain-kingdom beyond the Sea of Rhûn,accepted_frontier_polygon
me_land_2812,WILD,0.3225885,0.2828530,me_shire_breeland_region,1,,no,deliberately unclaimed,wild_buffer
me_land_2813,GON,0.5010989,0.5798730,me_belfalas_region,1,0.1573086,no,Gondor fiefs from Anfalas to the Anduin,accepted_source_side_envelope
me_land_2814,LIN,0.3069597,0.2457255,me_lindon_region,1,0.0200290,no,Lindon west of the Blue Mountains,accepted_source_side_envelope
me_land_2815,RHU,0.7465201,0.3190034,me_rhun_region,2,0.0834667,no,western Rhûn polity north and east of Dorwinion,accepted_frontier_polygon
me_land_2816,WILD,0.8173382,0.0776746,me_northern_wastes_region,1,,no,deliberately unclaimed,wild_forodwaith
me_land_2817,GON,0.5445665,0.7034685,me_lebennin_region,1,0.1140702,no,Gondor fiefs from Anfalas to the Anduin,accepted_source_side_envelope
me_land_2818,WILD,0.6175824,0.4372252,me_brown_lands_region,9,,no,deliberately unclaimed,wild_unclaimed
me_land_2819,HRA,0.7018315,0.9311187,me_far_harad_region,10,0.0813340,no,"Qarsad's inland Near Harad sphere, separated from Harnendor and Khand",accepted_frontier_polygon
me_land_2820,BLU,0.2813187,0.1387396,me_lindon_region,1,0.0439323,no,Surviving Ered Luin halls,accepted_source_side_envelope
me_land_2821,FAN,0.5106227,0.4421104,me_rohan_region,3,0.0505500,no,Arda Maps Fangorn physical woodland polygon; Fangorn source forest and Entwash headwaters,accepted_source_zone_overlap
me_land_2822,HFA,0.5682540,0.9516365,me_far_harad_region,10,0.0336605,no,represented northern fringe of Far Harad,accepted_frontier_polygon
me_land_2823,WILD,0.3277167,0.3258427,me_enedwaith_region,1,,no,deliberately unclaimed,wild_unclaimed
me_land_2824,RHU,0.6854701,0.1944309,me_rhun_region,1,0.1779583,no,western Rhûn polity north and east of Dorwinion,accepted_frontier_polygon
me_land_2825,WILD,0.6105006,0.3302394,me_mirkwood_region,1,,no,deliberately unclaimed,wild_unclaimed
me_land_2826,ROH,0.4593407,0.4953591,me_rohan_region,1,0.0895975,no,"The Mark between Isen, Anduin, and White Mountains",accepted_source_side_envelope
me_land_2827,WILD,0.3865690,0.1245725,me_north_arnor_region,1,,no,deliberately unclaimed,wild_unclaimed
me_land_2828,GON,0.5245421,0.5906204,me_belfalas_region,1,0.1092265,no,Gondor fiefs from Anfalas to the Anduin,accepted_source_side_envelope
me_land_2829,WILD,0.6551893,0.2105520,me_rhun_region,1,,no,deliberately unclaimed,wild_unclaimed
me_land_2830,KHA,0.7443223,0.7430386,me_khand_region,9,0.0221998,no,"Khand east and southeast of Mordor, excluding Far Harad",accepted_frontier_polygon
me_land_2831,DOR,0.7133089,0.3023937,me_rhun_region,9,0.0752925,no,Dorwinion around the northwest Sea of Rhûn,accepted_source_side_envelope
me_land_2832,WILD,0.3975580,0.3185149,me_enedwaith_region,1,,no,deliberately unclaimed,wild_unclaimed
me_land_2833,WILD,0.4454212,0.2603810,me_north_arnor_region,1,,no,deliberately unclaimed,wild_buffer
me_land_2834,WILD,0.6642247,0.2833415,me_rhun_region,9,,no,deliberately unclaimed,wild_unclaimed
me_land_2835,WILD,0.5934066,0.5432340,me_brown_lands_region,1,,no,deliberately unclaimed,wild_unclaimed
me_land_2836,GOB,0.5169719,0.2193454,me_anduin_vale_region,1,0.0311770,no,Goblin-town and High Pass under the Misty Mountains,accepted_source_side_envelope
me_land_2837,WILD,0.7511600,0.6111383,me_mordor_region,9,,no,deliberately unclaimed,wild_unclaimed
me_land_2838,LIN,0.2910867,0.3404983,me_lindon_region,2,0.1198909,no,Lindon west of the Blue Mountains,accepted_source_side_envelope
me_land_2839,SHI,0.3374847,0.2076209,me_shire_breeland_region,1,0.0277860,no,Shire bounds west of the Brandywine,accepted_source_side_envelope
me_land_2840,WILD,0.5252747,0.3282853,me_anduin_vale_region,1,,no,deliberately unclaimed,wild_unclaimed
me_land_2841,RH2,0.8229548,0.4450415,me_rhun_region,9,0.1055490,no,southeastern Rhûn wain-kingdom beyond the Sea of Rhûn,accepted_frontier_polygon
me_land_2842,DOR,0.6566545,0.3111871,me_rhun_region,1,0.0688522,no,Dorwinion around the northwest Sea of Rhûn,accepted_source_side_envelope
me_land_2843,RH3,0.8180708,0.1553493,me_rhun_region,1,0.0448171,no,northeastern Rhûn confederation beyond the Iron Hills,accepted_frontier_polygon
me_land_2844,WILD,0.8219780,0.5271128,me_mordor_region,9,,no,deliberately unclaimed,wild_unclaimed
me_land_2845,WDM,0.5633700,0.2550073,me_mirkwood_region,3,0.0450760,no,Arda Maps Mirkwood polygon: western Woodmen settlements; Woodmen settlements in western Mirkwood; Woodmen clearings along western and central Mirkwood,accepted_source_zone_overlap
me_land_2846,WILD,0.3770452,0.3414753,me_enedwaith_region,1,,no,deliberately unclaimed,wild_unclaimed
me_land_2847,GON,0.5387057,0.7498779,me_lebennin_region,9,0.1594805,no,Gondor fiefs from Anfalas to the Anduin,accepted_source_side_envelope
me_land_2848,WILD,0.1870574,0.0605765,me_forochel_region,1,,no,deliberately unclaimed,wild_unclaimed
me_land_2849,WILD,0.7455433,0.7063996,me_mordor_region,9,,no,deliberately unclaimed,wild_unclaimed
me_land_2850,WILD,0.5450549,0.1382511,me_grey_mountains_region,3,,no,deliberately unclaimed,wild_unclaimed
me_land_2851,ROH,0.5584860,0.5026869,me_rohan_region,1,0.1248474,no,"The Mark between Isen, Anduin, and White Mountains",accepted_source_side_envelope
me_land_2852,WILD,0.7963370,0.6126038,me_mordor_region,9,,no,deliberately unclaimed,wild_unclaimed
me_land_2853,GOB,0.5089133,0.1504641,me_anduin_vale_region,1,0.0411769,no,Goblin-town and High Pass under the Misty Mountains,accepted_source_side_envelope
me_land_2854,IRO,0.6857143,0.1792868,me_rhun_region,1,0.0313087,no,Iron Hills source label and adjacent holds,accepted_source_side_envelope
me_land_2855,WILD,0.8339438,0.4787494,me_rhun_region,9,,no,deliberately unclaimed,wild_unclaimed
me_land_2856,WILD,0.7301587,0.8275525,me_khand_region,10,,no,deliberately unclaimed,wild_unclaimed
me_land_2857,FAN,0.5008547,0.4186615,me_anduin_vale_region,3,0.0472741,no,Arda Maps Fangorn physical woodland polygon; Fangorn source forest and Entwash headwaters,accepted_source_zone_overlap
me_land_2858,WILD,0.4200244,0.0850024,me_angmar_region,5,,no,deliberately unclaimed,wild_unclaimed
me_land_2859,WILD,0.7846154,0.0595994,me_northern_wastes_region,1,,no,deliberately unclaimed,wild_forodwaith
me_land_2860,RHU,0.7841270,0.2071324,me_rhun_region,9,0.0513412,no,western Rhûn polity north and east of Dorwinion,accepted_frontier_polygon
me_land_2861,DUN,0.4366300,0.4474841,me_enedwaith_region,1,0.0206128,no,"Dunland lowlands west of Isen and the Gap, south of Glanduin",accepted_frontier_polygon
me_land_2862,WILD,0.7743590,0.9975574,me_far_harad_region,10,,no,deliberately unclaimed,wild_unclaimed
me_land_2863,GON,0.5797314,0.6365413,me_south_gondor_region,1,0.0254382,no,Gondor fiefs from Anfalas to the Anduin,accepted_source_side_envelope
me_land_2864,UMB,0.5028083,0.9521251,me_umbar_region,9,0.0213995,no,Umbar coast and corsair hinterland,accepted_source_side_envelope
me_land_2865,WILD,0.4156288,0.3468490,me_enedwaith_region,1,,no,deliberately unclaimed,wild_unclaimed
me_land_2866,WILD,0.7045177,0.4592086,me_rhun_region,1,,no,deliberately unclaimed,wild_unclaimed
me_land_2867,RH2,0.7758242,0.3986321,me_rhun_region,9,0.0685782,no,southeastern Rhûn wain-kingdom beyond the Sea of Rhûn,accepted_frontier_polygon
me_land_2868,MOR,0.6402930,0.5173425,me_mordor_region,9,0.0566694,no,Mordor inside the source-reviewed Ered Lithui and Ephel Duath enclosure,accepted_frontier_polygon
me_land_2869,GON,0.4554335,0.5793845,me_belfalas_region,1,0.2475347,no,Gondor fiefs from Anfalas to the Anduin,accepted_source_side_envelope
me_land_2870,WILD,0.7328449,0.8226673,me_khand_region,10,,no,deliberately unclaimed,wild_unclaimed
me_land_2871,UMB,0.4859585,0.8939912,me_umbar_region,9,0.0630910,no,Umbar coast and corsair hinterland,accepted_source_side_envelope
me_land_2872,WILD,0.7450549,0.8602833,me_khand_region,10,,no,deliberately unclaimed,wild_unclaimed
me_land_2873,GON,0.5728938,0.5622863,me_anorien_region,6,0.0501321,no,Gondor fiefs from Anfalas to the Anduin,accepted_source_side_envelope
me_land_2874,KHA,0.7599512,0.7757694,me_khand_region,9,0.0385433,no,"Khand east and southeast of Mordor, excluding Far Harad",accepted_frontier_polygon
me_land_2875,WILD,0.4495726,0.2423058,me_north_arnor_region,1,,no,deliberately unclaimed,wild_buffer
me_land_2876,LOS,0.3355311,0.0928188,me_forochel_region,5,0.0301600,no,Lossoth settlements around the Icebay,accepted_source_side_envelope
me_land_2877,WILD,0.7311355,0.5749878,me_mordor_region,8,,no,deliberately unclaimed,wild_unclaimed
me_land_2878,MOR,0.6910867,0.6140694,me_mordor_region,8,0.1024404,no,Mordor inside the source-reviewed Ered Lithui and Ephel Duath enclosure,accepted_frontier_polygon
me_land_2879,HNE,0.6210012,0.8085002,me_near_harad_region,1,0.0388205,no,Harnendor between the Poros approaches and the Harnen,accepted_frontier_polygon
me_land_2880,BEO,0.5228327,0.2203224,me_anduin_vale_region,1,0.0328494,no,Beorning crossings and upper Anduin vales,accepted_source_side_envelope
me_land_2881,WILD,0.7462759,0.9457743,me_far_harad_region,10,,no,deliberately unclaimed,wild_unclaimed
me_land_2882,BLU,0.2759463,0.1548608,me_lindon_region,1,0.0386820,no,Surviving Ered Luin halls,accepted_source_side_envelope
me_land_2883,DOR,0.6522589,0.3683439,me_rhun_region,1,0.0670189,no,Dorwinion around the northwest Sea of Rhûn,accepted_source_side_envelope
me_land_2884,FAN,0.5094017,0.4528578,me_rohan_region,1,0.0462852,no,Arda Maps Fangorn physical woodland polygon; Fangorn source forest and Entwash headwaters,accepted_source_zone_overlap
me_land_2885,MOR,0.6561661,0.5798730,me_mordor_region,8,0.0250495,no,Mordor inside the source-reviewed Ered Lithui and Ephel Duath enclosure,accepted_frontier_polygon
me_land_2886,BEO,0.5423687,0.1529067,me_anduin_vale_region,3,0.0450986,no,Beorning crossings and upper Anduin vales,accepted_source_side_envelope
me_land_2887,RHU,0.6901099,0.2603810,me_rhun_region,9,0.1601171,no,western Rhûn polity north and east of Dorwinion,accepted_frontier_polygon
me_land_2888,RH3,0.8280830,0.2159257,me_rhun_region,9,0.0226930,no,northeastern Rhûn confederation beyond the Iron Hills,accepted_frontier_polygon
me_land_2889,WILD,0.7462759,0.1074744,me_northern_wastes_region,1,,no,deliberately unclaimed,wild_forodwaith
me_land_2890,WILD,0.5726496,0.4201270,me_brown_lands_region,9,,no,deliberately unclaimed,wild_unclaimed
me_land_2891,HFA,0.6183150,0.9848559,me_far_harad_region,10,0.0730133,no,represented northern fringe of Far Harad,accepted_frontier_polygon
me_land_2892,WILD,0.3833944,0.5007328,me_enedwaith_region,1,,no,deliberately unclaimed,wild_enedwaith
me_land_2893,RH2,0.7355311,0.4220811,me_rhun_region,9,0.1477180,no,southeastern Rhûn wain-kingdom beyond the Sea of Rhûn,accepted_frontier_polygon
me_land_2894,GON,0.6358974,0.7274060,me_south_gondor_region,1,0.1637445,no,Gondor fiefs from Anfalas to the Anduin,accepted_source_side_envelope
me_land_2895,WILD,0.7255189,0.4489497,me_rhun_region,9,,no,deliberately unclaimed,wild_unclaimed
me_land_2896,WILD,0.5667888,0.0595994,me_northern_wastes_region,5,,no,deliberately unclaimed,wild_forodwaith
me_land_2897,ROH,0.4769231,0.5026869,me_rohan_region,1,0.0561989,no,"The Mark between Isen, Anduin, and White Mountains",accepted_source_side_envelope
me_land_2898,WILD,0.3890110,0.4694675,me_enedwaith_region,1,,no,deliberately unclaimed,wild_enedwaith
me_land_2899,MOR,0.6586081,0.6839277,me_mordor_region,8,0.1141900,no,Mordor inside the source-reviewed Ered Lithui and Ephel Duath enclosure,accepted_frontier_polygon
me_land_2900,HNE,0.5792430,0.7948217,me_near_harad_region,9,0.1192574,no,Harnendor between the Poros approaches and the Harnen,accepted_frontier_polygon
me_land_2901,MOR,0.6481074,0.5950171,me_mordor_region,8,0.0229848,no,Mordor inside the source-reviewed Ered Lithui and Ephel Duath enclosure,accepted_frontier_polygon
me_land_2902,RH2,0.7772894,0.3654128,me_rhun_region,9,0.0479650,no,southeastern Rhûn wain-kingdom beyond the Sea of Rhûn,accepted_frontier_polygon
me_land_2903,WILD,0.7404151,0.9360039,me_far_harad_region,10,,no,deliberately unclaimed,wild_unclaimed
me_land_2904,HRA,0.6822955,0.8627259,me_near_harad_region,10,0.0163036,no,"Qarsad's inland Near Harad sphere, separated from Harnendor and Khand",accepted_frontier_polygon
me_land_2905,WILD,0.4051282,0.1685393,me_north_arnor_region,1,,no,deliberately unclaimed,wild_unclaimed
me_land_2906,KHA,0.7728938,0.8158280,me_khand_region,10,0.0851245,no,"Khand east and southeast of Mordor, excluding Far Harad",accepted_frontier_polygon
me_land_2907,RH2,0.8200244,0.2950660,me_rhun_region,9,0.0679828,no,southeastern Rhûn wain-kingdom beyond the Sea of Rhûn,accepted_frontier_polygon
me_land_2908,WILD,0.7299145,0.6253053,me_mordor_region,8,,no,deliberately unclaimed,wild_unclaimed
me_land_2909,GON,0.4681319,0.5671715,me_belfalas_region,1,0.2244522,no,south of the White Mountains on Gondor's side,accepted_component_repair
me_land_2910,RH3,0.8344322,0.2325354,me_rhun_region,9,0.0434938,no,northeastern Rhûn confederation beyond the Iron Hills,accepted_frontier_polygon
me_land_2911,MOR,0.6793651,0.5178310,me_mordor_region,9,0.0899351,no,Mordor inside the source-reviewed Ered Lithui and Ephel Duath enclosure,accepted_frontier_polygon
me_land_2912,WILD,0.7450549,0.4689790,me_rhun_region,9,,no,deliberately unclaimed,wild_unclaimed
me_land_2913,WILD,0.7670330,0.0307767,me_northern_wastes_region,1,,no,deliberately unclaimed,wild_forodwaith
me_land_2914,DAM,0.4742369,0.6345872,me_belfalas_region,1,0.0484529,no,Dol Amroth and Belfalas peninsula,accepted_source_side_envelope
me_land_2915,GON,0.5965812,0.7020029,me_south_gondor_region,1,0.0978976,no,Gondor fiefs from Anfalas to the Anduin,accepted_source_side_envelope
me_land_2916,WILD,0.8021978,0.0434783,me_northern_wastes_region,1,,no,deliberately unclaimed,wild_forodwaith
me_land_2917,HFA,0.6190476,0.9789936,me_far_harad_region,10,0.0721987,no,represented northern fringe of Far Harad,accepted_frontier_polygon
me_land_2918,RH2,0.8085470,0.3551539,me_rhun_region,9,0.0178541,no,southeastern Rhûn wain-kingdom beyond the Sea of Rhûn,accepted_frontier_polygon
me_land_2919,RHU,0.7164835,0.2056668,me_rhun_region,1,0.1158511,no,western Rhûn polity north and east of Dorwinion,accepted_frontier_polygon
me_land_2920,RH2,0.7321123,0.4186615,me_rhun_region,9,0.1521491,no,southeastern Rhûn wain-kingdom beyond the Sea of Rhûn,accepted_frontier_polygon
me_land_2921,ROH,0.5062271,0.5178310,me_rohan_region,1,0.0254663,no,"The Mark between Isen, Anduin, and White Mountains",accepted_source_side_envelope
me_land_2922,HFA,0.5934066,0.9394235,me_far_harad_region,10,0.0229196,no,represented northern fringe of Far Harad,accepted_frontier_polygon
me_land_2923,WILD,0.5826618,0.5583781,me_brown_lands_region,1,,no,deliberately unclaimed,wild_unclaimed
me_land_2924,WILD,0.3279609,0.2032242,me_north_arnor_region,1,,no,deliberately unclaimed,wild_unclaimed
me_land_2925,WILD,0.4781441,0.2071324,me_north_arnor_region,1,,no,deliberately unclaimed,wild_buffer
me_land_2926,HFA,0.6275946,0.9360039,me_far_harad_region,10,0.0872815,no,represented northern fringe of Far Harad,accepted_frontier_polygon
me_land_2927,WILD,0.5880342,0.5398144,me_brown_lands_region,1,,no,deliberately unclaimed,wild_unclaimed
me_land_2928,WILD,0.7763126,0.0459209,me_northern_wastes_region,1,,no,deliberately unclaimed,wild_forodwaith
me_land_2929,WILD,0.8214896,0.5876893,me_mordor_region,9,,no,deliberately unclaimed,wild_unclaimed
me_land_2930,ROH,0.5257631,0.5085491,me_rohan_region,1,0.0618430,no,"The Mark between Isen, Anduin, and White Mountains",accepted_source_side_envelope
me_land_2931,MOR,0.6063492,0.5740107,me_ithilien_region,1,0.0754072,no,occupied-ridge: Morgai is the inner ridge of the Mountains of Shadow within Mordor.,accepted_required_frontier_owner
me_land_2932,MOR,0.6688645,0.5202736,me_mordor_region,9,0.0727795,no,Mordor inside the source-reviewed Ered Lithui and Ephel Duath enclosure,accepted_frontier_polygon
me_land_2933,WILD,0.5191697,0.0185638,me_northern_wastes_region,5,,no,deliberately unclaimed,wild_forodwaith
me_land_2934,MOR,0.6481074,0.6946751,me_mordor_region,8,0.1214353,no,Mordor inside the source-reviewed Ered Lithui and Ephel Duath enclosure,accepted_frontier_polygon
me_land_2935,MOR,0.6671551,0.6521739,me_mordor_region,8,0.0912297,no,Mordor inside the source-reviewed Ered Lithui and Ephel Duath enclosure,accepted_frontier_polygon
me_land_2936,WILD,0.7062271,0.1143136,me_northern_wastes_region,1,,no,deliberately unclaimed,wild_forodwaith
me_land_2937,GON,0.5230769,0.7078652,me_belfalas_region,1,0.1465118,no,Gondor fiefs from Anfalas to the Anduin,accepted_source_side_envelope
me_land_2938,LIN,0.2969475,0.2256961,me_lindon_region,1,0.0244259,no,Lindon west of the Blue Mountains,accepted_source_side_envelope
me_land_2939,WILD,0.8092796,0.9755740,me_far_harad_region,10,,no,deliberately unclaimed,wild_unclaimed
me_land_2940,WILD,0.8041514,0.0170982,me_northern_wastes_region,1,,no,deliberately unclaimed,wild_forodwaith
me_land_2941,GOB,0.5140415,0.2310699,me_anduin_vale_region,1,0.0403470,no,Goblin-town and High Pass under the Misty Mountains,accepted_source_side_envelope
me_land_2942,RIV,0.4881563,0.2208109,me_north_arnor_region,1,0.0109016,no,Imladris hidden valley and immediate refuge,accepted_source_side_envelope
me_land_2943,WILD,0.4358974,0.3654128,me_enedwaith_region,1,,no,deliberately unclaimed,wild_unclaimed
me_land_2944,WILD,0.6080586,0.4626282,me_brown_lands_region,9,,no,deliberately unclaimed,wild_unclaimed
me_land_2945,DOR,0.6610501,0.3317049,me_rhun_region,1,0.0510956,no,Dorwinion around the northwest Sea of Rhûn,accepted_source_side_envelope
me_land_2946,WILD,0.4527473,0.3825110,me_enedwaith_region,1,,no,deliberately unclaimed,wild_unclaimed
me_land_2947,WILD,0.7279609,0.0361505,me_northern_wastes_region,5,,no,deliberately unclaimed,wild_forodwaith
me_land_2948,ROH,0.4822955,0.5021983,me_rohan_region,1,0.0487309,no,"The Mark between Isen, Anduin, and White Mountains",accepted_source_side_envelope
me_land_2949,WILD,0.8415140,0.9848559,me_far_harad_region,10,,no,deliberately unclaimed,wild_unclaimed
me_land_2950,WILD,0.5907204,0.5632633,me_ithilien_region,1,,no,deliberately unclaimed,wild_ithilien
me_land_2951,HNE,0.5584860,0.7616023,me_near_harad_region,9,0.1638621,no,Harnendor between the Poros approaches and the Harnen,accepted_frontier_polygon
me_land_2952,GON,0.3750916,0.6507084,me_belfalas_region,1,0.4080606,no,Gondor fiefs from Anfalas to the Anduin,accepted_source_side_envelope
me_land_2953,KHA,0.7201465,0.7337567,me_khand_region,9,0.0702224,no,"Khand east and southeast of Mordor, excluding Far Harad",accepted_frontier_polygon
me_land_2954,WILD,0.7245421,0.8168051,me_khand_region,10,,no,deliberately unclaimed,wild_unclaimed
me_land_2955,WILD,0.3753358,0.1983390,me_north_arnor_region,1,,no,deliberately unclaimed,wild_unclaimed
me_land_2956,HRA,0.7262515,0.8866634,me_near_harad_region,10,0.1038487,no,"Qarsad's inland Near Harad sphere, separated from Harnendor and Khand",accepted_frontier_polygon
me_land_2957,WILD,0.3509158,0.4020518,me_enedwaith_region,1,,no,deliberately unclaimed,wild_enedwaith
me_land_2958,KHA,0.7733822,0.8275525,me_khand_region,10,0.0962747,no,"Khand east and southeast of Mordor, excluding Far Harad",accepted_frontier_polygon
me_land_2959,WILD,0.4962149,0.2984856,me_anduin_vale_region,1,,no,deliberately unclaimed,wild_buffer
me_land_2960,LOS,0.2974359,0.0806058,me_forochel_region,5,0.0901690,no,Lossoth settlements around the Icebay,accepted_source_side_envelope
me_land_2961,RH2,0.7792430,0.3478261,me_rhun_region,9,0.0415709,no,southeastern Rhûn wain-kingdom beyond the Sea of Rhûn,accepted_frontier_polygon
me_land_2962,MOR,0.6290598,0.6839277,me_mordor_region,8,0.1144155,no,Mordor inside the source-reviewed Ered Lithui and Ephel Duath enclosure,accepted_frontier_polygon
me_land_2963,RAN,0.4710623,0.2896922,me_north_arnor_region,1,0.0212087,no,The Angle and immediate Ranger refuge,accepted_source_side_envelope
me_land_2964,WILD,0.5291819,0.3829995,me_anduin_vale_region,1,,no,deliberately unclaimed,wild_unclaimed
me_land_2965,GON,0.5677656,0.7322912,me_lebennin_region,9,0.1227708,no,Gondor fiefs from Anfalas to the Anduin,accepted_source_side_envelope
me_land_2966,WILD,0.5997558,0.5852467,me_ithilien_region,1,,no,deliberately unclaimed,wild_ithilien
me_land_2967,WILD,0.3992674,0.1685393,me_north_arnor_region,1,,no,deliberately unclaimed,wild_unclaimed
me_land_2968,UMB,0.5682540,0.8700537,me_near_harad_region,9,0.1343315,no,Umbar coast and corsair hinterland,accepted_source_side_envelope
me_land_2969,WILD,0.3184371,0.2437714,me_shire_breeland_region,1,,no,deliberately unclaimed,wild_buffer
me_land_2970,WILD,0.7582418,0.0322423,me_northern_wastes_region,1,,no,deliberately unclaimed,wild_forodwaith
me_land_2971,UMB,0.5433455,0.7777235,me_near_harad_region,9,0.1717200,no,Umbar coast and corsair hinterland,accepted_source_side_envelope
me_land_2972,WILD,0.5973138,0.4152418,me_brown_lands_region,9,,no,deliberately unclaimed,wild_unclaimed
me_land_2973,BEO,0.5318681,0.2042013,me_anduin_vale_region,1,0.0117888,no,active-settlement: Beorn's Hall is the Beornings' named upper-Anduin settlement.,accepted_required_frontier_owner
me_land_2974,RH2,0.7741148,0.4372252,me_rhun_region,9,0.1014318,no,southeastern Rhûn wain-kingdom beyond the Sea of Rhûn,accepted_frontier_polygon
me_land_2975,WILD,0.3262515,0.2852956,me_shire_breeland_region,1,,no,deliberately unclaimed,wild_buffer
me_land_2976,WILD,0.4551893,0.1988276,me_north_arnor_region,1,,no,deliberately unclaimed,wild_unclaimed
me_land_2977,LOS,0.1926740,0.0669272,me_forochel_region,1,0.2984156,no,Lossoth settlements around the Icebay,accepted_source_side_envelope
me_land_2978,WILD,0.7423687,0.5559355,me_mordor_region,8,,no,deliberately unclaimed,wild_unclaimed
me_land_2979,ANG,0.4319902,0.1343429,me_north_arnor_region,1,0.0337465,no,compact Mount Gram remnant with Carn Dum retained only as a forced fastness,accepted_frontier_polygon
me_land_2980,WILD,0.8166056,0.7039570,me_mordor_region,9,,no,deliberately unclaimed,wild_unclaimed
me_land_2981,IRO,0.6542125,0.1353200,me_rhun_region,1,0.0461772,no,Iron Hills source label and adjacent holds,accepted_source_side_envelope
me_land_2982,GON,0.5186813,0.6272594,me_belfalas_region,1,0.1200395,no,Gondor fiefs from Anfalas to the Anduin,accepted_source_side_envelope
me_land_2983,WILD,0.3987790,0.3566194,me_enedwaith_region,1,,no,deliberately unclaimed,wild_unclaimed
me_land_2984,GON,0.5582418,0.5915975,me_anorien_region,1,0.0444551,no,occupied-route: Stonewain Valley is the ancient Gondorian route to Minas Tirith through Drúadan.,accepted_required_frontier_owner
me_land_2985,WILD,0.7147741,0.4391793,me_rhun_region,9,,no,deliberately unclaimed,wild_buffer
me_land_2986,WILD,0.7118437,0.8690767,me_khand_region,10,,no,deliberately unclaimed,wild_unclaimed
me_land_2987,ROH,0.5091575,0.4709331,me_rohan_region,1,0.0705721,no,"The Mark between Isen, Anduin, and White Mountains",accepted_source_side_envelope
me_land_2988,KHA,0.7782662,0.7572057,me_khand_region,9,0.0498454,no,"Khand east and southeast of Mordor, excluding Far Harad",accepted_frontier_polygon
me_land_2989,UMB,0.5054945,0.8827553,me_umbar_region,9,0.0535537,no,Umbar coast and corsair hinterland,accepted_source_side_envelope
me_land_2990,RHU,0.7074481,0.2833415,me_rhun_region,9,0.1294705,no,western Rhûn polity north and east of Dorwinion,accepted_frontier_polygon
me_land_2991,KHA,0.7181929,0.8011724,me_khand_region,9,0.0970015,no,"Khand east and southeast of Mordor, excluding Far Harad",accepted_frontier_polygon
me_land_2992,SHI,0.3699634,0.2540303,me_shire_breeland_region,1,0.0535536,no,Shire bounds west of the Brandywine,accepted_source_side_envelope
me_land_2993,ROH,0.5536020,0.4772838,me_rohan_region,1,0.1256970,no,"The Mark between Isen, Anduin, and White Mountains",accepted_source_side_envelope
me_land_2994,MOR,0.6412698,0.7020029,me_mordor_region,8,0.1286124,no,Mordor inside the source-reviewed Ered Lithui and Ephel Duath enclosure,accepted_frontier_polygon
me_land_2995,UMB,0.5604396,0.8915486,me_near_harad_region,9,0.1107553,no,Umbar coast and corsair hinterland,accepted_source_side_envelope
me_land_2996,IRO,0.7050061,0.1651197,me_rhun_region,1,0.0615764,no,Iron Hills source label and adjacent holds,accepted_source_side_envelope
me_land_2997,WILD,0.6874237,0.0933073,me_northern_wastes_region,5,,no,deliberately unclaimed,wild_forodwaith
me_land_2998,WILD,0.3191697,0.1480215,me_north_arnor_region,1,,no,deliberately unclaimed,wild_unclaimed
me_land_2999,UMB,0.5032967,0.9032731,me_umbar_region,9,0.0347879,no,Umbar coast and corsair hinterland,accepted_source_side_envelope
me_land_3000,WILD,0.7882784,0.5583781,me_mordor_region,9,,no,deliberately unclaimed,wild_unclaimed
me_land_3001,KHA,0.7902320,0.7699072,me_khand_region,9,0.0768481,no,"Khand east and southeast of Mordor, excluding Far Harad",accepted_frontier_polygon
me_land_3002,WILD,0.6573871,0.0449438,me_northern_wastes_region,5,,no,deliberately unclaimed,wild_forodwaith
me_land_3003,GON,0.4529915,0.6189546,me_belfalas_region,1,0.2504702,no,Gondor fiefs from Anfalas to the Anduin,accepted_source_side_envelope
me_land_3004,GON,0.5499389,0.7298486,me_lebennin_region,9,0.1313097,no,Gondor fiefs from Anfalas to the Anduin,accepted_source_side_envelope
me_land_3005,WILD,0.6346764,0.1900342,me_rhun_region,1,,no,deliberately unclaimed,wild_unclaimed
me_land_3006,WILD,0.4527473,0.4948705,me_enedwaith_region,1,,no,deliberately unclaimed,wild_unclaimed
me_land_3007,MOR,0.6632479,0.6008793,me_mordor_region,8,0.0471482,no,Mordor inside the source-reviewed Ered Lithui and Ephel Duath enclosure,accepted_frontier_polygon
me_land_3008,WILD,0.3763126,0.1255496,me_north_arnor_region,1,,no,deliberately unclaimed,wild_unclaimed
me_land_3009,WILD,0.7689866,0.5696141,me_mordor_region,9,,no,deliberately unclaimed,wild_unclaimed
me_land_3010,UMB,0.4859585,0.9413776,me_umbar_region,1,0.0477146,no,Umbar coast and corsair hinterland,accepted_source_side_envelope
me_land_3011,MOR,0.7135531,0.6663410,me_mordor_region,8,0.1671497,no,Mordor inside the source-reviewed Ered Lithui and Ephel Duath enclosure,accepted_frontier_polygon
me_land_3012,WILD,0.6134310,0.4899853,me_brown_lands_region,9,,no,deliberately unclaimed,wild_unclaimed
me_land_3013,SHI,0.3472527,0.2545188,me_shire_breeland_region,1,0.0254047,no,Shire bounds west of the Brandywine,accepted_source_side_envelope
me_land_3014,WILD,0.8236874,0.1143136,me_northern_wastes_region,1,,no,deliberately unclaimed,wild_forodwaith
me_land_3015,WILD,0.5018315,0.0136786,me_northern_wastes_region,5,,no,deliberately unclaimed,wild_forodwaith
me_land_3016,WILD,0.5140415,0.3292623,me_anduin_vale_region,1,,no,deliberately unclaimed,wild_unclaimed
me_land_3017,RAN,0.4827839,0.2491451,me_north_arnor_region,1,0.0260247,no,The Angle and immediate Ranger refuge,accepted_source_side_envelope
me_land_3018,WILD,0.3282051,0.1934538,me_north_arnor_region,1,,no,deliberately unclaimed,wild_unclaimed
me_land_3019,WILD,0.6324786,0.3566194,me_mirkwood_region,9,,no,deliberately unclaimed,wild_unclaimed
me_land_3020,WILD,0.7452991,0.4802149,me_rhun_region,9,,no,deliberately unclaimed,wild_unclaimed
me_land_3021,RIV,0.4893773,0.1968735,me_north_arnor_region,1,0.0270701,no,Imladris hidden valley and immediate refuge,accepted_source_side_envelope
me_land_3022,DOR,0.6864469,0.3453835,me_rhun_region,9,0.0068586,no,Dorwinion around the northwest Sea of Rhûn,accepted_source_side_envelope
me_land_3023,WILD,0.6315018,0.4855887,me_brown_lands_region,9,,no,deliberately unclaimed,wild_unclaimed
me_land_3024,WILD,0.5460317,0.0405471,me_northern_wastes_region,5,,no,deliberately unclaimed,wild_forodwaith
me_land_3025,HFA,0.6793651,0.9926722,me_far_harad_region,10,0.1924533,no,represented northern fringe of Far Harad,accepted_frontier_polygon
me_land_3026,WILD,0.3328449,0.1675623,me_north_arnor_region,1,,no,deliberately unclaimed,wild_unclaimed
me_land_3027,RH2,0.7987790,0.3248657,me_rhun_region,9,0.0252527,no,southeastern Rhûn wain-kingdom beyond the Sea of Rhûn,accepted_frontier_polygon
me_land_3028,WILD,0.6476190,0.3786028,me_mirkwood_region,1,,no,deliberately unclaimed,wild_unclaimed
me_land_3029,HNE,0.6078144,0.8270640,me_near_harad_region,1,0.0706780,no,Harnendor between the Poros approaches and the Harnen,accepted_frontier_polygon
me_land_3030,WILD,0.4283272,0.3766488,me_enedwaith_region,1,,no,deliberately unclaimed,wild_unclaimed
me_land_3031,WILD,0.8222222,0.6702491,me_mordor_region,9,,no,deliberately unclaimed,wild_unclaimed
me_land_3032,GON,0.5152625,0.6238398,me_belfalas_region,1,0.1264348,no,Gondor fiefs from Anfalas to the Anduin,accepted_source_side_envelope
me_land_3033,WILD,0.4178266,0.2911578,me_north_arnor_region,1,,no,deliberately unclaimed,wild_unclaimed
me_land_3034,GON,0.5384615,0.6194431,me_anorien_region,1,0.0798297,no,Gondor fiefs from Anfalas to the Anduin,accepted_source_side_envelope
me_land_3035,WILD,0.8146520,0.0522716,me_northern_wastes_region,1,,no,deliberately unclaimed,wild_forodwaith
me_land_3036,WILD,0.7277167,0.0595994,me_northern_wastes_region,5,,no,deliberately unclaimed,wild_forodwaith
me_land_3037,RH2,0.7973138,0.3615046,me_rhun_region,9,0.0126972,no,southeastern Rhûn wain-kingdom beyond the Sea of Rhûn,accepted_frontier_polygon
me_land_3038,KHA,0.8039072,0.7918906,me_khand_region,9,0.1111567,no,"Khand east and southeast of Mordor, excluding Far Harad",accepted_frontier_polygon
me_land_3039,IRO,0.7003663,0.1441133,me_rhun_region,1,0.0535398,no,Iron Hills source label and adjacent holds,accepted_source_side_envelope
me_land_3040,DUN,0.4451770,0.4015633,me_enedwaith_region,1,0.0694974,no,"Dunland lowlands west of Isen and the Gap, south of Glanduin",accepted_frontier_polygon
me_land_3041,WILD,0.6043956,0.3063019,me_mirkwood_region,1,,no,deliberately unclaimed,wild_unclaimed
me_land_3042,UMB,0.4967033,0.9990230,me_umbar_region,9,0.0684431,no,Umbar coast and corsair hinterland,accepted_source_side_envelope
me_land_3043,GON,0.4036630,0.6448461,me_belfalas_region,1,0.3506189,no,Gondor fiefs from Anfalas to the Anduin,accepted_source_side_envelope
me_land_3044,WILD,0.4747253,0.4059599,me_enedwaith_region,1,,no,deliberately unclaimed,wild_unclaimed
me_land_3045,HFA,0.6378510,0.9633610,me_far_harad_region,10,0.1060322,no,represented northern fringe of Far Harad,accepted_frontier_polygon
me_land_3046,WILD,0.4227106,0.1900342,me_north_arnor_region,1,,no,deliberately unclaimed,wild_unclaimed
me_land_3047,WILD,0.7726496,0.9687347,me_far_harad_region,10,,no,deliberately unclaimed,wild_unclaimed
me_land_3048,WILD,0.3286935,0.1533952,me_north_arnor_region,1,,no,deliberately unclaimed,wild_unclaimed
me_land_3049,WILD,0.5680098,0.5412799,me_brown_lands_region,6,,no,deliberately unclaimed,wild_brown_lands
me_land_3050,MOR,0.6380952,0.5759648,me_mordor_region,1,0.0121636,no,Mordor inside the source-reviewed Ered Lithui and Ephel Duath enclosure,accepted_frontier_polygon
me_land_3051,RH2,0.7672772,0.3761602,me_rhun_region,9,0.0704804,no,southeastern Rhûn wain-kingdom beyond the Sea of Rhûn,accepted_frontier_polygon
me_land_3052,HRA,0.6559219,0.8417196,me_near_harad_region,9,0.0474940,no,"Qarsad's inland Near Harad sphere, separated from Harnendor and Khand",accepted_frontier_polygon
me_land_3053,WILD,0.7438339,0.9770396,me_far_harad_region,10,,no,deliberately unclaimed,wild_unclaimed
me_land_3054,WILD,0.6583639,0.4323400,me_rhun_region,9,,no,deliberately unclaimed,wild_buffer
me_land_3055,DUN,0.4415140,0.4474841,me_enedwaith_region,1,0.0265900,no,"Dunland lowlands west of Isen and the Gap, south of Glanduin",accepted_frontier_polygon
me_land_3056,RH2,0.7799756,0.4171959,me_rhun_region,9,0.0782253,no,southeastern Rhûn wain-kingdom beyond the Sea of Rhûn,accepted_frontier_polygon
me_land_3057,WILD,0.5059829,0.0024426,me_northern_wastes_region,5,,no,deliberately unclaimed,wild_forodwaith
me_land_3058,WOO,0.5892552,0.1792868,me_dale_region,3,0.0253582,no,Arda Maps Mirkwood polygon: northern/eastern Woodland Realm; Thranduil's northern and eastern Mirkwood; Woodland Realm in northern and northeastern Mirkwood,accepted_source_zone_overlap
me_land_3059,ROH,0.5279609,0.4709331,me_rohan_region,9,0.0892987,no,"The Mark between Isen, Anduin, and White Mountains",accepted_source_side_envelope
me_land_3060,WILD,0.6849817,0.4665364,me_rhun_region,9,,no,deliberately unclaimed,wild_unclaimed
me_land_3061,WILD,0.6884005,0.5129458,me_rhun_region,9,,no,deliberately unclaimed,wild_unclaimed
me_land_3062,RHU,0.7162393,0.1914998,me_rhun_region,1,0.1224056,no,western Rhûn polity north and east of Dorwinion,accepted_frontier_polygon
me_land_3063,RH2,0.8332112,0.4191500,me_rhun_region,9,0.0958836,no,southeastern Rhûn wain-kingdom beyond the Sea of Rhûn,accepted_frontier_polygon
me_land_3064,RH3,0.7843712,0.1524182,me_rhun_region,1,0.0856836,no,northeastern Rhûn confederation beyond the Iron Hills,accepted_frontier_polygon
me_land_3065,WILD,0.4344322,0.0703468,me_angmar_region,5,,no,deliberately unclaimed,wild_unclaimed
me_land_3066,WILD,0.7115995,0.9829018,me_far_harad_region,10,,no,deliberately unclaimed,wild_unclaimed
me_land_3067,ERE,0.6078144,0.1275037,me_dale_region,1,0.0191180,no,Lonely Mountain and its immediate source-centred approaches,accepted_frontier_polygon
me_land_3068,WILD,0.3526252,0.1504641,me_north_arnor_region,1,,no,deliberately unclaimed,wild_unclaimed
me_land_3069,RAN,0.4590965,0.2701514,me_north_arnor_region,1,0.0318074,no,The Angle and immediate Ranger refuge,accepted_source_side_envelope
me_land_3070,LIN,0.2476190,0.2056668,me_lindon_region,1,0.1247765,no,Lindon west of the Blue Mountains,accepted_source_side_envelope
me_land_3071,MOR,0.6854701,0.5442110,me_mordor_region,1,0.0878653,no,Mordor inside the source-reviewed Ered Lithui and Ephel Duath enclosure,accepted_frontier_polygon
me_land_3072,WILD,0.5719170,0.1152907,me_northern_wastes_region,3,,no,deliberately unclaimed,wild_forodwaith
me_land_3073,WILD,0.6910867,0.8500244,me_khand_region,10,,no,deliberately unclaimed,wild_unclaimed
me_land_3074,WILD,0.7765568,0.0068393,me_northern_wastes_region,1,,no,deliberately unclaimed,wild_forodwaith
me_land_3075,RH3,0.8090354,0.1358085,me_rhun_region,1,0.0678339,no,northeastern Rhûn confederation beyond the Iron Hills,accepted_frontier_polygon
me_land_3076,WILD,0.8129426,0.5315095,me_mordor_region,9,,no,deliberately unclaimed,wild_unclaimed
me_land_3077,HFA,0.5619048,0.9755740,me_far_harad_region,10,0.0505653,no,represented northern fringe of Far Harad,accepted_frontier_polygon
me_land_3078,WILD,0.4412698,0.2554958,me_north_arnor_region,1,,no,deliberately unclaimed,wild_buffer
me_land_3079,BLU,0.3001221,0.1612115,me_lindon_region,1,0.0235973,no,Surviving Ered Luin halls,accepted_source_side_envelope
me_land_3080,HNE,0.6029304,0.7777235,me_near_harad_region,1,0.0735470,no,Harnendor between the Poros approaches and the Harnen,accepted_frontier_polygon
me_land_3081,BEO,0.5472527,0.2393747,me_mirkwood_region,1,0.0565200,no,Beorning crossings and upper Anduin vales,accepted_source_side_envelope
me_land_3082,WILD,0.6051282,0.5608207,me_ithilien_region,1,,no,deliberately unclaimed,wild_ithilien
me_land_3083,GON,0.4234432,0.6565706,me_belfalas_region,1,0.3127440,no,Gondor fiefs from Anfalas to the Anduin,accepted_source_side_envelope
me_land_3084,RHU,0.7326007,0.3019052,me_rhun_region,1,0.0910438,no,western Rhûn polity north and east of Dorwinion,accepted_frontier_polygon
me_land_3085,KHA,0.7960928,0.7977528,me_khand_region,9,0.1010698,no,"Khand east and southeast of Mordor, excluding Far Harad",accepted_frontier_polygon
me_land_3086,WILD,0.3892552,0.5510503,me_enedwaith_region,1,,no,deliberately unclaimed,wild_unclaimed
me_land_3087,GON,0.6224664,0.7010259,me_south_gondor_region,9,0.1260986,no,Gondor fiefs from Anfalas to the Anduin,accepted_source_side_envelope
me_land_3088,GON,0.3951160,0.6472887,me_belfalas_region,1,0.3678690,no,Gondor fiefs from Anfalas to the Anduin,accepted_source_side_envelope
me_land_3089,LOS,0.2608059,0.0713239,me_forochel_region,5,0.1622542,no,Lossoth settlements around the Icebay,accepted_source_side_envelope
me_land_3090,WILD,0.7567766,0.4816805,me_rhun_region,9,,no,deliberately unclaimed,wild_unclaimed
me_land_3091,LOS,0.3133089,0.1182218,me_forochel_region,1,0.0777742,no,Lossoth settlements around the Icebay,accepted_source_side_envelope
me_land_3092,KHA,0.7047619,0.7440156,me_khand_region,9,0.1009910,no,"Khand east and southeast of Mordor, excluding Far Harad",accepted_frontier_polygon
me_land_3093,WILD,0.3985348,0.2926234,me_shire_breeland_region,1,,no,deliberately unclaimed,wild_unclaimed
me_land_3094,ROH,0.5118437,0.5114802,me_rohan_region,1,0.0376203,no,"The Mark between Isen, Anduin, and White Mountains",accepted_source_side_envelope
me_land_3095,WILD,0.6483516,0.0776746,me_northern_wastes_region,5,,no,deliberately unclaimed,wild_forodwaith
me_land_3096,WDM,0.5714286,0.3307279,me_mirkwood_region,3,0.0360527,no,Arda Maps Mirkwood polygon: western Woodmen settlements; Woodmen settlements in western Mirkwood; Woodmen clearings along western and central Mirkwood,accepted_source_zone_overlap
me_land_3097,RAN,0.4747253,0.2999511,me_north_arnor_region,1,0.0299562,no,The Angle and immediate Ranger refuge,accepted_source_side_envelope
me_land_3098,HNE,0.6261294,0.7830972,me_near_harad_region,9,0.0274516,no,Harnendor between the Poros approaches and the Harnen,accepted_frontier_polygon
me_land_3099,KHA,0.7147741,0.7933561,me_khand_region,9,0.0977132,no,"Khand east and southeast of Mordor, excluding Far Harad",accepted_frontier_polygon
me_land_3100,WILD,0.4698413,0.1358085,me_north_arnor_region,1,,no,deliberately unclaimed,wild_unclaimed
me_land_3101,WILD,0.6852259,0.5046409,me_rhun_region,9,,no,deliberately unclaimed,wild_unclaimed
me_land_3102,WILD,0.4722833,0.1504641,me_north_arnor_region,1,,no,deliberately unclaimed,wild_unclaimed
me_land_3103,WILD,0.7221001,0.4494382,me_rhun_region,9,,no,deliberately unclaimed,wild_unclaimed
me_land_3104,WILD,0.7824176,0.4631168,me_rhun_region,9,,no,deliberately unclaimed,wild_unclaimed
me_land_3105,DAM,0.5108669,0.7205667,me_belfalas_region,1,0.0645939,no,Dol Amroth and Belfalas peninsula,accepted_source_side_envelope
me_land_3106,GON,0.5575092,0.5852467,me_anorien_region,1,0.0488438,no,beacon: Erelas is a maintained Gondorian warning beacon.,accepted_required_frontier_owner
me_land_3107,WILD,0.5284493,0.4215926,me_anduin_vale_region,9,,no,deliberately unclaimed,wild_unclaimed
me_land_3108,WILD,0.3304029,0.3131412,me_enedwaith_region,1,,no,deliberately unclaimed,wild_unclaimed
me_land_3109,WILD,0.8190476,0.4826575,me_rhun_region,9,,no,deliberately unclaimed,wild_unclaimed
me_land_3110,HNE,0.6534799,0.7684416,me_near_harad_region,9,0.0383839,no,Harnendor between the Poros approaches and the Harnen,accepted_frontier_polygon
me_land_3111,BRE,0.4014652,0.2520762,me_shire_breeland_region,1,0.0202277,no,Bree-land's four-village crossroads,accepted_source_side_envelope
me_land_3112,UMB,0.5313797,0.9912066,me_umbar_region,9,0.0705335,no,Umbar coast and corsair hinterland,accepted_source_side_envelope
me_land_3113,GON,0.4488400,0.5603322,me_belfalas_region,1,0.2636289,no,Gondor fiefs from Anfalas to the Anduin,accepted_source_side_envelope
me_land_3114,WILD,0.7135531,0.5056180,me_rhun_region,9,,no,deliberately unclaimed,wild_unclaimed
me_land_3115,BEO,0.5228327,0.1875916,me_anduin_vale_region,1,0.0180213,no,Beorning crossings and upper Anduin vales,accepted_source_side_envelope
me_land_3116,HRA,0.6859585,0.8451392,me_near_harad_region,10,0.0331423,no,"Qarsad's inland Near Harad sphere, separated from Harnendor and Khand",accepted_frontier_polygon
me_land_3117,WILD,0.6021978,0.3966781,me_brown_lands_region,9,,no,deliberately unclaimed,wild_unclaimed
me_land_3118,MOR,0.6241758,0.6726917,me_mordor_region,8,0.1068507,no,Mordor inside the source-reviewed Ered Lithui and Ephel Duath enclosure,accepted_frontier_polygon
me_land_3119,GON,0.5592186,0.6653639,me_lebennin_region,1,0.0660278,no,Gondor fiefs from Anfalas to the Anduin,accepted_source_side_envelope
me_land_3120,MOR,0.6727717,0.7156815,me_mordor_region,8,0.1533353,no,Mordor inside the source-reviewed Ered Lithui and Ephel Duath enclosure,accepted_frontier_polygon
me_land_3121,WILD,0.7367521,0.8456277,me_khand_region,10,,no,deliberately unclaimed,wild_unclaimed
me_land_3122,WILD,0.4576313,0.3986321,me_enedwaith_region,1,,no,deliberately unclaimed,wild_unclaimed
me_land_3123,UMB,0.5587302,0.8998534,me_umbar_region,9,0.1044991,no,Umbar coast and corsair hinterland,accepted_source_side_envelope
me_land_3124,WILD,0.7101343,0.0000000,me_northern_wastes_region,1,,no,deliberately unclaimed,wild_forodwaith
me_land_3125,WILD,0.3584860,0.4025403,me_enedwaith_region,1,,no,deliberately unclaimed,wild_enedwaith
me_land_3126,WOO,0.5789988,0.1758671,me_dale_region,3,0.0189592,no,Arda Maps Mirkwood polygon: northern/eastern Woodland Realm; Thranduil's northern and eastern Mirkwood; Woodland Realm in northern and northeastern Mirkwood,accepted_source_zone_overlap
me_land_3127,DOL,0.5892552,0.3429409,me_mirkwood_region,3,0.0668711,no,Arda Maps Mirkwood polygon: southern Dol Guldur shadow; Dol Guldur's southern Mirkwood shadow; Dol Guldur's southern Mirkwood shadow,accepted_source_zone_overlap
me_land_3128,HFA,0.5619048,0.9907181,me_far_harad_region,10,0.0583896,no,represented northern fringe of Far Harad,accepted_frontier_polygon
me_land_3129,MOR,0.6671551,0.6194431,me_mordor_region,9,0.0651518,no,Mordor inside the source-reviewed Ered Lithui and Ephel Duath enclosure,accepted_frontier_polygon
me_land_3130,WILD,0.7406593,0.6946751,me_mordor_region,9,,no,deliberately unclaimed,wild_unclaimed
me_land_3131,DOR,0.6700855,0.3439179,me_rhun_region,9,0.0300495,no,Dorwinion around the northwest Sea of Rhûn,accepted_source_side_envelope
me_land_3132,WILD,0.7897436,0.9379580,me_far_harad_region,10,,no,deliberately unclaimed,wild_unclaimed
me_land_3133,HNE,0.5892552,0.7894480,me_near_harad_region,9,0.0992993,no,Harnendor between the Poros approaches and the Harnen,accepted_frontier_polygon
me_land_3134,GON,0.6859585,0.7493894,me_south_gondor_region,9,0.2560174,no,Gondor fiefs from Anfalas to the Anduin,accepted_source_side_envelope
me_land_3135,GON,0.6180708,0.7508549,me_south_gondor_region,1,0.1607658,no,Gondor fiefs from Anfalas to the Anduin,accepted_source_side_envelope
me_land_3136,WILD,0.5345543,0.3693210,me_anduin_vale_region,1,,no,deliberately unclaimed,wild_unclaimed
me_land_3137,WILD,0.4761905,0.2154372,me_north_arnor_region,1,,no,deliberately unclaimed,wild_buffer
me_land_3138,WILD,0.6327228,0.3820225,me_brown_lands_region,9,,no,deliberately unclaimed,wild_unclaimed
me_land_3139,ISE,0.4512821,0.4621397,me_enedwaith_region,1,0.0305279,no,compact Nan Curunir vale north of the Fords of Isen,accepted_frontier_polygon
me_land_3140,WILD,0.6073260,0.0029311,me_northern_wastes_region,5,,no,deliberately unclaimed,wild_forodwaith
me_land_3141,FAN,0.5103785,0.4294089,me_anduin_vale_region,3,0.0549575,no,Arda Maps Fangorn physical woodland polygon; Fangorn source forest and Entwash headwaters,accepted_source_zone_overlap
me_land_3142,WILD,0.7941392,0.5359062,me_mordor_region,9,,no,deliberately unclaimed,wild_unclaimed
me_land_3143,WILD,0.8349206,0.5798730,me_mordor_region,9,,no,deliberately unclaimed,wild_unclaimed
me_land_3144,WILD,0.3362637,0.3937469,me_enedwaith_region,1,,no,deliberately unclaimed,wild_enedwaith
me_land_3145,ROH,0.5140415,0.4665364,me_rohan_region,1,0.0780890,no,"The Mark between Isen, Anduin, and White Mountains",accepted_source_side_envelope
me_land_3146,WILD,0.3721612,0.4904739,me_enedwaith_region,1,,no,deliberately unclaimed,wild_enedwaith
me_land_3147,BEO,0.5443223,0.1695164,me_anduin_vale_region,3,0.0343750,no,Beorning crossings and upper Anduin vales,accepted_source_side_envelope
me_land_3148,DOL,0.5492063,0.3805569,me_anduin_vale_region,9,0.0319205,no,Arda Maps Mirkwood polygon: southern Dol Guldur shadow; Dol Guldur's southern Mirkwood shadow; Dol Guldur's southern Mirkwood shadow,accepted_source_zone_overlap
me_land_3149,BLU,0.3064713,0.1719590,me_lindon_region,1,0.0302443,no,Surviving Ered Luin halls,accepted_source_side_envelope
me_land_3150,WILD,0.3885226,0.5276014,me_enedwaith_region,1,,no,deliberately unclaimed,wild_enedwaith
me_land_3151,RH3,0.8190476,0.1333659,me_rhun_region,1,0.0666613,no,northeastern Rhûn confederation beyond the Iron Hills,accepted_frontier_polygon
me_land_3152,HNE,0.5860806,0.8275525,me_near_harad_region,1,0.1109826,no,Harnendor between the Poros approaches and the Harnen,accepted_frontier_polygon
me_land_3153,HRA,0.6820513,0.9267220,me_far_harad_region,10,0.0584489,no,"Qarsad's inland Near Harad sphere, separated from Harnendor and Khand",accepted_frontier_polygon
me_land_3154,ROH,0.5396825,0.5495848,me_rohan_region,1,0.0828224,no,"The Mark between Isen, Anduin, and White Mountains",accepted_source_side_envelope
me_land_3155,UMB,0.5296703,0.8490474,me_near_harad_region,9,0.0954270,no,Umbar coast and corsair hinterland,accepted_source_side_envelope
me_land_3156,GON,0.4529915,0.5725452,me_belfalas_region,1,0.2533344,no,Gondor fiefs from Anfalas to the Anduin,accepted_source_side_envelope
me_land_3157,WILD,0.6202686,0.5114802,me_brown_lands_region,9,,no,deliberately unclaimed,wild_unclaimed
me_land_3158,MOA,0.4879121,0.3150953,me_anduin_vale_region,1,0.0208276,no,Moria and immediate Dimrill/Sirannon approaches,accepted_source_side_envelope
me_land_3159,HRA,0.6490842,0.8539326,me_near_harad_region,10,0.0542648,no,"Qarsad's inland Near Harad sphere, separated from Harnendor and Khand",accepted_frontier_polygon
me_land_3160,ROH,0.5623932,0.5227162,me_rohan_region,1,0.1284223,no,boundary-west-bank: Rauros resolves to the Rohan side of the source-pinned Anduin frontier.,accepted_required_frontier_owner
me_land_3161,WILD,0.7880342,0.5759648,me_mordor_region,9,,no,deliberately unclaimed,wild_unclaimed
me_land_3162,WILD,0.4930403,0.0444553,me_northern_wastes_region,5,,no,deliberately unclaimed,wild_forodwaith
me_land_3163,WILD,0.7702076,0.0576453,me_northern_wastes_region,1,,no,deliberately unclaimed,wild_forodwaith
me_land_3164,HNE,0.5672772,0.7850513,me_near_harad_region,9,0.1434185,no,Harnendor between the Poros approaches and the Harnen,accepted_frontier_polygon
me_land_3165,WILD,0.6068376,0.4377137,me_brown_lands_region,9,,no,deliberately unclaimed,wild_unclaimed
me_land_3166,GON,0.4261294,0.6238398,me_belfalas_region,1,0.3043358,no,Gondor fiefs from Anfalas to the Anduin,accepted_source_side_envelope
me_land_3167,KHA,0.8236874,0.7694187,me_khand_region,9,0.1404764,no,"Khand east and southeast of Mordor, excluding Far Harad",accepted_frontier_polygon
me_land_3168,WILD,0.5892552,0.4728872,me_brown_lands_region,9,,no,deliberately unclaimed,wild_unclaimed
me_land_3169,RH3,0.8131868,0.2652662,me_rhun_region,9,0.0666735,no,northeastern Rhûn confederation beyond the Iron Hills,accepted_frontier_polygon
me_land_3170,UMB,0.4522589,0.9755740,me_umbar_region,1,0.1215121,no,Umbar coast and corsair hinterland,accepted_source_side_envelope
me_land_3171,WILD,0.6078144,0.5466536,me_brown_lands_region,1,,no,deliberately unclaimed,wild_unclaimed
me_land_3172,RH3,0.8019536,0.1709819,me_rhun_region,1,0.0463113,no,northeastern Rhûn confederation beyond the Iron Hills,accepted_frontier_polygon
me_land_3173,WOO,0.5780220,0.1431363,me_dale_region,3,0.0172243,no,Arda Maps Mirkwood polygon: northern/eastern Woodland Realm; Thranduil's northern and eastern Mirkwood; Woodland Realm in northern and northeastern Mirkwood,accepted_source_zone_overlap
me_land_3174,UMB,0.5511600,0.9120664,me_umbar_region,9,0.0863194,no,Umbar coast and corsair hinterland,accepted_source_side_envelope
me_land_3175,WILD,0.4017094,0.0039082,me_angmar_region,5,,no,deliberately unclaimed,wild_unclaimed
me_land_3176,DAL,0.6188034,0.2159257,me_dale_region,1,0.0751717,no,Dale and the upper Celduin plain,accepted_source_side_envelope
me_land_3177,KHA,0.6957265,0.7484123,me_khand_region,9,0.1193256,no,"Khand east and southeast of Mordor, excluding Far Harad",accepted_frontier_polygon
me_land_3178,BEO,0.5384615,0.2349780,me_anduin_vale_region,1,0.0447569,no,Beorning crossings and upper Anduin vales,accepted_source_side_envelope
me_land_3179,UMB,0.5628816,0.9062042,me_near_harad_region,9,0.1104749,no,Umbar coast and corsair hinterland,accepted_source_side_envelope
me_land_3180,WILD,0.3474969,0.3600391,me_enedwaith_region,1,,no,deliberately unclaimed,wild_enedwaith
me_land_3181,WILD,0.3736264,0.3116756,me_enedwaith_region,1,,no,deliberately unclaimed,wild_unclaimed
me_land_3182,LOS,0.1987790,0.0586224,me_forochel_region,1,0.2862837,no,Lossoth settlements around the Icebay,accepted_source_side_envelope
me_land_3183,KHA,0.8266178,0.7992184,me_khand_region,9,0.1552713,no,"Khand east and southeast of Mordor, excluding Far Harad",accepted_frontier_polygon
me_land_3184,MOR,0.6415140,0.5578896,me_mordor_region,1,0.0164254,no,Mordor inside the source-reviewed Ered Lithui and Ephel Duath enclosure,accepted_frontier_polygon
me_land_3185,KHA,0.7726496,0.7889595,me_khand_region,10,0.0614359,no,"Khand east and southeast of Mordor, excluding Far Harad",accepted_frontier_polygon
me_land_3186,WILD,0.3643468,0.4318515,me_enedwaith_region,1,,no,deliberately unclaimed,wild_enedwaith
me_land_3187,WILD,0.5995116,0.5412799,me_brown_lands_region,1,,no,deliberately unclaimed,wild_unclaimed
me_land_3188,HFA,0.6627595,0.9628725,me_far_harad_region,10,0.1557181,no,represented northern fringe of Far Harad,accepted_frontier_polygon
me_land_3189,GON,0.6307692,0.7459697,me_south_gondor_region,1,0.1708934,no,Gondor fiefs from Anfalas to the Anduin,accepted_source_side_envelope
me_land_3190,GON,0.5374847,0.5652174,me_anorien_region,1,0.0935080,no,Gondor fiefs from Anfalas to the Anduin,accepted_source_side_envelope
me_land_3191,LIN,0.3047619,0.3654128,me_lindon_region,1,0.1395051,no,Lindon west of the Blue Mountains,accepted_source_side_envelope
me_land_3192,GON,0.4603175,0.6028334,me_belfalas_region,1,0.2358530,no,Gondor fiefs from Anfalas to the Anduin,accepted_source_side_envelope
me_land_3193,UMB,0.4698413,0.9589643,me_umbar_region,9,0.0829459,no,Umbar coast and corsair hinterland,accepted_source_side_envelope
me_land_3194,ROH,0.5516484,0.4557890,me_rohan_region,9,0.1343195,no,"The Mark between Isen, Anduin, and White Mountains",accepted_source_side_envelope
me_land_3195,WILD,0.7738706,0.9892526,me_far_harad_region,10,,no,deliberately unclaimed,wild_unclaimed
me_land_3196,MOR,0.6310134,0.5564240,me_mordor_region,1,0.0311766,no,Mordor inside the source-reviewed Ered Lithui and Ephel Duath enclosure,accepted_frontier_polygon
me_land_3197,WILD,0.3746032,0.3238886,me_enedwaith_region,1,,no,deliberately unclaimed,wild_unclaimed
me_land_3198,RHU,0.7323565,0.2379091,me_rhun_region,9,0.0762516,no,western Rhûn polity north and east of Dorwinion,accepted_frontier_polygon
me_land_3199,HRA,0.6964591,0.8827553,me_near_harad_region,10,0.0447735,no,"Qarsad's inland Near Harad sphere, separated from Harnendor and Khand",accepted_frontier_polygon
me_land_3200,GON,0.3848596,0.6052760,me_belfalas_region,1,0.3866637,no,Gondor fiefs from Anfalas to the Anduin,accepted_source_side_envelope
me_land_3201,HNE,0.6827839,0.8021495,me_near_harad_region,9,0.0882759,no,Harnendor between the Poros approaches and the Harnen,accepted_frontier_polygon
me_land_3202,UMB,0.5594628,0.8558867,me_near_harad_region,9,0.1276391,no,Umbar coast and corsair hinterland,accepted_source_side_envelope
me_land_3203,BEO,0.5340659,0.2623351,me_anduin_vale_region,1,0.0700875,no,Beorning crossings and upper Anduin vales,accepted_source_side_envelope
me_land_3204,KHA,0.8324786,0.7816317,me_khand_region,9,0.1605212,no,"Khand east and southeast of Mordor, excluding Far Harad",accepted_frontier_polygon
me_land_3205,MOA,0.4993895,0.3512457,me_anduin_vale_region,1,0.0245067,no,Moria and immediate Dimrill/Sirannon approaches,accepted_source_side_envelope
me_land_3206,RH3,0.7921856,0.2100635,me_rhun_region,9,0.0565318,no,northeastern Rhûn confederation beyond the Iron Hills,accepted_frontier_polygon
me_land_3207,MOR,0.7025641,0.5359062,me_mordor_region,1,0.1229178,no,Mordor inside the source-reviewed Ered Lithui and Ephel Duath enclosure,accepted_frontier_polygon
me_land_3208,WILD,0.4095238,0.3370787,me_enedwaith_region,1,,no,deliberately unclaimed,wild_unclaimed
me_land_3209,WILD,0.6285714,0.2418173,me_mirkwood_region,1,,no,deliberately unclaimed,wild_unclaimed
me_land_3210,HFA,0.6652015,0.9946263,me_far_harad_region,10,0.1652251,no,represented northern fringe of Far Harad,accepted_frontier_polygon
me_land_3211,WILD,0.7323565,0.9535906,me_far_harad_region,10,,no,deliberately unclaimed,wild_unclaimed
me_land_3212,RH2,0.8146520,0.4298974,me_rhun_region,9,0.0851018,no,southeastern Rhûn wain-kingdom beyond the Sea of Rhûn,accepted_frontier_polygon
me_land_3213,UMB,0.5509158,0.8475818,me_near_harad_region,9,0.1207127,no,Umbar coast and corsair hinterland,accepted_source_side_envelope
me_land_3214,BLU,0.3091575,0.1714704,me_lindon_region,1,0.0356181,no,Surviving Ered Luin halls,accepted_source_side_envelope
me_land_3215,WILD,0.7067155,0.8519785,me_khand_region,10,,no,deliberately unclaimed,wild_unclaimed
me_land_3216,UMB,0.5299145,0.9101124,me_umbar_region,9,0.0479204,no,Umbar coast and corsair hinterland,accepted_source_side_envelope
me_land_3217,WILD,0.6637363,0.2667318,me_rhun_region,1,,no,deliberately unclaimed,wild_unclaimed
me_land_3218,WILD,0.3174603,0.2291158,me_shire_breeland_region,1,,no,deliberately unclaimed,wild_buffer
me_land_3219,WILD,0.5550672,0.4049829,me_brown_lands_region,9,,no,deliberately unclaimed,wild_unclaimed
me_land_3220,RHO,0.5665446,0.2789448,me_mirkwood_region,3,0.0054794,yes,realm-seat: Rhosgobel is Radagast's occupied refuge and the realm seat.,accepted_required_frontier_owner
me_land_3221,WILD,0.6146520,0.2222765,me_mirkwood_region,1,,no,deliberately unclaimed,wild_unclaimed
me_land_3222,ROH,0.5211233,0.5017098,me_rohan_region,1,0.0579514,no,"The Mark between Isen, Anduin, and White Mountains",accepted_source_side_envelope
me_land_3223,WILD,0.4263736,0.2379091,me_north_arnor_region,1,,no,deliberately unclaimed,wild_unclaimed
me_land_3224,WILD,0.8432234,0.9408891,me_far_harad_region,10,,no,deliberately unclaimed,wild_unclaimed
me_land_3225,WILD,0.6036630,0.4767953,me_brown_lands_region,9,,no,deliberately unclaimed,wild_unclaimed
me_land_3226,WILD,0.7694750,0.0371275,me_northern_wastes_region,1,,no,deliberately unclaimed,wild_forodwaith
me_land_3227,WILD,0.5518926,0.4220811,me_brown_lands_region,1,,no,deliberately unclaimed,wild_unclaimed
me_land_3228,WILD,0.7155067,0.5412799,me_mordor_region,1,,no,deliberately unclaimed,wild_unclaimed
me_land_3229,WOO,0.5975580,0.2706400,me_mirkwood_region,3,0.1166152,no,Arda Maps Mirkwood polygon: northern/eastern Woodland Realm; Thranduil's northern and eastern Mirkwood; Woodland Realm in northern and northeastern Mirkwood,accepted_source_zone_overlap
me_land_3230,WILD,0.8356532,0.9741085,me_far_harad_region,10,,no,deliberately unclaimed,wild_unclaimed
me_land_3231,WILD,0.5133089,0.0034196,me_northern_wastes_region,5,,no,deliberately unclaimed,wild_forodwaith
me_land_3232,WILD,0.4180708,0.4509038,me_enedwaith_region,1,,no,deliberately unclaimed,wild_enedwaith
me_land_3233,WILD,0.4507937,0.0395701,me_angmar_region,5,,no,deliberately unclaimed,wild_unclaimed
me_land_3234,WILD,0.4456654,0.5334636,me_enedwaith_region,1,,no,deliberately unclaimed,wild_unclaimed
me_land_3235,WILD,0.3482295,0.4430874,me_enedwaith_region,1,,no,deliberately unclaimed,wild_enedwaith
me_land_3236,GON,0.5367521,0.6003908,me_anorien_region,1,0.0835465,no,Gondor fiefs from Anfalas to the Anduin,accepted_source_side_envelope
me_land_3237,MOR,0.6485958,0.6712262,me_mordor_region,8,0.0981369,no,Mordor inside the source-reviewed Ered Lithui and Ephel Duath enclosure,accepted_frontier_polygon
me_land_3238,GOB,0.5032967,0.1626771,me_anduin_vale_region,1,0.0317637,no,Goblin-town and High Pass under the Misty Mountains,accepted_source_side_envelope
me_land_3239,DOL,0.5589744,0.3746947,me_mirkwood_region,3,0.0236185,no,Arda Maps Mirkwood polygon: southern Dol Guldur shadow; Dol Guldur's southern Mirkwood shadow; Dol Guldur's southern Mirkwood shadow,accepted_source_zone_overlap
me_land_3240,BEO,0.5291819,0.2564729,me_anduin_vale_region,1,0.0642082,no,Beorning crossings and upper Anduin vales,accepted_source_side_envelope
me_land_3241,WILD,0.6070818,0.2838300,me_mirkwood_region,1,,no,deliberately unclaimed,wild_unclaimed
me_land_3242,WILD,0.3636142,0.1949194,me_north_arnor_region,1,,no,deliberately unclaimed,wild_unclaimed
me_land_3243,WILD,0.3728938,0.2789448,me_shire_breeland_region,1,,no,deliberately unclaimed,wild_buffer
me_land_3244,GON,0.4227106,0.5808500,me_belfalas_region,1,0.3124019,no,Gondor fiefs from Anfalas to the Anduin,accepted_source_side_envelope
me_land_3245,WILD,0.5897436,0.4640938,me_brown_lands_region,9,,no,deliberately unclaimed,wild_unclaimed
me_land_3246,WILD,0.3975580,0.2999511,me_enedwaith_region,1,,no,deliberately unclaimed,wild_unclaimed
me_land_3247,LIN,0.2595849,0.1783097,me_lindon_region,1,0.1101001,no,Lindon west of the Blue Mountains,accepted_source_side_envelope
me_land_3248,HRA,0.6769231,0.9228139,me_far_harad_region,10,0.0529537,no,"Qarsad's inland Near Harad sphere, separated from Harnendor and Khand",accepted_frontier_polygon
me_land_3249,MOR,0.6644689,0.5564240,me_mordor_region,1,0.0442646,no,Mordor inside the source-reviewed Ered Lithui and Ephel Duath enclosure,accepted_frontier_polygon
me_land_3250,HFA,0.5650794,0.9130435,me_far_harad_region,9,0.0578591,no,represented northern fringe of Far Harad,accepted_frontier_polygon
me_land_3251,WILD,0.5631258,0.1387396,me_grey_mountains_region,3,,no,deliberately unclaimed,wild_unclaimed
me_land_3252,HRA,0.6451770,0.9345383,me_far_harad_region,10,0.0878797,no,"Qarsad's inland Near Harad sphere, separated from Harnendor and Khand",accepted_frontier_polygon
me_land_3253,BEO,0.5267399,0.2427943,me_anduin_vale_region,1,0.0512567,no,Beorning crossings and upper Anduin vales,accepted_source_side_envelope
me_land_3254,LIN,0.3113553,0.2340010,me_lindon_region,1,0.0089667,no,Lindon west of the Blue Mountains,accepted_source_side_envelope
me_land_3255,WILD,0.5379731,0.0058622,me_northern_wastes_region,5,,no,deliberately unclaimed,wild_forodwaith
me_land_3256,WILD,0.5738706,0.5007328,me_brown_lands_region,1,,no,desolate-borderland: The Dead Marshes lie outside settled control after the Last Alliance.,accepted_required_frontier_owner
me_land_3257,DAM,0.5216117,0.6951637,me_belfalas_region,1,0.0687608,no,Dol Amroth and Belfalas peninsula,accepted_source_side_envelope
me_land_3258,DOR,0.6947497,0.3072789,me_rhun_region,9,0.0483684,no,Dorwinion around the northwest Sea of Rhûn,accepted_source_side_envelope
me_land_3259,MOR,0.6881563,0.7015144,me_mordor_region,8,0.1554530,no,Mordor inside the source-reviewed Ered Lithui and Ephel Duath enclosure,accepted_frontier_polygon
me_land_3260,MOR,0.6442002,0.5979482,me_mordor_region,8,0.0244390,no,occupied-interior: The Plateau of Gorgoroth is central Mordor.,accepted_required_frontier_owner
me_land_3261,WILD,0.7413919,0.5422570,me_mordor_region,8,,no,deliberately unclaimed,wild_unclaimed
me_land_3262,WILD,0.5855922,0.3834880,me_brown_lands_region,9,,no,deliberately unclaimed,wild_unclaimed
me_land_3263,WILD,0.3660562,0.3556424,me_enedwaith_region,1,,no,deliberately unclaimed,wild_unclaimed
me_land_3264,MOR,0.6268620,0.5261358,me_mordor_region,9,0.0585354,no,Mordor inside the source-reviewed Ered Lithui and Ephel Duath enclosure,accepted_frontier_polygon
me_land_3265,WILD,0.4678877,0.4504152,me_rohan_region,1,,no,unsettled-height: Methedras stands above Nan Curunír and is not a settled Isengard holding.,accepted_required_frontier_owner
me_land_3266,MOR,0.6510379,0.6116268,me_mordor_region,8,0.0405958,no,Mordor inside the source-reviewed Ered Lithui and Ephel Duath enclosure,accepted_frontier_polygon
me_land_3267,MOR,0.7111111,0.6023449,me_mordor_region,8,0.1371827,no,Mordor inside the source-reviewed Ered Lithui and Ephel Duath enclosure,accepted_frontier_polygon
me_land_3268,GON,0.5592186,0.6311676,me_lebennin_region,1,0.0427926,no,Gondor fiefs from Anfalas to the Anduin,accepted_source_side_envelope
me_land_3269,HRA,0.6788767,0.8764045,me_near_harad_region,10,0.0100564,yes,realm-seat: Qarsad is the explicitly invented southern Harad realm seat.,accepted_required_frontier_owner
me_land_3270,WILD,0.5797314,0.4680020,me_brown_lands_region,9,,no,deliberately unclaimed,wild_unclaimed
me_land_3271,HNE,0.5851038,0.7787005,me_near_harad_region,9,0.1085164,no,Harnendor between the Poros approaches and the Harnen,accepted_frontier_polygon
me_land_3272,DUN,0.4354090,0.4943820,me_enedwaith_region,1,0.0295060,no,"Dunland lowlands west of Isen and the Gap, south of Glanduin",accepted_frontier_polygon
me_land_3273,KHA,0.7934066,0.7762579,me_khand_region,9,0.0853015,no,"Khand east and southeast of Mordor, excluding Far Harad",accepted_frontier_polygon
me_land_3274,WILD,0.8007326,0.1006351,me_northern_wastes_region,1,,no,deliberately unclaimed,wild_forodwaith
me_land_3275,LOS,0.3538462,0.1074744,me_forochel_region,5,0.0483507,no,Lossoth settlements around the Icebay,accepted_source_side_envelope
me_land_3276,GON,0.5670330,0.6658525,me_lebennin_region,1,0.0589268,no,Gondor fiefs from Anfalas to the Anduin,accepted_source_side_envelope
me_land_3277,HFA,0.5851038,0.9931607,me_far_harad_region,10,0.0381613,no,represented northern fringe of Far Harad,accepted_frontier_polygon
me_land_3278,WILD,0.7306471,0.6678065,me_mordor_region,8,,no,deliberately unclaimed,wild_unclaimed
me_land_3279,WILD,0.8410256,0.6648754,me_mordor_region,9,,no,deliberately unclaimed,wild_unclaimed
me_land_3280,WILD,0.7899878,0.5202736,me_mordor_region,9,,no,deliberately unclaimed,wild_unclaimed
me_land_3281,UMB,0.5394383,0.8392770,me_near_harad_region,9,0.1133176,no,Umbar coast and corsair hinterland,accepted_source_side_envelope
me_land_3282,WILD,0.7211233,0.4303859,me_rhun_region,9,,no,deliberately unclaimed,wild_buffer
me_land_3283,WILD,0.6258852,0.5007328,me_brown_lands_region,9,,no,deliberately unclaimed,wild_unclaimed
me_land_3284,WILD,0.3489621,0.4284319,me_enedwaith_region,1,,no,deliberately unclaimed,wild_enedwaith
me_land_3285,MOR,0.6818071,0.7103078,me_mordor_region,8,0.1562534,no,Mordor inside the source-reviewed Ered Lithui and Ephel Duath enclosure,accepted_frontier_polygon
me_land_3286,MOR,0.6969475,0.6174890,me_mordor_region,8,0.1145679,no,Mordor inside the source-reviewed Ered Lithui and Ephel Duath enclosure,accepted_frontier_polygon
me_land_3287,WILD,0.8398046,0.6380068,me_mordor_region,9,,no,deliberately unclaimed,wild_unclaimed
me_land_3288,RH2,0.7894994,0.4445530,me_rhun_region,9,0.0968572,no,southeastern Rhûn wain-kingdom beyond the Sea of Rhûn,accepted_frontier_polygon
me_land_3289,WILD,0.7948718,0.5495848,me_mordor_region,9,,no,deliberately unclaimed,wild_unclaimed
me_land_3290,MOR,0.6341880,0.5715681,me_mordor_region,1,0.0198234,no,Mordor inside the source-reviewed Ered Lithui and Ephel Duath enclosure,accepted_frontier_polygon
me_land_3291,GON,0.4590965,0.5740107,me_belfalas_region,1,0.2410442,no,Gondor fiefs from Anfalas to the Anduin,accepted_source_side_envelope
me_land_3292,KHA,0.7401709,0.7542745,me_khand_region,9,0.0339450,no,"Khand east and southeast of Mordor, excluding Far Harad",accepted_frontier_polygon
me_land_3293,WILD,0.3743590,0.4059599,me_enedwaith_region,1,,no,deliberately unclaimed,wild_enedwaith
me_land_3294,LIN,0.2510379,0.1211529,me_lindon_region,1,0.1566638,no,Lindon west of the Blue Mountains,accepted_source_side_envelope
me_land_3295,ROH,0.4605617,0.5144113,me_rohan_region,1,0.0798503,no,"The Mark between Isen, Anduin, and White Mountains",accepted_source_side_envelope
me_land_3296,WILD,0.4219780,0.3600391,me_enedwaith_region,1,,no,deliberately unclaimed,wild_unclaimed
me_land_3297,WILD,0.8126984,0.0351734,me_northern_wastes_region,1,,no,deliberately unclaimed,wild_forodwaith
me_land_3298,UMB,0.5252747,0.9086468,me_umbar_region,9,0.0413171,no,Umbar coast and corsair hinterland,accepted_source_side_envelope
me_land_3299,RAN,0.4796093,0.2535418,me_north_arnor_region,1,0.0188641,no,The Angle and immediate Ranger refuge,accepted_source_side_envelope
me_land_3300,GON,0.4000000,0.5832926,me_belfalas_region,1,0.3574347,no,Gondor fiefs from Anfalas to the Anduin,accepted_source_side_envelope
me_land_3301,RHU,0.7770452,0.3004397,me_rhun_region,9,0.0523708,no,western Rhûn polity north and east of Dorwinion,accepted_frontier_polygon
me_land_3302,DOR,0.6803419,0.4171959,me_rhun_region,9,0.0665233,no,Dorwinion around the northwest Sea of Rhûn,accepted_source_side_envelope
me_land_3303,WILD,0.7782662,0.8583293,me_khand_region,10,,no,deliberately unclaimed,wild_unclaimed
me_land_3304,RH3,0.8354090,0.2520762,me_rhun_region,9,0.0605119,no,northeastern Rhûn confederation beyond the Iron Hills,accepted_frontier_polygon
me_land_3305,LOS,0.3028083,0.0840254,me_forochel_region,5,0.0803181,no,Lossoth settlements around the Icebay,accepted_source_side_envelope
me_land_3306,WILD,0.7257631,0.9404006,me_far_harad_region,10,,no,deliberately unclaimed,wild_unclaimed
me_land_3307,WILD,0.6114774,0.5920860,me_ithilien_region,1,,no,deliberately unclaimed,wild_ithilien
me_land_3308,MOR,0.6925519,0.6463117,me_mordor_region,8,0.1212802,no,Mordor inside the source-reviewed Ered Lithui and Ephel Duath enclosure,accepted_frontier_polygon
me_land_3309,UMB,0.5755800,0.9076698,me_near_harad_region,10,0.1348102,no,Umbar coast and corsair hinterland,accepted_source_side_envelope
me_land_3310,WILD,0.5274725,0.0000000,me_northern_wastes_region,1,,no,deliberately unclaimed,wild_forodwaith
me_land_3311,HNE,0.6239316,0.8148510,me_near_harad_region,1,0.0368189,no,Harnendor between the Poros approaches and the Harnen,accepted_frontier_polygon
me_land_3312,DUN,0.4319902,0.4860772,me_enedwaith_region,1,0.0203321,no,"Dunland lowlands west of Isen and the Gap, south of Glanduin",accepted_frontier_polygon
me_land_3313,ROH,0.5584860,0.4636053,me_rohan_region,9,0.1410621,no,"The Mark between Isen, Anduin, and White Mountains",accepted_source_side_envelope
me_land_3314,WILD,0.8178266,0.4572545,me_rhun_region,9,,no,deliberately unclaimed,wild_unclaimed
me_land_3315,GON,0.5489621,0.7532975,me_lebennin_region,9,0.1535459,no,Gondor fiefs from Anfalas to the Anduin,accepted_source_side_envelope
me_land_3316,RH2,0.8207570,0.3160723,me_rhun_region,9,0.0536144,no,southeastern Rhûn wain-kingdom beyond the Sea of Rhûn,accepted_frontier_polygon
me_land_3317,WILD,0.6937729,0.0850024,me_northern_wastes_region,5,,no,deliberately unclaimed,wild_forodwaith
me_land_3318,RHU,0.7167277,0.2115291,me_rhun_region,1,0.1132773,no,western Rhûn polity north and east of Dorwinion,accepted_frontier_polygon
me_land_3319,ROH,0.4796093,0.5422570,me_rohan_region,1,0.0382996,no,"The Mark between Isen, Anduin, and White Mountains",accepted_source_side_envelope
me_land_3320,GOB,0.5125763,0.2144602,me_anduin_vale_region,1,0.0234974,no,Goblin-town and High Pass under the Misty Mountains,accepted_source_side_envelope
me_land_3321,KHA,0.7013431,0.7449927,me_khand_region,1,0.1078739,no,"Khand east and southeast of Mordor, excluding Far Harad",accepted_frontier_polygon
me_land_3322,ESG,0.6129426,0.1802638,me_dale_region,1,0.0314564,no,Lake-town and Long Lake shore,accepted_source_side_envelope
me_land_3323,ESG,0.5960928,0.2178798,me_dale_region,3,0.0556319,no,Lake-town and Long Lake shore,accepted_source_side_envelope
me_land_3324,GON,0.5663004,0.6722032,me_lebennin_region,1,0.0653686,no,Gondor fiefs from Anfalas to the Anduin,accepted_source_side_envelope
me_land_3325,WILD,0.6258852,0.2388862,me_mirkwood_region,1,,no,deliberately unclaimed,wild_unclaimed
me_land_3326,DAM,0.4681319,0.6443576,me_belfalas_region,1,0.0506911,no,Dol Amroth and Belfalas peninsula,accepted_source_side_envelope
me_land_3327,UMB,0.5384615,0.9633610,me_umbar_region,10,0.0639456,no,Umbar coast and corsair hinterland,accepted_source_side_envelope
me_land_3328,UMB,0.5692308,0.8231558,me_near_harad_region,1,0.1638901,no,Umbar coast and corsair hinterland,accepted_source_side_envelope
me_land_3329,GON,0.5450549,0.5754763,me_anorien_region,1,0.0752924,no,beacon: Calenhad is a maintained Gondorian warning beacon.,accepted_required_frontier_owner
me_land_3330,RH2,0.7663004,0.3922814,me_rhun_region,9,0.0795637,no,southeastern Rhûn wain-kingdom beyond the Sea of Rhûn,accepted_frontier_polygon
me_land_3331,MOR,0.6412698,0.5862237,me_mordor_region,8,0.0138772,no,Mordor inside the source-reviewed Ered Lithui and Ephel Duath enclosure,accepted_frontier_polygon
me_land_3332,WILD,0.6092796,0.0381045,me_northern_wastes_region,5,,no,deliberately unclaimed,wild_forodwaith
me_land_3333,WILD,0.6351648,0.3463605,me_mirkwood_region,9,,no,deliberately unclaimed,wild_unclaimed
me_land_3334,HRA,0.6686203,0.8207132,me_near_harad_region,9,0.0509116,no,"Qarsad's inland Near Harad sphere, separated from Harnendor and Khand",accepted_frontier_polygon
me_land_3335,SHI,0.3706960,0.2383977,me_shire_breeland_region,2,0.0497701,no,Shire bounds west of the Brandywine,accepted_source_side_envelope
me_land_3336,GON,0.4742369,0.6013679,me_belfalas_region,1,0.2080992,no,Gondor fiefs from Anfalas to the Anduin,accepted_source_side_envelope
me_land_3337,DAM,0.4967033,0.6722032,me_belfalas_region,1,0.0152431,no,Dol Amroth and Belfalas peninsula,accepted_source_side_envelope
me_land_3338,WILD,0.8261294,0.6624328,me_mordor_region,9,,no,deliberately unclaimed,wild_unclaimed
me_land_3339,WILD,0.5770452,0.4455300,me_brown_lands_region,9,,no,deliberately unclaimed,wild_unclaimed
me_land_3340,WILD,0.5592186,0.4137763,me_brown_lands_region,9,,no,deliberately unclaimed,wild_unclaimed
me_land_3341,WILD,0.7567766,0.8734734,me_khand_region,10,,no,deliberately unclaimed,wild_unclaimed
me_land_3342,GON,0.4666667,0.6003908,me_belfalas_region,1,0.2232691,no,Gondor fiefs from Anfalas to the Anduin,accepted_source_side_envelope
me_land_3343,HFA,0.5885226,0.9584758,me_far_harad_region,10,0.0078559,yes,realm-seat: Mûmak Gate is the explicitly invented Far Harad realm seat.,accepted_required_frontier_owner
me_land_3344,KHA,0.7968254,0.7552516,me_khand_region,9,0.0849733,no,"Khand east and southeast of Mordor, excluding Far Harad",accepted_frontier_polygon
me_land_3345,UMB,0.5257631,0.9237909,me_umbar_region,9,0.0343544,no,Umbar coast and corsair hinterland,accepted_source_side_envelope
me_land_3346,RHU,0.7118437,0.2105520,me_rhun_region,1,0.1228200,no,western Rhûn polity north and east of Dorwinion,accepted_frontier_polygon
me_land_3347,WILD,0.8415140,0.6922325,me_mordor_region,9,,no,deliberately unclaimed,wild_unclaimed
me_land_3348,WILD,0.7455433,0.0473864,me_northern_wastes_region,1,,no,deliberately unclaimed,wild_forodwaith
me_land_3349,LIN,0.2974359,0.2169028,me_lindon_region,1,0.0252149,no,Lindon west of the Blue Mountains,accepted_source_side_envelope
me_land_3350,WDM,0.5899878,0.2721055,me_mirkwood_region,3,0.0625409,no,Arda Maps Mirkwood polygon: western Woodmen settlements; Woodmen settlements in western Mirkwood; Woodmen clearings along western and central Mirkwood,accepted_source_zone_overlap
me_land_3351,WILD,0.6249084,0.1006351,me_northern_wastes_region,5,,no,deliberately unclaimed,wild_forodwaith
me_land_3352,UMB,0.5169719,0.9125550,me_umbar_region,9,0.0273629,no,Umbar coast and corsair hinterland,accepted_source_side_envelope
me_land_3353,WILD,0.6647131,0.4474841,me_rhun_region,9,,no,deliberately unclaimed,wild_unclaimed
me_land_3354,ANG,0.4329670,0.1558378,me_north_arnor_region,1,0.0319596,no,compact Mount Gram remnant with Carn Dum retained only as a forced fastness,accepted_frontier_polygon
me_land_3355,WDM,0.5557998,0.2906693,me_mirkwood_region,1,0.0155188,no,Arda Maps Mirkwood polygon: western Woodmen settlements; Woodmen settlements in western Mirkwood; Woodmen clearings along western and central Mirkwood,accepted_source_zone_overlap
me_land_3356,WILD,0.8158730,0.5603322,me_mordor_region,9,,no,deliberately unclaimed,wild_unclaimed
me_land_3357,DOR,0.6576313,0.2989741,me_rhun_region,9,0.0751863,no,Dorwinion around the northwest Sea of Rhûn,accepted_source_side_envelope
me_land_3358,WILD,0.3785104,0.3883732,me_enedwaith_region,1,,no,deliberately unclaimed,wild_enedwaith
me_land_3359,WILD,0.6053724,0.6126038,me_ithilien_region,1,,no,deliberately unclaimed,wild_ithilien
me_land_3360,WILD,0.4989011,0.1294577,me_north_arnor_region,1,,no,deliberately unclaimed,wild_unclaimed
me_land_3361,DOR,0.6500611,0.3409868,me_rhun_region,1,0.0699487,no,Dorwinion around the northwest Sea of Rhûn,accepted_source_side_envelope
me_land_3362,WILD,0.4463980,0.1905227,me_north_arnor_region,1,,no,deliberately unclaimed,wild_unclaimed
me_land_3363,UMB,0.5409035,0.9335613,me_umbar_region,9,0.0625544,no,Umbar coast and corsair hinterland,accepted_source_side_envelope
me_land_3364,GON,0.4444444,0.6326331,me_belfalas_region,1,0.2682969,no,Gondor fiefs from Anfalas to the Anduin,accepted_source_side_envelope
me_land_3365,WILD,0.3218559,0.3673669,me_enedwaith_region,1,,no,deliberately unclaimed,wild_enedwaith
me_land_3366,WILD,0.5826618,0.0346849,me_northern_wastes_region,5,,no,deliberately unclaimed,wild_forodwaith
me_land_3367,LIN,0.3064713,0.2525647,me_lindon_region,1,0.0269214,no,Lindon west of the Blue Mountains,accepted_source_side_envelope
me_land_3368,HNE,0.6463980,0.7972643,me_near_harad_region,9,0.0155687,no,Harnendor between the Poros approaches and the Harnen,accepted_frontier_polygon
me_land_3369,MOR,0.6249084,0.6072301,me_mordor_region,8,0.0510185,no,Mordor inside the source-reviewed Ered Lithui and Ephel Duath enclosure,accepted_frontier_polygon
me_land_3370,GON,0.5482295,0.6609673,me_lebennin_region,1,0.0777977,no,Gondor fiefs from Anfalas to the Anduin,accepted_source_side_envelope
me_land_3371,WILD,0.5145299,0.0278456,me_northern_wastes_region,5,,no,deliberately unclaimed,wild_forodwaith
me_land_3372,RH3,0.7929182,0.1617000,me_rhun_region,1,0.0663369,no,northeastern Rhûn confederation beyond the Iron Hills,accepted_frontier_polygon
me_land_3373,UMB,0.4981685,0.9438202,me_umbar_region,9,0.0243579,no,Umbar coast and corsair hinterland,accepted_source_side_envelope
me_land_3374,MOR,0.6849817,0.6375183,me_mordor_region,8,0.1039129,no,Mordor inside the source-reviewed Ered Lithui and Ephel Duath enclosure,accepted_frontier_polygon
me_land_3375,WILD,0.7401709,0.8651685,me_khand_region,10,,no,deliberately unclaimed,wild_unclaimed
me_land_3376,WILD,0.7494505,0.5945286,me_mordor_region,8,,no,deliberately unclaimed,wild_unclaimed
me_land_3377,WILD,0.7716728,0.4631168,me_rhun_region,9,,no,deliberately unclaimed,wild_unclaimed
me_land_3378,LOS,0.3789988,0.0981925,me_forochel_region,5,0.0811326,no,Lossoth settlements around the Icebay,accepted_source_side_envelope
me_land_3379,HFA,0.5799756,0.9154861,me_far_harad_region,10,0.0407717,no,represented northern fringe of Far Harad,accepted_frontier_polygon
me_land_3380,WILD,0.4231990,0.5505618,me_enedwaith_region,1,,no,deliberately unclaimed,wild_unclaimed
me_land_3381,RHU,0.7130647,0.2442599,me_rhun_region,9,0.1140152,no,western Rhûn polity north and east of Dorwinion,accepted_frontier_polygon
me_land_3382,WILD,0.4102564,0.4660479,me_enedwaith_region,1,,no,deliberately unclaimed,wild_enedwaith
me_land_3383,MOR,0.6757021,0.7205667,me_mordor_region,8,0.1601009,no,Mordor inside the source-reviewed Ered Lithui and Ephel Duath enclosure,accepted_frontier_polygon
me_land_3384,HNE,0.6544567,0.7972643,me_near_harad_region,9,0.0314272,no,Harnendor between the Poros approaches and the Harnen,accepted_frontier_polygon
me_land_3385,KHA,0.8217338,0.7870054,me_khand_region,9,0.1416954,no,"Khand east and southeast of Mordor, excluding Far Harad",accepted_frontier_polygon
me_land_3386,BEO,0.5260073,0.2310699,me_anduin_vale_region,1,0.0401738,no,Beorning crossings and upper Anduin vales,accepted_source_side_envelope
me_land_3387,RH2,0.8163614,0.4489497,me_rhun_region,9,0.1042201,no,southeastern Rhûn wain-kingdom beyond the Sea of Rhûn,accepted_frontier_polygon
me_land_3388,BEO,0.5318681,0.2686859,me_anduin_vale_region,1,0.0762552,no,Beorning crossings and upper Anduin vales,accepted_source_side_envelope
me_land_3389,MOR,0.6647131,0.6819736,me_mordor_region,8,0.1160675,no,Mordor inside the source-reviewed Ered Lithui and Ephel Duath enclosure,accepted_frontier_polygon
me_land_3390,WILD,0.6124542,0.6082071,me_ithilien_region,1,,no,deliberately unclaimed,wild_ithilien
me_land_3391,WILD,0.5965812,0.4553004,me_brown_lands_region,9,,no,deliberately unclaimed,wild_unclaimed
me_land_3392,BRE,0.3951160,0.2471910,me_shire_breeland_region,1,0.0213903,no,Bree-land's four-village crossroads,accepted_source_side_envelope
me_land_3393,WILD,0.6827839,0.1978505,me_rhun_region,1,,no,deliberately unclaimed,wild_unclaimed
me_land_3394,DOL,0.5648352,0.3742062,me_mirkwood_region,3,0.0284119,no,Arda Maps Mirkwood polygon: southern Dol Guldur shadow; Dol Guldur's southern Mirkwood shadow; Dol Guldur's southern Mirkwood shadow,accepted_source_zone_overlap
me_land_3395,WILD,0.4522589,0.5217391,me_enedwaith_region,1,,no,deliberately unclaimed,wild_unclaimed
me_land_3396,MOR,0.6986569,0.5593552,me_mordor_region,1,0.1101234,no,Mordor inside the source-reviewed Ered Lithui and Ephel Duath enclosure,accepted_frontier_polygon
me_land_3397,WILD,0.7731380,0.8539326,me_khand_region,10,,no,deliberately unclaimed,wild_unclaimed
me_land_3398,WILD,0.7123321,0.8314607,me_khand_region,10,,no,deliberately unclaimed,wild_unclaimed
me_land_3399,WILD,0.4686203,0.3321935,me_enedwaith_region,1,,no,deliberately unclaimed,wild_buffer
me_land_3400,RH2,0.7721612,0.3444064,me_rhun_region,2,0.0559579,no,southeastern Rhûn wain-kingdom beyond the Sea of Rhûn,accepted_frontier_polygon
me_land_3401,HFA,0.6141636,0.9482169,me_far_harad_region,10,0.0587203,no,represented northern fringe of Far Harad,accepted_frontier_polygon
me_land_3402,WILD,0.5069597,0.3277968,me_anduin_vale_region,1,,no,deliberately unclaimed,wild_unclaimed
me_land_3403,GON,0.6107448,0.7020029,me_south_gondor_region,1,0.1116814,no,Gondor fiefs from Anfalas to the Anduin,accepted_source_side_envelope
me_land_3404,WILD,0.6007326,0.6199316,me_ithilien_region,1,,no,emptied-ithilien: Ithilien has been emptied since TA 2954 despite Gondor's dynastic memory.,accepted_required_frontier_owner
me_land_3405,LIN,0.2256410,0.1875916,me_lindon_region,1,0.1714345,no,Lindon west of the Blue Mountains,accepted_source_side_envelope
me_land_3406,UMB,0.4964591,0.9863214,me_umbar_region,9,0.0571117,no,Umbar coast and corsair hinterland,accepted_source_side_envelope
me_land_3407,RHU,0.7724054,0.2413288,me_rhun_region,9,0.0099163,yes,realm-seat: Burh Gath is the explicitly invented Rhûn realm seat.,accepted_required_frontier_owner
me_land_3408,HFA,0.5985348,0.9286761,me_far_harad_region,10,0.0377586,no,represented northern fringe of Far Harad,accepted_frontier_polygon
me_land_3409,WILD,0.3963370,0.1758671,me_north_arnor_region,1,,no,deliberately unclaimed,wild_unclaimed
me_land_3410,WILD,0.7623932,0.9721544,me_far_harad_region,10,,no,deliberately unclaimed,wild_unclaimed
me_land_3411,UMB,0.5592186,0.9609184,me_umbar_region,10,0.1023154,no,Umbar coast and corsair hinterland,accepted_source_side_envelope
me_land_3412,GON,0.4683761,0.6091842,me_belfalas_region,1,0.2195940,no,Gondor fiefs from Anfalas to the Anduin,accepted_source_side_envelope
me_land_3413,WILD,0.6202686,0.6624328,me_ithilien_region,9,,no,deliberately unclaimed,wild_ithilien
me_land_3414,ROH,0.4671551,0.5383488,me_rohan_region,1,0.0630039,no,"The Mark between Isen, Anduin, and White Mountains",accepted_source_side_envelope
me_land_3415,WILD,0.4488400,0.2247191,me_north_arnor_region,1,,no,deliberately unclaimed,wild_unclaimed
me_land_3416,ROH,0.5526252,0.4494382,me_rohan_region,1,0.1398145,no,"The Mark between Isen, Anduin, and White Mountains",accepted_source_side_envelope
me_land_3417,WILD,0.3992674,0.3947240,me_enedwaith_region,1,,no,deliberately unclaimed,wild_enedwaith
me_land_3418,KHA,0.7399267,0.7791891,me_khand_region,9,0.0509144,no,"Khand east and southeast of Mordor, excluding Far Harad",accepted_frontier_polygon
me_land_3419,MOR,0.6996337,0.5774304,me_mordor_region,9,0.1112325,no,Mordor inside the source-reviewed Ered Lithui and Ephel Duath enclosure,accepted_frontier_polygon
me_land_3420,WILD,0.4197802,0.2261847,me_north_arnor_region,1,,no,deliberately unclaimed,wild_unclaimed
me_land_3421,RAN,0.4542125,0.2843185,me_north_arnor_region,1,0.0439717,no,The Angle and immediate Ranger refuge,accepted_source_side_envelope
me_land_3422,UMB,0.5841270,0.8568637,me_near_harad_region,9,0.1685231,no,Umbar coast and corsair hinterland,accepted_source_side_envelope
me_land_3423,WILD,0.7641026,0.0864680,me_northern_wastes_region,1,,no,deliberately unclaimed,wild_forodwaith
me_land_3424,WILD,0.7345543,0.0024426,me_northern_wastes_region,5,,no,deliberately unclaimed,wild_forodwaith
me_land_3425,RH2,0.7638584,0.3531998,me_rhun_region,9,0.0723541,no,southeastern Rhûn wain-kingdom beyond the Sea of Rhûn,accepted_frontier_polygon
me_land_3426,WILD,0.6236874,0.2774792,me_mirkwood_region,9,,no,deliberately unclaimed,wild_unclaimed
me_land_3427,GON,0.3777778,0.6448461,me_belfalas_region,1,0.4021823,no,Gondor fiefs from Anfalas to the Anduin,accepted_source_side_envelope
me_land_3428,UMB,0.5352869,0.8690767,me_umbar_region,9,0.0840467,no,Umbar coast and corsair hinterland,accepted_source_side_envelope
me_land_3429,WILD,0.4210012,0.1636541,me_north_arnor_region,1,,no,deliberately unclaimed,wild_unclaimed
me_land_3430,UMB,0.5321123,0.9809477,me_umbar_region,9,0.0637973,no,Umbar coast and corsair hinterland,accepted_source_side_envelope
me_land_3431,WILD,0.3702076,0.1646312,me_north_arnor_region,1,,no,deliberately unclaimed,wild_unclaimed
me_land_3432,WILD,0.7245421,0.6433806,me_mordor_region,8,,no,deliberately unclaimed,wild_unclaimed
me_land_3433,WILD,0.5054945,0.3058134,me_anduin_vale_region,1,,no,deliberately unclaimed,wild_unclaimed
me_land_3434,LOS,0.3133089,0.0830484,me_forochel_region,5,0.0597872,no,Lossoth settlements around the Icebay,accepted_source_side_envelope
me_land_3435,WILD,0.3186813,0.3038593,me_enedwaith_region,1,,no,deliberately unclaimed,wild_unclaimed
me_land_3436,RHU,0.7443223,0.1787982,me_rhun_region,1,0.0877899,no,western Rhûn polity north and east of Dorwinion,accepted_frontier_polygon
me_land_3437,WILD,0.6393162,0.2750366,me_mirkwood_region,9,,no,deliberately unclaimed,wild_unclaimed
me_land_3438,RH3,0.7970696,0.1514411,me_rhun_region,1,0.0667920,no,northeastern Rhûn confederation beyond the Iron Hills,accepted_frontier_polygon
me_land_3439,BEO,0.5343101,0.1617000,me_anduin_vale_region,3,0.0312393,no,Beorning crossings and upper Anduin vales,accepted_source_side_envelope
me_land_3440,MOR,0.6241758,0.5466536,me_mordor_region,1,0.0479747,no,Mordor inside the source-reviewed Ered Lithui and Ephel Duath enclosure,accepted_frontier_polygon
me_land_3441,WOO,0.5697192,0.2183683,me_mirkwood_region,3,0.0653143,no,Arda Maps Mirkwood polygon: northern/eastern Woodland Realm; Thranduil's northern and eastern Mirkwood; Woodland Realm in northern and northeastern Mirkwood,accepted_source_zone_overlap
me_land_3442,WILD,0.4608059,0.2178798,me_north_arnor_region,2,,no,deliberately unclaimed,wild_unclaimed
me_land_3443,WILD,0.4803419,0.1533952,me_north_arnor_region,1,,no,deliberately unclaimed,wild_unclaimed
me_land_3444,LOS,0.3352869,0.0981925,me_forochel_region,5,0.0352868,no,Lossoth settlements around the Icebay,accepted_source_side_envelope
me_land_3445,ISE,0.4637363,0.4665364,me_rohan_region,1,0.0071528,no,compact Nan Curunir vale north of the Fords of Isen,accepted_frontier_polygon
me_land_3446,WILD,0.8175824,0.0004885,me_northern_wastes_region,1,,no,deliberately unclaimed,wild_forodwaith
me_land_3447,DOR,0.6903541,0.2906693,me_rhun_region,9,0.0616278,no,Dorwinion around the northwest Sea of Rhûn,accepted_source_side_envelope
me_land_3448,LIN,0.2757021,0.3458720,me_lindon_region,1,0.1371210,no,Lindon west of the Blue Mountains,accepted_source_side_envelope
me_land_3449,WILD,0.4642247,0.2066439,me_north_arnor_region,2,,no,deliberately unclaimed,wild_unclaimed
me_land_3450,UMB,0.4791209,0.9638495,me_umbar_region,10,0.0672397,no,Umbar coast and corsair hinterland,accepted_source_side_envelope
me_land_3451,WILD,0.7902320,0.6780655,me_mordor_region,9,,no,deliberately unclaimed,wild_unclaimed
me_land_3452,WILD,0.7770452,0.8641915,me_khand_region,10,,no,deliberately unclaimed,wild_unclaimed
me_land_3453,RHU,0.7384615,0.2813874,me_rhun_region,1,0.0704547,no,western Rhûn polity north and east of Dorwinion,accepted_frontier_polygon
me_land_3454,WILD,0.3433455,0.3463605,me_enedwaith_region,1,,no,deliberately unclaimed,wild_unclaimed
me_land_3455,WILD,0.4573871,0.3131412,me_enedwaith_region,1,,no,deliberately unclaimed,wild_buffer
me_land_3456,GON,0.5426129,0.6209086,me_anorien_region,1,0.0717569,no,Gondor fiefs from Anfalas to the Anduin,accepted_source_side_envelope
me_land_3457,LIN,0.2649573,0.2979971,me_lindon_region,1,0.1138938,no,Lindon west of the Blue Mountains,accepted_source_side_envelope
me_land_3458,GON,0.5399267,0.6277479,me_anorien_region,1,0.0782320,no,Gondor fiefs from Anfalas to the Anduin,accepted_source_side_envelope
me_land_3459,WILD,0.5882784,0.6775769,me_ithilien_region,1,,no,deliberately unclaimed,wild_ithilien
me_land_3460,BLU,0.3120879,0.1411822,me_lindon_region,1,0.0547735,no,Surviving Ered Luin halls,accepted_source_side_envelope
me_land_3461,WILD,0.4608059,0.1973620,me_north_arnor_region,1,,no,deliberately unclaimed,wild_unclaimed
me_land_3462,RHU,0.7501832,0.2173913,me_rhun_region,9,0.0513240,no,western Rhûn polity north and east of Dorwinion,accepted_frontier_polygon
me_land_3463,UMB,0.5623932,0.8705423,me_near_harad_region,9,0.1239777,no,Umbar coast and corsair hinterland,accepted_source_side_envelope
me_land_3464,RH3,0.8205128,0.1763556,me_rhun_region,1,0.0236666,no,northeastern Rhûn confederation beyond the Iron Hills,accepted_frontier_polygon
me_land_3465,LOS,0.2586081,0.1123596,me_forochel_region,1,0.1730209,no,Lossoth settlements around the Icebay,accepted_source_side_envelope
me_land_3466,WILD,0.4080586,0.4191500,me_enedwaith_region,1,,no,deliberately unclaimed,wild_enedwaith
me_land_3467,WILD,0.4185592,0.5168539,me_enedwaith_region,1,,no,deliberately unclaimed,wild_enedwaith
me_land_3468,RH2,0.7572650,0.3253542,me_rhun_region,2,0.0889525,no,southeastern Rhûn wain-kingdom beyond the Sea of Rhûn,accepted_frontier_polygon
me_land_3469,BEO,0.5377289,0.1646312,me_anduin_vale_region,3,0.0304565,no,Beorning crossings and upper Anduin vales,accepted_source_side_envelope
me_land_3470,DOR,0.7010989,0.4201270,me_rhun_region,1,0.0763369,no,Dorwinion around the northwest Sea of Rhûn,accepted_source_side_envelope
me_land_3471,WOO,0.5665446,0.2247191,me_mirkwood_region,3,0.0736994,no,Arda Maps Mirkwood polygon: northern/eastern Woodland Realm; Thranduil's northern and eastern Mirkwood; Woodland Realm in northern and northeastern Mirkwood,accepted_source_zone_overlap
me_land_3472,LIN,0.3137973,0.3160723,me_lindon_region,1,0.0903649,no,Lindon west of the Blue Mountains,accepted_source_side_envelope
me_land_3473,BRE,0.4041514,0.2652662,me_shire_breeland_region,1,0.0334186,no,Bree-land's four-village crossroads,accepted_source_side_envelope
me_land_3474,MOR,0.6547009,0.6145579,me_mordor_region,8,0.0462433,no,Mordor inside the source-reviewed Ered Lithui and Ephel Duath enclosure,accepted_frontier_polygon
me_land_3475,DUN,0.4251526,0.4655594,me_enedwaith_region,1,0.0133981,no,"Dunland lowlands west of Isen and the Gap, south of Glanduin",accepted_frontier_polygon
me_land_3476,WILD,0.6410256,0.4836346,me_brown_lands_region,9,,no,deliberately unclaimed,wild_unclaimed
me_land_3477,MOR,0.6344322,0.6868588,me_mordor_region,8,0.1149691,no,Mordor inside the source-reviewed Ered Lithui and Ephel Duath enclosure,accepted_frontier_polygon
me_land_3478,ROH,0.5201465,0.5144113,me_rohan_region,1,0.0491757,no,"The Mark between Isen, Anduin, and White Mountains",accepted_source_side_envelope
me_land_3479,RH2,0.8239316,0.3141182,me_rhun_region,9,0.0598197,no,southeastern Rhûn wain-kingdom beyond the Sea of Rhûn,accepted_frontier_polygon
me_land_3480,WDM,0.5626374,0.2755252,me_mirkwood_region,3,0.0245080,no,Arda Maps Mirkwood polygon: western Woodmen settlements; Woodmen settlements in western Mirkwood; Woodmen clearings along western and central Mirkwood,accepted_source_zone_overlap
me_land_3481,WILD,0.3677656,0.5017098,me_enedwaith_region,1,,no,deliberately unclaimed,wild_enedwaith
me_land_3482,WILD,0.5931624,0.0415242,me_northern_wastes_region,5,,no,deliberately unclaimed,wild_forodwaith
me_land_3483,LIN,0.2315018,0.1529067,me_lindon_region,1,0.1717313,no,Lindon west of the Blue Mountains,accepted_source_side_envelope
me_land_3484,GON,0.4481074,0.6086957,me_belfalas_region,1,0.2601341,no,Gondor fiefs from Anfalas to the Anduin,accepted_source_side_envelope
me_land_3485,WILD,0.7277167,0.5686370,me_mordor_region,8,,no,deliberately unclaimed,wild_unclaimed
me_land_3486,UMB,0.4930403,0.9711773,me_umbar_region,10,0.0486217,no,Umbar coast and corsair hinterland,accepted_source_side_envelope
me_land_3487,DAM,0.4866911,0.6834392,me_belfalas_region,1,0.0116091,no,Dol Amroth and Belfalas peninsula,accepted_source_side_envelope
me_land_3488,WILD,0.5001221,0.3957010,me_anduin_vale_region,1,,no,deliberately unclaimed,wild_unclaimed
me_land_3489,WILD,0.5501832,0.0166097,me_northern_wastes_region,5,,no,deliberately unclaimed,wild_forodwaith
me_land_3490,WILD,0.4046398,0.1421593,me_north_arnor_region,1,,no,deliberately unclaimed,wild_unclaimed
me_land_3491,UMB,0.5062271,0.9814362,me_umbar_region,9,0.0462816,no,Umbar coast and corsair hinterland,accepted_source_side_envelope
me_land_3492,WILD,0.4456654,0.2799218,me_north_arnor_region,1,,no,deliberately unclaimed,wild_buffer
me_land_3493,MOR,0.7074481,0.5754763,me_mordor_region,8,0.1268074,no,Mordor inside the source-reviewed Ered Lithui and Ephel Duath enclosure,accepted_frontier_polygon
me_land_3494,WILD,0.3714286,0.1807523,me_north_arnor_region,1,,no,deliberately unclaimed,wild_unclaimed
me_land_3495,KHA,0.7606838,0.7845628,me_khand_region,9,0.0474317,no,"Khand east and southeast of Mordor, excluding Far Harad",accepted_frontier_polygon
me_land_3496,WILD,0.5272283,0.3742062,me_anduin_vale_region,1,,no,deliberately unclaimed,wild_unclaimed
me_land_3497,GON,0.4688645,0.5842697,me_belfalas_region,1,0.2202714,no,Gondor fiefs from Anfalas to the Anduin,accepted_source_side_envelope
me_land_3498,SHI,0.3741148,0.2354665,me_shire_breeland_region,1,0.0561012,no,active-settlement: Stock is an active eastern Shire village.,accepted_required_frontier_owner
me_land_3499,LOS,0.3179487,0.0503175,me_forochel_region,5,0.0502014,no,Lossoth settlements around the Icebay,accepted_source_side_envelope
me_land_3500,GON,0.5665446,0.5686370,me_anorien_region,1,0.0485819,no,Gondor fiefs from Anfalas to the Anduin,accepted_source_side_envelope
me_land_3501,HNE,0.6205128,0.8192477,me_near_harad_region,1,0.0449387,no,Harnendor between the Poros approaches and the Harnen,accepted_frontier_polygon
me_land_3502,GON,0.5316239,0.6985833,me_lebennin_region,9,0.1276106,no,Gondor fiefs from Anfalas to the Anduin,accepted_source_side_envelope
me_land_3503,WILD,0.3355311,0.1763556,me_north_arnor_region,1,,no,deliberately unclaimed,wild_unclaimed
me_land_3504,WILD,0.7377289,0.6849047,me_mordor_region,9,,no,deliberately unclaimed,wild_unclaimed
me_land_3505,HFA,0.6295482,0.9242794,me_far_harad_region,10,0.0942440,no,represented northern fringe of Far Harad,accepted_frontier_polygon
me_land_3506,WILD,0.8053724,0.5036639,me_rhun_region,9,,no,deliberately unclaimed,wild_unclaimed
me_land_3507,MOR,0.6739927,0.5100147,me_mordor_region,9,0.0872786,no,Mordor inside the source-reviewed Ered Lithui and Ephel Duath enclosure,accepted_frontier_polygon
me_land_3508,GON,0.6647131,0.7288715,me_south_gondor_region,8,0.2092467,no,Gondor fiefs from Anfalas to the Anduin,accepted_source_side_envelope
me_land_3509,RHU,0.7269841,0.3019052,me_rhun_region,1,0.1004769,no,western Rhûn polity north and east of Dorwinion,accepted_frontier_polygon
me_land_3510,DAM,0.5152625,0.6477772,me_belfalas_region,1,0.0580492,no,Dol Amroth and Belfalas peninsula,accepted_source_side_envelope
me_land_3511,HRA,0.6339438,0.8886175,me_near_harad_region,10,0.0841965,no,"Qarsad's inland Near Harad sphere, separated from Harnendor and Khand",accepted_frontier_polygon
me_land_3512,BLU,0.2691087,0.1753786,me_lindon_region,2,0.0450551,no,Surviving Ered Luin halls,accepted_source_side_envelope
me_land_3513,GON,0.5413919,0.5622863,me_anorien_region,1,0.0883848,no,Gondor fiefs from Anfalas to the Anduin,accepted_source_side_envelope
me_land_3514,WILD,0.4031746,0.5354177,me_enedwaith_region,1,,no,deliberately unclaimed,wild_unclaimed
me_land_3515,WILD,0.5902320,0.6199316,me_ithilien_region,1,,no,deliberately unclaimed,wild_ithilien
me_land_3516,HNE,0.6378510,0.8060576,me_near_harad_region,9,0.0128938,no,Harnendor between the Poros approaches and the Harnen,accepted_frontier_polygon
me_land_3517,MOR,0.6605617,0.5207621,me_mordor_region,9,0.0622312,no,Mordor inside the source-reviewed Ered Lithui and Ephel Duath enclosure,accepted_frontier_polygon
me_land_3518,WILD,0.3973138,0.4665364,me_enedwaith_region,1,,no,deliberately unclaimed,wild_enedwaith
me_land_3519,WILD,0.6583639,0.0210064,me_northern_wastes_region,5,,no,deliberately unclaimed,wild_forodwaith
me_land_3520,WILD,0.3501832,0.1270151,me_north_arnor_region,1,,no,deliberately unclaimed,wild_unclaimed
me_land_3521,GON,0.4322344,0.5793845,me_belfalas_region,1,0.2936065,no,Gondor fiefs from Anfalas to the Anduin,accepted_source_side_envelope
me_land_3522,WILD,0.7448107,0.6907670,me_mordor_region,9,,no,deliberately unclaimed,wild_unclaimed
me_land_3523,RHU,0.7365079,0.2051783,me_rhun_region,1,0.0805969,no,western Rhûn polity north and east of Dorwinion,accepted_frontier_polygon
me_land_3524,SHI,0.3291819,0.2281387,me_shire_breeland_region,1,0.0341325,no,Shire bounds west of the Brandywine,accepted_source_side_envelope
me_land_3525,WOO,0.5963370,0.2232535,me_mirkwood_region,3,0.0709568,no,Arda Maps Mirkwood polygon: northern/eastern Woodland Realm; Thranduil's northern and eastern Mirkwood; Woodland Realm in northern and northeastern Mirkwood,accepted_source_zone_overlap
me_land_3526,WILD,0.3489621,0.3287738,me_enedwaith_region,1,,no,deliberately unclaimed,wild_unclaimed
me_land_3527,RHU,0.6971917,0.2403517,me_rhun_region,1,0.1459359,no,western Rhûn polity north and east of Dorwinion,accepted_frontier_polygon
me_land_3528,FAN,0.4761905,0.4406448,me_rohan_region,1,0.0253601,no,Arda Maps Fangorn physical woodland polygon; Fangorn source forest and Entwash headwaters,accepted_source_zone_overlap
me_land_3529,MOR,0.6219780,0.6355642,me_mordor_region,1,0.0761554,no,Mordor inside the source-reviewed Ered Lithui and Ephel Duath enclosure,accepted_frontier_polygon
me_land_3530,IRO,0.7003663,0.1807523,me_rhun_region,1,0.0567888,no,Iron Hills source label and adjacent holds,accepted_source_side_envelope
me_land_3531,UMB,0.5721612,0.8685882,me_near_harad_region,9,0.1418890,no,Umbar coast and corsair hinterland,accepted_source_side_envelope
me_land_3532,WILD,0.3721612,0.1890572,me_north_arnor_region,1,,no,deliberately unclaimed,wild_unclaimed
me_land_3533,WILD,0.7826618,0.0918417,me_northern_wastes_region,1,,no,deliberately unclaimed,wild_forodwaith
me_land_3534,WILD,0.7216117,0.8226673,me_khand_region,10,,no,deliberately unclaimed,wild_unclaimed
me_land_3535,BEO,0.5091575,0.2506106,me_anduin_vale_region,1,0.0733718,no,Beorning crossings and upper Anduin vales,accepted_source_side_envelope
me_land_3536,GON,0.4302808,0.5740107,me_belfalas_region,1,0.2981152,no,Gondor fiefs from Anfalas to the Anduin,accepted_source_side_envelope
me_land_3537,HNE,0.6366300,0.7923791,me_near_harad_region,9,0.0045728,yes,realm-seat: Harnenhold is the explicitly invented Near Harad realm seat.,accepted_required_frontier_owner
me_land_3538,ROH,0.5186813,0.4719101,me_rohan_region,1,0.0775408,no,"The Mark between Isen, Anduin, and White Mountains",accepted_source_side_envelope
me_land_3539,HNE,0.6630037,0.7625794,me_near_harad_region,9,0.0572329,no,Harnendor between the Poros approaches and the Harnen,accepted_frontier_polygon
me_land_3540,WILD,0.6307692,0.3048363,me_mirkwood_region,9,,no,deliberately unclaimed,wild_unclaimed
me_land_3541,WILD,0.8014652,0.9233024,me_far_harad_region,10,,no,deliberately unclaimed,wild_unclaimed
me_land_3542,RIV,0.4825397,0.2056668,me_north_arnor_region,1,0.0277699,no,Imladris hidden valley and immediate refuge,accepted_source_side_envelope
me_land_3543,RHU,0.7616606,0.2432829,me_rhun_region,9,0.0179807,no,western Rhûn polity north and east of Dorwinion,accepted_frontier_polygon
me_land_3544,WILD,0.7536020,0.6951637,me_mordor_region,9,,no,deliberately unclaimed,wild_unclaimed
me_land_3545,KHA,0.7643468,0.7361993,me_khand_region,9,0.0184683,no,"Khand east and southeast of Mordor, excluding Far Harad",accepted_frontier_polygon
me_land_3546,RH2,0.8376068,0.3106986,me_rhun_region,9,0.0848628,no,southeastern Rhûn wain-kingdom beyond the Sea of Rhûn,accepted_frontier_polygon
me_land_3547,LOS,0.3113553,0.0464094,me_forochel_region,5,0.0639533,no,Lossoth settlements around the Icebay,accepted_source_side_envelope
me_land_3548,WILD,0.5631258,0.0571568,me_northern_wastes_region,5,,no,deliberately unclaimed,wild_forodwaith
me_land_3549,LOR,0.5067155,0.3458720,me_anduin_vale_region,3,0.0273524,no,Arda Maps Golden Wood / Naith physical polygon; Naith between Misty foothills and Anduin; Lothlórien's Naith east of the Misty crest and west of Anduin,accepted_source_zone_overlap
me_land_3550,WILD,0.3716728,0.2486566,me_shire_breeland_region,1,,no,deliberately unclaimed,wild_buffer
me_land_3551,WILD,0.3391941,0.1836834,me_north_arnor_region,1,,no,deliberately unclaimed,wild_unclaimed
me_land_3552,WILD,0.7838828,0.9662921,me_far_harad_region,10,,no,deliberately unclaimed,wild_unclaimed
me_land_3553,WILD,0.8261294,0.8676111,me_khand_region,10,,no,deliberately unclaimed,wild_unclaimed
me_land_3554,HRA,0.7115995,0.9106009,me_far_harad_region,10,0.0837050,no,"Qarsad's inland Near Harad sphere, separated from Harnendor and Khand",accepted_frontier_polygon
me_land_3555,ESG,0.5904762,0.1739130,me_dale_region,3,0.0218518,no,Lake-town and Long Lake shore,accepted_source_side_envelope
me_land_3556,HRA,0.6859585,0.8622374,me_near_harad_region,10,0.0232510,no,"Qarsad's inland Near Harad sphere, separated from Harnendor and Khand",accepted_frontier_polygon
me_land_3557,WILD,0.7926740,0.6482658,me_mordor_region,9,,no,deliberately unclaimed,wild_unclaimed
me_land_3558,GON,0.4481074,0.5705911,me_belfalas_region,1,0.2632867,no,Gondor fiefs from Anfalas to the Anduin,accepted_source_side_envelope
me_land_3559,WILD,0.7474969,0.6814851,me_mordor_region,9,,no,deliberately unclaimed,wild_unclaimed
me_land_3560,WILD,0.4654457,0.3629702,me_enedwaith_region,1,,no,deliberately unclaimed,wild_unclaimed
me_land_3561,WILD,0.4319902,0.1807523,me_north_arnor_region,1,,no,deliberately unclaimed,wild_unclaimed
me_land_3562,WILD,0.5833944,0.5251588,me_brown_lands_region,1,,no,deliberately unclaimed,wild_unclaimed
me_land_3563,WILD,0.3406593,0.3668784,me_enedwaith_region,1,,no,deliberately unclaimed,wild_enedwaith
me_land_3564,KHA,0.7384615,0.7679531,me_khand_region,9,0.0446080,no,"Khand east and southeast of Mordor, excluding Far Harad",accepted_frontier_polygon
me_land_3565,DOL,0.5589744,0.3546654,me_mirkwood_region,3,0.0064090,no,Arda Maps Mirkwood polygon: southern Dol Guldur shadow; Dol Guldur's southern Mirkwood shadow; Dol Guldur's southern Mirkwood shadow,accepted_source_zone_overlap
me_land_3566,SHI,0.3499389,0.2515877,me_shire_breeland_region,1,0.0235831,no,Shire bounds west of the Brandywine,accepted_source_side_envelope
me_land_3567,WILD,0.5870574,0.5227162,me_brown_lands_region,1,,no,deliberately unclaimed,wild_unclaimed
me_land_3568,WILD,0.3714286,0.5046409,me_enedwaith_region,1,,no,deliberately unclaimed,wild_enedwaith
me_land_3569,RHU,0.6879121,0.2051783,me_rhun_region,1,0.1701843,no,western Rhûn polity north and east of Dorwinion,accepted_frontier_polygon
me_land_3570,WILD,0.4490842,0.3268197,me_enedwaith_region,1,,no,deliberately unclaimed,wild_buffer
me_land_3571,WILD,0.7081807,0.8192477,me_khand_region,10,,no,deliberately unclaimed,wild_unclaimed
me_land_3572,WILD,0.3794872,0.2735711,me_shire_breeland_region,1,,no,deliberately unclaimed,wild_buffer
me_land_3573,LOS,0.2949939,0.0434783,me_forochel_region,5,0.0963147,no,Lossoth settlements around the Icebay,accepted_source_side_envelope
me_land_3574,GON,0.3848596,0.5935515,me_belfalas_region,1,0.3870238,no,Gondor fiefs from Anfalas to the Anduin,accepted_source_side_envelope
me_land_3575,HNE,0.6048840,0.7957987,me_near_harad_region,1,0.0680110,no,Harnendor between the Poros approaches and the Harnen,accepted_frontier_polygon
me_land_3576,RH2,0.8124542,0.3214460,me_rhun_region,9,0.0378914,no,southeastern Rhûn wain-kingdom beyond the Sea of Rhûn,accepted_frontier_polygon
me_land_3577,DOR,0.6749695,0.3849536,me_rhun_region,9,0.0388898,no,Dorwinion around the northwest Sea of Rhûn,accepted_source_side_envelope
me_land_3578,WILD,0.5855922,0.0605765,me_northern_wastes_region,5,,no,deliberately unclaimed,wild_forodwaith
me_land_3579,DAM,0.5159951,0.6839277,me_belfalas_region,9,0.0549372,no,Dol Amroth and Belfalas peninsula,accepted_source_side_envelope
me_land_3580,WILD,0.6412698,0.1250611,me_rhun_region,1,,no,deliberately unclaimed,wild_unclaimed
me_land_3581,GON,0.5279609,0.6609673,me_lebennin_region,1,0.1120278,no,Gondor fiefs from Anfalas to the Anduin,accepted_source_side_envelope
me_land_3582,BLU,0.3076923,0.1426478,me_lindon_region,1,0.0474644,no,Surviving Ered Luin halls,accepted_source_side_envelope
me_land_3583,GON,0.5409035,0.6555936,me_lebennin_region,1,0.0866997,no,Gondor fiefs from Anfalas to the Anduin,accepted_source_side_envelope
me_land_3584,GON,0.5865690,0.6067416,me_ithilien_region,1,0.0174083,no,occupied-fortification: The Pelennor defensive wall remains a Gondorian military work.,accepted_required_frontier_owner
me_land_3585,WILD,0.4227106,0.2877382,me_north_arnor_region,1,,no,deliberately unclaimed,wild_unclaimed
me_land_3586,RHU,0.7457875,0.2779678,me_rhun_region,1,0.0559211,no,western Rhûn polity north and east of Dorwinion,accepted_frontier_polygon
me_land_3587,ROH,0.5123321,0.4772838,me_rohan_region,1,0.0668729,no,"The Mark between Isen, Anduin, and White Mountains",accepted_source_side_envelope
me_land_3588,WILD,0.6185592,0.4489497,me_brown_lands_region,9,,no,deliberately unclaimed,wild_unclaimed
me_land_3589,RHU,0.7606838,0.1573034,me_rhun_region,1,0.0945507,no,western Rhûn polity north and east of Dorwinion,accepted_frontier_polygon
me_land_3590,WILD,0.4976801,0.2681974,me_anduin_vale_region,1,,no,deliberately unclaimed,wild_buffer
me_land_3591,WILD,0.7726496,0.6922325,me_mordor_region,9,,no,deliberately unclaimed,wild_unclaimed
me_land_3592,DOR,0.7018315,0.3439179,me_rhun_region,9,0.0351177,no,Dorwinion around the northwest Sea of Rhûn,accepted_source_side_envelope
me_land_3593,HFA,0.6078144,0.9130435,me_far_harad_region,10,0.0619866,no,represented northern fringe of Far Harad,accepted_frontier_polygon
me_land_3594,GON,0.6275946,0.7396190,me_south_gondor_region,1,0.1619838,no,Gondor fiefs from Anfalas to the Anduin,accepted_source_side_envelope
me_land_3595,WILD,0.5233211,0.2760137,me_anduin_vale_region,1,,no,deliberately unclaimed,wild_buffer
me_land_3596,WDM,0.5667888,0.3097215,me_mirkwood_region,3,0.0136469,no,Arda Maps Mirkwood polygon: western Woodmen settlements; Woodmen settlements in western Mirkwood; Woodmen clearings along western and central Mirkwood,accepted_source_zone_overlap
me_land_3597,SHI,0.3330891,0.2647777,me_shire_breeland_region,1,0.0442483,no,Shire bounds west of the Brandywine,accepted_source_side_envelope
me_land_3598,WILD,0.4083028,0.2838300,me_north_arnor_region,1,,no,deliberately unclaimed,wild_unclaimed
me_land_3599,WILD,0.3980464,0.2017587,me_north_arnor_region,1,,no,deliberately unclaimed,wild_unclaimed
me_land_3600,RH2,0.8007326,0.3111871,me_rhun_region,9,0.0388405,no,southeastern Rhûn wain-kingdom beyond the Sea of Rhûn,accepted_frontier_polygon
me_land_3601,RHU,0.7457875,0.1548608,me_rhun_region,1,0.1067541,no,western Rhûn polity north and east of Dorwinion,accepted_frontier_polygon
me_land_3602,LOR,0.5145299,0.3727406,me_anduin_vale_region,1,0.0191519,no,Arda Maps Golden Wood / Naith physical polygon; Naith between Misty foothills and Anduin; Lothlórien's Naith east of the Misty crest and west of Anduin,accepted_source_zone_overlap
me_land_3603,WILD,0.4402930,0.2291158,me_north_arnor_region,1,,no,deliberately unclaimed,wild_unclaimed
me_land_3604,WILD,0.8148962,0.6389839,me_mordor_region,9,,no,deliberately unclaimed,wild_unclaimed
me_land_3605,UMB,0.5873016,0.8510015,me_near_harad_region,9,0.1768904,no,Umbar coast and corsair hinterland,accepted_source_side_envelope
me_land_3606,WILD,0.6962149,0.8417196,me_khand_region,10,,no,deliberately unclaimed,wild_unclaimed
me_land_3607,WILD,0.6742369,0.2305813,me_rhun_region,1,,no,deliberately unclaimed,wild_unclaimed
me_land_3608,WILD,0.8068376,0.0635076,me_northern_wastes_region,1,,no,deliberately unclaimed,wild_forodwaith
me_land_3609,MOR,0.6896215,0.5520274,me_mordor_region,1,0.0936369,no,Mordor inside the source-reviewed Ered Lithui and Ephel Duath enclosure,accepted_frontier_polygon
me_land_3610,UMB,0.5418803,0.8085002,me_near_harad_region,9,0.1425722,no,Umbar coast and corsair hinterland,accepted_source_side_envelope
me_land_3611,RH3,0.8097680,0.2677088,me_rhun_region,9,0.0707337,no,northeastern Rhûn confederation beyond the Iron Hills,accepted_frontier_polygon
me_land_3612,WILD,0.6820513,0.0845139,me_northern_wastes_region,5,,no,deliberately unclaimed,wild_forodwaith
me_land_3613,WILD,0.4271062,0.1416707,me_north_arnor_region,1,,no,deliberately unclaimed,wild_unclaimed
me_land_3614,WILD,0.5479853,0.3878847,me_anduin_vale_region,9,,no,deliberately unclaimed,wild_unclaimed
me_land_3615,WILD,0.4405372,0.1172447,me_angmar_region,5,,no,deliberately unclaimed,wild_unclaimed
me_land_3616,WILD,0.7142857,0.8597948,me_khand_region,10,,no,deliberately unclaimed,wild_unclaimed
me_land_3617,WILD,0.3379731,0.1944309,me_north_arnor_region,1,,no,deliberately unclaimed,wild_unclaimed
me_land_3618,GON,0.4261294,0.5740107,me_belfalas_region,1,0.3063545,no,Gondor fiefs from Anfalas to the Anduin,accepted_source_side_envelope
me_land_3619,WILD,0.4271062,0.1597460,me_north_arnor_region,1,,no,deliberately unclaimed,wild_unclaimed
me_land_3620,DUN,0.4214896,0.4684905,me_enedwaith_region,1,0.0209036,no,"Dunland lowlands west of Isen and the Gap, south of Glanduin",accepted_frontier_polygon
me_land_3621,WILD,0.3863248,0.1934538,me_north_arnor_region,1,,no,deliberately unclaimed,wild_unclaimed
me_land_3622,HRA,0.6859585,0.8690767,me_near_harad_region,10,0.0219364,no,"Qarsad's inland Near Harad sphere, separated from Harnendor and Khand",accepted_frontier_polygon
me_land_3623,UMB,0.5479853,0.8568637,me_near_harad_region,9,0.1099518,no,Umbar coast and corsair hinterland,accepted_source_side_envelope
me_land_3624,UMB,0.5753358,0.8861749,me_near_harad_region,9,0.1403945,no,Umbar coast and corsair hinterland,accepted_source_side_envelope
me_land_3625,WILD,0.4813187,0.1768442,me_north_arnor_region,1,,no,deliberately unclaimed,wild_unclaimed
me_land_3626,WILD,0.6163614,0.5613092,me_ithilien_region,8,,no,deliberately unclaimed,wild_ithilien
me_land_3627,HNE,0.6019536,0.7601368,me_near_harad_region,9,0.0809435,no,Harnendor between the Poros approaches and the Harnen,accepted_frontier_polygon
me_land_3628,RH3,0.7931624,0.1338544,me_rhun_region,1,0.0851837,no,northeastern Rhûn confederation beyond the Iron Hills,accepted_frontier_polygon
me_land_3629,LOS,0.3814408,0.0532487,me_forochel_region,5,0.0800587,no,Lossoth settlements around the Icebay,accepted_source_side_envelope
me_land_3630,GON,0.6847375,0.7410845,me_south_gondor_region,1,0.2495461,no,Gondor fiefs from Anfalas to the Anduin,accepted_source_side_envelope
me_land_3631,WILD,0.6117216,0.2857841,me_mirkwood_region,1,,no,deliberately unclaimed,wild_unclaimed
me_land_3632,LOS,0.3069597,0.0766976,me_forochel_region,5,0.0707386,no,Lossoth settlements around the Icebay,accepted_source_side_envelope
me_land_3633,WILD,0.7780220,0.5109917,me_rhun_region,9,,no,deliberately unclaimed,wild_unclaimed
me_land_3634,UMB,0.5435897,0.9706888,me_umbar_region,10,0.0763946,no,Umbar coast and corsair hinterland,accepted_source_side_envelope
me_land_3635,ROH,0.5355311,0.5505618,me_rohan_region,1,0.0747594,no,"The Mark between Isen, Anduin, and White Mountains",accepted_source_side_envelope
me_land_3636,HFA,0.6341880,0.9496825,me_far_harad_region,10,0.0985197,no,represented northern fringe of Far Harad,accepted_frontier_polygon
me_land_3637,WILD,0.7704518,0.6765999,me_mordor_region,9,,no,deliberately unclaimed,wild_unclaimed
me_land_3638,WILD,0.5997558,0.6277479,me_ithilien_region,1,,no,deliberately unclaimed,wild_ithilien
me_land_3639,WILD,0.4356532,0.2642892,me_north_arnor_region,1,,no,deliberately unclaimed,wild_buffer
me_land_3640,WILD,0.3448107,0.3996092,me_enedwaith_region,1,,no,deliberately unclaimed,wild_enedwaith
me_land_3641,WILD,0.5770452,0.0063508,me_northern_wastes_region,5,,no,deliberately unclaimed,wild_forodwaith
me_land_3642,WILD,0.6803419,0.0009770,me_northern_wastes_region,5,,no,deliberately unclaimed,wild_forodwaith
me_land_3643,WILD,0.7914530,0.6316561,me_mordor_region,9,,no,deliberately unclaimed,wild_unclaimed
me_land_3644,ROH,0.5308913,0.5285784,me_rohan_region,1,0.0651987,no,"The Mark between Isen, Anduin, and White Mountains",accepted_source_side_envelope
me_land_3645,KHA,0.7719170,0.7274060,me_khand_region,9,0.0352413,no,"Khand east and southeast of Mordor, excluding Far Harad",accepted_frontier_polygon
me_land_3646,WILD,0.5763126,0.3942355,me_brown_lands_region,9,,no,deliberately unclaimed,wild_unclaimed
me_land_3647,WILD,0.8009768,0.5901319,me_mordor_region,9,,no,deliberately unclaimed,wild_unclaimed
me_land_3648,GON,0.3794872,0.6316561,me_belfalas_region,1,0.3978829,no,Gondor fiefs from Anfalas to the Anduin,accepted_source_side_envelope
me_land_3649,LIN,0.2678877,0.2716170,me_lindon_region,1,0.0942180,no,Lindon west of the Blue Mountains,accepted_source_side_envelope
me_land_3650,ROH,0.5609280,0.4567660,me_rohan_region,9,0.1488616,no,"The Mark between Isen, Anduin, and White Mountains",accepted_source_side_envelope
me_land_3651,HFA,0.6727717,0.9765511,me_far_harad_region,10,0.1768613,no,represented northern fringe of Far Harad,accepted_frontier_polygon
me_land_3652,WILD,0.7159951,0.9789936,me_far_harad_region,10,,no,deliberately unclaimed,wild_unclaimed
me_land_3653,KHA,0.7892552,0.7552516,me_khand_region,9,0.0701967,no,"Khand east and southeast of Mordor, excluding Far Harad",accepted_frontier_polygon
me_land_3654,WILD,0.4967033,0.0459209,me_northern_wastes_region,5,,no,deliberately unclaimed,wild_forodwaith
me_land_3655,WILD,0.6608059,0.2774792,me_rhun_region,9,,no,deliberately unclaimed,wild_unclaimed
me_land_3656,MOR,0.6227106,0.5891549,me_mordor_region,8,0.0454593,no,Mordor inside the source-reviewed Ered Lithui and Ephel Duath enclosure,accepted_frontier_polygon
me_land_3657,WILD,0.4229548,0.3121641,me_enedwaith_region,1,,no,deliberately unclaimed,wild_unclaimed
me_land_3658,MOR,0.6583639,0.5344406,me_mordor_region,1,0.0484336,no,Mordor inside the source-reviewed Ered Lithui and Ephel Duath enclosure,accepted_frontier_polygon
me_land_3659,WILD,0.4612943,0.1690278,me_north_arnor_region,1,,no,deliberately unclaimed,wild_unclaimed
me_land_3660,MOR,0.6483516,0.5256473,me_mordor_region,9,0.0486301,no,Mordor inside the source-reviewed Ered Lithui and Ephel Duath enclosure,accepted_frontier_polygon
me_land_3661,GON,0.4019536,0.6707377,me_belfalas_region,1,0.3574064,no,Gondor fiefs from Anfalas to the Anduin,accepted_source_side_envelope
me_land_3662,WILD,0.4720391,0.2217880,me_north_arnor_region,2,,no,deliberately unclaimed,wild_unclaimed
me_land_3663,WILD,0.8036630,0.5862237,me_mordor_region,9,,no,deliberately unclaimed,wild_unclaimed
me_land_3664,WILD,0.7194139,0.5442110,me_mordor_region,9,,no,deliberately unclaimed,wild_unclaimed
me_land_3665,RHU,0.7374847,0.1553493,me_rhun_region,1,0.1148378,no,western Rhûn polity north and east of Dorwinion,accepted_frontier_polygon
me_land_3666,WILD,0.4686203,0.1548608,me_north_arnor_region,1,,no,deliberately unclaimed,wild_unclaimed
me_land_3667,WILD,0.4017094,0.0532487,me_angmar_region,5,,no,deliberately unclaimed,wild_unclaimed
me_land_3668,UMB,0.5413919,0.8656571,me_umbar_region,9,0.0945115,no,Umbar coast and corsair hinterland,accepted_source_side_envelope
me_land_3669,WILD,0.6031746,0.4963361,me_brown_lands_region,1,,no,deliberately unclaimed,wild_unclaimed
me_land_3670,MOA,0.4915751,0.3302394,me_anduin_vale_region,1,0.0061317,no,occupied-approach: The Redhorn Gate is Moria's immediate western approach.,accepted_required_frontier_owner
me_land_3671,RH3,0.8046398,0.1480215,me_rhun_region,1,0.0603780,no,northeastern Rhûn confederation beyond the Iron Hills,accepted_frontier_polygon
me_land_3672,WILD,0.6427350,0.3375672,me_mirkwood_region,9,,no,deliberately unclaimed,wild_unclaimed
me_land_3673,WILD,0.3599512,0.3194919,me_enedwaith_region,1,,no,deliberately unclaimed,wild_unclaimed
me_land_3674,WILD,0.3389499,0.3600391,me_enedwaith_region,1,,no,deliberately unclaimed,wild_enedwaith
me_land_3675,WILD,0.7477411,0.9956033,me_far_harad_region,10,,no,deliberately unclaimed,wild_unclaimed
me_land_3676,WILD,0.3992674,0.2833415,me_shire_breeland_region,1,,no,deliberately unclaimed,wild_buffer
me_land_3677,RHU,0.7448107,0.2188569,me_rhun_region,1,0.0592274,no,western Rhûn polity north and east of Dorwinion,accepted_frontier_polygon
me_land_3678,WILD,0.6649573,0.4748412,me_rhun_region,9,,no,deliberately unclaimed,wild_unclaimed
me_land_3679,WILD,0.5035409,0.4025403,me_anduin_vale_region,3,,no,deliberately unclaimed,wild_unclaimed
me_land_3680,ROH,0.5164835,0.5119687,me_rohan_region,1,0.0443271,no,"The Mark between Isen, Anduin, and White Mountains",accepted_source_side_envelope
me_land_3681,WILD,0.6131868,0.0366390,me_northern_wastes_region,5,,no,deliberately unclaimed,wild_forodwaith
me_land_3682,WOO,0.5980464,0.2398632,me_mirkwood_region,3,0.0876306,no,Arda Maps Mirkwood polygon: northern/eastern Woodland Realm; Thranduil's northern and eastern Mirkwood; Woodland Realm in northern and northeastern Mirkwood,accepted_source_zone_overlap
me_land_3683,KHA,0.7904762,0.7386419,me_khand_region,9,0.0705927,no,"Khand east and southeast of Mordor, excluding Far Harad",accepted_frontier_polygon
me_land_3684,WILD,0.7445665,0.9633610,me_far_harad_region,10,,no,deliberately unclaimed,wild_unclaimed
me_land_3685,WDM,0.5868132,0.2779678,me_mirkwood_region,3,0.0542973,no,Arda Maps Mirkwood polygon: western Woodmen settlements; Woodmen settlements in western Mirkwood; Woodmen clearings along western and central Mirkwood,accepted_source_zone_overlap
me_land_3686,WDM,0.5543346,0.2765022,me_mirkwood_region,1,0.0280568,no,Arda Maps Mirkwood polygon: western Woodmen settlements; Woodmen settlements in western Mirkwood; Woodmen clearings along western and central Mirkwood,accepted_source_zone_overlap
me_land_3687,RH3,0.8256410,0.1323889,me_rhun_region,1,0.0685460,no,northeastern Rhûn confederation beyond the Iron Hills,accepted_frontier_polygon
me_land_3688,UMB,0.5391941,0.8216903,me_near_harad_region,9,0.1283838,no,Umbar coast and corsair hinterland,accepted_source_side_envelope
me_land_3689,WILD,0.3606838,0.4553004,me_enedwaith_region,1,,no,deliberately unclaimed,wild_enedwaith
me_land_3690,WILD,0.4634921,0.3478261,me_enedwaith_region,1,,no,abandoned: The long-ruined Eregion capital is not a surviving realm's holding.,accepted_required_frontier_owner
me_land_3691,MOR,0.6512821,0.5109917,me_mordor_region,9,0.0641698,no,Mordor inside the source-reviewed Ered Lithui and Ephel Duath enclosure,accepted_frontier_polygon
me_land_3692,HRA,0.6891331,0.9228139,me_far_harad_region,10,0.0599023,no,"Qarsad's inland Near Harad sphere, separated from Harnendor and Khand",accepted_frontier_polygon
me_land_3693,WILD,0.6576313,0.4787494,me_brown_lands_region,9,,no,deliberately unclaimed,wild_unclaimed
me_land_3694,WILD,0.6717949,0.2071324,me_rhun_region,1,,no,deliberately unclaimed,wild_unclaimed
me_land_3695,KHA,0.7330891,0.7821202,me_khand_region,9,0.0621386,no,"Khand east and southeast of Mordor, excluding Far Harad",accepted_frontier_polygon
me_land_3696,GON,0.4400488,0.5872008,me_belfalas_region,1,0.2772872,no,Gondor fiefs from Anfalas to the Anduin,accepted_source_side_envelope
me_land_3697,WOO,0.5792430,0.2154372,me_dale_region,3,0.0576702,no,Arda Maps Mirkwood polygon: northern/eastern Woodland Realm; Thranduil's northern and eastern Mirkwood; Woodland Realm in northern and northeastern Mirkwood,accepted_source_zone_overlap
me_land_3698,WILD,0.7413919,0.0830484,me_northern_wastes_region,1,,no,deliberately unclaimed,wild_forodwaith
me_land_3699,LOS,0.3228327,0.0107474,me_forochel_region,5,0.0666699,no,Lossoth settlements around the Icebay,accepted_source_side_envelope
me_land_3700,GON,0.5211233,0.5955056,me_belfalas_region,1,0.1151769,no,Gondor fiefs from Anfalas to the Anduin,accepted_source_side_envelope
me_land_3701,LIN,0.2805861,0.3263312,me_lindon_region,1,0.1153026,no,Lindon west of the Blue Mountains,accepted_source_side_envelope
me_land_3702,MOR,0.6420024,0.7088422,me_mordor_region,8,0.1353933,no,Mordor inside the source-reviewed Ered Lithui and Ephel Duath enclosure,accepted_frontier_polygon
me_land_3703,HRA,0.6153846,0.8583293,me_near_harad_region,9,0.1198006,no,"Qarsad's inland Near Harad sphere, separated from Harnendor and Khand",accepted_frontier_polygon
me_land_3704,MOR,0.6818071,0.5105032,me_mordor_region,9,0.0983452,no,Mordor inside the source-reviewed Ered Lithui and Ephel Duath enclosure,accepted_frontier_polygon
me_land_3705,GON,0.6542125,0.7567171,me_south_gondor_region,9,0.2104242,no,Gondor fiefs from Anfalas to the Anduin,accepted_source_side_envelope
me_land_3706,WILD,0.5352869,0.4157303,me_anduin_vale_region,1,,no,deliberately unclaimed,wild_unclaimed
me_land_3707,WILD,0.4857143,0.1626771,me_north_arnor_region,1,,no,deliberately unclaimed,wild_unclaimed
me_land_3708,HRA,0.7216117,0.9208598,me_far_harad_region,10,0.1061948,no,"Qarsad's inland Near Harad sphere, separated from Harnendor and Khand",accepted_frontier_polygon
me_land_3709,WILD,0.3211233,0.2623351,me_shire_breeland_region,1,,no,deliberately unclaimed,wild_buffer
me_land_3710,WILD,0.6105006,0.3932584,me_brown_lands_region,9,,no,deliberately unclaimed,wild_unclaimed
me_land_3711,WILD,0.6307692,0.4025403,me_brown_lands_region,9,,no,deliberately unclaimed,wild_unclaimed
me_land_3712,MOR,0.6341880,0.6482658,me_mordor_region,8,0.0773141,no,Mordor inside the source-reviewed Ered Lithui and Ephel Duath enclosure,accepted_frontier_polygon
me_land_3713,DOR,0.6884005,0.4313630,me_rhun_region,9,0.0804768,no,Dorwinion around the northwest Sea of Rhûn,accepted_source_side_envelope
me_land_3714,WILD,0.7782662,0.5525159,me_mordor_region,9,,no,deliberately unclaimed,wild_unclaimed
me_land_3715,ROH,0.5098901,0.5007328,me_rohan_region,1,0.0437793,no,"The Mark between Isen, Anduin, and White Mountains",accepted_source_side_envelope
me_land_3716,RHU,0.7267399,0.1797753,me_rhun_region,1,0.1114327,no,western Rhûn polity north and east of Dorwinion,accepted_frontier_polygon
me_land_3717,WILD,0.4065934,0.3693210,me_enedwaith_region,1,,no,deliberately unclaimed,wild_enedwaith
me_land_3718,GON,0.3873016,0.6130923,me_belfalas_region,1,0.3817371,no,Gondor fiefs from Anfalas to the Anduin,accepted_source_side_envelope
me_land_3719,UMB,0.5299145,0.9433317,me_umbar_region,9,0.0412602,no,Umbar coast and corsair hinterland,accepted_source_side_envelope
me_land_3720,WILD,0.6207570,0.3781143,me_mirkwood_region,9,,no,deliberately unclaimed,wild_unclaimed
me_land_3721,WILD,0.4158730,0.3712750,me_enedwaith_region,1,,no,deliberately unclaimed,wild_enedwaith
me_land_3722,RH2,0.7445665,0.3321935,me_rhun_region,2,0.1122878,no,southeastern Rhûn wain-kingdom beyond the Sea of Rhûn,accepted_frontier_polygon
me_land_3723,WILD,0.7184371,0.4963361,me_rhun_region,9,,no,deliberately unclaimed,wild_unclaimed
me_land_3724,UMB,0.5565324,0.8373229,me_near_harad_region,1,0.1358847,no,Umbar coast and corsair hinterland,accepted_source_side_envelope
me_land_3725,MOR,0.6561661,0.5285784,me_mordor_region,9,0.0510484,no,Mordor inside the source-reviewed Ered Lithui and Ephel Duath enclosure,accepted_frontier_polygon
me_land_3726,WILD,0.4688645,0.4196385,me_enedwaith_region,1,,no,deliberately unclaimed,wild_unclaimed
me_land_3727,DUN,0.4451770,0.5061065,me_enedwaith_region,1,0.0483655,no,"Dunland lowlands west of Isen and the Gap, south of Glanduin",accepted_frontier_polygon
me_land_3728,WILD,0.6039072,0.4318515,me_brown_lands_region,9,,no,deliberately unclaimed,wild_unclaimed
me_land_3729,RH3,0.8024420,0.1558378,me_rhun_region,1,0.0564219,no,northeastern Rhûn confederation beyond the Iron Hills,accepted_frontier_polygon
me_land_3730,GON,0.4124542,0.6546165,me_belfalas_region,1,0.3342468,no,Gondor fiefs from Anfalas to the Anduin,accepted_source_side_envelope
me_land_3731,WILD,0.4534799,0.3649243,me_enedwaith_region,1,,no,deliberately unclaimed,wild_unclaimed
me_land_3732,WILD,0.4166056,0.5359062,me_enedwaith_region,1,,no,deliberately unclaimed,wild_unclaimed
me_land_3733,MOR,0.6715507,0.5266243,me_mordor_region,9,0.0722708,no,Mordor inside the source-reviewed Ered Lithui and Ephel Duath enclosure,accepted_frontier_polygon
me_land_3734,DOR,0.6869353,0.3361016,me_rhun_region,9,0.0158039,no,Dorwinion around the northwest Sea of Rhûn,accepted_source_side_envelope
me_land_3735,HNE,0.5919414,0.7860283,me_near_harad_region,9,0.0941344,no,Harnendor between the Poros approaches and the Harnen,accepted_frontier_polygon
me_land_3736,WOO,0.5645910,0.1538837,me_mirkwood_region,3,0.0356572,no,Arda Maps Mirkwood polygon: northern/eastern Woodland Realm; Thranduil's northern and eastern Mirkwood; Woodland Realm in northern and northeastern Mirkwood,accepted_source_zone_overlap
me_land_3737,WILD,0.5943834,0.8402540,me_near_harad_region,1,,no,deliberately unclaimed,wild_unclaimed
me_land_3738,RH2,0.7980464,0.4308745,me_rhun_region,9,0.0809688,no,southeastern Rhûn wain-kingdom beyond the Sea of Rhûn,accepted_frontier_polygon
me_land_3739,MOR,0.7050061,0.5994138,me_mordor_region,8,0.1246297,no,Mordor inside the source-reviewed Ered Lithui and Ephel Duath enclosure,accepted_frontier_polygon
me_land_3740,RH3,0.8217338,0.1851490,me_rhun_region,1,0.0152505,no,northeastern Rhûn confederation beyond the Iron Hills,accepted_frontier_polygon
me_land_3741,WILD,0.6522589,0.2794333,me_rhun_region,9,,no,deliberately unclaimed,wild_unclaimed
me_land_3742,DAL,0.5931624,0.1504641,me_dale_region,1,0.0173534,no,Dale and the upper Celduin plain,accepted_source_side_envelope
me_land_3743,WILD,0.3235653,0.1978505,me_north_arnor_region,1,,no,deliberately unclaimed,wild_unclaimed
me_land_3744,RH2,0.7792430,0.3126527,me_rhun_region,9,0.0558412,no,southeastern Rhûn wain-kingdom beyond the Sea of Rhûn,accepted_frontier_polygon
me_land_3745,RH3,0.8210012,0.2193454,me_rhun_region,9,0.0194487,no,northeastern Rhûn confederation beyond the Iron Hills,accepted_frontier_polygon
me_land_3746,ERE,0.5941392,0.1392281,me_dale_region,1,0.0112373,no,Lonely Mountain and its immediate source-centred approaches,accepted_frontier_polygon
me_land_3747,GON,0.4146520,0.6409380,me_belfalas_region,1,0.3283726,no,Gondor fiefs from Anfalas to the Anduin,accepted_source_side_envelope
me_land_3748,MOR,0.7020757,0.6638984,me_mordor_region,8,0.1470948,no,Mordor inside the source-reviewed Ered Lithui and Ephel Duath enclosure,accepted_frontier_polygon
me_land_3749,WILD,0.5489621,0.4240352,me_anduin_vale_region,9,,no,deliberately unclaimed,wild_unclaimed
me_land_3750,MOR,0.6608059,0.6096727,me_mordor_region,1,0.0492994,no,Mordor inside the source-reviewed Ered Lithui and Ephel Duath enclosure,accepted_frontier_polygon
me_land_3751,KHA,0.7054945,0.7591597,me_khand_region,9,0.1015110,no,"Khand east and southeast of Mordor, excluding Far Harad",accepted_frontier_polygon
me_land_3752,WILD,0.3543346,0.4035173,me_enedwaith_region,1,,no,deliberately unclaimed,wild_enedwaith
me_land_3753,MOA,0.4945055,0.3678554,me_anduin_vale_region,1,0.0335867,no,Moria and immediate Dimrill/Sirannon approaches,accepted_source_side_envelope
me_land_3754,WILD,0.5284493,0.3004397,me_anduin_vale_region,1,,no,deliberately unclaimed,wild_unclaimed
me_land_3755,WILD,0.7540904,0.0097704,me_northern_wastes_region,5,,no,deliberately unclaimed,wild_forodwaith
me_land_3756,HRA,0.6678877,0.9394235,me_far_harad_region,10,0.0708659,no,"Qarsad's inland Near Harad sphere, separated from Harnendor and Khand",accepted_frontier_polygon
me_land_3757,HNE,0.6442002,0.8368344,me_near_harad_region,9,0.0447978,no,Harnendor between the Poros approaches and the Harnen,accepted_frontier_polygon
me_land_3758,RHU,0.7489621,0.2857841,me_rhun_region,9,0.0552346,no,western Rhûn polity north and east of Dorwinion,accepted_frontier_polygon
me_land_3759,WDM,0.5540904,0.2848070,me_mirkwood_region,1,0.0219334,no,Arda Maps Mirkwood polygon: western Woodmen settlements; Woodmen settlements in western Mirkwood; Woodmen clearings along western and central Mirkwood,accepted_source_zone_overlap
me_land_3760,WILD,0.8361416,0.9101124,me_far_harad_region,10,,no,deliberately unclaimed,wild_unclaimed
me_land_3761,WILD,0.6319902,0.4245237,me_brown_lands_region,9,,no,deliberately unclaimed,wild_unclaimed
me_land_3762,SHI,0.3614164,0.2589155,me_shire_breeland_region,1,0.0424805,no,Shire bounds west of the Brandywine,accepted_source_side_envelope
me_land_3763,ESG,0.5894994,0.1871031,me_dale_region,3,0.0319818,no,Lake-town and Long Lake shore,accepted_source_side_envelope
me_land_3764,WILD,0.8092796,0.5920860,me_mordor_region,9,,no,deliberately unclaimed,wild_unclaimed
me_land_3765,MOA,0.4962149,0.3097215,me_anduin_vale_region,1,0.0286187,no,moria-mountain: Caradhras resolves to Moria's immediate mountain approach.,accepted_required_frontier_owner
me_land_3766,RHU,0.7860806,0.2789448,me_rhun_region,9,0.0432683,no,western Rhûn polity north and east of Dorwinion,accepted_frontier_polygon
me_land_3767,RH2,0.8124542,0.3067904,me_rhun_region,9,0.0498748,no,southeastern Rhûn wain-kingdom beyond the Sea of Rhûn,accepted_frontier_polygon
me_land_3768,ROH,0.5345543,0.5373718,me_rohan_region,1,0.0718008,no,"The Mark between Isen, Anduin, and White Mountains",accepted_source_side_envelope
me_land_3769,LIN,0.3045177,0.3531998,me_lindon_region,2,0.1273534,no,Lindon west of the Blue Mountains,accepted_source_side_envelope
me_land_3770,HRA,0.6190476,0.8558867,me_near_harad_region,9,0.1127912,no,"Qarsad's inland Near Harad sphere, separated from Harnendor and Khand",accepted_frontier_polygon
me_land_3771,KHA,0.6923077,0.7547631,me_khand_region,9,0.1268015,no,"Khand east and southeast of Mordor, excluding Far Harad",accepted_frontier_polygon
me_land_3772,HRA,0.6896215,0.8656571,me_near_harad_region,10,0.0295637,no,"Qarsad's inland Near Harad sphere, separated from Harnendor and Khand",accepted_frontier_polygon
me_land_3773,UMB,0.4998779,0.8866634,me_umbar_region,1,0.0527482,no,Umbar coast and corsair hinterland,accepted_source_side_envelope
me_land_3774,WILD,0.4112332,0.4035173,me_enedwaith_region,1,,no,deliberately unclaimed,wild_enedwaith
me_land_3775,WILD,0.6989011,0.8544211,me_khand_region,10,,no,deliberately unclaimed,wild_unclaimed
me_land_3776,WILD,0.6798535,0.0205178,me_northern_wastes_region,5,,no,deliberately unclaimed,wild_forodwaith
me_land_3777,GON,0.4315018,0.6257938,me_belfalas_region,1,0.2936904,no,Gondor fiefs from Anfalas to the Anduin,accepted_source_side_envelope
me_land_3778,WILD,0.3746032,0.5515388,me_enedwaith_region,1,,no,deliberately unclaimed,wild_unclaimed
me_land_3779,RHU,0.7406593,0.3160723,me_rhun_region,1,0.0883688,no,western Rhûn polity north and east of Dorwinion,accepted_frontier_polygon
me_land_3780,WOO,0.5626374,0.1802638,me_mirkwood_region,3,0.0451367,no,Arda Maps Mirkwood polygon: northern/eastern Woodland Realm; Thranduil's northern and eastern Mirkwood; Woodland Realm in northern and northeastern Mirkwood,accepted_source_zone_overlap
me_land_3781,MOR,0.6246642,0.5803615,me_mordor_region,8,0.0393760,no,Mordor inside the source-reviewed Ered Lithui and Ephel Duath enclosure,accepted_frontier_polygon
me_land_3782,HNE,0.5882784,0.7787005,me_near_harad_region,9,0.1022287,no,Harnendor between the Poros approaches and the Harnen,accepted_frontier_polygon
me_land_3783,GON,0.4100122,0.5832926,me_belfalas_region,1,0.3374754,no,Gondor fiefs from Anfalas to the Anduin,accepted_source_side_envelope
me_land_3784,WILD,0.6161172,0.3986321,me_brown_lands_region,9,,no,deliberately unclaimed,wild_unclaimed
me_land_3785,ISE,0.4532357,0.4382022,me_enedwaith_region,1,0.0357811,no,compact Nan Curunir vale north of the Fords of Isen,accepted_frontier_polygon
me_land_3786,KHA,0.7875458,0.8104543,me_khand_region,10,0.0968414,no,"Khand east and southeast of Mordor, excluding Far Harad",accepted_frontier_polygon
me_land_3787,WILD,0.7098901,0.1172447,me_northern_wastes_region,1,,no,deliberately unclaimed,wild_forodwaith
me_land_3788,RH2,0.8141636,0.4225696,me_rhun_region,9,0.0779024,no,southeastern Rhûn wain-kingdom beyond the Sea of Rhûn,accepted_frontier_polygon
me_land_3789,LOS,0.3958486,0.0752320,me_forochel_region,5,0.1083785,no,Lossoth settlements around the Icebay,accepted_source_side_envelope
me_land_3790,WILD,0.7504274,0.4997557,me_rhun_region,9,,no,deliberately unclaimed,wild_unclaimed
me_land_3791,WILD,0.7743590,0.0166097,me_northern_wastes_region,1,,no,deliberately unclaimed,wild_forodwaith
me_land_3792,WILD,0.5763126,0.4372252,me_brown_lands_region,9,,no,deliberately unclaimed,wild_unclaimed
me_land_3793,RHU,0.7741148,0.2242306,me_rhun_region,9,0.0270516,no,western Rhûn polity north and east of Dorwinion,accepted_frontier_polygon
me_land_3794,UMB,0.5443223,0.8993649,me_umbar_region,9,0.0782804,no,Umbar coast and corsair hinterland,accepted_source_side_envelope
me_land_3795,MOR,0.6561661,0.5109917,me_mordor_region,9,0.0670497,no,Mordor inside the source-reviewed Ered Lithui and Ephel Duath enclosure,accepted_frontier_polygon
me_land_3796,GON,0.5777778,0.6741573,me_south_gondor_region,1,0.0628661,no,Gondor fiefs from Anfalas to the Anduin,accepted_source_side_envelope
me_land_3797,WILD,0.4170940,0.3048363,me_enedwaith_region,1,,no,deliberately unclaimed,wild_unclaimed
me_land_3798,RH2,0.8026862,0.3800684,me_rhun_region,9,0.0305446,no,southeastern Rhûn wain-kingdom beyond the Sea of Rhûn,accepted_frontier_polygon
me_land_3799,DOR,0.7042735,0.2877382,me_rhun_region,1,0.0746386,no,Dorwinion around the northwest Sea of Rhûn,accepted_source_side_envelope
me_land_3800,WILD,0.6888889,0.5007328,me_rhun_region,9,,no,deliberately unclaimed,wild_unclaimed
me_land_3801,WILD,0.7035409,0.8138740,me_khand_region,10,,no,deliberately unclaimed,wild_unclaimed
me_land_3802,RHU,0.7394383,0.1895457,me_rhun_region,1,0.0859697,no,western Rhûn polity north and east of Dorwinion,accepted_frontier_polygon
me_land_3803,BEO,0.5477411,0.1729360,me_mirkwood_region,3,0.0378644,no,Beorning crossings and upper Anduin vales,accepted_source_side_envelope
me_land_3804,WILD,0.4202686,0.3082560,me_enedwaith_region,1,,no,deliberately unclaimed,wild_unclaimed
me_land_3805,MOR,0.6354090,0.5652174,me_mordor_region,1,0.0191726,no,Mordor inside the source-reviewed Ered Lithui and Ephel Duath enclosure,accepted_frontier_polygon
me_land_3806,RHU,0.6913309,0.2188569,me_rhun_region,1,0.1603908,no,western Rhûn polity north and east of Dorwinion,accepted_frontier_polygon
me_land_3807,WILD,0.7328449,0.9916952,me_far_harad_region,10,,no,deliberately unclaimed,wild_unclaimed
me_land_3808,WILD,0.7938950,0.0429897,me_northern_wastes_region,1,,no,deliberately unclaimed,wild_forodwaith
me_land_3809,UMB,0.5470085,0.9604299,me_umbar_region,10,0.0787267,no,Umbar coast and corsair hinterland,accepted_source_side_envelope
me_land_3810,KHA,0.7931624,0.7205667,me_khand_region,9,0.0780359,no,"Khand east and southeast of Mordor, excluding Far Harad",accepted_frontier_polygon
me_land_3811,WILD,0.7709402,0.1025892,me_northern_wastes_region,1,,no,deliberately unclaimed,wild_forodwaith
me_land_3812,WILD,0.6126984,0.3150953,me_mirkwood_region,9,,no,deliberately unclaimed,wild_unclaimed
me_land_3813,HFA,0.6239316,0.9643381,me_far_harad_region,10,0.0784212,no,represented northern fringe of Far Harad,accepted_frontier_polygon
me_land_3814,GON,0.5658120,0.6023449,me_anorien_region,1,0.0262832,no,Gondor fiefs from Anfalas to the Anduin,accepted_source_side_envelope
me_land_3815,WILD,0.5926740,0.8954568,me_near_harad_region,10,,no,deliberately unclaimed,wild_unclaimed
me_land_3816,GON,0.5389499,0.7093307,me_lebennin_region,1,0.1255509,no,Gondor fiefs from Anfalas to the Anduin,accepted_source_side_envelope
me_land_3817,HFA,0.6656899,0.9711773,me_far_harad_region,10,0.1621885,no,represented northern fringe of Far Harad,accepted_frontier_polygon
me_land_3818,WILD,0.6141636,0.4723986,me_brown_lands_region,9,,no,deliberately unclaimed,wild_unclaimed
me_land_3819,WILD,0.7958486,0.0014656,me_northern_wastes_region,1,,no,deliberately unclaimed,wild_forodwaith
me_land_3820,HFA,0.5746032,0.9521251,me_far_harad_region,10,0.0209915,no,represented northern fringe of Far Harad,accepted_frontier_polygon
me_land_3821,RAN,0.4747253,0.2598925,me_north_arnor_region,1,0.0101224,no,The Angle and immediate Ranger refuge,accepted_source_side_envelope
me_land_3822,WILD,0.8349206,0.4596971,me_rhun_region,9,,no,deliberately unclaimed,wild_unclaimed
me_land_3823,GON,0.5274725,0.5627748,me_anorien_region,1,0.1124030,no,Gondor fiefs from Anfalas to the Anduin,accepted_source_side_envelope
me_land_3824,RHU,0.7335775,0.1289692,me_rhun_region,1,0.1412616,no,western Rhûn polity north and east of Dorwinion,accepted_frontier_polygon
me_land_3825,WILD,0.8126984,0.6209086,me_mordor_region,9,,no,deliberately unclaimed,wild_unclaimed
me_land_3826,WILD,0.7130647,0.8764045,me_khand_region,10,,no,deliberately unclaimed,wild_unclaimed
me_land_3827,WDM,0.5531136,0.2926234,me_mirkwood_region,1,0.0192429,no,Arda Maps Mirkwood polygon: western Woodmen settlements; Woodmen settlements in western Mirkwood; Woodmen clearings along western and central Mirkwood,accepted_source_zone_overlap
me_land_3828,BRE,0.4021978,0.2442599,me_shire_breeland_region,1,0.0123064,no,Bree-land's four-village crossroads,accepted_source_side_envelope
me_land_3829,WILD,0.5880342,0.3947240,me_brown_lands_region,1,,no,deliberately unclaimed,wild_unclaimed
me_land_3830,WILD,0.4727717,0.2271617,me_north_arnor_region,2,,no,deliberately unclaimed,wild_unclaimed
me_land_3831,WILD,0.6822955,0.2804104,me_rhun_region,9,,no,deliberately unclaimed,wild_unclaimed
me_land_3832,WILD,0.8029304,0.5632633,me_mordor_region,9,,no,deliberately unclaimed,wild_unclaimed
me_land_3833,WILD,0.6984127,0.4318515,me_rhun_region,1,,no,deliberately unclaimed,wild_buffer
me_land_3834,RHU,0.7174603,0.2843185,me_rhun_region,9,0.1105415,no,western Rhûn polity north and east of Dorwinion,accepted_frontier_polygon
me_land_3835,WOO,0.5726496,0.1758671,me_mirkwood_region,3,0.0262322,no,Arda Maps Mirkwood polygon: northern/eastern Woodland Realm; Thranduil's northern and eastern Mirkwood; Woodland Realm in northern and northeastern Mirkwood,accepted_source_zone_overlap
me_land_3836,FAN,0.4986569,0.4118222,me_anduin_vale_region,3,0.0505463,no,Arda Maps Fangorn physical woodland polygon; Fangorn source forest and Entwash headwaters,accepted_source_zone_overlap
me_land_3837,WILD,0.8134310,0.0102589,me_northern_wastes_region,1,,no,deliberately unclaimed,wild_forodwaith
me_land_3838,DOR,0.7189255,0.3307279,me_rhun_region,1,0.0715374,no,Dorwinion around the northwest Sea of Rhûn,accepted_source_side_envelope
me_land_3839,DOR,0.6622711,0.3004397,me_rhun_region,9,0.0677116,no,Dorwinion around the northwest Sea of Rhûn,accepted_source_side_envelope
me_land_3840,WILD,0.8317460,0.8426966,me_khand_region,10,,no,deliberately unclaimed,wild_unclaimed
me_land_3841,GON,0.5899878,0.7215437,me_south_gondor_region,9,0.1127537,no,Gondor fiefs from Anfalas to the Anduin,accepted_source_side_envelope
me_land_3842,WOO,0.6012210,0.2261847,me_mirkwood_region,3,0.0779071,no,Arda Maps Mirkwood polygon: northern/eastern Woodland Realm; Thranduil's northern and eastern Mirkwood; Woodland Realm in northern and northeastern Mirkwood,accepted_source_zone_overlap
me_land_3843,WILD,0.4710623,0.4489497,me_rohan_region,1,,no,deliberately unclaimed,wild_reviewed_component: northern mountain-side spur beyond compact connected Nan Curunir
me_land_3844,ROH,0.5286935,0.4421104,me_rohan_region,9,0.1134141,no,"The Mark between Isen, Anduin, and White Mountains",accepted_source_side_envelope
me_land_3845,GON,0.5811966,0.5989253,me_anorien_region,2,0.0137741,no,beacon: Eilenach is a maintained Gondorian warning beacon.,accepted_required_frontier_owner
me_land_3846,UMB,0.4942613,0.8861749,me_umbar_region,1,0.0582708,no,Umbar coast and corsair hinterland,accepted_source_side_envelope
me_land_3847,DOR,0.6923077,0.3678554,me_rhun_region,9,0.0225900,no,Dorwinion around the northwest Sea of Rhûn,accepted_source_side_envelope
me_land_3848,RH2,0.8315018,0.3429409,me_rhun_region,9,0.0633979,no,southeastern Rhûn wain-kingdom beyond the Sea of Rhûn,accepted_frontier_polygon
me_land_3849,GON,0.4173382,0.6111383,me_belfalas_region,1,0.3216596,no,Gondor fiefs from Anfalas to the Anduin,accepted_source_side_envelope
me_land_3850,WILD,0.6205128,0.3688324,me_mirkwood_region,9,,no,deliberately unclaimed,wild_unclaimed
me_land_3851,WILD,0.5750916,0.9985344,me_far_harad_region,10,,no,deliberately unclaimed,wild_unclaimed
me_land_3852,WILD,0.5409035,0.3727406,me_anduin_vale_region,1,,no,deliberately unclaimed,wild_unclaimed
me_land_3853,LOS,0.3096459,0.1182218,me_forochel_region,1,0.0833051,no,Lossoth settlements around the Icebay,accepted_source_side_envelope
me_land_3854,RH3,0.8268620,0.2032242,me_rhun_region,1,0.0140977,no,northeastern Rhûn confederation beyond the Iron Hills,accepted_frontier_polygon
me_land_3855,WILD,0.7689866,0.6428920,me_mordor_region,9,,no,deliberately unclaimed,wild_unclaimed
me_land_3856,WILD,0.8327228,0.0000000,me_northern_wastes_region,1,,no,deliberately unclaimed,wild_forodwaith
me_land_3857,RHU,0.7115995,0.1465559,me_rhun_region,1,0.1560229,no,western Rhûn polity north and east of Dorwinion,accepted_frontier_polygon
me_land_3858,GON,0.5504274,0.7034685,me_lebennin_region,1,0.1075823,no,Gondor fiefs from Anfalas to the Anduin,accepted_source_side_envelope
me_land_3859,MOR,0.6329670,0.6414265,me_mordor_region,1,0.0714424,no,Mordor inside the source-reviewed Ered Lithui and Ephel Duath enclosure,accepted_frontier_polygon
me_land_3860,HFA,0.6073260,0.9384465,me_far_harad_region,10,0.0476216,no,represented northern fringe of Far Harad,accepted_frontier_polygon
me_land_3861,DOR,0.6732601,0.3531998,me_rhun_region,9,0.0228804,no,Dorwinion around the northwest Sea of Rhûn,accepted_source_side_envelope
me_land_3862,WILD,0.6503053,0.9970689,me_far_harad_region,10,,no,deliberately unclaimed,wild_unclaimed
me_land_3863,WILD,0.3536020,0.2975085,me_enedwaith_region,1,,no,deliberately unclaimed,wild_unclaimed
me_land_3864,WILD,0.4363858,0.1773327,me_north_arnor_region,1,,no,deliberately unclaimed,wild_unclaimed
me_land_3865,ROH,0.5379731,0.5114802,me_rohan_region,1,0.0830829,no,"The Mark between Isen, Anduin, and White Mountains",accepted_source_side_envelope
me_land_3866,KHA,0.7235653,0.7840743,me_khand_region,9,0.0779853,no,"Khand east and southeast of Mordor, excluding Far Harad",accepted_frontier_polygon
me_land_3867,HRA,0.6630037,0.8734734,me_near_harad_region,10,0.0242428,no,"Qarsad's inland Near Harad sphere, separated from Harnendor and Khand",accepted_frontier_polygon
me_land_3868,WILD,0.3914530,0.2852956,me_shire_breeland_region,1,,no,deliberately unclaimed,wild_unclaimed
me_land_3869,BRE,0.4021978,0.2076209,me_shire_breeland_region,1,0.0243800,no,Bree-land's four-village crossroads,accepted_source_side_envelope
me_land_3870,ANG,0.4573871,0.1426478,me_north_arnor_region,1,0.0189209,no,compact Mount Gram remnant with Carn Dum retained only as a forced fastness,accepted_frontier_polygon
me_land_3871,UMB,0.5247863,0.8456277,me_near_harad_region,9,0.0949912,no,Umbar coast and corsair hinterland,accepted_source_side_envelope
me_land_3872,RH2,0.8024420,0.4064485,me_rhun_region,9,0.0566594,no,southeastern Rhûn wain-kingdom beyond the Sea of Rhûn,accepted_frontier_polygon
me_land_3873,BEO,0.5487179,0.2296043,me_mirkwood_region,3,0.0506538,no,Beorning crossings and upper Anduin vales,accepted_source_side_envelope
me_land_3874,SHI,0.3401709,0.2066439,me_shire_breeland_region,1,0.0256103,no,Shire bounds west of the Brandywine,accepted_source_side_envelope
me_land_3875,GON,0.4669109,0.5730337,me_belfalas_region,1,0.2257800,no,Gondor fiefs from Anfalas to the Anduin,accepted_source_side_envelope
me_land_3876,MOR,0.6810745,0.5486077,me_mordor_region,1,0.0781206,no,Mordor inside the source-reviewed Ered Lithui and Ephel Duath enclosure,accepted_frontier_polygon
me_land_3877,KHA,0.7948718,0.7884709,me_khand_region,9,0.0938416,no,"Khand east and southeast of Mordor, excluding Far Harad",accepted_frontier_polygon
me_land_3878,HNE,0.6136752,0.8060576,me_near_harad_region,1,0.0519675,no,Harnendor between the Poros approaches and the Harnen,accepted_frontier_polygon
me_land_3879,RHU,0.7523810,0.1773327,me_rhun_region,1,0.0807605,no,western Rhûn polity north and east of Dorwinion,accepted_frontier_polygon
me_land_3880,GON,0.4771673,0.5994138,me_belfalas_region,1,0.2023506,no,Gondor fiefs from Anfalas to the Anduin,accepted_source_side_envelope
me_land_3881,LIN,0.2796093,0.2628236,me_lindon_region,1,0.0695334,no,Lindon west of the Blue Mountains,accepted_source_side_envelope
me_land_3882,MOR,0.6732601,0.6057645,me_mordor_region,1,0.0667288,no,Mordor inside the source-reviewed Ered Lithui and Ephel Duath enclosure,accepted_frontier_polygon
me_land_3883,MOA,0.4830281,0.3649243,me_enedwaith_region,1,0.0325610,no,Moria and immediate Dimrill/Sirannon approaches,accepted_source_side_envelope
me_land_3884,WILD,0.6954823,0.0771861,me_northern_wastes_region,5,,no,deliberately unclaimed,wild_forodwaith
me_land_3885,WILD,0.5450549,0.2765022,me_mirkwood_region,1,,no,deliberately unclaimed,wild_buffer
me_land_3886,KHA,0.8249084,0.7796776,me_khand_region,9,0.1454301,no,"Khand east and southeast of Mordor, excluding Far Harad",accepted_frontier_polygon
me_land_3887,BRE,0.3936508,0.2149487,me_shire_breeland_region,1,0.0247652,no,Bree-land's four-village crossroads,accepted_source_side_envelope
me_land_3888,WILD,0.8266178,0.5486077,me_mordor_region,9,,no,deliberately unclaimed,wild_unclaimed
me_land_3889,MOR,0.6986569,0.6536395,me_mordor_region,8,0.1354524,no,Mordor inside the source-reviewed Ered Lithui and Ephel Duath enclosure,accepted_frontier_polygon
me_land_3890,WILD,0.4268620,0.3326820,me_enedwaith_region,6,,no,deliberately unclaimed,wild_unclaimed
me_land_3891,WILD,0.5528694,0.0713239,me_northern_wastes_region,5,,no,deliberately unclaimed,wild_forodwaith
me_land_3892,WILD,0.5294261,0.3351246,me_anduin_vale_region,1,,no,deliberately unclaimed,wild_unclaimed
me_land_3893,SHI,0.3328449,0.2510992,me_shire_breeland_region,1,0.0346050,no,Shire bounds west of the Brandywine,accepted_source_side_envelope
me_land_3894,WOO,0.5963370,0.2887152,me_mirkwood_region,3,0.1336091,no,Arda Maps Mirkwood polygon: northern/eastern Woodland Realm; Thranduil's northern and eastern Mirkwood; Woodland Realm in northern and northeastern Mirkwood,accepted_source_zone_overlap
me_land_3895,WILD,0.6280830,0.2628236,me_mirkwood_region,9,,no,deliberately unclaimed,wild_unclaimed
me_land_3896,WILD,0.3548230,0.3258427,me_enedwaith_region,1,,no,deliberately unclaimed,wild_unclaimed
me_land_3897,WILD,0.7404151,0.6096727,me_mordor_region,8,,no,deliberately unclaimed,wild_unclaimed
me_land_3898,WILD,0.7194139,0.4040059,me_rhun_region,1,,no,deliberately unclaimed,wild_reviewed_component: isolated western tip beyond the continuous southeastern Rhûn claim
me_land_3899,GON,0.5562882,0.7298486,me_lebennin_region,9,0.1263710,no,Gondor fiefs from Anfalas to the Anduin,accepted_source_side_envelope
me_land_3900,WILD,0.4258852,0.1993161,me_north_arnor_region,1,,no,deliberately unclaimed,wild_unclaimed
me_land_3901,GON,0.3968254,0.5788959,me_belfalas_region,1,0.3641295,no,Gondor fiefs from Anfalas to the Anduin,accepted_source_side_envelope
me_land_3902,WILD,0.6168498,0.5124573,me_brown_lands_region,9,,no,deliberately unclaimed,wild_unclaimed
me_land_3903,SHI,0.3391941,0.2349780,me_shire_breeland_region,1,0.0152322,no,Shire bounds west of the Brandywine,accepted_source_side_envelope
me_land_3904,IRO,0.6532357,0.1690278,me_rhun_region,1,0.0439600,no,Iron Hills source label and adjacent holds,accepted_source_side_envelope
me_land_3905,WILD,0.5963370,0.6448461,me_ithilien_region,1,,no,deliberately unclaimed,wild_ithilien
me_land_3906,WILD,0.4227106,0.3512457,me_enedwaith_region,1,,no,deliberately unclaimed,wild_unclaimed
me_land_3907,HNE,0.6280830,0.8500244,me_near_harad_region,9,0.0606630,no,Harnendor between the Poros approaches and the Harnen,accepted_frontier_polygon
me_land_3908,WILD,0.6073260,0.4274548,me_brown_lands_region,9,,no,deliberately unclaimed,wild_unclaimed
me_land_3909,WILD,0.6021978,0.5632633,me_ithilien_region,1,,no,deliberately unclaimed,wild_ithilien
me_land_3910,DOR,0.6898657,0.4005862,me_rhun_region,9,0.0504383,no,Dorwinion around the northwest Sea of Rhûn,accepted_source_side_envelope
me_land_3911,WILD,0.3802198,0.4479726,me_enedwaith_region,1,,no,deliberately unclaimed,wild_enedwaith
me_land_3912,WILD,0.4012210,0.3019052,me_enedwaith_region,1,,no,deliberately unclaimed,wild_unclaimed
me_land_3913,WILD,0.8351648,0.5652174,me_mordor_region,9,,no,deliberately unclaimed,wild_unclaimed
me_land_3914,UMB,0.5860806,0.8978994,me_near_harad_region,10,0.1574682,no,Umbar coast and corsair hinterland,accepted_source_side_envelope
me_land_3915,WILD,0.6063492,0.6995603,me_ithilien_region,1,,no,deliberately unclaimed,wild_ithilien
me_land_3916,GON,0.5614164,0.7479238,me_lebennin_region,9,0.1406756,no,Gondor fiefs from Anfalas to the Anduin,accepted_source_side_envelope
me_land_3917,UMB,0.5716728,0.8817782,me_near_harad_region,9,0.1352543,no,Umbar coast and corsair hinterland,accepted_source_side_envelope
me_land_3918,HFA,0.5897436,0.9501710,me_far_harad_region,10,0.0106455,no,represented northern fringe of Far Harad,accepted_frontier_polygon
me_land_3919,KHA,0.7924298,0.7616023,me_khand_region,9,0.0780214,no,"Khand east and southeast of Mordor, excluding Far Harad",accepted_frontier_polygon
me_land_3920,WILD,0.5907204,0.0019541,me_northern_wastes_region,5,,no,deliberately unclaimed,wild_forodwaith
me_land_3921,WILD,0.4180708,0.2823644,me_north_arnor_region,1,,no,deliberately unclaimed,wild_unclaimed
me_land_3922,MOR,0.6654457,0.5246702,me_mordor_region,9,0.0649321,no,Mordor inside the source-reviewed Ered Lithui and Ephel Duath enclosure,accepted_frontier_polygon
me_land_3923,HRA,0.6974359,0.9115779,me_far_harad_region,10,0.0611735,no,"Qarsad's inland Near Harad sphere, separated from Harnendor and Khand",accepted_frontier_polygon
me_land_3924,MOR,0.6168498,0.5207621,me_mordor_region,9,0.0757778,no,Mordor inside the source-reviewed Ered Lithui and Ephel Duath enclosure,accepted_frontier_polygon
me_land_3925,WILD,0.3636142,0.1240840,me_north_arnor_region,1,,no,deliberately unclaimed,wild_unclaimed
me_land_3926,GON,0.5826618,0.6785540,me_south_gondor_region,1,0.0678558,no,Gondor fiefs from Anfalas to the Anduin,accepted_source_side_envelope
me_land_3927,SHI,0.3550672,0.2799218,me_shire_breeland_region,1,0.0537111,no,Shire bounds west of the Brandywine,accepted_source_side_envelope
me_land_3928,DOR,0.6803419,0.4084025,me_rhun_region,9,0.0578156,no,Dorwinion around the northwest Sea of Rhûn,accepted_source_side_envelope
me_land_3929,WILD,0.6344322,0.0107474,me_northern_wastes_region,5,,no,deliberately unclaimed,wild_forodwaith
me_land_3930,MOR,0.6354090,0.7142159,me_mordor_region,8,0.1417628,no,Mordor inside the source-reviewed Ered Lithui and Ephel Duath enclosure,accepted_frontier_polygon
me_land_3931,MOR,0.6703297,0.6844162,me_mordor_region,8,0.1227275,no,Mordor inside the source-reviewed Ered Lithui and Ephel Duath enclosure,accepted_frontier_polygon
me_land_3932,HRA,0.6595849,0.8519785,me_near_harad_region,10,0.0357111,no,"Qarsad's inland Near Harad sphere, separated from Harnendor and Khand",accepted_frontier_polygon
me_land_3933,WILD,0.6236874,0.4831461,me_brown_lands_region,9,,no,deliberately unclaimed,wild_unclaimed
me_land_3934,WILD,0.7335775,0.0918417,me_northern_wastes_region,1,,no,deliberately unclaimed,wild_forodwaith
me_land_3935,WILD,0.6971917,0.4567660,me_rhun_region,9,,no,deliberately unclaimed,wild_unclaimed
me_land_3936,GOB,0.5086691,0.2261847,me_anduin_vale_region,1,0.0346703,no,Goblin-town and High Pass under the Misty Mountains,accepted_source_side_envelope
me_land_3937,LIN,0.2446886,0.2276502,me_lindon_region,1,0.1289470,no,Lindon west of the Blue Mountains,accepted_source_side_envelope
me_land_3938,MOR,0.6588523,0.6424035,me_mordor_region,8,0.0749825,no,Mordor inside the source-reviewed Ered Lithui and Ephel Duath enclosure,accepted_frontier_polygon
me_land_3939,DOR,0.6901099,0.3346361,me_rhun_region,9,0.0198599,no,Dorwinion around the northwest Sea of Rhûn,accepted_source_side_envelope
me_land_3940,HNE,0.6686203,0.8080117,me_near_harad_region,9,0.0612922,no,Harnendor between the Poros approaches and the Harnen,accepted_frontier_polygon
me_land_3941,MOR,0.6568987,0.5686370,me_mordor_region,8,0.0261515,no,Mordor inside the source-reviewed Ered Lithui and Ephel Duath enclosure,accepted_frontier_polygon
me_land_3942,WILD,0.3709402,0.3190034,me_enedwaith_region,1,,no,deliberately unclaimed,wild_unclaimed
me_land_3943,GON,0.5697192,0.7181241,me_lebennin_region,1,0.1081562,no,Gondor fiefs from Anfalas to the Anduin,accepted_source_side_envelope
me_land_3944,WILD,0.4290598,0.5114802,me_enedwaith_region,1,,no,deliberately unclaimed,wild_unclaimed
me_land_3945,KHA,0.7130647,0.7874939,me_khand_region,9,0.0974805,no,"Khand east and southeast of Mordor, excluding Far Harad",accepted_frontier_polygon
me_land_3946,HRA,0.7015873,0.9169516,me_far_harad_region,10,0.0709366,no,"Qarsad's inland Near Harad sphere, separated from Harnendor and Khand",accepted_frontier_polygon
me_land_3947,WILD,0.5946276,0.8759160,me_near_harad_region,9,,no,deliberately unclaimed,wild_unclaimed
me_land_3948,WILD,0.4434676,0.2427943,me_north_arnor_region,1,,no,deliberately unclaimed,wild_buffer
me_land_3949,ROH,0.5177045,0.4386908,me_rohan_region,9,0.1066528,no,"The Mark between Isen, Anduin, and White Mountains",accepted_source_side_envelope
me_land_3950,RH3,0.8358974,0.2022472,me_rhun_region,1,0.0318742,no,northeastern Rhûn confederation beyond the Iron Hills,accepted_frontier_polygon
me_land_3951,MOR,0.6659341,0.5471422,me_mordor_region,1,0.0510942,no,Mordor inside the source-reviewed Ered Lithui and Ephel Duath enclosure,accepted_frontier_polygon
me_land_3952,ROH,0.5101343,0.5554470,me_rohan_region,1,0.0286472,no,"The Mark between Isen, Anduin, and White Mountains",accepted_source_side_envelope
me_land_3953,WILD,0.6803419,0.4802149,me_rhun_region,9,,no,deliberately unclaimed,wild_unclaimed
me_land_3954,DAM,0.5018315,0.6722032,me_belfalas_region,1,0.0254936,no,Dol Amroth and Belfalas peninsula,accepted_source_side_envelope
me_land_3955,WILD,0.3711844,0.3282853,me_enedwaith_region,1,,no,deliberately unclaimed,wild_unclaimed
me_land_3956,RH2,0.7575092,0.4557890,me_rhun_region,9,0.1356952,no,southeastern Rhûn wain-kingdom beyond the Sea of Rhûn,accepted_frontier_polygon
me_land_3957,UMB,0.5599512,0.8099658,me_near_harad_region,9,0.1610055,no,Umbar coast and corsair hinterland,accepted_source_side_envelope
me_land_3958,WDM,0.5628816,0.3087445,me_mirkwood_region,3,0.0089205,yes,realm-seat: The documented Woodmen settlement is the Woodmen realm seat.,accepted_required_frontier_owner
me_land_3959,HRA,0.6566545,0.8353688,me_near_harad_region,9,0.0504535,no,"Qarsad's inland Near Harad sphere, separated from Harnendor and Khand",accepted_frontier_polygon
me_land_3960,WILD,0.3543346,0.3668784,me_enedwaith_region,1,,no,deliberately unclaimed,wild_enedwaith
me_land_3961,UMB,0.5123321,0.9574988,me_umbar_region,9,0.0224889,no,Umbar coast and corsair hinterland,accepted_source_side_envelope
me_land_3962,ROH,0.5352869,0.4601856,me_rohan_region,9,0.1070986,no,"The Mark between Isen, Anduin, and White Mountains",accepted_source_side_envelope
me_land_3963,WILD,0.5943834,0.8617489,me_near_harad_region,9,,no,deliberately unclaimed,wild_unclaimed
me_land_3964,WILD,0.7782662,0.9242794,me_far_harad_region,10,,no,deliberately unclaimed,wild_unclaimed
me_land_3965,WILD,0.6031746,0.3654128,me_mirkwood_region,1,,no,deliberately unclaimed,wild_unclaimed
me_land_3966,GUN,0.5245421,0.1279922,me_grey_mountains_region,1,0.0511993,no,Gundabad and the northern mountain junction,accepted_source_side_envelope
me_land_3967,WILD,0.8129426,0.6482658,me_mordor_region,9,,no,deliberately unclaimed,wild_unclaimed
me_land_3968,WILD,0.3514042,0.1568149,me_north_arnor_region,1,,no,deliberately unclaimed,wild_unclaimed
me_land_3969,WILD,0.3623932,0.3590620,me_enedwaith_region,1,,no,deliberately unclaimed,wild_unclaimed
me_land_3970,RH2,0.8385836,0.2936004,me_rhun_region,9,0.0955809,no,southeastern Rhûn wain-kingdom beyond the Sea of Rhûn,accepted_frontier_polygon
me_land_3971,LIN,0.2390720,0.1724475,me_lindon_region,1,0.1501196,no,Lindon west of the Blue Mountains,accepted_source_side_envelope
me_land_3972,GON,0.6705739,0.7425501,me_south_gondor_region,1,0.2266782,no,Gondor fiefs from Anfalas to the Anduin,accepted_source_side_envelope
me_land_3973,WILD,0.3836386,0.3942355,me_enedwaith_region,1,,no,deliberately unclaimed,wild_enedwaith
me_land_3974,UMB,0.4647131,0.9765511,me_umbar_region,9,0.0987273,no,Umbar coast and corsair hinterland,accepted_source_side_envelope
me_land_3975,SHI,0.3565324,0.2642892,me_shire_breeland_region,1,0.0406858,no,Shire bounds west of the Brandywine,accepted_source_side_envelope
me_land_3976,BLU,0.2791209,0.2081094,me_lindon_region,1,0.0394673,no,Surviving Ered Luin halls,accepted_source_side_envelope
me_land_3977,WILD,0.7970696,0.8295066,me_khand_region,10,,no,deliberately unclaimed,wild_unclaimed
me_land_3978,RHU,0.7250305,0.1553493,me_rhun_region,1,0.1305671,no,western Rhûn polity north and east of Dorwinion,accepted_frontier_polygon
me_land_3979,WILD,0.6778999,0.2613581,me_rhun_region,9,,no,deliberately unclaimed,wild_unclaimed
me_land_3980,WILD,0.6534799,0.4137763,me_brown_lands_region,9,,no,deliberately unclaimed,wild_buffer
me_land_3981,LIN,0.2307692,0.1846605,me_lindon_region,1,0.1621835,no,Lindon west of the Blue Mountains,accepted_source_side_envelope
me_land_3982,WILD,0.4368742,0.5319980,me_enedwaith_region,1,,no,deliberately unclaimed,wild_unclaimed
me_land_3983,WILD,0.7399267,0.9452858,me_far_harad_region,10,,no,deliberately unclaimed,wild_unclaimed
me_land_3984,WILD,0.7103785,0.4943820,me_rhun_region,9,,no,deliberately unclaimed,wild_unclaimed
me_land_3985,BEO,0.5347985,0.1695164,me_anduin_vale_region,1,0.0238416,no,Beorning crossings and upper Anduin vales,accepted_source_side_envelope
me_land_3986,WILD,0.3294261,0.3952125,me_enedwaith_region,2,,no,deliberately unclaimed,wild_enedwaith
me_land_3987,WILD,0.4109890,0.2911578,me_north_arnor_region,1,,no,deliberately unclaimed,wild_unclaimed
me_land_3988,MOR,0.6485958,0.5539814,me_mordor_region,1,0.0215404,no,Mordor inside the source-reviewed Ered Lithui and Ephel Duath enclosure,accepted_frontier_polygon
me_land_3989,WILD,0.6481074,0.3004397,me_rhun_region,1,,no,deliberately unclaimed,wild_buffer
me_land_3990,RH2,0.8117216,0.2872496,me_rhun_region,9,0.0669865,no,southeastern Rhûn wain-kingdom beyond the Sea of Rhûn,accepted_frontier_polygon
me_land_3991,WILD,0.8302808,0.8236444,me_khand_region,10,,no,deliberately unclaimed,wild_unclaimed
me_land_3992,HFA,0.5870574,0.9311187,me_far_harad_region,10,0.0242332,no,represented northern fringe of Far Harad,accepted_frontier_polygon
me_land_3993,WILD,0.7286935,0.1060088,me_northern_wastes_region,1,,no,deliberately unclaimed,wild_forodwaith
me_land_3994,ROH,0.5474969,0.4831461,me_rohan_region,1,0.1121793,no,"The Mark between Isen, Anduin, and White Mountains",accepted_source_side_envelope
me_land_3995,WILD,0.7181929,0.6985833,me_mordor_region,8,,no,deliberately unclaimed,wild_unclaimed
me_land_3996,UMB,0.5565324,0.9115779,me_umbar_region,9,0.0968200,no,Umbar coast and corsair hinterland,accepted_source_side_envelope
me_land_3997,LOS,0.3924298,0.1035662,me_forochel_region,5,0.1080419,no,Lossoth settlements around the Icebay,accepted_source_side_envelope
me_land_3998,GON,0.5357753,0.6106497,me_anorien_region,1,0.0847878,no,Gondor fiefs from Anfalas to the Anduin,accepted_source_side_envelope
me_land_3999,LOS,0.3069597,0.0874450,me_forochel_region,5,0.0732186,no,Lossoth settlements around the Icebay,accepted_source_side_envelope
me_land_4000,WILD,0.5235653,0.1954079,me_anduin_vale_region,1,,no,independent-highland: The Eagles' Eyrie is independent highland territory.,accepted_required_frontier_owner
me_land_4001,DOL,0.5572650,0.3688324,me_mirkwood_region,3,0.0172074,no,Arda Maps Mirkwood polygon: southern Dol Guldur shadow; Dol Guldur's southern Mirkwood shadow; Dol Guldur's southern Mirkwood shadow,accepted_source_zone_overlap
me_land_4002,LIN,0.3145299,0.2305813,me_lindon_region,1,0.0116085,no,Lindon west of the Blue Mountains,accepted_source_side_envelope
me_land_4003,KHA,0.7186813,0.7767465,me_khand_region,9,0.0824444,no,"Khand east and southeast of Mordor, excluding Far Harad",accepted_frontier_polygon
me_land_4004,WILD,0.7213675,0.5632633,me_mordor_region,8,,no,deliberately unclaimed,wild_unclaimed
me_land_4005,WILD,0.6256410,0.0512946,me_northern_wastes_region,5,,no,deliberately unclaimed,wild_forodwaith
me_land_4006,UMB,0.5467643,0.9726429,me_umbar_region,10,0.0829413,no,Umbar coast and corsair hinterland,accepted_source_side_envelope
me_land_4007,WILD,0.3247863,0.3541768,me_enedwaith_region,1,,no,deliberately unclaimed,wild_unclaimed
me_land_4008,WILD,0.7968254,0.5705911,me_mordor_region,9,,no,deliberately unclaimed,wild_unclaimed
me_land_4009,RH3,0.7926740,0.1504641,me_rhun_region,1,0.0737608,no,northeastern Rhûn confederation beyond the Iron Hills,accepted_frontier_polygon
me_land_4010,HFA,0.5645910,0.9467513,me_far_harad_region,10,0.0416432,no,represented northern fringe of Far Harad,accepted_frontier_polygon
me_land_4011,RH2,0.8073260,0.2936004,me_rhun_region,9,0.0582718,no,southeastern Rhûn wain-kingdom beyond the Sea of Rhûn,accepted_frontier_polygon
me_land_4012,RHU,0.7821734,0.1778212,me_rhun_region,1,0.0761744,no,western Rhûn polity north and east of Dorwinion,accepted_frontier_polygon
me_land_4013,WILD,0.8109890,0.5021983,me_rhun_region,9,,no,deliberately unclaimed,wild_unclaimed
me_land_4014,GON,0.3855922,0.5676600,me_belfalas_region,1,0.3876156,no,Gondor fiefs from Anfalas to the Anduin,accepted_source_side_envelope
me_land_4015,KHA,0.7199023,0.7923791,me_khand_region,9,0.0888200,no,"Khand east and southeast of Mordor, excluding Far Harad",accepted_frontier_polygon
me_land_4016,DOL,0.5484737,0.3517342,me_mirkwood_region,3,0.0152786,no,Arda Maps Mirkwood polygon: southern Dol Guldur shadow; Dol Guldur's southern Mirkwood shadow; Dol Guldur's southern Mirkwood shadow,accepted_source_zone_overlap
me_land_4017,WILD,0.7172161,0.4802149,me_rhun_region,9,,no,deliberately unclaimed,wild_unclaimed
me_land_4018,ROH,0.5492063,0.5461651,me_rohan_region,1,0.1014036,no,"The Mark between Isen, Anduin, and White Mountains",accepted_source_side_envelope
me_land_4019,FAN,0.4945055,0.4455300,me_rohan_region,3,0.0194098,no,Arda Maps Fangorn physical woodland polygon; Fangorn source forest and Entwash headwaters,accepted_source_zone_overlap
me_land_4020,HNE,0.5682540,0.7928676,me_near_harad_region,9,0.1412268,no,Harnendor between the Poros approaches and the Harnen,accepted_frontier_polygon
me_land_4021,GOB,0.5072039,0.1685393,me_anduin_vale_region,1,0.0236639,no,Goblin-town and High Pass under the Misty Mountains,accepted_source_side_envelope
me_land_4022,WILD,0.4214896,0.2515877,me_north_arnor_region,1,,no,deliberately unclaimed,wild_unclaimed
me_land_4023,KHA,0.7987790,0.7269174,me_khand_region,9,0.0879542,no,"Khand east and southeast of Mordor, excluding Far Harad",accepted_frontier_polygon
me_land_4024,RH2,0.8302808,0.4069370,me_rhun_region,9,0.0831236,no,southeastern Rhûn wain-kingdom beyond the Sea of Rhûn,accepted_frontier_polygon
me_land_4025,DOL,0.5775336,0.3610161,me_mirkwood_region,3,0.0438255,no,Arda Maps Mirkwood polygon: southern Dol Guldur shadow; Dol Guldur's southern Mirkwood shadow; Dol Guldur's southern Mirkwood shadow,accepted_source_zone_overlap
me_land_4026,GON,0.4442002,0.6394724,me_belfalas_region,1,0.2694130,no,Gondor fiefs from Anfalas to the Anduin,accepted_source_side_envelope
me_land_4027,WILD,0.7216117,0.5808500,me_mordor_region,8,,no,deliberately unclaimed,wild_unclaimed
me_land_4028,WILD,0.6481074,0.0244260,me_northern_wastes_region,5,,no,deliberately unclaimed,wild_forodwaith
me_land_4029,WILD,0.5860806,0.4640938,me_brown_lands_region,9,,no,deliberately unclaimed,wild_unclaimed
me_land_4030,IRO,0.6642247,0.1577919,me_rhun_region,1,0.0204562,no,Iron Hills source label and adjacent holds,accepted_source_side_envelope
me_land_4031,HFA,0.5973138,0.9745970,me_far_harad_region,10,0.0314732,no,represented northern fringe of Far Harad,accepted_frontier_polygon
me_land_4032,MOR,0.6805861,0.5950171,me_mordor_region,1,0.0761674,no,Mordor inside the source-reviewed Ered Lithui and Ephel Duath enclosure,accepted_frontier_polygon
me_land_4033,WILD,0.7282051,0.0263801,me_northern_wastes_region,5,,no,deliberately unclaimed,wild_forodwaith
me_land_4034,WILD,0.3626374,0.3976551,me_enedwaith_region,1,,no,deliberately unclaimed,wild_enedwaith
me_land_4035,WILD,0.7978022,0.0415242,me_northern_wastes_region,1,,no,deliberately unclaimed,wild_forodwaith
me_land_4036,WILD,0.4678877,0.0986810,me_angmar_region,5,,no,deliberately unclaimed,wild_unclaimed
me_land_4037,DUN,0.4324786,0.4132877,me_enedwaith_region,1,0.0524743,no,"Dunland lowlands west of Isen and the Gap, south of Glanduin",accepted_frontier_polygon
me_land_4038,WDM,0.5594628,0.2760137,me_mirkwood_region,3,0.0245172,no,Arda Maps Mirkwood polygon: western Woodmen settlements; Woodmen settlements in western Mirkwood; Woodmen clearings along western and central Mirkwood,accepted_source_zone_overlap
me_land_4039,ROH,0.4813187,0.4934050,me_rohan_region,1,0.0567340,no,"The Mark between Isen, Anduin, and White Mountains",accepted_source_side_envelope
me_land_4040,WILD,0.4752137,0.0390816,me_angmar_region,5,,no,deliberately unclaimed,wild_unclaimed
me_land_4041,WILD,0.7601954,0.5930630,me_mordor_region,9,,no,deliberately unclaimed,wild_unclaimed
me_land_4042,RAN,0.4717949,0.2740596,me_north_arnor_region,1,0.0075876,no,The Angle and immediate Ranger refuge,accepted_source_side_envelope
me_land_4043,WILD,0.4947497,0.3800684,me_anduin_vale_region,1,,no,deliberately unclaimed,wild_unclaimed
me_land_4044,KHA,0.7438339,0.7361993,me_khand_region,9,0.0228011,no,"Khand east and southeast of Mordor, excluding Far Harad",accepted_frontier_polygon
me_land_4045,WILD,0.6148962,0.5007328,me_brown_lands_region,9,,no,deliberately unclaimed,wild_unclaimed
me_land_4046,LIN,0.2969475,0.2100635,me_lindon_region,1,0.0292624,no,Lindon west of the Blue Mountains,accepted_source_side_envelope
me_land_4047,RHU,0.7641026,0.2598925,me_rhun_region,9,0.0153942,no,western Rhûn polity north and east of Dorwinion,accepted_frontier_polygon
me_land_4048,WILD,0.6949939,0.5041524,me_rhun_region,9,,no,deliberately unclaimed,wild_unclaimed
me_land_4049,HRA,0.6778999,0.8319492,me_near_harad_region,10,0.0384903,no,"Qarsad's inland Near Harad sphere, separated from Harnendor and Khand",accepted_frontier_polygon
me_land_4050,BEO,0.5482295,0.2139717,me_mirkwood_region,3,0.0397716,no,Beorning crossings and upper Anduin vales,accepted_source_side_envelope
me_land_4051,WILD,0.7807082,0.0591109,me_northern_wastes_region,1,,no,deliberately unclaimed,wild_forodwaith
me_land_4052,HFA,0.6578755,0.9858329,me_far_harad_region,10,0.1489765,no,represented northern fringe of Far Harad,accepted_frontier_polygon
me_land_4053,MOR,0.6830281,0.7049340,me_mordor_region,8,0.1528024,no,Mordor inside the source-reviewed Ered Lithui and Ephel Duath enclosure,accepted_frontier_polygon
me_land_4054,GON,0.4336996,0.5691255,me_belfalas_region,1,0.2919979,no,Gondor fiefs from Anfalas to the Anduin,accepted_source_side_envelope
me_land_4055,HNE,0.6402930,0.7796776,me_near_harad_region,9,0.0139423,no,Harnendor between the Poros approaches and the Harnen,accepted_frontier_polygon
me_land_4056,WILD,0.7235653,0.5114802,me_rhun_region,9,,no,deliberately unclaimed,wild_unclaimed
me_land_4057,SHI,0.3467643,0.2481681,me_shire_breeland_region,1,0.0190020,no,Shire bounds west of the Brandywine,accepted_source_side_envelope
me_land_4058,WILD,0.6334554,0.3668784,me_mirkwood_region,9,,no,deliberately unclaimed,wild_unclaimed
me_land_4059,WILD,0.6197802,0.3019052,me_mirkwood_region,9,,no,deliberately unclaimed,wild_unclaimed
me_land_4060,KHA,0.6942613,0.7679531,me_khand_region,9,0.1253643,no,"Khand east and southeast of Mordor, excluding Far Harad",accepted_frontier_polygon
me_land_4061,FAN,0.5106227,0.4176844,me_anduin_vale_region,3,0.0618615,no,Arda Maps Fangorn physical woodland polygon; Fangorn source forest and Entwash headwaters,accepted_source_zone_overlap
me_land_4062,RHU,0.6884005,0.2677088,me_rhun_region,9,0.1641570,no,western Rhûn polity north and east of Dorwinion,accepted_frontier_polygon
me_land_4063,WILD,0.8002442,0.6184660,me_mordor_region,9,,no,deliberately unclaimed,wild_unclaimed
me_land_4064,RAN,0.4864469,0.2589155,me_north_arnor_region,1,0.0254360,no,The Angle and immediate Ranger refuge,accepted_source_side_envelope
me_land_4065,WILD,0.4105006,0.0845139,me_angmar_region,5,,no,deliberately unclaimed,wild_unclaimed
me_land_4066,MOR,0.6730159,0.6643869,me_mordor_region,8,0.1077685,no,Mordor inside the source-reviewed Ered Lithui and Ephel Duath enclosure,accepted_frontier_polygon
me_land_4067,LOR,0.5172161,0.3492916,me_anduin_vale_region,3,0.0081645,no,woodland-realm: Cerin Amroth lies within the Golden Wood of Lothlórien.,accepted_required_frontier_owner
me_land_4068,WILD,0.7377289,0.5906204,me_mordor_region,8,,no,deliberately unclaimed,wild_unclaimed
me_land_4069,ROH,0.5438339,0.5544700,me_rohan_region,1,0.0917880,no,"The Mark between Isen, Anduin, and White Mountains",accepted_source_side_envelope
me_land_4070,WILD,0.8070818,0.6267709,me_mordor_region,9,,no,deliberately unclaimed,wild_unclaimed
me_land_4071,WILD,0.7304029,0.4303859,me_rhun_region,9,,no,deliberately unclaimed,wild_unclaimed
me_land_4072,DOR,0.6852259,0.4054714,me_rhun_region,9,0.0542483,no,Dorwinion around the northwest Sea of Rhûn,accepted_source_side_envelope
me_land_4073,DOR,0.6957265,0.3478261,me_rhun_region,9,0.0223979,no,Dorwinion around the northwest Sea of Rhûn,accepted_source_side_envelope
me_land_4074,DAM,0.4989011,0.7083537,me_belfalas_region,1,0.0405514,no,Dol Amroth and Belfalas peninsula,accepted_source_side_envelope
me_land_4075,RH2,0.8339438,0.3150953,me_rhun_region,9,0.0763353,no,southeastern Rhûn wain-kingdom beyond the Sea of Rhûn,accepted_frontier_polygon
me_land_4076,LIN,0.2642247,0.1387396,me_lindon_region,1,0.1253902,no,Lindon west of the Blue Mountains,accepted_source_side_envelope
me_land_4077,RAN,0.4617827,0.2711285,me_north_arnor_region,1,0.0264588,no,The Angle and immediate Ranger refuge,accepted_source_side_envelope
me_land_4078,WILD,0.3194139,0.3492916,me_enedwaith_region,2,,no,deliberately unclaimed,wild_unclaimed
me_land_4079,BEO,0.5213675,0.1597460,me_anduin_vale_region,1,0.0384727,no,Beorning crossings and upper Anduin vales,accepted_source_side_envelope
me_land_4080,KHA,0.7418803,0.8080117,me_khand_region,10,0.0744963,no,"Khand east and southeast of Mordor, excluding Far Harad",accepted_frontier_polygon
me_land_4081,ROH,0.4849817,0.5388373,me_rohan_region,1,0.0273558,no,"The Mark between Isen, Anduin, and White Mountains",accepted_source_side_envelope
me_land_4082,UMB,0.5623932,0.8974108,me_near_harad_region,9,0.1122187,no,Umbar coast and corsair hinterland,accepted_source_side_envelope
me_land_4083,WILD,0.7299145,0.4728872,me_rhun_region,9,,no,deliberately unclaimed,wild_unclaimed
me_land_4084,WILD,0.5284493,0.4113337,me_anduin_vale_region,1,,no,deliberately unclaimed,wild_unclaimed
me_land_4085,WILD,0.3343101,0.1592574,me_north_arnor_region,1,,no,deliberately unclaimed,wild_unclaimed
me_land_4086,DAM,0.4793651,0.6184660,me_belfalas_region,1,0.0577727,no,Dol Amroth and Belfalas peninsula,accepted_source_side_envelope
me_land_4087,RH2,0.8219780,0.2862726,me_rhun_region,9,0.0774165,no,southeastern Rhûn wain-kingdom beyond the Sea of Rhûn,accepted_frontier_polygon
me_land_4088,ROH,0.5499389,0.5061065,me_rohan_region,1,0.1075002,no,"The Mark between Isen, Anduin, and White Mountains",accepted_source_side_envelope
me_land_4089,WILD,0.7758242,0.8842208,me_near_harad_region,10,,no,deliberately unclaimed,wild_unclaimed
me_land_4090,ESG,0.6190476,0.1734245,me_dale_region,1,0.0398034,no,Lake-town and Long Lake shore,accepted_source_side_envelope
me_land_4091,WILD,0.3738706,0.3414753,me_enedwaith_region,1,,no,deliberately unclaimed,wild_unclaimed
me_land_4092,WILD,0.4026862,0.2931119,me_shire_breeland_region,1,,no,deliberately unclaimed,wild_unclaimed
me_land_4093,WILD,0.3789988,0.3815340,me_enedwaith_region,1,,no,deliberately unclaimed,wild_enedwaith
me_land_4094,GON,0.4185592,0.5847582,me_belfalas_region,1,0.3203188,no,Gondor fiefs from Anfalas to the Anduin,accepted_source_side_envelope
me_land_4095,RH2,0.8205128,0.3033708,me_rhun_region,9,0.0621079,no,southeastern Rhûn wain-kingdom beyond the Sea of Rhûn,accepted_frontier_polygon
me_land_4096,LIN,0.2813187,0.2296043,me_lindon_region,1,0.0557835,no,Lindon west of the Blue Mountains,accepted_source_side_envelope
me_land_4097,UMB,0.5472527,0.8495359,me_near_harad_region,9,0.1143476,no,Umbar coast and corsair hinterland,accepted_source_side_envelope
me_land_4098,FAN,0.5072039,0.4631168,me_rohan_region,1,0.0424020,no,Arda Maps Fangorn physical woodland polygon; Fangorn source forest and Entwash headwaters,accepted_source_zone_overlap
me_land_4099,WILD,0.5462759,0.7625794,me_near_harad_region,9,,no,deliberately unclaimed,wild_unclaimed
me_land_4100,WILD,0.6713065,0.2144602,me_rhun_region,1,,no,deliberately unclaimed,wild_unclaimed
me_land_4101,WILD,0.3208791,0.3356131,me_enedwaith_region,1,,no,deliberately unclaimed,wild_unclaimed
me_land_4102,WILD,0.7250305,0.8739619,me_khand_region,10,,no,deliberately unclaimed,wild_unclaimed
me_land_4103,WILD,0.5958486,0.6682951,me_ithilien_region,1,,no,deliberately unclaimed,wild_ithilien
me_land_4104,WILD,0.6957265,0.8031265,me_khand_region,9,,no,deliberately unclaimed,wild_unclaimed
me_land_4105,DOR,0.6862027,0.3707865,me_rhun_region,9,0.0197941,no,Dorwinion around the northwest Sea of Rhûn,accepted_source_side_envelope
me_land_4106,DOR,0.6749695,0.4054714,me_rhun_region,9,0.0575939,no,Dorwinion around the northwest Sea of Rhûn,accepted_source_side_envelope
me_land_4107,WILD,0.3448107,0.4064485,me_enedwaith_region,1,,no,deliberately unclaimed,wild_enedwaith
me_land_4108,WILD,0.7934066,0.6932096,me_mordor_region,9,,no,deliberately unclaimed,wild_unclaimed
me_land_4109,WILD,0.8205128,0.7059111,me_mordor_region,9,,no,deliberately unclaimed,wild_unclaimed
me_land_4110,GOB,0.4927961,0.1851490,me_north_arnor_region,1,0.0347414,no,Goblin-town and High Pass under the Misty Mountains,accepted_source_side_envelope
me_land_4111,RH2,0.8249084,0.4118222,me_rhun_region,9,0.0793958,no,southeastern Rhûn wain-kingdom beyond the Sea of Rhûn,accepted_frontier_polygon
me_land_4112,WILD,0.4959707,0.4044944,me_anduin_vale_region,1,,no,deliberately unclaimed,wild_unclaimed
me_land_4113,DUN,0.4466422,0.4714216,me_enedwaith_region,1,0.0301218,no,"Dunland lowlands west of Isen and the Gap, south of Glanduin",accepted_frontier_polygon
me_land_4114,MOR,0.6568987,0.6218857,me_mordor_region,8,0.0547746,no,Mordor inside the source-reviewed Ered Lithui and Ephel Duath enclosure,accepted_frontier_polygon
me_land_4115,ESG,0.6102564,0.1978505,me_dale_region,1,0.0407716,no,Lake-town and Long Lake shore,accepted_source_side_envelope
me_land_4116,GON,0.5345543,0.5681485,me_anorien_region,1,0.0973155,no,shared-frontier: This generated cell is the Gondor side of the Firien Wood frontier.,accepted_required_frontier_owner
me_land_4117,UMB,0.5135531,0.9931607,me_umbar_region,10,0.0580278,no,Umbar coast and corsair hinterland,accepted_source_side_envelope
me_land_4118,WILD,0.7785104,0.8935027,me_near_harad_region,10,,no,deliberately unclaimed,wild_unclaimed
me_land_4119,WILD,0.6351648,0.2545188,me_mirkwood_region,1,,no,deliberately unclaimed,wild_unclaimed
me_land_4120,BEO,0.5421245,0.2662433,me_anduin_vale_region,1,0.0768005,no,Beorning crossings and upper Anduin vales,accepted_source_side_envelope
me_land_4121,WILD,0.6610501,0.1944309,me_rhun_region,1,,no,deliberately unclaimed,wild_unclaimed
me_land_4122,WILD,0.7379731,0.6331216,me_mordor_region,8,,no,deliberately unclaimed,wild_unclaimed
me_land_4123,MOR,0.6632479,0.6150464,me_mordor_region,9,0.0565607,no,Mordor inside the source-reviewed Ered Lithui and Ephel Duath enclosure,accepted_frontier_polygon
me_land_4124,ROH,0.5409035,0.5119687,me_rohan_region,1,0.0885033,no,"The Mark between Isen, Anduin, and White Mountains",accepted_source_side_envelope
me_land_4125,RHU,0.7113553,0.2291158,me_rhun_region,9,0.1191342,no,western Rhûn polity north and east of Dorwinion,accepted_frontier_polygon
me_land_4126,RH2,0.8297924,0.4338056,me_rhun_region,9,0.1028286,no,southeastern Rhûn wain-kingdom beyond the Sea of Rhûn,accepted_frontier_polygon
me_land_4127,DOR,0.6791209,0.3292623,me_rhun_region,9,0.0246056,no,Dorwinion around the northwest Sea of Rhûn,accepted_source_side_envelope
me_land_4128,WILD,0.4192918,0.3834880,me_enedwaith_region,1,,no,deliberately unclaimed,wild_enedwaith
me_land_4129,WILD,0.6278388,0.4303859,me_brown_lands_region,9,,no,deliberately unclaimed,wild_unclaimed
me_land_4130,GON,0.4095238,0.6443576,me_belfalas_region,1,0.3389049,no,Gondor fiefs from Anfalas to the Anduin,accepted_source_side_envelope
me_land_4131,WILD,0.7181929,0.5720567,me_mordor_region,8,,no,deliberately unclaimed,wild_unclaimed
me_land_4132,DAM,0.4945055,0.7059111,me_belfalas_region,1,0.0347745,no,Dol Amroth and Belfalas peninsula,accepted_source_side_envelope
me_land_4133,WILD,0.6180708,0.6409380,me_ithilien_region,1,,no,deliberately unclaimed,wild_ithilien
me_land_4134,HFA,0.6654457,0.9863214,me_far_harad_region,10,0.1639117,no,represented northern fringe of Far Harad,accepted_frontier_polygon
me_land_4135,WILD,0.5870574,0.6878359,me_ithilien_region,1,,no,deliberately unclaimed,wild_ithilien
me_land_4136,WILD,0.4652015,0.1914998,me_north_arnor_region,1,,no,deliberately unclaimed,wild_unclaimed
me_land_4137,GUN,0.5218559,0.1309233,me_grey_mountains_region,1,0.0482838,no,Gundabad and the northern mountain junction,accepted_source_side_envelope
me_land_4138,DOR,0.7028083,0.3175379,me_rhun_region,9,0.0495301,no,Dorwinion around the northwest Sea of Rhûn,accepted_source_side_envelope
me_land_4139,WILD,0.8354090,0.4709331,me_rhun_region,9,,no,deliberately unclaimed,wild_unclaimed
me_land_4140,WILD,0.3311355,0.1617000,me_north_arnor_region,1,,no,deliberately unclaimed,wild_unclaimed
me_land_4141,LIN,0.2632479,0.1939424,me_lindon_region,2,0.0973168,no,Lindon west of the Blue Mountains,accepted_source_side_envelope
me_land_4142,WILD,0.4263736,0.2134831,me_north_arnor_region,1,,no,deliberately unclaimed,wild_unclaimed
me_land_4143,DOL,0.5360195,0.3522228,me_anduin_vale_region,1,0.0401894,no,Arda Maps Mirkwood polygon: southern Dol Guldur shadow; Dol Guldur's southern Mirkwood shadow; Dol Guldur's southern Mirkwood shadow,accepted_source_zone_overlap
me_land_4144,WILD,0.3167277,0.3111871,me_enedwaith_region,1,,no,deliberately unclaimed,wild_unclaimed
me_land_4145,LIN,0.2925519,0.2535418,me_lindon_region,1,0.0430284,no,Lindon west of the Blue Mountains,accepted_source_side_envelope
me_land_4146,RHU,0.7086691,0.1607230,me_rhun_region,1,0.1517112,no,western Rhûn polity north and east of Dorwinion,accepted_frontier_polygon
me_land_4147,GON,0.5460317,0.5686370,me_anorien_region,1,0.0771411,no,Gondor fiefs from Anfalas to the Anduin,accepted_source_side_envelope
me_land_4148,MOR,0.7086691,0.6511969,me_mordor_region,8,0.1507865,no,Mordor inside the source-reviewed Ered Lithui and Ephel Duath enclosure,accepted_frontier_polygon
me_land_4149,HNE,0.6481074,0.8417196,me_near_harad_region,9,0.0518033,no,Harnendor between the Poros approaches and the Harnen,accepted_frontier_polygon
me_land_4150,WILD,0.3921856,0.1856375,me_north_arnor_region,1,,no,deliberately unclaimed,wild_unclaimed
me_land_4151,WILD,0.3626374,0.2813874,me_shire_breeland_region,1,,no,deliberately unclaimed,wild_buffer
me_land_4152,WILD,0.7848596,0.1040547,me_northern_wastes_region,1,,no,deliberately unclaimed,wild_forodwaith
me_land_4153,IRO,0.6700855,0.1871031,me_rhun_region,1,0.0308250,no,Iron Hills source label and adjacent holds,accepted_source_side_envelope
me_land_4154,LOS,0.3589744,0.0825598,me_forochel_region,5,0.0382257,no,Lossoth settlements around the Icebay,accepted_source_side_envelope
me_land_4155,WILD,0.8278388,0.5276014,me_mordor_region,9,,no,deliberately unclaimed,wild_unclaimed
me_land_4156,WILD,0.7108669,0.9662921,me_far_harad_region,10,,no,deliberately unclaimed,wild_unclaimed
me_land_4157,WILD,0.3865690,0.3063019,me_enedwaith_region,1,,no,deliberately unclaimed,wild_unclaimed
me_land_4158,UMB,0.4840049,0.9526136,me_umbar_region,10,0.0540075,no,Umbar coast and corsair hinterland,accepted_source_side_envelope
me_land_4159,HNE,0.5938950,0.8080117,me_near_harad_region,9,0.0911352,no,Harnendor between the Poros approaches and the Harnen,accepted_frontier_polygon
me_land_4160,DAM,0.5062271,0.6619443,me_belfalas_region,1,0.0359745,no,Dol Amroth and Belfalas peninsula,accepted_source_side_envelope
me_land_4161,MOR,0.6481074,0.5349292,me_mordor_region,1,0.0394252,no,Mordor inside the source-reviewed Ered Lithui and Ephel Duath enclosure,accepted_frontier_polygon
me_land_4162,RH3,0.8214896,0.1597460,me_rhun_region,1,0.0403641,no,northeastern Rhûn confederation beyond the Iron Hills,accepted_frontier_polygon
me_land_4163,WILD,0.6273504,0.1279922,me_dale_region,1,,no,deliberately unclaimed,wild_unclaimed
me_land_4164,RH2,0.8153846,0.3873962,me_rhun_region,9,0.0484275,no,southeastern Rhûn wain-kingdom beyond the Sea of Rhûn,accepted_frontier_polygon
me_land_4165,WILD,0.6380952,0.3693210,me_mirkwood_region,9,,no,deliberately unclaimed,wild_unclaimed
me_land_4166,WILD,0.7335775,0.5906204,me_mordor_region,8,,no,deliberately unclaimed,wild_unclaimed
me_land_4167,WILD,0.7189255,0.6824621,me_mordor_region,8,,no,deliberately unclaimed,wild_unclaimed
me_land_4168,MOR,0.6576313,0.6687836,me_mordor_region,8,0.0990679,no,Mordor inside the source-reviewed Ered Lithui and Ephel Duath enclosure,accepted_frontier_polygon
me_land_4169,ROH,0.5389499,0.4494382,me_rohan_region,9,0.1199663,no,"The Mark between Isen, Anduin, and White Mountains",accepted_source_side_envelope
me_land_4170,BEO,0.5445665,0.2164143,me_anduin_vale_region,1,0.0354505,no,Beorning crossings and upper Anduin vales,accepted_source_side_envelope
me_land_4171,GON,0.5755800,0.7176356,me_south_gondor_region,1,0.1064655,no,Gondor fiefs from Anfalas to the Anduin,accepted_source_side_envelope
me_land_4172,WILD,0.7836386,0.5134343,me_rhun_region,9,,no,deliberately unclaimed,wild_unclaimed
me_land_4173,GON,0.6026862,0.7005374,me_south_gondor_region,9,0.1018263,no,Gondor fiefs from Anfalas to the Anduin,accepted_source_side_envelope
me_land_4174,BLU,0.2832723,0.1597460,me_lindon_region,1,0.0243952,no,Surviving Ered Luin halls,accepted_source_side_envelope
me_land_4175,WILD,0.4222222,0.1509526,me_north_arnor_region,1,,no,deliberately unclaimed,wild_unclaimed
me_land_4176,WILD,0.7885226,0.6863703,me_mordor_region,9,,no,deliberately unclaimed,wild_unclaimed
me_land_4177,LOS,0.1929182,0.0483635,me_forochel_region,1,0.2984139,no,Lossoth settlements around the Icebay,accepted_source_side_envelope
me_land_4178,LIN,0.2576313,0.3058134,me_lindon_region,1,0.1302333,no,Lindon west of the Blue Mountains,accepted_source_side_envelope
me_land_4179,WILD,0.5028083,0.1104055,me_northern_wastes_region,5,,no,deliberately unclaimed,wild_forodwaith
me_land_4180,WILD,0.8239316,0.9594529,me_far_harad_region,10,,no,deliberately unclaimed,wild_unclaimed
me_land_4181,MOR,0.6354090,0.5798730,me_mordor_region,1,0.0184195,no,Mordor inside the source-reviewed Ered Lithui and Ephel Duath enclosure,accepted_frontier_polygon
me_land_4182,HNE,0.6039072,0.8407426,me_near_harad_region,1,0.0844818,no,Harnendor between the Poros approaches and the Harnen,accepted_frontier_polygon
me_land_4183,GON,0.5816850,0.6878359,me_south_gondor_region,1,0.0768624,no,Gondor fiefs from Anfalas to the Anduin,accepted_source_side_envelope
me_land_4184,RH2,0.8300366,0.3937469,me_rhun_region,9,0.0743141,no,southeastern Rhûn wain-kingdom beyond the Sea of Rhûn,accepted_frontier_polygon
me_land_4185,LIN,0.2998779,0.3204690,me_lindon_region,1,0.0960934,no,Lindon west of the Blue Mountains,accepted_source_side_envelope
me_land_4186,WILD,0.7924298,0.5671715,me_mordor_region,9,,no,deliberately unclaimed,wild_unclaimed
me_land_4187,LIN,0.2415140,0.2149487,me_lindon_region,1,0.1357537,no,Lindon west of the Blue Mountains,accepted_source_side_envelope
me_land_4188,MOR,0.6620269,0.5749878,me_mordor_region,8,0.0359800,no,Mordor inside the source-reviewed Ered Lithui and Ephel Duath enclosure,accepted_frontier_polygon
me_land_4189,MOR,0.6920635,0.5705911,me_mordor_region,1,0.0960674,no,Mordor inside the source-reviewed Ered Lithui and Ephel Duath enclosure,accepted_frontier_polygon
me_land_4190,WILD,0.3714286,0.1734245,me_north_arnor_region,1,,no,deliberately unclaimed,wild_unclaimed
me_land_4191,HFA,0.5626374,0.9247680,me_far_harad_region,9,0.0539845,no,represented northern fringe of Far Harad,accepted_frontier_polygon
me_land_4192,WILD,0.4148962,0.2808989,me_north_arnor_region,1,,no,deliberately unclaimed,wild_unclaimed
me_land_4193,WOO,0.5741148,0.1573034,me_mirkwood_region,3,0.0163794,no,Arda Maps Mirkwood polygon: northern/eastern Woodland Realm; Thranduil's northern and eastern Mirkwood; Woodland Realm in northern and northeastern Mirkwood,accepted_source_zone_overlap
me_land_4194,KHA,0.7907204,0.7493894,me_khand_region,9,0.0719213,no,"Khand east and southeast of Mordor, excluding Far Harad",accepted_frontier_polygon
me_land_4195,WILD,0.5743590,0.0029311,me_northern_wastes_region,5,,no,deliberately unclaimed,wild_forodwaith
me_land_4196,MOR,0.6405372,0.6209086,me_mordor_region,8,0.0479161,no,Mordor inside the source-reviewed Ered Lithui and Ephel Duath enclosure,accepted_frontier_polygon
me_land_4197,GON,0.4942613,0.6003908,me_belfalas_region,1,0.1681674,no,Gondor fiefs from Anfalas to the Anduin,accepted_source_side_envelope
me_land_4198,HRA,0.6205128,0.8930142,me_near_harad_region,10,0.1113780,no,"Qarsad's inland Near Harad sphere, separated from Harnendor and Khand",accepted_frontier_polygon
me_land_4199,WILD,0.4532357,0.0762091,me_angmar_region,5,,no,deliberately unclaimed,wild_unclaimed
me_land_4200,UMB,0.5540904,0.9697118,me_umbar_region,10,0.0951909,no,Umbar coast and corsair hinterland,accepted_source_side_envelope
me_land_4201,WILD,0.3201465,0.1822179,me_north_arnor_region,1,,no,deliberately unclaimed,wild_unclaimed
me_land_4202,WILD,0.7536020,0.5515388,me_mordor_region,9,,no,deliberately unclaimed,wild_unclaimed
me_land_4203,WILD,0.7086691,0.5158769,me_rhun_region,9,,no,deliberately unclaimed,wild_unclaimed
me_land_4204,LIN,0.2813187,0.3190034,me_lindon_region,1,0.1082376,no,Lindon west of the Blue Mountains,accepted_source_side_envelope
me_land_4205,HNE,0.6800977,0.7879824,me_near_harad_region,9,0.0826342,no,Harnendor between the Poros approaches and the Harnen,accepted_frontier_polygon
me_land_4206,WOO,0.5792430,0.1704934,me_dale_region,3,0.0138231,no,Arda Maps Mirkwood polygon: northern/eastern Woodland Realm; Thranduil's northern and eastern Mirkwood; Woodland Realm in northern and northeastern Mirkwood,accepted_source_zone_overlap
me_land_4207,WILD,0.8148962,0.0591109,me_northern_wastes_region,1,,no,deliberately unclaimed,wild_forodwaith
me_land_4208,UMB,0.5174603,0.9443087,me_umbar_region,9,0.0178646,no,Umbar coast and corsair hinterland,accepted_source_side_envelope
me_land_4209,WILD,0.6302808,0.0415242,me_northern_wastes_region,5,,no,deliberately unclaimed,wild_forodwaith
me_land_4210,MOR,0.6473748,0.6638984,me_mordor_region,8,0.0906314,no,Mordor inside the source-reviewed Ered Lithui and Ephel Duath enclosure,accepted_frontier_polygon
me_land_4211,LIN,0.2583639,0.1983390,me_lindon_region,1,0.1053355,no,Lindon west of the Blue Mountains,accepted_source_side_envelope
me_land_4212,RH2,0.7702076,0.4562775,me_rhun_region,9,0.1218411,no,southeastern Rhûn wain-kingdom beyond the Sea of Rhûn,accepted_frontier_polygon
me_land_4213,WILD,0.6688645,0.1030777,me_northern_wastes_region,5,,no,deliberately unclaimed,wild_forodwaith
me_land_4214,UMB,0.5643468,0.8768930,me_near_harad_region,9,0.1241908,no,Umbar coast and corsair hinterland,accepted_source_side_envelope
me_land_4215,WILD,0.7702076,0.8671226,me_khand_region,10,,no,deliberately unclaimed,wild_unclaimed
me_land_4216,WILD,0.3536020,0.1450904,me_north_arnor_region,1,,no,deliberately unclaimed,wild_unclaimed
me_land_4217,GON,0.4578755,0.6404494,me_belfalas_region,1,0.2423450,no,Gondor fiefs from Anfalas to the Anduin,accepted_source_side_envelope
me_land_4218,WILD,0.5934066,0.4885198,me_brown_lands_region,1,,no,deliberately unclaimed,wild_unclaimed
me_land_4219,WILD,0.5299145,0.3277968,me_anduin_vale_region,1,,no,deliberately unclaimed,wild_unclaimed
me_land_4220,RHU,0.6979243,0.2667318,me_rhun_region,9,0.1451192,no,western Rhûn polity north and east of Dorwinion,accepted_frontier_polygon
me_land_4221,GOB,0.4964591,0.1651197,me_north_arnor_region,1,0.0376818,no,Goblin-town and High Pass under the Misty Mountains,accepted_source_side_envelope
me_land_4222,WILD,0.8363858,0.0092819,me_northern_wastes_region,1,,no,deliberately unclaimed,wild_forodwaith
me_land_4223,WILD,0.8188034,0.9579873,me_far_harad_region,10,,no,deliberately unclaimed,wild_unclaimed
me_land_4224,WDM,0.5658120,0.2476795,me_mirkwood_region,3,0.0528730,no,Arda Maps Mirkwood polygon: western Woodmen settlements; Woodmen settlements in western Mirkwood; Woodmen clearings along western and central Mirkwood,accepted_source_zone_overlap
me_land_4225,KHA,0.7108669,0.7572057,me_khand_region,9,0.0905940,no,"Khand east and southeast of Mordor, excluding Far Harad",accepted_frontier_polygon
me_land_4226,WILD,0.6981685,0.0854910,me_northern_wastes_region,5,,no,deliberately unclaimed,wild_forodwaith
me_land_4227,WILD,0.5499389,0.4298974,me_anduin_vale_region,9,,no,deliberately unclaimed,wild_unclaimed
me_land_4228,UMB,0.5728938,0.8754275,me_near_harad_region,9,0.1401083,no,Umbar coast and corsair hinterland,accepted_source_side_envelope
me_land_4229,DAM,0.4874237,0.6277479,me_belfalas_region,1,0.0452418,no,Dol Amroth and Belfalas peninsula,accepted_source_side_envelope
me_land_4230,GON,0.4107448,0.5769419,me_belfalas_region,1,0.3366041,no,Gondor fiefs from Anfalas to the Anduin,accepted_source_side_envelope
me_land_4231,WILD,0.6307692,0.2960430,me_mirkwood_region,9,,no,deliberately unclaimed,wild_unclaimed
me_land_4232,RAN,0.4612943,0.2989741,me_north_arnor_region,1,0.0398859,no,The Angle and immediate Ranger refuge,accepted_source_side_envelope
me_land_4233,WILD,0.7374847,0.6062531,me_mordor_region,8,,no,deliberately unclaimed,wild_unclaimed
me_land_4234,WILD,0.7750916,0.4611627,me_rhun_region,9,,no,deliberately unclaimed,wild_unclaimed
me_land_4235,WILD,0.7216117,0.6956522,me_mordor_region,8,,no,deliberately unclaimed,wild_unclaimed
me_land_4236,WILD,0.5594628,0.1226185,me_grey_mountains_region,3,,no,deliberately unclaimed,wild_unclaimed
me_land_4237,WILD,0.3394383,0.3961895,me_enedwaith_region,1,,no,deliberately unclaimed,wild_enedwaith
me_land_4238,UMB,0.5533578,0.9535906,me_umbar_region,9,0.0892469,no,Umbar coast and corsair hinterland,accepted_source_side_envelope
me_land_4239,WILD,0.7689866,0.5144113,me_rhun_region,9,,no,deliberately unclaimed,wild_unclaimed
me_land_4240,WILD,0.3252747,0.1714704,me_north_arnor_region,1,,no,deliberately unclaimed,wild_unclaimed
me_land_4241,WILD,0.6148962,0.1221299,me_dale_region,1,,no,deliberately unclaimed,wild_unclaimed
me_land_4242,WILD,0.5157509,0.3873962,me_anduin_vale_region,1,,no,deliberately unclaimed,wild_unclaimed
me_land_4243,LOS,0.3313797,0.0635076,me_forochel_region,5,0.0210913,yes,realm-seat: Forochel Camp is the documented Lossoth realm seat.,accepted_required_frontier_owner
me_land_4244,GON,0.5775336,0.5847582,me_anorien_region,1,0.0265681,no,Gondor fiefs from Anfalas to the Anduin,accepted_source_side_envelope
me_land_4245,GON,0.6400488,0.7249634,me_south_gondor_region,1,0.1680393,no,Gondor fiefs from Anfalas to the Anduin,accepted_source_side_envelope
me_land_4246,RH2,0.8195360,0.3971666,me_rhun_region,9,0.0612479,no,southeastern Rhûn wain-kingdom beyond the Sea of Rhûn,accepted_frontier_polygon
me_land_4247,WILD,0.4043956,0.3038593,me_enedwaith_region,1,,no,deliberately unclaimed,wild_unclaimed
me_land_4248,UMB,0.5560440,0.8510015,me_near_harad_region,9,0.1256154,no,Umbar coast and corsair hinterland,accepted_source_side_envelope
me_land_4249,BLU,0.2798535,0.1221299,me_lindon_region,1,0.0602035,no,Blue Mountain holding closer to the Blue Halls than northern Lindon,accepted_component_repair
me_land_4250,DAL,0.6283272,0.2169028,me_dale_region,1,0.0862602,no,Dale and the upper Celduin plain,accepted_source_side_envelope
me_land_4251,WILD,0.7780220,0.5168539,me_rhun_region,9,,no,deliberately unclaimed,wild_unclaimed
me_land_4252,WILD,0.6144078,0.3688324,me_mirkwood_region,9,,no,deliberately unclaimed,wild_unclaimed
me_land_4253,WILD,0.8244200,0.9741085,me_far_harad_region,10,,no,deliberately unclaimed,wild_unclaimed
me_land_4254,ESG,0.5934066,0.2042013,me_dale_region,3,0.0434086,no,Lake-town and Long Lake shore,accepted_source_side_envelope
me_land_4255,WILD,0.4136752,0.5564240,me_enedwaith_region,1,,no,deliberately unclaimed,wild_unclaimed
me_land_4256,WILD,0.7787546,0.6805081,me_mordor_region,9,,no,deliberately unclaimed,wild_unclaimed
me_land_4257,UMB,0.5621490,0.8373229,me_near_harad_region,1,0.1438668,no,Umbar coast and corsair hinterland,accepted_source_side_envelope
me_land_4258,WILD,0.7855922,0.8749389,me_khand_region,10,,no,deliberately unclaimed,wild_unclaimed
me_land_4259,RIV,0.4903541,0.2051783,me_north_arnor_region,1,0.0185792,no,Imladris hidden valley and immediate refuge,accepted_source_side_envelope
me_land_4260,WILD,0.8024420,0.6546165,me_mordor_region,9,,no,deliberately unclaimed,wild_unclaimed
me_land_4261,WILD,0.5987790,0.4650708,me_brown_lands_region,9,,no,deliberately unclaimed,wild_unclaimed
me_land_4262,LIN,0.2437118,0.2208109,me_lindon_region,1,0.1310026,no,Lindon west of the Blue Mountains,accepted_source_side_envelope
me_land_4263,RH3,0.8109890,0.2344895,me_rhun_region,9,0.0389142,no,northeastern Rhûn confederation beyond the Iron Hills,accepted_frontier_polygon
me_land_4264,WILD,0.6178266,0.0972154,me_northern_wastes_region,5,,no,deliberately unclaimed,wild_forodwaith
me_land_4265,GON,0.3943834,0.6756229,me_belfalas_region,1,0.3731556,no,Gondor fiefs from Anfalas to the Anduin,accepted_source_side_envelope
me_land_4266,WILD,0.3731380,0.3351246,me_enedwaith_region,1,,no,deliberately unclaimed,wild_unclaimed
me_land_4267,WILD,0.7235653,0.4763068,me_rhun_region,9,,no,deliberately unclaimed,wild_unclaimed
me_land_4268,RHU,0.7501832,0.2799218,me_rhun_region,9,0.0496603,no,western Rhûn polity north and east of Dorwinion,accepted_frontier_polygon
me_land_4269,WILD,0.6092796,0.6121153,me_ithilien_region,1,,no,deliberately unclaimed,wild_ithilien
me_land_4270,HRA,0.6991453,0.8974108,me_near_harad_region,10,0.0555278,no,"Qarsad's inland Near Harad sphere, separated from Harnendor and Khand",accepted_frontier_polygon
me_land_4271,IRO,0.6798535,0.1587689,me_rhun_region,1,0.0108725,yes,realm-seat: The Iron Hills hold is the Iron Hills realm seat after the War of Five Armies.,accepted_required_frontier_owner
me_land_4272,RHU,0.7909646,0.2545188,me_rhun_region,9,0.0421720,no,western Rhûn polity north and east of Dorwinion,accepted_frontier_polygon
me_land_4273,WILD,0.7975580,0.8558867,me_khand_region,10,,no,deliberately unclaimed,wild_unclaimed
me_land_4274,RH3,0.7951160,0.2105520,me_rhun_region,9,0.0508744,no,northeastern Rhûn confederation beyond the Iron Hills,accepted_frontier_polygon
me_land_4275,RH2,0.8356532,0.4367367,me_rhun_region,9,0.1122848,no,southeastern Rhûn wain-kingdom beyond the Sea of Rhûn,accepted_frontier_polygon
me_land_4276,HNE,0.6017094,0.8080117,me_near_harad_region,9,0.0757525,no,Harnendor between the Poros approaches and the Harnen,accepted_frontier_polygon
me_land_4277,FAN,0.4927961,0.4616512,me_rohan_region,1,0.0141794,no,Arda Maps Fangorn physical woodland polygon; Fangorn source forest and Entwash headwaters,accepted_source_zone_overlap
me_land_4278,WOO,0.5841270,0.2354665,me_mirkwood_region,3,0.0774622,no,Arda Maps Mirkwood polygon: northern/eastern Woodland Realm; Thranduil's northern and eastern Mirkwood; Woodland Realm in northern and northeastern Mirkwood,accepted_source_zone_overlap
me_land_4279,DOR,0.7079365,0.3659013,me_rhun_region,1,0.0488125,no,Dorwinion around the northwest Sea of Rhûn,accepted_source_side_envelope
me_land_4280,MOR,0.6439560,0.5862237,me_mordor_region,8,0.0127142,no,Mordor inside the source-reviewed Ered Lithui and Ephel Duath enclosure,accepted_frontier_polygon
me_land_4281,RHU,0.7162393,0.2901808,me_rhun_region,9,0.1147839,no,western Rhûn polity north and east of Dorwinion,accepted_frontier_polygon
me_land_4282,LIN,0.3130647,0.2574499,me_lindon_region,1,0.0322265,no,Lindon west of the Blue Mountains,accepted_source_side_envelope
me_land_4283,RH3,0.8151404,0.1465559,me_rhun_region,1,0.0543206,no,northeastern Rhûn confederation beyond the Iron Hills,accepted_frontier_polygon
me_land_4284,WILD,0.6385836,0.4992672,me_brown_lands_region,9,,no,deliberately unclaimed,wild_unclaimed
me_land_4285,BLU,0.2820513,0.2242306,me_lindon_region,1,0.0504417,no,Surviving Ered Luin halls,accepted_source_side_envelope
me_land_4286,WILD,0.5428571,0.3170493,me_anduin_vale_region,1,,no,deliberately unclaimed,wild_unclaimed
me_land_4287,WILD,0.4109890,0.1030777,me_angmar_region,5,,no,deliberately unclaimed,wild_unclaimed
me_land_4288,WILD,0.4500611,0.5105032,me_enedwaith_region,1,,no,deliberately unclaimed,wild_unclaimed
me_land_4289,WILD,0.7479853,0.5280899,me_mordor_region,9,,no,deliberately unclaimed,wild_unclaimed
me_land_4290,RAN,0.4825397,0.2638007,me_north_arnor_region,1,0.0163039,no,The Angle and immediate Ranger refuge,accepted_source_side_envelope
me_land_4291,KHA,0.7636142,0.7630679,me_khand_region,9,0.0298624,no,"Khand east and southeast of Mordor, excluding Far Harad",accepted_frontier_polygon
me_land_4292,RHU,0.7907204,0.2159257,me_rhun_region,9,0.0536507,no,western Rhûn polity north and east of Dorwinion,accepted_frontier_polygon
me_land_4293,WILD,0.5347985,0.3898388,me_anduin_vale_region,1,,no,deliberately unclaimed,wild_unclaimed
me_land_4294,RH3,0.8207570,0.2266732,me_rhun_region,9,0.0267161,no,northeastern Rhûn confederation beyond the Iron Hills,accepted_frontier_polygon
me_land_4295,WILD,0.7597070,0.5105032,me_rhun_region,9,,no,deliberately unclaimed,wild_unclaimed
me_land_4296,WILD,0.3401709,0.3287738,me_enedwaith_region,1,,no,deliberately unclaimed,wild_unclaimed
me_land_4297,GON,0.5213675,0.6243283,me_belfalas_region,1,0.1143460,no,Gondor fiefs from Anfalas to the Anduin,accepted_source_side_envelope
me_land_4298,DOR,0.7152625,0.3116756,me_rhun_region,1,0.0728800,no,Dorwinion around the northwest Sea of Rhûn,accepted_source_side_envelope
me_land_4299,RAN,0.4908425,0.2530532,me_north_arnor_region,1,0.0359323,no,The Angle and immediate Ranger refuge,accepted_source_side_envelope
me_land_4300,WILD,0.1887668,0.0473864,me_forochel_region,1,,no,deliberately unclaimed,wild_unclaimed
me_land_4301,UMB,0.5565324,0.8187592,me_near_harad_region,9,0.1498678,no,Umbar coast and corsair hinterland,accepted_source_side_envelope
me_land_4302,KHA,0.7362637,0.7401075,me_khand_region,9,0.0378699,no,"Khand east and southeast of Mordor, excluding Far Harad",accepted_frontier_polygon
me_land_4303,RH3,0.7833944,0.1402052,me_rhun_region,1,0.0945267,no,northeastern Rhûn confederation beyond the Iron Hills,accepted_frontier_polygon
me_land_4304,WILD,0.4129426,0.4440645,me_enedwaith_region,1,,no,deliberately unclaimed,wild_enedwaith
me_land_4305,IRO,0.6610501,0.1299463,me_rhun_region,1,0.0384697,no,Iron Hills source label and adjacent holds,accepted_source_side_envelope
me_land_4306,LIN,0.2940171,0.3087445,me_lindon_region,1,0.0879378,no,Lindon west of the Blue Mountains,accepted_source_side_envelope
me_land_4307,WILD,0.8075702,0.0381045,me_northern_wastes_region,1,,no,deliberately unclaimed,wild_forodwaith
me_land_4308,WILD,0.5013431,0.0512946,me_northern_wastes_region,5,,no,deliberately unclaimed,wild_forodwaith
me_land_4309,WILD,0.5179487,0.3126527,me_anduin_vale_region,1,,no,deliberately unclaimed,wild_unclaimed
me_land_4310,ROH,0.5526252,0.5051295,me_rohan_region,1,0.1129206,no,"The Mark between Isen, Anduin, and White Mountains",accepted_source_side_envelope
me_land_4311,WILD,0.7614164,0.1055203,me_northern_wastes_region,1,,no,deliberately unclaimed,wild_forodwaith
me_land_4312,RH3,0.8300366,0.2095750,me_rhun_region,9,0.0222400,no,northeastern Rhûn confederation beyond the Iron Hills,accepted_frontier_polygon
me_land_4313,WILD,0.3484737,0.1866146,me_north_arnor_region,1,,no,deliberately unclaimed,wild_unclaimed
me_land_4314,HNE,0.6476190,0.7821202,me_near_harad_region,9,0.0207832,no,Harnendor between the Poros approaches and the Harnen,accepted_frontier_polygon
me_land_4315,WILD,0.3897436,0.3014167,me_enedwaith_region,1,,no,deliberately unclaimed,wild_unclaimed
me_land_4316,GON,0.3885226,0.5769419,me_belfalas_region,1,0.3808435,no,Gondor fiefs from Anfalas to the Anduin,accepted_source_side_envelope
me_land_4317,WILD,0.7484737,0.0464094,me_northern_wastes_region,1,,no,deliberately unclaimed,wild_forodwaith
me_land_4318,WILD,0.6722833,0.2467025,me_rhun_region,1,,no,deliberately unclaimed,wild_unclaimed
me_land_4319,WILD,0.4393162,0.3287738,me_enedwaith_region,6,,no,deliberately unclaimed,wild_buffer
me_land_4320,WILD,0.4161172,0.2012702,me_north_arnor_region,1,,no,deliberately unclaimed,wild_unclaimed
me_land_4321,RHU,0.7477411,0.2662433,me_rhun_region,9,0.0473885,no,western Rhûn polity north and east of Dorwinion,accepted_frontier_polygon
me_land_4322,LOS,0.3724054,0.0312653,me_forochel_region,5,0.0699758,no,Lossoth settlements around the Icebay,accepted_source_side_envelope
me_land_4323,DOR,0.6891331,0.4181729,me_rhun_region,9,0.0675336,no,Dorwinion around the northwest Sea of Rhûn,accepted_source_side_envelope
me_land_4324,WILD,0.4007326,0.1978505,me_north_arnor_region,1,,no,deliberately unclaimed,wild_unclaimed
me_land_4325,RH2,0.8153846,0.3717636,me_rhun_region,9,0.0376882,no,southeastern Rhûn wain-kingdom beyond the Sea of Rhûn,accepted_frontier_polygon
me_land_4326,UMB,0.4781441,0.9433317,me_umbar_region,1,0.0634650,no,Umbar coast and corsair hinterland,accepted_source_side_envelope
me_land_4327,WILD,0.7264957,0.0830484,me_northern_wastes_region,5,,no,deliberately unclaimed,wild_forodwaith
me_land_4328,BEO,0.5179487,0.2681974,me_anduin_vale_region,1,0.0804732,no,Beorning crossings and upper Anduin vales,accepted_source_side_envelope
me_land_4329,UMB,0.5282051,0.8685882,me_umbar_region,9,0.0766613,no,Umbar coast and corsair hinterland,accepted_source_side_envelope
me_land_4330,WILD,0.8261294,0.6101612,me_mordor_region,9,,no,deliberately unclaimed,wild_unclaimed
me_land_4331,MOR,0.6310134,0.6350757,me_mordor_region,1,0.0668598,no,Mordor inside the source-reviewed Ered Lithui and Ephel Duath enclosure,accepted_frontier_polygon
me_land_4332,WILD,0.4454212,0.3258427,me_enedwaith_region,1,,no,deliberately unclaimed,wild_buffer
me_land_4333,WILD,0.6246642,0.3732291,me_mirkwood_region,9,,no,deliberately unclaimed,wild_unclaimed
me_land_4334,WILD,0.3555556,0.1924768,me_north_arnor_region,1,,no,deliberately unclaimed,wild_unclaimed
me_land_4335,WILD,0.3934066,0.4562775,me_enedwaith_region,1,,no,deliberately unclaimed,wild_enedwaith
me_land_4336,WILD,0.3313797,0.3014167,me_enedwaith_region,1,,no,deliberately unclaimed,wild_unclaimed
me_land_4337,WILD,0.7531136,0.9355154,me_far_harad_region,10,,no,deliberately unclaimed,wild_unclaimed
me_land_4338,MOR,0.6349206,0.5373718,me_mordor_region,9,0.0404916,no,Mordor inside the source-reviewed Ered Lithui and Ephel Duath enclosure,accepted_frontier_polygon
me_land_4339,RH3,0.8112332,0.2574499,me_rhun_region,9,0.0600660,no,northeastern Rhûn confederation beyond the Iron Hills,accepted_frontier_polygon
me_land_4340,WILD,0.6905983,0.7147044,me_mordor_region,8,,no,deliberately unclaimed,wild_unclaimed
me_land_4341,WILD,0.7167277,0.6917440,me_mordor_region,8,,no,deliberately unclaimed,wild_unclaimed
me_land_4342,WILD,0.6710623,0.0918417,me_northern_wastes_region,5,,no,deliberately unclaimed,wild_forodwaith
me_land_4343,WILD,0.5128205,0.0112360,me_northern_wastes_region,5,,no,deliberately unclaimed,wild_forodwaith
me_land_4344,WILD,0.8175824,0.9907181,me_far_harad_region,10,,no,deliberately unclaimed,wild_unclaimed
me_land_4345,WILD,0.7540904,0.8397655,me_khand_region,10,,no,deliberately unclaimed,wild_unclaimed
me_land_4346,GON,0.5611722,0.5793845,me_anorien_region,1,0.0466238,no,Gondor fiefs from Anfalas to the Anduin,accepted_source_side_envelope
me_land_4347,ANG,0.4471306,0.1587689,me_north_arnor_region,1,0.0138783,no,compact Mount Gram remnant with Carn Dum retained only as a forced fastness,accepted_frontier_polygon
me_land_4348,WILD,0.8341880,0.9018075,me_near_harad_region,10,,no,deliberately unclaimed,wild_unclaimed
me_land_4349,DUN,0.4437118,0.4596971,me_enedwaith_region,1,0.0244810,no,"Dunland lowlands west of Isen and the Gap, south of Glanduin",accepted_frontier_polygon
me_land_4350,WILD,0.8224664,0.5349292,me_mordor_region,9,,no,deliberately unclaimed,wild_unclaimed
me_land_4351,WILD,0.3462759,0.1963850,me_north_arnor_region,1,,no,deliberately unclaimed,wild_unclaimed
me_land_4352,KHA,0.8251526,0.7410845,me_khand_region,9,0.1399705,no,"Khand east and southeast of Mordor, excluding Far Harad",accepted_frontier_polygon
me_land_4353,RHU,0.7516484,0.2300928,me_rhun_region,9,0.0417544,no,western Rhûn polity north and east of Dorwinion,accepted_frontier_polygon
me_land_4354,SHI,0.3321123,0.2437714,me_shire_breeland_region,1,0.0317936,no,Shire bounds west of the Brandywine,accepted_source_side_envelope
me_land_4355,WDM,0.5697192,0.2603810,me_mirkwood_region,3,0.0425206,no,Arda Maps Mirkwood polygon: western Woodmen settlements; Woodmen settlements in western Mirkwood; Woodmen clearings along western and central Mirkwood,accepted_source_zone_overlap
me_land_4356,GON,0.5213675,0.6306790,me_belfalas_region,1,0.1152427,no,Gondor fiefs from Anfalas to the Anduin,accepted_source_side_envelope
me_land_4357,RHU,0.7711844,0.1958964,me_rhun_region,1,0.0541554,no,western Rhûn polity north and east of Dorwinion,accepted_frontier_polygon
me_land_4358,GON,0.3965812,0.6643869,me_belfalas_region,1,0.3670337,no,Gondor fiefs from Anfalas to the Anduin,accepted_source_side_envelope
me_land_4359,WOO,0.5841270,0.2217880,me_mirkwood_region,3,0.0638023,no,Arda Maps Mirkwood polygon: northern/eastern Woodland Realm; Thranduil's northern and eastern Mirkwood; Woodland Realm in northern and northeastern Mirkwood,accepted_source_zone_overlap
me_land_4360,WILD,0.7677656,0.6350757,me_mordor_region,9,,no,deliberately unclaimed,wild_unclaimed
me_land_4361,MOR,0.7035409,0.6531510,me_mordor_region,8,0.1431721,no,Mordor inside the source-reviewed Ered Lithui and Ephel Duath enclosure,accepted_frontier_polygon
me_land_4362,WILD,0.4315018,0.2076209,me_north_arnor_region,1,,no,deliberately unclaimed,wild_unclaimed
me_land_4363,HNE,0.6647131,0.7948217,me_near_harad_region,9,0.0517138,no,Harnendor between the Poros approaches and the Harnen,accepted_frontier_polygon
me_land_4364,WILD,0.4358974,0.5378603,me_enedwaith_region,1,,no,deliberately unclaimed,wild_unclaimed
me_land_4365,WILD,0.3387057,0.1255496,me_north_arnor_region,1,,no,deliberately unclaimed,wild_unclaimed
me_land_4366,ESG,0.6053724,0.1670738,me_dale_region,1,0.0118130,no,Lake-town and Long Lake shore,accepted_source_side_envelope
me_land_4367,SHI,0.3606838,0.2056668,me_shire_breeland_region,1,0.0372567,no,Shire bounds west of the Brandywine,accepted_source_side_envelope
me_land_4368,WILD,0.5418803,0.3248657,me_anduin_vale_region,1,,no,deliberately unclaimed,wild_unclaimed
me_land_4369,WILD,0.5450549,0.2921348,me_mirkwood_region,1,,no,deliberately unclaimed,wild_buffer
me_land_4370,WILD,0.5448107,0.0727894,me_northern_wastes_region,5,,no,deliberately unclaimed,wild_forodwaith
me_land_4371,KHA,0.7196581,0.7449927,me_khand_region,9,0.0713466,no,"Khand east and southeast of Mordor, excluding Far Harad",accepted_frontier_polygon
me_land_4372,WILD,0.4774115,0.4010747,me_enedwaith_region,1,,no,deliberately unclaimed,wild_unclaimed
me_land_4373,LIN,0.2881563,0.2271617,me_lindon_region,1,0.0420148,no,Lindon west of the Blue Mountains,accepted_source_side_envelope
me_land_4374,WILD,0.7416361,0.0043967,me_northern_wastes_region,5,,no,deliberately unclaimed,wild_forodwaith
me_land_4375,WILD,0.6024420,0.4694675,me_brown_lands_region,9,,no,deliberately unclaimed,wild_unclaimed
me_land_4376,LOS,0.2757021,0.1196873,me_forochel_region,1,0.1430331,no,Lossoth settlements around the Icebay,accepted_source_side_envelope
me_land_4377,WILD,0.7291819,0.4391793,me_rhun_region,9,,no,deliberately unclaimed,wild_buffer
me_land_4378,WILD,0.4168498,0.1763556,me_north_arnor_region,1,,no,deliberately unclaimed,wild_unclaimed
me_land_4379,WILD,0.7233211,0.6775769,me_mordor_region,8,,no,deliberately unclaimed,wild_unclaimed
me_land_4380,WILD,0.6048840,0.6033219,me_ithilien_region,1,,no,independent-danger: Shelob's exact pass cell remains outside the compact Mordor enclosure.,accepted_required_frontier_owner
me_land_4381,HNE,0.6065934,0.8353688,me_near_harad_region,1,0.0770326,no,Harnendor between the Poros approaches and the Harnen,accepted_frontier_polygon
me_land_4382,WILD,0.7223443,0.1040547,me_northern_wastes_region,5,,no,deliberately unclaimed,wild_forodwaith
me_land_4383,RHU,0.7584860,0.1831949,me_rhun_region,1,0.0706627,no,western Rhûn polity north and east of Dorwinion,accepted_frontier_polygon
me_land_4384,HFA,0.5687424,0.9242794,me_far_harad_region,10,0.0447325,no,represented northern fringe of Far Harad,accepted_frontier_polygon
me_land_4385,WILD,0.7711844,0.0937958,me_northern_wastes_region,1,,no,deliberately unclaimed,wild_forodwaith
me_land_4386,WILD,0.7330891,0.4963361,me_rhun_region,9,,no,deliberately unclaimed,wild_unclaimed
me_land_4387,WILD,0.6083028,0.0688813,me_northern_wastes_region,5,,no,deliberately unclaimed,wild_forodwaith
me_land_4388,RAN,0.4744811,0.2755252,me_north_arnor_region,1,0.0056218,yes,realm-seat: The Angle is the documented Ranger refuge used as the Northern Rangers realm seat.,accepted_required_frontier_owner
me_land_4389,WILD,0.6954823,0.0439668,me_northern_wastes_region,5,,no,deliberately unclaimed,wild_forodwaith
me_land_4390,WILD,0.3880342,0.2442599,me_shire_breeland_region,3,,no,independent-woodland: The Old Forest lies beyond settled Shire and compact Bree-land.,accepted_required_frontier_owner
me_land_4391,WILD,0.5240537,0.3610161,me_anduin_vale_region,1,,no,deliberately unclaimed,wild_unclaimed
me_land_4392,WILD,0.6078144,0.6375183,me_ithilien_region,1,,no,deliberately unclaimed,wild_ithilien
me_land_4393,RH2,0.7958486,0.4005862,me_rhun_region,9,0.0512631,no,southeastern Rhûn wain-kingdom beyond the Sea of Rhûn,accepted_frontier_polygon
me_land_4394,WILD,0.7785104,0.9716659,me_far_harad_region,10,,no,deliberately unclaimed,wild_unclaimed
me_land_4395,UMB,0.5279609,0.8788471,me_umbar_region,9,0.0676016,no,Umbar coast and corsair hinterland,accepted_source_side_envelope
me_land_4396,UMB,0.4610501,0.9711773,me_umbar_region,9,0.1034738,no,Umbar coast and corsair hinterland,accepted_source_side_envelope
me_land_4397,RH3,0.8036630,0.1944309,me_rhun_region,1,0.0331452,no,northeastern Rhûn confederation beyond the Iron Hills,accepted_frontier_polygon
me_land_4398,WILD,0.5672772,0.0688813,me_northern_wastes_region,5,,no,deliberately unclaimed,wild_forodwaith
me_land_4399,RH2,0.8310134,0.3014167,me_rhun_region,9,0.0787888,no,southeastern Rhûn wain-kingdom beyond the Sea of Rhûn,accepted_frontier_polygon
me_land_4400,RHU,0.7755800,0.1543723,me_rhun_region,1,0.0962767,no,western Rhûn polity north and east of Dorwinion,accepted_frontier_polygon
me_land_4401,GOB,0.4905983,0.1704934,me_north_arnor_region,1,0.0439339,no,Goblin-town and High Pass under the Misty Mountains,accepted_source_side_envelope
me_land_4402,GON,0.3894994,0.6282364,me_belfalas_region,1,0.3777173,no,Gondor fiefs from Anfalas to the Anduin,accepted_source_side_envelope
me_land_4403,WILD,0.8263736,0.6785540,me_mordor_region,9,,no,deliberately unclaimed,wild_unclaimed
me_land_4404,GON,0.4031746,0.5603322,me_belfalas_region,1,0.3536779,no,Gondor fiefs from Anfalas to the Anduin,accepted_source_side_envelope
me_land_4405,UMB,0.4930403,0.9491939,me_umbar_region,9,0.0358587,no,Umbar coast and corsair hinterland,accepted_source_side_envelope
me_land_4406,WILD,0.6854701,0.1104055,me_northern_wastes_region,5,,no,deliberately unclaimed,wild_forodwaith
me_land_4407,WILD,0.5924298,0.0923302,me_northern_wastes_region,5,,no,deliberately unclaimed,wild_forodwaith
me_land_4408,WILD,0.4285714,0.5349292,me_enedwaith_region,1,,no,deliberately unclaimed,wild_unclaimed
me_land_4409,WILD,0.3755800,0.4440645,me_enedwaith_region,1,,no,deliberately unclaimed,wild_enedwaith
me_land_4410,RH3,0.8373626,0.2379091,me_rhun_region,9,0.0514096,no,northeastern Rhûn confederation beyond the Iron Hills,accepted_frontier_polygon
me_land_4411,WILD,0.7406593,0.0884221,me_northern_wastes_region,1,,no,deliberately unclaimed,wild_forodwaith
me_land_4412,WILD,0.7716728,0.8422081,me_khand_region,10,,no,deliberately unclaimed,wild_unclaimed
me_land_4413,WILD,0.7213675,0.8656571,me_khand_region,10,,no,deliberately unclaimed,wild_unclaimed
me_land_4414,WILD,0.7731380,0.9540791,me_far_harad_region,10,,no,deliberately unclaimed,wild_unclaimed
me_land_4415,WDM,0.5636142,0.2413288,me_mirkwood_region,3,0.0587600,no,Arda Maps Mirkwood polygon: western Woodmen settlements; Woodmen settlements in western Mirkwood; Woodmen clearings along western and central Mirkwood,accepted_source_zone_overlap
me_land_4416,WILD,0.7599512,0.9208598,me_far_harad_region,10,,no,deliberately unclaimed,wild_unclaimed
me_land_4417,WILD,0.6351648,0.0293112,me_northern_wastes_region,5,,no,deliberately unclaimed,wild_forodwaith
me_land_4418,RH3,0.8205128,0.2574499,me_rhun_region,9,0.0574591,no,northeastern Rhûn confederation beyond the Iron Hills,accepted_frontier_polygon
me_land_4419,WILD,0.8007326,0.0039082,me_northern_wastes_region,1,,no,deliberately unclaimed,wild_forodwaith
me_land_4420,WILD,0.6085470,0.6780655,me_ithilien_region,1,,no,deliberately unclaimed,wild_ithilien
me_land_4421,KHA,0.7323565,0.7366878,me_khand_region,9,0.0456800,no,"Khand east and southeast of Mordor, excluding Far Harad",accepted_frontier_polygon
me_land_4422,RH3,0.7924298,0.1685393,me_rhun_region,1,0.0634842,no,northeastern Rhûn confederation beyond the Iron Hills,accepted_frontier_polygon
me_land_4423,BEO,0.5521368,0.1680508,me_mirkwood_region,3,0.0479172,no,Beorning crossings and upper Anduin vales,accepted_source_side_envelope
me_land_4424,BLU,0.3079365,0.1651197,me_lindon_region,1,0.0349397,no,Surviving Ered Luin halls,accepted_source_side_envelope
me_land_4425,DOR,0.6703297,0.4245237,me_rhun_region,9,0.0786920,no,Dorwinion around the northwest Sea of Rhûn,accepted_source_side_envelope
me_land_4426,WILD,0.8305250,0.5178310,me_rhun_region,9,,no,deliberately unclaimed,wild_unclaimed
me_land_4427,ROH,0.5416361,0.4440645,me_rohan_region,9,0.1275565,no,"The Mark between Isen, Anduin, and White Mountains",accepted_source_side_envelope
me_land_4428,GON,0.5262515,0.6985833,me_lebennin_region,9,0.1356479,no,Gondor fiefs from Anfalas to the Anduin,accepted_source_side_envelope
me_land_4429,WILD,0.5289377,0.2901808,me_anduin_vale_region,1,,no,deliberately unclaimed,wild_buffer
me_land_4430,LIN,0.2578755,0.2638007,me_lindon_region,1,0.1092453,no,Lindon west of the Blue Mountains,accepted_source_side_envelope
me_land_4431,GON,0.4761905,0.5715681,me_belfalas_region,1,0.2077883,no,Gondor fiefs from Anfalas to the Anduin,accepted_source_side_envelope
me_land_4432,WILD,0.6471306,0.4513923,me_brown_lands_region,9,,no,deliberately unclaimed,wild_unclaimed
me_land_4433,BLU,0.3013431,0.1773327,me_lindon_region,1,0.0194674,no,Surviving Ered Luin halls,accepted_source_side_envelope
me_land_4434,WILD,0.5997558,0.0029311,me_northern_wastes_region,5,,no,deliberately unclaimed,wild_forodwaith
me_land_4435,FAN,0.4923077,0.4215926,me_anduin_vale_region,3,0.0363686,no,Arda Maps Fangorn physical woodland polygon; Fangorn source forest and Entwash headwaters,accepted_source_zone_overlap
me_land_4436,WDM,0.5555556,0.2432829,me_mirkwood_region,3,0.0581632,no,Arda Maps Mirkwood polygon: western Woodmen settlements; Woodmen settlements in western Mirkwood; Woodmen clearings along western and central Mirkwood,accepted_source_zone_overlap
me_land_4437,WILD,0.7394383,0.8524670,me_khand_region,10,,no,deliberately unclaimed,wild_unclaimed
me_land_4438,WILD,0.7482295,0.9604299,me_far_harad_region,10,,no,deliberately unclaimed,wild_unclaimed
me_land_4439,WILD,0.4073260,0.2784563,me_north_arnor_region,1,,no,deliberately unclaimed,wild_unclaimed
me_land_4440,ROH,0.5626374,0.5544700,me_rohan_region,1,0.1289773,no,"The Mark between Isen, Anduin, and White Mountains",accepted_source_side_envelope
me_land_4441,WILD,0.3758242,0.1514411,me_north_arnor_region,1,,no,deliberately unclaimed,wild_unclaimed
me_land_4442,HRA,0.7032967,0.9364924,me_far_harad_region,10,0.0873158,no,"Qarsad's inland Near Harad sphere, separated from Harnendor and Khand",accepted_frontier_polygon
me_land_4443,WILD,0.3860806,0.3571080,me_enedwaith_region,1,,no,deliberately unclaimed,wild_unclaimed
me_land_4444,ROH,0.5137973,0.4572545,me_rohan_region,9,0.0865250,no,"The Mark between Isen, Anduin, and White Mountains",accepted_source_side_envelope
me_land_4445,WILD,0.8393162,0.4660479,me_rhun_region,9,,no,deliberately unclaimed,wild_unclaimed
me_land_4446,UMB,0.4871795,0.9066927,me_umbar_region,9,0.0534587,no,Umbar coast and corsair hinterland,accepted_source_side_envelope
me_land_4447,LOS,0.2161172,0.0547142,me_forochel_region,1,0.2517551,no,Lossoth settlements around the Icebay,accepted_source_side_envelope
me_land_4448,DOR,0.6969475,0.3014167,me_rhun_region,9,0.0555517,no,Dorwinion around the northwest Sea of Rhûn,accepted_source_side_envelope
me_land_4449,WILD,0.8119658,0.1084514,me_northern_wastes_region,1,,no,deliberately unclaimed,wild_forodwaith
me_land_4450,WILD,0.7589744,0.0268686,me_northern_wastes_region,1,,no,deliberately unclaimed,wild_forodwaith
me_land_4451,WILD,0.7538462,0.0361505,me_northern_wastes_region,1,,no,deliberately unclaimed,wild_forodwaith
me_land_4452,RH2,0.7650794,0.4553004,me_rhun_region,9,0.1263566,no,southeastern Rhûn wain-kingdom beyond the Sea of Rhûn,accepted_frontier_polygon
me_land_4453,RAN,0.4688645,0.3199805,me_enedwaith_region,1,0.0514648,no,The Angle and immediate Ranger refuge,accepted_source_side_envelope
me_land_4454,WILD,0.6544567,0.4528578,me_brown_lands_region,9,,no,deliberately unclaimed,wild_unclaimed
me_land_4455,WILD,0.6048840,0.5828041,me_ithilien_region,1,,no,deliberately unclaimed,wild_ithilien
me_land_4456,RHU,0.7584860,0.1485100,me_rhun_region,1,0.1040697,no,western Rhûn polity north and east of Dorwinion,accepted_frontier_polygon
me_land_4457,UMB,0.5567766,0.9677577,me_umbar_region,10,0.0995793,no,Umbar coast and corsair hinterland,accepted_source_side_envelope
me_land_4458,RH2,0.7401709,0.3214460,me_rhun_region,1,0.1230179,no,southeastern Rhûn wain-kingdom beyond the Sea of Rhûn,accepted_frontier_polygon
me_land_4459,WOO,0.5643468,0.2007816,me_mirkwood_region,3,0.0557768,no,Arda Maps Mirkwood polygon: northern/eastern Woodland Realm; Thranduil's northern and eastern Mirkwood; Woodland Realm in northern and northeastern Mirkwood,accepted_source_zone_overlap
me_land_4460,WILD,0.7238095,0.6160234,me_mordor_region,8,,no,deliberately unclaimed,wild_unclaimed
me_land_4461,DUN,0.4505495,0.4460186,me_enedwaith_region,1,0.0422817,no,"Dunland lowlands west of Isen and the Gap, south of Glanduin",accepted_frontier_polygon
me_land_4462,LIN,0.2525031,0.2530532,me_lindon_region,1,0.1164519,no,Lindon west of the Blue Mountains,accepted_source_side_envelope
me_land_4463,MOA,0.4832723,0.3111871,me_enedwaith_region,1,0.0277879,no,Moria and immediate Dimrill/Sirannon approaches,accepted_source_side_envelope
me_land_4464,DUN,0.4361416,0.5021983,me_enedwaith_region,1,0.0374478,no,"Dunland lowlands west of Isen and the Gap, south of Glanduin",accepted_frontier_polygon
me_land_4465,WILD,0.4691087,0.2046898,me_north_arnor_region,1,,no,deliberately unclaimed,wild_unclaimed
me_land_4466,WILD,0.8195360,0.6140694,me_mordor_region,9,,no,deliberately unclaimed,wild_unclaimed
me_land_4467,HNE,0.5973138,0.8343918,me_near_harad_region,1,0.0926993,no,Harnendor between the Poros approaches and the Harnen,accepted_frontier_polygon
me_land_4468,MOR,0.6605617,0.5139228,me_mordor_region,9,0.0681251,no,Mordor inside the source-reviewed Ered Lithui and Ephel Duath enclosure,accepted_frontier_polygon
me_land_4469,DOR,0.6525031,0.3072789,me_rhun_region,9,0.0778967,no,Dorwinion around the northwest Sea of Rhûn,accepted_source_side_envelope
me_land_4470,GON,0.4522589,0.5788959,me_belfalas_region,1,0.2538941,no,Gondor fiefs from Anfalas to the Anduin,accepted_source_side_envelope
me_land_4471,WILD,0.3191697,0.1240840,me_north_arnor_region,1,,no,deliberately unclaimed,wild_unclaimed
me_land_4472,LIN,0.2605617,0.2950660,me_lindon_region,1,0.1191260,no,Lindon west of the Blue Mountains,accepted_source_side_envelope
me_land_4473,GON,0.4461538,0.5622863,me_belfalas_region,1,0.2685385,no,Gondor fiefs from Anfalas to the Anduin,accepted_source_side_envelope
me_land_4474,DUN,0.4322344,0.4455300,me_enedwaith_region,1,0.0202315,no,"Dunland lowlands west of Isen and the Gap, south of Glanduin",accepted_frontier_polygon
me_land_4475,WILD,0.6065934,0.3121641,me_mirkwood_region,1,,no,deliberately unclaimed,wild_unclaimed
me_land_4476,WILD,0.7628816,0.5256473,me_mordor_region,9,,no,deliberately unclaimed,wild_unclaimed
me_land_4477,HNE,0.6363858,0.8431851,me_near_harad_region,9,0.0501065,no,Harnendor between the Poros approaches and the Harnen,accepted_frontier_polygon
me_land_4478,DUN,0.4466422,0.4890083,me_enedwaith_region,1,0.0376326,no,"Dunland lowlands west of Isen and the Gap, south of Glanduin",accepted_frontier_polygon
me_land_4479,WILD,0.5980464,0.8466048,me_near_harad_region,9,,no,deliberately unclaimed,wild_buffer
me_land_4480,KHA,0.8205128,0.8236444,me_khand_region,10,0.1559990,no,"Khand east and southeast of Mordor, excluding Far Harad",accepted_frontier_polygon
me_land_4481,RHU,0.7814408,0.2808989,me_rhun_region,9,0.0384488,no,western Rhûn polity north and east of Dorwinion,accepted_frontier_polygon
me_land_4482,KHA,0.7025641,0.7669761,me_khand_region,9,0.1090359,no,"Khand east and southeast of Mordor, excluding Far Harad",accepted_frontier_polygon
me_land_4483,LIN,0.2600733,0.1573034,me_lindon_region,1,0.1199247,no,Lindon west of the Blue Mountains,accepted_source_side_envelope
me_land_4484,WILD,0.4840049,0.0527601,me_angmar_region,5,,no,deliberately unclaimed,wild_unclaimed
me_land_4485,HFA,0.5931624,0.9145090,me_far_harad_region,10,0.0436580,no,represented northern fringe of Far Harad,accepted_frontier_polygon
me_land_4486,HNE,0.5743590,0.8021495,me_near_harad_region,9,0.1293175,no,Harnendor between the Poros approaches and the Harnen,accepted_frontier_polygon
me_land_4487,KHA,0.7819292,0.7562286,me_khand_region,9,0.0563827,no,"Khand east and southeast of Mordor, excluding Far Harad",accepted_frontier_polygon
me_land_4488,WILD,0.4046398,0.1348315,me_north_arnor_region,1,,no,deliberately unclaimed,wild_unclaimed
me_land_4489,BLU,0.3020757,0.1529067,me_lindon_region,1,0.0323344,no,Surviving Ered Luin halls,accepted_source_side_envelope
me_land_4490,LOS,0.3328449,0.1040547,me_forochel_region,5,0.0426137,no,Lossoth settlements around the Icebay,accepted_source_side_envelope
me_land_4491,WILD,0.4847375,0.1963850,me_north_arnor_region,1,,no,deliberately unclaimed,wild_buffer
me_land_4492,RH2,0.7875458,0.3639472,me_rhun_region,9,0.0285474,no,southeastern Rhûn wain-kingdom beyond the Sea of Rhûn,accepted_frontier_polygon
me_land_4493,MOR,0.6400488,0.6897899,me_mordor_region,8,0.1165542,no,Mordor inside the source-reviewed Ered Lithui and Ephel Duath enclosure,accepted_frontier_polygon
me_land_4494,WILD,0.6285714,0.3732291,me_mirkwood_region,9,,no,deliberately unclaimed,wild_unclaimed
me_land_4495,MOR,0.6515263,0.5456766,me_mordor_region,1,0.0315945,no,Mordor inside the source-reviewed Ered Lithui and Ephel Duath enclosure,accepted_frontier_polygon
me_land_4496,MOR,0.6373626,0.6453346,me_mordor_region,9,0.0730591,no,Mordor inside the source-reviewed Ered Lithui and Ephel Duath enclosure,accepted_frontier_polygon
me_land_4497,WILD,0.7934066,0.8974108,me_near_harad_region,10,,no,deliberately unclaimed,wild_unclaimed
me_land_4498,HRA,0.6925519,0.9516365,me_far_harad_region,10,0.0888639,no,"Qarsad's inland Near Harad sphere, separated from Harnendor and Khand",accepted_frontier_polygon
me_land_4499,UMB,0.5614164,0.8446507,me_near_harad_region,9,0.1378570,no,Umbar coast and corsair hinterland,accepted_source_side_envelope
me_land_4500,HFA,0.6168498,0.9565217,me_far_harad_region,10,0.0637178,no,represented northern fringe of Far Harad,accepted_frontier_polygon
me_land_4501,LIN,0.2937729,0.2476795,me_lindon_region,1,0.0375343,no,Lindon west of the Blue Mountains,accepted_source_side_envelope
me_land_4502,WILD,0.7728938,0.6086957,me_mordor_region,9,,no,deliberately unclaimed,wild_unclaimed
me_land_4503,WILD,0.8102564,0.6360528,me_mordor_region,9,,no,deliberately unclaimed,wild_unclaimed
me_land_4504,UMB,0.5308913,0.8661456,me_umbar_region,9,0.0814759,no,Umbar coast and corsair hinterland,accepted_source_side_envelope
me_land_4505,WILD,0.4463980,0.3141182,me_enedwaith_region,1,,no,deliberately unclaimed,wild_buffer
me_land_4506,UMB,0.5369963,0.9487054,me_umbar_region,9,0.0562382,no,Umbar coast and corsair hinterland,accepted_source_side_envelope
me_land_4507,WILD,0.7897436,0.8827553,me_near_harad_region,10,,no,deliberately unclaimed,wild_unclaimed
me_land_4508,WILD,0.7990232,0.5832926,me_mordor_region,9,,no,deliberately unclaimed,wild_unclaimed
me_land_4509,DOR,0.6989011,0.3087445,me_rhun_region,1,0.0511557,no,Dorwinion around the northwest Sea of Rhûn,accepted_source_side_envelope
me_land_4510,MOA,0.4964591,0.3199805,me_anduin_vale_region,1,0.0201925,no,Moria and immediate Dimrill/Sirannon approaches,accepted_source_side_envelope
me_land_4511,WILD,0.4251526,0.3888617,me_enedwaith_region,1,,no,deliberately unclaimed,wild_unclaimed
me_land_4512,LIN,0.2659341,0.3111871,me_lindon_region,1,0.1212377,no,Lindon west of the Blue Mountains,accepted_source_side_envelope
me_land_4513,WILD,0.4822955,0.3991207,me_enedwaith_region,1,,no,deliberately unclaimed,wild_unclaimed
me_land_4514,MOR,0.6495726,0.5696141,me_mordor_region,8,0.0117088,no,Mordor inside the source-reviewed Ered Lithui and Ephel Duath enclosure,accepted_frontier_polygon
me_land_4515,UMB,0.4986569,0.9062042,me_umbar_region,9,0.0367509,no,Umbar coast and corsair hinterland,accepted_source_side_envelope
me_land_4516,UMB,0.4925519,0.9765511,me_umbar_region,9,0.0532961,no,Umbar coast and corsair hinterland,accepted_source_side_envelope
me_land_4517,WILD,0.5540904,0.0210064,me_northern_wastes_region,5,,no,deliberately unclaimed,wild_forodwaith
me_land_4518,WILD,0.7846154,0.8348803,me_khand_region,10,,no,deliberately unclaimed,wild_unclaimed
me_land_4519,HNE,0.6888889,0.7669761,me_near_harad_region,9,0.1034554,no,Harnendor between the Poros approaches and the Harnen,accepted_frontier_polygon
me_land_4520,GON,0.5787546,0.6565706,me_south_gondor_region,1,0.0452898,no,Gondor fiefs from Anfalas to the Anduin,accepted_source_side_envelope
me_land_4521,WILD,0.6156288,0.5911089,me_ithilien_region,8,,no,deliberately unclaimed,wild_ithilien
me_land_4522,WILD,0.7401709,0.0170982,me_northern_wastes_region,5,,no,deliberately unclaimed,wild_forodwaith
me_land_4523,WILD,0.4231990,0.2755252,me_north_arnor_region,1,,no,deliberately unclaimed,wild_unclaimed
me_land_4524,GON,0.5836386,0.5842697,me_anorien_region,1,0.0291570,no,Gondor fiefs from Anfalas to the Anduin,accepted_source_side_envelope
me_land_4525,ISE,0.4561661,0.4303859,me_rohan_region,1,0.0379138,no,compact Nan Curunir vale north of the Fords of Isen,accepted_frontier_polygon
me_land_4526,WILD,0.6510379,0.2984856,me_rhun_region,9,,no,deliberately unclaimed,wild_buffer
me_land_4527,GON,0.4493284,0.6008793,me_belfalas_region,1,0.2578896,no,Gondor fiefs from Anfalas to the Anduin,accepted_source_side_envelope
me_land_4528,DOR,0.6512821,0.3834880,me_brown_lands_region,9,0.0741355,no,Dorwinion around the northwest Sea of Rhûn,accepted_source_side_envelope
me_land_4529,WILD,0.6180708,0.5495848,me_brown_lands_region,1,,no,deliberately unclaimed,wild_unclaimed
me_land_4530,WILD,0.4078144,0.5305325,me_enedwaith_region,1,,no,deliberately unclaimed,wild_unclaimed
me_land_4531,WILD,0.3426129,0.4411334,me_enedwaith_region,1,,no,deliberately unclaimed,wild_enedwaith
me_land_4532,ESG,0.6070818,0.1919883,me_dale_region,3,0.0325872,no,Lake-town and Long Lake shore,accepted_source_side_envelope
me_land_4533,LOS,0.3860806,0.0893991,me_forochel_region,5,0.0915847,no,Lossoth settlements around the Icebay,accepted_source_side_envelope
me_land_4534,WILD,0.4288156,0.0908647,me_angmar_region,5,,no,deliberately unclaimed,wild_unclaimed
me_land_4535,WILD,0.6214896,0.2486566,me_mirkwood_region,1,,no,deliberately unclaimed,wild_unclaimed
me_land_4536,DOR,0.6954823,0.3624817,me_rhun_region,9,0.0243957,no,Dorwinion around the northwest Sea of Rhûn,accepted_source_side_envelope
me_land_4537,LOS,0.3738706,0.0683928,me_forochel_region,5,0.0640482,no,Lossoth settlements around the Icebay,accepted_source_side_envelope
me_land_4538,HRA,0.7142857,0.8935027,me_near_harad_region,10,0.0820113,no,"Qarsad's inland Near Harad sphere, separated from Harnendor and Khand",accepted_frontier_polygon
me_land_4539,WILD,0.4148962,0.2129946,me_north_arnor_region,1,,no,deliberately unclaimed,wild_unclaimed
me_land_4540,GON,0.5445665,0.6702491,me_lebennin_region,1,0.0893963,no,Gondor fiefs from Anfalas to the Anduin,accepted_source_side_envelope
me_land_4541,RHU,0.7316239,0.2916463,me_rhun_region,1,0.0873230,no,western Rhûn polity north and east of Dorwinion,accepted_frontier_polygon
me_land_4542,WILD,0.8327228,0.8808012,me_near_harad_region,10,,no,deliberately unclaimed,wild_unclaimed
me_land_4543,KHA,0.7689866,0.7274060,me_khand_region,9,0.0297309,no,"Khand east and southeast of Mordor, excluding Far Harad",accepted_frontier_polygon
me_land_4544,WILD,0.7365079,0.4645823,me_rhun_region,9,,no,deliberately unclaimed,wild_unclaimed
me_land_4545,WILD,0.7423687,0.4430874,me_rhun_region,9,,no,deliberately unclaimed,wild_unclaimed
me_land_4546,RH3,0.8173382,0.1846605,me_rhun_region,1,0.0162370,no,northeastern Rhûn confederation beyond the Iron Hills,accepted_frontier_polygon
me_land_4547,WILD,0.4188034,0.4225696,me_enedwaith_region,1,,no,deliberately unclaimed,wild_enedwaith
me_land_4548,KHA,0.7819292,0.7694187,me_khand_region,9,0.0618273,no,"Khand east and southeast of Mordor, excluding Far Harad",accepted_frontier_polygon
me_land_4549,WILD,0.4507937,0.3434294,me_enedwaith_region,1,,no,deliberately unclaimed,wild_unclaimed
me_land_4550,MOR,0.6253968,0.5999023,me_mordor_region,8,0.0457008,no,Mordor inside the source-reviewed Ered Lithui and Ephel Duath enclosure,accepted_frontier_polygon
me_land_4551,WILD,0.8307692,0.6570591,me_mordor_region,9,,no,deliberately unclaimed,wild_unclaimed
me_land_4552,WILD,0.4874237,0.0566683,me_angmar_region,5,,no,deliberately unclaimed,wild_unclaimed
me_land_4553,ANG,0.4537241,0.1465559,me_north_arnor_region,1,0.0115534,no,compact Mount Gram remnant with Carn Dum retained only as a forced fastness,accepted_frontier_polygon
me_land_4554,WILD,0.8234432,0.5188080,me_rhun_region,9,,no,deliberately unclaimed,wild_unclaimed
me_land_4555,GOB,0.5111111,0.1719590,me_anduin_vale_region,1,0.0197955,no,Goblin-town and High Pass under the Misty Mountains,accepted_source_side_envelope
me_land_4556,RH3,0.8224664,0.2721055,me_rhun_region,9,0.0722741,no,northeastern Rhûn confederation beyond the Iron Hills,accepted_frontier_polygon
me_land_4557,LIN,0.2600733,0.1724475,me_lindon_region,1,0.1119150,no,Lindon west of the Blue Mountains,accepted_source_side_envelope
me_land_4558,RH3,0.8058608,0.1612115,me_rhun_region,1,0.0480022,no,northeastern Rhûn confederation beyond the Iron Hills,accepted_frontier_polygon
me_land_4559,WILD,0.7191697,0.1138251,me_northern_wastes_region,1,,no,deliberately unclaimed,wild_forodwaith
me_land_4560,WILD,0.6266178,0.3864191,me_brown_lands_region,9,,no,deliberately unclaimed,wild_unclaimed
me_land_4561,GON,0.5577534,0.7489008,me_lebennin_region,1,0.1435344,no,Gondor fiefs from Anfalas to the Anduin,accepted_source_side_envelope
me_land_4562,WILD,0.8207570,0.8563752,me_khand_region,10,,no,deliberately unclaimed,wild_unclaimed
me_land_4563,RH2,0.7973138,0.3185149,me_rhun_region,9,0.0319402,no,southeastern Rhûn wain-kingdom beyond the Sea of Rhûn,accepted_frontier_polygon
me_land_4564,WILD,0.7836386,0.5583781,me_mordor_region,9,,no,deliberately unclaimed,wild_unclaimed
me_land_4565,WOO,0.6080586,0.2388862,me_mirkwood_region,1,0.0958275,no,Arda Maps Mirkwood polygon: northern/eastern Woodland Realm; Thranduil's northern and eastern Mirkwood; Woodland Realm in northern and northeastern Mirkwood,accepted_source_zone_overlap
me_land_4566,WILD,0.7548230,0.0283341,me_northern_wastes_region,1,,no,deliberately unclaimed,wild_forodwaith
me_land_4567,DAM,0.4925519,0.6805081,me_belfalas_region,9,0.0103127,no,Dol Amroth and Belfalas peninsula,accepted_source_side_envelope
me_land_4568,WILD,0.4332112,0.3023937,me_enedwaith_region,1,,no,deliberately unclaimed,wild_buffer
me_land_4569,DAM,0.4820513,0.6116268,me_belfalas_region,1,0.0628370,no,Dol Amroth and Belfalas peninsula,accepted_source_side_envelope
me_land_4570,WILD,0.8339438,0.4851001,me_rhun_region,9,,no,deliberately unclaimed,wild_unclaimed
me_land_4571,WDM,0.5782662,0.3243771,me_mirkwood_region,3,0.0406522,no,Arda Maps Mirkwood polygon: western Woodmen settlements; Woodmen settlements in western Mirkwood; Woodmen clearings along western and central Mirkwood,accepted_source_zone_overlap
me_land_4572,KHA,0.7636142,0.7943332,me_khand_region,10,0.0583965,no,"Khand east and southeast of Mordor, excluding Far Harad",accepted_frontier_polygon
me_land_4573,ROH,0.5106227,0.4929165,me_rohan_region,1,0.0513138,no,"The Mark between Isen, Anduin, and White Mountains",accepted_source_side_envelope
me_land_4574,WILD,0.7748474,0.6326331,me_mordor_region,9,,no,deliberately unclaimed,wild_unclaimed
me_land_4575,ESG,0.6102564,0.1783097,me_dale_region,1,0.0259409,no,Lake-town and Long Lake shore,accepted_source_side_envelope
me_land_4576,ROH,0.5611722,0.5373718,me_rohan_region,6,0.1250338,no,"The Mark between Isen, Anduin, and White Mountains",accepted_source_side_envelope
me_land_4577,RHU,0.7047619,0.2364436,me_rhun_region,1,0.1311786,no,western Rhûn polity north and east of Dorwinion,accepted_frontier_polygon
me_land_4578,WILD,0.4234432,0.0166097,me_angmar_region,5,,no,deliberately unclaimed,wild_unclaimed
me_land_4579,WILD,0.7990232,0.5534929,me_mordor_region,9,,no,deliberately unclaimed,wild_unclaimed
me_land_4580,MOR,0.6971917,0.5476307,me_mordor_region,1,0.1093851,no,Mordor inside the source-reviewed Ered Lithui and Ephel Duath enclosure,accepted_frontier_polygon
me_land_4581,RHU,0.6881563,0.2252076,me_rhun_region,1,0.1655543,no,western Rhûn polity north and east of Dorwinion,accepted_frontier_polygon
me_land_4582,WILD,0.6271062,0.4059599,me_brown_lands_region,9,,no,deliberately unclaimed,wild_unclaimed
me_land_4583,WILD,0.4114774,0.2217880,me_north_arnor_region,6,,no,deliberately unclaimed,wild_unclaimed
me_land_4584,ROH,0.5047619,0.4890083,me_rohan_region,1,0.0507892,no,"The Mark between Isen, Anduin, and White Mountains",accepted_source_side_envelope
me_land_4585,WILD,0.6356532,0.4982902,me_brown_lands_region,9,,no,deliberately unclaimed,wild_unclaimed
me_land_4586,GON,0.5689866,0.7435271,me_lebennin_region,9,0.1335000,no,Gondor fiefs from Anfalas to the Anduin,accepted_source_side_envelope
me_land_4587,IRO,0.6739927,0.1358085,me_rhun_region,1,0.0217519,no,Iron Hills source label and adjacent holds,accepted_source_side_envelope
me_land_4588,WILD,0.6097680,0.3033708,me_mirkwood_region,9,,no,deliberately unclaimed,wild_unclaimed
me_land_4589,GON,0.5072039,0.5891549,me_belfalas_region,1,0.1436448,no,Gondor fiefs from Anfalas to the Anduin,accepted_source_side_envelope
me_land_4590,UMB,0.5445665,0.9306302,me_umbar_region,9,0.0700261,no,Umbar coast and corsair hinterland,accepted_source_side_envelope
me_land_4591,WILD,0.6424908,0.2164143,me_rhun_region,1,,no,deliberately unclaimed,wild_unclaimed
me_land_4592,UMB,0.5089133,0.9960918,me_umbar_region,10,0.0604475,no,Umbar coast and corsair hinterland,accepted_source_side_envelope
me_land_4593,WILD,0.4493284,0.3971666,me_enedwaith_region,1,,no,deliberately unclaimed,wild_unclaimed
me_land_4594,WILD,0.8146520,0.0034196,me_northern_wastes_region,1,,no,deliberately unclaimed,wild_forodwaith
me_land_4595,RH3,0.8112332,0.1548608,me_rhun_region,1,0.0484250,no,northeastern Rhûn confederation beyond the Iron Hills,accepted_frontier_polygon
me_land_4596,WILD,0.7809524,0.9125550,me_far_harad_region,10,,no,deliberately unclaimed,wild_unclaimed
me_land_4597,ROH,0.4905983,0.4865657,me_rohan_region,1,0.0541944,no,"The Mark between Isen, Anduin, and White Mountains",accepted_source_side_envelope
me_land_4598,LOS,0.3724054,0.0830484,me_forochel_region,5,0.0635332,no,Lossoth settlements around the Icebay,accepted_source_side_envelope
me_land_4599,WILD,0.8144078,0.6692721,me_mordor_region,9,,no,deliberately unclaimed,wild_unclaimed
me_land_4600,GON,0.5472527,0.6399609,me_lebennin_region,1,0.0681520,no,Gondor fiefs from Anfalas to the Anduin,accepted_source_side_envelope
me_land_4601,WILD,0.5457875,0.4064485,me_anduin_vale_region,9,,no,deliberately unclaimed,wild_unclaimed
me_land_4602,MOR,0.6517705,0.6570591,me_mordor_region,8,0.0849623,no,Mordor inside the source-reviewed Ered Lithui and Ephel Duath enclosure,accepted_frontier_polygon
me_land_4603,WILD,0.7990232,0.6853933,me_mordor_region,9,,no,deliberately unclaimed,wild_unclaimed
me_land_4604,GUN,0.4778999,0.1172447,me_angmar_region,1,0.0510690,no,Gundabad and the northern mountain junction,accepted_source_side_envelope
me_land_4605,LOS,0.3118437,0.0595994,me_forochel_region,5,0.0603580,no,Lossoth settlements around the Icebay,accepted_source_side_envelope
me_land_4606,WILD,0.3814408,0.1504641,me_north_arnor_region,1,,no,deliberately unclaimed,wild_unclaimed
me_land_4607,WILD,0.5423687,0.3102101,me_anduin_vale_region,1,,no,deliberately unclaimed,wild_unclaimed
me_land_4608,GON,0.5802198,0.5803615,me_anorien_region,1,0.0312055,no,Gondor fiefs from Anfalas to the Anduin,accepted_source_side_envelope
me_land_4609,ROH,0.4905983,0.5202736,me_rohan_region,1,0.0241870,no,"The Mark between Isen, Anduin, and White Mountains",accepted_source_side_envelope
me_land_4610,RH2,0.7997558,0.3898388,me_rhun_region,9,0.0398418,no,southeastern Rhûn wain-kingdom beyond the Sea of Rhûn,accepted_frontier_polygon
me_land_4611,WILD,0.5465201,0.3058134,me_mirkwood_region,1,,no,deliberately unclaimed,wild_unclaimed
me_land_4612,DOR,0.7094017,0.3590620,me_rhun_region,1,0.0501026,no,Dorwinion around the northwest Sea of Rhûn,accepted_source_side_envelope
me_land_4613,UMB,0.5670330,0.8622374,me_near_harad_region,9,0.1362540,no,Umbar coast and corsair hinterland,accepted_source_side_envelope
me_land_4614,ROH,0.4742369,0.5481192,me_rohan_region,1,0.0498160,no,"The Mark between Isen, Anduin, and White Mountains",accepted_source_side_envelope
me_land_4615,RHU,0.7641026,0.2310699,me_rhun_region,9,0.0223040,no,western Rhûn polity north and east of Dorwinion,accepted_frontier_polygon
me_land_4616,RHU,0.7604396,0.2872496,me_rhun_region,9,0.0418706,no,western Rhûn polity north and east of Dorwinion,accepted_frontier_polygon
me_land_4617,GON,0.4356532,0.6257938,me_belfalas_region,1,0.2853980,no,Gondor fiefs from Anfalas to the Anduin,accepted_source_side_envelope
me_land_4618,KHA,0.7091575,0.7747924,me_khand_region,9,0.0989686,no,"Khand east and southeast of Mordor, excluding Far Harad",accepted_frontier_polygon
me_land_4619,KHA,0.7714286,0.7508549,me_khand_region,9,0.0347928,no,"Khand east and southeast of Mordor, excluding Far Harad",accepted_frontier_polygon
me_land_4620,RH2,0.7902320,0.3957010,me_rhun_region,9,0.0497015,no,southeastern Rhûn wain-kingdom beyond the Sea of Rhûn,accepted_frontier_polygon
me_land_4621,WILD,0.4456654,0.0766976,me_angmar_region,5,,no,deliberately unclaimed,wild_unclaimed
me_land_4622,WILD,0.4224664,0.5129458,me_enedwaith_region,1,,no,deliberately unclaimed,wild_unclaimed
me_land_4623,MOR,0.6336996,0.6609673,me_mordor_region,8,0.0898737,no,Mordor inside the source-reviewed Ered Lithui and Ephel Duath enclosure,accepted_frontier_polygon
me_land_4624,GON,0.4854701,0.5901319,me_belfalas_region,1,0.1865999,no,Gondor fiefs from Anfalas to the Anduin,accepted_source_side_envelope
me_land_4625,WILD,0.4056166,0.0688813,me_angmar_region,5,,no,deliberately unclaimed,wild_unclaimed
me_land_4626,SHI,0.3672772,0.2115291,me_shire_breeland_region,1,0.0456326,no,Shire bounds west of the Brandywine,accepted_source_side_envelope
me_land_4627,HRA,0.6039072,0.8568637,me_near_harad_region,9,0.1427911,no,"Qarsad's inland Near Harad sphere, separated from Harnendor and Khand",accepted_frontier_polygon
me_land_4628,WILD,0.7704518,0.1191988,me_northern_wastes_region,1,,no,deliberately unclaimed,wild_forodwaith
me_land_4629,ROH,0.4820513,0.5539814,me_rohan_region,1,0.0367241,no,"The Mark between Isen, Anduin, and White Mountains",accepted_source_side_envelope
me_land_4630,WILD,0.7159951,0.1108940,me_northern_wastes_region,1,,no,deliberately unclaimed,wild_forodwaith
me_land_4631,WILD,0.8398046,0.9149976,me_far_harad_region,10,,no,deliberately unclaimed,wild_unclaimed
me_land_4632,WILD,0.4102564,0.1436248,me_north_arnor_region,1,,no,deliberately unclaimed,wild_unclaimed
me_land_4633,DUN,0.4244200,0.4792379,me_enedwaith_region,1,0.0200719,no,"Dunland lowlands west of Isen and the Gap, south of Glanduin",accepted_frontier_polygon
me_land_4634,WILD,0.8134310,0.0732780,me_northern_wastes_region,1,,no,deliberately unclaimed,wild_forodwaith
me_land_4635,WILD,0.5455433,0.4005862,me_anduin_vale_region,9,,no,deliberately unclaimed,wild_unclaimed
me_land_4636,ROH,0.5501832,0.4860772,me_rohan_region,1,0.1155328,no,"The Mark between Isen, Anduin, and White Mountains",accepted_source_side_envelope
me_land_4637,WILD,0.6378510,0.1748901,me_rhun_region,1,,no,deliberately unclaimed,wild_unclaimed
me_land_4638,SHI,0.3455433,0.2672203,me_shire_breeland_region,1,0.0380508,no,Shire bounds west of the Brandywine,accepted_source_side_envelope
me_land_4639,HNE,0.6019536,0.8011724,me_near_harad_region,1,0.0742427,no,Harnendor between the Poros approaches and the Harnen,accepted_frontier_polygon
me_land_4640,WILD,0.4085470,0.4733757,me_enedwaith_region,1,,no,deliberately unclaimed,wild_enedwaith
me_land_4641,RH2,0.8246642,0.4391793,me_rhun_region,9,0.1019129,no,southeastern Rhûn wain-kingdom beyond the Sea of Rhûn,accepted_frontier_polygon
me_land_4642,DOL,0.5621490,0.3815340,me_brown_lands_region,9,0.0321096,no,Arda Maps Mirkwood polygon: southern Dol Guldur shadow; Dol Guldur's southern Mirkwood shadow; Dol Guldur's southern Mirkwood shadow,accepted_source_zone_overlap
me_land_4643,WILD,0.8200244,0.6287250,me_mordor_region,9,,no,deliberately unclaimed,wild_unclaimed
me_land_4644,IRO,0.6766789,0.1358085,me_rhun_region,1,0.0221842,no,Iron Hills source label and adjacent holds,accepted_source_side_envelope
me_land_4645,HNE,0.6837607,0.7865169,me_near_harad_region,9,0.0900451,no,Harnendor between the Poros approaches and the Harnen,accepted_frontier_polygon
me_land_4646,RHU,0.7726496,0.1670738,me_rhun_region,1,0.0830954,no,western Rhûn polity north and east of Dorwinion,accepted_frontier_polygon
me_land_4647,DAM,0.5162393,0.7005374,me_belfalas_region,1,0.0609443,no,Dol Amroth and Belfalas peninsula,accepted_source_side_envelope
me_land_4648,LIN,0.2810745,0.2550073,me_lindon_region,1,0.0631305,no,Lindon west of the Blue Mountains,accepted_source_side_envelope
me_land_4649,WILD,0.4854701,0.0019541,me_angmar_region,5,,no,deliberately unclaimed,wild_unclaimed
me_land_4650,WILD,0.3860806,0.4855887,me_enedwaith_region,1,,no,deliberately unclaimed,wild_enedwaith
me_land_4651,WILD,0.7650794,0.5935515,me_mordor_region,9,,no,deliberately unclaimed,wild_unclaimed
me_land_4652,MOA,0.4825397,0.3258427,me_enedwaith_region,1,0.0177733,no,Moria and immediate Dimrill/Sirannon approaches,accepted_source_side_envelope
me_land_4653,WILD,0.4192918,0.3575965,me_enedwaith_region,1,,no,deliberately unclaimed,wild_unclaimed
me_land_4654,WILD,0.3985348,0.3268197,me_enedwaith_region,1,,no,deliberately unclaimed,wild_unclaimed
me_land_4655,GON,0.6803419,0.7396190,me_south_gondor_region,1,0.2412981,no,Gondor fiefs from Anfalas to the Anduin,accepted_source_side_envelope
me_land_4656,WILD,0.3885226,0.1387396,me_north_arnor_region,1,,no,deliberately unclaimed,wild_unclaimed
me_land_4657,WILD,0.4315018,0.3106986,me_enedwaith_region,1,,no,deliberately unclaimed,wild_buffer
me_land_4658,WOO,0.5887668,0.1519297,me_dale_region,3,0.0143352,no,Arda Maps Mirkwood polygon: northern/eastern Woodland Realm; Thranduil's northern and eastern Mirkwood; Woodland Realm in northern and northeastern Mirkwood,accepted_source_zone_overlap
me_land_4659,SHI,0.3267399,0.2550073,me_shire_breeland_region,1,0.0467684,no,Shire bounds west of the Brandywine,accepted_source_side_envelope
me_land_4660,WILD,0.7511600,0.7147044,me_mordor_region,9,,no,deliberately unclaimed,wild_unclaimed
me_land_4661,WILD,0.8024420,0.8422081,me_khand_region,10,,no,deliberately unclaimed,wild_unclaimed
me_land_4662,LIN,0.2620269,0.2027357,me_lindon_region,1,0.0971352,no,Lindon west of the Blue Mountains,accepted_source_side_envelope
me_land_4663,LOS,0.2869353,0.0449438,me_forochel_region,5,0.1117886,no,Lossoth settlements around the Icebay,accepted_source_side_envelope
me_land_4664,SHI,0.3413919,0.2222765,me_shire_breeland_region,1,0.0119114,no,Shire bounds west of the Brandywine,accepted_source_side_envelope
me_land_4665,LOS,0.2061050,0.0591109,me_forochel_region,1,0.2716242,no,Lossoth settlements around the Icebay,accepted_source_side_envelope
me_land_4666,HNE,0.6168498,0.8055691,me_near_harad_region,1,0.0457050,no,Harnendor between the Poros approaches and the Harnen,accepted_frontier_polygon
me_land_4667,WILD,0.3443223,0.3268197,me_enedwaith_region,1,,no,deliberately unclaimed,wild_unclaimed
me_land_4668,WILD,0.6720391,0.4704446,me_rhun_region,9,,no,deliberately unclaimed,wild_unclaimed
me_land_4669,WILD,0.8043956,0.4616512,me_rhun_region,9,,no,deliberately unclaimed,wild_unclaimed
me_land_4670,RHU,0.7189255,0.2623351,me_rhun_region,1,0.1028910,no,western Rhûn polity north and east of Dorwinion,accepted_frontier_polygon
me_land_4671,UMB,0.5411477,0.9027846,me_umbar_region,9,0.0710695,no,Umbar coast and corsair hinterland,accepted_source_side_envelope
me_land_4672,WDM,0.5750916,0.2315584,me_mirkwood_region,3,0.0732790,no,Arda Maps Mirkwood polygon: western Woodmen settlements; Woodmen settlements in western Mirkwood; Woodmen clearings along western and central Mirkwood,accepted_source_zone_overlap
me_land_4673,WILD,0.6107448,0.3810454,me_brown_lands_region,9,,no,deliberately unclaimed,wild_unclaimed
me_land_4674,IRO,0.6822955,0.1719590,me_rhun_region,1,0.0213063,no,Iron Hills source label and adjacent holds,accepted_source_side_envelope
me_land_4675,RH3,0.8124542,0.1646312,me_rhun_region,1,0.0384540,no,northeastern Rhûn confederation beyond the Iron Hills,accepted_frontier_polygon
me_land_4676,RH2,0.8302808,0.4186615,me_rhun_region,9,0.0915539,no,southeastern Rhûn wain-kingdom beyond the Sea of Rhûn,accepted_frontier_polygon
me_land_4677,WILD,0.7023199,0.5061065,me_rhun_region,9,,no,deliberately unclaimed,wild_unclaimed
me_land_4678,BLU,0.3032967,0.1402052,me_lindon_region,1,0.0440579,no,Surviving Ered Luin halls,accepted_source_side_envelope
me_land_4679,WOO,0.5838828,0.1910112,me_dale_region,3,0.0330730,no,Arda Maps Mirkwood polygon: northern/eastern Woodland Realm; Thranduil's northern and eastern Mirkwood; Woodland Realm in northern and northeastern Mirkwood,accepted_source_zone_overlap
me_land_4680,WILD,0.6783883,0.2081094,me_rhun_region,1,,no,deliberately unclaimed,wild_unclaimed
me_land_4681,MOR,0.6791209,0.6292135,me_mordor_region,8,0.0895660,no,Mordor inside the source-reviewed Ered Lithui and Ephel Duath enclosure,accepted_frontier_polygon
me_land_4682,WILD,0.6481074,0.2144602,me_rhun_region,1,,no,deliberately unclaimed,wild_unclaimed
me_land_4683,WOO,0.5572650,0.1568149,me_mirkwood_region,3,0.0500763,no,Arda Maps Mirkwood polygon: northern/eastern Woodland Realm; Thranduil's northern and eastern Mirkwood; Woodland Realm in northern and northeastern Mirkwood,accepted_source_zone_overlap
me_land_4684,RH2,0.8224664,0.4509038,me_rhun_region,9,0.1104560,no,southeastern Rhûn wain-kingdom beyond the Sea of Rhûn,accepted_frontier_polygon
me_land_4685,WILD,0.8161172,0.0258915,me_northern_wastes_region,1,,no,deliberately unclaimed,wild_forodwaith
me_land_4686,WILD,0.6329670,0.2725940,me_mirkwood_region,9,,no,deliberately unclaimed,wild_unclaimed
me_land_4687,WILD,0.3196581,0.2769907,me_shire_breeland_region,1,,no,deliberately unclaimed,wild_buffer
me_land_4688,MOR,0.6351648,0.7044455,me_mordor_region,8,0.1321355,no,Mordor inside the source-reviewed Ered Lithui and Ephel Duath enclosure,accepted_frontier_polygon
me_land_4689,UMB,0.5367521,0.8085002,me_near_harad_region,9,0.1382372,no,Umbar coast and corsair hinterland,accepted_source_side_envelope
me_land_4690,RHU,0.7672772,0.1362970,me_rhun_region,1,0.1138333,no,western Rhûn polity north and east of Dorwinion,accepted_frontier_polygon
me_land_4691,MOR,0.6634921,0.6204201,me_mordor_region,9,0.0609273,no,Mordor inside the source-reviewed Ered Lithui and Ephel Duath enclosure,accepted_frontier_polygon
me_land_4692,RHU,0.7394383,0.2662433,me_rhun_region,1,0.0632448,no,western Rhûn polity north and east of Dorwinion,accepted_frontier_polygon
me_land_4693,RIV,0.4971917,0.2325354,me_north_arnor_region,1,0.0123122,no,Imladris hidden valley and immediate refuge,accepted_source_side_envelope
me_land_4694,RHU,0.7245421,0.2642892,me_rhun_region,9,0.0920318,no,western Rhûn polity north and east of Dorwinion,accepted_frontier_polygon
me_land_4695,WILD,0.4227106,0.1367855,me_north_arnor_region,1,,no,deliberately unclaimed,wild_unclaimed
me_land_4696,MOR,0.6322344,0.6091842,me_mordor_region,8,0.0427925,no,Mordor inside the source-reviewed Ered Lithui and Ephel Duath enclosure,accepted_frontier_polygon
me_land_4697,WILD,0.7650794,0.9995115,me_far_harad_region,10,,no,deliberately unclaimed,wild_unclaimed
me_land_4698,UMB,0.5030525,0.9780166,me_umbar_region,9,0.0443588,no,Umbar coast and corsair hinterland,accepted_source_side_envelope
me_land_4699,MOR,0.6864469,0.6111383,me_mordor_region,9,0.0927638,no,Mordor inside the source-reviewed Ered Lithui and Ephel Duath enclosure,accepted_frontier_polygon
me_land_4700,LIN,0.3147741,0.3346361,me_lindon_region,1,0.1090312,no,Lindon west of the Blue Mountains,accepted_source_side_envelope
me_land_4701,WILD,0.7462759,0.0019541,me_northern_wastes_region,5,,no,deliberately unclaimed,wild_forodwaith
me_land_4702,RH2,0.7741148,0.3844651,me_rhun_region,9,0.0621934,no,southeastern Rhûn wain-kingdom beyond the Sea of Rhûn,accepted_frontier_polygon
me_land_4703,MOR,0.7098901,0.6897899,me_mordor_region,8,0.1756685,no,Mordor inside the source-reviewed Ered Lithui and Ephel Duath enclosure,accepted_frontier_polygon
me_land_4704,WILD,0.3794872,0.5305325,me_enedwaith_region,1,,no,deliberately unclaimed,wild_unclaimed
me_land_4705,WILD,0.4114774,0.5139228,me_enedwaith_region,1,,no,deliberately unclaimed,wild_enedwaith
me_land_4706,WILD,0.7873016,0.0195408,me_northern_wastes_region,1,,no,deliberately unclaimed,wild_forodwaith
me_land_4707,WILD,0.6324786,0.0771861,me_northern_wastes_region,5,,no,deliberately unclaimed,wild_forodwaith
me_land_4708,WILD,0.7450549,0.5828041,me_mordor_region,8,,no,deliberately unclaimed,wild_unclaimed
me_land_4709,MOR,0.6778999,0.6570591,me_mordor_region,8,0.1075314,no,Mordor inside the source-reviewed Ered Lithui and Ephel Duath enclosure,accepted_frontier_polygon
me_land_4710,WILD,0.6376068,0.9980459,me_far_harad_region,10,,no,deliberately unclaimed,wild_unclaimed
me_land_4711,WILD,0.6244200,0.4391793,me_brown_lands_region,9,,no,deliberately unclaimed,wild_unclaimed
me_land_4712,WILD,0.5106227,0.2848070,me_anduin_vale_region,1,,no,deliberately unclaimed,wild_buffer
me_land_4713,MOR,0.6959707,0.6707377,me_mordor_region,8,0.1422506,no,Mordor inside the source-reviewed Ered Lithui and Ephel Duath enclosure,accepted_frontier_polygon
me_land_4714,BRE,0.3990232,0.2198339,me_shire_breeland_region,2,0.0141392,no,Bree-land's four-village crossroads,accepted_source_side_envelope
me_land_4715,WILD,0.4583639,0.2281387,me_north_arnor_region,1,,no,deliberately unclaimed,wild_unclaimed
me_land_4716,RH3,0.8107448,0.2042013,me_rhun_region,1,0.0189812,no,northeastern Rhûn confederation beyond the Iron Hills,accepted_frontier_polygon
me_land_4717,LOS,0.3807082,0.0732780,me_forochel_region,5,0.0780487,no,Lossoth settlements around the Icebay,accepted_source_side_envelope
me_land_4718,WILD,0.6273504,0.1177333,me_northern_wastes_region,1,,no,deliberately unclaimed,wild_forodwaith
me_land_4719,RH2,0.8053724,0.4225696,me_rhun_region,9,0.0733608,no,southeastern Rhûn wain-kingdom beyond the Sea of Rhûn,accepted_frontier_polygon
me_land_4720,MOR,0.6952381,0.6653639,me_mordor_region,8,0.1375392,no,Mordor inside the source-reviewed Ered Lithui and Ephel Duath enclosure,accepted_frontier_polygon
me_land_4721,ROH,0.5477411,0.5295554,me_rohan_region,1,0.0985577,no,"The Mark between Isen, Anduin, and White Mountains",accepted_source_side_envelope
me_land_4722,HRA,0.6393162,0.9360039,me_far_harad_region,10,0.0972103,no,"Qarsad's inland Near Harad sphere, separated from Harnendor and Khand",accepted_frontier_polygon
me_land_4723,WILD,0.7289377,0.0185638,me_northern_wastes_region,5,,no,deliberately unclaimed,wild_forodwaith
me_land_4724,RHU,0.7264957,0.2559844,me_rhun_region,1,0.0872141,no,western Rhûn polity north and east of Dorwinion,accepted_frontier_polygon
me_land_4725,MOR,0.6346764,0.6668295,me_mordor_region,8,0.0951838,no,occupied-interior: Nurn is Mordor's slave-worked southern basin at TA 3018.,accepted_required_frontier_owner
me_land_4726,RAN,0.4610501,0.2774792,me_north_arnor_region,1,0.0288850,no,The Angle and immediate Ranger refuge,accepted_source_side_envelope
me_land_4727,WILD,0.6642247,0.4279433,me_rhun_region,9,,no,deliberately unclaimed,wild_buffer
me_land_4728,WILD,0.6219780,0.2550073,me_mirkwood_region,9,,no,deliberately unclaimed,wild_unclaimed
me_land_4729,WILD,0.7643468,0.5661944,me_mordor_region,9,,no,deliberately unclaimed,wild_unclaimed
me_land_4730,WILD,0.4166056,0.4660479,me_enedwaith_region,1,,no,deliberately unclaimed,wild_enedwaith
me_land_4731,WILD,0.6417582,0.1509526,me_rhun_region,1,,no,deliberately unclaimed,wild_unclaimed
me_land_4732,HNE,0.5736264,0.7694187,me_near_harad_region,9,0.1326532,no,Harnendor between the Poros approaches and the Harnen,accepted_frontier_polygon
me_land_4733,LIN,0.2473748,0.2125061,me_lindon_region,1,0.1243211,no,Lindon west of the Blue Mountains,accepted_source_side_envelope
me_land_4734,UMB,0.5550672,0.8260870,me_near_harad_region,9,0.1423367,no,Umbar coast and corsair hinterland,accepted_source_side_envelope
me_land_4735,GON,0.5838828,0.6267709,me_anorien_region,1,0.0192382,no,Gondor fiefs from Anfalas to the Anduin,accepted_source_side_envelope
me_land_4736,SHI,0.3277167,0.2335125,me_shire_breeland_region,1,0.0372973,no,Shire bounds west of the Brandywine,accepted_source_side_envelope
me_land_4737,WILD,0.7631258,0.6297020,me_mordor_region,9,,no,deliberately unclaimed,wild_unclaimed
me_land_4738,BRE,0.3973138,0.2256961,me_shire_breeland_region,1,0.0123668,no,Bree-land's four-village crossroads,accepted_source_side_envelope
me_land_4739,GON,0.4923077,0.5818271,me_belfalas_region,1,0.1742308,no,Gondor fiefs from Anfalas to the Anduin,accepted_source_side_envelope
me_land_4740,WILD,0.3934066,0.4440645,me_enedwaith_region,1,,no,deliberately unclaimed,wild_enedwaith
me_land_4741,WILD,0.8268620,0.5359062,me_mordor_region,9,,no,deliberately unclaimed,wild_unclaimed
me_land_4742,GON,0.3726496,0.6634099,me_belfalas_region,1,0.4143273,no,Gondor fiefs from Anfalas to the Anduin,accepted_source_side_envelope
me_land_4743,WILD,0.8175824,0.0376160,me_northern_wastes_region,1,,no,deliberately unclaimed,wild_forodwaith
me_land_4744,LOS,0.2595849,0.1060088,me_forochel_region,1,0.1695111,no,Lossoth settlements around the Icebay,accepted_source_side_envelope
me_land_4745,WILD,0.4612943,0.1182218,me_angmar_region,1,,no,deliberately unclaimed,wild_unclaimed
me_land_4746,WILD,0.8100122,0.9550562,me_far_harad_region,10,,no,deliberately unclaimed,wild_unclaimed
me_land_4747,ROH,0.5604396,0.4802149,me_rohan_region,1,0.1365399,no,"The Mark between Isen, Anduin, and White Mountains",accepted_source_side_envelope
me_land_4748,WILD,0.4700855,0.1602345,me_north_arnor_region,1,,no,deliberately unclaimed,wild_unclaimed
me_land_4749,WILD,0.4339438,0.2276502,me_north_arnor_region,1,,no,deliberately unclaimed,wild_unclaimed
me_land_4750,MOR,0.6315018,0.6746458,me_mordor_region,8,0.1042031,no,Mordor inside the source-reviewed Ered Lithui and Ephel Duath enclosure,accepted_frontier_polygon
me_land_4751,GON,0.5601954,0.6976063,me_lebennin_region,1,0.0934961,no,Gondor fiefs from Anfalas to the Anduin,accepted_source_side_envelope
me_land_4752,WILD,0.6923077,0.8622374,me_khand_region,10,,no,deliberately unclaimed,wild_unclaimed
me_land_4753,WILD,0.7313797,0.6052760,me_mordor_region,8,,no,deliberately unclaimed,wild_unclaimed
me_land_4754,WILD,0.7413919,0.5119687,me_rhun_region,9,,no,deliberately unclaimed,wild_unclaimed
me_land_4755,HNE,0.6043956,0.7655105,me_near_harad_region,9,0.0743421,no,Harnendor between the Poros approaches and the Harnen,accepted_frontier_polygon
me_land_4756,KHA,0.8105006,0.7508549,me_khand_region,9,0.1113371,no,"Khand east and southeast of Mordor, excluding Far Harad",accepted_frontier_polygon
me_land_4757,WILD,0.7916972,0.4929165,me_rhun_region,9,,no,deliberately unclaimed,wild_unclaimed
me_land_4758,WILD,0.7814408,0.0771861,me_northern_wastes_region,1,,no,deliberately unclaimed,wild_forodwaith
me_land_4759,RHU,0.7702076,0.1309233,me_rhun_region,1,0.1190774,no,western Rhûn polity north and east of Dorwinion,accepted_frontier_polygon
me_land_4760,SHI,0.3404151,0.2559844,me_shire_breeland_region,1,0.0292128,no,Shire bounds west of the Brandywine,accepted_source_side_envelope
me_land_4761,WILD,0.4087912,0.1226185,me_north_arnor_region,5,,no,deliberately unclaimed,wild_unclaimed
me_land_4762,WILD,0.7338217,0.6834392,me_mordor_region,9,,no,deliberately unclaimed,wild_unclaimed
me_land_4763,WILD,0.3208791,0.2085979,me_shire_breeland_region,1,,no,deliberately unclaimed,wild_buffer
me_land_4764,HRA,0.7003663,0.8861749,me_near_harad_region,10,0.0532487,no,"Qarsad's inland Near Harad sphere, separated from Harnendor and Khand",accepted_frontier_polygon
me_land_4765,WILD,0.5726496,0.4567660,me_brown_lands_region,9,,no,deliberately unclaimed,wild_unclaimed
me_land_4766,WILD,0.8144078,0.6614558,me_mordor_region,9,,no,deliberately unclaimed,wild_unclaimed
me_land_4767,ROH,0.5250305,0.5349292,me_rohan_region,1,0.0528552,no,"The Mark between Isen, Anduin, and White Mountains",accepted_source_side_envelope
me_land_4768,WILD,0.6068376,0.4714216,me_brown_lands_region,9,,no,deliberately unclaimed,wild_unclaimed
me_land_4769,HRA,0.7230769,0.9018075,me_near_harad_region,10,0.1012782,no,"Qarsad's inland Near Harad sphere, separated from Harnendor and Khand",accepted_frontier_polygon
me_land_4770,WILD,0.8234432,0.6297020,me_mordor_region,9,,no,deliberately unclaimed,wild_unclaimed
me_land_4771,WILD,0.6402930,0.3751832,me_mirkwood_region,9,,no,deliberately unclaimed,wild_unclaimed
me_land_4772,WILD,0.6380952,0.4880313,me_brown_lands_region,9,,no,deliberately unclaimed,wild_unclaimed
me_land_4773,WILD,0.4266178,0.2677088,me_north_arnor_region,1,,no,deliberately unclaimed,wild_unclaimed
me_land_4774,WILD,0.5851038,0.6340987,me_ithilien_region,1,,no,deliberately unclaimed,wild_ithilien
me_land_4775,MOR,0.6258852,0.5627748,me_mordor_region,8,0.0378866,no,Mordor inside the source-reviewed Ered Lithui and Ephel Duath enclosure,accepted_frontier_polygon
me_land_4776,DOL,0.5848596,0.3287738,me_mirkwood_region,3,0.0619254,no,Arda Maps Mirkwood polygon: southern Dol Guldur shadow; Dol Guldur's southern Mirkwood shadow; Dol Guldur's southern Mirkwood shadow,accepted_source_zone_overlap
me_land_4777,HFA,0.5941392,0.9311187,me_far_harad_region,10,0.0300735,no,represented northern fringe of Far Harad,accepted_frontier_polygon
me_land_4778,WILD,0.6234432,0.3878847,me_brown_lands_region,9,,no,deliberately unclaimed,wild_unclaimed
me_land_4779,LIN,0.2605617,0.2686859,me_lindon_region,1,0.1060789,no,Lindon west of the Blue Mountains,accepted_source_side_envelope
me_land_4780,ISE,0.4673993,0.4733757,me_rohan_region,1,0.0113932,no,compact Nan Curunir vale north of the Fords of Isen,accepted_frontier_polygon
me_land_4781,UMB,0.4945055,0.9594529,me_umbar_region,10,0.0385059,no,Umbar coast and corsair hinterland,accepted_source_side_envelope
me_land_4782,WOO,0.5697192,0.1704934,me_mirkwood_region,3,0.0280433,no,Arda Maps Mirkwood polygon: northern/eastern Woodland Realm; Thranduil's northern and eastern Mirkwood; Woodland Realm in northern and northeastern Mirkwood,accepted_source_zone_overlap
me_land_4783,IRO,0.6866911,0.1216414,me_rhun_region,1,0.0434507,no,Iron Hills source label and adjacent holds,accepted_source_side_envelope
me_land_4784,RH3,0.8244200,0.1250611,me_rhun_region,1,0.0754585,no,northeastern Rhûn confederation beyond the Iron Hills,accepted_frontier_polygon
me_land_4785,GUN,0.4778999,0.0718124,me_angmar_region,5,0.0577164,no,Gundabad and the northern mountain junction,accepted_source_side_envelope
me_land_4786,LOR,0.5042735,0.3600391,me_anduin_vale_region,1,0.0304434,no,Arda Maps Golden Wood / Naith physical polygon; Naith between Misty foothills and Anduin; Lothlórien's Naith east of the Misty crest and west of Anduin,accepted_source_zone_overlap
me_land_4787,WILD,0.4986569,0.1362970,me_north_arnor_region,1,,no,deliberately unclaimed,wild_unclaimed
me_land_4788,WILD,0.4148962,0.3106986,me_enedwaith_region,1,,no,deliberately unclaimed,wild_unclaimed
me_land_4789,WILD,0.7311355,0.1187103,me_northern_wastes_region,1,,no,deliberately unclaimed,wild_forodwaith
me_land_4790,HNE,0.6297924,0.8314607,me_near_harad_region,9,0.0422341,no,Harnendor between the Poros approaches and the Harnen,accepted_frontier_polygon
me_land_4791,WILD,0.3658120,0.1587689,me_north_arnor_region,1,,no,deliberately unclaimed,wild_unclaimed
me_land_4792,KHA,0.6942613,0.7220322,me_khand_region,8,0.1229354,no,"Khand east and southeast of Mordor, excluding Far Harad",accepted_frontier_polygon
me_land_4793,ROH,0.5619048,0.5056180,me_rohan_region,1,0.1306513,no,"The Mark between Isen, Anduin, and White Mountains",accepted_source_side_envelope
me_land_4794,MOR,0.6485958,0.6472887,me_mordor_region,8,0.0743353,no,Mordor inside the source-reviewed Ered Lithui and Ephel Duath enclosure,accepted_frontier_polygon
me_land_4795,RHU,0.7245421,0.3077675,me_rhun_region,1,0.1077161,no,western Rhûn polity north and east of Dorwinion,accepted_frontier_polygon
me_land_4796,WILD,0.4258852,0.1734245,me_north_arnor_region,1,,no,deliberately unclaimed,wild_unclaimed
me_land_4797,HRA,0.6295482,0.8671226,me_near_harad_region,10,0.0909491,no,"Qarsad's inland Near Harad sphere, separated from Harnendor and Khand",accepted_frontier_polygon
me_land_4798,RHU,0.7435897,0.2320469,me_rhun_region,1,0.0557882,no,western Rhûn polity north and east of Dorwinion,accepted_frontier_polygon
me_land_4799,WILD,0.7059829,0.5002443,me_rhun_region,9,,no,deliberately unclaimed,wild_unclaimed
me_land_4800,DAM,0.5079365,0.6389839,me_belfalas_region,1,0.0506851,no,Dol Amroth and Belfalas peninsula,accepted_source_side_envelope
me_land_4801,UMB,0.4654457,0.9687347,me_umbar_region,9,0.0943810,no,Umbar coast and corsair hinterland,accepted_source_side_envelope
me_land_4802,MOR,0.6554335,0.6961407,me_mordor_region,8,0.1247245,no,Mordor inside the source-reviewed Ered Lithui and Ephel Duath enclosure,accepted_frontier_polygon
me_land_4803,HRA,0.6407814,0.8974108,me_near_harad_region,10,0.0737224,no,"Qarsad's inland Near Harad sphere, separated from Harnendor and Khand",accepted_frontier_polygon
me_land_4804,LIN,0.2715507,0.3317049,me_lindon_region,1,0.1295828,no,Lindon west of the Blue Mountains,accepted_source_side_envelope
me_land_4805,WILD,0.3846154,0.2046898,me_north_arnor_region,1,,no,deliberately unclaimed,wild_unclaimed
me_land_4806,RH3,0.8180708,0.2427943,me_rhun_region,9,0.0429679,no,northeastern Rhûn confederation beyond the Iron Hills,accepted_frontier_polygon
me_land_4807,GON,0.5589744,0.6853933,me_lebennin_region,1,0.0834505,no,Gondor fiefs from Anfalas to the Anduin,accepted_source_side_envelope
me_land_4808,GON,0.6766789,0.7386419,me_south_gondor_region,1,0.2345944,no,Gondor fiefs from Anfalas to the Anduin,accepted_source_side_envelope
me_land_4809,UMB,0.4691087,0.9726429,me_umbar_region,10,0.0891069,no,Umbar coast and corsair hinterland,accepted_source_side_envelope
me_land_4810,WILD,0.5345543,0.2823644,me_anduin_vale_region,1,,no,unsettled-memory: The Gladden Fields are wilderness rather than a TA 3018 holding.,accepted_required_frontier_owner
me_land_4811,WILD,0.4669109,0.0786517,me_angmar_region,5,,no,deliberately unclaimed,wild_unclaimed
me_land_4812,WILD,0.3638584,0.3869077,me_enedwaith_region,1,,no,deliberately unclaimed,wild_enedwaith
me_land_4813,LIN,0.2940171,0.3155838,me_lindon_region,1,0.0943882,no,Lindon west of the Blue Mountains,accepted_source_side_envelope
me_land_4814,MOR,0.6720391,0.5197851,me_mordor_region,9,0.0775860,no,Mordor inside the source-reviewed Ered Lithui and Ephel Duath enclosure,accepted_frontier_polygon
me_land_4815,HFA,0.5987790,0.9467513,me_far_harad_region,10,0.0287660,no,represented northern fringe of Far Harad,accepted_frontier_polygon
me_land_4816,LIN,0.2378510,0.1558378,me_lindon_region,1,0.1590203,no,Lindon west of the Blue Mountains,accepted_source_side_envelope
me_land_4817,WILD,0.8175824,0.4763068,me_rhun_region,9,,no,deliberately unclaimed,wild_unclaimed
me_land_4818,RH2,0.8119658,0.3136297,me_rhun_region,9,0.0435376,no,southeastern Rhûn wain-kingdom beyond the Sea of Rhûn,accepted_frontier_polygon
me_land_4819,GON,0.3853480,0.5779189,me_belfalas_region,1,0.3870817,no,Gondor fiefs from Anfalas to the Anduin,accepted_source_side_envelope
me_land_4820,UMB,0.5416361,0.8768930,me_umbar_region,9,0.0868780,no,Umbar coast and corsair hinterland,accepted_source_side_envelope
me_land_4821,RHU,0.7841270,0.2672203,me_rhun_region,9,0.0330882,no,western Rhûn polity north and east of Dorwinion,accepted_frontier_polygon
me_land_4822,RHU,0.6835165,0.2613581,me_rhun_region,9,0.1733396,no,western Rhûn polity north and east of Dorwinion,accepted_frontier_polygon
me_land_4823,UMB,0.5074481,0.9555447,me_umbar_region,9,0.0203620,no,Umbar coast and corsair hinterland,accepted_source_side_envelope
me_land_4824,FAN,0.4752137,0.4738642,me_rohan_region,1,0.0285358,no,Arda Maps Fangorn physical woodland polygon; Fangorn source forest and Entwash headwaters,accepted_source_zone_overlap
me_land_4825,WILD,0.6239316,0.3961895,me_brown_lands_region,9,,no,deliberately unclaimed,wild_unclaimed
me_land_4826,MOR,0.6771673,0.6658525,me_mordor_region,8,0.1136373,no,Mordor inside the source-reviewed Ered Lithui and Ephel Duath enclosure,accepted_frontier_polygon
me_land_4827,WILD,0.6349206,0.4352711,me_brown_lands_region,9,,no,deliberately unclaimed,wild_unclaimed
me_land_4828,WILD,0.4112332,0.2418173,me_north_arnor_region,1,,no,deliberately unclaimed,wild_unclaimed
me_land_4829,WILD,0.6783883,0.0381045,me_northern_wastes_region,5,,no,deliberately unclaimed,wild_forodwaith
me_land_4830,GON,0.5594628,0.7264289,me_lebennin_region,9,0.1210584,no,Gondor fiefs from Anfalas to the Anduin,accepted_source_side_envelope
me_land_4831,WILD,0.8224664,0.0503175,me_northern_wastes_region,1,,no,deliberately unclaimed,wild_forodwaith
me_land_4832,WDM,0.5499389,0.2589155,me_mirkwood_region,1,0.0476426,no,Arda Maps Mirkwood polygon: western Woodmen settlements; Woodmen settlements in western Mirkwood; Woodmen clearings along western and central Mirkwood,accepted_source_zone_overlap
me_land_4833,LOS,0.2048840,0.0439668,me_forochel_region,1,0.2748339,no,Lossoth settlements around the Icebay,accepted_source_side_envelope
me_land_4834,DAM,0.4949939,0.6306790,me_belfalas_region,1,0.0438098,no,Dol Amroth and Belfalas peninsula,accepted_source_side_envelope
me_land_4835,UMB,0.5589744,0.9794822,me_umbar_region,10,0.1079544,no,Umbar coast and corsair hinterland,accepted_source_side_envelope
me_land_4836,WILD,0.4686203,0.1284807,me_north_arnor_region,1,,no,deliberately unclaimed,wild_unclaimed
me_land_4837,UMB,0.4727717,0.9741085,me_umbar_region,10,0.0831649,no,Umbar coast and corsair hinterland,accepted_source_side_envelope
me_land_4838,WILD,0.3619048,0.4088911,me_enedwaith_region,1,,no,deliberately unclaimed,wild_enedwaith
me_land_4839,GON,0.5492063,0.6702491,me_lebennin_region,1,0.0826473,no,Gondor fiefs from Anfalas to the Anduin,accepted_source_side_envelope
me_land_4840,KHA,0.8388278,0.7723498,me_khand_region,9,0.1707005,no,"Khand east and southeast of Mordor, excluding Far Harad",accepted_frontier_polygon
me_land_4841,DOR,0.7069597,0.3356131,me_rhun_region,9,0.0472600,no,Dorwinion around the northwest Sea of Rhûn,accepted_source_side_envelope
me_land_4842,UMB,0.5181929,0.9824133,me_umbar_region,9,0.0497797,no,Umbar coast and corsair hinterland,accepted_source_side_envelope
me_land_4843,HNE,0.6759463,0.7992184,me_near_harad_region,9,0.0743924,no,Harnendor between the Poros approaches and the Harnen,accepted_frontier_polygon
me_land_4844,DOR,0.7194139,0.3380557,me_rhun_region,1,0.0707502,no,Dorwinion around the northwest Sea of Rhûn,accepted_source_side_envelope
me_land_4845,WILD,0.7809524,0.9794822,me_far_harad_region,10,,no,deliberately unclaimed,wild_unclaimed
me_land_4846,WILD,0.8317460,0.6770884,me_mordor_region,9,,no,deliberately unclaimed,wild_unclaimed
me_land_4847,GON,0.3890110,0.6038105,me_belfalas_region,1,0.3783881,no,Gondor fiefs from Anfalas to the Anduin,accepted_source_side_envelope
me_land_4848,RHU,0.7394383,0.2046898,me_rhun_region,1,0.0760860,no,western Rhûn polity north and east of Dorwinion,accepted_frontier_polygon
me_land_4849,WILD,0.7609280,0.9081583,me_near_harad_region,10,,no,deliberately unclaimed,wild_unclaimed
me_land_4850,GON,0.5719170,0.6668295,me_lebennin_region,1,0.0569234,no,Gondor fiefs from Anfalas to the Anduin,accepted_source_side_envelope
me_land_4851,WILD,0.3931624,0.3341475,me_enedwaith_region,1,,no,deliberately unclaimed,wild_unclaimed
me_land_4852,WILD,0.6752137,0.4811920,me_rhun_region,9,,no,deliberately unclaimed,wild_unclaimed
me_land_4853,GON,0.4974359,0.5867123,me_belfalas_region,1,0.1633250,no,Gondor fiefs from Anfalas to the Anduin,accepted_source_side_envelope
me_land_4854,KHA,0.7304029,0.7591597,me_khand_region,9,0.0537169,no,"Khand east and southeast of Mordor, excluding Far Harad",accepted_frontier_polygon
me_land_4855,WILD,0.3880342,0.4088911,me_enedwaith_region,1,,no,deliberately unclaimed,wild_enedwaith
me_land_4856,LIN,0.2432234,0.1968735,me_lindon_region,1,0.1350875,no,Lindon west of the Blue Mountains,accepted_source_side_envelope
me_land_4857,WILD,0.4332112,0.3615046,me_enedwaith_region,1,,no,deliberately unclaimed,wild_unclaimed
me_land_4858,LOS,0.2676435,0.1177333,me_forochel_region,1,0.1574056,no,Lossoth settlements around the Icebay,accepted_source_side_envelope
me_land_4859,GUN,0.5291819,0.1348315,me_grey_mountains_region,1,0.0626662,no,Gundabad and the northern mountain junction,accepted_source_side_envelope
me_land_4860,WILD,0.7296703,0.4518808,me_rhun_region,9,,no,deliberately unclaimed,wild_unclaimed
me_land_4861,RH2,0.7997558,0.4015633,me_rhun_region,9,0.0515656,no,southeastern Rhûn wain-kingdom beyond the Sea of Rhûn,accepted_frontier_polygon
me_land_4862,DUN,0.4332112,0.4274548,me_enedwaith_region,1,0.0383887,no,"Dunland lowlands west of Isen and the Gap, south of Glanduin",accepted_frontier_polygon
me_land_4863,WILD,0.7638584,0.9027846,me_near_harad_region,10,,no,deliberately unclaimed,wild_unclaimed
me_land_4864,RAN,0.4925519,0.2642892,me_north_arnor_region,1,0.0355653,no,The Angle and immediate Ranger refuge,accepted_source_side_envelope
me_land_4865,WILD,0.5467643,0.2989741,me_mirkwood_region,1,,no,deliberately unclaimed,wild_buffer
me_land_4866,SHI,0.3326007,0.2349780,me_shire_breeland_region,1,0.0278848,no,Shire bounds west of the Brandywine,accepted_source_side_envelope
me_land_4867,KHA,0.8112332,0.7244748,me_khand_region,9,0.1129712,no,"Khand east and southeast of Mordor, excluding Far Harad",accepted_frontier_polygon
me_land_4868,WILD,0.3838828,0.5500733,me_enedwaith_region,1,,no,deliberately unclaimed,wild_unclaimed
me_land_4869,WILD,0.3435897,0.3082560,me_enedwaith_region,1,,no,deliberately unclaimed,wild_unclaimed
me_land_4870,RHU,0.7301587,0.3219345,me_rhun_region,1,0.1073494,no,western Rhûn polity north and east of Dorwinion,accepted_frontier_polygon
me_land_4871,GON,0.5765568,0.6292135,me_anorien_region,1,0.0182050,no,Gondor fiefs from Anfalas to the Anduin,accepted_source_side_envelope
me_land_4872,LOS,0.3167277,0.1157792,me_forochel_region,1,0.0711503,no,Lossoth settlements around the Icebay,accepted_source_side_envelope
me_land_4873,IRO,0.6942613,0.1783097,me_rhun_region,1,0.0447322,no,Iron Hills source label and adjacent holds,accepted_source_side_envelope
me_land_4874,RH2,0.8048840,0.4342941,me_rhun_region,9,0.0848582,no,southeastern Rhûn wain-kingdom beyond the Sea of Rhûn,accepted_frontier_polygon
me_land_4875,HNE,0.5860806,0.7635564,me_near_harad_region,9,0.1096895,no,Harnendor between the Poros approaches and the Harnen,accepted_frontier_polygon
me_land_4876,BLU,0.3147741,0.1768442,me_lindon_region,1,0.0463336,no,Surviving Ered Luin halls,accepted_source_side_envelope
me_land_4877,WILD,0.3760684,0.2173913,me_shire_breeland_region,1,,no,deliberately unclaimed,wild_buffer
me_land_4878,GON,0.4612943,0.6150464,me_belfalas_region,1,0.2337776,no,Gondor fiefs from Anfalas to the Anduin,accepted_source_side_envelope
me_land_4879,BLU,0.2700855,0.1660967,me_lindon_region,2,0.0445471,no,Surviving Ered Luin halls,accepted_source_side_envelope
me_land_4880,FAN,0.5147741,0.4064485,me_anduin_vale_region,1,0.0754245,no,Arda Maps Fangorn physical woodland polygon; Fangorn source forest and Entwash headwaters,accepted_source_zone_overlap
me_land_4881,WILD,0.4673993,0.3497802,me_enedwaith_region,1,,no,deliberately unclaimed,wild_unclaimed
me_land_4882,WILD,0.7616606,0.9320957,me_far_harad_region,10,,no,deliberately unclaimed,wild_unclaimed
me_land_4883,GON,0.3912088,0.5637518,me_belfalas_region,1,0.3769289,no,Gondor fiefs from Anfalas to the Anduin,accepted_source_side_envelope
me_land_4884,GON,0.6210012,0.7445042,me_south_gondor_region,9,0.1583766,no,Gondor fiefs from Anfalas to the Anduin,accepted_source_side_envelope
me_land_4885,WILD,0.6310134,0.4606742,me_brown_lands_region,9,,no,deliberately unclaimed,wild_unclaimed
me_land_4886,WILD,0.5557998,0.0004885,me_northern_wastes_region,1,,no,deliberately unclaimed,wild_forodwaith
me_land_4887,RH3,0.8168498,0.2506106,me_rhun_region,9,0.0510013,no,northeastern Rhûn confederation beyond the Iron Hills,accepted_frontier_polygon
me_land_4888,HRA,0.6686203,0.8387885,me_near_harad_region,10,0.0337189,no,"Qarsad's inland Near Harad sphere, separated from Harnendor and Khand",accepted_frontier_polygon
me_land_4889,UMB,0.5601954,0.8041036,me_near_harad_region,9,0.1659198,no,Umbar coast and corsair hinterland,accepted_source_side_envelope
me_land_4890,RH2,0.7619048,0.3204690,me_rhun_region,2,0.0817133,no,southeastern Rhûn wain-kingdom beyond the Sea of Rhûn,accepted_frontier_polygon
me_land_4891,WILD,0.8271062,0.9027846,me_near_harad_region,10,,no,deliberately unclaimed,wild_unclaimed
me_land_4892,WILD,0.6781441,0.2310699,me_rhun_region,1,,no,deliberately unclaimed,wild_unclaimed
me_land_4893,WILD,0.3975580,0.1328774,me_north_arnor_region,1,,no,deliberately unclaimed,wild_unclaimed
me_land_4894,ESG,0.6112332,0.2183683,me_dale_region,1,0.0600671,no,Long Lake shore contiguous with and closer to Esgaroth than Dale,accepted_component_repair
me_land_4895,KHA,0.7902320,0.7821202,me_khand_region,9,0.0826060,no,"Khand east and southeast of Mordor, excluding Far Harad",accepted_frontier_polygon
me_land_4896,WILD,0.4039072,0.4162189,me_enedwaith_region,1,,no,deliberately unclaimed,wild_enedwaith
me_land_4897,GON,0.5123321,0.5701026,me_belfalas_region,1,0.1379650,no,Gondor fiefs from Anfalas to the Anduin,accepted_source_side_envelope
me_land_4898,LOS,0.2210012,0.0610650,me_forochel_region,1,0.2417975,no,Lossoth settlements around the Icebay,accepted_source_side_envelope
me_land_4899,UMB,0.5452991,0.8363459,me_near_harad_region,9,0.1222655,no,Umbar coast and corsair hinterland,accepted_source_side_envelope
me_land_4900,GUN,0.5377289,0.1343429,me_grey_mountains_region,3,0.0776073,no,Gundabad and the northern mountain junction,accepted_source_side_envelope
me_land_4901,GON,0.5758242,0.7098192,me_south_gondor_region,1,0.0986347,no,Gondor fiefs from Anfalas to the Anduin,accepted_source_side_envelope
me_land_4902,WILD,0.7250305,0.6717147,me_mordor_region,8,,no,deliberately unclaimed,wild_unclaimed
me_land_4903,WILD,0.6610501,0.0019541,me_northern_wastes_region,5,,no,deliberately unclaimed,wild_forodwaith
me_land_4904,HFA,0.6241758,0.9579873,me_far_harad_region,10,0.0784086,no,represented northern fringe of Far Harad,accepted_frontier_polygon
me_land_4905,WILD,0.3570208,0.3444064,me_enedwaith_region,1,,no,deliberately unclaimed,wild_unclaimed
me_land_4906,LOS,0.2630037,0.0639961,me_forochel_region,5,0.1577595,no,Lossoth settlements around the Icebay,accepted_source_side_envelope
me_land_4907,RH3,0.8100122,0.2471910,me_rhun_region,9,0.0512447,no,northeastern Rhûn confederation beyond the Iron Hills,accepted_frontier_polygon
me_land_4908,UMB,0.5523810,0.7992184,me_near_harad_region,9,0.1610051,no,Umbar coast and corsair hinterland,accepted_source_side_envelope
me_land_4909,KHA,0.8188034,0.7337567,me_khand_region,9,0.1273325,no,"Khand east and southeast of Mordor, excluding Far Harad",accepted_frontier_polygon
me_land_4910,WILD,0.7174603,0.6477772,me_mordor_region,8,,no,deliberately unclaimed,wild_unclaimed
me_land_4911,WILD,0.8148962,0.8705423,me_khand_region,10,,no,deliberately unclaimed,wild_unclaimed
me_land_4912,UMB,0.5431013,0.8451392,me_near_harad_region,9,0.1125697,no,Umbar coast and corsair hinterland,accepted_source_side_envelope
me_land_4913,WILD,0.3670330,0.3048363,me_enedwaith_region,1,,no,deliberately unclaimed,wild_unclaimed
me_land_4914,WILD,0.7543346,0.9780166,me_far_harad_region,10,,no,deliberately unclaimed,wild_unclaimed
me_land_4915,MOR,0.6393162,0.5647289,me_mordor_region,1,0.0129165,no,Mordor inside the source-reviewed Ered Lithui and Ephel Duath enclosure,accepted_frontier_polygon
me_land_4916,WILD,0.4432234,0.3878847,me_enedwaith_region,1,,no,deliberately unclaimed,wild_unclaimed
me_land_4917,LIN,0.2383394,0.1446019,me_lindon_region,1,0.1634530,no,Lindon west of the Blue Mountains,accepted_source_side_envelope
me_land_4918,GON,0.5543346,0.5349292,me_rohan_region,1,0.0900224,no,occupied-claim: Amon Hen remained within Gondor though the Emyn Muil was deserted.,accepted_required_frontier_owner
me_land_4919,RH2,0.7787546,0.3395213,me_rhun_region,9,0.0437639,no,southeastern Rhûn wain-kingdom beyond the Sea of Rhûn,accepted_frontier_polygon
me_land_4920,WILD,0.6061050,0.3209575,me_mirkwood_region,1,,no,deliberately unclaimed,wild_unclaimed
me_land_4921,UMB,0.4788767,0.9521251,me_umbar_region,9,0.0636989,no,Umbar coast and corsair hinterland,accepted_source_side_envelope
me_land_4922,UMB,0.5035409,0.9145090,me_umbar_region,9,0.0244221,no,Umbar coast and corsair hinterland,accepted_source_side_envelope
me_land_4923,HNE,0.6212454,0.7625794,me_near_harad_region,9,0.0467694,no,Harnendor between the Poros approaches and the Harnen,accepted_frontier_polygon
me_land_4924,WILD,0.8249084,0.0351734,me_northern_wastes_region,1,,no,deliberately unclaimed,wild_forodwaith
me_land_4925,RAN,0.4896215,0.2721055,me_north_arnor_region,1,0.0293187,no,The Angle and immediate Ranger refuge,accepted_source_side_envelope
me_land_4926,WILD,0.8021978,0.5119687,me_rhun_region,9,,no,deliberately unclaimed,wild_unclaimed
me_land_4927,RHU,0.7001221,0.2252076,me_rhun_region,1,0.1419378,no,western Rhûn polity north and east of Dorwinion,accepted_frontier_polygon
me_land_4928,DOR,0.6498168,0.3248657,me_rhun_region,9,0.0745048,no,Dorwinion around the northwest Sea of Rhûn,accepted_source_side_envelope
me_land_4929,RIV,0.4849817,0.2408403,me_north_arnor_region,1,0.0249723,no,Imladris hidden valley and immediate refuge,accepted_source_side_envelope
me_land_4930,WILD,0.6754579,0.4943820,me_rhun_region,9,,no,deliberately unclaimed,wild_unclaimed
me_land_4931,DUN,0.4222222,0.4577430,me_enedwaith_region,1,0.0208547,no,"Dunland lowlands west of Isen and the Gap, south of Glanduin",accepted_frontier_polygon
me_land_4932,WILD,0.4058608,0.4465071,me_enedwaith_region,1,,no,deliberately unclaimed,wild_enedwaith
me_land_4933,ESG,0.5973138,0.1875916,me_dale_region,3,0.0253497,no,Lake-town and Long Lake shore,accepted_source_side_envelope
me_land_4934,KHA,0.7750916,0.7547631,me_khand_region,9,0.0430440,no,"Khand east and southeast of Mordor, excluding Far Harad",accepted_frontier_polygon
me_land_4935,WILD,0.5189255,0.2755252,me_anduin_vale_region,1,,no,deliberately unclaimed,wild_buffer
me_land_4936,UMB,0.5308913,0.9174402,me_umbar_region,9,0.0462367,no,Umbar coast and corsair hinterland,accepted_source_side_envelope
me_land_4937,WILD,0.7299145,0.6370298,me_mordor_region,8,,no,deliberately unclaimed,wild_unclaimed
me_land_4938,RHU,0.7687424,0.2071324,me_rhun_region,9,0.0429413,no,western Rhûn polity north and east of Dorwinion,accepted_frontier_polygon
me_land_4939,HNE,0.5807082,0.8085002,me_near_harad_region,9,0.1173034,no,Harnendor between the Poros approaches and the Harnen,accepted_frontier_polygon
me_land_4940,WILD,0.6478632,0.4157303,me_brown_lands_region,9,,no,deliberately unclaimed,wild_buffer
me_land_4941,WILD,0.7770452,0.9316072,me_far_harad_region,10,,no,deliberately unclaimed,wild_unclaimed
me_land_4942,BLU,0.2862027,0.1255496,me_lindon_region,1,0.0531150,no,Surviving Ered Luin halls,accepted_source_side_envelope
me_land_4943,KHA,0.8180708,0.7782120,me_khand_region,9,0.1319240,no,"Khand east and southeast of Mordor, excluding Far Harad",accepted_frontier_polygon
me_land_4944,LOS,0.3382173,0.0957499,me_forochel_region,5,0.0311611,no,Lossoth settlements around the Icebay,accepted_source_side_envelope
me_land_4945,WILD,0.7284493,0.8339033,me_khand_region,10,,no,deliberately unclaimed,wild_unclaimed
me_land_4946,ROH,0.4615385,0.5285784,me_rohan_region,1,0.0748719,no,"The Mark between Isen, Anduin, and White Mountains",accepted_source_side_envelope
me_land_4947,WILD,0.7702076,0.5446996,me_mordor_region,9,,no,deliberately unclaimed,wild_unclaimed
me_land_4948,WDM,0.5731380,0.2828530,me_mirkwood_region,3,0.0281112,no,Arda Maps Mirkwood polygon: western Woodmen settlements; Woodmen settlements in western Mirkwood; Woodmen clearings along western and central Mirkwood,accepted_source_zone_overlap
me_land_4949,MOR,0.6454212,0.7195896,me_mordor_region,8,0.1461043,no,Mordor inside the source-reviewed Ered Lithui and Ephel Duath enclosure,accepted_frontier_polygon
me_land_4950,WILD,0.6100122,0.1201759,me_dale_region,1,,no,deliberately unclaimed,wild_unclaimed
me_land_4951,WILD,0.7194139,0.5046409,me_rhun_region,9,,no,deliberately unclaimed,wild_unclaimed
me_land_4952,WILD,0.7770452,0.1177333,me_northern_wastes_region,1,,no,deliberately unclaimed,wild_forodwaith
me_land_4953,DOR,0.6964591,0.3243771,me_rhun_region,9,0.0357548,no,Dorwinion around the northwest Sea of Rhûn,accepted_source_side_envelope
me_land_4954,KHA,0.8144078,0.7254519,me_khand_region,9,0.1191640,no,"Khand east and southeast of Mordor, excluding Far Harad",accepted_frontier_polygon
me_land_4955,ROH,0.4720391,0.5085491,me_rohan_region,1,0.0609889,no,"The Mark between Isen, Anduin, and White Mountains",accepted_source_side_envelope
me_land_4956,RH2,0.8039072,0.4513923,me_rhun_region,9,0.1016930,no,southeastern Rhûn wain-kingdom beyond the Sea of Rhûn,accepted_frontier_polygon
me_land_4957,KHA,0.7514042,0.7884709,me_khand_region,9,0.0506115,no,"Khand east and southeast of Mordor, excluding Far Harad",accepted_frontier_polygon
me_land_4958,HNE,0.6686203,0.7870054,me_near_harad_region,9,0.0598412,no,Harnendor between the Poros approaches and the Harnen,accepted_frontier_polygon
me_land_4959,WILD,0.6407814,0.3942355,me_brown_lands_region,9,,no,deliberately unclaimed,wild_buffer
me_land_4960,ROH,0.4896215,0.4748412,me_rohan_region,1,0.0659893,no,"The Mark between Isen, Anduin, and White Mountains",accepted_source_side_envelope
me_land_4961,RH3,0.8261294,0.2506106,me_rhun_region,9,0.0520742,no,northeastern Rhûn confederation beyond the Iron Hills,accepted_frontier_polygon
me_land_4962,WILD,0.7296703,0.9995115,me_far_harad_region,10,,no,deliberately unclaimed,wild_unclaimed
me_land_4963,WILD,0.6573871,0.4215926,me_rhun_region,9,,no,deliberately unclaimed,wild_buffer
me_land_4964,ESG,0.6070818,0.2110405,me_dale_region,1,0.0503835,no,Lake-town and Long Lake shore,accepted_source_side_envelope
me_land_4965,WILD,0.7929182,0.6731803,me_mordor_region,9,,no,deliberately unclaimed,wild_unclaimed
me_land_4966,WILD,0.6898657,0.0625305,me_northern_wastes_region,5,,no,deliberately unclaimed,wild_forodwaith
me_land_4967,WILD,0.7904762,0.6643869,me_mordor_region,9,,no,deliberately unclaimed,wild_unclaimed
me_land_4968,RHU,0.7582418,0.2374206,me_rhun_region,9,0.0266696,no,western Rhûn polity north and east of Dorwinion,accepted_frontier_polygon
me_land_4969,WILD,0.7938950,0.5598437,me_mordor_region,9,,no,deliberately unclaimed,wild_unclaimed
me_land_4970,WILD,0.5206349,0.3067904,me_anduin_vale_region,1,,no,deliberately unclaimed,wild_unclaimed
me_land_4971,HFA,0.5731380,0.9775281,me_far_harad_region,10,0.0327161,no,represented northern fringe of Far Harad,accepted_frontier_polygon
me_land_4972,WILD,0.7550672,0.4997557,me_rhun_region,9,,no,deliberately unclaimed,wild_unclaimed
me_land_4973,RHU,0.8058608,0.2730826,me_rhun_region,9,0.0753445,no,western Rhûn polity north and east of Dorwinion,accepted_frontier_polygon
me_land_4974,GON,0.5494505,0.5735222,me_anorien_region,1,0.0687432,no,Gondor fiefs from Anfalas to the Anduin,accepted_source_side_envelope
me_land_4975,WILD,0.3973138,0.3356131,me_enedwaith_region,1,,no,deliberately unclaimed,wild_unclaimed
me_land_4976,MOR,0.6346764,0.6262824,me_mordor_region,1,0.0560038,no,Mordor inside the source-reviewed Ered Lithui and Ephel Duath enclosure,accepted_frontier_polygon
me_land_4977,WILD,0.3958486,0.1866146,me_north_arnor_region,1,,no,deliberately unclaimed,wild_unclaimed
me_land_4978,LIN,0.2791209,0.3444064,me_lindon_region,1,0.1326093,no,Lindon west of the Blue Mountains,accepted_source_side_envelope
me_land_4979,RH3,0.8300366,0.2217880,me_rhun_region,9,0.0296252,no,northeastern Rhûn confederation beyond the Iron Hills,accepted_frontier_polygon
me_land_4980,WILD,0.7269841,0.5403029,me_mordor_region,1,,no,deliberately unclaimed,wild_unclaimed
me_land_4981,RH2,0.8090354,0.3942355,me_rhun_region,9,0.0477842,no,southeastern Rhûn wain-kingdom beyond the Sea of Rhûn,accepted_frontier_polygon
me_land_4982,WILD,0.7235653,0.5915975,me_mordor_region,8,,no,deliberately unclaimed,wild_unclaimed
me_land_4983,RHU,0.7992674,0.2423058,me_rhun_region,9,0.0590383,no,western Rhûn polity north and east of Dorwinion,accepted_frontier_polygon
me_land_4984,MOA,0.4830281,0.3038593,me_enedwaith_region,1,0.0345769,no,Moria and immediate Dimrill/Sirannon approaches,accepted_source_side_envelope
me_land_4985,WILD,0.3841270,0.5158769,me_enedwaith_region,1,,no,deliberately unclaimed,wild_enedwaith
me_land_4986,WILD,0.7557998,0.8680997,me_khand_region,10,,no,deliberately unclaimed,wild_unclaimed
me_land_4987,GON,0.5540904,0.6516854,me_lebennin_region,1,0.0628509,no,Gondor fiefs from Anfalas to the Anduin,accepted_source_side_envelope
me_land_4988,LIN,0.3135531,0.2769907,me_lindon_region,1,0.0515605,no,Lindon west of the Blue Mountains,accepted_source_side_envelope
me_land_4989,WILD,0.8163614,0.4860772,me_rhun_region,9,,no,deliberately unclaimed,wild_unclaimed
me_land_4990,WILD,0.3838828,0.3214460,me_enedwaith_region,1,,no,deliberately unclaimed,wild_unclaimed
me_land_4991,WILD,0.7934066,0.5788959,me_mordor_region,9,,no,deliberately unclaimed,wild_unclaimed
me_land_4992,DOR,0.6688645,0.4113337,me_rhun_region,9,0.0678940,no,Dorwinion around the northwest Sea of Rhûn,accepted_source_side_envelope
me_land_4993,GON,0.6481074,0.7269174,me_south_gondor_region,8,0.1814784,no,Gondor fiefs from Anfalas to the Anduin,accepted_source_side_envelope
me_land_4994,WILD,0.7997558,0.7093307,me_mordor_region,9,,no,deliberately unclaimed,wild_unclaimed
me_land_4995,WILD,0.3255189,0.1533952,me_north_arnor_region,1,,no,deliberately unclaimed,wild_unclaimed
me_land_4996,ROH,0.5260073,0.4499267,me_rohan_region,9,0.1039395,no,"The Mark between Isen, Anduin, and White Mountains",accepted_source_side_envelope
me_land_4997,GON,0.3985348,0.6516854,me_belfalas_region,1,0.3615296,no,Gondor fiefs from Anfalas to the Anduin,accepted_source_side_envelope
me_land_4998,UMB,0.5455433,0.7708842,me_near_harad_region,9,0.1797408,no,Umbar coast and corsair hinterland,accepted_source_side_envelope
me_land_4999,WILD,0.5877900,0.5911089,me_ithilien_region,1,,no,deliberately unclaimed,wild_ithilien
me_land_5000,DOR,0.7094017,0.3087445,me_rhun_region,1,0.0652261,no,Dorwinion around the northwest Sea of Rhûn,accepted_source_side_envelope
me_land_5001,WILD,0.8168498,0.4684905,me_rhun_region,9,,no,deliberately unclaimed,wild_unclaimed
me_land_5002,RHU,0.7824176,0.2291158,me_rhun_region,9,0.0324490,no,western Rhûn polity north and east of Dorwinion,accepted_frontier_polygon
me_land_5003,GOB,0.4989011,0.1719590,me_north_arnor_region,1,0.0294360,no,Goblin-town and High Pass under the Misty Mountains,accepted_source_side_envelope
me_land_5004,WILD,0.6781441,0.1998046,me_rhun_region,1,,no,deliberately unclaimed,wild_unclaimed
me_land_5005,MOR,0.6231990,0.6238398,me_mordor_region,8,0.0653634,no,Mordor inside the source-reviewed Ered Lithui and Ephel Duath enclosure,accepted_frontier_polygon
me_land_5006,BEO,0.5345543,0.2423058,me_anduin_vale_region,1,0.0502416,no,Beorning crossings and upper Anduin vales,accepted_source_side_envelope
me_land_5007,LIN,0.2551893,0.2085979,me_lindon_region,1,0.1093609,no,Lindon west of the Blue Mountains,accepted_source_side_envelope
me_land_5008,GON,0.5238095,0.5686370,me_belfalas_region,1,0.1167868,no,Gondor fiefs from Anfalas to the Anduin,accepted_source_side_envelope
me_land_5009,HRA,0.6275946,0.8558867,me_near_harad_region,9,0.0958554,no,"Qarsad's inland Near Harad sphere, separated from Harnendor and Khand",accepted_frontier_polygon
me_land_5010,BRE,0.3924298,0.2457255,me_shire_breeland_region,1,0.0246096,no,Bree-land's four-village crossroads,accepted_source_side_envelope
me_land_5011,KHA,0.7199023,0.7596483,me_khand_region,9,0.0736780,no,"Khand east and southeast of Mordor, excluding Far Harad",accepted_frontier_polygon
me_land_5012,WILD,0.4737485,0.4176844,me_enedwaith_region,1,,no,deliberately unclaimed,wild_unclaimed
me_land_5013,WILD,0.5831502,0.4015633,me_brown_lands_region,1,,no,deliberately unclaimed,wild_unclaimed
me_land_5014,WOO,0.5714286,0.1607230,me_mirkwood_region,3,0.0218917,no,Arda Maps Mirkwood polygon: northern/eastern Woodland Realm; Thranduil's northern and eastern Mirkwood; Woodland Realm in northern and northeastern Mirkwood,accepted_source_zone_overlap
me_land_5015,LOS,0.3489621,0.1069858,me_forochel_region,5,0.0438732,no,Lossoth settlements around the Icebay,accepted_source_side_envelope
me_land_5016,DUN,0.4503053,0.4284319,me_enedwaith_region,1,0.0524848,no,"Dunland lowlands west of Isen and the Gap, south of Glanduin",accepted_frontier_polygon
me_land_5017,WILD,0.7406593,0.9272106,me_far_harad_region,10,,no,deliberately unclaimed,wild_unclaimed
me_land_5018,GON,0.3851038,0.6306790,me_belfalas_region,1,0.3866146,no,Gondor fiefs from Anfalas to the Anduin,accepted_source_side_envelope
me_land_5019,MOR,0.6349206,0.5476307,me_mordor_region,1,0.0316752,no,Mordor inside the source-reviewed Ered Lithui and Ephel Duath enclosure,accepted_frontier_polygon
me_land_5020,WILD,0.6664225,0.2408403,me_rhun_region,1,,no,deliberately unclaimed,wild_unclaimed
me_land_5021,WILD,0.6864469,0.4445530,me_rhun_region,9,,no,deliberately unclaimed,wild_unclaimed
me_land_5022,WILD,0.4898657,0.1470445,me_north_arnor_region,1,,no,deliberately unclaimed,wild_unclaimed
me_land_5023,GOB,0.4991453,0.1910112,me_north_arnor_region,1,0.0214474,no,Goblin-town and High Pass under the Misty Mountains,accepted_source_side_envelope
me_land_5024,RHU,0.7648352,0.3048363,me_rhun_region,2,0.0558008,no,western Rhûn polity north and east of Dorwinion,accepted_frontier_polygon
me_land_5025,WILD,0.4146520,0.4513923,me_enedwaith_region,1,,no,deliberately unclaimed,wild_enedwaith
me_land_5026,WILD,0.6251526,0.2510992,me_mirkwood_region,1,,no,deliberately unclaimed,wild_unclaimed
me_land_5027,MOR,0.6197802,0.5984367,me_mordor_region,8,0.0545689,no,Mordor inside the source-reviewed Ered Lithui and Ephel Duath enclosure,accepted_frontier_polygon
me_land_5028,WILD,0.7982906,0.8895945,me_near_harad_region,10,,no,deliberately unclaimed,wild_unclaimed
me_land_5029,GON,0.5929182,0.7117733,me_south_gondor_region,1,0.1047185,no,Gondor fiefs from Anfalas to the Anduin,accepted_source_side_envelope
me_land_5030,WILD,0.3296703,0.1704934,me_north_arnor_region,1,,no,deliberately unclaimed,wild_unclaimed
me_land_5031,WILD,0.7269841,0.8231558,me_khand_region,10,,no,deliberately unclaimed,wild_unclaimed
me_land_5032,GON,0.3997558,0.6463117,me_belfalas_region,1,0.3585384,no,Gondor fiefs from Anfalas to the Anduin,accepted_source_side_envelope
me_land_5033,RH2,0.8070818,0.3194919,me_rhun_region,9,0.0336355,no,southeastern Rhûn wain-kingdom beyond the Sea of Rhûn,accepted_frontier_polygon
me_land_5034,WILD,0.7753358,0.0322423,me_northern_wastes_region,1,,no,deliberately unclaimed,wild_forodwaith
me_land_5035,ANG,0.4466422,0.1314118,me_north_arnor_region,1,0.0138569,no,compact Mount Gram remnant with Carn Dum retained only as a forced fastness,accepted_frontier_polygon
me_land_5036,WILD,0.6466422,0.2760137,me_rhun_region,9,,no,deliberately unclaimed,wild_unclaimed
me_land_5037,WILD,0.4239316,0.1226185,me_north_arnor_region,5,,no,deliberately unclaimed,wild_unclaimed
me_land_5038,GON,0.6109890,0.7283830,me_south_gondor_region,1,0.1342320,no,Gondor fiefs from Anfalas to the Anduin,accepted_source_side_envelope
me_land_5039,MOR,0.6586081,0.7122618,me_mordor_region,8,0.1417720,no,Mordor inside the source-reviewed Ered Lithui and Ephel Duath enclosure,accepted_frontier_polygon
me_land_5040,GON,0.5242979,0.6687836,me_belfalas_region,1,0.1221178,no,Gondor fiefs from Anfalas to the Anduin,accepted_source_side_envelope
me_land_5041,UMB,0.5213675,0.9242794,me_umbar_region,9,0.0260639,no,Umbar coast and corsair hinterland,accepted_source_side_envelope
me_land_5042,GON,0.5594628,0.5696141,me_anorien_region,1,0.0560083,no,Gondor fiefs from Anfalas to the Anduin,accepted_source_side_envelope
me_land_5043,LOS,0.3968254,0.0986810,me_forochel_region,5,0.1148020,no,Lossoth settlements around the Icebay,accepted_source_side_envelope
me_land_5044,ESG,0.6148962,0.2100635,me_dale_region,1,0.0560360,no,Lake-town and Long Lake shore,accepted_source_side_envelope
me_land_5045,MOR,0.6666667,0.6277479,me_mordor_region,8,0.0706211,no,Mordor inside the source-reviewed Ered Lithui and Ephel Duath enclosure,accepted_frontier_polygon
me_land_5046,LIN,0.2778999,0.3150953,me_lindon_region,1,0.1086891,no,Lindon west of the Blue Mountains,accepted_source_side_envelope
me_land_5047,SHI,0.3440781,0.2530532,me_shire_breeland_region,1,0.0242469,no,Shire bounds west of the Brandywine,accepted_source_side_envelope
me_land_5048,RH3,0.8004884,0.1612115,me_rhun_region,1,0.0550214,no,northeastern Rhûn confederation beyond the Iron Hills,accepted_frontier_polygon
me_land_5049,WILD,0.7768010,0.6575476,me_mordor_region,9,,no,deliberately unclaimed,wild_unclaimed
me_land_5050,WILD,0.5836386,0.5373718,me_brown_lands_region,1,,no,deliberately unclaimed,wild_unclaimed
me_land_5051,WILD,0.7540904,0.0835369,me_northern_wastes_region,1,,no,deliberately unclaimed,wild_forodwaith
me_land_5052,WILD,0.5882784,0.6306790,me_ithilien_region,1,,no,deliberately unclaimed,wild_ithilien
me_land_5053,WILD,0.7111111,0.4372252,me_rhun_region,1,,no,deliberately unclaimed,wild_buffer
me_land_5054,KHA,0.8368742,0.7777235,me_khand_region,9,0.1680479,no,"Khand east and southeast of Mordor, excluding Far Harad",accepted_frontier_polygon
me_land_5055,WILD,0.5321123,0.4215926,me_anduin_vale_region,9,,no,deliberately unclaimed,wild_unclaimed
me_land_5056,WILD,0.4112332,0.4494382,me_enedwaith_region,1,,no,deliberately unclaimed,wild_enedwaith
me_land_5057,HFA,0.6537241,0.9614069,me_far_harad_region,10,0.1375974,no,represented northern fringe of Far Harad,accepted_frontier_polygon
me_land_5058,WILD,0.3731380,0.1206644,me_north_arnor_region,5,,no,deliberately unclaimed,wild_unclaimed
me_land_5059,WILD,0.4652015,0.1763556,me_north_arnor_region,1,,no,deliberately unclaimed,wild_unclaimed
me_land_5060,WILD,0.3277167,0.3370787,me_enedwaith_region,1,,no,deliberately unclaimed,wild_unclaimed
me_land_5061,WILD,0.3601954,0.3502687,me_enedwaith_region,1,,no,deliberately unclaimed,wild_unclaimed
me_land_5062,GOB,0.5172161,0.1783097,me_anduin_vale_region,1,0.0198168,no,Goblin-town and High Pass under the Misty Mountains,accepted_source_side_envelope
me_land_5063,WILD,0.4358974,0.1064973,me_angmar_region,5,,no,deliberately unclaimed,wild_unclaimed
me_land_5064,DAM,0.5150183,0.6658525,me_belfalas_region,1,0.0523309,no,Dol Amroth and Belfalas peninsula,accepted_source_side_envelope
me_land_5065,UMB,0.5379731,0.7787005,me_near_harad_region,9,0.1668744,no,Umbar coast and corsair hinterland,accepted_source_side_envelope
me_land_5066,UMB,0.5851038,0.8373229,me_near_harad_region,1,0.1801313,no,Umbar coast and corsair hinterland,accepted_source_side_envelope
me_land_5067,WILD,0.4945055,0.0723009,me_northern_wastes_region,5,,no,deliberately unclaimed,wild_forodwaith
me_land_5068,MOR,0.6993895,0.5295554,me_mordor_region,1,0.1190842,no,Mordor inside the source-reviewed Ered Lithui and Ephel Duath enclosure,accepted_frontier_polygon
me_land_5069,WILD,0.7050061,0.4235467,me_rhun_region,1,,no,deliberately unclaimed,wild_buffer
me_land_5070,WILD,0.5826618,0.3864191,me_brown_lands_region,9,,no,deliberately unclaimed,wild_unclaimed
me_land_5071,WILD,0.6095238,0.6678065,me_ithilien_region,1,,no,deliberately unclaimed,wild_ithilien
me_land_5072,LIN,0.3115995,0.3488031,me_lindon_region,2,0.1227153,no,Lindon west of the Blue Mountains,accepted_source_side_envelope
me_land_5073,WILD,0.3970696,0.1499756,me_north_arnor_region,1,,no,deliberately unclaimed,wild_unclaimed
me_land_5074,RH3,0.8070818,0.2291158,me_rhun_region,9,0.0389262,no,northeastern Rhûn confederation beyond the Iron Hills,accepted_frontier_polygon
me_land_5075,WILD,0.4192918,0.3888617,me_enedwaith_region,1,,no,deliberately unclaimed,wild_enedwaith
me_land_5076,HRA,0.7037851,0.9096238,me_near_harad_region,10,0.0698883,no,"Qarsad's inland Near Harad sphere, separated from Harnendor and Khand",accepted_frontier_polygon
me_land_5077,WOO,0.5819292,0.1729360,me_dale_region,3,0.0148630,no,Arda Maps Mirkwood polygon: northern/eastern Woodland Realm; Thranduil's northern and eastern Mirkwood; Woodland Realm in northern and northeastern Mirkwood,accepted_source_zone_overlap
me_land_5078,DUN,0.4236874,0.4240352,me_enedwaith_region,1,0.0447934,no,"Dunland lowlands west of Isen and the Gap, south of Glanduin",accepted_frontier_polygon
me_land_5079,ROH,0.4598291,0.5041524,me_rohan_region,1,0.0848354,no,"The Mark between Isen, Anduin, and White Mountains",accepted_source_side_envelope
me_land_5080,SHI,0.3233211,0.2432829,me_shire_breeland_region,1,0.0479538,no,Shire bounds west of the Brandywine,accepted_source_side_envelope
me_land_5081,RH2,0.8024420,0.3966781,me_rhun_region,9,0.0469329,no,southeastern Rhûn wain-kingdom beyond the Sea of Rhûn,accepted_frontier_polygon
me_land_5082,IRO,0.7064713,0.1504641,me_rhun_region,1,0.0644285,no,Iron Hills source label and adjacent holds,accepted_source_side_envelope
me_land_5083,GON,0.5589744,0.6585247,me_lebennin_region,1,0.0608616,no,Gondor fiefs from Anfalas to the Anduin,accepted_source_side_envelope
me_land_5084,WILD,0.8371184,0.0972154,me_northern_wastes_region,1,,no,deliberately unclaimed,wild_forodwaith
me_land_5085,WILD,0.5528694,0.1358085,me_grey_mountains_region,3,,no,deliberately unclaimed,wild_unclaimed
me_land_5086,RHU,0.7628816,0.2085979,me_rhun_region,9,0.0437815,no,western Rhûn polity north and east of Dorwinion,accepted_frontier_polygon
me_land_5087,MOR,0.6664225,0.5144113,me_mordor_region,9,0.0741250,no,Mordor inside the source-reviewed Ered Lithui and Ephel Duath enclosure,accepted_frontier_polygon
me_land_5088,SHI,0.3384615,0.2706400,me_shire_breeland_region,1,0.0442685,no,Shire bounds west of the Brandywine,accepted_source_side_envelope
me_land_5089,MOA,0.4866911,0.3321935,me_anduin_vale_region,1,0.0073979,no,Moria and immediate Dimrill/Sirannon approaches,accepted_source_side_envelope
me_land_5090,GON,0.5218559,0.6121153,me_belfalas_region,1,0.1126271,no,Gondor fiefs from Anfalas to the Anduin,accepted_source_side_envelope
me_land_5091,WILD,0.4219780,0.4005862,me_enedwaith_region,1,,no,deliberately unclaimed,wild_unclaimed
me_land_5092,WILD,0.3938950,0.3243771,me_enedwaith_region,1,,no,deliberately unclaimed,wild_unclaimed
me_land_5093,MOR,0.6739927,0.6468002,me_mordor_region,8,0.0946419,no,Mordor inside the source-reviewed Ered Lithui and Ephel Duath enclosure,accepted_frontier_polygon
me_land_5094,SHI,0.3206349,0.2237421,me_shire_breeland_region,1,0.0514997,no,Shire bounds west of the Brandywine,accepted_source_side_envelope
me_land_5095,WILD,0.6578755,0.0156326,me_northern_wastes_region,5,,no,deliberately unclaimed,wild_forodwaith
me_land_5096,BLU,0.2859585,0.2212995,me_lindon_region,1,0.0451841,no,Surviving Ered Luin halls,accepted_source_side_envelope
me_land_5097,DOL,0.5455433,0.3668784,me_mirkwood_region,1,0.0259775,no,Arda Maps Mirkwood polygon: southern Dol Guldur shadow; Dol Guldur's southern Mirkwood shadow; Dol Guldur's southern Mirkwood shadow,accepted_source_zone_overlap
me_land_5098,GON,0.5868132,0.7264289,me_south_gondor_region,1,0.1164240,no,Gondor fiefs from Anfalas to the Anduin,accepted_source_side_envelope
me_land_5099,WDM,0.5890110,0.2916463,me_mirkwood_region,1,0.0546640,no,Arda Maps Mirkwood polygon: western Woodmen settlements; Woodmen settlements in western Mirkwood; Woodmen clearings along western and central Mirkwood,accepted_source_zone_overlap
me_land_5100,RH3,0.8329670,0.1431363,me_rhun_region,1,0.0624985,no,northeastern Rhûn confederation beyond the Iron Hills,accepted_frontier_polygon
me_land_5101,GON,0.3604396,0.6834392,me_belfalas_region,1,0.4413925,no,Gondor fiefs from Anfalas to the Anduin,accepted_source_side_envelope
me_land_5102,WILD,0.4681319,0.2300928,me_north_arnor_region,2,,no,deliberately unclaimed,wild_unclaimed
me_land_5103,WILD,0.4288156,0.3126527,me_enedwaith_region,1,,no,deliberately unclaimed,wild_unclaimed
me_land_5104,WILD,0.3645910,0.1533952,me_north_arnor_region,1,,no,deliberately unclaimed,wild_unclaimed
me_land_5105,GON,0.3921856,0.6511969,me_belfalas_region,1,0.3740988,no,Gondor fiefs from Anfalas to the Anduin,accepted_source_side_envelope
me_land_5106,WILD,0.7230769,0.4416219,me_rhun_region,9,,no,deliberately unclaimed,wild_unclaimed
me_land_5107,WILD,0.7592186,0.7083537,me_mordor_region,9,,no,deliberately unclaimed,wild_unclaimed
me_land_5108,GON,0.5267399,0.7049340,me_lebennin_region,1,0.1390952,no,Gondor fiefs from Anfalas to the Anduin,accepted_source_side_envelope
me_land_5109,WILD,0.7225885,0.9350269,me_far_harad_region,10,,no,deliberately unclaimed,wild_unclaimed
me_land_5110,LIN,0.2532357,0.1563263,me_lindon_region,1,0.1318691,no,Lindon west of the Blue Mountains,accepted_source_side_envelope
me_land_5111,RAN,0.4661783,0.2603810,me_north_arnor_region,1,0.0200952,no,The Angle and immediate Ranger refuge,accepted_source_side_envelope
me_land_5112,SHI,0.3203907,0.2310699,me_shire_breeland_region,1,0.0517325,no,Shire bounds west of the Brandywine,accepted_source_side_envelope
me_land_5113,LIN,0.2947497,0.2178798,me_lindon_region,1,0.0299895,no,Lindon west of the Blue Mountains,accepted_source_side_envelope
me_land_5114,GON,0.5697192,0.6805081,me_lebennin_region,1,0.0712449,no,Gondor fiefs from Anfalas to the Anduin,accepted_source_side_envelope
me_land_5115,ROH,0.5308913,0.5070835,me_rohan_region,1,0.0716322,no,"The Mark between Isen, Anduin, and White Mountains",accepted_source_side_envelope
me_land_5116,WILD,0.3616606,0.3341475,me_enedwaith_region,1,,no,deliberately unclaimed,wild_unclaimed
me_land_5117,LOS,0.3330891,0.0825598,me_forochel_region,5,0.0245246,no,Lossoth settlements around the Icebay,accepted_source_side_envelope
me_land_5118,RH2,0.7855922,0.3380557,me_rhun_region,9,0.0311931,no,southeastern Rhûn wain-kingdom beyond the Sea of Rhûn,accepted_frontier_polygon
me_land_5119,KHA,0.8019536,0.7288715,me_khand_region,9,0.0940339,no,"Khand east and southeast of Mordor, excluding Far Harad",accepted_frontier_polygon
me_land_5120,WILD,0.6305250,0.3150953,me_mirkwood_region,1,,no,deliberately unclaimed,wild_unclaimed
me_land_5121,MOR,0.6459096,0.6101612,me_mordor_region,8,0.0368380,no,Mordor inside the source-reviewed Ered Lithui and Ephel Duath enclosure,accepted_frontier_polygon
me_land_5122,WILD,0.6522589,0.1934538,me_rhun_region,1,,no,deliberately unclaimed,wild_unclaimed
me_land_5123,ROH,0.5242979,0.5148999,me_rohan_region,1,0.0563717,no,"The Mark between Isen, Anduin, and White Mountains",accepted_source_side_envelope
me_land_5124,WILD,0.4783883,0.1787982,me_north_arnor_region,1,,no,deliberately unclaimed,wild_unclaimed
me_land_5125,SHI,0.3611722,0.2271617,me_shire_breeland_region,1,0.0299335,no,Shire bounds west of the Brandywine,accepted_source_side_envelope
me_land_5126,KHA,0.7428571,0.7523205,me_khand_region,9,0.0282925,no,"Khand east and southeast of Mordor, excluding Far Harad",accepted_frontier_polygon
me_land_5127,LIN,0.2500611,0.1362970,me_lindon_region,1,0.1484912,no,Lindon west of the Blue Mountains,accepted_source_side_envelope
me_land_5128,WILD,0.4991453,0.0166097,me_northern_wastes_region,5,,no,deliberately unclaimed,wild_forodwaith
me_land_5129,HNE,0.5663004,0.8006839,me_near_harad_region,9,0.1453197,no,Harnendor between the Poros approaches and the Harnen,accepted_frontier_polygon
me_land_5130,DOR,0.6747253,0.3356131,me_rhun_region,9,0.0252721,no,Dorwinion around the northwest Sea of Rhûn,accepted_source_side_envelope
me_land_5131,WOO,0.5836386,0.1406937,me_dale_region,3,0.0176036,no,Arda Maps Mirkwood polygon: northern/eastern Woodland Realm; Thranduil's northern and eastern Mirkwood; Woodland Realm in northern and northeastern Mirkwood,accepted_source_zone_overlap
me_land_5132,SHI,0.3418803,0.2398632,me_shire_breeland_region,1,0.0137781,no,Shire bounds west of the Brandywine,accepted_source_side_envelope
me_land_5133,WILD,0.8356532,0.6946751,me_mordor_region,9,,no,deliberately unclaimed,wild_unclaimed
me_land_5134,RH2,0.7689866,0.3878847,me_rhun_region,9,0.0726814,no,southeastern Rhûn wain-kingdom beyond the Sea of Rhûn,accepted_frontier_polygon
me_land_5135,GON,0.5894994,0.7479238,me_south_gondor_region,1,0.1384946,no,Gondor fiefs from Anfalas to the Anduin,accepted_source_side_envelope
me_land_5136,WILD,0.5733822,0.3932584,me_brown_lands_region,9,,no,deliberately unclaimed,wild_unclaimed
me_land_5137,ROH,0.5098901,0.5324866,me_rohan_region,1,0.0232082,no,"The Mark between Isen, Anduin, and White Mountains",accepted_source_side_envelope
me_land_5138,DAM,0.4783883,0.6399609,me_belfalas_region,1,0.0392534,no,Dol Amroth and Belfalas peninsula,accepted_source_side_envelope
me_land_5139,ROH,0.5291819,0.4831461,me_rohan_region,9,0.0822795,no,"The Mark between Isen, Anduin, and White Mountains",accepted_source_side_envelope
me_land_5140,WILD,0.5714286,0.1299463,me_grey_mountains_region,3,,no,deliberately unclaimed,wild_unclaimed
me_land_5141,HRA,0.6688645,0.8558867,me_near_harad_region,10,0.0187020,no,"Qarsad's inland Near Harad sphere, separated from Harnendor and Khand",accepted_frontier_polygon
me_land_5142,RH3,0.8285714,0.1294577,me_rhun_region,1,0.0725954,no,northeastern Rhûn confederation beyond the Iron Hills,accepted_frontier_polygon
me_land_5143,WILD,0.6605617,0.4782609,me_brown_lands_region,9,,no,deliberately unclaimed,wild_unclaimed
me_land_5144,RHU,0.7506716,0.1304348,me_rhun_region,1,0.1256591,no,western Rhûn polity north and east of Dorwinion,accepted_frontier_polygon
me_land_5145,DOR,0.6620269,0.3707865,me_rhun_region,9,0.0493045,no,Dorwinion around the northwest Sea of Rhûn,accepted_source_side_envelope
me_land_5146,IRO,0.6669109,0.1558378,me_rhun_region,1,0.0151781,no,Iron Hills source label and adjacent holds,accepted_source_side_envelope
me_land_5147,WILD,0.6315018,0.3302394,me_mirkwood_region,9,,no,deliberately unclaimed,wild_unclaimed
me_land_5148,RAN,0.4893773,0.2931119,me_north_arnor_region,1,0.0368915,no,The Angle and immediate Ranger refuge,accepted_source_side_envelope
me_land_5149,WILD,0.6612943,0.2134831,me_rhun_region,1,,no,deliberately unclaimed,wild_unclaimed
me_land_5150,WILD,0.6241758,0.4650708,me_brown_lands_region,9,,no,deliberately unclaimed,wild_unclaimed
me_land_5151,WILD,0.7655678,0.6634099,me_mordor_region,9,,no,deliberately unclaimed,wild_unclaimed
me_land_5152,WILD,0.5897436,0.4269663,me_brown_lands_region,9,,no,deliberately unclaimed,wild_unclaimed
me_land_5153,WILD,0.5223443,0.2921348,me_anduin_vale_region,1,,no,deliberately unclaimed,wild_buffer
me_land_5154,RH2,0.8153846,0.2911578,me_rhun_region,9,0.0664014,no,southeastern Rhûn wain-kingdom beyond the Sea of Rhûn,accepted_frontier_polygon
me_land_5155,MOR,0.6979243,0.5935515,me_mordor_region,8,0.1095925,no,Mordor inside the source-reviewed Ered Lithui and Ephel Duath enclosure,accepted_frontier_polygon
me_land_5156,WILD,0.7306471,0.6438691,me_mordor_region,8,,no,deliberately unclaimed,wild_unclaimed
me_land_5157,WILD,0.6749695,0.4435760,me_rhun_region,9,,no,deliberately unclaimed,wild_unclaimed
me_land_5158,UMB,0.5555556,0.8602833,me_umbar_region,9,0.1187999,no,Umbar coast and corsair hinterland,accepted_source_side_envelope
