location,kind,region,realm,status
mithlond,land,me_lindon_region,LIN,owned
forlond,land,me_lindon_region,LIN,owned
harlond_lindon,land,me_lindon_region,LIN,owned
annuminas,land,me_north_arnor_region,WILD,wild_unclaimed
fornost,land,me_north_arnor_region,WILD,wild_unclaimed
carn_dum,land,me_angmar_region,ANG,owned
hobbiton,land,me_shire_breeland_region,SHI,owned
michel_delving,land,me_shire_breeland_region,SHI,owned
bucklebury,land,me_shire_breeland_region,SHI,owned
me_bree,land,me_shire_breeland_region,BRE,owned
amon_sul,land,me_north_arnor_region,WILD,wild_unclaimed
rivendell,land,me_north_arnor_region,RIV,owned
goblin_town,land,me_anduin_vale_region,GOB,owned
gundabad,land,me_northern_wastes_region,GUN,owned
moria,land,me_anduin_vale_region,MOA,owned
carrock,land,me_anduin_vale_region,BEO,owned
caras_galadhon,land,me_anduin_vale_region,LOR,owned
dol_guldur,land,me_mirkwood_region,DOL,owned
thranduil_halls,land,me_dale_region,WOO,owned
esgaroth,land,me_dale_region,ESG,owned
dale,land,me_dale_region,DAL,owned
erebor,land,me_dale_region,ERE,owned
dorwinion,land,me_rhun_region,DOR,owned
isengard,land,me_rohan_region,ISE,owned
helms_deep,land,me_rohan_region,ROH,owned
edoras,land,me_rohan_region,ROH,owned
aldberg,land,me_rohan_region,ROH,owned
dunharrow,land,me_rohan_region,ROH,owned
minas_tirith,land,me_anorien_region,GON,owned
osgiliath,land,me_ithilien_region,GON,owned
minas_morgul,land,me_ithilien_region,MOR,owned
morannon,land,me_brown_lands_region,MOR,owned
barad_dur,land,me_mordor_region,MOR,owned
mount_doom,land,me_mordor_region,MOR,owned
nurn_fields,land,me_mordor_region,MOR,owned
pelargir,land,me_lebennin_region,GON,owned
dol_amroth,land,me_belfalas_region,DAM,owned
linhir,land,me_lebennin_region,GON,owned
calembel,land,me_belfalas_region,GON,owned
erech,land,me_belfalas_region,GON,owned
umbar,land,me_umbar_region,UMB,owned
pelennor,land,me_anorien_region,GON,owned
me_land_0001,land,me_forochel_region,LOS,owned
me_land_0002,land,me_forochel_region,LOS,owned
me_land_0003,land,me_lindon_region,WILD,wild_reviewed_component: unattested remote island beyond Lindon's coast
me_land_0004,land,me_lebennin_region,GON,owned
me_land_0005,land,me_mordor_region,WILD,wild_unclaimed
me_land_0006,land,me_mordor_region,MOR,owned
me_land_0007,land,me_northern_wastes_region,WILD,wild_forodwaith
me_land_0008,land,me_enedwaith_region,WILD,wild_enedwaith
me_land_0009,land,me_mordor_region,WILD,wild_unclaimed
me_land_0010,land,me_rohan_region,ROH,owned
me_land_0011,land,me_anorien_region,GON,owned
me_land_0012,land,me_rhun_region,WILD,wild_unclaimed
me_land_0013,land,me_brown_lands_region,WILD,wild_brown_lands
me_land_0014,land,me_belfalas_region,GON,owned
me_land_0015,land,me_anduin_vale_region,BEO,owned
me_land_0016,land,me_enedwaith_region,WILD,wild_unclaimed
me_land_0017,land,me_mordor_region,WILD,wild_unclaimed
me_land_0018,land,me_mordor_region,WILD,wild_unclaimed
me_land_0019,land,me_anduin_vale_region,WILD,wild_unclaimed
me_land_0020,land,me_belfalas_region,GON,owned
me_land_0021,land,me_mordor_region,MOR,owned
me_land_0022,land,me_mordor_region,MOR,owned
me_land_0023,land,me_south_gondor_region,GON,owned
me_land_0024,land,me_anduin_vale_region,WILD,wild_buffer
me_land_0025,land,me_rohan_region,ROH,owned
me_land_0026,land,me_near_harad_region,HRA,owned
me_land_0027,land,me_rhun_region,RH2,owned
me_land_0028,land,me_lindon_region,LIN,owned
me_land_0029,land,me_mordor_region,MOR,owned
me_land_0030,land,me_shire_breeland_region,WILD,wild_buffer
me_land_0031,land,me_near_harad_region,HNE,owned
me_land_0032,land,me_enedwaith_region,RAN,owned
me_land_0033,land,me_mirkwood_region,WOO,owned
me_land_0034,land,me_anduin_vale_region,FAN,owned
me_land_0035,land,me_brown_lands_region,WILD,wild_unclaimed
me_land_0036,land,me_grey_mountains_region,WILD,wild_unclaimed
me_land_0037,land,me_enedwaith_region,WILD,wild_unclaimed
me_land_0038,land,me_enedwaith_region,WILD,wild_enedwaith
me_land_0039,land,me_lindon_region,BLU,owned
me_land_0040,land,me_belfalas_region,GON,owned
me_land_0041,land,me_anorien_region,GON,owned
me_land_0042,land,me_anorien_region,GON,owned
me_land_0043,land,me_northern_wastes_region,WILD,wild_forodwaith
me_land_0044,land,me_near_harad_region,HNE,owned
me_land_0045,land,me_northern_wastes_region,WILD,wild_forodwaith
me_land_0046,land,me_rhun_region,DOR,owned
me_land_0047,land,me_khand_region,KHA,owned
me_land_0048,land,me_enedwaith_region,WILD,wild_unclaimed
me_land_0049,land,me_enedwaith_region,WILD,wild_enedwaith
me_land_0050,land,me_rhun_region,WILD,wild_unclaimed
me_land_0051,land,me_northern_wastes_region,WILD,wild_forodwaith
me_land_0052,land,me_rhun_region,RH2,owned
me_land_0053,land,me_near_harad_region,UMB,owned
me_land_0054,land,me_mordor_region,MOR,owned
me_land_0055,land,me_belfalas_region,GON,owned
me_land_0056,land,me_khand_region,WILD,wild_unclaimed
me_land_0057,land,me_far_harad_region,WILD,wild_unclaimed
me_land_0058,land,me_rohan_region,ROH,owned
me_land_0059,land,me_enedwaith_region,WILD,wild_enedwaith
me_land_0060,land,me_near_harad_region,HNE,owned
me_land_0061,land,me_rhun_region,DOR,owned
me_land_0062,land,me_north_arnor_region,RAN,owned
me_land_0063,land,me_mordor_region,WILD,wild_unclaimed
me_land_0064,land,me_mordor_region,WILD,wild_unclaimed
me_land_0065,land,me_rohan_region,ROH,owned
me_land_0066,land,me_enedwaith_region,DUN,owned
me_land_0067,land,me_lebennin_region,GON,owned
me_land_0068,land,me_mordor_region,WILD,wild_unclaimed
me_land_0069,land,me_belfalas_region,GON,owned
me_land_0070,land,me_northern_wastes_region,WILD,wild_forodwaith
me_land_0071,land,me_enedwaith_region,WILD,wild_enedwaith
me_land_0072,land,me_mirkwood_region,DOL,owned
me_land_0073,land,me_belfalas_region,GON,owned
me_land_0074,land,me_rhun_region,RH3,owned
me_land_0075,land,me_dale_region,ESG,owned
me_land_0076,land,me_umbar_region,UMB,owned
me_land_0077,land,me_rohan_region,ROH,owned
me_land_0078,land,me_mordor_region,WILD,wild_unclaimed
me_land_0079,land,me_northern_wastes_region,WILD,wild_forodwaith
me_land_0080,land,me_brown_lands_region,DOL,owned
me_land_0081,land,me_northern_wastes_region,WILD,wild_forodwaith
me_land_0082,land,me_mordor_region,MOR,owned
me_land_0083,land,me_northern_wastes_region,WILD,wild_forodwaith
me_land_0084,land,me_shire_breeland_region,WILD,wild_buffer
me_land_0085,land,me_anorien_region,GON,owned
me_land_0086,land,me_umbar_region,UMB,owned
me_land_0087,land,me_belfalas_region,DAM,owned
me_land_0088,land,me_rhun_region,IRO,owned
me_land_0089,land,me_brown_lands_region,WILD,wild_unclaimed
me_land_0090,land,me_rhun_region,RH2,owned
me_land_0091,land,me_south_gondor_region,GON,owned
me_land_0092,land,me_mordor_region,WILD,wild_unclaimed
me_land_0093,land,me_rhun_region,RH3,owned
me_land_0094,land,me_enedwaith_region,WILD,wild_unclaimed
me_land_0095,land,me_forochel_region,LOS,owned
me_land_0096,land,me_far_harad_region,WILD,wild_unclaimed
me_land_0097,land,me_angmar_region,WILD,wild_unclaimed
me_land_0098,land,me_enedwaith_region,WILD,wild_unclaimed
me_land_0099,land,me_brown_lands_region,WILD,wild_unclaimed
me_land_0100,land,me_near_harad_region,HNE,owned
me_land_0101,land,me_north_arnor_region,WILD,wild_unclaimed
me_land_0102,land,me_mordor_region,WILD,wild_unclaimed
me_land_0103,land,me_mordor_region,WILD,wild_unclaimed
me_land_0104,land,me_northern_wastes_region,WILD,wild_forodwaith
me_land_0105,land,me_south_gondor_region,GON,owned
me_land_0106,land,me_rohan_region,ROH,owned
me_land_0107,land,me_rhun_region,RHU,owned
me_land_0108,land,me_mirkwood_region,DOL,owned
me_land_0109,land,me_enedwaith_region,WILD,wild_unclaimed
me_land_0110,land,me_mirkwood_region,WILD,wild_unclaimed
me_land_0111,land,me_ithilien_region,WILD,wild_ithilien
me_land_0112,land,me_mordor_region,MOR,owned
me_land_0113,land,me_brown_lands_region,WILD,wild_unclaimed
me_land_0114,land,me_ithilien_region,WILD,wild_ithilien
me_land_0115,land,me_enedwaith_region,WILD,wild_unclaimed
me_land_0116,land,me_enedwaith_region,WILD,wild_unclaimed
me_land_0117,land,me_forochel_region,LOS,owned
me_land_0118,land,me_umbar_region,UMB,owned
me_land_0119,land,me_rohan_region,ROH,owned
me_land_0120,land,me_belfalas_region,GON,owned
me_land_0121,land,me_mirkwood_region,DOL,owned
me_land_0122,land,me_mirkwood_region,WDM,owned
me_land_0123,land,me_umbar_region,UMB,owned
me_land_0124,land,me_grey_mountains_region,GUN,owned
me_land_0125,land,me_rhun_region,WILD,wild_unclaimed
me_land_0126,land,me_dale_region,ERE,owned
me_land_0127,land,me_northern_wastes_region,WILD,wild_forodwaith
me_land_0128,land,me_anduin_vale_region,GOB,owned
me_land_0129,land,me_enedwaith_region,WILD,wild_unclaimed
me_land_0130,land,me_rohan_region,ROH,owned
me_land_0131,land,me_northern_wastes_region,WILD,wild_forodwaith
me_land_0132,land,me_mordor_region,MOR,owned
me_land_0133,land,me_khand_region,WILD,wild_unclaimed
me_land_0134,land,me_brown_lands_region,WILD,wild_unclaimed
me_land_0135,land,me_lebennin_region,GON,owned
me_land_0136,land,me_rhun_region,WILD,wild_unclaimed
me_land_0137,land,me_shire_breeland_region,WILD,wild_buffer
me_land_0138,land,me_enedwaith_region,WILD,wild_unclaimed
me_land_0139,land,me_mordor_region,WILD,wild_unclaimed
me_land_0140,land,me_belfalas_region,DAM,owned
me_land_0141,land,me_belfalas_region,GON,owned
me_land_0142,land,me_lebennin_region,GON,owned
me_land_0143,land,me_enedwaith_region,WILD,wild_unclaimed
me_land_0144,land,me_rhun_region,WILD,wild_unclaimed
me_land_0145,land,me_umbar_region,UMB,owned
me_land_0146,land,me_brown_lands_region,WILD,wild_unclaimed
me_land_0147,land,me_near_harad_region,HNE,owned
me_land_0148,land,me_belfalas_region,GON,owned
me_land_0149,land,me_mordor_region,WILD,wild_unclaimed
me_land_0150,land,me_mirkwood_region,WILD,wild_unclaimed
me_land_0151,land,me_mirkwood_region,BEO,owned
me_land_0152,land,me_northern_wastes_region,WILD,wild_forodwaith
me_land_0153,land,me_mordor_region,WILD,wild_unclaimed
me_land_0154,land,me_mordor_region,MOR,owned
me_land_0155,land,me_north_arnor_region,WILD,wild_unclaimed
me_land_0156,land,me_mirkwood_region,WILD,wild_unclaimed
me_land_0157,land,me_northern_wastes_region,WILD,wild_forodwaith
me_land_0158,land,me_khand_region,KHA,owned
me_land_0159,land,me_dale_region,DAL,owned
me_land_0160,land,me_rhun_region,RHU,owned
me_land_0161,land,me_north_arnor_region,WILD,wild_unclaimed
me_land_0162,land,me_northern_wastes_region,WILD,wild_forodwaith
me_land_0163,land,me_northern_wastes_region,WILD,wild_forodwaith
me_land_0164,land,me_enedwaith_region,DUN,owned
me_land_0165,land,me_rhun_region,WILD,wild_buffer
me_land_0166,land,me_enedwaith_region,WILD,wild_unclaimed
me_land_0167,land,me_near_harad_region,HNE,owned
me_land_0168,land,me_north_arnor_region,WILD,wild_unclaimed
me_land_0169,land,me_north_arnor_region,RIV,owned
me_land_0170,land,me_anduin_vale_region,WILD,wild_unclaimed
me_land_0171,land,me_northern_wastes_region,WILD,wild_forodwaith
me_land_0172,land,me_enedwaith_region,WILD,wild_unclaimed
me_land_0173,land,me_far_harad_region,HRA,owned
me_land_0174,land,me_brown_lands_region,WILD,wild_unclaimed
me_land_0175,land,me_near_harad_region,HNE,owned
me_land_0176,land,me_rhun_region,RH2,owned
me_land_0177,land,me_rohan_region,ROH,owned
me_land_0178,land,me_umbar_region,UMB,owned
me_land_0179,land,me_northern_wastes_region,WILD,wild_forodwaith
me_land_0180,land,me_mordor_region,MOR,owned
me_land_0181,land,me_shire_breeland_region,SHI,owned
me_land_0182,land,me_mordor_region,MOR,owned
me_land_0183,land,me_grey_mountains_region,WILD,wild_unclaimed
me_land_0184,land,me_enedwaith_region,WILD,wild_enedwaith
me_land_0185,land,me_brown_lands_region,WILD,wild_unclaimed
me_land_0186,land,me_enedwaith_region,WILD,wild_reviewed_frontier: ruined Tharbad has no TA 3018 sovereign administration
me_land_0187,land,me_mordor_region,MOR,owned
me_land_0188,land,me_belfalas_region,GON,owned
me_land_0189,land,me_northern_wastes_region,WILD,wild_forodwaith
me_land_0190,land,me_mordor_region,WILD,wild_unclaimed
me_land_0191,land,me_umbar_region,UMB,owned
me_land_0192,land,me_lindon_region,LIN,owned
me_land_0193,land,me_mordor_region,MOR,owned
me_land_0194,land,me_anduin_vale_region,WILD,wild_unclaimed
me_land_0195,land,me_mordor_region,WILD,wild_unclaimed
me_land_0196,land,me_mordor_region,MOR,owned
me_land_0197,land,me_khand_region,KHA,owned
me_land_0198,land,me_belfalas_region,GON,owned
me_land_0199,land,me_rhun_region,WILD,wild_unclaimed
me_land_0200,land,me_northern_wastes_region,WILD,wild_forodwaith
me_land_0201,land,me_belfalas_region,GON,owned
me_land_0202,land,me_rhun_region,RH3,owned
me_land_0203,land,me_enedwaith_region,DUN,owned
me_land_0204,land,me_mirkwood_region,WOO,owned
me_land_0205,land,me_mordor_region,MOR,owned
me_land_0206,land,me_brown_lands_region,WILD,wild_unclaimed
me_land_0207,land,me_khand_region,KHA,owned
me_land_0208,land,me_near_harad_region,UMB,owned
me_land_0209,land,me_anduin_vale_region,WILD,wild_unclaimed
me_land_0210,land,me_anduin_vale_region,BEO,owned
me_land_0211,land,me_rhun_region,RH2,owned
me_land_0212,land,me_rhun_region,RH2,owned
me_land_0213,land,me_rhun_region,WILD,wild_unclaimed
me_land_0214,land,me_lindon_region,LIN,owned
me_land_0215,land,me_rhun_region,DOR,owned
me_land_0216,land,me_mirkwood_region,WILD,wild_buffer
me_land_0217,land,me_rohan_region,ROH,owned
me_land_0218,land,me_rhun_region,RH3,owned
me_land_0219,land,me_umbar_region,UMB,owned
me_land_0220,land,me_ithilien_region,WILD,wild_ithilien
me_land_0221,land,me_mirkwood_region,WOO,owned
me_land_0222,land,me_belfalas_region,GON,owned
me_land_0223,land,me_enedwaith_region,WILD,wild_enedwaith
me_land_0224,land,me_grey_mountains_region,GUN,owned
me_land_0225,land,me_mordor_region,WILD,wild_unclaimed
me_land_0226,land,me_south_gondor_region,GON,owned
me_land_0227,land,me_khand_region,KHA,owned
me_land_0228,land,me_anduin_vale_region,WILD,wild_unclaimed
me_land_0229,land,me_rohan_region,ROH,owned
me_land_0230,land,me_north_arnor_region,WILD,wild_unclaimed
me_land_0231,land,me_south_gondor_region,GON,owned
me_land_0232,land,me_rhun_region,IRO,owned
me_land_0233,land,me_mordor_region,MOR,owned
me_land_0234,land,me_khand_region,KHA,owned
me_land_0235,land,me_northern_wastes_region,WILD,wild_forodwaith
me_land_0236,land,me_rhun_region,RH2,owned
me_land_0237,land,me_mirkwood_region,DOL,owned
me_land_0238,land,me_khand_region,KHA,owned
me_land_0239,land,me_belfalas_region,GON,owned
me_land_0240,land,me_enedwaith_region,WILD,wild_unclaimed
me_land_0241,land,me_mordor_region,WILD,wild_unclaimed
me_land_0242,land,me_north_arnor_region,WILD,wild_unclaimed
me_land_0243,land,me_dale_region,WOO,owned
me_land_0244,land,me_forochel_region,LOS,owned
me_land_0245,land,me_mordor_region,WILD,wild_unclaimed
me_land_0246,land,me_rhun_region,RH3,owned
me_land_0247,land,me_rhun_region,WILD,wild_unclaimed
me_land_0248,land,me_anorien_region,GON,owned
me_land_0249,land,me_rohan_region,ROH,owned
me_land_0250,land,me_rhun_region,RH3,owned
me_land_0251,land,me_near_harad_region,HNE,owned
me_land_0252,land,me_northern_wastes_region,WILD,wild_forodwaith
me_land_0253,land,me_rhun_region,RHU,owned
me_land_0254,land,me_near_harad_region,HNE,owned
me_land_0255,land,me_khand_region,KHA,owned
me_land_0256,land,me_rhun_region,RHU,owned
me_land_0257,land,me_rhun_region,WILD,wild_unclaimed
me_land_0258,land,me_anduin_vale_region,BEO,owned
me_land_0259,land,me_rohan_region,FAN,owned
me_land_0260,land,me_anorien_region,GON,owned
me_land_0261,land,me_rohan_region,ROH,owned
me_land_0262,land,me_khand_region,KHA,owned
me_land_0263,land,me_enedwaith_region,MOA,owned
me_land_0264,land,me_umbar_region,UMB,owned
me_land_0265,land,me_lebennin_region,GON,owned
me_land_0266,land,me_mordor_region,MOR,owned
me_land_0267,land,me_enedwaith_region,WILD,wild_enedwaith
me_land_0268,land,me_mordor_region,MOR,owned
me_land_0269,land,me_rhun_region,WILD,wild_unclaimed
me_land_0270,land,me_rohan_region,ROH,owned
me_land_0271,land,me_umbar_region,UMB,owned
me_land_0272,land,me_mordor_region,MOR,owned
me_land_0273,land,me_belfalas_region,DAM,owned
me_land_0274,land,me_shire_breeland_region,WILD,wild_buffer
me_land_0275,land,me_rhun_region,DOR,owned
me_land_0276,land,me_mirkwood_region,WILD,wild_unclaimed
me_land_0277,land,me_rohan_region,ROH,owned
me_land_0278,land,me_south_gondor_region,GON,owned
me_land_0279,land,me_mirkwood_region,WOO,owned
me_land_0280,land,me_rhun_region,RHU,owned
me_land_0281,land,me_north_arnor_region,WILD,wild_unclaimed
me_land_0282,land,me_anduin_vale_region,DOL,owned
me_land_0283,land,me_mordor_region,WILD,wild_unclaimed
me_land_0284,land,me_forochel_region,LOS,owned
me_land_0285,land,me_mordor_region,MOR,owned
me_land_0286,land,me_north_arnor_region,WILD,wild_buffer
me_land_0287,land,me_khand_region,KHA,owned
me_land_0288,land,me_umbar_region,UMB,owned
me_land_0289,land,me_rohan_region,ROH,owned
me_land_0290,land,me_north_arnor_region,RAN,owned
me_land_0291,land,me_enedwaith_region,WILD,wild_unclaimed
me_land_0292,land,me_rohan_region,ROH,owned
me_land_0293,land,me_rohan_region,ROH,owned
me_land_0294,land,me_north_arnor_region,WILD,wild_unclaimed
me_land_0295,land,me_near_harad_region,HNE,owned
me_land_0296,land,me_dale_region,ERE,owned
me_land_0297,land,me_rhun_region,RHU,owned
me_land_0298,land,me_rhun_region,RHU,owned
me_land_0299,land,me_north_arnor_region,WILD,wild_unclaimed
me_land_0300,land,me_lindon_region,LIN,owned
me_land_0301,land,me_rohan_region,ROH,owned
me_land_0302,land,me_enedwaith_region,WILD,wild_enedwaith
me_land_0303,land,me_mordor_region,WILD,wild_unclaimed
me_land_0304,land,me_near_harad_region,HNE,owned
me_land_0305,land,me_brown_lands_region,WILD,wild_unclaimed
me_land_0306,land,me_umbar_region,UMB,owned
me_land_0307,land,me_belfalas_region,GON,owned
me_land_0308,land,me_brown_lands_region,WILD,wild_buffer
me_land_0309,land,me_brown_lands_region,WILD,wild_buffer
me_land_0310,land,me_mordor_region,WILD,wild_unclaimed
me_land_0311,land,me_anduin_vale_region,BEO,owned
me_land_0312,land,me_brown_lands_region,DOR,owned
me_land_0313,land,me_rhun_region,RHU,owned
me_land_0314,land,me_rhun_region,WILD,wild_unclaimed
me_land_0315,land,me_rhun_region,RH2,owned
me_land_0316,land,me_rhun_region,RHU,owned
me_land_0317,land,me_belfalas_region,GON,owned
me_land_0318,land,me_mordor_region,WILD,wild_unclaimed
me_land_0319,land,me_anduin_vale_region,FAN,owned
me_land_0320,land,me_grey_mountains_region,WILD,wild_unclaimed
me_land_0321,land,me_rhun_region,WILD,wild_unclaimed
me_land_0322,land,me_north_arnor_region,WILD,wild_unclaimed
me_land_0323,land,me_enedwaith_region,WILD,wild_unclaimed
me_land_0324,land,me_enedwaith_region,WILD,wild_unclaimed
me_land_0325,land,me_near_harad_region,HNE,owned
me_land_0326,land,me_umbar_region,UMB,owned
me_land_0327,land,me_enedwaith_region,WILD,wild_unclaimed
me_land_0328,land,me_brown_lands_region,WILD,wild_unclaimed
me_land_0329,land,me_rhun_region,RH2,owned
me_land_0330,land,me_mordor_region,WILD,wild_unclaimed
me_land_0331,land,me_near_harad_region,HNE,owned
me_land_0332,land,me_rhun_region,RH2,owned
me_land_0333,land,me_brown_lands_region,WILD,wild_unclaimed
me_land_0334,land,me_rhun_region,RH2,owned
me_land_0335,land,me_enedwaith_region,WILD,wild_unclaimed
me_land_0336,land,me_south_gondor_region,GON,owned
me_land_0337,land,me_rhun_region,RH2,owned
me_land_0338,land,me_lindon_region,LIN,owned
me_land_0339,land,me_northern_wastes_region,WILD,wild_forodwaith
me_land_0340,land,me_lebennin_region,GON,owned
me_land_0341,land,me_mirkwood_region,BEO,owned
me_land_0342,land,me_mordor_region,WILD,wild_unclaimed
me_land_0343,land,me_rhun_region,IRO,owned
me_land_0344,land,me_rohan_region,WILD,wild_reviewed_frontier: the east-bank Seat of Seeing lies beyond Rohan's Anduin frontier
me_land_0345,land,me_rhun_region,DOR,owned
me_land_0346,land,me_mordor_region,MOR,owned
me_land_0347,land,me_mordor_region,MOR,owned
me_land_0348,land,me_rhun_region,WILD,wild_unclaimed
me_land_0349,land,me_north_arnor_region,RIV,owned
me_land_0350,land,me_mirkwood_region,WOO,owned
me_land_0351,land,me_north_arnor_region,WILD,wild_unclaimed
me_land_0352,land,me_anduin_vale_region,MOA,owned
me_land_0353,land,me_near_harad_region,WILD,wild_unclaimed
me_land_0354,land,me_angmar_region,WILD,wild_unclaimed
me_land_0355,land,me_rhun_region,WILD,wild_unclaimed
me_land_0356,land,me_enedwaith_region,WILD,wild_unclaimed
me_land_0357,land,me_umbar_region,UMB,owned
me_land_0358,land,me_enedwaith_region,WILD,wild_unclaimed
me_land_0359,land,me_shire_breeland_region,WILD,wild_buffer
me_land_0360,land,me_rhun_region,DOR,owned
me_land_0361,land,me_anduin_vale_region,BEO,owned
me_land_0362,land,me_mirkwood_region,WILD,wild_unclaimed
me_land_0363,land,me_brown_lands_region,WILD,wild_buffer
me_land_0364,land,me_mordor_region,WILD,wild_unclaimed
me_land_0365,land,me_umbar_region,UMB,owned
me_land_0366,land,me_enedwaith_region,WILD,wild_unclaimed
me_land_0367,land,me_forochel_region,LOS,owned
me_land_0368,land,me_northern_wastes_region,WILD,wild_forodwaith
me_land_0369,land,me_mordor_region,MOR,owned
me_land_0370,land,me_mordor_region,MOR,owned
me_land_0371,land,me_north_arnor_region,RAN,owned
me_land_0372,land,me_mordor_region,WILD,wild_unclaimed
me_land_0373,land,me_dale_region,DAL,owned
me_land_0374,land,me_lebennin_region,GON,owned
me_land_0375,land,me_rhun_region,DOR,owned
me_land_0376,land,me_rhun_region,WILD,wild_unclaimed
me_land_0377,land,me_belfalas_region,DAM,owned
me_land_0378,land,me_rhun_region,RH2,owned
me_land_0379,land,me_north_arnor_region,WILD,wild_unclaimed
me_land_0380,land,me_brown_lands_region,WILD,wild_unclaimed
me_land_0381,land,me_mordor_region,MOR,owned
me_land_0382,land,me_rohan_region,ROH,owned
me_land_0383,land,me_enedwaith_region,WILD,wild_enedwaith
me_land_0384,land,me_rohan_region,ROH,owned
me_land_0385,land,me_rhun_region,RHU,owned
me_land_0386,land,me_rhun_region,DOR,owned
me_land_0387,land,me_northern_wastes_region,WILD,wild_forodwaith
me_land_0388,land,me_far_harad_region,HFA,owned
me_land_0389,land,me_umbar_region,UMB,owned
me_land_0390,land,me_mordor_region,WILD,wild_unclaimed
me_land_0391,land,me_north_arnor_region,RAN,owned
me_land_0392,land,me_mirkwood_region,WOO,owned
me_land_0393,land,me_umbar_region,UMB,owned
me_land_0394,land,me_lindon_region,BLU,owned
me_land_0395,land,me_lindon_region,BLU,owned
me_land_0396,land,me_brown_lands_region,WILD,wild_unclaimed
me_land_0397,land,me_enedwaith_region,WILD,wild_unclaimed
me_land_0398,land,me_lebennin_region,GON,owned
me_land_0399,land,me_rhun_region,WILD,wild_unclaimed
me_land_0400,land,me_lindon_region,LIN,owned
me_land_0401,land,me_mordor_region,WILD,wild_unclaimed
me_land_0402,land,me_lindon_region,LIN,owned
me_land_0403,land,me_near_harad_region,HNE,owned
me_land_0404,land,me_brown_lands_region,WILD,wild_unclaimed
me_land_0405,land,me_northern_wastes_region,WILD,wild_forodwaith
me_land_0406,land,me_near_harad_region,HNE,owned
me_land_0407,land,me_shire_breeland_region,SHI,owned
me_land_0408,land,me_northern_wastes_region,WILD,wild_forodwaith
me_land_0409,land,me_enedwaith_region,WILD,wild_unclaimed
me_land_0410,land,me_belfalas_region,DAM,owned
me_land_0411,land,me_anduin_vale_region,BEO,owned
me_land_0412,land,me_near_harad_region,HNE,owned
me_land_0413,land,me_ithilien_region,WILD,wild_ithilien
me_land_0414,land,me_north_arnor_region,RAN,owned
me_land_0415,land,me_near_harad_region,UMB,owned
me_land_0416,land,me_northern_wastes_region,WILD,wild_forodwaith
me_land_0417,land,me_anduin_vale_region,DOL,owned
me_land_0418,land,me_northern_wastes_region,WILD,wild_forodwaith
me_land_0419,land,me_north_arnor_region,WILD,wild_unclaimed
me_land_0420,land,me_rhun_region,WILD,wild_unclaimed
me_land_0421,land,me_north_arnor_region,RAN,owned
me_land_0422,land,me_mordor_region,WILD,wild_unclaimed
me_land_0423,land,me_umbar_region,UMB,owned
me_land_0424,land,me_anduin_vale_region,LOR,owned
me_land_0425,land,me_lebennin_region,GON,owned
me_land_0426,land,me_rohan_region,ROH,owned
me_land_0427,land,me_grey_mountains_region,WILD,wild_unclaimed
me_land_0428,land,me_anduin_vale_region,WILD,wild_unclaimed
me_land_0429,land,me_mordor_region,WILD,wild_unclaimed
me_land_0430,land,me_enedwaith_region,WILD,wild_enedwaith
me_land_0431,land,me_brown_lands_region,MOR,owned
me_land_0432,land,me_brown_lands_region,WILD,wild_unclaimed
me_land_0433,land,me_khand_region,KHA,owned
me_land_0434,land,me_khand_region,KHA,owned
me_land_0435,land,me_near_harad_region,HRA,owned
me_land_0436,land,me_mirkwood_region,WILD,wild_unclaimed
me_land_0437,land,me_anorien_region,GON,owned
me_land_0438,land,me_ithilien_region,WILD,wild_ithilien
me_land_0439,land,me_far_harad_region,HRA,owned
me_land_0440,land,me_far_harad_region,WILD,wild_unclaimed
me_land_0441,land,me_north_arnor_region,WILD,wild_unclaimed
me_land_0442,land,me_rhun_region,IRO,owned
me_land_0443,land,me_mordor_region,WILD,wild_unclaimed
me_land_0444,land,me_khand_region,KHA,owned
me_land_0445,land,me_north_arnor_region,WILD,wild_unclaimed
me_land_0446,land,me_rhun_region,RHU,owned
me_land_0447,land,me_rhun_region,WILD,wild_unclaimed
me_land_0448,land,me_north_arnor_region,WILD,wild_unclaimed
me_land_0449,land,me_anduin_vale_region,GOB,owned
me_land_0450,land,me_near_harad_region,WILD,wild_unclaimed
me_land_0451,land,me_near_harad_region,HNE,owned
me_land_0452,land,me_northern_wastes_region,WILD,wild_forodwaith
me_land_0453,land,me_lindon_region,LIN,owned
me_land_0454,land,me_grey_mountains_region,GUN,owned
me_land_0455,land,me_near_harad_region,HNE,owned
me_land_0456,land,me_anduin_vale_region,WILD,wild_buffer
me_land_0457,land,me_brown_lands_region,WILD,wild_unclaimed
me_land_0458,land,me_rhun_region,DOR,owned
me_land_0459,land,me_south_gondor_region,GON,owned
me_land_0460,land,me_rhun_region,WILD,wild_unclaimed
me_land_0461,land,me_rhun_region,DOR,owned
me_land_0462,land,me_rhun_region,RH2,owned
me_land_0463,land,me_north_arnor_region,WILD,wild_unclaimed
me_land_0464,land,me_mordor_region,MOR,owned
me_land_0465,land,me_mordor_region,WILD,wild_unclaimed
me_land_0466,land,me_rhun_region,RH2,owned
me_land_0467,land,me_belfalas_region,GON,owned
me_land_0468,land,me_shire_breeland_region,SHI,owned
me_land_0469,land,me_umbar_region,UMB,owned
me_land_0470,land,me_lindon_region,BLU,owned
me_land_0471,land,me_dale_region,ERE,owned
me_land_0472,land,me_umbar_region,UMB,owned
me_land_0473,land,me_umbar_region,UMB,owned
me_land_0474,land,me_enedwaith_region,WILD,wild_enedwaith
me_land_0475,land,me_enedwaith_region,WILD,wild_enedwaith
me_land_0476,land,me_rhun_region,RH2,owned
me_land_0477,land,me_rhun_region,WILD,wild_unclaimed
me_land_0478,land,me_rhun_region,DOR,owned
me_land_0479,land,me_lebennin_region,GON,owned
me_land_0480,land,me_brown_lands_region,WILD,wild_unclaimed
me_land_0481,land,me_grey_mountains_region,WILD,wild_unclaimed
me_land_0482,land,me_dale_region,ESG,owned
me_land_0483,land,me_enedwaith_region,WILD,wild_unclaimed
me_land_0484,land,me_khand_region,WILD,wild_unclaimed
me_land_0485,land,me_grey_mountains_region,GUN,owned
me_land_0486,land,me_lindon_region,BLU,owned
me_land_0487,land,me_shire_breeland_region,SHI,owned
me_land_0488,land,me_lindon_region,LIN,owned
me_land_0489,land,me_belfalas_region,GON,owned
me_land_0490,land,me_rhun_region,DOR,owned
me_land_0491,land,me_enedwaith_region,WILD,wild_unclaimed
me_land_0492,land,me_mirkwood_region,WILD,wild_unclaimed
me_land_0493,land,me_belfalas_region,GON,owned
me_land_0494,land,me_mordor_region,MOR,owned
me_land_0495,land,me_umbar_region,UMB,owned
me_land_0496,land,me_anduin_vale_region,WILD,wild_unclaimed
me_land_0497,land,me_mordor_region,WILD,wild_unclaimed
me_land_0498,land,me_north_arnor_region,WILD,wild_unclaimed
me_land_0499,land,me_rhun_region,RH3,owned
me_land_0500,land,me_khand_region,KHA,owned
me_land_0501,land,me_umbar_region,UMB,owned
me_land_0502,land,me_rohan_region,ROH,owned
me_land_0503,land,me_belfalas_region,GON,owned
me_land_0504,land,me_enedwaith_region,DUN,owned
me_land_0505,land,me_far_harad_region,HFA,owned
me_land_0506,land,me_mirkwood_region,DOL,owned
me_land_0507,land,me_khand_region,WILD,wild_unclaimed
me_land_0508,land,me_north_arnor_region,WILD,wild_unclaimed
me_land_0509,land,me_near_harad_region,UMB,owned
me_land_0510,land,me_anduin_vale_region,LOR,owned
me_land_0511,land,me_rohan_region,ROH,owned
me_land_0512,land,me_belfalas_region,GON,owned
me_land_0513,land,me_forochel_region,LOS,owned
me_land_0514,land,me_north_arnor_region,RIV,owned
me_land_0515,land,me_mordor_region,WILD,wild_unclaimed
me_land_0516,land,me_rhun_region,RHU,owned
me_land_0517,land,me_northern_wastes_region,WILD,wild_forodwaith
me_land_0518,land,me_northern_wastes_region,WILD,wild_forodwaith
me_land_0519,land,me_lindon_region,LIN,owned
me_land_0520,land,me_rhun_region,RH3,owned
me_land_0521,land,me_enedwaith_region,WILD,wild_unclaimed
me_land_0522,land,me_enedwaith_region,WILD,wild_unclaimed
me_land_0523,land,me_northern_wastes_region,WILD,wild_forodwaith
me_land_0524,land,me_shire_breeland_region,SHI,owned
me_land_0525,land,me_shire_breeland_region,SHI,owned
me_land_0526,land,me_northern_wastes_region,WILD,wild_forodwaith
me_land_0527,land,me_mordor_region,WILD,wild_unclaimed
me_land_0528,land,me_mirkwood_region,BEO,owned
me_land_0529,land,me_ithilien_region,WILD,wild_ithilien
me_land_0530,land,me_mordor_region,MOR,owned
me_land_0531,land,me_mordor_region,WILD,wild_unclaimed
me_land_0532,land,me_mordor_region,WILD,wild_unclaimed
me_land_0533,land,me_dale_region,WOO,owned
me_land_0534,land,me_mordor_region,WILD,wild_unclaimed
me_land_0535,land,me_near_harad_region,HNE,owned
me_land_0536,land,me_rohan_region,ROH,owned
me_land_0537,land,me_rohan_region,ROH,owned
me_land_0538,land,me_khand_region,KHA,owned
me_land_0539,land,me_mordor_region,MOR,owned
me_land_0540,land,me_rhun_region,WILD,wild_unclaimed
me_land_0541,land,me_north_arnor_region,WILD,wild_unclaimed
me_land_0542,land,me_rhun_region,RHU,owned
me_land_0543,land,me_ithilien_region,WILD,wild_ithilien
me_land_0544,land,me_mordor_region,MOR,owned
me_land_0545,land,me_north_arnor_region,WILD,wild_unclaimed
me_land_0546,land,me_ithilien_region,WILD,wild_ithilien
me_land_0547,land,me_north_arnor_region,RAN,owned
me_land_0548,land,me_lebennin_region,GON,owned
me_land_0549,land,me_north_arnor_region,WILD,wild_unclaimed
me_land_0550,land,me_rohan_region,FAN,owned
me_land_0551,land,me_grey_mountains_region,GUN,owned
me_land_0552,land,me_rohan_region,FAN,owned
me_land_0553,land,me_north_arnor_region,WILD,wild_unclaimed
me_land_0554,land,me_mordor_region,MOR,owned
me_land_0555,land,me_angmar_region,WILD,wild_unclaimed
me_land_0556,land,me_rohan_region,ROH,owned
me_land_0557,land,me_rhun_region,IRO,owned
me_land_0558,land,me_north_arnor_region,ANG,owned
me_land_0559,land,me_north_arnor_region,WILD,wild_unclaimed
me_land_0560,land,me_rhun_region,DOR,owned
me_land_0561,land,me_belfalas_region,GON,owned
me_land_0562,land,me_rhun_region,RH2,owned
me_land_0563,land,me_mirkwood_region,WILD,wild_unclaimed
me_land_0564,land,me_far_harad_region,WILD,wild_unclaimed
me_land_0565,land,me_near_harad_region,WILD,wild_unclaimed
me_land_0566,land,me_near_harad_region,UMB,owned
me_land_0567,land,me_mordor_region,MOR,owned
me_land_0568,land,me_rhun_region,RH2,owned
me_land_0569,land,me_far_harad_region,WILD,wild_unclaimed
me_land_0570,land,me_north_arnor_region,ANG,owned
me_land_0571,land,me_lindon_region,LIN,owned
me_land_0572,land,me_dale_region,DAL,owned
me_land_0573,land,me_anorien_region,GON,owned
me_land_0574,land,me_mordor_region,WILD,wild_unclaimed
me_land_0575,land,me_mirkwood_region,WILD,wild_unclaimed
me_land_0576,land,me_umbar_region,UMB,owned
me_land_0577,land,me_enedwaith_region,WILD,wild_enedwaith
me_land_0578,land,me_south_gondor_region,GON,owned
me_land_0579,land,me_anduin_vale_region,LOR,owned
me_land_0580,land,me_mordor_region,WILD,wild_unclaimed
me_land_0581,land,me_mirkwood_region,WILD,wild_unclaimed
me_land_0582,land,me_rhun_region,WILD,wild_unclaimed
me_land_0583,land,me_anduin_vale_region,BEO,owned
me_land_0584,land,me_shire_breeland_region,WILD,wild_buffer
me_land_0585,land,me_south_gondor_region,GON,owned
me_land_0586,land,me_rhun_region,WILD,wild_unclaimed
me_land_0587,land,me_rohan_region,ROH,owned
me_land_0588,land,me_mordor_region,WILD,wild_unclaimed
me_land_0589,land,me_rhun_region,RHU,owned
me_land_0590,land,me_mordor_region,MOR,owned
me_land_0591,land,me_shire_breeland_region,BRE,owned
me_land_0592,land,me_khand_region,KHA,owned
me_land_0593,land,me_rhun_region,WILD,wild_unclaimed
me_land_0594,land,me_mordor_region,WILD,wild_unclaimed
me_land_0595,land,me_rhun_region,DOR,owned
me_land_0596,land,me_south_gondor_region,GON,owned
me_land_0597,land,me_enedwaith_region,WILD,wild_unclaimed
me_land_0598,land,me_north_arnor_region,WILD,wild_unclaimed
me_land_0599,land,me_belfalas_region,GON,owned
me_land_0600,land,me_lindon_region,LIN,owned
me_land_0601,land,me_rohan_region,ROH,owned
me_land_0602,land,me_north_arnor_region,WILD,wild_unclaimed
me_land_0603,land,me_belfalas_region,GON,owned
me_land_0604,land,me_mordor_region,WILD,wild_unclaimed
me_land_0605,land,me_far_harad_region,WILD,wild_unclaimed
me_land_0606,land,me_rhun_region,DOR,owned
me_land_0607,land,me_khand_region,KHA,owned
me_land_0608,land,me_lindon_region,LIN,owned
me_land_0609,land,me_mirkwood_region,BEO,owned
me_land_0610,land,me_rhun_region,RH2,owned
me_land_0611,land,me_northern_wastes_region,WILD,wild_forodwaith
me_land_0612,land,me_khand_region,KHA,owned
me_land_0613,land,me_lindon_region,BLU,owned
me_land_0614,land,me_near_harad_region,HRA,owned
me_land_0615,land,me_khand_region,WILD,wild_unclaimed
me_land_0616,land,me_south_gondor_region,GON,owned
me_land_0617,land,me_lindon_region,LIN,owned
me_land_0618,land,me_mordor_region,MOR,owned
me_land_0619,land,me_north_arnor_region,WILD,wild_unclaimed
me_land_0620,land,me_mordor_region,MOR,owned
me_land_0621,land,me_rhun_region,IRO,owned
me_land_0622,land,me_anduin_vale_region,BEO,owned
me_land_0623,land,me_mordor_region,MOR,owned
me_land_0624,land,me_enedwaith_region,DUN,owned
me_land_0625,land,me_lebennin_region,GON,owned
me_land_0626,land,me_north_arnor_region,RIV,owned
me_land_0627,land,me_belfalas_region,GON,owned
me_land_0628,land,me_khand_region,KHA,owned
me_land_0629,land,me_belfalas_region,GON,owned
me_land_0630,land,me_belfalas_region,DAM,owned
me_land_0631,land,me_near_harad_region,UMB,owned
me_land_0632,land,me_mordor_region,WILD,wild_unclaimed
me_land_0633,land,me_brown_lands_region,WILD,wild_unclaimed
me_land_0634,land,me_mordor_region,WILD,wild_unclaimed
me_land_0635,land,me_shire_breeland_region,BRE,owned
me_land_0636,land,me_anduin_vale_region,WILD,wild_unclaimed
me_land_0637,land,me_anduin_vale_region,BEO,owned
me_land_0638,land,me_forochel_region,LOS,owned
me_land_0639,land,me_shire_breeland_region,SHI,owned
me_land_0640,land,me_rhun_region,WILD,wild_unclaimed
me_land_0641,land,me_belfalas_region,GON,owned
me_land_0642,land,me_belfalas_region,GON,owned
me_land_0643,land,me_rhun_region,IRO,owned
me_land_0644,land,me_anduin_vale_region,WILD,wild_unclaimed
me_land_0645,land,me_mordor_region,MOR,owned
me_land_0646,land,me_rhun_region,IRO,owned
me_land_0647,land,me_mirkwood_region,WILD,wild_unclaimed
me_land_0648,land,me_mordor_region,WILD,wild_unclaimed
me_land_0649,land,me_far_harad_region,WILD,wild_unclaimed
me_land_0650,land,me_rohan_region,ROH,owned
me_land_0651,land,me_anduin_vale_region,BEO,owned
me_land_0652,land,me_lindon_region,LIN,owned
me_land_0653,land,me_enedwaith_region,WILD,wild_enedwaith
me_land_0654,land,me_mordor_region,WILD,wild_unclaimed
me_land_0655,land,me_brown_lands_region,WILD,wild_unclaimed
me_land_0656,land,me_rohan_region,ROH,owned
me_land_0657,land,me_lebennin_region,GON,owned
me_land_0658,land,me_far_harad_region,HRA,owned
me_land_0659,land,me_belfalas_region,GON,owned
me_land_0660,land,me_dale_region,WOO,owned
me_land_0661,land,me_rhun_region,IRO,owned
me_land_0662,land,me_south_gondor_region,GON,owned
me_land_0663,land,me_mordor_region,MOR,owned
me_land_0664,land,me_far_harad_region,HRA,owned
me_land_0665,land,me_ithilien_region,WILD,wild_ithilien
me_land_0666,land,me_north_arnor_region,WILD,wild_unclaimed
me_land_0667,land,me_umbar_region,UMB,owned
me_land_0668,land,me_enedwaith_region,WILD,wild_unclaimed
me_land_0669,land,me_brown_lands_region,WILD,wild_unclaimed
me_land_0670,land,me_enedwaith_region,WILD,wild_enedwaith
me_land_0671,land,me_forochel_region,LOS,owned
me_land_0672,land,me_far_harad_region,HFA,owned
me_land_0673,land,me_khand_region,KHA,owned
me_land_0674,land,me_northern_wastes_region,WILD,wild_forodwaith
me_land_0675,land,me_mordor_region,MOR,owned
me_land_0676,land,me_rohan_region,ROH,owned
me_land_0677,land,me_rhun_region,WILD,wild_unclaimed
me_land_0678,land,me_dale_region,DAL,owned
me_land_0679,land,me_ithilien_region,MOR,owned
me_land_0680,land,me_lindon_region,LIN,owned
me_land_0681,land,me_northern_wastes_region,WILD,wild_forodwaith
me_land_0682,land,me_anduin_vale_region,WILD,wild_buffer
me_land_0683,land,me_lindon_region,LIN,owned
me_land_0684,land,me_rhun_region,DOR,owned
me_land_0685,land,me_northern_wastes_region,WILD,wild_forodwaith
me_land_0686,land,me_ithilien_region,GON,owned
me_land_0687,land,me_brown_lands_region,WILD,wild_brown_lands
me_land_0688,land,me_anorien_region,GON,owned
me_land_0689,land,me_belfalas_region,GON,owned
me_land_0690,land,me_rhun_region,WILD,wild_unclaimed
me_land_0691,land,me_enedwaith_region,WILD,wild_enedwaith
me_land_0692,land,me_anduin_vale_region,BEO,owned
me_land_0693,land,me_lebennin_region,GON,owned
me_land_0694,land,me_lindon_region,LIN,owned
me_land_0695,land,me_northern_wastes_region,WILD,wild_forodwaith
me_land_0696,land,me_anorien_region,GON,owned
me_land_0697,land,me_mirkwood_region,DOL,owned
me_land_0698,land,me_north_arnor_region,WILD,wild_unclaimed
me_land_0699,land,me_north_arnor_region,WILD,wild_unclaimed
me_land_0700,land,me_enedwaith_region,WILD,wild_unclaimed
me_land_0701,land,me_rhun_region,WILD,wild_buffer
me_land_0702,land,me_mordor_region,WILD,wild_unclaimed
me_land_0703,land,me_brown_lands_region,WILD,wild_unclaimed
me_land_0704,land,me_mirkwood_region,DOL,owned
me_land_0705,land,me_far_harad_region,WILD,wild_unclaimed
me_land_0706,land,me_shire_breeland_region,WILD,wild_buffer
me_land_0707,land,me_dale_region,ERE,owned
me_land_0708,land,me_rhun_region,RH3,owned
me_land_0709,land,me_mordor_region,WILD,wild_unclaimed
me_land_0710,land,me_umbar_region,UMB,owned
me_land_0711,land,me_rhun_region,RH3,owned
me_land_0712,land,me_northern_wastes_region,WILD,wild_forodwaith
me_land_0713,land,me_mordor_region,WILD,wild_unclaimed
me_land_0714,land,me_north_arnor_region,WILD,wild_unclaimed
me_land_0715,land,me_mirkwood_region,WDM,owned
me_land_0716,land,me_rhun_region,RH3,owned
me_land_0717,land,me_anduin_vale_region,GOB,owned
me_land_0718,land,me_far_harad_region,HRA,owned
me_land_0719,land,me_anduin_vale_region,BEO,owned
me_land_0720,land,me_dale_region,WOO,owned
me_land_0721,land,me_rhun_region,RH3,owned
me_land_0722,land,me_rhun_region,RHU,owned
me_land_0723,land,me_mordor_region,WILD,wild_unclaimed
me_land_0724,land,me_north_arnor_region,WILD,wild_unclaimed
me_land_0725,land,me_mordor_region,MOR,owned
me_land_0726,land,me_belfalas_region,GON,owned
me_land_0727,land,me_grey_mountains_region,GUN,owned
me_land_0728,land,me_north_arnor_region,WILD,wild_unclaimed
me_land_0729,land,me_northern_wastes_region,WILD,wild_forodwaith
me_land_0730,land,me_mordor_region,MOR,owned
me_land_0731,land,me_mordor_region,MOR,owned
me_land_0732,land,me_rhun_region,WILD,wild_unclaimed
me_land_0733,land,me_enedwaith_region,WILD,wild_unclaimed
me_land_0734,land,me_dale_region,DAL,owned
me_land_0735,land,me_far_harad_region,HFA,owned
me_land_0736,land,me_south_gondor_region,GON,owned
me_land_0737,land,me_ithilien_region,WILD,wild_ithilien
me_land_0738,land,me_rhun_region,RHU,owned
me_land_0739,land,me_umbar_region,UMB,owned
me_land_0740,land,me_dale_region,DAL,owned
me_land_0741,land,me_mordor_region,MOR,owned
me_land_0742,land,me_lindon_region,LIN,owned
me_land_0743,land,me_mordor_region,MOR,owned
me_land_0744,land,me_near_harad_region,HNE,owned
me_land_0745,land,me_rhun_region,RH2,owned
me_land_0746,land,me_anduin_vale_region,WILD,wild_unclaimed
me_land_0747,land,me_rhun_region,WILD,wild_unclaimed
me_land_0748,land,me_rhun_region,RHU,owned
me_land_0749,land,me_mordor_region,WILD,wild_unclaimed
me_land_0750,land,me_shire_breeland_region,WILD,wild_buffer
me_land_0751,land,me_rohan_region,ROH,owned
me_land_0752,land,me_brown_lands_region,WILD,wild_brown_lands
me_land_0753,land,me_rhun_region,DOR,owned
me_land_0754,land,me_northern_wastes_region,WILD,wild_forodwaith
me_land_0755,land,me_rohan_region,FAN,owned
me_land_0756,land,me_rohan_region,ROH,owned
me_land_0757,land,me_enedwaith_region,WILD,wild_enedwaith
me_land_0758,land,me_khand_region,KHA,owned
me_land_0759,land,me_rhun_region,DOR,owned
me_land_0760,land,me_mordor_region,WILD,wild_unclaimed
me_land_0761,land,me_near_harad_region,HRA,owned
me_land_0762,land,me_rohan_region,ROH,owned
me_land_0763,land,me_far_harad_region,WILD,wild_unclaimed
me_land_0764,land,me_mordor_region,WILD,wild_unclaimed
me_land_0765,land,me_anorien_region,GON,owned
me_land_0766,land,me_enedwaith_region,WILD,wild_enedwaith
me_land_0767,land,me_belfalas_region,GON,owned
me_land_0768,land,me_rhun_region,RH2,owned
me_land_0769,land,me_ithilien_region,WILD,wild_ithilien
me_land_0770,land,me_rhun_region,RH2,owned
me_land_0771,land,me_rohan_region,ROH,owned
me_land_0772,land,me_rhun_region,RHU,owned
me_land_0773,land,me_rhun_region,RH2,owned
me_land_0774,land,me_rhun_region,RHU,owned
me_land_0775,land,me_forochel_region,LOS,owned
me_land_0776,land,me_lebennin_region,GON,owned
me_land_0777,land,me_rhun_region,RHU,owned
me_land_0778,land,me_lindon_region,LIN,owned
me_land_0779,land,me_rhun_region,RH3,owned
me_land_0780,land,me_lindon_region,BLU,owned
me_land_0781,land,me_anduin_vale_region,WILD,wild_unclaimed
me_land_0782,land,me_enedwaith_region,WILD,wild_unclaimed
me_land_0783,land,me_rhun_region,RH2,owned
me_land_0784,land,me_northern_wastes_region,WILD,wild_forodwaith
me_land_0785,land,me_enedwaith_region,DUN,owned
me_land_0786,land,me_far_harad_region,WILD,wild_unclaimed
me_land_0787,land,me_north_arnor_region,ANG,owned
me_land_0788,land,me_brown_lands_region,WILD,wild_unclaimed
me_land_0789,land,me_mirkwood_region,BEO,owned
me_land_0790,land,me_enedwaith_region,WILD,wild_enedwaith
me_land_0791,land,me_brown_lands_region,WILD,wild_brown_lands
me_land_0792,land,me_rhun_region,RHU,owned
me_land_0793,land,me_khand_region,WILD,wild_unclaimed
me_land_0794,land,me_khand_region,KHA,owned
me_land_0795,land,me_rohan_region,ROH,owned
me_land_0796,land,me_mirkwood_region,WOO,owned
me_land_0797,land,me_ithilien_region,WILD,wild_ithilien
me_land_0798,land,me_anorien_region,DRU,owned
me_land_0799,land,me_anduin_vale_region,FAN,owned
me_land_0800,land,me_rhun_region,RHU,owned
me_land_0801,land,me_rohan_region,ROH,owned
me_land_0802,land,me_mordor_region,MOR,owned
me_land_0803,land,me_ithilien_region,WILD,wild_ithilien
me_land_0804,land,me_umbar_region,UMB,owned
me_land_0805,land,me_rohan_region,ROH,owned
me_land_0806,land,me_belfalas_region,GON,owned
me_land_0807,land,me_northern_wastes_region,WILD,wild_forodwaith
me_land_0808,land,me_brown_lands_region,WILD,wild_unclaimed
me_land_0809,land,me_belfalas_region,DAM,owned
me_land_0810,land,me_umbar_region,UMB,owned
me_land_0811,land,me_shire_breeland_region,SHI,owned
me_land_0812,land,me_north_arnor_region,WILD,wild_unclaimed
me_land_0813,land,me_north_arnor_region,WILD,wild_buffer
me_land_0814,land,me_mordor_region,WILD,wild_unclaimed
me_land_0815,land,me_rhun_region,RH2,owned
me_land_0816,land,me_forochel_region,LOS,owned
me_land_0817,land,me_far_harad_region,HFA,owned
me_land_0818,land,me_near_harad_region,HNE,owned
me_land_0819,land,me_rhun_region,WILD,wild_unclaimed
me_land_0820,land,me_mordor_region,WILD,wild_unclaimed
me_land_0821,land,me_near_harad_region,HRA,owned
me_land_0822,land,me_near_harad_region,HNE,owned
me_land_0823,land,me_rhun_region,RH2,owned
me_land_0824,land,me_northern_wastes_region,WILD,wild_forodwaith
me_land_0825,land,me_khand_region,WILD,wild_unclaimed
me_land_0826,land,me_anduin_vale_region,WILD,wild_unclaimed
me_land_0827,land,me_brown_lands_region,WILD,wild_unclaimed
me_land_0828,land,me_enedwaith_region,WILD,wild_unclaimed
me_land_0829,land,me_rhun_region,RH2,owned
me_land_0830,land,me_rhun_region,RHU,owned
me_land_0831,land,me_lindon_region,BLU,owned
me_land_0832,land,me_near_harad_region,UMB,owned
me_land_0833,land,me_rhun_region,RHU,owned
me_land_0834,land,me_brown_lands_region,WILD,wild_unclaimed
me_land_0835,land,me_northern_wastes_region,WILD,wild_forodwaith
me_land_0836,land,me_mordor_region,WILD,wild_unclaimed
me_land_0837,land,me_enedwaith_region,WILD,wild_unclaimed
me_land_0838,land,me_mordor_region,MOR,owned
me_land_0839,land,me_lindon_region,LIN,owned
me_land_0840,land,me_forochel_region,LOS,owned
me_land_0841,land,me_lebennin_region,GON,owned
me_land_0842,land,me_north_arnor_region,WILD,wild_buffer
me_land_0843,land,me_rhun_region,WILD,wild_unclaimed
me_land_0844,land,me_umbar_region,UMB,owned
me_land_0845,land,me_mordor_region,MOR,owned
me_land_0846,land,me_enedwaith_region,WILD,wild_enedwaith
me_land_0847,land,me_shire_breeland_region,SHI,owned
me_land_0848,land,me_far_harad_region,WILD,wild_unclaimed
me_land_0849,land,me_angmar_region,WILD,wild_unclaimed
me_land_0850,land,me_rohan_region,ROH,owned
me_land_0851,land,me_mirkwood_region,WILD,wild_unclaimed
me_land_0852,land,me_khand_region,WILD,wild_unclaimed
me_land_0853,land,me_lebennin_region,GON,owned
me_land_0854,land,me_north_arnor_region,WILD,wild_unclaimed
me_land_0855,land,me_rhun_region,WILD,wild_unclaimed
me_land_0856,land,me_khand_region,WILD,wild_unclaimed
me_land_0857,land,me_enedwaith_region,WILD,wild_unclaimed
me_land_0858,land,me_north_arnor_region,ANG,owned
me_land_0859,land,me_forochel_region,LOS,owned
me_land_0860,land,me_mirkwood_region,WILD,wild_unclaimed
me_land_0861,land,me_anduin_vale_region,FAN,owned
me_land_0862,land,me_belfalas_region,DAM,owned
me_land_0863,land,me_khand_region,KHA,owned
me_land_0864,land,me_enedwaith_region,WILD,wild_enedwaith
me_land_0865,land,me_north_arnor_region,WILD,wild_unclaimed
me_land_0866,land,me_rhun_region,WILD,wild_unclaimed
me_land_0867,land,me_shire_breeland_region,SHI,owned
me_land_0868,land,me_rhun_region,RH2,owned
me_land_0869,land,me_anduin_vale_region,LOR,owned
me_land_0870,land,me_dale_region,ERE,owned
me_land_0871,land,me_rhun_region,RHU,owned
me_land_0872,land,me_anorien_region,GON,owned
me_land_0873,land,me_umbar_region,UMB,owned
me_land_0874,land,me_anduin_vale_region,WILD,wild_unclaimed
me_land_0875,land,me_mordor_region,MOR,owned
me_land_0876,land,me_rhun_region,RH2,owned
me_land_0877,land,me_rhun_region,WILD,wild_unclaimed
me_land_0878,land,me_north_arnor_region,WILD,wild_unclaimed
me_land_0879,land,me_mordor_region,WILD,wild_unclaimed
me_land_0880,land,me_brown_lands_region,WILD,wild_unclaimed
me_land_0881,land,me_belfalas_region,GON,owned
me_land_0882,land,me_lindon_region,BLU,owned
me_land_0883,land,me_enedwaith_region,WILD,wild_unclaimed
me_land_0884,land,me_rhun_region,RH2,owned
me_land_0885,land,me_belfalas_region,DAM,owned
me_land_0886,land,me_anduin_vale_region,WILD,wild_unclaimed
me_land_0887,land,me_rhun_region,IRO,owned
me_land_0888,land,me_enedwaith_region,MOA,owned
me_land_0889,land,me_rhun_region,RH3,owned
me_land_0890,land,me_mordor_region,WILD,wild_unclaimed
me_land_0891,land,me_umbar_region,UMB,owned
me_land_0892,land,me_mordor_region,MOR,owned
me_land_0893,land,me_far_harad_region,WILD,wild_unclaimed
me_land_0894,land,me_near_harad_region,HRA,owned
me_land_0895,land,me_mordor_region,MOR,owned
me_land_0896,land,me_rohan_region,ROH,owned
me_land_0897,land,me_mordor_region,MOR,owned
me_land_0898,land,me_anduin_vale_region,WILD,wild_unclaimed
me_land_0899,land,me_brown_lands_region,WILD,wild_unclaimed
me_land_0900,land,me_shire_breeland_region,BRE,owned
me_land_0901,land,me_anduin_vale_region,WILD,wild_buffer
me_land_0902,land,me_brown_lands_region,WILD,wild_unclaimed
me_land_0903,land,me_rohan_region,FAN,owned
me_land_0904,land,me_mordor_region,MOR,owned
me_land_0905,land,me_mirkwood_region,WILD,wild_unclaimed
me_land_0906,land,me_dale_region,ERE,owned
me_land_0907,land,me_forochel_region,LOS,owned
me_land_0908,land,me_north_arnor_region,WILD,wild_unclaimed
me_land_0909,land,me_mordor_region,WILD,wild_unclaimed
me_land_0910,land,me_enedwaith_region,WILD,wild_unclaimed
me_land_0911,land,me_shire_breeland_region,WILD,"wild_reviewed_frontier: Sarn Ford is a watched crossing, not a settled Shire or Bree possession"
me_land_0912,land,me_rohan_region,ROH,owned
me_land_0913,land,me_north_arnor_region,ANG,owned
me_land_0914,land,me_brown_lands_region,WILD,wild_unclaimed
me_land_0915,land,me_northern_wastes_region,WILD,wild_forodwaith
me_land_0916,land,me_anduin_vale_region,MOA,owned
me_land_0917,land,me_rhun_region,RHU,owned
me_land_0918,land,me_south_gondor_region,GON,owned
me_land_0919,land,me_belfalas_region,GON,owned
me_land_0920,land,me_mordor_region,MOR,owned
me_land_0921,land,me_umbar_region,UMB,owned
me_land_0922,land,me_north_arnor_region,RAN,owned
me_land_0923,land,me_northern_wastes_region,WILD,wild_reviewed_frontier: the dragon-haunted Withered Heath remains unclaimed wilderness
me_land_0924,land,me_north_arnor_region,WILD,wild_unclaimed
me_land_0925,land,me_enedwaith_region,DUN,owned
me_land_0926,land,me_belfalas_region,DAM,owned
me_land_0927,land,me_ithilien_region,WILD,wild_ithilien
me_land_0928,land,me_lebennin_region,GON,owned
me_land_0929,land,me_rhun_region,RHU,owned
me_land_0930,land,me_shire_breeland_region,SHI,owned
me_land_0931,land,me_mordor_region,WILD,wild_unclaimed
me_land_0932,land,me_belfalas_region,DAM,owned
me_land_0933,land,me_shire_breeland_region,BRE,owned
me_land_0934,land,me_northern_wastes_region,WILD,wild_forodwaith
me_land_0935,land,me_enedwaith_region,WILD,wild_unclaimed
me_land_0936,land,me_lindon_region,LIN,owned
me_land_0937,land,me_mirkwood_region,WILD,wild_unclaimed
me_land_0938,land,me_umbar_region,UMB,owned
me_land_0939,land,me_umbar_region,UMB,owned
me_land_0940,land,me_rohan_region,ROH,owned
me_land_0941,land,me_enedwaith_region,WILD,wild_unclaimed
me_land_0942,land,me_north_arnor_region,WILD,wild_unclaimed
me_land_0943,land,me_ithilien_region,WILD,wild_ithilien
me_land_0944,land,me_rohan_region,ROH,owned
me_land_0945,land,me_mordor_region,MOR,owned
me_land_0946,land,me_mordor_region,WILD,wild_unclaimed
me_land_0947,land,me_anduin_vale_region,WILD,wild_unclaimed
me_land_0948,land,me_rhun_region,DOR,owned
me_land_0949,land,me_mordor_region,WILD,wild_unclaimed
me_land_0950,land,me_rohan_region,ROH,owned
me_land_0951,land,me_anduin_vale_region,WILD,wild_unclaimed
me_land_0952,land,me_brown_lands_region,WILD,wild_unclaimed
me_land_0953,land,me_mordor_region,WILD,wild_unclaimed
me_land_0954,land,me_near_harad_region,UMB,owned
me_land_0955,land,me_mordor_region,MOR,owned
me_land_0956,land,me_belfalas_region,GON,owned
me_land_0957,land,me_mordor_region,WILD,wild_unclaimed
me_land_0958,land,me_rohan_region,ROH,owned
me_land_0959,land,me_brown_lands_region,WILD,wild_unclaimed
me_land_0960,land,me_dale_region,WOO,owned
me_land_0961,land,me_mordor_region,MOR,owned
me_land_0962,land,me_lindon_region,BLU,owned
me_land_0963,land,me_rhun_region,DOR,owned
me_land_0964,land,me_mirkwood_region,WDM,owned
me_land_0965,land,me_far_harad_region,WILD,wild_unclaimed
me_land_0966,land,me_shire_breeland_region,SHI,owned
me_land_0967,land,me_brown_lands_region,WILD,wild_unclaimed
me_land_0968,land,me_enedwaith_region,WILD,wild_enedwaith
me_land_0969,land,me_brown_lands_region,WILD,wild_unclaimed
me_land_0970,land,me_north_arnor_region,WILD,wild_unclaimed
me_land_0971,land,me_dale_region,DAL,owned
me_land_0972,land,me_brown_lands_region,WILD,wild_buffer
me_land_0973,land,me_anduin_vale_region,WILD,wild_reviewed_component: east-of-crest highland beyond the compact Goblin-town holding
me_land_0974,land,me_rhun_region,RH2,owned
me_land_0975,land,me_angmar_region,WILD,wild_unclaimed
me_land_0976,land,me_northern_wastes_region,WILD,wild_forodwaith
me_land_0977,land,me_near_harad_region,UMB,owned
me_land_0978,land,me_rhun_region,RHU,owned
me_land_0979,land,me_rhun_region,RH2,owned
me_land_0980,land,me_enedwaith_region,WILD,wild_enedwaith
me_land_0981,land,me_mordor_region,WILD,wild_unclaimed
me_land_0982,land,me_anduin_vale_region,WILD,wild_unclaimed
me_land_0983,land,me_rhun_region,WILD,wild_unclaimed
me_land_0984,land,me_brown_lands_region,WILD,wild_unclaimed
me_land_0985,land,me_anduin_vale_region,FAN,owned
me_land_0986,land,me_enedwaith_region,WILD,wild_unclaimed
me_land_0987,land,me_far_harad_region,HFA,owned
me_land_0988,land,me_rhun_region,WILD,wild_unclaimed
me_land_0989,land,me_shire_breeland_region,SHI,owned
me_land_0990,land,me_mirkwood_region,WILD,wild_unclaimed
me_land_0991,land,me_anorien_region,GON,owned
me_land_0992,land,me_umbar_region,UMB,owned
me_land_0993,land,me_north_arnor_region,WILD,wild_unclaimed
me_land_0994,land,me_dale_region,DAL,owned
me_land_0995,land,me_brown_lands_region,WILD,wild_unclaimed
me_land_0996,land,me_rohan_region,ROH,owned
me_land_0997,land,me_north_arnor_region,WILD,wild_buffer
me_land_0998,land,me_shire_breeland_region,SHI,owned
me_land_0999,land,me_ithilien_region,WILD,wild_ithilien
me_land_1000,land,me_khand_region,KHA,owned
me_land_1001,land,me_rohan_region,ROH,owned
me_land_1002,land,me_enedwaith_region,WILD,wild_unclaimed
me_land_1003,land,me_rhun_region,RH3,owned
me_land_1004,land,me_lindon_region,BLU,owned
me_land_1005,land,me_dale_region,DAL,owned
me_land_1006,land,me_mordor_region,MOR,owned
me_land_1007,land,me_mordor_region,WILD,wild_unclaimed
me_land_1008,land,me_enedwaith_region,WILD,wild_enedwaith
me_land_1009,land,me_far_harad_region,HFA,owned
me_land_1010,land,me_angmar_region,WILD,wild_unclaimed
me_land_1011,land,me_mordor_region,MOR,owned
me_land_1012,land,me_rohan_region,ROH,owned
me_land_1013,land,me_belfalas_region,DAM,owned
me_land_1014,land,me_rhun_region,RHU,owned
me_land_1015,land,me_rhun_region,RHU,owned
me_land_1016,land,me_dale_region,ESG,owned
me_land_1017,land,me_mordor_region,WILD,wild_unclaimed
me_land_1018,land,me_enedwaith_region,WILD,wild_enedwaith
me_land_1019,land,me_south_gondor_region,GON,owned
me_land_1020,land,me_northern_wastes_region,WILD,wild_forodwaith
me_land_1021,land,me_north_arnor_region,WILD,wild_unclaimed
me_land_1022,land,me_shire_breeland_region,WILD,wild_reviewed_frontier: the haunted downs are outside compact inhabited Bree-land
me_land_1023,land,me_rhun_region,RHU,owned
me_land_1024,land,me_umbar_region,UMB,owned
me_land_1025,land,me_far_harad_region,HFA,owned
me_land_1026,land,me_ithilien_region,WILD,wild_ithilien
me_land_1027,land,me_rhun_region,RHU,owned
me_land_1028,land,me_enedwaith_region,WILD,wild_unclaimed
me_land_1029,land,me_mordor_region,MOR,owned
me_land_1030,land,me_near_harad_region,HRA,owned
me_land_1031,land,me_far_harad_region,HRA,owned
me_land_1032,land,me_enedwaith_region,WILD,wild_enedwaith
me_land_1033,land,me_belfalas_region,GON,owned
me_land_1034,land,me_rhun_region,RHU,owned
me_land_1035,land,me_rhun_region,RHU,owned
me_land_1036,land,me_mordor_region,MOR,owned
me_land_1037,land,me_rohan_region,FAN,owned
me_land_1038,land,me_belfalas_region,GON,owned
me_land_1039,land,me_umbar_region,UMB,owned
me_land_1040,land,me_mirkwood_region,WILD,wild_unclaimed
me_land_1041,land,me_northern_wastes_region,WILD,wild_forodwaith
me_land_1042,land,me_north_arnor_region,RIV,owned
me_land_1043,land,me_mirkwood_region,WILD,wild_unclaimed
me_land_1044,land,me_lebennin_region,GON,owned
me_land_1045,land,me_enedwaith_region,WILD,wild_buffer
me_land_1046,land,me_north_arnor_region,WILD,wild_unclaimed
me_land_1047,land,me_north_arnor_region,WILD,wild_buffer
me_land_1048,land,me_mordor_region,WILD,wild_unclaimed
me_land_1049,land,me_rohan_region,ROH,owned
me_land_1050,land,me_enedwaith_region,WILD,wild_unclaimed
me_land_1051,land,me_north_arnor_region,WILD,wild_unclaimed
me_land_1052,land,me_enedwaith_region,WILD,wild_unclaimed
me_land_1053,land,me_mirkwood_region,WDM,owned
me_land_1054,land,me_brown_lands_region,MOR,owned
me_land_1055,land,me_angmar_region,WILD,wild_unclaimed
me_land_1056,land,me_lindon_region,LIN,owned
me_land_1057,land,me_belfalas_region,DAM,owned
me_land_1058,land,me_south_gondor_region,GON,owned
me_land_1059,land,me_mirkwood_region,WILD,wild_unclaimed
me_land_1060,land,me_umbar_region,UMB,owned
me_land_1061,land,me_anduin_vale_region,WILD,wild_buffer
me_land_1062,land,me_shire_breeland_region,SHI,owned
me_land_1063,land,me_rhun_region,RH3,owned
me_land_1064,land,me_belfalas_region,DAM,owned
me_land_1065,land,me_enedwaith_region,WILD,wild_enedwaith
me_land_1066,land,me_umbar_region,UMB,owned
me_land_1067,land,me_near_harad_region,UMB,owned
me_land_1068,land,me_umbar_region,UMB,owned
me_land_1069,land,me_lebennin_region,GON,owned
me_land_1070,land,me_rohan_region,WILD,wild_reviewed_component: northern mountain-side spur beyond compact connected Nan Curunir
me_land_1071,land,me_enedwaith_region,WILD,wild_enedwaith
me_land_1072,land,me_lindon_region,LIN,owned
me_land_1073,land,me_shire_breeland_region,SHI,owned
me_land_1074,land,me_anorien_region,GON,owned
me_land_1075,land,me_brown_lands_region,WILD,wild_unclaimed
me_land_1076,land,me_northern_wastes_region,WILD,wild_forodwaith
me_land_1077,land,me_mordor_region,WILD,wild_unclaimed
me_land_1078,land,me_near_harad_region,HNE,owned
me_land_1079,land,me_mordor_region,MOR,owned
me_land_1080,land,me_north_arnor_region,WILD,wild_unclaimed
me_land_1081,land,me_lindon_region,LIN,owned
me_land_1082,land,me_northern_wastes_region,WILD,wild_forodwaith
me_land_1083,land,me_enedwaith_region,WILD,wild_unclaimed
me_land_1084,land,me_anorien_region,GON,owned
me_land_1085,land,me_belfalas_region,GON,owned
me_land_1086,land,me_north_arnor_region,WILD,wild_unclaimed
me_land_1087,land,me_lindon_region,BLU,owned
me_land_1088,land,me_mordor_region,MOR,owned
me_land_1089,land,me_lebennin_region,GON,owned
me_land_1090,land,me_umbar_region,UMB,owned
me_land_1091,land,me_shire_breeland_region,WILD,wild_buffer
me_land_1092,land,me_rhun_region,RH2,owned
me_land_1093,land,me_north_arnor_region,WILD,wild_unclaimed
me_land_1094,land,me_near_harad_region,HRA,owned
me_land_1095,land,me_mirkwood_region,DOL,owned
me_land_1096,land,me_far_harad_region,HFA,owned
me_land_1097,land,me_ithilien_region,WILD,wild_ithilien
me_land_1098,land,me_umbar_region,UMB,owned
me_land_1099,land,me_mirkwood_region,DOL,owned
me_land_1100,land,me_mordor_region,MOR,owned
me_land_1101,land,me_lebennin_region,GON,owned
me_land_1102,land,me_south_gondor_region,GON,owned
me_land_1103,land,me_northern_wastes_region,WILD,wild_forodwaith
me_land_1104,land,me_brown_lands_region,WILD,wild_unclaimed
me_land_1105,land,me_mordor_region,MOR,owned
me_land_1106,land,me_anorien_region,GON,owned
me_land_1107,land,me_south_gondor_region,GON,owned
me_land_1108,land,me_mordor_region,MOR,owned
me_land_1109,land,me_lebennin_region,GON,owned
me_land_1110,land,me_enedwaith_region,WILD,wild_unclaimed
me_land_1111,land,me_shire_breeland_region,BRE,owned
me_land_1112,land,me_mordor_region,MOR,owned
me_land_1113,land,me_grey_mountains_region,WILD,wild_unclaimed
me_land_1114,land,me_far_harad_region,WILD,wild_unclaimed
me_land_1115,land,me_grey_mountains_region,WILD,wild_unclaimed
me_land_1116,land,me_near_harad_region,HNE,owned
me_land_1117,land,me_rohan_region,ROH,owned
me_land_1118,land,me_anorien_region,GON,owned
me_land_1119,land,me_mordor_region,WILD,wild_unclaimed
me_land_1120,land,me_mirkwood_region,WILD,wild_unclaimed
me_land_1121,land,me_lindon_region,LIN,owned
me_land_1122,land,me_rohan_region,ROH,owned
me_land_1123,land,me_far_harad_region,HFA,owned
me_land_1124,land,me_umbar_region,UMB,owned
me_land_1125,land,me_belfalas_region,GON,owned
me_land_1126,land,me_mordor_region,WILD,wild_unclaimed
me_land_1127,land,me_far_harad_region,HRA,owned
me_land_1128,land,me_rohan_region,ROH,owned
me_land_1129,land,me_rohan_region,ROH,owned
me_land_1130,land,me_belfalas_region,GON,owned
me_land_1131,land,me_mordor_region,MOR,owned
me_land_1132,land,me_enedwaith_region,MOA,owned
me_land_1133,land,me_enedwaith_region,WILD,wild_enedwaith
me_land_1134,land,me_enedwaith_region,WILD,wild_unclaimed
me_land_1135,land,me_mirkwood_region,WOO,owned
me_land_1136,land,me_northern_wastes_region,WILD,wild_forodwaith
me_land_1137,land,me_mordor_region,MOR,owned
me_land_1138,land,me_mordor_region,MOR,owned
me_land_1139,land,me_rhun_region,RHU,owned
me_land_1140,land,me_mordor_region,WILD,wild_unclaimed
me_land_1141,land,me_north_arnor_region,WILD,wild_buffer
me_land_1142,land,me_belfalas_region,GON,owned
me_land_1143,land,me_rhun_region,RHU,owned
me_land_1144,land,me_rhun_region,IRO,owned
me_land_1145,land,me_brown_lands_region,WILD,wild_unclaimed
me_land_1146,land,me_enedwaith_region,WILD,wild_enedwaith
me_land_1147,land,me_anorien_region,GON,owned
me_land_1148,land,me_near_harad_region,UMB,owned
me_land_1149,land,me_rohan_region,ISE,owned
me_land_1150,land,me_north_arnor_region,WILD,wild_unclaimed
me_land_1151,land,me_north_arnor_region,WILD,wild_unclaimed
me_land_1152,land,me_north_arnor_region,WILD,wild_unclaimed
me_land_1153,land,me_north_arnor_region,WILD,wild_unclaimed
me_land_1154,land,me_khand_region,KHA,owned
me_land_1155,land,me_lindon_region,LIN,owned
me_land_1156,land,me_ithilien_region,WILD,wild_ithilien
me_land_1157,land,me_lebennin_region,GON,owned
me_land_1158,land,me_rhun_region,RH2,owned
me_land_1159,land,me_brown_lands_region,WILD,wild_unclaimed
me_land_1160,land,me_near_harad_region,HNE,owned
me_land_1161,land,me_lindon_region,LIN,owned
me_land_1162,land,me_rhun_region,RH3,owned
me_land_1163,land,me_mordor_region,WILD,wild_unclaimed
me_land_1164,land,me_rhun_region,WILD,wild_unclaimed
me_land_1165,land,me_mirkwood_region,WILD,wild_unclaimed
me_land_1166,land,me_rhun_region,DOR,owned
me_land_1167,land,me_mirkwood_region,WILD,wild_unclaimed
me_land_1168,land,me_northern_wastes_region,WILD,wild_forodwaith
me_land_1169,land,me_south_gondor_region,GON,owned
me_land_1170,land,me_angmar_region,WILD,wild_unclaimed
me_land_1171,land,me_ithilien_region,WILD,wild_ithilien
me_land_1172,land,me_rhun_region,WILD,wild_unclaimed
me_land_1173,land,me_rhun_region,WILD,wild_unclaimed
me_land_1174,land,me_far_harad_region,WILD,wild_unclaimed
me_land_1175,land,me_umbar_region,UMB,owned
me_land_1176,land,me_shire_breeland_region,WILD,wild_buffer
me_land_1177,land,me_south_gondor_region,GON,owned
me_land_1178,land,me_mordor_region,WILD,wild_unclaimed
me_land_1179,land,me_enedwaith_region,WILD,wild_enedwaith
me_land_1180,land,me_grey_mountains_region,GUN,owned
me_land_1181,land,me_ithilien_region,WILD,wild_ithilien
me_land_1182,land,me_lindon_region,BLU,owned
me_land_1183,land,me_brown_lands_region,WILD,wild_unclaimed
me_land_1184,land,me_rhun_region,RHU,owned
me_land_1185,land,me_mordor_region,WILD,wild_unclaimed
me_land_1186,land,me_northern_wastes_region,WILD,wild_forodwaith
me_land_1187,land,me_mordor_region,MOR,owned
me_land_1188,land,me_belfalas_region,GON,owned
me_land_1189,land,me_north_arnor_region,WILD,wild_unclaimed
me_land_1190,land,me_forochel_region,LOS,owned
me_land_1191,land,me_umbar_region,UMB,owned
me_land_1192,land,me_enedwaith_region,WILD,wild_unclaimed
me_land_1193,land,me_rhun_region,DOR,owned
me_land_1194,land,me_mordor_region,MOR,owned
me_land_1195,land,me_shire_breeland_region,SHI,owned
me_land_1196,land,me_rohan_region,ROH,owned
me_land_1197,land,me_umbar_region,UMB,owned
me_land_1198,land,me_rohan_region,ROH,owned
me_land_1199,land,me_khand_region,WILD,wild_unclaimed
me_land_1200,land,me_far_harad_region,WILD,wild_unclaimed
me_land_1201,land,me_mirkwood_region,DOL,owned
me_land_1202,land,me_khand_region,KHA,owned
me_land_1203,land,me_khand_region,KHA,owned
me_land_1204,land,me_brown_lands_region,WILD,wild_unclaimed
me_land_1205,land,me_enedwaith_region,WILD,wild_unclaimed
me_land_1206,land,me_belfalas_region,GON,owned
me_land_1207,land,me_belfalas_region,DAM,owned
me_land_1208,land,me_mordor_region,WILD,wild_unclaimed
me_land_1209,land,me_northern_wastes_region,WILD,wild_forodwaith
me_land_1210,land,me_northern_wastes_region,WILD,wild_forodwaith
me_land_1211,land,me_mordor_region,WILD,wild_unclaimed
me_land_1212,land,me_north_arnor_region,WILD,wild_unclaimed
me_land_1213,land,me_belfalas_region,GON,owned
me_land_1214,land,me_mordor_region,WILD,wild_unclaimed
me_land_1215,land,me_far_harad_region,HRA,owned
me_land_1216,land,me_lindon_region,LIN,owned
me_land_1217,land,me_anorien_region,GON,owned
me_land_1218,land,me_far_harad_region,HRA,owned
me_land_1219,land,me_far_harad_region,HFA,owned
me_land_1220,land,me_rhun_region,RH2,owned
me_land_1221,land,me_mordor_region,MOR,owned
me_land_1222,land,me_northern_wastes_region,WILD,wild_forodwaith
me_land_1223,land,me_north_arnor_region,WILD,wild_unclaimed
me_land_1224,land,me_north_arnor_region,WILD,wild_unclaimed
me_land_1225,land,me_angmar_region,WILD,wild_unclaimed
me_land_1226,land,me_far_harad_region,WILD,wild_unclaimed
me_land_1227,land,me_mordor_region,MOR,owned
me_land_1228,land,me_anorien_region,GON,owned
me_land_1229,land,me_rhun_region,WILD,wild_unclaimed
me_land_1230,land,me_mordor_region,WILD,wild_unclaimed
me_land_1231,land,me_mordor_region,MOR,owned
me_land_1232,land,me_far_harad_region,HFA,owned
me_land_1233,land,me_brown_lands_region,WILD,wild_unclaimed
me_land_1234,land,me_brown_lands_region,WILD,wild_unclaimed
me_land_1235,land,me_lindon_region,LIN,owned
me_land_1236,land,me_mordor_region,MOR,owned
me_land_1237,land,me_umbar_region,UMB,owned
me_land_1238,land,me_rhun_region,RH2,owned
me_land_1239,land,me_rohan_region,ROH,owned
me_land_1240,land,me_rohan_region,ROH,owned
me_land_1241,land,me_north_arnor_region,WILD,wild_unclaimed
me_land_1242,land,me_rhun_region,RH2,owned
me_land_1243,land,me_northern_wastes_region,WILD,wild_forodwaith
me_land_1244,land,me_near_harad_region,HNE,owned
me_land_1245,land,me_enedwaith_region,WILD,wild_unclaimed
me_land_1246,land,me_belfalas_region,DAM,owned
me_land_1247,land,me_mirkwood_region,DOL,owned
me_land_1248,land,me_anduin_vale_region,MOA,owned
me_land_1249,land,me_rohan_region,ROH,owned
me_land_1250,land,me_khand_region,KHA,owned
me_land_1251,land,me_north_arnor_region,ANG,owned
me_land_1252,land,me_near_harad_region,UMB,owned
me_land_1253,land,me_shire_breeland_region,SHI,owned
me_land_1254,land,me_umbar_region,UMB,owned
me_land_1255,land,me_anduin_vale_region,BEO,owned
me_land_1256,land,me_north_arnor_region,WILD,wild_buffer
me_land_1257,land,me_north_arnor_region,WILD,wild_unclaimed
me_land_1258,land,me_rhun_region,WILD,wild_unclaimed
me_land_1259,land,me_ithilien_region,WILD,wild_ithilien
me_land_1260,land,me_anduin_vale_region,LOR,owned
me_land_1261,land,me_northern_wastes_region,WILD,wild_forodwaith
me_land_1262,land,me_rhun_region,RHU,owned
me_land_1263,land,me_rhun_region,WILD,wild_unclaimed
me_land_1264,land,me_grey_mountains_region,WILD,"wild_reviewed_frontier: Framsburg is a deserted Eotheod ruin, not part of Gundabad's orc domain"
me_land_1265,land,me_rhun_region,RHU,owned
me_land_1266,land,me_belfalas_region,DAM,owned
me_land_1267,land,me_angmar_region,GUN,owned
me_land_1268,land,me_northern_wastes_region,WILD,wild_forodwaith
me_land_1269,land,me_anorien_region,GON,owned
me_land_1270,land,me_belfalas_region,GON,owned
me_land_1271,land,me_mordor_region,MOR,owned
me_land_1272,land,me_brown_lands_region,WILD,wild_unclaimed
me_land_1273,land,me_enedwaith_region,DUN,owned
me_land_1274,land,me_ithilien_region,WILD,wild_ithilien
me_land_1275,land,me_rhun_region,WILD,wild_unclaimed
me_land_1276,land,me_rohan_region,ROH,owned
me_land_1277,land,me_brown_lands_region,WILD,wild_unclaimed
me_land_1278,land,me_brown_lands_region,WILD,wild_unclaimed
me_land_1279,land,me_rhun_region,RHU,owned
me_land_1280,land,me_belfalas_region,GON,owned
me_land_1281,land,me_mordor_region,WILD,wild_unclaimed
me_land_1282,land,me_forochel_region,LOS,owned
me_land_1283,land,me_north_arnor_region,WILD,wild_unclaimed
me_land_1284,land,me_mirkwood_region,DOL,owned
me_land_1285,land,me_anorien_region,GON,owned
me_land_1286,land,me_belfalas_region,GON,owned
me_land_1287,land,me_rohan_region,FAN,owned
me_land_1288,land,me_ithilien_region,WILD,wild_ithilien
me_land_1289,land,me_enedwaith_region,WILD,wild_unclaimed
me_land_1290,land,me_dale_region,WOO,owned
me_land_1291,land,me_rhun_region,RH3,owned
me_land_1292,land,me_umbar_region,UMB,owned
me_land_1293,land,me_mordor_region,WILD,wild_unclaimed
me_land_1294,land,me_shire_breeland_region,WILD,wild_buffer
me_land_1295,land,me_northern_wastes_region,WILD,wild_forodwaith
me_land_1296,land,me_rhun_region,WILD,wild_unclaimed
me_land_1297,land,me_near_harad_region,HRA,owned
me_land_1298,land,me_enedwaith_region,WILD,wild_enedwaith
me_land_1299,land,me_rhun_region,DOR,owned
me_land_1300,land,me_lindon_region,LIN,owned
me_land_1301,land,me_mordor_region,WILD,wild_unclaimed
me_land_1302,land,me_mordor_region,WILD,wild_unclaimed
me_land_1303,land,me_mordor_region,WILD,wild_unclaimed
me_land_1304,land,me_anduin_vale_region,BEO,owned
me_land_1305,land,me_lebennin_region,GON,owned
me_land_1306,land,me_rhun_region,DOR,owned
me_land_1307,land,me_belfalas_region,DAM,owned
me_land_1308,land,me_mordor_region,WILD,wild_unclaimed
me_land_1309,land,me_enedwaith_region,WILD,wild_unclaimed
me_land_1310,land,me_brown_lands_region,WILD,wild_unclaimed
me_land_1311,land,me_lindon_region,LIN,owned
me_land_1312,land,me_belfalas_region,GON,owned
me_land_1313,land,me_enedwaith_region,WILD,wild_unclaimed
me_land_1314,land,me_lindon_region,LIN,owned
me_land_1315,land,me_rhun_region,RHU,owned
me_land_1316,land,me_rhun_region,RH2,owned
me_land_1317,land,me_mordor_region,MOR,owned
me_land_1318,land,me_umbar_region,UMB,owned
me_land_1319,land,me_enedwaith_region,WILD,wild_unclaimed
me_land_1320,land,me_mordor_region,WILD,wild_unclaimed
me_land_1321,land,me_rohan_region,ROH,owned
me_land_1322,land,me_anduin_vale_region,WILD,wild_unclaimed
me_land_1323,land,me_enedwaith_region,WILD,wild_enedwaith
me_land_1324,land,me_lebennin_region,GON,owned
me_land_1325,land,me_north_arnor_region,WILD,wild_unclaimed
me_land_1326,land,me_mordor_region,WILD,wild_unclaimed
me_land_1327,land,me_mordor_region,MOR,owned
me_land_1328,land,me_enedwaith_region,DUN,owned
me_land_1329,land,me_enedwaith_region,WILD,wild_enedwaith
me_land_1330,land,me_northern_wastes_region,WILD,wild_forodwaith
me_land_1331,land,me_mirkwood_region,WDM,owned
me_land_1332,land,me_northern_wastes_region,WILD,wild_forodwaith
me_land_1333,land,me_mordor_region,WILD,wild_unclaimed
me_land_1334,land,me_shire_breeland_region,BRE,owned
me_land_1335,land,me_angmar_region,GUN,owned
me_land_1336,land,me_near_harad_region,HRA,owned
me_land_1337,land,me_enedwaith_region,WILD,wild_unclaimed
me_land_1338,land,me_mordor_region,WILD,wild_unclaimed
me_land_1339,land,me_brown_lands_region,WILD,wild_unclaimed
me_land_1340,land,me_north_arnor_region,WILD,wild_unclaimed
me_land_1341,land,me_dale_region,DAL,owned
me_land_1342,land,me_mordor_region,WILD,wild_unclaimed
me_land_1343,land,me_rhun_region,RHU,owned
me_land_1344,land,me_umbar_region,UMB,owned
me_land_1345,land,me_lebennin_region,GON,owned
me_land_1346,land,me_shire_breeland_region,WILD,wild_reviewed_component: east of the reviewed Brandywine Shire claim at the Bree frontier
me_land_1347,land,me_khand_region,KHA,owned
me_land_1348,land,me_mordor_region,MOR,owned
me_land_1349,land,me_north_arnor_region,WILD,wild_unclaimed
me_land_1350,land,me_mordor_region,WILD,wild_unclaimed
me_land_1351,land,me_northern_wastes_region,WILD,wild_reviewed_frontier: the abandoned Grey Mountain dwarf-holds have no TA 3018 ruler
me_land_1352,land,me_mordor_region,MOR,owned
me_land_1353,land,me_rohan_region,ROH,owned
me_land_1354,land,me_far_harad_region,WILD,wild_unclaimed
me_land_1355,land,me_belfalas_region,GON,owned
me_land_1356,land,me_umbar_region,UMB,owned
me_land_1357,land,me_mordor_region,WILD,wild_unclaimed
me_land_1358,land,me_north_arnor_region,WILD,wild_unclaimed
me_land_1359,land,me_mordor_region,MOR,owned
me_land_1360,land,me_near_harad_region,HRA,owned
me_land_1361,land,me_enedwaith_region,WILD,wild_enedwaith
me_land_1362,land,me_north_arnor_region,WILD,wild_unclaimed
me_land_1363,land,me_lebennin_region,GON,owned
me_land_1364,land,me_mordor_region,MOR,owned
me_land_1365,land,me_mirkwood_region,WILD,wild_unclaimed
me_land_1366,land,me_rhun_region,WILD,wild_unclaimed
me_land_1367,land,me_umbar_region,UMB,owned
me_land_1368,land,me_rohan_region,ROH,owned
me_land_1369,land,me_far_harad_region,HFA,owned
me_land_1370,land,me_north_arnor_region,WILD,wild_unclaimed
me_land_1371,land,me_rhun_region,WILD,wild_unclaimed
me_land_1372,land,me_rhun_region,IRO,owned
me_land_1373,land,me_mirkwood_region,WOO,owned
me_land_1374,land,me_near_harad_region,WILD,wild_unclaimed
me_land_1375,land,me_brown_lands_region,WILD,wild_unclaimed
me_land_1376,land,me_rohan_region,ROH,owned
me_land_1377,land,me_rhun_region,WILD,wild_unclaimed
me_land_1378,land,me_rhun_region,WILD,wild_unclaimed
me_land_1379,land,me_northern_wastes_region,WILD,wild_forodwaith
me_land_1380,land,me_enedwaith_region,WILD,wild_enedwaith
me_land_1381,land,me_north_arnor_region,WILD,wild_unclaimed
me_land_1382,land,me_enedwaith_region,WILD,wild_enedwaith
me_land_1383,land,me_enedwaith_region,WILD,wild_unclaimed
me_land_1384,land,me_north_arnor_region,WILD,wild_unclaimed
me_land_1385,land,me_near_harad_region,HNE,owned
me_land_1386,land,me_anduin_vale_region,BEO,owned
me_land_1387,land,me_near_harad_region,HNE,owned
me_land_1388,land,me_northern_wastes_region,WILD,wild_forodwaith
me_land_1389,land,me_lindon_region,LIN,owned
me_land_1390,land,me_north_arnor_region,WILD,wild_unclaimed
me_land_1391,land,me_north_arnor_region,WILD,wild_unclaimed
me_land_1392,land,me_rhun_region,RH2,owned
me_land_1393,land,me_belfalas_region,DAM,owned
me_land_1394,land,me_rhun_region,RH2,owned
me_land_1395,land,me_brown_lands_region,WILD,wild_unclaimed
me_land_1396,land,me_lebennin_region,GON,owned
me_land_1397,land,me_rhun_region,DOR,owned
me_land_1398,land,me_mordor_region,WILD,wild_unclaimed
me_land_1399,land,me_northern_wastes_region,WILD,wild_forodwaith
me_land_1400,land,me_shire_breeland_region,BRE,owned
me_land_1401,land,me_rhun_region,WILD,wild_unclaimed
me_land_1402,land,me_brown_lands_region,WILD,wild_unclaimed
me_land_1403,land,me_khand_region,KHA,owned
me_land_1404,land,me_belfalas_region,DAM,owned
me_land_1405,land,me_rhun_region,RHU,owned
me_land_1406,land,me_lebennin_region,GON,owned
me_land_1407,land,me_northern_wastes_region,WILD,wild_forodwaith
me_land_1408,land,me_near_harad_region,HRA,owned
me_land_1409,land,me_far_harad_region,WILD,wild_unclaimed
me_land_1410,land,me_mordor_region,WILD,wild_unclaimed
me_land_1411,land,me_enedwaith_region,WILD,wild_enedwaith
me_land_1412,land,me_rhun_region,WILD,wild_unclaimed
me_land_1413,land,me_umbar_region,UMB,owned
me_land_1414,land,me_mordor_region,MOR,owned
me_land_1415,land,me_enedwaith_region,WILD,wild_unclaimed
me_land_1416,land,me_rhun_region,WILD,wild_unclaimed
me_land_1417,land,me_umbar_region,UMB,owned
me_land_1418,land,me_northern_wastes_region,WILD,wild_forodwaith
me_land_1419,land,me_far_harad_region,WILD,wild_unclaimed
me_land_1420,land,me_rhun_region,RH2,owned
me_land_1421,land,me_umbar_region,UMB,owned
me_land_1422,land,me_belfalas_region,DAM,owned
me_land_1423,land,me_rhun_region,WILD,wild_unclaimed
me_land_1424,land,me_khand_region,KHA,owned
me_land_1425,land,me_shire_breeland_region,SHI,owned
me_land_1426,land,me_mordor_region,MOR,owned
me_land_1427,land,me_dale_region,ESG,owned
me_land_1428,land,me_mordor_region,MOR,owned
me_land_1429,land,me_lindon_region,LIN,owned
me_land_1430,land,me_anduin_vale_region,WILD,wild_buffer
me_land_1431,land,me_belfalas_region,GON,owned
me_land_1432,land,me_mordor_region,MOR,owned
me_land_1433,land,me_ithilien_region,WILD,wild_ithilien
me_land_1434,land,me_forochel_region,LOS,owned
me_land_1435,land,me_rohan_region,ROH,owned
me_land_1436,land,me_far_harad_region,WILD,wild_unclaimed
me_land_1437,land,me_mirkwood_region,WILD,wild_unclaimed
me_land_1438,land,me_anduin_vale_region,WILD,wild_buffer
me_land_1439,land,me_mordor_region,WILD,wild_unclaimed
me_land_1440,land,me_rhun_region,RHU,owned
me_land_1441,land,me_north_arnor_region,WILD,wild_unclaimed
me_land_1442,land,me_south_gondor_region,GON,owned
me_land_1443,land,me_mirkwood_region,WOO,owned
me_land_1444,land,me_enedwaith_region,WILD,wild_unclaimed
me_land_1445,land,me_far_harad_region,WILD,wild_unclaimed
me_land_1446,land,me_enedwaith_region,WILD,wild_unclaimed
me_land_1447,land,me_north_arnor_region,WILD,wild_unclaimed
me_land_1448,land,me_mordor_region,WILD,wild_unclaimed
me_land_1449,land,me_forochel_region,LOS,owned
me_land_1450,land,me_rhun_region,RHU,owned
me_land_1451,land,me_mirkwood_region,WOO,owned
me_land_1452,land,me_rhun_region,WILD,wild_unclaimed
me_land_1453,land,me_lindon_region,LIN,owned
me_land_1454,land,me_mirkwood_region,WILD,wild_unclaimed
me_land_1455,land,me_north_arnor_region,GOB,owned
me_land_1456,land,me_lebennin_region,GON,owned
me_land_1457,land,me_north_arnor_region,WILD,wild_unclaimed
me_land_1458,land,me_brown_lands_region,WILD,wild_unclaimed
me_land_1459,land,me_lebennin_region,GON,owned
me_land_1460,land,me_mordor_region,WILD,wild_unclaimed
me_land_1461,land,me_rhun_region,RHU,owned
me_land_1462,land,me_anduin_vale_region,BEO,owned
me_land_1463,land,me_brown_lands_region,WILD,wild_unclaimed
me_land_1464,land,me_rhun_region,RHU,owned
me_land_1465,land,me_north_arnor_region,WILD,wild_unclaimed
me_land_1466,land,me_mordor_region,WILD,wild_unclaimed
me_land_1467,land,me_mordor_region,WILD,wild_unclaimed
me_land_1468,land,me_rhun_region,RHU,owned
me_land_1469,land,me_north_arnor_region,RAN,owned
me_land_1470,land,me_mordor_region,MOR,owned
me_land_1471,land,me_mordor_region,WILD,wild_unclaimed
me_land_1472,land,me_mordor_region,WILD,wild_unclaimed
me_land_1473,land,me_belfalas_region,GON,owned
me_land_1474,land,me_brown_lands_region,WILD,wild_unclaimed
me_land_1475,land,me_shire_breeland_region,SHI,owned
me_land_1476,land,me_enedwaith_region,WILD,wild_unclaimed
me_land_1477,land,me_mordor_region,MOR,owned
me_land_1478,land,me_khand_region,WILD,wild_unclaimed
me_land_1479,land,me_anduin_vale_region,FAN,owned
me_land_1480,land,me_north_arnor_region,WILD,wild_unclaimed
me_land_1481,land,me_north_arnor_region,WILD,wild_unclaimed
me_land_1482,land,me_rhun_region,RHU,owned
me_land_1483,land,me_anduin_vale_region,BEO,owned
me_land_1484,land,me_khand_region,WILD,wild_unclaimed
me_land_1485,land,me_shire_breeland_region,WILD,wild_unclaimed
me_land_1486,land,me_near_harad_region,WILD,wild_unclaimed
me_land_1487,land,me_rhun_region,DOR,owned
me_land_1488,land,me_mirkwood_region,WILD,wild_unclaimed
me_land_1489,land,me_rhun_region,WILD,wild_unclaimed
me_land_1490,land,me_umbar_region,UMB,owned
me_land_1491,land,me_lebennin_region,GON,owned
me_land_1492,land,me_shire_breeland_region,WILD,wild_unclaimed
me_land_1493,land,me_dale_region,WOO,owned
me_land_1494,land,me_mordor_region,WILD,wild_unclaimed
me_land_1495,land,me_north_arnor_region,WILD,wild_unclaimed
me_land_1496,land,me_rohan_region,ROH,owned
me_land_1497,land,me_umbar_region,UMB,owned
me_land_1498,land,me_rohan_region,ROH,owned
me_land_1499,land,me_mordor_region,MOR,owned
me_land_1500,land,me_grey_mountains_region,WILD,wild_unclaimed
me_land_1501,land,me_enedwaith_region,WILD,wild_unclaimed
me_land_1502,land,me_anduin_vale_region,WILD,wild_unclaimed
me_land_1503,land,me_rhun_region,RH2,owned
me_land_1504,land,me_rhun_region,IRO,owned
me_land_1505,land,me_khand_region,WILD,wild_unclaimed
me_land_1506,land,me_belfalas_region,GON,owned
me_land_1507,land,me_rhun_region,WILD,wild_unclaimed
me_land_1508,land,me_rhun_region,RHU,owned
me_land_1509,land,me_enedwaith_region,WILD,wild_enedwaith
me_land_1510,land,me_khand_region,KHA,owned
me_land_1511,land,me_near_harad_region,UMB,owned
me_land_1512,land,me_near_harad_region,HNE,owned
me_land_1513,land,me_northern_wastes_region,WILD,wild_forodwaith
me_land_1514,land,me_lebennin_region,GON,owned
me_land_1515,land,me_shire_breeland_region,SHI,owned
me_land_1516,land,me_enedwaith_region,WILD,wild_unclaimed
me_land_1517,land,me_north_arnor_region,WILD,wild_unclaimed
me_land_1518,land,me_northern_wastes_region,WILD,wild_forodwaith
me_land_1519,land,me_far_harad_region,WILD,wild_unclaimed
me_land_1520,land,me_south_gondor_region,GON,owned
me_land_1521,land,me_brown_lands_region,WILD,wild_unclaimed
me_land_1522,land,me_mordor_region,WILD,wild_unclaimed
me_land_1523,land,me_mirkwood_region,WDM,owned
me_land_1524,land,me_rhun_region,RHU,owned
me_land_1525,land,me_rohan_region,ROH,owned
me_land_1526,land,me_enedwaith_region,WILD,wild_enedwaith
me_land_1527,land,me_rhun_region,RH2,owned
me_land_1528,land,me_rhun_region,DOR,owned
me_land_1529,land,me_near_harad_region,HNE,owned
me_land_1530,land,me_near_harad_region,HNE,owned
me_land_1531,land,me_northern_wastes_region,WILD,wild_forodwaith
me_land_1532,land,me_mordor_region,MOR,owned
me_land_1533,land,me_rohan_region,ISE,owned
me_land_1534,land,me_rhun_region,WILD,wild_unclaimed
me_land_1535,land,me_anduin_vale_region,FAN,owned
me_land_1536,land,me_northern_wastes_region,WILD,wild_forodwaith
me_land_1537,land,me_belfalas_region,GON,owned
me_land_1538,land,me_far_harad_region,HRA,owned
me_land_1539,land,me_south_gondor_region,GON,owned
me_land_1540,land,me_enedwaith_region,WILD,wild_unclaimed
me_land_1541,land,me_far_harad_region,HFA,owned
me_land_1542,land,me_umbar_region,UMB,owned
me_land_1543,land,me_lebennin_region,GON,owned
me_land_1544,land,me_north_arnor_region,WILD,wild_unclaimed
me_land_1545,land,me_lebennin_region,GON,owned
me_land_1546,land,me_rohan_region,FAN,owned
me_land_1547,land,me_belfalas_region,DAM,owned
me_land_1548,land,me_ithilien_region,GON,owned
me_land_1549,land,me_near_harad_region,WILD,wild_unclaimed
me_land_1550,land,me_mirkwood_region,WDM,owned
me_land_1551,land,me_lebennin_region,GON,owned
me_land_1552,land,me_anduin_vale_region,WILD,wild_unclaimed
me_land_1553,land,me_belfalas_region,DAM,owned
me_land_1554,land,me_rohan_region,ROH,owned
me_land_1555,land,me_rhun_region,RH3,owned
me_land_1556,land,me_lebennin_region,GON,owned
me_land_1557,land,me_brown_lands_region,WILD,wild_unclaimed
me_land_1558,land,me_mordor_region,MOR,owned
me_land_1559,land,me_khand_region,KHA,owned
me_land_1560,land,me_rhun_region,RH3,owned
me_land_1561,land,me_brown_lands_region,WILD,wild_unclaimed
me_land_1562,land,me_forochel_region,LOS,owned
me_land_1563,land,me_belfalas_region,GON,owned
me_land_1564,land,me_mordor_region,WILD,wild_unclaimed
me_land_1565,land,me_rohan_region,ROH,owned
me_land_1566,land,me_enedwaith_region,WILD,wild_unclaimed
me_land_1567,land,me_mordor_region,WILD,wild_unclaimed
me_land_1568,land,me_anduin_vale_region,LOR,owned
me_land_1569,land,me_far_harad_region,HFA,owned
me_land_1570,land,me_enedwaith_region,WILD,wild_enedwaith
me_land_1571,land,me_grey_mountains_region,GUN,owned
me_land_1572,land,me_anorien_region,GON,owned
me_land_1573,land,me_mordor_region,MOR,owned
me_land_1574,land,me_rohan_region,ROH,owned
me_land_1575,land,me_mordor_region,WILD,wild_unclaimed
me_land_1576,land,me_north_arnor_region,WILD,wild_unclaimed
me_land_1577,land,me_mordor_region,MOR,owned
me_land_1578,land,me_northern_wastes_region,WILD,wild_forodwaith
me_land_1579,land,me_north_arnor_region,GOB,owned
me_land_1580,land,me_belfalas_region,DAM,owned
me_land_1581,land,me_belfalas_region,DAM,owned
me_land_1582,land,me_mordor_region,WILD,wild_unclaimed
me_land_1583,land,me_rhun_region,RH3,owned
me_land_1584,land,me_mordor_region,MOR,owned
me_land_1585,land,me_khand_region,KHA,owned
me_land_1586,land,me_far_harad_region,HFA,owned
me_land_1587,land,me_rhun_region,WILD,wild_unclaimed
me_land_1588,land,me_mirkwood_region,WOO,owned
me_land_1589,land,me_shire_breeland_region,SHI,owned
me_land_1590,land,me_rhun_region,DOR,owned
me_land_1591,land,me_lebennin_region,GON,owned
me_land_1592,land,me_rohan_region,ROH,owned
me_land_1593,land,me_lebennin_region,GON,owned
me_land_1594,land,me_anduin_vale_region,BEO,owned
me_land_1595,land,me_brown_lands_region,WILD,wild_unclaimed
me_land_1596,land,me_mirkwood_region,BEO,owned
me_land_1597,land,me_mordor_region,MOR,owned
me_land_1598,land,me_mordor_region,MOR,owned
me_land_1599,land,me_rhun_region,RHU,owned
me_land_1600,land,me_anduin_vale_region,WILD,wild_unclaimed
me_land_1601,land,me_far_harad_region,HFA,owned
me_land_1602,land,me_south_gondor_region,GON,owned
me_land_1603,land,me_khand_region,WILD,wild_unclaimed
me_land_1604,land,me_near_harad_region,UMB,owned
me_land_1605,land,me_rohan_region,ROH,owned
me_land_1606,land,me_rhun_region,RHU,owned
me_land_1607,land,me_rhun_region,IRO,owned
me_land_1608,land,me_lindon_region,LIN,owned
me_land_1609,land,me_anduin_vale_region,BEO,owned
me_land_1610,land,me_enedwaith_region,WILD,wild_unclaimed
me_land_1611,land,me_shire_breeland_region,SHI,owned
me_land_1612,land,me_northern_wastes_region,WILD,wild_forodwaith
me_land_1613,land,me_khand_region,KHA,owned
me_land_1614,land,me_khand_region,KHA,owned
me_land_1615,land,me_anorien_region,GON,owned
me_land_1616,land,me_lindon_region,LIN,owned
me_land_1617,land,me_rohan_region,ROH,owned
me_land_1618,land,me_lindon_region,LIN,owned
me_land_1619,land,me_mordor_region,WILD,wild_unclaimed
me_land_1620,land,me_north_arnor_region,WILD,wild_unclaimed
me_land_1621,land,me_lindon_region,BLU,owned
me_land_1622,land,me_anduin_vale_region,LOR,owned
me_land_1623,land,me_anorien_region,GON,owned
me_land_1624,land,me_northern_wastes_region,WILD,wild_forodwaith
me_land_1625,land,me_dale_region,WOO,owned
me_land_1626,land,me_rhun_region,IRO,owned
me_land_1627,land,me_rhun_region,RH3,owned
me_land_1628,land,me_rohan_region,ROH,owned
me_land_1629,land,me_north_arnor_region,WILD,wild_unclaimed
me_land_1630,land,me_rhun_region,WILD,wild_unclaimed
me_land_1631,land,me_belfalas_region,DAM,owned
me_land_1632,land,me_enedwaith_region,WILD,wild_unclaimed
me_land_1633,land,me_anorien_region,GON,owned
me_land_1634,land,me_enedwaith_region,WILD,wild_enedwaith
me_land_1635,land,me_khand_region,KHA,owned
me_land_1636,land,me_anduin_vale_region,GOB,owned
me_land_1637,land,me_umbar_region,UMB,owned
me_land_1638,land,me_north_arnor_region,WILD,wild_unclaimed
me_land_1639,land,me_umbar_region,UMB,owned
me_land_1640,land,me_north_arnor_region,WILD,wild_unclaimed
me_land_1641,land,me_mordor_region,MOR,owned
me_land_1642,land,me_ithilien_region,WILD,wild_ithilien
me_land_1643,land,me_enedwaith_region,WILD,wild_unclaimed
me_land_1644,land,me_enedwaith_region,WILD,wild_unclaimed
me_land_1645,land,me_northern_wastes_region,WILD,wild_forodwaith
me_land_1646,land,me_far_harad_region,HRA,owned
me_land_1647,land,me_mordor_region,MOR,owned
me_land_1648,land,me_mordor_region,MOR,owned
me_land_1649,land,me_rhun_region,RH2,owned
me_land_1650,land,me_rhun_region,RH3,owned
me_land_1651,land,me_lindon_region,LIN,owned
me_land_1652,land,me_rhun_region,RH3,owned
me_land_1653,land,me_mordor_region,MOR,owned
me_land_1654,land,me_rhun_region,WILD,wild_unclaimed
me_land_1655,land,me_rhun_region,RHU,owned
me_land_1656,land,me_belfalas_region,DAM,owned
me_land_1657,land,me_enedwaith_region,WILD,wild_unclaimed
me_land_1658,land,me_northern_wastes_region,WILD,wild_forodwaith
me_land_1659,land,me_enedwaith_region,WILD,wild_unclaimed
me_land_1660,land,me_enedwaith_region,WILD,wild_buffer
me_land_1661,land,me_mordor_region,MOR,owned
me_land_1662,land,me_mordor_region,MOR,owned
me_land_1663,land,me_mordor_region,WILD,wild_unclaimed
me_land_1664,land,me_mordor_region,MOR,owned
me_land_1665,land,me_rhun_region,RHU,owned
me_land_1666,land,me_belfalas_region,GON,owned
me_land_1667,land,me_shire_breeland_region,SHI,owned
me_land_1668,land,me_near_harad_region,UMB,owned
me_land_1669,land,me_enedwaith_region,WILD,wild_buffer
me_land_1670,land,me_shire_breeland_region,SHI,owned
me_land_1671,land,me_mirkwood_region,WOO,owned
me_land_1672,land,me_rohan_region,ROH,owned
me_land_1673,land,me_lindon_region,LIN,owned
me_land_1674,land,me_shire_breeland_region,SHI,owned
me_land_1675,land,me_enedwaith_region,WILD,wild_enedwaith
me_land_1676,land,me_north_arnor_region,WILD,wild_unclaimed
me_land_1677,land,me_anorien_region,GON,owned
me_land_1678,land,me_rhun_region,RH2,owned
me_land_1679,land,me_near_harad_region,HRA,owned
me_land_1680,land,me_northern_wastes_region,WILD,wild_forodwaith
me_land_1681,land,me_mordor_region,WILD,wild_unclaimed
me_land_1682,land,me_rohan_region,ROH,owned
me_land_1683,land,me_mordor_region,MOR,owned
me_land_1684,land,me_enedwaith_region,WILD,wild_enedwaith
me_land_1685,land,me_rhun_region,WILD,wild_unclaimed
me_land_1686,land,me_forochel_region,LOS,owned
me_land_1687,land,me_rohan_region,ROH,owned
me_land_1688,land,me_northern_wastes_region,WILD,wild_forodwaith
me_land_1689,land,me_belfalas_region,GON,owned
me_land_1690,land,me_north_arnor_region,WILD,wild_unclaimed
me_land_1691,land,me_angmar_region,WILD,wild_unclaimed
me_land_1692,land,me_near_harad_region,UMB,owned
me_land_1693,land,me_rhun_region,RHU,owned
me_land_1694,land,me_brown_lands_region,WILD,wild_unclaimed
me_land_1695,land,me_brown_lands_region,WILD,wild_unclaimed
me_land_1696,land,me_south_gondor_region,GON,owned
me_land_1697,land,me_anduin_vale_region,WILD,wild_unclaimed
me_land_1698,land,me_mordor_region,WILD,wild_unclaimed
me_land_1699,land,me_forochel_region,LOS,owned
me_land_1700,land,me_far_harad_region,WILD,wild_unclaimed
me_land_1701,land,me_south_gondor_region,GON,owned
me_land_1702,land,me_enedwaith_region,WILD,wild_enedwaith
me_land_1703,land,me_lindon_region,LIN,owned
me_land_1704,land,me_angmar_region,WILD,wild_unclaimed
me_land_1705,land,me_enedwaith_region,WILD,wild_enedwaith
me_land_1706,land,me_brown_lands_region,WILD,wild_unclaimed
me_land_1707,land,me_anduin_vale_region,BEO,owned
me_land_1708,land,me_mordor_region,MOR,owned
me_land_1709,land,me_umbar_region,UMB,owned
me_land_1710,land,me_enedwaith_region,WILD,wild_unclaimed
me_land_1711,land,me_enedwaith_region,WILD,wild_enedwaith
me_land_1712,land,me_enedwaith_region,WILD,wild_unclaimed
me_land_1713,land,me_far_harad_region,HFA,owned
me_land_1714,land,me_northern_wastes_region,WILD,wild_forodwaith
me_land_1715,land,me_mordor_region,MOR,owned
me_land_1716,land,me_mordor_region,MOR,owned
me_land_1717,land,me_anduin_vale_region,WILD,wild_unclaimed
me_land_1718,land,me_north_arnor_region,WILD,wild_buffer
me_land_1719,land,me_near_harad_region,HNE,owned
me_land_1720,land,me_enedwaith_region,WILD,wild_enedwaith
me_land_1721,land,me_northern_wastes_region,WILD,wild_forodwaith
me_land_1722,land,me_mordor_region,WILD,wild_unclaimed
me_land_1723,land,me_near_harad_region,UMB,owned
me_land_1724,land,me_rhun_region,RH2,owned
me_land_1725,land,me_mirkwood_region,WILD,wild_unclaimed
me_land_1726,land,me_rhun_region,RH2,owned
me_land_1727,land,me_rohan_region,ROH,owned
me_land_1728,land,me_mordor_region,WILD,wild_unclaimed
me_land_1729,land,me_northern_wastes_region,WILD,wild_forodwaith
me_land_1730,land,me_north_arnor_region,WILD,wild_unclaimed
me_land_1731,land,me_brown_lands_region,WILD,wild_unclaimed
me_land_1732,land,me_north_arnor_region,WILD,wild_unclaimed
me_land_1733,land,me_belfalas_region,GON,owned
me_land_1734,land,me_lebennin_region,GON,owned
me_land_1735,land,me_mordor_region,MOR,owned
me_land_1736,land,me_rhun_region,RH2,owned
me_land_1737,land,me_rhun_region,RHU,owned
me_land_1738,land,me_mirkwood_region,WILD,wild_unclaimed
me_land_1739,land,me_khand_region,KHA,owned
me_land_1740,land,me_brown_lands_region,DOL,owned
me_land_1741,land,me_north_arnor_region,WILD,wild_unclaimed
me_land_1742,land,me_rohan_region,ROH,owned
me_land_1743,land,me_mordor_region,MOR,owned
me_land_1744,land,me_shire_breeland_region,SHI,owned
me_land_1745,land,me_rohan_region,ISE,owned
me_land_1746,land,me_north_arnor_region,WILD,wild_unclaimed
me_land_1747,land,me_enedwaith_region,MOA,owned
me_land_1748,land,me_rhun_region,RH2,owned
me_land_1749,land,me_north_arnor_region,RAN,owned
me_land_1750,land,me_rohan_region,ROH,owned
me_land_1751,land,me_north_arnor_region,RAN,owned
me_land_1752,land,me_brown_lands_region,WILD,wild_unclaimed
me_land_1753,land,me_enedwaith_region,WILD,wild_enedwaith
me_land_1754,land,me_rhun_region,RH2,owned
me_land_1755,land,me_rhun_region,IRO,owned
me_land_1756,land,me_far_harad_region,WILD,wild_unclaimed
me_land_1757,land,me_rhun_region,IRO,owned
me_land_1758,land,me_mordor_region,WILD,wild_unclaimed
me_land_1759,land,me_rhun_region,RH3,owned
me_land_1760,land,me_rhun_region,IRO,owned
me_land_1761,land,me_north_arnor_region,WILD,wild_unclaimed
me_land_1762,land,me_northern_wastes_region,WILD,wild_forodwaith
me_land_1763,land,me_enedwaith_region,WILD,wild_enedwaith
me_land_1764,land,me_lebennin_region,GON,owned
me_land_1765,land,me_rhun_region,WILD,wild_unclaimed
me_land_1766,land,me_belfalas_region,DAM,owned
me_land_1767,land,me_enedwaith_region,WILD,wild_enedwaith
me_land_1768,land,me_forochel_region,WILD,wild_unclaimed
me_land_1769,land,me_khand_region,KHA,owned
me_land_1770,land,me_mordor_region,MOR,owned
me_land_1771,land,me_belfalas_region,DAM,owned
me_land_1772,land,me_lindon_region,BLU,owned
me_land_1773,land,me_belfalas_region,GON,owned
me_land_1774,land,me_near_harad_region,UMB,owned
me_land_1775,land,me_mordor_region,WILD,wild_unclaimed
me_land_1776,land,me_rohan_region,ROH,owned
me_land_1777,land,me_ithilien_region,WILD,wild_ithilien
me_land_1778,land,me_anduin_vale_region,LOR,owned
me_land_1779,land,me_mordor_region,MOR,owned
me_land_1780,land,me_north_arnor_region,WILD,wild_unclaimed
me_land_1781,land,me_mordor_region,WILD,wild_unclaimed
me_land_1782,land,me_mirkwood_region,WOO,owned
me_land_1783,land,me_mordor_region,WILD,wild_unclaimed
me_land_1784,land,me_rhun_region,WILD,wild_unclaimed
me_land_1785,land,me_south_gondor_region,GON,owned
me_land_1786,land,me_near_harad_region,WILD,wild_unclaimed
me_land_1787,land,me_brown_lands_region,WILD,wild_unclaimed
me_land_1788,land,me_brown_lands_region,WILD,wild_unclaimed
me_land_1789,land,me_mordor_region,MOR,owned
me_land_1790,land,me_enedwaith_region,WILD,wild_unclaimed
me_land_1791,land,me_dale_region,DAL,owned
me_land_1792,land,me_mordor_region,WILD,wild_unclaimed
me_land_1793,land,me_northern_wastes_region,WILD,wild_forodwaith
me_land_1794,land,me_shire_breeland_region,WILD,wild_unclaimed
me_land_1795,land,me_belfalas_region,GON,owned
me_land_1796,land,me_near_harad_region,HRA,owned
me_land_1797,land,me_far_harad_region,HRA,owned
me_land_1798,land,me_enedwaith_region,DUN,owned
me_land_1799,land,me_enedwaith_region,WILD,wild_enedwaith
me_land_1800,land,me_mordor_region,WILD,wild_unclaimed
me_land_1801,land,me_rhun_region,RH2,owned
me_land_1802,land,me_mordor_region,WILD,wild_unclaimed
me_land_1803,land,me_anduin_vale_region,BEO,owned
me_land_1804,land,me_north_arnor_region,WILD,wild_unclaimed
me_land_1805,land,me_enedwaith_region,WILD,wild_unclaimed
me_land_1806,land,me_enedwaith_region,WILD,wild_unclaimed
me_land_1807,land,me_far_harad_region,HFA,owned
me_land_1808,land,me_northern_wastes_region,WILD,wild_forodwaith
me_land_1809,land,me_mordor_region,WILD,wild_unclaimed
me_land_1810,land,me_enedwaith_region,WILD,wild_buffer
me_land_1811,land,me_far_harad_region,HRA,owned
me_land_1812,land,me_belfalas_region,DAM,owned
me_land_1813,land,me_anduin_vale_region,WILD,wild_unclaimed
me_land_1814,land,me_mordor_region,MOR,owned
me_land_1815,land,me_northern_wastes_region,WILD,wild_forodwaith
me_land_1816,land,me_northern_wastes_region,WILD,wild_forodwaith
me_land_1817,land,me_north_arnor_region,WILD,wild_buffer
me_land_1818,land,me_northern_wastes_region,WILD,wild_forodwaith
me_land_1819,land,me_rohan_region,ROH,owned
me_land_1820,land,me_rhun_region,RHU,owned
me_land_1821,land,me_lindon_region,LIN,owned
me_land_1822,land,me_forochel_region,LOS,owned
me_land_1823,land,me_mordor_region,MOR,owned
me_land_1824,land,me_south_gondor_region,GON,owned
me_land_1825,land,me_rhun_region,RHU,owned
me_land_1826,land,me_rhun_region,WILD,wild_unclaimed
me_land_1827,land,me_shire_breeland_region,SHI,owned
me_land_1828,land,me_enedwaith_region,WILD,wild_enedwaith
me_land_1829,land,me_lebennin_region,GON,owned
me_land_1830,land,me_rohan_region,ROH,owned
me_land_1831,land,me_mordor_region,WILD,wild_unclaimed
me_land_1832,land,me_rohan_region,ROH,owned
me_land_1833,land,me_ithilien_region,WILD,wild_ithilien
me_land_1834,land,me_rhun_region,RHU,owned
me_land_1835,land,me_rohan_region,ROH,owned
me_land_1836,land,me_lindon_region,LIN,owned
me_land_1837,land,me_north_arnor_region,WILD,wild_unclaimed
me_land_1838,land,me_north_arnor_region,WILD,wild_unclaimed
me_land_1839,land,me_dale_region,ESG,owned
me_land_1840,land,me_shire_breeland_region,SHI,owned
me_land_1841,land,me_rhun_region,RH2,owned
me_land_1842,land,me_northern_wastes_region,WILD,wild_forodwaith
me_land_1843,land,me_rohan_region,ROH,owned
me_land_1844,land,me_mirkwood_region,WOO,owned
me_land_1845,land,me_rhun_region,WILD,wild_unclaimed
me_land_1846,land,me_mordor_region,WILD,wild_unclaimed
me_land_1847,land,me_rhun_region,RHU,owned
me_land_1848,land,me_brown_lands_region,MOR,owned
me_land_1849,land,me_grey_mountains_region,GUN,owned
me_land_1850,land,me_mirkwood_region,WDM,owned
me_land_1851,land,me_anduin_vale_region,WILD,wild_unclaimed
me_land_1852,land,me_enedwaith_region,WILD,wild_enedwaith
me_land_1853,land,me_near_harad_region,HNE,owned
me_land_1854,land,me_angmar_region,WILD,wild_unclaimed
me_land_1855,land,me_dale_region,ESG,owned
me_land_1856,land,me_enedwaith_region,WILD,wild_reviewed_frontier: Lond Daer is an abandoned Númenórean ruin
me_land_1857,land,me_north_arnor_region,RAN,owned
me_land_1858,land,me_rhun_region,IRO,owned
me_land_1859,land,me_rhun_region,DOR,owned
me_land_1860,land,me_belfalas_region,GON,owned
me_land_1861,land,me_rhun_region,DOR,owned
me_land_1862,land,me_umbar_region,UMB,owned
me_land_1863,land,me_angmar_region,WILD,wild_unclaimed
me_land_1864,land,me_enedwaith_region,WILD,wild_unclaimed
me_land_1865,land,me_shire_breeland_region,SHI,owned
me_land_1866,land,me_mordor_region,WILD,wild_unclaimed
me_land_1867,land,me_enedwaith_region,WILD,wild_unclaimed
me_land_1868,land,me_brown_lands_region,WILD,wild_unclaimed
me_land_1869,land,me_khand_region,KHA,owned
me_land_1870,land,me_umbar_region,UMB,owned
me_land_1871,land,me_north_arnor_region,WILD,wild_unclaimed
me_land_1872,land,me_ithilien_region,WILD,wild_ithilien
me_land_1873,land,me_belfalas_region,DAM,owned
me_land_1874,land,me_belfalas_region,GON,owned
me_land_1875,land,me_rhun_region,WILD,wild_unclaimed
me_land_1876,land,me_enedwaith_region,WILD,wild_unclaimed
me_land_1877,land,me_rhun_region,RH2,owned
me_land_1878,land,me_mirkwood_region,WDM,owned
me_land_1879,land,me_rohan_region,ROH,owned
me_land_1880,land,me_khand_region,WILD,wild_unclaimed
me_land_1881,land,me_belfalas_region,DAM,owned
me_land_1882,land,me_rohan_region,ISE,owned
me_land_1883,land,me_mordor_region,WILD,wild_unclaimed
me_land_1884,land,me_mirkwood_region,WILD,wild_unclaimed
me_land_1885,land,me_northern_wastes_region,WILD,wild_forodwaith
me_land_1886,land,me_mordor_region,MOR,owned
me_land_1887,land,me_rhun_region,RHU,owned
me_land_1888,land,me_khand_region,KHA,owned
me_land_1889,land,me_rhun_region,RHU,owned
me_land_1890,land,me_brown_lands_region,WILD,wild_unclaimed
me_land_1891,land,me_north_arnor_region,WILD,wild_unclaimed
me_land_1892,land,me_mordor_region,WILD,wild_unclaimed
me_land_1893,land,me_shire_breeland_region,WILD,wild_buffer
me_land_1894,land,me_lindon_region,LIN,owned
me_land_1895,land,me_rhun_region,WILD,wild_unclaimed
me_land_1896,land,me_mirkwood_region,WDM,owned
me_land_1897,land,me_north_arnor_region,WILD,wild_unclaimed
me_land_1898,land,me_north_arnor_region,WILD,wild_unclaimed
me_land_1899,land,me_far_harad_region,WILD,wild_unclaimed
me_land_1900,land,me_mordor_region,WILD,wild_unclaimed
me_land_1901,land,me_mirkwood_region,WILD,wild_unclaimed
me_land_1902,land,me_rhun_region,RH2,owned
me_land_1903,land,me_brown_lands_region,WILD,wild_unclaimed
me_land_1904,land,me_anduin_vale_region,WILD,wild_unclaimed
me_land_1905,land,me_rohan_region,ROH,owned
me_land_1906,land,me_belfalas_region,GON,owned
me_land_1907,land,me_khand_region,KHA,owned
me_land_1908,land,me_shire_breeland_region,BRE,owned
me_land_1909,land,me_enedwaith_region,WILD,wild_unclaimed
me_land_1910,land,me_enedwaith_region,WILD,wild_unclaimed
me_land_1911,land,me_enedwaith_region,WILD,wild_buffer
me_land_1912,land,me_mordor_region,WILD,wild_unclaimed
me_land_1913,land,me_belfalas_region,GON,owned
me_land_1914,land,me_mordor_region,MOR,owned
me_land_1915,land,me_rohan_region,ROH,owned
me_land_1916,land,me_khand_region,KHA,owned
me_land_1917,land,me_belfalas_region,GON,owned
me_land_1918,land,me_khand_region,KHA,owned
me_land_1919,land,me_shire_breeland_region,WILD,wild_unclaimed
me_land_1920,land,me_rhun_region,RH3,owned
me_land_1921,land,me_rhun_region,RHU,owned
me_land_1922,land,me_mordor_region,MOR,owned
me_land_1923,land,me_shire_breeland_region,WILD,wild_buffer
me_land_1924,land,me_rhun_region,WILD,wild_unclaimed
me_land_1925,land,me_mordor_region,MOR,owned
me_land_1926,land,me_mirkwood_region,WOO,owned
me_land_1927,land,me_far_harad_region,WILD,wild_unclaimed
me_land_1928,land,me_rhun_region,WILD,wild_unclaimed
me_land_1929,land,me_northern_wastes_region,WILD,wild_forodwaith
me_land_1930,land,me_enedwaith_region,WILD,wild_unclaimed
me_land_1931,land,me_south_gondor_region,GON,owned
me_land_1932,land,me_rhun_region,WILD,wild_unclaimed
me_land_1933,land,me_mordor_region,MOR,owned
me_land_1934,land,me_enedwaith_region,WILD,wild_enedwaith
me_land_1935,land,me_dale_region,WILD,wild_unclaimed
me_land_1936,land,me_enedwaith_region,WILD,wild_unclaimed
me_land_1937,land,me_anduin_vale_region,BEO,owned
me_land_1938,land,me_enedwaith_region,DUN,owned
me_land_1939,land,me_ithilien_region,WILD,wild_ithilien
me_land_1940,land,me_far_harad_region,WILD,wild_unclaimed
me_land_1941,land,me_northern_wastes_region,WILD,wild_forodwaith
me_land_1942,land,me_north_arnor_region,WILD,wild_unclaimed
me_land_1943,land,me_rhun_region,DOR,owned
me_land_1944,land,me_umbar_region,UMB,owned
me_land_1945,land,me_rhun_region,IRO,owned
me_land_1946,land,me_belfalas_region,GON,owned
me_land_1947,land,me_dale_region,ESG,owned
me_land_1948,land,me_mordor_region,WILD,wild_unclaimed
me_land_1949,land,me_dale_region,ESG,owned
me_land_1950,land,me_lindon_region,LIN,owned
me_land_1951,land,me_far_harad_region,HFA,owned
me_land_1952,land,me_forochel_region,LOS,owned
me_land_1953,land,me_umbar_region,UMB,owned
me_land_1954,land,me_far_harad_region,WILD,wild_unclaimed
me_land_1955,land,me_rhun_region,RH3,owned
me_land_1956,land,me_northern_wastes_region,WILD,wild_forodwaith
me_land_1957,land,me_mordor_region,WILD,wild_unclaimed
me_land_1958,land,me_rhun_region,RHU,owned
me_land_1959,land,me_rhun_region,RH2,owned
me_land_1960,land,me_rhun_region,RHU,owned
me_land_1961,land,me_brown_lands_region,WILD,wild_unclaimed
me_land_1962,land,me_forochel_region,LOS,owned
me_land_1963,land,me_umbar_region,UMB,owned
me_land_1964,land,me_anduin_vale_region,FAN,owned
me_land_1965,land,me_far_harad_region,HFA,owned
me_land_1966,land,me_mirkwood_region,WOO,owned
me_land_1967,land,me_rhun_region,RH3,owned
me_land_1968,land,me_near_harad_region,HNE,owned
me_land_1969,land,me_anorien_region,GON,owned
me_land_1970,land,me_rhun_region,RH3,owned
me_land_1971,land,me_north_arnor_region,WILD,wild_unclaimed
me_land_1972,land,me_mordor_region,WILD,wild_unclaimed
me_land_1973,land,me_belfalas_region,GON,owned
me_land_1974,land,me_belfalas_region,GON,owned
me_land_1975,land,me_khand_region,KHA,owned
me_land_1976,land,me_south_gondor_region,GON,owned
me_land_1977,land,me_rhun_region,RH3,owned
me_land_1978,land,me_lindon_region,LIN,owned
me_land_1979,land,me_northern_wastes_region,WILD,wild_forodwaith
me_land_1980,land,me_umbar_region,UMB,owned
me_land_1981,land,me_near_harad_region,HRA,owned
me_land_1982,land,me_mordor_region,WILD,wild_unclaimed
me_land_1983,land,me_mordor_region,WILD,wild_unclaimed
me_land_1984,land,me_brown_lands_region,DOL,owned
me_land_1985,land,me_north_arnor_region,WILD,wild_unclaimed
me_land_1986,land,me_mordor_region,WILD,wild_unclaimed
me_land_1987,land,me_mordor_region,WILD,wild_unclaimed
me_land_1988,land,me_north_arnor_region,RAN,owned
me_land_1989,land,me_near_harad_region,UMB,owned
me_land_1990,land,me_shire_breeland_region,SHI,owned
me_land_1991,land,me_rohan_region,ROH,owned
me_land_1992,land,me_belfalas_region,DAM,owned
me_land_1993,land,me_dale_region,WOO,owned
me_land_1994,land,me_anorien_region,GON,owned
me_land_1995,land,me_anduin_vale_region,WILD,wild_buffer
me_land_1996,land,me_anduin_vale_region,WILD,wild_unclaimed
me_land_1997,land,me_mordor_region,WILD,wild_unclaimed
me_land_1998,land,me_anduin_vale_region,WILD,wild_unclaimed
me_land_1999,land,me_lindon_region,LIN,owned
me_land_2000,land,me_far_harad_region,WILD,wild_unclaimed
me_land_2001,land,me_rhun_region,WILD,wild_unclaimed
me_land_2002,land,me_rhun_region,RHU,owned
me_land_2003,land,me_northern_wastes_region,WILD,wild_forodwaith
me_land_2004,land,me_far_harad_region,WILD,wild_unclaimed
me_land_2005,land,me_shire_breeland_region,SHI,owned
me_land_2006,land,me_rhun_region,WILD,wild_unclaimed
me_land_2007,land,me_near_harad_region,HRA,owned
me_land_2008,land,me_shire_breeland_region,SHI,owned
me_land_2009,land,me_mordor_region,WILD,wild_unclaimed
me_land_2010,land,me_enedwaith_region,MOA,owned
me_land_2011,land,me_north_arnor_region,WILD,wild_unclaimed
me_land_2012,land,me_lindon_region,LIN,owned
me_land_2013,land,me_mordor_region,MOR,owned
me_land_2014,land,me_mordor_region,WILD,wild_unclaimed
me_land_2015,land,me_dale_region,WOO,owned
me_land_2016,land,me_umbar_region,UMB,owned
me_land_2017,land,me_khand_region,KHA,owned
me_land_2018,land,me_anduin_vale_region,WILD,wild_unclaimed
me_land_2019,land,me_north_arnor_region,RAN,owned
me_land_2020,land,me_belfalas_region,DAM,owned
me_land_2021,land,me_rhun_region,WILD,wild_unclaimed
me_land_2022,land,me_near_harad_region,HNE,owned
me_land_2023,land,me_rohan_region,ROH,owned
me_land_2024,land,me_belfalas_region,GON,owned
me_land_2025,land,me_angmar_region,WILD,wild_unclaimed
me_land_2026,land,me_enedwaith_region,WILD,wild_unclaimed
me_land_2027,land,me_near_harad_region,WILD,wild_unclaimed
me_land_2028,land,me_north_arnor_region,WILD,wild_unclaimed
me_land_2029,land,me_mordor_region,WILD,wild_unclaimed
me_land_2030,land,me_far_harad_region,WILD,wild_unclaimed
me_land_2031,land,me_enedwaith_region,WILD,wild_unclaimed
me_land_2032,land,me_dale_region,ESG,owned
me_land_2033,land,me_enedwaith_region,WILD,wild_unclaimed
me_land_2034,land,me_enedwaith_region,WILD,wild_unclaimed
me_land_2035,land,me_rhun_region,RHU,owned
me_land_2036,land,me_near_harad_region,HNE,owned
me_land_2037,land,me_north_arnor_region,WILD,wild_buffer
me_land_2038,land,me_near_harad_region,UMB,owned
me_land_2039,land,me_south_gondor_region,GON,owned
me_land_2040,land,me_rohan_region,ROH,owned
me_land_2041,land,me_umbar_region,UMB,owned
me_land_2042,land,me_anduin_vale_region,WILD,wild_unclaimed
me_land_2043,land,me_umbar_region,UMB,owned
me_land_2044,land,me_mirkwood_region,WILD,wild_unclaimed
me_land_2045,land,me_north_arnor_region,WILD,wild_unclaimed
me_land_2046,land,me_north_arnor_region,WILD,wild_unclaimed
me_land_2047,land,me_rhun_region,WILD,wild_unclaimed
me_land_2048,land,me_mordor_region,WILD,wild_unclaimed
me_land_2049,land,me_belfalas_region,GON,owned
me_land_2050,land,me_umbar_region,UMB,owned
me_land_2051,land,me_north_arnor_region,ANG,owned
me_land_2052,land,me_mordor_region,MOR,owned
me_land_2053,land,me_near_harad_region,HRA,owned
me_land_2054,land,me_mordor_region,MOR,owned
me_land_2055,land,me_enedwaith_region,WILD,wild_enedwaith
me_land_2056,land,me_mordor_region,WILD,wild_unclaimed
me_land_2057,land,me_khand_region,KHA,owned
me_land_2058,land,me_lindon_region,LIN,owned
me_land_2059,land,me_near_harad_region,UMB,owned
me_land_2060,land,me_enedwaith_region,WILD,wild_unclaimed
me_land_2061,land,me_khand_region,KHA,owned
me_land_2062,land,me_near_harad_region,HNE,owned
me_land_2063,land,me_rhun_region,RHU,owned
me_land_2064,land,me_lebennin_region,GON,owned
me_land_2065,land,me_mordor_region,WILD,wild_unclaimed
me_land_2066,land,me_mordor_region,MOR,owned
me_land_2067,land,me_rhun_region,RH2,owned
me_land_2068,land,me_south_gondor_region,GON,owned
me_land_2069,land,me_north_arnor_region,ANG,owned
me_land_2070,land,me_northern_wastes_region,WILD,wild_forodwaith
me_land_2071,land,me_umbar_region,UMB,owned
me_land_2072,land,me_near_harad_region,HRA,owned
me_land_2073,land,me_belfalas_region,GON,owned
me_land_2074,land,me_dale_region,WOO,owned
me_land_2075,land,me_enedwaith_region,WILD,wild_unclaimed
me_land_2076,land,me_mirkwood_region,DOL,owned
me_land_2077,land,me_mirkwood_region,WILD,wild_unclaimed
me_land_2078,land,me_mordor_region,WILD,wild_unclaimed
me_land_2079,land,me_anduin_vale_region,WILD,wild_unclaimed
me_land_2080,land,me_brown_lands_region,WILD,wild_reviewed_frontier: Dagorlad is a desolate borderland rather than a settled Mordor or Gondor province
me_land_2081,land,me_belfalas_region,GON,owned
me_land_2082,land,me_mirkwood_region,WILD,wild_unclaimed
me_land_2083,land,me_north_arnor_region,WILD,wild_unclaimed
me_land_2084,land,me_northern_wastes_region,WILD,wild_forodwaith
me_land_2085,land,me_rhun_region,RH2,owned
me_land_2086,land,me_khand_region,KHA,owned
me_land_2087,land,me_north_arnor_region,RIV,owned
me_land_2088,land,me_northern_wastes_region,WILD,wild_forodwaith
me_land_2089,land,me_mirkwood_region,DOL,owned
me_land_2090,land,me_far_harad_region,WILD,wild_unclaimed
me_land_2091,land,me_mordor_region,MOR,owned
me_land_2092,land,me_near_harad_region,HRA,owned
me_land_2093,land,me_rhun_region,RHU,owned
me_land_2094,land,me_near_harad_region,UMB,owned
me_land_2095,land,me_khand_region,WILD,wild_unclaimed
me_land_2096,land,me_belfalas_region,GON,owned
me_land_2097,land,me_anduin_vale_region,DOL,owned
me_land_2098,land,me_northern_wastes_region,WILD,wild_forodwaith
me_land_2099,land,me_mordor_region,WILD,wild_unclaimed
me_land_2100,land,me_khand_region,KHA,owned
me_land_2101,land,me_enedwaith_region,WILD,wild_unclaimed
me_land_2102,land,me_forochel_region,LOS,owned
me_land_2103,land,me_brown_lands_region,WILD,wild_buffer
me_land_2104,land,me_enedwaith_region,WILD,wild_enedwaith
me_land_2105,land,me_enedwaith_region,WILD,wild_enedwaith
me_land_2106,land,me_rhun_region,IRO,owned
me_land_2107,land,me_mirkwood_region,WOO,owned
me_land_2108,land,me_lindon_region,LIN,owned
me_land_2109,land,me_north_arnor_region,WILD,wild_unclaimed
me_land_2110,land,me_rhun_region,IRO,owned
me_land_2111,land,me_belfalas_region,GON,owned
me_land_2112,land,me_rohan_region,ROH,owned
me_land_2113,land,me_far_harad_region,HFA,owned
me_land_2114,land,me_north_arnor_region,WILD,wild_unclaimed
me_land_2115,land,me_south_gondor_region,GON,owned
me_land_2116,land,me_rhun_region,RH2,owned
me_land_2117,land,me_lindon_region,LIN,owned
me_land_2118,land,me_anduin_vale_region,WILD,wild_unclaimed
me_land_2119,land,me_forochel_region,LOS,owned
me_land_2120,land,me_khand_region,WILD,wild_unclaimed
me_land_2121,land,me_northern_wastes_region,WILD,wild_forodwaith
me_land_2122,land,me_mirkwood_region,WILD,wild_unclaimed
me_land_2123,land,me_south_gondor_region,GON,owned
me_land_2124,land,me_lindon_region,LIN,owned
me_land_2125,land,me_near_harad_region,HRA,owned
me_land_2126,land,me_north_arnor_region,ANG,owned
me_land_2127,land,me_north_arnor_region,WILD,wild_unclaimed
me_land_2128,land,me_lindon_region,BLU,owned
me_land_2129,land,me_khand_region,KHA,owned
me_land_2130,land,me_brown_lands_region,WILD,wild_unclaimed
me_land_2131,land,me_rhun_region,RHU,owned
me_land_2132,land,me_northern_wastes_region,WILD,wild_forodwaith
me_land_2133,land,me_rohan_region,ROH,owned
me_land_2134,land,me_rhun_region,WILD,wild_unclaimed
me_land_2135,land,me_mordor_region,MOR,owned
me_land_2136,land,me_northern_wastes_region,WILD,wild_forodwaith
me_land_2137,land,me_near_harad_region,HRA,owned
me_land_2138,land,me_mordor_region,WILD,wild_unclaimed
me_land_2139,land,me_far_harad_region,HRA,owned
me_land_2140,land,me_mirkwood_region,WOO,owned
me_land_2141,land,me_north_arnor_region,WILD,wild_unclaimed
me_land_2142,land,me_khand_region,KHA,owned
me_land_2143,land,me_anorien_region,GON,owned
me_land_2144,land,me_rhun_region,RH3,owned
me_land_2145,land,me_umbar_region,UMB,owned
me_land_2146,land,me_rhun_region,RHU,owned
me_land_2147,land,me_anduin_vale_region,LOR,owned
me_land_2148,land,me_far_harad_region,WILD,wild_unclaimed
me_land_2149,land,me_mordor_region,MOR,owned
me_land_2150,land,me_rohan_region,ROH,owned
me_land_2151,land,me_belfalas_region,GON,owned
me_land_2152,land,me_far_harad_region,WILD,wild_unclaimed
me_land_2153,land,me_rhun_region,RH2,owned
me_land_2154,land,me_angmar_region,WILD,wild_unclaimed
me_land_2155,land,me_rhun_region,RH3,owned
me_land_2156,land,me_rhun_region,RHU,owned
me_land_2157,land,me_enedwaith_region,WILD,wild_unclaimed
me_land_2158,land,me_enedwaith_region,DUN,owned
me_land_2159,land,me_khand_region,WILD,wild_unclaimed
me_land_2160,land,me_far_harad_region,HRA,owned
me_land_2161,land,me_mordor_region,WILD,wild_unclaimed
me_land_2162,land,me_mordor_region,WILD,wild_unclaimed
me_land_2163,land,me_mirkwood_region,WILD,wild_unclaimed
me_land_2164,land,me_near_harad_region,HNE,owned
me_land_2165,land,me_mordor_region,WILD,wild_unclaimed
me_land_2166,land,me_north_arnor_region,WILD,wild_unclaimed
me_land_2167,land,me_rohan_region,ROH,owned
me_land_2168,land,me_rhun_region,WILD,wild_unclaimed
me_land_2169,land,me_mordor_region,WILD,wild_unclaimed
me_land_2170,land,me_ithilien_region,WILD,wild_ithilien
me_land_2171,land,me_mordor_region,WILD,wild_unclaimed
me_land_2172,land,me_enedwaith_region,WILD,wild_unclaimed
me_land_2173,land,me_belfalas_region,DAM,owned
me_land_2174,land,me_umbar_region,UMB,owned
me_land_2175,land,me_northern_wastes_region,WILD,wild_forodwaith
me_land_2176,land,me_near_harad_region,HRA,owned
me_land_2177,land,me_lindon_region,LIN,owned
me_land_2178,land,me_umbar_region,UMB,owned
me_land_2179,land,me_belfalas_region,DAM,owned
me_land_2180,land,me_enedwaith_region,WILD,wild_enedwaith
me_land_2181,land,me_north_arnor_region,WILD,wild_unclaimed
me_land_2182,land,me_khand_region,KHA,owned
me_land_2183,land,me_near_harad_region,HNE,owned
me_land_2184,land,me_mordor_region,MOR,owned
me_land_2185,land,me_ithilien_region,WILD,wild_ithilien
me_land_2186,land,me_enedwaith_region,WILD,wild_unclaimed
me_land_2187,land,me_south_gondor_region,GON,owned
me_land_2188,land,me_umbar_region,UMB,owned
me_land_2189,land,me_enedwaith_region,WILD,wild_unclaimed
me_land_2190,land,me_near_harad_region,UMB,owned
me_land_2191,land,me_lebennin_region,GON,owned
me_land_2192,land,me_northern_wastes_region,WILD,wild_forodwaith
me_land_2193,land,me_mirkwood_region,WILD,wild_unclaimed
me_land_2194,land,me_rohan_region,ROH,owned
me_land_2195,land,me_forochel_region,LOS,owned
me_land_2196,land,me_rhun_region,RHU,owned
me_land_2197,land,me_angmar_region,WILD,wild_unclaimed
me_land_2198,land,me_rohan_region,ROH,owned
me_land_2199,land,me_north_arnor_region,WILD,wild_unclaimed
me_land_2200,land,me_north_arnor_region,WILD,wild_unclaimed
me_land_2201,land,me_lindon_region,LIN,owned
me_land_2202,land,me_anduin_vale_region,WILD,wild_buffer
me_land_2203,land,me_far_harad_region,HRA,owned
me_land_2204,land,me_rhun_region,DOR,owned
me_land_2205,land,me_rhun_region,RHU,owned
me_land_2206,land,me_mordor_region,MOR,owned
me_land_2207,land,me_enedwaith_region,WILD,wild_unclaimed
me_land_2208,land,me_far_harad_region,WILD,wild_unclaimed
me_land_2209,land,me_enedwaith_region,WILD,wild_unclaimed
me_land_2210,land,me_north_arnor_region,WILD,wild_buffer
me_land_2211,land,me_shire_breeland_region,WILD,wild_unclaimed
me_land_2212,land,me_belfalas_region,GON,owned
me_land_2213,land,me_belfalas_region,DAM,owned
me_land_2214,land,me_rhun_region,RHU,owned
me_land_2215,land,me_northern_wastes_region,WILD,wild_forodwaith
me_land_2216,land,me_rhun_region,WILD,wild_buffer
me_land_2217,land,me_lindon_region,LIN,owned
me_land_2218,land,me_belfalas_region,GON,owned
me_land_2219,land,me_north_arnor_region,RAN,owned
me_land_2220,land,me_forochel_region,LOS,owned
me_land_2221,land,me_enedwaith_region,WILD,wild_unclaimed
me_land_2222,land,me_enedwaith_region,WILD,wild_unclaimed
me_land_2223,land,me_dale_region,ESG,owned
me_land_2224,land,me_rohan_region,ROH,owned
me_land_2225,land,me_enedwaith_region,WILD,wild_unclaimed
me_land_2226,land,me_northern_wastes_region,WILD,wild_forodwaith
me_land_2227,land,me_south_gondor_region,GON,owned
me_land_2228,land,me_rhun_region,RH2,owned
me_land_2229,land,me_forochel_region,LOS,owned
me_land_2230,land,me_mordor_region,WILD,wild_unclaimed
me_land_2231,land,me_angmar_region,WILD,wild_unclaimed
me_land_2232,land,me_north_arnor_region,WILD,wild_unclaimed
me_land_2233,land,me_mordor_region,WILD,wild_unclaimed
me_land_2234,land,me_near_harad_region,HNE,owned
me_land_2235,land,me_khand_region,WILD,wild_unclaimed
me_land_2236,land,me_mirkwood_region,WDM,owned
me_land_2237,land,me_belfalas_region,DAM,owned
me_land_2238,land,me_north_arnor_region,WILD,wild_unclaimed
me_land_2239,land,me_enedwaith_region,DUN,owned
me_land_2240,land,me_khand_region,KHA,owned
me_land_2241,land,me_anduin_vale_region,BEO,owned
me_land_2242,land,me_lindon_region,LIN,owned
me_land_2243,land,me_northern_wastes_region,WILD,wild_forodwaith
me_land_2244,land,me_anorien_region,GON,owned
me_land_2245,land,me_rhun_region,WILD,wild_unclaimed
me_land_2246,land,me_rohan_region,ROH,owned
me_land_2247,land,me_northern_wastes_region,WILD,wild_forodwaith
me_land_2248,land,me_mirkwood_region,WOO,owned
me_land_2249,land,me_enedwaith_region,WILD,wild_unclaimed
me_land_2250,land,me_brown_lands_region,WILD,wild_unclaimed
me_land_2251,land,me_far_harad_region,HRA,owned
me_land_2252,land,me_northern_wastes_region,WILD,wild_forodwaith
me_land_2253,land,me_near_harad_region,HNE,owned
me_land_2254,land,me_belfalas_region,GON,owned
me_land_2255,land,me_belfalas_region,GON,owned
me_land_2256,land,me_rhun_region,RHU,owned
me_land_2257,land,me_anorien_region,GON,owned
me_land_2258,land,me_far_harad_region,WILD,wild_unclaimed
me_land_2259,land,me_forochel_region,LOS,owned
me_land_2260,land,me_enedwaith_region,WILD,wild_buffer
me_land_2261,land,me_rhun_region,RH2,owned
me_land_2262,land,me_enedwaith_region,WILD,wild_unclaimed
me_land_2263,land,me_rhun_region,RH2,owned
me_land_2264,land,me_mordor_region,WILD,wild_unclaimed
me_land_2265,land,me_lebennin_region,GON,owned
me_land_2266,land,me_near_harad_region,UMB,owned
me_land_2267,land,me_anorien_region,GON,owned
me_land_2268,land,me_rhun_region,RHU,owned
me_land_2269,land,me_rhun_region,RH2,owned
me_land_2270,land,me_north_arnor_region,WILD,wild_unclaimed
me_land_2271,land,me_rhun_region,WILD,wild_unclaimed
me_land_2272,land,me_mirkwood_region,WILD,wild_unclaimed
me_land_2273,land,me_anorien_region,GON,owned
me_land_2274,land,me_lindon_region,BLU,owned
me_land_2275,land,me_angmar_region,GUN,owned
me_land_2276,land,me_anduin_vale_region,DOL,owned
me_land_2277,land,me_anduin_vale_region,BEO,owned
me_land_2278,land,me_enedwaith_region,DUN,owned
me_land_2279,land,me_far_harad_region,HFA,owned
me_land_2280,land,me_north_arnor_region,WILD,wild_unclaimed
me_land_2281,land,me_enedwaith_region,DUN,owned
me_land_2282,land,me_rohan_region,ROH,owned
me_land_2283,land,me_anduin_vale_region,BEO,owned
me_land_2284,land,me_khand_region,KHA,owned
me_land_2285,land,me_belfalas_region,GON,owned
me_land_2286,land,me_anduin_vale_region,WILD,wild_buffer
me_land_2287,land,me_near_harad_region,HNE,owned
me_land_2288,land,me_rhun_region,RH2,owned
me_land_2289,land,me_belfalas_region,DAM,owned
me_land_2290,land,me_near_harad_region,UMB,owned
me_land_2291,land,me_rhun_region,WILD,wild_unclaimed
me_land_2292,land,me_lindon_region,BLU,owned
me_land_2293,land,me_belfalas_region,DAM,owned
me_land_2294,land,me_rhun_region,RHU,owned
me_land_2295,land,me_grey_mountains_region,WILD,wild_unclaimed
me_land_2296,land,me_umbar_region,UMB,owned
me_land_2297,land,me_enedwaith_region,WILD,wild_enedwaith
me_land_2298,land,me_far_harad_region,HRA,owned
me_land_2299,land,me_near_harad_region,UMB,owned
me_land_2300,land,me_mordor_region,WILD,wild_unclaimed
me_land_2301,land,me_rhun_region,WILD,wild_unclaimed
me_land_2302,land,me_belfalas_region,GON,owned
me_land_2303,land,me_ithilien_region,WILD,wild_ithilien
me_land_2304,land,me_dale_region,DAL,owned
me_land_2305,land,me_near_harad_region,UMB,owned
me_land_2306,land,me_ithilien_region,WILD,wild_ithilien
me_land_2307,land,me_northern_wastes_region,WILD,wild_forodwaith
me_land_2308,land,me_near_harad_region,HNE,owned
me_land_2309,land,me_mordor_region,MOR,owned
me_land_2310,land,me_mirkwood_region,BEO,owned
me_land_2311,land,me_rhun_region,RH2,owned
me_land_2312,land,me_rhun_region,WILD,wild_unclaimed
me_land_2313,land,me_northern_wastes_region,WILD,wild_forodwaith
me_land_2314,land,me_lindon_region,BLU,owned
me_land_2315,land,me_mordor_region,MOR,owned
me_land_2316,land,me_rhun_region,RH2,owned
me_land_2317,land,me_north_arnor_region,WILD,wild_unclaimed
me_land_2318,land,me_far_harad_region,HRA,owned
me_land_2319,land,me_mordor_region,WILD,wild_unclaimed
me_land_2320,land,me_lebennin_region,GON,owned
me_land_2321,land,me_rhun_region,RHU,owned
me_land_2322,land,me_rhun_region,RH3,owned
me_land_2323,land,me_enedwaith_region,WILD,wild_unclaimed
me_land_2324,land,me_far_harad_region,HFA,owned
me_land_2325,land,me_umbar_region,UMB,owned
me_land_2326,land,me_rhun_region,RH2,owned
me_land_2327,land,me_khand_region,KHA,owned
me_land_2328,land,me_north_arnor_region,WILD,wild_unclaimed
me_land_2329,land,me_belfalas_region,GON,owned
me_land_2330,land,me_mordor_region,WILD,wild_unclaimed
me_land_2331,land,me_rohan_region,ROH,owned
me_land_2332,land,me_khand_region,KHA,owned
me_land_2333,land,me_rhun_region,RHU,owned
me_land_2334,land,me_rhun_region,WILD,wild_unclaimed
me_land_2335,land,me_north_arnor_region,WILD,wild_unclaimed
me_land_2336,land,me_rhun_region,RH2,owned
me_land_2337,land,me_rhun_region,WILD,wild_unclaimed
me_land_2338,land,me_rohan_region,ROH,owned
me_land_2339,land,me_near_harad_region,HNE,owned
me_land_2340,land,me_south_gondor_region,GON,owned
me_land_2341,land,me_lindon_region,BLU,owned
me_land_2342,land,me_rhun_region,RHU,owned
me_land_2343,land,me_rhun_region,WILD,wild_unclaimed
me_land_2344,land,me_rhun_region,WILD,wild_unclaimed
me_land_2345,land,me_near_harad_region,HNE,owned
me_land_2346,land,me_northern_wastes_region,WILD,wild_forodwaith
me_land_2347,land,me_mordor_region,WILD,wild_unclaimed
me_land_2348,land,me_near_harad_region,HRA,owned
me_land_2349,land,me_rohan_region,ROH,owned
me_land_2350,land,me_anduin_vale_region,BEO,owned
me_land_2351,land,me_north_arnor_region,WILD,wild_unclaimed
me_land_2352,land,me_enedwaith_region,WILD,wild_enedwaith
me_land_2353,land,me_belfalas_region,GON,owned
me_land_2354,land,me_shire_breeland_region,SHI,owned
me_land_2355,land,me_near_harad_region,UMB,owned
me_land_2356,land,me_far_harad_region,WILD,wild_unclaimed
me_land_2357,land,me_northern_wastes_region,WILD,wild_forodwaith
me_land_2358,land,me_belfalas_region,DAM,owned
me_land_2359,land,me_far_harad_region,HFA,owned
me_land_2360,land,me_mirkwood_region,WILD,wild_unclaimed
me_land_2361,land,me_umbar_region,UMB,owned
me_land_2362,land,me_north_arnor_region,WILD,wild_unclaimed
me_land_2363,land,me_north_arnor_region,RAN,owned
me_land_2364,land,me_near_harad_region,WILD,wild_unclaimed
me_land_2365,land,me_rhun_region,DOR,owned
me_land_2366,land,me_rhun_region,RH3,owned
me_land_2367,land,me_anorien_region,GON,owned
me_land_2368,land,me_lebennin_region,GON,owned
me_land_2369,land,me_rhun_region,WILD,wild_unclaimed
me_land_2370,land,me_near_harad_region,HNE,owned
me_land_2371,land,me_rhun_region,RHU,owned
me_land_2372,land,me_mordor_region,WILD,wild_unclaimed
me_land_2373,land,me_rohan_region,ROH,owned
me_land_2374,land,me_enedwaith_region,WILD,wild_enedwaith
me_land_2375,land,me_enedwaith_region,WILD,wild_unclaimed
me_land_2376,land,me_ithilien_region,WILD,wild_ithilien
me_land_2377,land,me_rhun_region,RH3,owned
me_land_2378,land,me_northern_wastes_region,WILD,wild_forodwaith
me_land_2379,land,me_ithilien_region,WILD,wild_ithilien
me_land_2380,land,me_rhun_region,DOR,owned
me_land_2381,land,me_mordor_region,WILD,wild_unclaimed
me_land_2382,land,me_rhun_region,DOR,owned
me_land_2383,land,me_near_harad_region,HNE,owned
me_land_2384,land,me_north_arnor_region,WILD,wild_unclaimed
me_land_2385,land,me_belfalas_region,GON,owned
me_land_2386,land,me_mordor_region,MOR,owned
me_land_2387,land,me_mordor_region,MOR,owned
me_land_2388,land,me_belfalas_region,DAM,owned
me_land_2389,land,me_shire_breeland_region,WILD,wild_unclaimed
me_land_2390,land,me_rhun_region,RH2,owned
me_land_2391,land,me_enedwaith_region,WILD,wild_enedwaith
me_land_2392,land,me_mordor_region,MOR,owned
me_land_2393,land,me_rhun_region,RHU,owned
me_land_2394,land,me_northern_wastes_region,WILD,wild_forodwaith
me_land_2395,land,me_mordor_region,WILD,wild_unclaimed
me_land_2396,land,me_north_arnor_region,WILD,wild_unclaimed
me_land_2397,land,me_enedwaith_region,WILD,wild_unclaimed
me_land_2398,land,me_mordor_region,MOR,owned
me_land_2399,land,me_anduin_vale_region,WILD,wild_buffer
me_land_2400,land,me_khand_region,KHA,owned
me_land_2401,land,me_dale_region,DAL,owned
me_land_2402,land,me_south_gondor_region,GON,owned
me_land_2403,land,me_rhun_region,DOR,owned
me_land_2404,land,me_rhun_region,RH2,owned
me_land_2405,land,me_rohan_region,ROH,owned
me_land_2406,land,me_rhun_region,DOR,owned
me_land_2407,land,me_enedwaith_region,WILD,wild_enedwaith
me_land_2408,land,me_rhun_region,WILD,wild_unclaimed
me_land_2409,land,me_north_arnor_region,WILD,wild_unclaimed
me_land_2410,land,me_khand_region,WILD,wild_unclaimed
me_land_2411,land,me_rohan_region,ROH,owned
me_land_2412,land,me_mordor_region,WILD,wild_unclaimed
me_land_2413,land,me_anduin_vale_region,BEO,owned
me_land_2414,land,me_umbar_region,UMB,owned
me_land_2415,land,me_enedwaith_region,WILD,wild_unclaimed
me_land_2416,land,me_khand_region,KHA,owned
me_land_2417,land,me_anduin_vale_region,BEO,owned
me_land_2418,land,me_mordor_region,WILD,wild_unclaimed
me_land_2419,land,me_belfalas_region,DAM,owned
me_land_2420,land,me_north_arnor_region,RAN,owned
me_land_2421,land,me_near_harad_region,HNE,owned
me_land_2422,land,me_mordor_region,WILD,wild_unclaimed
me_land_2423,land,me_mordor_region,MOR,owned
me_land_2424,land,me_near_harad_region,HNE,owned
me_land_2425,land,me_umbar_region,UMB,owned
me_land_2426,land,me_rhun_region,RH2,owned
me_land_2427,land,me_rhun_region,WILD,wild_unclaimed
me_land_2428,land,me_rhun_region,WILD,wild_unclaimed
me_land_2429,land,me_umbar_region,UMB,owned
me_land_2430,land,me_mordor_region,MOR,owned
me_land_2431,land,me_rhun_region,RHU,owned
me_land_2432,land,me_rhun_region,IRO,owned
me_land_2433,land,me_belfalas_region,GON,owned
me_land_2434,land,me_lindon_region,LIN,owned
me_land_2435,land,me_mordor_region,MOR,owned
me_land_2436_endore,land,me_north_arnor_region,WILD,wild_unclaimed
me_land_2437,land,me_northern_wastes_region,WILD,wild_forodwaith
me_land_2438,land,me_far_harad_region,HFA,owned
me_land_2439,land,me_belfalas_region,GON,owned
me_land_2440,land,me_enedwaith_region,WILD,wild_unclaimed
me_land_2441,land,me_far_harad_region,WILD,wild_unclaimed
me_land_2442,land,me_northern_wastes_region,WILD,wild_forodwaith
me_land_2443,land,me_north_arnor_region,WILD,wild_unclaimed
me_land_2444,land,me_far_harad_region,HFA,owned
me_land_2445,land,me_umbar_region,UMB,owned
me_land_2446,land,me_mordor_region,WILD,wild_unclaimed
me_land_2447,land,me_belfalas_region,GON,owned
me_land_2448,land,me_northern_wastes_region,WILD,wild_forodwaith
me_land_2449,land,me_north_arnor_region,WILD,wild_buffer
me_land_2450,land,me_far_harad_region,HFA,owned
me_land_2451,land,me_khand_region,KHA,owned
me_land_2452,land,me_mordor_region,MOR,owned
me_land_2453,land,me_umbar_region,UMB,owned
me_land_2454,land,me_brown_lands_region,WILD,wild_unclaimed
me_land_2455,land,me_mirkwood_region,DOL,owned
me_land_2456,land,me_northern_wastes_region,WILD,wild_forodwaith
me_land_2457,land,me_rhun_region,DOR,owned
me_land_2458,land,me_rhun_region,IRO,owned
me_land_2459,land,me_north_arnor_region,WILD,wild_unclaimed
me_land_2460,land,me_far_harad_region,WILD,wild_unclaimed
me_land_2461,land,me_northern_wastes_region,WILD,wild_forodwaith
me_land_2462,land,me_lindon_region,BLU,owned
me_land_2463,land,me_rhun_region,IRO,owned
me_land_2464,land,me_near_harad_region,HNE,owned
me_land_2465,land,me_dale_region,WOO,owned
me_land_2466,land,me_rhun_region,RHU,owned
me_land_2467,land,me_mordor_region,MOR,owned
me_land_2468,land,me_brown_lands_region,WILD,wild_unclaimed
me_land_2469,land,me_belfalas_region,GON,owned
me_land_2470,land,me_grey_mountains_region,GUN,owned
me_land_2471,land,me_lebennin_region,GON,owned
me_land_2472,land,me_rhun_region,IRO,owned
me_land_2473,land,me_rhun_region,WILD,wild_unclaimed
me_land_2474,land,me_umbar_region,UMB,owned
me_land_2475,land,me_mordor_region,MOR,owned
me_land_2476,land,me_rohan_region,ROH,owned
me_land_2477,land,me_belfalas_region,DAM,owned
me_land_2478,land,me_brown_lands_region,WILD,wild_unclaimed
me_land_2479,land,me_northern_wastes_region,WILD,wild_forodwaith
me_land_2480,land,me_umbar_region,UMB,owned
me_land_2481,land,me_anduin_vale_region,WILD,wild_unclaimed
me_land_2482,land,me_anduin_vale_region,GOB,owned
me_land_2483,land,me_mordor_region,MOR,owned
me_land_2484,land,me_north_arnor_region,WILD,wild_unclaimed
me_land_2485,land,me_near_harad_region,HRA,owned
me_land_2486,land,me_brown_lands_region,WILD,wild_unclaimed
me_land_2487,land,me_mordor_region,MOR,owned
me_land_2488,land,me_northern_wastes_region,WILD,wild_forodwaith
me_land_2489,land,me_north_arnor_region,WILD,wild_unclaimed
me_land_2490,land,me_ithilien_region,WILD,wild_ithilien
me_land_2491,land,me_north_arnor_region,WILD,wild_unclaimed
me_land_2492,land,me_northern_wastes_region,WILD,wild_forodwaith
me_land_2493,land,me_rhun_region,WILD,wild_unclaimed
me_land_2494,land,me_khand_region,KHA,owned
me_land_2495,land,me_rhun_region,DOR,owned
me_land_2496,land,me_mordor_region,WILD,wild_unclaimed
me_land_2497,land,me_mirkwood_region,WDM,owned
me_land_2498,land,me_mordor_region,WILD,wild_unclaimed
me_land_2499,land,me_dale_region,WOO,owned
me_land_2500,land,me_rhun_region,RH2,owned
me_land_2501,land,me_rhun_region,WILD,wild_unclaimed
me_land_2502,land,me_mordor_region,MOR,owned
me_land_2503,land,me_khand_region,WILD,wild_unclaimed
me_land_2504,land,me_enedwaith_region,RAN,owned
me_land_2505,land,me_khand_region,KHA,owned
me_land_2506,land,me_north_arnor_region,RIV,owned
me_land_2507,land,me_north_arnor_region,WILD,wild_unclaimed
me_land_2508,land,me_enedwaith_region,WILD,wild_buffer
me_land_2509,land,me_rohan_region,ROH,owned
me_land_2510,land,me_shire_breeland_region,WILD,wild_buffer
me_land_2511,land,me_lindon_region,LIN,owned
me_land_2512,land,me_far_harad_region,WILD,wild_unclaimed
me_land_2513,land,me_near_harad_region,WILD,wild_unclaimed
me_land_2514,land,me_enedwaith_region,WILD,wild_unclaimed
me_land_2515,land,me_forochel_region,LOS,owned
me_land_2516,land,me_dale_region,DAL,owned
me_land_2517,land,me_rhun_region,RHU,owned
me_land_2518,land,me_grey_mountains_region,WILD,wild_unclaimed
me_land_2519,land,me_north_arnor_region,RAN,owned
me_land_2520,land,me_mirkwood_region,WILD,wild_unclaimed
me_land_2521,land,me_enedwaith_region,WILD,wild_enedwaith
me_land_2522,land,me_northern_wastes_region,WILD,wild_forodwaith
me_land_2523,land,me_enedwaith_region,WILD,wild_unclaimed
me_land_2524,land,me_rhun_region,RHU,owned
me_land_2525,land,me_mordor_region,WILD,wild_unclaimed
me_land_2526,land,me_khand_region,WILD,wild_unclaimed
me_land_2527,land,me_rhun_region,RH2,owned
me_land_2528,land,me_mirkwood_region,WDM,owned
me_land_2529,land,me_rhun_region,WILD,wild_unclaimed
me_land_2530,land,me_lindon_region,LIN,owned
me_land_2531,land,me_belfalas_region,GON,owned
me_land_2532,land,me_mirkwood_region,DOL,owned
me_land_2533,land,me_lebennin_region,GON,owned
me_land_2534,land,me_enedwaith_region,WILD,wild_unclaimed
me_land_2535,land,me_ithilien_region,WILD,wild_ithilien
me_land_2536,land,me_north_arnor_region,WILD,wild_unclaimed
me_land_2537,land,me_near_harad_region,HNE,owned
me_land_2538,land,me_shire_breeland_region,SHI,owned
me_land_2539,land,me_rhun_region,WILD,wild_unclaimed
me_land_2540,land,me_khand_region,KHA,owned
me_land_2541,land,me_rhun_region,RH3,owned
me_land_2542,land,me_north_arnor_region,RIV,owned
me_land_2543,land,me_far_harad_region,HFA,owned
me_land_2544,land,me_mirkwood_region,WILD,wild_unclaimed
me_land_2545,land,me_mordor_region,MOR,owned
me_land_2546,land,me_lebennin_region,GON,owned
me_land_2547,land,me_northern_wastes_region,WILD,wild_forodwaith
me_land_2548,land,me_shire_breeland_region,WILD,wild_unclaimed
me_land_2549,land,me_rohan_region,ROH,owned
me_land_2550,land,me_north_arnor_region,RAN,owned
me_land_2551,land,me_enedwaith_region,WILD,wild_enedwaith
me_land_2552,land,me_enedwaith_region,WILD,wild_unclaimed
me_land_2553,land,me_northern_wastes_region,WILD,wild_forodwaith
me_land_2554,land,me_north_arnor_region,WILD,wild_unclaimed
me_land_2555,land,me_khand_region,KHA,owned
me_land_2556,land,me_near_harad_region,HRA,owned
me_land_2557,land,me_anorien_region,GON,owned
me_land_2558,land,me_anorien_region,GON,owned
me_land_2559,land,me_north_arnor_region,WILD,wild_unclaimed
me_land_2560,land,me_mordor_region,MOR,owned
me_land_2561,land,me_rhun_region,RH2,owned
me_land_2562,land,me_lebennin_region,GON,owned
me_land_2563,land,me_shire_breeland_region,BRE,owned
me_land_2564,land,me_rhun_region,IRO,owned
me_land_2565,land,me_brown_lands_region,WILD,wild_buffer
me_land_2566,land,me_north_arnor_region,WILD,wild_unclaimed
me_land_2567,land,me_rhun_region,WILD,wild_unclaimed
me_land_2568,land,me_rohan_region,ROH,owned
me_land_2569,land,me_rohan_region,ROH,owned
me_land_2570,land,me_brown_lands_region,WILD,wild_unclaimed
me_land_2571,land,me_enedwaith_region,RAN,owned
me_land_2572,land,me_north_arnor_region,WILD,wild_unclaimed
me_land_2573,land,me_rhun_region,WILD,wild_unclaimed
me_land_2574,land,me_rhun_region,RHU,owned
me_land_2575,land,me_belfalas_region,GON,owned
me_land_2576,land,me_grey_mountains_region,WILD,wild_unclaimed
me_land_2577,land,me_brown_lands_region,WILD,wild_unclaimed
me_land_2578,land,me_anorien_region,GON,owned
me_land_2579,land,me_enedwaith_region,WILD,wild_unclaimed
me_land_2580,land,me_dale_region,DAL,owned
me_land_2581,land,me_belfalas_region,DAM,owned
me_land_2582,land,me_northern_wastes_region,WILD,wild_forodwaith
me_land_2583,land,me_khand_region,KHA,owned
me_land_2584,land,me_northern_wastes_region,WILD,wild_forodwaith
me_land_2585,land,me_rhun_region,RH2,owned
me_land_2586,land,me_rhun_region,WILD,wild_unclaimed
me_land_2587,land,me_mirkwood_region,WILD,wild_unclaimed
me_land_2588,land,me_northern_wastes_region,WILD,wild_forodwaith
me_land_2589,land,me_northern_wastes_region,WILD,wild_forodwaith
me_land_2590,land,me_enedwaith_region,WILD,wild_unclaimed
me_land_2591,land,me_lindon_region,LIN,owned
me_land_2592,land,me_north_arnor_region,WILD,wild_unclaimed
me_land_2593,land,me_lebennin_region,GON,owned
me_land_2594,land,me_shire_breeland_region,WILD,wild_unclaimed
me_land_2595,land,me_northern_wastes_region,WILD,wild_forodwaith
me_land_2596,land,me_brown_lands_region,WILD,wild_unclaimed
me_land_2597,land,me_mordor_region,WILD,wild_unclaimed
me_land_2598,land,me_mordor_region,MOR,owned
me_land_2599,land,me_enedwaith_region,WILD,wild_unclaimed
me_land_2600,land,me_rhun_region,RHU,owned
me_land_2601,land,me_anduin_vale_region,BEO,owned
me_land_2602,land,me_mordor_region,MOR,owned
me_land_2603,land,me_anduin_vale_region,MOA,owned
me_land_2604,land,me_mordor_region,MOR,owned
me_land_2605,land,me_rhun_region,RH2,owned
me_land_2606,land,me_rohan_region,ROH,owned
me_land_2607,land,me_khand_region,WILD,wild_unclaimed
me_land_2608,land,me_enedwaith_region,MOA,owned
me_land_2609,land,me_lebennin_region,GON,owned
me_land_2610,land,me_northern_wastes_region,WILD,wild_forodwaith
me_land_2611,land,me_ithilien_region,WILD,wild_ithilien
me_land_2612,land,me_mordor_region,MOR,owned
me_land_2613,land,me_rhun_region,WILD,wild_unclaimed
me_land_2614,land,me_rhun_region,DOR,owned
me_land_2615,land,me_rhun_region,WILD,wild_unclaimed
me_land_2616,land,me_khand_region,WILD,wild_unclaimed
me_land_2617,land,me_umbar_region,UMB,owned
me_land_2618,land,me_rhun_region,RHU,owned
me_land_2619,land,me_near_harad_region,UMB,owned
me_land_2620,land,me_dale_region,ESG,owned
me_land_2621,land,me_south_gondor_region,GON,owned
me_land_2622,land,me_mirkwood_region,WILD,wild_unclaimed
me_land_2623,land,me_rhun_region,IRO,owned
me_land_2624,land,me_far_harad_region,WILD,wild_unclaimed
me_land_2625,land,me_lindon_region,LIN,owned
me_land_2626,land,me_enedwaith_region,WILD,wild_enedwaith
me_land_2627,land,me_lebennin_region,GON,owned
me_land_2628,land,me_mordor_region,MOR,owned
me_land_2629,land,me_mirkwood_region,WDM,owned
me_land_2630,land,me_rhun_region,RHU,owned
me_land_2631,land,me_northern_wastes_region,WILD,wild_forodwaith
me_land_2632,land,me_belfalas_region,DAM,owned
me_land_2633,land,me_mirkwood_region,WILD,wild_unclaimed
me_land_2634,land,me_rohan_region,ROH,owned
me_land_2635,land,me_north_arnor_region,WILD,wild_unclaimed
me_land_2636,land,me_north_arnor_region,ANG,owned
me_land_2637,land,me_far_harad_region,WILD,wild_unclaimed
me_land_2638,land,me_enedwaith_region,DUN,owned
me_land_2639,land,me_rhun_region,RH3,owned
me_land_2640,land,me_enedwaith_region,WILD,wild_buffer
me_land_2641,land,me_shire_breeland_region,SHI,owned
me_land_2642,land,me_anduin_vale_region,FAN,owned
me_land_2643,land,me_belfalas_region,DAM,owned
me_land_2644,land,me_anduin_vale_region,WILD,wild_unclaimed
me_land_2645,land,me_far_harad_region,WILD,wild_unclaimed
me_land_2646,land,me_mirkwood_region,WOO,owned
me_land_2647,land,me_mordor_region,MOR,owned
me_land_2648,land,me_mordor_region,MOR,owned
me_land_2649,land,me_forochel_region,LOS,owned
me_land_2650,land,me_grey_mountains_region,GUN,owned
me_land_2651,land,me_north_arnor_region,WILD,wild_unclaimed
me_land_2652,land,me_enedwaith_region,WILD,wild_unclaimed
me_land_2653,land,me_northern_wastes_region,WILD,wild_forodwaith
me_land_2654,land,me_lebennin_region,GON,owned
me_land_2655,land,me_mordor_region,MOR,owned
me_land_2656,land,me_anduin_vale_region,MOA,owned
me_land_2657,land,me_umbar_region,UMB,owned
me_land_2658,land,me_anorien_region,DRU,owned
me_land_2659,land,me_forochel_region,LOS,owned
me_land_2660,land,me_enedwaith_region,WILD,wild_enedwaith
me_land_2661,land,me_mordor_region,MOR,owned
me_land_2662,land,me_far_harad_region,WILD,wild_unclaimed
me_land_2663,land,me_enedwaith_region,WILD,wild_unclaimed
me_land_2664,land,me_mordor_region,WILD,wild_unclaimed
me_land_2665,land,me_near_harad_region,HRA,owned
me_land_2666,land,me_mordor_region,MOR,owned
me_land_2667,land,me_lindon_region,LIN,owned
me_land_2668,land,me_rhun_region,RH2,owned
me_land_2669,land,me_khand_region,WILD,wild_unclaimed
me_land_2670,land,me_umbar_region,UMB,owned
me_land_2671,land,me_rhun_region,RHU,owned
me_land_2672,land,me_enedwaith_region,WILD,wild_unclaimed
me_land_2673,land,me_near_harad_region,HRA,owned
me_land_2674,land,me_khand_region,WILD,wild_unclaimed
me_land_2675,land,me_belfalas_region,GON,owned
me_land_2676,land,me_rhun_region,RHU,owned
me_land_2677,land,me_northern_wastes_region,WILD,wild_forodwaith
me_land_2678,land,me_brown_lands_region,WILD,wild_unclaimed
me_land_2679,land,me_rhun_region,RHU,owned
me_land_2680,land,me_anduin_vale_region,MOA,owned
me_land_2681,land,me_near_harad_region,UMB,owned
me_land_2682,land,me_lindon_region,LIN,owned
me_land_2683,land,me_rhun_region,WILD,wild_unclaimed
me_land_2684,land,me_far_harad_region,WILD,wild_unclaimed
me_land_2685,land,me_anduin_vale_region,BEO,owned
me_land_2686,land,me_khand_region,KHA,owned
me_land_2687,land,me_north_arnor_region,WILD,wild_unclaimed
me_land_2688,land,me_shire_breeland_region,WILD,wild_buffer
me_land_2689,land,me_brown_lands_region,WILD,wild_unclaimed
me_land_2690,land,me_rhun_region,WILD,wild_unclaimed
me_land_2691,land,me_mordor_region,WILD,wild_unclaimed
me_land_2692,land,me_rhun_region,RHU,owned
me_land_2693,land,me_shire_breeland_region,WILD,wild_unclaimed
me_land_2694,land,me_anduin_vale_region,WILD,wild_unclaimed
me_land_2695,land,me_anduin_vale_region,LOR,owned
me_land_2696,land,me_rohan_region,ROH,owned
me_land_2697,land,me_khand_region,WILD,wild_unclaimed
me_land_2698,land,me_enedwaith_region,WILD,wild_buffer
me_land_2699,land,me_north_arnor_region,RIV,owned
me_land_2700,land,me_anduin_vale_region,BEO,owned
me_land_2701,land,me_northern_wastes_region,WILD,wild_forodwaith
me_land_2702,land,me_brown_lands_region,WILD,wild_unclaimed
me_land_2703,land,me_north_arnor_region,WILD,wild_buffer
me_land_2704,land,me_rohan_region,ROH,owned
me_land_2705,land,me_near_harad_region,HNE,owned
me_land_2706,land,me_rhun_region,WILD,wild_unclaimed
me_land_2707,land,me_enedwaith_region,WILD,wild_unclaimed
me_land_2708,land,me_angmar_region,GUN,owned
me_land_2709,land,me_umbar_region,UMB,owned
me_land_2710,land,me_mirkwood_region,WILD,wild_unclaimed
me_land_2711,land,me_anduin_vale_region,BEO,owned
me_land_2712,land,me_mordor_region,WILD,wild_unclaimed
me_land_2713,land,me_ithilien_region,WILD,wild_ithilien
me_land_2714,land,me_rhun_region,RH2,owned
me_land_2715,land,me_belfalas_region,DAM,owned
me_land_2716,land,me_brown_lands_region,WILD,wild_unclaimed
me_land_2717,land,me_northern_wastes_region,WILD,wild_forodwaith
me_land_2718,land,me_rhun_region,WILD,wild_unclaimed
me_land_2719,land,me_rohan_region,FAN,owned
me_land_2720,land,me_northern_wastes_region,WILD,wild_forodwaith
me_land_2721,land,me_rhun_region,WILD,wild_unclaimed
me_land_2722,land,me_enedwaith_region,WILD,wild_unclaimed
me_land_2723,land,me_far_harad_region,WILD,wild_unclaimed
me_land_2724,land,me_ithilien_region,WILD,wild_ithilien
me_land_2725,land,me_belfalas_region,GON,owned
me_land_2726,land,me_enedwaith_region,WILD,wild_unclaimed
me_land_2727,land,me_khand_region,WILD,wild_unclaimed
me_land_2728,land,me_enedwaith_region,WILD,wild_unclaimed
me_land_2729,land,me_lindon_region,BLU,owned
me_land_2730,land,me_forochel_region,LOS,owned
me_land_2731,land,me_belfalas_region,DAM,owned
me_land_2732,land,me_shire_breeland_region,BRE,owned
me_land_2733,land,me_forochel_region,LOS,owned
me_land_2734,land,me_near_harad_region,WILD,wild_unclaimed
me_land_2735,land,me_umbar_region,UMB,owned
me_land_2736,land,me_south_gondor_region,GON,owned
me_land_2737,land,me_grey_mountains_region,WILD,wild_unclaimed
me_land_2738,land,me_enedwaith_region,WILD,wild_unclaimed
me_land_2739,land,me_enedwaith_region,WILD,wild_enedwaith
me_land_2740,land,me_brown_lands_region,WILD,wild_unclaimed
me_land_2741,land,me_near_harad_region,HRA,owned
me_land_2742,land,me_rohan_region,ROH,owned
me_land_2743,land,me_mordor_region,WILD,wild_unclaimed
me_land_2744,land,me_far_harad_region,WILD,wild_unclaimed
me_land_2745,land,me_khand_region,WILD,wild_unclaimed
me_land_2746,land,me_far_harad_region,WILD,wild_unclaimed
me_land_2747,land,me_shire_breeland_region,WILD,wild_reviewed_component: east/north of the reviewed Brandywine Shire claim at the Bree frontier
me_land_2748,land,me_rhun_region,RHU,owned
me_land_2749,land,me_forochel_region,LOS,owned
me_land_2750,land,me_umbar_region,UMB,owned
me_land_2751,land,me_khand_region,KHA,owned
me_land_2752,land,me_rohan_region,ROH,owned
me_land_2753,land,me_shire_breeland_region,BRE,owned
me_land_2754,land,me_enedwaith_region,WILD,wild_unclaimed
me_land_2755,land,me_forochel_region,LOS,owned
me_land_2756,land,me_rhun_region,RHU,owned
me_land_2757,land,me_lindon_region,LIN,owned
me_land_2758,land,me_northern_wastes_region,WILD,wild_forodwaith
me_land_2759,land,me_rhun_region,RHU,owned
me_land_2760,land,me_mirkwood_region,WILD,wild_unclaimed
me_land_2761,land,me_mirkwood_region,DOL,owned
me_land_2762,land,me_mordor_region,MOR,owned
me_land_2763,land,me_rhun_region,RH2,owned
me_land_2764,land,me_northern_wastes_region,WILD,wild_forodwaith
me_land_2765,land,me_belfalas_region,GON,owned
me_land_2766,land,me_lindon_region,LIN,owned
me_land_2767,land,me_rhun_region,WILD,wild_unclaimed
me_land_2768,land,me_north_arnor_region,WILD,wild_unclaimed
me_land_2769,land,me_anorien_region,GON,owned
me_land_2770,land,me_belfalas_region,GON,owned
me_land_2771,land,me_rhun_region,WILD,wild_unclaimed
me_land_2772,land,me_anorien_region,GON,owned
me_land_2773,land,me_near_harad_region,UMB,owned
me_land_2774,land,me_northern_wastes_region,WILD,wild_forodwaith
me_land_2775,land,me_brown_lands_region,WILD,wild_unclaimed
me_land_2776,land,me_north_arnor_region,ANG,owned
me_land_2777,land,me_enedwaith_region,WILD,wild_unclaimed
me_land_2778,land,me_northern_wastes_region,WILD,wild_forodwaith
me_land_2779,land,me_brown_lands_region,WILD,wild_unclaimed
me_land_2780,land,me_belfalas_region,GON,owned
me_land_2781,land,me_enedwaith_region,WILD,wild_enedwaith
me_land_2782,land,me_mirkwood_region,DOL,owned
me_land_2783,land,me_far_harad_region,WILD,wild_unclaimed
me_land_2784,land,me_shire_breeland_region,WILD,wild_unclaimed
me_land_2785,land,me_shire_breeland_region,WILD,wild_buffer
me_land_2786,land,me_northern_wastes_region,WILD,wild_forodwaith
me_land_2787,land,me_khand_region,KHA,owned
me_land_2788,land,me_rohan_region,ROH,owned
me_land_2789,land,me_north_arnor_region,RAN,owned
me_land_2790,land,me_brown_lands_region,WILD,wild_unclaimed
me_land_2791,land,me_north_arnor_region,RAN,owned
me_land_2792,land,me_khand_region,KHA,owned
me_land_2793,land,me_northern_wastes_region,WILD,wild_forodwaith
me_land_2794,land,me_dale_region,DAL,owned
me_land_2795,land,me_khand_region,KHA,owned
me_land_2796,land,me_enedwaith_region,WILD,wild_buffer
me_land_2797,land,me_mirkwood_region,WILD,wild_unclaimed
me_land_2798,land,me_north_arnor_region,WILD,wild_unclaimed
me_land_2799,land,me_mordor_region,MOR,owned
me_land_2800,land,me_mordor_region,WILD,wild_unclaimed
me_land_2801,land,me_mordor_region,MOR,owned
me_land_2802,land,me_north_arnor_region,RAN,owned
me_land_2803,land,me_anorien_region,GON,owned
me_land_2804,land,me_rhun_region,RH3,owned
me_land_2805,land,me_ithilien_region,WILD,wild_ithilien
me_land_2806,land,me_rhun_region,RHU,owned
me_land_2807,land,me_lebennin_region,GON,owned
me_land_2808,land,me_shire_breeland_region,SHI,owned
me_land_2809,land,me_north_arnor_region,WILD,wild_buffer
me_land_2810,land,me_mordor_region,MOR,owned
me_land_2811,land,me_rhun_region,RH2,owned
me_land_2812,land,me_shire_breeland_region,WILD,wild_buffer
me_land_2813,land,me_belfalas_region,GON,owned
me_land_2814,land,me_lindon_region,LIN,owned
me_land_2815,land,me_rhun_region,RHU,owned
me_land_2816,land,me_northern_wastes_region,WILD,wild_forodwaith
me_land_2817,land,me_lebennin_region,GON,owned
me_land_2818,land,me_brown_lands_region,WILD,wild_unclaimed
me_land_2819,land,me_far_harad_region,HRA,owned
me_land_2820,land,me_lindon_region,BLU,owned
me_land_2821,land,me_rohan_region,FAN,owned
me_land_2822,land,me_far_harad_region,HFA,owned
me_land_2823,land,me_enedwaith_region,WILD,wild_unclaimed
me_land_2824,land,me_rhun_region,RHU,owned
me_land_2825,land,me_mirkwood_region,WILD,wild_unclaimed
me_land_2826,land,me_rohan_region,ROH,owned
me_land_2827,land,me_north_arnor_region,WILD,wild_unclaimed
me_land_2828,land,me_belfalas_region,GON,owned
me_land_2829,land,me_rhun_region,WILD,wild_unclaimed
me_land_2830,land,me_khand_region,KHA,owned
me_land_2831,land,me_rhun_region,DOR,owned
me_land_2832,land,me_enedwaith_region,WILD,wild_unclaimed
me_land_2833,land,me_north_arnor_region,WILD,wild_buffer
me_land_2834,land,me_rhun_region,WILD,wild_unclaimed
me_land_2835,land,me_brown_lands_region,WILD,wild_unclaimed
me_land_2836,land,me_anduin_vale_region,GOB,owned
me_land_2837,land,me_mordor_region,WILD,wild_unclaimed
me_land_2838,land,me_lindon_region,LIN,owned
me_land_2839,land,me_shire_breeland_region,SHI,owned
me_land_2840,land,me_anduin_vale_region,WILD,wild_unclaimed
me_land_2841,land,me_rhun_region,RH2,owned
me_land_2842,land,me_rhun_region,DOR,owned
me_land_2843,land,me_rhun_region,RH3,owned
me_land_2844,land,me_mordor_region,WILD,wild_unclaimed
me_land_2845,land,me_mirkwood_region,WDM,owned
me_land_2846,land,me_enedwaith_region,WILD,wild_unclaimed
me_land_2847,land,me_lebennin_region,GON,owned
me_land_2848,land,me_forochel_region,WILD,wild_unclaimed
me_land_2849,land,me_mordor_region,WILD,wild_unclaimed
me_land_2850,land,me_grey_mountains_region,WILD,wild_unclaimed
me_land_2851,land,me_rohan_region,ROH,owned
me_land_2852,land,me_mordor_region,WILD,wild_unclaimed
me_land_2853,land,me_anduin_vale_region,GOB,owned
me_land_2854,land,me_rhun_region,IRO,owned
me_land_2855,land,me_rhun_region,WILD,wild_unclaimed
me_land_2856,land,me_khand_region,WILD,wild_unclaimed
me_land_2857,land,me_anduin_vale_region,FAN,owned
me_land_2858,land,me_angmar_region,WILD,wild_unclaimed
me_land_2859,land,me_northern_wastes_region,WILD,wild_forodwaith
me_land_2860,land,me_rhun_region,RHU,owned
me_land_2861,land,me_enedwaith_region,DUN,owned
me_land_2862,land,me_far_harad_region,WILD,wild_unclaimed
me_land_2863,land,me_south_gondor_region,GON,owned
me_land_2864,land,me_umbar_region,UMB,owned
me_land_2865,land,me_enedwaith_region,WILD,wild_unclaimed
me_land_2866,land,me_rhun_region,WILD,wild_unclaimed
me_land_2867,land,me_rhun_region,RH2,owned
me_land_2868,land,me_mordor_region,MOR,owned
me_land_2869,land,me_belfalas_region,GON,owned
me_land_2870,land,me_khand_region,WILD,wild_unclaimed
me_land_2871,land,me_umbar_region,UMB,owned
me_land_2872,land,me_khand_region,WILD,wild_unclaimed
me_land_2873,land,me_anorien_region,GON,owned
me_land_2874,land,me_khand_region,KHA,owned
me_land_2875,land,me_north_arnor_region,WILD,wild_buffer
me_land_2876,land,me_forochel_region,LOS,owned
me_land_2877,land,me_mordor_region,WILD,wild_unclaimed
me_land_2878,land,me_mordor_region,MOR,owned
me_land_2879,land,me_near_harad_region,HNE,owned
me_land_2880,land,me_anduin_vale_region,BEO,owned
me_land_2881,land,me_far_harad_region,WILD,wild_unclaimed
me_land_2882,land,me_lindon_region,BLU,owned
me_land_2883,land,me_rhun_region,DOR,owned
me_land_2884,land,me_rohan_region,FAN,owned
me_land_2885,land,me_mordor_region,MOR,owned
me_land_2886,land,me_anduin_vale_region,BEO,owned
me_land_2887,land,me_rhun_region,RHU,owned
me_land_2888,land,me_rhun_region,RH3,owned
me_land_2889,land,me_northern_wastes_region,WILD,wild_forodwaith
me_land_2890,land,me_brown_lands_region,WILD,wild_unclaimed
me_land_2891,land,me_far_harad_region,HFA,owned
me_land_2892,land,me_enedwaith_region,WILD,wild_enedwaith
me_land_2893,land,me_rhun_region,RH2,owned
me_land_2894,land,me_south_gondor_region,GON,owned
me_land_2895,land,me_rhun_region,WILD,wild_unclaimed
me_land_2896,land,me_northern_wastes_region,WILD,wild_forodwaith
me_land_2897,land,me_rohan_region,ROH,owned
me_land_2898,land,me_enedwaith_region,WILD,wild_enedwaith
me_land_2899,land,me_mordor_region,MOR,owned
me_land_2900,land,me_near_harad_region,HNE,owned
me_land_2901,land,me_mordor_region,MOR,owned
me_land_2902,land,me_rhun_region,RH2,owned
me_land_2903,land,me_far_harad_region,WILD,wild_unclaimed
me_land_2904,land,me_near_harad_region,HRA,owned
me_land_2905,land,me_north_arnor_region,WILD,wild_unclaimed
me_land_2906,land,me_khand_region,KHA,owned
me_land_2907,land,me_rhun_region,RH2,owned
me_land_2908,land,me_mordor_region,WILD,wild_unclaimed
me_land_2909,land,me_belfalas_region,GON,owned
me_land_2910,land,me_rhun_region,RH3,owned
me_land_2911,land,me_mordor_region,MOR,owned
me_land_2912,land,me_rhun_region,WILD,wild_unclaimed
me_land_2913,land,me_northern_wastes_region,WILD,wild_forodwaith
me_land_2914,land,me_belfalas_region,DAM,owned
me_land_2915,land,me_south_gondor_region,GON,owned
me_land_2916,land,me_northern_wastes_region,WILD,wild_forodwaith
me_land_2917,land,me_far_harad_region,HFA,owned
me_land_2918,land,me_rhun_region,RH2,owned
me_land_2919,land,me_rhun_region,RHU,owned
me_land_2920,land,me_rhun_region,RH2,owned
me_land_2921,land,me_rohan_region,ROH,owned
me_land_2922,land,me_far_harad_region,HFA,owned
me_land_2923,land,me_brown_lands_region,WILD,wild_unclaimed
me_land_2924,land,me_north_arnor_region,WILD,wild_unclaimed
me_land_2925,land,me_north_arnor_region,WILD,wild_buffer
me_land_2926,land,me_far_harad_region,HFA,owned
me_land_2927,land,me_brown_lands_region,WILD,wild_unclaimed
me_land_2928,land,me_northern_wastes_region,WILD,wild_forodwaith
me_land_2929,land,me_mordor_region,WILD,wild_unclaimed
me_land_2930,land,me_rohan_region,ROH,owned
me_land_2931,land,me_ithilien_region,MOR,owned
me_land_2932,land,me_mordor_region,MOR,owned
me_land_2933,land,me_northern_wastes_region,WILD,wild_forodwaith
me_land_2934,land,me_mordor_region,MOR,owned
me_land_2935,land,me_mordor_region,MOR,owned
me_land_2936,land,me_northern_wastes_region,WILD,wild_forodwaith
me_land_2937,land,me_belfalas_region,GON,owned
me_land_2938,land,me_lindon_region,LIN,owned
me_land_2939,land,me_far_harad_region,WILD,wild_unclaimed
me_land_2940,land,me_northern_wastes_region,WILD,wild_forodwaith
me_land_2941,land,me_anduin_vale_region,GOB,owned
me_land_2942,land,me_north_arnor_region,RIV,owned
me_land_2943,land,me_enedwaith_region,WILD,wild_unclaimed
me_land_2944,land,me_brown_lands_region,WILD,wild_unclaimed
me_land_2945,land,me_rhun_region,DOR,owned
me_land_2946,land,me_enedwaith_region,WILD,wild_unclaimed
me_land_2947,land,me_northern_wastes_region,WILD,wild_forodwaith
me_land_2948,land,me_rohan_region,ROH,owned
me_land_2949,land,me_far_harad_region,WILD,wild_unclaimed
me_land_2950,land,me_ithilien_region,WILD,wild_ithilien
me_land_2951,land,me_near_harad_region,HNE,owned
me_land_2952,land,me_belfalas_region,GON,owned
me_land_2953,land,me_khand_region,KHA,owned
me_land_2954,land,me_khand_region,WILD,wild_unclaimed
me_land_2955,land,me_north_arnor_region,WILD,wild_unclaimed
me_land_2956,land,me_near_harad_region,HRA,owned
me_land_2957,land,me_enedwaith_region,WILD,wild_enedwaith
me_land_2958,land,me_khand_region,KHA,owned
me_land_2959,land,me_anduin_vale_region,WILD,wild_buffer
me_land_2960,land,me_forochel_region,LOS,owned
me_land_2961,land,me_rhun_region,RH2,owned
me_land_2962,land,me_mordor_region,MOR,owned
me_land_2963,land,me_north_arnor_region,RAN,owned
me_land_2964,land,me_anduin_vale_region,WILD,wild_unclaimed
me_land_2965,land,me_lebennin_region,GON,owned
me_land_2966,land,me_ithilien_region,WILD,wild_ithilien
me_land_2967,land,me_north_arnor_region,WILD,wild_unclaimed
me_land_2968,land,me_near_harad_region,UMB,owned
me_land_2969,land,me_shire_breeland_region,WILD,wild_buffer
me_land_2970,land,me_northern_wastes_region,WILD,wild_forodwaith
me_land_2971,land,me_near_harad_region,UMB,owned
me_land_2972,land,me_brown_lands_region,WILD,wild_unclaimed
me_land_2973,land,me_anduin_vale_region,BEO,owned
me_land_2974,land,me_rhun_region,RH2,owned
me_land_2975,land,me_shire_breeland_region,WILD,wild_buffer
me_land_2976,land,me_north_arnor_region,WILD,wild_unclaimed
me_land_2977,land,me_forochel_region,LOS,owned
me_land_2978,land,me_mordor_region,WILD,wild_unclaimed
me_land_2979,land,me_north_arnor_region,ANG,owned
me_land_2980,land,me_mordor_region,WILD,wild_unclaimed
me_land_2981,land,me_rhun_region,IRO,owned
me_land_2982,land,me_belfalas_region,GON,owned
me_land_2983,land,me_enedwaith_region,WILD,wild_unclaimed
me_land_2984,land,me_anorien_region,GON,owned
me_land_2985,land,me_rhun_region,WILD,wild_buffer
me_land_2986,land,me_khand_region,WILD,wild_unclaimed
me_land_2987,land,me_rohan_region,ROH,owned
me_land_2988,land,me_khand_region,KHA,owned
me_land_2989,land,me_umbar_region,UMB,owned
me_land_2990,land,me_rhun_region,RHU,owned
me_land_2991,land,me_khand_region,KHA,owned
me_land_2992,land,me_shire_breeland_region,SHI,owned
me_land_2993,land,me_rohan_region,ROH,owned
me_land_2994,land,me_mordor_region,MOR,owned
me_land_2995,land,me_near_harad_region,UMB,owned
me_land_2996,land,me_rhun_region,IRO,owned
me_land_2997,land,me_northern_wastes_region,WILD,wild_forodwaith
me_land_2998,land,me_north_arnor_region,WILD,wild_unclaimed
me_land_2999,land,me_umbar_region,UMB,owned
me_land_3000,land,me_mordor_region,WILD,wild_unclaimed
me_land_3001,land,me_khand_region,KHA,owned
me_land_3002,land,me_northern_wastes_region,WILD,wild_forodwaith
me_land_3003,land,me_belfalas_region,GON,owned
me_land_3004,land,me_lebennin_region,GON,owned
me_land_3005,land,me_rhun_region,WILD,wild_unclaimed
me_land_3006,land,me_enedwaith_region,WILD,wild_unclaimed
me_land_3007,land,me_mordor_region,MOR,owned
me_land_3008,land,me_north_arnor_region,WILD,wild_unclaimed
me_land_3009,land,me_mordor_region,WILD,wild_unclaimed
me_land_3010,land,me_umbar_region,UMB,owned
me_land_3011,land,me_mordor_region,MOR,owned
me_land_3012,land,me_brown_lands_region,WILD,wild_unclaimed
me_land_3013,land,me_shire_breeland_region,SHI,owned
me_land_3014,land,me_northern_wastes_region,WILD,wild_forodwaith
me_land_3015,land,me_northern_wastes_region,WILD,wild_forodwaith
me_land_3016,land,me_anduin_vale_region,WILD,wild_unclaimed
me_land_3017,land,me_north_arnor_region,RAN,owned
me_land_3018,land,me_north_arnor_region,WILD,wild_unclaimed
me_land_3019,land,me_mirkwood_region,WILD,wild_unclaimed
me_land_3020,land,me_rhun_region,WILD,wild_unclaimed
me_land_3021,land,me_north_arnor_region,RIV,owned
me_land_3022,land,me_rhun_region,DOR,owned
me_land_3023,land,me_brown_lands_region,WILD,wild_unclaimed
me_land_3024,land,me_northern_wastes_region,WILD,wild_forodwaith
me_land_3025,land,me_far_harad_region,HFA,owned
me_land_3026,land,me_north_arnor_region,WILD,wild_unclaimed
me_land_3027,land,me_rhun_region,RH2,owned
me_land_3028,land,me_mirkwood_region,WILD,wild_unclaimed
me_land_3029,land,me_near_harad_region,HNE,owned
me_land_3030,land,me_enedwaith_region,WILD,wild_unclaimed
me_land_3031,land,me_mordor_region,WILD,wild_unclaimed
me_land_3032,land,me_belfalas_region,GON,owned
me_land_3033,land,me_north_arnor_region,WILD,wild_unclaimed
me_land_3034,land,me_anorien_region,GON,owned
me_land_3035,land,me_northern_wastes_region,WILD,wild_forodwaith
me_land_3036,land,me_northern_wastes_region,WILD,wild_forodwaith
me_land_3037,land,me_rhun_region,RH2,owned
me_land_3038,land,me_khand_region,KHA,owned
me_land_3039,land,me_rhun_region,IRO,owned
me_land_3040,land,me_enedwaith_region,DUN,owned
me_land_3041,land,me_mirkwood_region,WILD,wild_unclaimed
me_land_3042,land,me_umbar_region,UMB,owned
me_land_3043,land,me_belfalas_region,GON,owned
me_land_3044,land,me_enedwaith_region,WILD,wild_unclaimed
me_land_3045,land,me_far_harad_region,HFA,owned
me_land_3046,land,me_north_arnor_region,WILD,wild_unclaimed
me_land_3047,land,me_far_harad_region,WILD,wild_unclaimed
me_land_3048,land,me_north_arnor_region,WILD,wild_unclaimed
me_land_3049,land,me_brown_lands_region,WILD,wild_brown_lands
me_land_3050,land,me_mordor_region,MOR,owned
me_land_3051,land,me_rhun_region,RH2,owned
me_land_3052,land,me_near_harad_region,HRA,owned
me_land_3053,land,me_far_harad_region,WILD,wild_unclaimed
me_land_3054,land,me_rhun_region,WILD,wild_buffer
me_land_3055,land,me_enedwaith_region,DUN,owned
me_land_3056,land,me_rhun_region,RH2,owned
me_land_3057,land,me_northern_wastes_region,WILD,wild_forodwaith
me_land_3058,land,me_dale_region,WOO,owned
me_land_3059,land,me_rohan_region,ROH,owned
me_land_3060,land,me_rhun_region,WILD,wild_unclaimed
me_land_3061,land,me_rhun_region,WILD,wild_unclaimed
me_land_3062,land,me_rhun_region,RHU,owned
me_land_3063,land,me_rhun_region,RH2,owned
me_land_3064,land,me_rhun_region,RH3,owned
me_land_3065,land,me_angmar_region,WILD,wild_unclaimed
me_land_3066,land,me_far_harad_region,WILD,wild_unclaimed
me_land_3067,land,me_dale_region,ERE,owned
me_land_3068,land,me_north_arnor_region,WILD,wild_unclaimed
me_land_3069,land,me_north_arnor_region,RAN,owned
me_land_3070,land,me_lindon_region,LIN,owned
me_land_3071,land,me_mordor_region,MOR,owned
me_land_3072,land,me_northern_wastes_region,WILD,wild_forodwaith
me_land_3073,land,me_khand_region,WILD,wild_unclaimed
me_land_3074,land,me_northern_wastes_region,WILD,wild_forodwaith
me_land_3075,land,me_rhun_region,RH3,owned
me_land_3076,land,me_mordor_region,WILD,wild_unclaimed
me_land_3077,land,me_far_harad_region,HFA,owned
me_land_3078,land,me_north_arnor_region,WILD,wild_buffer
me_land_3079,land,me_lindon_region,BLU,owned
me_land_3080,land,me_near_harad_region,HNE,owned
me_land_3081,land,me_mirkwood_region,BEO,owned
me_land_3082,land,me_ithilien_region,WILD,wild_ithilien
me_land_3083,land,me_belfalas_region,GON,owned
me_land_3084,land,me_rhun_region,RHU,owned
me_land_3085,land,me_khand_region,KHA,owned
me_land_3086,land,me_enedwaith_region,WILD,wild_unclaimed
me_land_3087,land,me_south_gondor_region,GON,owned
me_land_3088,land,me_belfalas_region,GON,owned
me_land_3089,land,me_forochel_region,LOS,owned
me_land_3090,land,me_rhun_region,WILD,wild_unclaimed
me_land_3091,land,me_forochel_region,LOS,owned
me_land_3092,land,me_khand_region,KHA,owned
me_land_3093,land,me_shire_breeland_region,WILD,wild_unclaimed
me_land_3094,land,me_rohan_region,ROH,owned
me_land_3095,land,me_northern_wastes_region,WILD,wild_forodwaith
me_land_3096,land,me_mirkwood_region,WDM,owned
me_land_3097,land,me_north_arnor_region,RAN,owned
me_land_3098,land,me_near_harad_region,HNE,owned
me_land_3099,land,me_khand_region,KHA,owned
me_land_3100,land,me_north_arnor_region,WILD,wild_unclaimed
me_land_3101,land,me_rhun_region,WILD,wild_unclaimed
me_land_3102,land,me_north_arnor_region,WILD,wild_unclaimed
me_land_3103,land,me_rhun_region,WILD,wild_unclaimed
me_land_3104,land,me_rhun_region,WILD,wild_unclaimed
me_land_3105,land,me_belfalas_region,DAM,owned
me_land_3106,land,me_anorien_region,GON,owned
me_land_3107,land,me_anduin_vale_region,WILD,wild_unclaimed
me_land_3108,land,me_enedwaith_region,WILD,wild_unclaimed
me_land_3109,land,me_rhun_region,WILD,wild_unclaimed
me_land_3110,land,me_near_harad_region,HNE,owned
me_land_3111,land,me_shire_breeland_region,BRE,owned
me_land_3112,land,me_umbar_region,UMB,owned
me_land_3113,land,me_belfalas_region,GON,owned
me_land_3114,land,me_rhun_region,WILD,wild_unclaimed
me_land_3115,land,me_anduin_vale_region,BEO,owned
me_land_3116,land,me_near_harad_region,HRA,owned
me_land_3117,land,me_brown_lands_region,WILD,wild_unclaimed
me_land_3118,land,me_mordor_region,MOR,owned
me_land_3119,land,me_lebennin_region,GON,owned
me_land_3120,land,me_mordor_region,MOR,owned
me_land_3121,land,me_khand_region,WILD,wild_unclaimed
me_land_3122,land,me_enedwaith_region,WILD,wild_unclaimed
me_land_3123,land,me_umbar_region,UMB,owned
me_land_3124,land,me_northern_wastes_region,WILD,wild_forodwaith
me_land_3125,land,me_enedwaith_region,WILD,wild_enedwaith
me_land_3126,land,me_dale_region,WOO,owned
me_land_3127,land,me_mirkwood_region,DOL,owned
me_land_3128,land,me_far_harad_region,HFA,owned
me_land_3129,land,me_mordor_region,MOR,owned
me_land_3130,land,me_mordor_region,WILD,wild_unclaimed
me_land_3131,land,me_rhun_region,DOR,owned
me_land_3132,land,me_far_harad_region,WILD,wild_unclaimed
me_land_3133,land,me_near_harad_region,HNE,owned
me_land_3134,land,me_south_gondor_region,GON,owned
me_land_3135,land,me_south_gondor_region,GON,owned
me_land_3136,land,me_anduin_vale_region,WILD,wild_unclaimed
me_land_3137,land,me_north_arnor_region,WILD,wild_buffer
me_land_3138,land,me_brown_lands_region,WILD,wild_unclaimed
me_land_3139,land,me_enedwaith_region,ISE,owned
me_land_3140,land,me_northern_wastes_region,WILD,wild_forodwaith
me_land_3141,land,me_anduin_vale_region,FAN,owned
me_land_3142,land,me_mordor_region,WILD,wild_unclaimed
me_land_3143,land,me_mordor_region,WILD,wild_unclaimed
me_land_3144,land,me_enedwaith_region,WILD,wild_enedwaith
me_land_3145,land,me_rohan_region,ROH,owned
me_land_3146,land,me_enedwaith_region,WILD,wild_enedwaith
me_land_3147,land,me_anduin_vale_region,BEO,owned
me_land_3148,land,me_anduin_vale_region,DOL,owned
me_land_3149,land,me_lindon_region,BLU,owned
me_land_3150,land,me_enedwaith_region,WILD,wild_enedwaith
me_land_3151,land,me_rhun_region,RH3,owned
me_land_3152,land,me_near_harad_region,HNE,owned
me_land_3153,land,me_far_harad_region,HRA,owned
me_land_3154,land,me_rohan_region,ROH,owned
me_land_3155,land,me_near_harad_region,UMB,owned
me_land_3156,land,me_belfalas_region,GON,owned
me_land_3157,land,me_brown_lands_region,WILD,wild_unclaimed
me_land_3158,land,me_anduin_vale_region,MOA,owned
me_land_3159,land,me_near_harad_region,HRA,owned
me_land_3160,land,me_rohan_region,ROH,owned
me_land_3161,land,me_mordor_region,WILD,wild_unclaimed
me_land_3162,land,me_northern_wastes_region,WILD,wild_forodwaith
me_land_3163,land,me_northern_wastes_region,WILD,wild_forodwaith
me_land_3164,land,me_near_harad_region,HNE,owned
me_land_3165,land,me_brown_lands_region,WILD,wild_unclaimed
me_land_3166,land,me_belfalas_region,GON,owned
me_land_3167,land,me_khand_region,KHA,owned
me_land_3168,land,me_brown_lands_region,WILD,wild_unclaimed
me_land_3169,land,me_rhun_region,RH3,owned
me_land_3170,land,me_umbar_region,UMB,owned
me_land_3171,land,me_brown_lands_region,WILD,wild_unclaimed
me_land_3172,land,me_rhun_region,RH3,owned
me_land_3173,land,me_dale_region,WOO,owned
me_land_3174,land,me_umbar_region,UMB,owned
me_land_3175,land,me_angmar_region,WILD,wild_unclaimed
me_land_3176,land,me_dale_region,DAL,owned
me_land_3177,land,me_khand_region,KHA,owned
me_land_3178,land,me_anduin_vale_region,BEO,owned
me_land_3179,land,me_near_harad_region,UMB,owned
me_land_3180,land,me_enedwaith_region,WILD,wild_enedwaith
me_land_3181,land,me_enedwaith_region,WILD,wild_unclaimed
me_land_3182,land,me_forochel_region,LOS,owned
me_land_3183,land,me_khand_region,KHA,owned
me_land_3184,land,me_mordor_region,MOR,owned
me_land_3185,land,me_khand_region,KHA,owned
me_land_3186,land,me_enedwaith_region,WILD,wild_enedwaith
me_land_3187,land,me_brown_lands_region,WILD,wild_unclaimed
me_land_3188,land,me_far_harad_region,HFA,owned
me_land_3189,land,me_south_gondor_region,GON,owned
me_land_3190,land,me_anorien_region,GON,owned
me_land_3191,land,me_lindon_region,LIN,owned
me_land_3192,land,me_belfalas_region,GON,owned
me_land_3193,land,me_umbar_region,UMB,owned
me_land_3194,land,me_rohan_region,ROH,owned
me_land_3195,land,me_far_harad_region,WILD,wild_unclaimed
me_land_3196,land,me_mordor_region,MOR,owned
me_land_3197,land,me_enedwaith_region,WILD,wild_unclaimed
me_land_3198,land,me_rhun_region,RHU,owned
me_land_3199,land,me_near_harad_region,HRA,owned
me_land_3200,land,me_belfalas_region,GON,owned
me_land_3201,land,me_near_harad_region,HNE,owned
me_land_3202,land,me_near_harad_region,UMB,owned
me_land_3203,land,me_anduin_vale_region,BEO,owned
me_land_3204,land,me_khand_region,KHA,owned
me_land_3205,land,me_anduin_vale_region,MOA,owned
me_land_3206,land,me_rhun_region,RH3,owned
me_land_3207,land,me_mordor_region,MOR,owned
me_land_3208,land,me_enedwaith_region,WILD,wild_unclaimed
me_land_3209,land,me_mirkwood_region,WILD,wild_unclaimed
me_land_3210,land,me_far_harad_region,HFA,owned
me_land_3211,land,me_far_harad_region,WILD,wild_unclaimed
me_land_3212,land,me_rhun_region,RH2,owned
me_land_3213,land,me_near_harad_region,UMB,owned
me_land_3214,land,me_lindon_region,BLU,owned
me_land_3215,land,me_khand_region,WILD,wild_unclaimed
me_land_3216,land,me_umbar_region,UMB,owned
me_land_3217,land,me_rhun_region,WILD,wild_unclaimed
me_land_3218,land,me_shire_breeland_region,WILD,wild_buffer
me_land_3219,land,me_brown_lands_region,WILD,wild_unclaimed
me_land_3220,land,me_mirkwood_region,RHO,owned
me_land_3221,land,me_mirkwood_region,WILD,wild_unclaimed
me_land_3222,land,me_rohan_region,ROH,owned
me_land_3223,land,me_north_arnor_region,WILD,wild_unclaimed
me_land_3224,land,me_far_harad_region,WILD,wild_unclaimed
me_land_3225,land,me_brown_lands_region,WILD,wild_unclaimed
me_land_3226,land,me_northern_wastes_region,WILD,wild_forodwaith
me_land_3227,land,me_brown_lands_region,WILD,wild_unclaimed
me_land_3228,land,me_mordor_region,WILD,wild_unclaimed
me_land_3229,land,me_mirkwood_region,WOO,owned
me_land_3230,land,me_far_harad_region,WILD,wild_unclaimed
me_land_3231,land,me_northern_wastes_region,WILD,wild_forodwaith
me_land_3232,land,me_enedwaith_region,WILD,wild_enedwaith
me_land_3233,land,me_angmar_region,WILD,wild_unclaimed
me_land_3234,land,me_enedwaith_region,WILD,wild_unclaimed
me_land_3235,land,me_enedwaith_region,WILD,wild_enedwaith
me_land_3236,land,me_anorien_region,GON,owned
me_land_3237,land,me_mordor_region,MOR,owned
me_land_3238,land,me_anduin_vale_region,GOB,owned
me_land_3239,land,me_mirkwood_region,DOL,owned
me_land_3240,land,me_anduin_vale_region,BEO,owned
me_land_3241,land,me_mirkwood_region,WILD,wild_unclaimed
me_land_3242,land,me_north_arnor_region,WILD,wild_unclaimed
me_land_3243,land,me_shire_breeland_region,WILD,wild_buffer
me_land_3244,land,me_belfalas_region,GON,owned
me_land_3245,land,me_brown_lands_region,WILD,wild_unclaimed
me_land_3246,land,me_enedwaith_region,WILD,wild_unclaimed
me_land_3247,land,me_lindon_region,LIN,owned
me_land_3248,land,me_far_harad_region,HRA,owned
me_land_3249,land,me_mordor_region,MOR,owned
me_land_3250,land,me_far_harad_region,HFA,owned
me_land_3251,land,me_grey_mountains_region,WILD,wild_unclaimed
me_land_3252,land,me_far_harad_region,HRA,owned
me_land_3253,land,me_anduin_vale_region,BEO,owned
me_land_3254,land,me_lindon_region,LIN,owned
me_land_3255,land,me_northern_wastes_region,WILD,wild_forodwaith
me_land_3256,land,me_brown_lands_region,WILD,wild_reviewed_frontier: the Dead Marshes lie outside settled control after the War of the Last Alliance
me_land_3257,land,me_belfalas_region,DAM,owned
me_land_3258,land,me_rhun_region,DOR,owned
me_land_3259,land,me_mordor_region,MOR,owned
me_land_3260,land,me_mordor_region,MOR,owned
me_land_3261,land,me_mordor_region,WILD,wild_unclaimed
me_land_3262,land,me_brown_lands_region,WILD,wild_unclaimed
me_land_3263,land,me_enedwaith_region,WILD,wild_unclaimed
me_land_3264,land,me_mordor_region,MOR,owned
me_land_3265,land,me_rohan_region,WILD,"wild_reviewed_frontier: Methedras is the mountain above Nan Curunir, not a settled Isengard holding"
me_land_3266,land,me_mordor_region,MOR,owned
me_land_3267,land,me_mordor_region,MOR,owned
me_land_3268,land,me_lebennin_region,GON,owned
me_land_3269,land,me_near_harad_region,HRA,owned
me_land_3270,land,me_brown_lands_region,WILD,wild_unclaimed
me_land_3271,land,me_near_harad_region,HNE,owned
me_land_3272,land,me_enedwaith_region,DUN,owned
me_land_3273,land,me_khand_region,KHA,owned
me_land_3274,land,me_northern_wastes_region,WILD,wild_forodwaith
me_land_3275,land,me_forochel_region,LOS,owned
me_land_3276,land,me_lebennin_region,GON,owned
me_land_3277,land,me_far_harad_region,HFA,owned
me_land_3278,land,me_mordor_region,WILD,wild_unclaimed
me_land_3279,land,me_mordor_region,WILD,wild_unclaimed
me_land_3280,land,me_mordor_region,WILD,wild_unclaimed
me_land_3281,land,me_near_harad_region,UMB,owned
me_land_3282,land,me_rhun_region,WILD,wild_buffer
me_land_3283,land,me_brown_lands_region,WILD,wild_unclaimed
me_land_3284,land,me_enedwaith_region,WILD,wild_enedwaith
me_land_3285,land,me_mordor_region,MOR,owned
me_land_3286,land,me_mordor_region,MOR,owned
me_land_3287,land,me_mordor_region,WILD,wild_unclaimed
me_land_3288,land,me_rhun_region,RH2,owned
me_land_3289,land,me_mordor_region,WILD,wild_unclaimed
me_land_3290,land,me_mordor_region,MOR,owned
me_land_3291,land,me_belfalas_region,GON,owned
me_land_3292,land,me_khand_region,KHA,owned
me_land_3293,land,me_enedwaith_region,WILD,wild_enedwaith
me_land_3294,land,me_lindon_region,LIN,owned
me_land_3295,land,me_rohan_region,ROH,owned
me_land_3296,land,me_enedwaith_region,WILD,wild_unclaimed
me_land_3297,land,me_northern_wastes_region,WILD,wild_forodwaith
me_land_3298,land,me_umbar_region,UMB,owned
me_land_3299,land,me_north_arnor_region,RAN,owned
me_land_3300,land,me_belfalas_region,GON,owned
me_land_3301,land,me_rhun_region,RHU,owned
me_land_3302,land,me_rhun_region,DOR,owned
me_land_3303,land,me_khand_region,WILD,wild_unclaimed
me_land_3304,land,me_rhun_region,RH3,owned
me_land_3305,land,me_forochel_region,LOS,owned
me_land_3306,land,me_far_harad_region,WILD,wild_unclaimed
me_land_3307,land,me_ithilien_region,WILD,wild_ithilien
me_land_3308,land,me_mordor_region,MOR,owned
me_land_3309,land,me_near_harad_region,UMB,owned
me_land_3310,land,me_northern_wastes_region,WILD,wild_forodwaith
me_land_3311,land,me_near_harad_region,HNE,owned
me_land_3312,land,me_enedwaith_region,DUN,owned
me_land_3313,land,me_rohan_region,ROH,owned
me_land_3314,land,me_rhun_region,WILD,wild_unclaimed
me_land_3315,land,me_lebennin_region,GON,owned
me_land_3316,land,me_rhun_region,RH2,owned
me_land_3317,land,me_northern_wastes_region,WILD,wild_forodwaith
me_land_3318,land,me_rhun_region,RHU,owned
me_land_3319,land,me_rohan_region,ROH,owned
me_land_3320,land,me_anduin_vale_region,GOB,owned
me_land_3321,land,me_khand_region,KHA,owned
me_land_3322,land,me_dale_region,ESG,owned
me_land_3323,land,me_dale_region,ESG,owned
me_land_3324,land,me_lebennin_region,GON,owned
me_land_3325,land,me_mirkwood_region,WILD,wild_unclaimed
me_land_3326,land,me_belfalas_region,DAM,owned
me_land_3327,land,me_umbar_region,UMB,owned
me_land_3328,land,me_near_harad_region,UMB,owned
me_land_3329,land,me_anorien_region,GON,owned
me_land_3330,land,me_rhun_region,RH2,owned
me_land_3331,land,me_mordor_region,MOR,owned
me_land_3332,land,me_northern_wastes_region,WILD,wild_forodwaith
me_land_3333,land,me_mirkwood_region,WILD,wild_unclaimed
me_land_3334,land,me_near_harad_region,HRA,owned
me_land_3335,land,me_shire_breeland_region,SHI,owned
me_land_3336,land,me_belfalas_region,GON,owned
me_land_3337,land,me_belfalas_region,DAM,owned
me_land_3338,land,me_mordor_region,WILD,wild_unclaimed
me_land_3339,land,me_brown_lands_region,WILD,wild_unclaimed
me_land_3340,land,me_brown_lands_region,WILD,wild_unclaimed
me_land_3341,land,me_khand_region,WILD,wild_unclaimed
me_land_3342,land,me_belfalas_region,GON,owned
me_land_3343,land,me_far_harad_region,HFA,owned
me_land_3344,land,me_khand_region,KHA,owned
me_land_3345,land,me_umbar_region,UMB,owned
me_land_3346,land,me_rhun_region,RHU,owned
me_land_3347,land,me_mordor_region,WILD,wild_unclaimed
me_land_3348,land,me_northern_wastes_region,WILD,wild_forodwaith
me_land_3349,land,me_lindon_region,LIN,owned
me_land_3350,land,me_mirkwood_region,WDM,owned
me_land_3351,land,me_northern_wastes_region,WILD,wild_forodwaith
me_land_3352,land,me_umbar_region,UMB,owned
me_land_3353,land,me_rhun_region,WILD,wild_unclaimed
me_land_3354,land,me_north_arnor_region,ANG,owned
me_land_3355,land,me_mirkwood_region,WDM,owned
me_land_3356,land,me_mordor_region,WILD,wild_unclaimed
me_land_3357,land,me_rhun_region,DOR,owned
me_land_3358,land,me_enedwaith_region,WILD,wild_enedwaith
me_land_3359,land,me_ithilien_region,WILD,wild_ithilien
me_land_3360,land,me_north_arnor_region,WILD,wild_unclaimed
me_land_3361,land,me_rhun_region,DOR,owned
me_land_3362,land,me_north_arnor_region,WILD,wild_unclaimed
me_land_3363,land,me_umbar_region,UMB,owned
me_land_3364,land,me_belfalas_region,GON,owned
me_land_3365,land,me_enedwaith_region,WILD,wild_enedwaith
me_land_3366,land,me_northern_wastes_region,WILD,wild_forodwaith
me_land_3367,land,me_lindon_region,LIN,owned
me_land_3368,land,me_near_harad_region,HNE,owned
me_land_3369,land,me_mordor_region,MOR,owned
me_land_3370,land,me_lebennin_region,GON,owned
me_land_3371,land,me_northern_wastes_region,WILD,wild_forodwaith
me_land_3372,land,me_rhun_region,RH3,owned
me_land_3373,land,me_umbar_region,UMB,owned
me_land_3374,land,me_mordor_region,MOR,owned
me_land_3375,land,me_khand_region,WILD,wild_unclaimed
me_land_3376,land,me_mordor_region,WILD,wild_unclaimed
me_land_3377,land,me_rhun_region,WILD,wild_unclaimed
me_land_3378,land,me_forochel_region,LOS,owned
me_land_3379,land,me_far_harad_region,HFA,owned
me_land_3380,land,me_enedwaith_region,WILD,wild_unclaimed
me_land_3381,land,me_rhun_region,RHU,owned
me_land_3382,land,me_enedwaith_region,WILD,wild_enedwaith
me_land_3383,land,me_mordor_region,MOR,owned
me_land_3384,land,me_near_harad_region,HNE,owned
me_land_3385,land,me_khand_region,KHA,owned
me_land_3386,land,me_anduin_vale_region,BEO,owned
me_land_3387,land,me_rhun_region,RH2,owned
me_land_3388,land,me_anduin_vale_region,BEO,owned
me_land_3389,land,me_mordor_region,MOR,owned
me_land_3390,land,me_ithilien_region,WILD,wild_ithilien
me_land_3391,land,me_brown_lands_region,WILD,wild_unclaimed
me_land_3392,land,me_shire_breeland_region,BRE,owned
me_land_3393,land,me_rhun_region,WILD,wild_unclaimed
me_land_3394,land,me_mirkwood_region,DOL,owned
me_land_3395,land,me_enedwaith_region,WILD,wild_unclaimed
me_land_3396,land,me_mordor_region,MOR,owned
me_land_3397,land,me_khand_region,WILD,wild_unclaimed
me_land_3398,land,me_khand_region,WILD,wild_unclaimed
me_land_3399,land,me_enedwaith_region,WILD,wild_buffer
me_land_3400,land,me_rhun_region,RH2,owned
me_land_3401,land,me_far_harad_region,HFA,owned
me_land_3402,land,me_anduin_vale_region,WILD,wild_unclaimed
me_land_3403,land,me_south_gondor_region,GON,owned
me_land_3404,land,me_ithilien_region,WILD,wild_reviewed_frontier: Ithilien has been emptied since TA 2954 despite its Gondorian dynastic memory
me_land_3405,land,me_lindon_region,LIN,owned
me_land_3406,land,me_umbar_region,UMB,owned
me_land_3407,land,me_rhun_region,RHU,owned
me_land_3408,land,me_far_harad_region,HFA,owned
me_land_3409,land,me_north_arnor_region,WILD,wild_unclaimed
me_land_3410,land,me_far_harad_region,WILD,wild_unclaimed
me_land_3411,land,me_umbar_region,UMB,owned
me_land_3412,land,me_belfalas_region,GON,owned
me_land_3413,land,me_ithilien_region,WILD,wild_ithilien
me_land_3414,land,me_rohan_region,ROH,owned
me_land_3415,land,me_north_arnor_region,WILD,wild_unclaimed
me_land_3416,land,me_rohan_region,ROH,owned
me_land_3417,land,me_enedwaith_region,WILD,wild_enedwaith
me_land_3418,land,me_khand_region,KHA,owned
me_land_3419,land,me_mordor_region,MOR,owned
me_land_3420,land,me_north_arnor_region,WILD,wild_unclaimed
me_land_3421,land,me_north_arnor_region,RAN,owned
me_land_3422,land,me_near_harad_region,UMB,owned
me_land_3423,land,me_northern_wastes_region,WILD,wild_forodwaith
me_land_3424,land,me_northern_wastes_region,WILD,wild_forodwaith
me_land_3425,land,me_rhun_region,RH2,owned
me_land_3426,land,me_mirkwood_region,WILD,wild_unclaimed
me_land_3427,land,me_belfalas_region,GON,owned
me_land_3428,land,me_umbar_region,UMB,owned
me_land_3429,land,me_north_arnor_region,WILD,wild_unclaimed
me_land_3430,land,me_umbar_region,UMB,owned
me_land_3431,land,me_north_arnor_region,WILD,wild_unclaimed
me_land_3432,land,me_mordor_region,WILD,wild_unclaimed
me_land_3433,land,me_anduin_vale_region,WILD,wild_unclaimed
me_land_3434,land,me_forochel_region,LOS,owned
me_land_3435,land,me_enedwaith_region,WILD,wild_unclaimed
me_land_3436,land,me_rhun_region,RHU,owned
me_land_3437,land,me_mirkwood_region,WILD,wild_unclaimed
me_land_3438,land,me_rhun_region,RH3,owned
me_land_3439,land,me_anduin_vale_region,BEO,owned
me_land_3440,land,me_mordor_region,MOR,owned
me_land_3441,land,me_mirkwood_region,WOO,owned
me_land_3442,land,me_north_arnor_region,WILD,wild_unclaimed
me_land_3443,land,me_north_arnor_region,WILD,wild_unclaimed
me_land_3444,land,me_forochel_region,LOS,owned
me_land_3445,land,me_rohan_region,ISE,owned
me_land_3446,land,me_northern_wastes_region,WILD,wild_forodwaith
me_land_3447,land,me_rhun_region,DOR,owned
me_land_3448,land,me_lindon_region,LIN,owned
me_land_3449,land,me_north_arnor_region,WILD,wild_unclaimed
me_land_3450,land,me_umbar_region,UMB,owned
me_land_3451,land,me_mordor_region,WILD,wild_unclaimed
me_land_3452,land,me_khand_region,WILD,wild_unclaimed
me_land_3453,land,me_rhun_region,RHU,owned
me_land_3454,land,me_enedwaith_region,WILD,wild_unclaimed
me_land_3455,land,me_enedwaith_region,WILD,wild_buffer
me_land_3456,land,me_anorien_region,GON,owned
me_land_3457,land,me_lindon_region,LIN,owned
me_land_3458,land,me_anorien_region,GON,owned
me_land_3459,land,me_ithilien_region,WILD,wild_ithilien
me_land_3460,land,me_lindon_region,BLU,owned
me_land_3461,land,me_north_arnor_region,WILD,wild_unclaimed
me_land_3462,land,me_rhun_region,RHU,owned
me_land_3463,land,me_near_harad_region,UMB,owned
me_land_3464,land,me_rhun_region,RH3,owned
me_land_3465,land,me_forochel_region,LOS,owned
me_land_3466,land,me_enedwaith_region,WILD,wild_enedwaith
me_land_3467,land,me_enedwaith_region,WILD,wild_enedwaith
me_land_3468,land,me_rhun_region,RH2,owned
me_land_3469,land,me_anduin_vale_region,BEO,owned
me_land_3470,land,me_rhun_region,DOR,owned
me_land_3471,land,me_mirkwood_region,WOO,owned
me_land_3472,land,me_lindon_region,LIN,owned
me_land_3473,land,me_shire_breeland_region,BRE,owned
me_land_3474,land,me_mordor_region,MOR,owned
me_land_3475,land,me_enedwaith_region,DUN,owned
me_land_3476,land,me_brown_lands_region,WILD,wild_unclaimed
me_land_3477,land,me_mordor_region,MOR,owned
me_land_3478,land,me_rohan_region,ROH,owned
me_land_3479,land,me_rhun_region,RH2,owned
me_land_3480,land,me_mirkwood_region,WDM,owned
me_land_3481,land,me_enedwaith_region,WILD,wild_enedwaith
me_land_3482,land,me_northern_wastes_region,WILD,wild_forodwaith
me_land_3483,land,me_lindon_region,LIN,owned
me_land_3484,land,me_belfalas_region,GON,owned
me_land_3485,land,me_mordor_region,WILD,wild_unclaimed
me_land_3486,land,me_umbar_region,UMB,owned
me_land_3487,land,me_belfalas_region,DAM,owned
me_land_3488,land,me_anduin_vale_region,WILD,wild_unclaimed
me_land_3489,land,me_northern_wastes_region,WILD,wild_forodwaith
me_land_3490,land,me_north_arnor_region,WILD,wild_unclaimed
me_land_3491,land,me_umbar_region,UMB,owned
me_land_3492,land,me_north_arnor_region,WILD,wild_buffer
me_land_3493,land,me_mordor_region,MOR,owned
me_land_3494,land,me_north_arnor_region,WILD,wild_unclaimed
me_land_3495,land,me_khand_region,KHA,owned
me_land_3496,land,me_anduin_vale_region,WILD,wild_unclaimed
me_land_3497,land,me_belfalas_region,GON,owned
me_land_3498,land,me_shire_breeland_region,SHI,owned
me_land_3499,land,me_forochel_region,LOS,owned
me_land_3500,land,me_anorien_region,GON,owned
me_land_3501,land,me_near_harad_region,HNE,owned
me_land_3502,land,me_lebennin_region,GON,owned
me_land_3503,land,me_north_arnor_region,WILD,wild_unclaimed
me_land_3504,land,me_mordor_region,WILD,wild_unclaimed
me_land_3505,land,me_far_harad_region,HFA,owned
me_land_3506,land,me_rhun_region,WILD,wild_unclaimed
me_land_3507,land,me_mordor_region,MOR,owned
me_land_3508,land,me_south_gondor_region,GON,owned
me_land_3509,land,me_rhun_region,RHU,owned
me_land_3510,land,me_belfalas_region,DAM,owned
me_land_3511,land,me_near_harad_region,HRA,owned
me_land_3512,land,me_lindon_region,BLU,owned
me_land_3513,land,me_anorien_region,GON,owned
me_land_3514,land,me_enedwaith_region,WILD,wild_unclaimed
me_land_3515,land,me_ithilien_region,WILD,wild_ithilien
me_land_3516,land,me_near_harad_region,HNE,owned
me_land_3517,land,me_mordor_region,MOR,owned
me_land_3518,land,me_enedwaith_region,WILD,wild_enedwaith
me_land_3519,land,me_northern_wastes_region,WILD,wild_forodwaith
me_land_3520,land,me_north_arnor_region,WILD,wild_unclaimed
me_land_3521,land,me_belfalas_region,GON,owned
me_land_3522,land,me_mordor_region,WILD,wild_unclaimed
me_land_3523,land,me_rhun_region,RHU,owned
me_land_3524,land,me_shire_breeland_region,SHI,owned
me_land_3525,land,me_mirkwood_region,WOO,owned
me_land_3526,land,me_enedwaith_region,WILD,wild_unclaimed
me_land_3527,land,me_rhun_region,RHU,owned
me_land_3528,land,me_rohan_region,FAN,owned
me_land_3529,land,me_mordor_region,MOR,owned
me_land_3530,land,me_rhun_region,IRO,owned
me_land_3531,land,me_near_harad_region,UMB,owned
me_land_3532,land,me_north_arnor_region,WILD,wild_unclaimed
me_land_3533,land,me_northern_wastes_region,WILD,wild_forodwaith
me_land_3534,land,me_khand_region,WILD,wild_unclaimed
me_land_3535,land,me_anduin_vale_region,BEO,owned
me_land_3536,land,me_belfalas_region,GON,owned
me_land_3537,land,me_near_harad_region,HNE,owned
me_land_3538,land,me_rohan_region,ROH,owned
me_land_3539,land,me_near_harad_region,HNE,owned
me_land_3540,land,me_mirkwood_region,WILD,wild_unclaimed
me_land_3541,land,me_far_harad_region,WILD,wild_unclaimed
me_land_3542,land,me_north_arnor_region,RIV,owned
me_land_3543,land,me_rhun_region,RHU,owned
me_land_3544,land,me_mordor_region,WILD,wild_unclaimed
me_land_3545,land,me_khand_region,KHA,owned
me_land_3546,land,me_rhun_region,RH2,owned
me_land_3547,land,me_forochel_region,LOS,owned
me_land_3548,land,me_northern_wastes_region,WILD,wild_forodwaith
me_land_3549,land,me_anduin_vale_region,LOR,owned
me_land_3550,land,me_shire_breeland_region,WILD,wild_buffer
me_land_3551,land,me_north_arnor_region,WILD,wild_unclaimed
me_land_3552,land,me_far_harad_region,WILD,wild_unclaimed
me_land_3553,land,me_khand_region,WILD,wild_unclaimed
me_land_3554,land,me_far_harad_region,HRA,owned
me_land_3555,land,me_dale_region,ESG,owned
me_land_3556,land,me_near_harad_region,HRA,owned
me_land_3557,land,me_mordor_region,WILD,wild_unclaimed
me_land_3558,land,me_belfalas_region,GON,owned
me_land_3559,land,me_mordor_region,WILD,wild_unclaimed
me_land_3560,land,me_enedwaith_region,WILD,wild_unclaimed
me_land_3561,land,me_north_arnor_region,WILD,wild_unclaimed
me_land_3562,land,me_brown_lands_region,WILD,wild_unclaimed
me_land_3563,land,me_enedwaith_region,WILD,wild_enedwaith
me_land_3564,land,me_khand_region,KHA,owned
me_land_3565,land,me_mirkwood_region,DOL,owned
me_land_3566,land,me_shire_breeland_region,SHI,owned
me_land_3567,land,me_brown_lands_region,WILD,wild_unclaimed
me_land_3568,land,me_enedwaith_region,WILD,wild_enedwaith
me_land_3569,land,me_rhun_region,RHU,owned
me_land_3570,land,me_enedwaith_region,WILD,wild_buffer
me_land_3571,land,me_khand_region,WILD,wild_unclaimed
me_land_3572,land,me_shire_breeland_region,WILD,wild_buffer
me_land_3573,land,me_forochel_region,LOS,owned
me_land_3574,land,me_belfalas_region,GON,owned
me_land_3575,land,me_near_harad_region,HNE,owned
me_land_3576,land,me_rhun_region,RH2,owned
me_land_3577,land,me_rhun_region,DOR,owned
me_land_3578,land,me_northern_wastes_region,WILD,wild_forodwaith
me_land_3579,land,me_belfalas_region,DAM,owned
me_land_3580,land,me_rhun_region,WILD,wild_unclaimed
me_land_3581,land,me_lebennin_region,GON,owned
me_land_3582,land,me_lindon_region,BLU,owned
me_land_3583,land,me_lebennin_region,GON,owned
me_land_3584,land,me_ithilien_region,GON,owned
me_land_3585,land,me_north_arnor_region,WILD,wild_unclaimed
me_land_3586,land,me_rhun_region,RHU,owned
me_land_3587,land,me_rohan_region,ROH,owned
me_land_3588,land,me_brown_lands_region,WILD,wild_unclaimed
me_land_3589,land,me_rhun_region,RHU,owned
me_land_3590,land,me_anduin_vale_region,WILD,wild_buffer
me_land_3591,land,me_mordor_region,WILD,wild_unclaimed
me_land_3592,land,me_rhun_region,DOR,owned
me_land_3593,land,me_far_harad_region,HFA,owned
me_land_3594,land,me_south_gondor_region,GON,owned
me_land_3595,land,me_anduin_vale_region,WILD,wild_buffer
me_land_3596,land,me_mirkwood_region,WDM,owned
me_land_3597,land,me_shire_breeland_region,SHI,owned
me_land_3598,land,me_north_arnor_region,WILD,wild_unclaimed
me_land_3599,land,me_north_arnor_region,WILD,wild_unclaimed
me_land_3600,land,me_rhun_region,RH2,owned
me_land_3601,land,me_rhun_region,RHU,owned
me_land_3602,land,me_anduin_vale_region,LOR,owned
me_land_3603,land,me_north_arnor_region,WILD,wild_unclaimed
me_land_3604,land,me_mordor_region,WILD,wild_unclaimed
me_land_3605,land,me_near_harad_region,UMB,owned
me_land_3606,land,me_khand_region,WILD,wild_unclaimed
me_land_3607,land,me_rhun_region,WILD,wild_unclaimed
me_land_3608,land,me_northern_wastes_region,WILD,wild_forodwaith
me_land_3609,land,me_mordor_region,MOR,owned
me_land_3610,land,me_near_harad_region,UMB,owned
me_land_3611,land,me_rhun_region,RH3,owned
me_land_3612,land,me_northern_wastes_region,WILD,wild_forodwaith
me_land_3613,land,me_north_arnor_region,WILD,wild_unclaimed
me_land_3614,land,me_anduin_vale_region,WILD,wild_unclaimed
me_land_3615,land,me_angmar_region,WILD,wild_unclaimed
me_land_3616,land,me_khand_region,WILD,wild_unclaimed
me_land_3617,land,me_north_arnor_region,WILD,wild_unclaimed
me_land_3618,land,me_belfalas_region,GON,owned
me_land_3619,land,me_north_arnor_region,WILD,wild_unclaimed
me_land_3620,land,me_enedwaith_region,DUN,owned
me_land_3621,land,me_north_arnor_region,WILD,wild_unclaimed
me_land_3622,land,me_near_harad_region,HRA,owned
me_land_3623,land,me_near_harad_region,UMB,owned
me_land_3624,land,me_near_harad_region,UMB,owned
me_land_3625,land,me_north_arnor_region,WILD,wild_unclaimed
me_land_3626,land,me_ithilien_region,WILD,wild_ithilien
me_land_3627,land,me_near_harad_region,HNE,owned
me_land_3628,land,me_rhun_region,RH3,owned
me_land_3629,land,me_forochel_region,LOS,owned
me_land_3630,land,me_south_gondor_region,GON,owned
me_land_3631,land,me_mirkwood_region,WILD,wild_unclaimed
me_land_3632,land,me_forochel_region,LOS,owned
me_land_3633,land,me_rhun_region,WILD,wild_unclaimed
me_land_3634,land,me_umbar_region,UMB,owned
me_land_3635,land,me_rohan_region,ROH,owned
me_land_3636,land,me_far_harad_region,HFA,owned
me_land_3637,land,me_mordor_region,WILD,wild_unclaimed
me_land_3638,land,me_ithilien_region,WILD,wild_ithilien
me_land_3639,land,me_north_arnor_region,WILD,wild_buffer
me_land_3640,land,me_enedwaith_region,WILD,wild_enedwaith
me_land_3641,land,me_northern_wastes_region,WILD,wild_forodwaith
me_land_3642,land,me_northern_wastes_region,WILD,wild_forodwaith
me_land_3643,land,me_mordor_region,WILD,wild_unclaimed
me_land_3644,land,me_rohan_region,ROH,owned
me_land_3645,land,me_khand_region,KHA,owned
me_land_3646,land,me_brown_lands_region,WILD,wild_unclaimed
me_land_3647,land,me_mordor_region,WILD,wild_unclaimed
me_land_3648,land,me_belfalas_region,GON,owned
me_land_3649,land,me_lindon_region,LIN,owned
me_land_3650,land,me_rohan_region,ROH,owned
me_land_3651,land,me_far_harad_region,HFA,owned
me_land_3652,land,me_far_harad_region,WILD,wild_unclaimed
me_land_3653,land,me_khand_region,KHA,owned
me_land_3654,land,me_northern_wastes_region,WILD,wild_forodwaith
me_land_3655,land,me_rhun_region,WILD,wild_unclaimed
me_land_3656,land,me_mordor_region,MOR,owned
me_land_3657,land,me_enedwaith_region,WILD,wild_unclaimed
me_land_3658,land,me_mordor_region,MOR,owned
me_land_3659,land,me_north_arnor_region,WILD,wild_unclaimed
me_land_3660,land,me_mordor_region,MOR,owned
me_land_3661,land,me_belfalas_region,GON,owned
me_land_3662,land,me_north_arnor_region,WILD,wild_unclaimed
me_land_3663,land,me_mordor_region,WILD,wild_unclaimed
me_land_3664,land,me_mordor_region,WILD,wild_unclaimed
me_land_3665,land,me_rhun_region,RHU,owned
me_land_3666,land,me_north_arnor_region,WILD,wild_unclaimed
me_land_3667,land,me_angmar_region,WILD,wild_unclaimed
me_land_3668,land,me_umbar_region,UMB,owned
me_land_3669,land,me_brown_lands_region,WILD,wild_unclaimed
me_land_3670,land,me_anduin_vale_region,MOA,owned
me_land_3671,land,me_rhun_region,RH3,owned
me_land_3672,land,me_mirkwood_region,WILD,wild_unclaimed
me_land_3673,land,me_enedwaith_region,WILD,wild_unclaimed
me_land_3674,land,me_enedwaith_region,WILD,wild_enedwaith
me_land_3675,land,me_far_harad_region,WILD,wild_unclaimed
me_land_3676,land,me_shire_breeland_region,WILD,wild_buffer
me_land_3677,land,me_rhun_region,RHU,owned
me_land_3678,land,me_rhun_region,WILD,wild_unclaimed
me_land_3679,land,me_anduin_vale_region,WILD,wild_unclaimed
me_land_3680,land,me_rohan_region,ROH,owned
me_land_3681,land,me_northern_wastes_region,WILD,wild_forodwaith
me_land_3682,land,me_mirkwood_region,WOO,owned
me_land_3683,land,me_khand_region,KHA,owned
me_land_3684,land,me_far_harad_region,WILD,wild_unclaimed
me_land_3685,land,me_mirkwood_region,WDM,owned
me_land_3686,land,me_mirkwood_region,WDM,owned
me_land_3687,land,me_rhun_region,RH3,owned
me_land_3688,land,me_near_harad_region,UMB,owned
me_land_3689,land,me_enedwaith_region,WILD,wild_enedwaith
me_land_3690,land,me_enedwaith_region,WILD,wild_reviewed_frontier: the long-ruined Eregion capital is not a surviving realm's holding
me_land_3691,land,me_mordor_region,MOR,owned
me_land_3692,land,me_far_harad_region,HRA,owned
me_land_3693,land,me_brown_lands_region,WILD,wild_unclaimed
me_land_3694,land,me_rhun_region,WILD,wild_unclaimed
me_land_3695,land,me_khand_region,KHA,owned
me_land_3696,land,me_belfalas_region,GON,owned
me_land_3697,land,me_dale_region,WOO,owned
me_land_3698,land,me_northern_wastes_region,WILD,wild_forodwaith
me_land_3699,land,me_forochel_region,LOS,owned
me_land_3700,land,me_belfalas_region,GON,owned
me_land_3701,land,me_lindon_region,LIN,owned
me_land_3702,land,me_mordor_region,MOR,owned
me_land_3703,land,me_near_harad_region,HRA,owned
me_land_3704,land,me_mordor_region,MOR,owned
me_land_3705,land,me_south_gondor_region,GON,owned
me_land_3706,land,me_anduin_vale_region,WILD,wild_unclaimed
me_land_3707,land,me_north_arnor_region,WILD,wild_unclaimed
me_land_3708,land,me_far_harad_region,HRA,owned
me_land_3709,land,me_shire_breeland_region,WILD,wild_buffer
me_land_3710,land,me_brown_lands_region,WILD,wild_unclaimed
me_land_3711,land,me_brown_lands_region,WILD,wild_unclaimed
me_land_3712,land,me_mordor_region,MOR,owned
me_land_3713,land,me_rhun_region,DOR,owned
me_land_3714,land,me_mordor_region,WILD,wild_unclaimed
me_land_3715,land,me_rohan_region,ROH,owned
me_land_3716,land,me_rhun_region,RHU,owned
me_land_3717,land,me_enedwaith_region,WILD,wild_enedwaith
me_land_3718,land,me_belfalas_region,GON,owned
me_land_3719,land,me_umbar_region,UMB,owned
me_land_3720,land,me_mirkwood_region,WILD,wild_unclaimed
me_land_3721,land,me_enedwaith_region,WILD,wild_enedwaith
me_land_3722,land,me_rhun_region,RH2,owned
me_land_3723,land,me_rhun_region,WILD,wild_unclaimed
me_land_3724,land,me_near_harad_region,UMB,owned
me_land_3725,land,me_mordor_region,MOR,owned
me_land_3726,land,me_enedwaith_region,WILD,wild_unclaimed
me_land_3727,land,me_enedwaith_region,DUN,owned
me_land_3728,land,me_brown_lands_region,WILD,wild_unclaimed
me_land_3729,land,me_rhun_region,RH3,owned
me_land_3730,land,me_belfalas_region,GON,owned
me_land_3731,land,me_enedwaith_region,WILD,wild_unclaimed
me_land_3732,land,me_enedwaith_region,WILD,wild_unclaimed
me_land_3733,land,me_mordor_region,MOR,owned
me_land_3734,land,me_rhun_region,DOR,owned
me_land_3735,land,me_near_harad_region,HNE,owned
me_land_3736,land,me_mirkwood_region,WOO,owned
me_land_3737,land,me_near_harad_region,WILD,wild_unclaimed
me_land_3738,land,me_rhun_region,RH2,owned
me_land_3739,land,me_mordor_region,MOR,owned
me_land_3740,land,me_rhun_region,RH3,owned
me_land_3741,land,me_rhun_region,WILD,wild_unclaimed
me_land_3742,land,me_dale_region,DAL,owned
me_land_3743,land,me_north_arnor_region,WILD,wild_unclaimed
me_land_3744,land,me_rhun_region,RH2,owned
me_land_3745,land,me_rhun_region,RH3,owned
me_land_3746,land,me_dale_region,ERE,owned
me_land_3747,land,me_belfalas_region,GON,owned
me_land_3748,land,me_mordor_region,MOR,owned
me_land_3749,land,me_anduin_vale_region,WILD,wild_unclaimed
me_land_3750,land,me_mordor_region,MOR,owned
me_land_3751,land,me_khand_region,KHA,owned
me_land_3752,land,me_enedwaith_region,WILD,wild_enedwaith
me_land_3753,land,me_anduin_vale_region,MOA,owned
me_land_3754,land,me_anduin_vale_region,WILD,wild_unclaimed
me_land_3755,land,me_northern_wastes_region,WILD,wild_forodwaith
me_land_3756,land,me_far_harad_region,HRA,owned
me_land_3757,land,me_near_harad_region,HNE,owned
me_land_3758,land,me_rhun_region,RHU,owned
me_land_3759,land,me_mirkwood_region,WDM,owned
me_land_3760,land,me_far_harad_region,WILD,wild_unclaimed
me_land_3761,land,me_brown_lands_region,WILD,wild_unclaimed
me_land_3762,land,me_shire_breeland_region,SHI,owned
me_land_3763,land,me_dale_region,ESG,owned
me_land_3764,land,me_mordor_region,WILD,wild_unclaimed
me_land_3765,land,me_anduin_vale_region,MOA,owned
me_land_3766,land,me_rhun_region,RHU,owned
me_land_3767,land,me_rhun_region,RH2,owned
me_land_3768,land,me_rohan_region,ROH,owned
me_land_3769,land,me_lindon_region,LIN,owned
me_land_3770,land,me_near_harad_region,HRA,owned
me_land_3771,land,me_khand_region,KHA,owned
me_land_3772,land,me_near_harad_region,HRA,owned
me_land_3773,land,me_umbar_region,UMB,owned
me_land_3774,land,me_enedwaith_region,WILD,wild_enedwaith
me_land_3775,land,me_khand_region,WILD,wild_unclaimed
me_land_3776,land,me_northern_wastes_region,WILD,wild_forodwaith
me_land_3777,land,me_belfalas_region,GON,owned
me_land_3778,land,me_enedwaith_region,WILD,wild_unclaimed
me_land_3779,land,me_rhun_region,RHU,owned
me_land_3780,land,me_mirkwood_region,WOO,owned
me_land_3781,land,me_mordor_region,MOR,owned
me_land_3782,land,me_near_harad_region,HNE,owned
me_land_3783,land,me_belfalas_region,GON,owned
me_land_3784,land,me_brown_lands_region,WILD,wild_unclaimed
me_land_3785,land,me_enedwaith_region,ISE,owned
me_land_3786,land,me_khand_region,KHA,owned
me_land_3787,land,me_northern_wastes_region,WILD,wild_forodwaith
me_land_3788,land,me_rhun_region,RH2,owned
me_land_3789,land,me_forochel_region,LOS,owned
me_land_3790,land,me_rhun_region,WILD,wild_unclaimed
me_land_3791,land,me_northern_wastes_region,WILD,wild_forodwaith
me_land_3792,land,me_brown_lands_region,WILD,wild_unclaimed
me_land_3793,land,me_rhun_region,RHU,owned
me_land_3794,land,me_umbar_region,UMB,owned
me_land_3795,land,me_mordor_region,MOR,owned
me_land_3796,land,me_south_gondor_region,GON,owned
me_land_3797,land,me_enedwaith_region,WILD,wild_unclaimed
me_land_3798,land,me_rhun_region,RH2,owned
me_land_3799,land,me_rhun_region,DOR,owned
me_land_3800,land,me_rhun_region,WILD,wild_unclaimed
me_land_3801,land,me_khand_region,WILD,wild_unclaimed
me_land_3802,land,me_rhun_region,RHU,owned
me_land_3803,land,me_mirkwood_region,BEO,owned
me_land_3804,land,me_enedwaith_region,WILD,wild_unclaimed
me_land_3805,land,me_mordor_region,MOR,owned
me_land_3806,land,me_rhun_region,RHU,owned
me_land_3807,land,me_far_harad_region,WILD,wild_unclaimed
me_land_3808,land,me_northern_wastes_region,WILD,wild_forodwaith
me_land_3809,land,me_umbar_region,UMB,owned
me_land_3810,land,me_khand_region,KHA,owned
me_land_3811,land,me_northern_wastes_region,WILD,wild_forodwaith
me_land_3812,land,me_mirkwood_region,WILD,wild_unclaimed
me_land_3813,land,me_far_harad_region,HFA,owned
me_land_3814,land,me_anorien_region,GON,owned
me_land_3815,land,me_near_harad_region,WILD,wild_unclaimed
me_land_3816,land,me_lebennin_region,GON,owned
me_land_3817,land,me_far_harad_region,HFA,owned
me_land_3818,land,me_brown_lands_region,WILD,wild_unclaimed
me_land_3819,land,me_northern_wastes_region,WILD,wild_forodwaith
me_land_3820,land,me_far_harad_region,HFA,owned
me_land_3821,land,me_north_arnor_region,RAN,owned
me_land_3822,land,me_rhun_region,WILD,wild_unclaimed
me_land_3823,land,me_anorien_region,GON,owned
me_land_3824,land,me_rhun_region,RHU,owned
me_land_3825,land,me_mordor_region,WILD,wild_unclaimed
me_land_3826,land,me_khand_region,WILD,wild_unclaimed
me_land_3827,land,me_mirkwood_region,WDM,owned
me_land_3828,land,me_shire_breeland_region,BRE,owned
me_land_3829,land,me_brown_lands_region,WILD,wild_unclaimed
me_land_3830,land,me_north_arnor_region,WILD,wild_unclaimed
me_land_3831,land,me_rhun_region,WILD,wild_unclaimed
me_land_3832,land,me_mordor_region,WILD,wild_unclaimed
me_land_3833,land,me_rhun_region,WILD,wild_buffer
me_land_3834,land,me_rhun_region,RHU,owned
me_land_3835,land,me_mirkwood_region,WOO,owned
me_land_3836,land,me_anduin_vale_region,FAN,owned
me_land_3837,land,me_northern_wastes_region,WILD,wild_forodwaith
me_land_3838,land,me_rhun_region,DOR,owned
me_land_3839,land,me_rhun_region,DOR,owned
me_land_3840,land,me_khand_region,WILD,wild_unclaimed
me_land_3841,land,me_south_gondor_region,GON,owned
me_land_3842,land,me_mirkwood_region,WOO,owned
me_land_3843,land,me_rohan_region,WILD,wild_reviewed_component: northern mountain-side spur beyond compact connected Nan Curunir
me_land_3844,land,me_rohan_region,ROH,owned
me_land_3845,land,me_anorien_region,GON,owned
me_land_3846,land,me_umbar_region,UMB,owned
me_land_3847,land,me_rhun_region,DOR,owned
me_land_3848,land,me_rhun_region,RH2,owned
me_land_3849,land,me_belfalas_region,GON,owned
me_land_3850,land,me_mirkwood_region,WILD,wild_unclaimed
me_land_3851,land,me_far_harad_region,WILD,wild_unclaimed
me_land_3852,land,me_anduin_vale_region,WILD,wild_unclaimed
me_land_3853,land,me_forochel_region,LOS,owned
me_land_3854,land,me_rhun_region,RH3,owned
me_land_3855,land,me_mordor_region,WILD,wild_unclaimed
me_land_3856,land,me_northern_wastes_region,WILD,wild_forodwaith
me_land_3857,land,me_rhun_region,RHU,owned
me_land_3858,land,me_lebennin_region,GON,owned
me_land_3859,land,me_mordor_region,MOR,owned
me_land_3860,land,me_far_harad_region,HFA,owned
me_land_3861,land,me_rhun_region,DOR,owned
me_land_3862,land,me_far_harad_region,WILD,wild_unclaimed
me_land_3863,land,me_enedwaith_region,WILD,wild_unclaimed
me_land_3864,land,me_north_arnor_region,WILD,wild_unclaimed
me_land_3865,land,me_rohan_region,ROH,owned
me_land_3866,land,me_khand_region,KHA,owned
me_land_3867,land,me_near_harad_region,HRA,owned
me_land_3868,land,me_shire_breeland_region,WILD,wild_unclaimed
me_land_3869,land,me_shire_breeland_region,BRE,owned
me_land_3870,land,me_north_arnor_region,ANG,owned
me_land_3871,land,me_near_harad_region,UMB,owned
me_land_3872,land,me_rhun_region,RH2,owned
me_land_3873,land,me_mirkwood_region,BEO,owned
me_land_3874,land,me_shire_breeland_region,SHI,owned
me_land_3875,land,me_belfalas_region,GON,owned
me_land_3876,land,me_mordor_region,MOR,owned
me_land_3877,land,me_khand_region,KHA,owned
me_land_3878,land,me_near_harad_region,HNE,owned
me_land_3879,land,me_rhun_region,RHU,owned
me_land_3880,land,me_belfalas_region,GON,owned
me_land_3881,land,me_lindon_region,LIN,owned
me_land_3882,land,me_mordor_region,MOR,owned
me_land_3883,land,me_enedwaith_region,MOA,owned
me_land_3884,land,me_northern_wastes_region,WILD,wild_forodwaith
me_land_3885,land,me_mirkwood_region,WILD,wild_buffer
me_land_3886,land,me_khand_region,KHA,owned
me_land_3887,land,me_shire_breeland_region,BRE,owned
me_land_3888,land,me_mordor_region,WILD,wild_unclaimed
me_land_3889,land,me_mordor_region,MOR,owned
me_land_3890,land,me_enedwaith_region,WILD,wild_unclaimed
me_land_3891,land,me_northern_wastes_region,WILD,wild_forodwaith
me_land_3892,land,me_anduin_vale_region,WILD,wild_unclaimed
me_land_3893,land,me_shire_breeland_region,SHI,owned
me_land_3894,land,me_mirkwood_region,WOO,owned
me_land_3895,land,me_mirkwood_region,WILD,wild_unclaimed
me_land_3896,land,me_enedwaith_region,WILD,wild_unclaimed
me_land_3897,land,me_mordor_region,WILD,wild_unclaimed
me_land_3898,land,me_rhun_region,WILD,wild_reviewed_component: isolated western tip beyond the continuous southeastern Rhûn claim
me_land_3899,land,me_lebennin_region,GON,owned
me_land_3900,land,me_north_arnor_region,WILD,wild_unclaimed
me_land_3901,land,me_belfalas_region,GON,owned
me_land_3902,land,me_brown_lands_region,WILD,wild_unclaimed
me_land_3903,land,me_shire_breeland_region,SHI,owned
me_land_3904,land,me_rhun_region,IRO,owned
me_land_3905,land,me_ithilien_region,WILD,wild_ithilien
me_land_3906,land,me_enedwaith_region,WILD,wild_unclaimed
me_land_3907,land,me_near_harad_region,HNE,owned
me_land_3908,land,me_brown_lands_region,WILD,wild_unclaimed
me_land_3909,land,me_ithilien_region,WILD,wild_ithilien
me_land_3910,land,me_rhun_region,DOR,owned
me_land_3911,land,me_enedwaith_region,WILD,wild_enedwaith
me_land_3912,land,me_enedwaith_region,WILD,wild_unclaimed
me_land_3913,land,me_mordor_region,WILD,wild_unclaimed
me_land_3914,land,me_near_harad_region,UMB,owned
me_land_3915,land,me_ithilien_region,WILD,wild_ithilien
me_land_3916,land,me_lebennin_region,GON,owned
me_land_3917,land,me_near_harad_region,UMB,owned
me_land_3918,land,me_far_harad_region,HFA,owned
me_land_3919,land,me_khand_region,KHA,owned
me_land_3920,land,me_northern_wastes_region,WILD,wild_forodwaith
me_land_3921,land,me_north_arnor_region,WILD,wild_unclaimed
me_land_3922,land,me_mordor_region,MOR,owned
me_land_3923,land,me_far_harad_region,HRA,owned
me_land_3924,land,me_mordor_region,MOR,owned
me_land_3925,land,me_north_arnor_region,WILD,wild_unclaimed
me_land_3926,land,me_south_gondor_region,GON,owned
me_land_3927,land,me_shire_breeland_region,SHI,owned
me_land_3928,land,me_rhun_region,DOR,owned
me_land_3929,land,me_northern_wastes_region,WILD,wild_forodwaith
me_land_3930,land,me_mordor_region,MOR,owned
me_land_3931,land,me_mordor_region,MOR,owned
me_land_3932,land,me_near_harad_region,HRA,owned
me_land_3933,land,me_brown_lands_region,WILD,wild_unclaimed
me_land_3934,land,me_northern_wastes_region,WILD,wild_forodwaith
me_land_3935,land,me_rhun_region,WILD,wild_unclaimed
me_land_3936,land,me_anduin_vale_region,GOB,owned
me_land_3937,land,me_lindon_region,LIN,owned
me_land_3938,land,me_mordor_region,MOR,owned
me_land_3939,land,me_rhun_region,DOR,owned
me_land_3940,land,me_near_harad_region,HNE,owned
me_land_3941,land,me_mordor_region,MOR,owned
me_land_3942,land,me_enedwaith_region,WILD,wild_unclaimed
me_land_3943,land,me_lebennin_region,GON,owned
me_land_3944,land,me_enedwaith_region,WILD,wild_unclaimed
me_land_3945,land,me_khand_region,KHA,owned
me_land_3946,land,me_far_harad_region,HRA,owned
me_land_3947,land,me_near_harad_region,WILD,wild_unclaimed
me_land_3948,land,me_north_arnor_region,WILD,wild_buffer
me_land_3949,land,me_rohan_region,ROH,owned
me_land_3950,land,me_rhun_region,RH3,owned
me_land_3951,land,me_mordor_region,MOR,owned
me_land_3952,land,me_rohan_region,ROH,owned
me_land_3953,land,me_rhun_region,WILD,wild_unclaimed
me_land_3954,land,me_belfalas_region,DAM,owned
me_land_3955,land,me_enedwaith_region,WILD,wild_unclaimed
me_land_3956,land,me_rhun_region,RH2,owned
me_land_3957,land,me_near_harad_region,UMB,owned
me_land_3958,land,me_mirkwood_region,WDM,owned
me_land_3959,land,me_near_harad_region,HRA,owned
me_land_3960,land,me_enedwaith_region,WILD,wild_enedwaith
me_land_3961,land,me_umbar_region,UMB,owned
me_land_3962,land,me_rohan_region,ROH,owned
me_land_3963,land,me_near_harad_region,WILD,wild_unclaimed
me_land_3964,land,me_far_harad_region,WILD,wild_unclaimed
me_land_3965,land,me_mirkwood_region,WILD,wild_unclaimed
me_land_3966,land,me_grey_mountains_region,GUN,owned
me_land_3967,land,me_mordor_region,WILD,wild_unclaimed
me_land_3968,land,me_north_arnor_region,WILD,wild_unclaimed
me_land_3969,land,me_enedwaith_region,WILD,wild_unclaimed
me_land_3970,land,me_rhun_region,RH2,owned
me_land_3971,land,me_lindon_region,LIN,owned
me_land_3972,land,me_south_gondor_region,GON,owned
me_land_3973,land,me_enedwaith_region,WILD,wild_enedwaith
me_land_3974,land,me_umbar_region,UMB,owned
me_land_3975,land,me_shire_breeland_region,SHI,owned
me_land_3976,land,me_lindon_region,BLU,owned
me_land_3977,land,me_khand_region,WILD,wild_unclaimed
me_land_3978,land,me_rhun_region,RHU,owned
me_land_3979,land,me_rhun_region,WILD,wild_unclaimed
me_land_3980,land,me_brown_lands_region,WILD,wild_buffer
me_land_3981,land,me_lindon_region,LIN,owned
me_land_3982,land,me_enedwaith_region,WILD,wild_unclaimed
me_land_3983,land,me_far_harad_region,WILD,wild_unclaimed
me_land_3984,land,me_rhun_region,WILD,wild_unclaimed
me_land_3985,land,me_anduin_vale_region,BEO,owned
me_land_3986,land,me_enedwaith_region,WILD,wild_enedwaith
me_land_3987,land,me_north_arnor_region,WILD,wild_unclaimed
me_land_3988,land,me_mordor_region,MOR,owned
me_land_3989,land,me_rhun_region,WILD,wild_buffer
me_land_3990,land,me_rhun_region,RH2,owned
me_land_3991,land,me_khand_region,WILD,wild_unclaimed
me_land_3992,land,me_far_harad_region,HFA,owned
me_land_3993,land,me_northern_wastes_region,WILD,wild_forodwaith
me_land_3994,land,me_rohan_region,ROH,owned
me_land_3995,land,me_mordor_region,WILD,wild_unclaimed
me_land_3996,land,me_umbar_region,UMB,owned
me_land_3997,land,me_forochel_region,LOS,owned
me_land_3998,land,me_anorien_region,GON,owned
me_land_3999,land,me_forochel_region,LOS,owned
me_land_4000,land,me_anduin_vale_region,WILD,"wild_reviewed_frontier: the Eagles' Eyrie is independent highland territory, not a Beorning settlement"
me_land_4001,land,me_mirkwood_region,DOL,owned
me_land_4002,land,me_lindon_region,LIN,owned
me_land_4003,land,me_khand_region,KHA,owned
me_land_4004,land,me_mordor_region,WILD,wild_unclaimed
me_land_4005,land,me_northern_wastes_region,WILD,wild_forodwaith
me_land_4006,land,me_umbar_region,UMB,owned
me_land_4007,land,me_enedwaith_region,WILD,wild_unclaimed
me_land_4008,land,me_mordor_region,WILD,wild_unclaimed
me_land_4009,land,me_rhun_region,RH3,owned
me_land_4010,land,me_far_harad_region,HFA,owned
me_land_4011,land,me_rhun_region,RH2,owned
me_land_4012,land,me_rhun_region,RHU,owned
me_land_4013,land,me_rhun_region,WILD,wild_unclaimed
me_land_4014,land,me_belfalas_region,GON,owned
me_land_4015,land,me_khand_region,KHA,owned
me_land_4016,land,me_mirkwood_region,DOL,owned
me_land_4017,land,me_rhun_region,WILD,wild_unclaimed
me_land_4018,land,me_rohan_region,ROH,owned
me_land_4019,land,me_rohan_region,FAN,owned
me_land_4020,land,me_near_harad_region,HNE,owned
me_land_4021,land,me_anduin_vale_region,GOB,owned
me_land_4022,land,me_north_arnor_region,WILD,wild_unclaimed
me_land_4023,land,me_khand_region,KHA,owned
me_land_4024,land,me_rhun_region,RH2,owned
me_land_4025,land,me_mirkwood_region,DOL,owned
me_land_4026,land,me_belfalas_region,GON,owned
me_land_4027,land,me_mordor_region,WILD,wild_unclaimed
me_land_4028,land,me_northern_wastes_region,WILD,wild_forodwaith
me_land_4029,land,me_brown_lands_region,WILD,wild_unclaimed
me_land_4030,land,me_rhun_region,IRO,owned
me_land_4031,land,me_far_harad_region,HFA,owned
me_land_4032,land,me_mordor_region,MOR,owned
me_land_4033,land,me_northern_wastes_region,WILD,wild_forodwaith
me_land_4034,land,me_enedwaith_region,WILD,wild_enedwaith
me_land_4035,land,me_northern_wastes_region,WILD,wild_forodwaith
me_land_4036,land,me_angmar_region,WILD,wild_unclaimed
me_land_4037,land,me_enedwaith_region,DUN,owned
me_land_4038,land,me_mirkwood_region,WDM,owned
me_land_4039,land,me_rohan_region,ROH,owned
me_land_4040,land,me_angmar_region,WILD,wild_unclaimed
me_land_4041,land,me_mordor_region,WILD,wild_unclaimed
me_land_4042,land,me_north_arnor_region,RAN,owned
me_land_4043,land,me_anduin_vale_region,WILD,wild_unclaimed
me_land_4044,land,me_khand_region,KHA,owned
me_land_4045,land,me_brown_lands_region,WILD,wild_unclaimed
me_land_4046,land,me_lindon_region,LIN,owned
me_land_4047,land,me_rhun_region,RHU,owned
me_land_4048,land,me_rhun_region,WILD,wild_unclaimed
me_land_4049,land,me_near_harad_region,HRA,owned
me_land_4050,land,me_mirkwood_region,BEO,owned
me_land_4051,land,me_northern_wastes_region,WILD,wild_forodwaith
me_land_4052,land,me_far_harad_region,HFA,owned
me_land_4053,land,me_mordor_region,MOR,owned
me_land_4054,land,me_belfalas_region,GON,owned
me_land_4055,land,me_near_harad_region,HNE,owned
me_land_4056,land,me_rhun_region,WILD,wild_unclaimed
me_land_4057,land,me_shire_breeland_region,SHI,owned
me_land_4058,land,me_mirkwood_region,WILD,wild_unclaimed
me_land_4059,land,me_mirkwood_region,WILD,wild_unclaimed
me_land_4060,land,me_khand_region,KHA,owned
me_land_4061,land,me_anduin_vale_region,FAN,owned
me_land_4062,land,me_rhun_region,RHU,owned
me_land_4063,land,me_mordor_region,WILD,wild_unclaimed
me_land_4064,land,me_north_arnor_region,RAN,owned
me_land_4065,land,me_angmar_region,WILD,wild_unclaimed
me_land_4066,land,me_mordor_region,MOR,owned
me_land_4067,land,me_anduin_vale_region,LOR,owned
me_land_4068,land,me_mordor_region,WILD,wild_unclaimed
me_land_4069,land,me_rohan_region,ROH,owned
me_land_4070,land,me_mordor_region,WILD,wild_unclaimed
me_land_4071,land,me_rhun_region,WILD,wild_unclaimed
me_land_4072,land,me_rhun_region,DOR,owned
me_land_4073,land,me_rhun_region,DOR,owned
me_land_4074,land,me_belfalas_region,DAM,owned
me_land_4075,land,me_rhun_region,RH2,owned
me_land_4076,land,me_lindon_region,LIN,owned
me_land_4077,land,me_north_arnor_region,RAN,owned
me_land_4078,land,me_enedwaith_region,WILD,wild_unclaimed
me_land_4079,land,me_anduin_vale_region,BEO,owned
me_land_4080,land,me_khand_region,KHA,owned
me_land_4081,land,me_rohan_region,ROH,owned
me_land_4082,land,me_near_harad_region,UMB,owned
me_land_4083,land,me_rhun_region,WILD,wild_unclaimed
me_land_4084,land,me_anduin_vale_region,WILD,wild_unclaimed
me_land_4085,land,me_north_arnor_region,WILD,wild_unclaimed
me_land_4086,land,me_belfalas_region,DAM,owned
me_land_4087,land,me_rhun_region,RH2,owned
me_land_4088,land,me_rohan_region,ROH,owned
me_land_4089,land,me_near_harad_region,WILD,wild_unclaimed
me_land_4090,land,me_dale_region,ESG,owned
me_land_4091,land,me_enedwaith_region,WILD,wild_unclaimed
me_land_4092,land,me_shire_breeland_region,WILD,wild_unclaimed
me_land_4093,land,me_enedwaith_region,WILD,wild_enedwaith
me_land_4094,land,me_belfalas_region,GON,owned
me_land_4095,land,me_rhun_region,RH2,owned
me_land_4096,land,me_lindon_region,LIN,owned
me_land_4097,land,me_near_harad_region,UMB,owned
me_land_4098,land,me_rohan_region,FAN,owned
me_land_4099,land,me_near_harad_region,WILD,wild_unclaimed
me_land_4100,land,me_rhun_region,WILD,wild_unclaimed
me_land_4101,land,me_enedwaith_region,WILD,wild_unclaimed
me_land_4102,land,me_khand_region,WILD,wild_unclaimed
me_land_4103,land,me_ithilien_region,WILD,wild_ithilien
me_land_4104,land,me_khand_region,WILD,wild_unclaimed
me_land_4105,land,me_rhun_region,DOR,owned
me_land_4106,land,me_rhun_region,DOR,owned
me_land_4107,land,me_enedwaith_region,WILD,wild_enedwaith
me_land_4108,land,me_mordor_region,WILD,wild_unclaimed
me_land_4109,land,me_mordor_region,WILD,wild_unclaimed
me_land_4110,land,me_north_arnor_region,GOB,owned
me_land_4111,land,me_rhun_region,RH2,owned
me_land_4112,land,me_anduin_vale_region,WILD,wild_unclaimed
me_land_4113,land,me_enedwaith_region,DUN,owned
me_land_4114,land,me_mordor_region,MOR,owned
me_land_4115,land,me_dale_region,ESG,owned
me_land_4116,land,me_anorien_region,GON,owned
me_land_4117,land,me_umbar_region,UMB,owned
me_land_4118,land,me_near_harad_region,WILD,wild_unclaimed
me_land_4119,land,me_mirkwood_region,WILD,wild_unclaimed
me_land_4120,land,me_anduin_vale_region,BEO,owned
me_land_4121,land,me_rhun_region,WILD,wild_unclaimed
me_land_4122,land,me_mordor_region,WILD,wild_unclaimed
me_land_4123,land,me_mordor_region,MOR,owned
me_land_4124,land,me_rohan_region,ROH,owned
me_land_4125,land,me_rhun_region,RHU,owned
me_land_4126,land,me_rhun_region,RH2,owned
me_land_4127,land,me_rhun_region,DOR,owned
me_land_4128,land,me_enedwaith_region,WILD,wild_enedwaith
me_land_4129,land,me_brown_lands_region,WILD,wild_unclaimed
me_land_4130,land,me_belfalas_region,GON,owned
me_land_4131,land,me_mordor_region,WILD,wild_unclaimed
me_land_4132,land,me_belfalas_region,DAM,owned
me_land_4133,land,me_ithilien_region,WILD,wild_ithilien
me_land_4134,land,me_far_harad_region,HFA,owned
me_land_4135,land,me_ithilien_region,WILD,wild_ithilien
me_land_4136,land,me_north_arnor_region,WILD,wild_unclaimed
me_land_4137,land,me_grey_mountains_region,GUN,owned
me_land_4138,land,me_rhun_region,DOR,owned
me_land_4139,land,me_rhun_region,WILD,wild_unclaimed
me_land_4140,land,me_north_arnor_region,WILD,wild_unclaimed
me_land_4141,land,me_lindon_region,LIN,owned
me_land_4142,land,me_north_arnor_region,WILD,wild_unclaimed
me_land_4143,land,me_anduin_vale_region,DOL,owned
me_land_4144,land,me_enedwaith_region,WILD,wild_unclaimed
me_land_4145,land,me_lindon_region,LIN,owned
me_land_4146,land,me_rhun_region,RHU,owned
me_land_4147,land,me_anorien_region,GON,owned
me_land_4148,land,me_mordor_region,MOR,owned
me_land_4149,land,me_near_harad_region,HNE,owned
me_land_4150,land,me_north_arnor_region,WILD,wild_unclaimed
me_land_4151,land,me_shire_breeland_region,WILD,wild_buffer
me_land_4152,land,me_northern_wastes_region,WILD,wild_forodwaith
me_land_4153,land,me_rhun_region,IRO,owned
me_land_4154,land,me_forochel_region,LOS,owned
me_land_4155,land,me_mordor_region,WILD,wild_unclaimed
me_land_4156,land,me_far_harad_region,WILD,wild_unclaimed
me_land_4157,land,me_enedwaith_region,WILD,wild_unclaimed
me_land_4158,land,me_umbar_region,UMB,owned
me_land_4159,land,me_near_harad_region,HNE,owned
me_land_4160,land,me_belfalas_region,DAM,owned
me_land_4161,land,me_mordor_region,MOR,owned
me_land_4162,land,me_rhun_region,RH3,owned
me_land_4163,land,me_dale_region,WILD,wild_unclaimed
me_land_4164,land,me_rhun_region,RH2,owned
me_land_4165,land,me_mirkwood_region,WILD,wild_unclaimed
me_land_4166,land,me_mordor_region,WILD,wild_unclaimed
me_land_4167,land,me_mordor_region,WILD,wild_unclaimed
me_land_4168,land,me_mordor_region,MOR,owned
me_land_4169,land,me_rohan_region,ROH,owned
me_land_4170,land,me_anduin_vale_region,BEO,owned
me_land_4171,land,me_south_gondor_region,GON,owned
me_land_4172,land,me_rhun_region,WILD,wild_unclaimed
me_land_4173,land,me_south_gondor_region,GON,owned
me_land_4174,land,me_lindon_region,BLU,owned
me_land_4175,land,me_north_arnor_region,WILD,wild_unclaimed
me_land_4176,land,me_mordor_region,WILD,wild_unclaimed
me_land_4177,land,me_forochel_region,LOS,owned
me_land_4178,land,me_lindon_region,LIN,owned
me_land_4179,land,me_northern_wastes_region,WILD,wild_forodwaith
me_land_4180,land,me_far_harad_region,WILD,wild_unclaimed
me_land_4181,land,me_mordor_region,MOR,owned
me_land_4182,land,me_near_harad_region,HNE,owned
me_land_4183,land,me_south_gondor_region,GON,owned
me_land_4184,land,me_rhun_region,RH2,owned
me_land_4185,land,me_lindon_region,LIN,owned
me_land_4186,land,me_mordor_region,WILD,wild_unclaimed
me_land_4187,land,me_lindon_region,LIN,owned
me_land_4188,land,me_mordor_region,MOR,owned
me_land_4189,land,me_mordor_region,MOR,owned
me_land_4190,land,me_north_arnor_region,WILD,wild_unclaimed
me_land_4191,land,me_far_harad_region,HFA,owned
me_land_4192,land,me_north_arnor_region,WILD,wild_unclaimed
me_land_4193,land,me_mirkwood_region,WOO,owned
me_land_4194,land,me_khand_region,KHA,owned
me_land_4195,land,me_northern_wastes_region,WILD,wild_forodwaith
me_land_4196,land,me_mordor_region,MOR,owned
me_land_4197,land,me_belfalas_region,GON,owned
me_land_4198,land,me_near_harad_region,HRA,owned
me_land_4199,land,me_angmar_region,WILD,wild_unclaimed
me_land_4200,land,me_umbar_region,UMB,owned
me_land_4201,land,me_north_arnor_region,WILD,wild_unclaimed
me_land_4202,land,me_mordor_region,WILD,wild_unclaimed
me_land_4203,land,me_rhun_region,WILD,wild_unclaimed
me_land_4204,land,me_lindon_region,LIN,owned
me_land_4205,land,me_near_harad_region,HNE,owned
me_land_4206,land,me_dale_region,WOO,owned
me_land_4207,land,me_northern_wastes_region,WILD,wild_forodwaith
me_land_4208,land,me_umbar_region,UMB,owned
me_land_4209,land,me_northern_wastes_region,WILD,wild_forodwaith
me_land_4210,land,me_mordor_region,MOR,owned
me_land_4211,land,me_lindon_region,LIN,owned
me_land_4212,land,me_rhun_region,RH2,owned
me_land_4213,land,me_northern_wastes_region,WILD,wild_forodwaith
me_land_4214,land,me_near_harad_region,UMB,owned
me_land_4215,land,me_khand_region,WILD,wild_unclaimed
me_land_4216,land,me_north_arnor_region,WILD,wild_unclaimed
me_land_4217,land,me_belfalas_region,GON,owned
me_land_4218,land,me_brown_lands_region,WILD,wild_unclaimed
me_land_4219,land,me_anduin_vale_region,WILD,wild_unclaimed
me_land_4220,land,me_rhun_region,RHU,owned
me_land_4221,land,me_north_arnor_region,GOB,owned
me_land_4222,land,me_northern_wastes_region,WILD,wild_forodwaith
me_land_4223,land,me_far_harad_region,WILD,wild_unclaimed
me_land_4224,land,me_mirkwood_region,WDM,owned
me_land_4225,land,me_khand_region,KHA,owned
me_land_4226,land,me_northern_wastes_region,WILD,wild_forodwaith
me_land_4227,land,me_anduin_vale_region,WILD,wild_unclaimed
me_land_4228,land,me_near_harad_region,UMB,owned
me_land_4229,land,me_belfalas_region,DAM,owned
me_land_4230,land,me_belfalas_region,GON,owned
me_land_4231,land,me_mirkwood_region,WILD,wild_unclaimed
me_land_4232,land,me_north_arnor_region,RAN,owned
me_land_4233,land,me_mordor_region,WILD,wild_unclaimed
me_land_4234,land,me_rhun_region,WILD,wild_unclaimed
me_land_4235,land,me_mordor_region,WILD,wild_unclaimed
me_land_4236,land,me_grey_mountains_region,WILD,wild_unclaimed
me_land_4237,land,me_enedwaith_region,WILD,wild_enedwaith
me_land_4238,land,me_umbar_region,UMB,owned
me_land_4239,land,me_rhun_region,WILD,wild_unclaimed
me_land_4240,land,me_north_arnor_region,WILD,wild_unclaimed
me_land_4241,land,me_dale_region,WILD,wild_unclaimed
me_land_4242,land,me_anduin_vale_region,WILD,wild_unclaimed
me_land_4243,land,me_forochel_region,LOS,owned
me_land_4244,land,me_anorien_region,GON,owned
me_land_4245,land,me_south_gondor_region,GON,owned
me_land_4246,land,me_rhun_region,RH2,owned
me_land_4247,land,me_enedwaith_region,WILD,wild_unclaimed
me_land_4248,land,me_near_harad_region,UMB,owned
me_land_4249,land,me_lindon_region,BLU,owned
me_land_4250,land,me_dale_region,DAL,owned
me_land_4251,land,me_rhun_region,WILD,wild_unclaimed
me_land_4252,land,me_mirkwood_region,WILD,wild_unclaimed
me_land_4253,land,me_far_harad_region,WILD,wild_unclaimed
me_land_4254,land,me_dale_region,ESG,owned
me_land_4255,land,me_enedwaith_region,WILD,wild_unclaimed
me_land_4256,land,me_mordor_region,WILD,wild_unclaimed
me_land_4257,land,me_near_harad_region,UMB,owned
me_land_4258,land,me_khand_region,WILD,wild_unclaimed
me_land_4259,land,me_north_arnor_region,RIV,owned
me_land_4260,land,me_mordor_region,WILD,wild_unclaimed
me_land_4261,land,me_brown_lands_region,WILD,wild_unclaimed
me_land_4262,land,me_lindon_region,LIN,owned
me_land_4263,land,me_rhun_region,RH3,owned
me_land_4264,land,me_northern_wastes_region,WILD,wild_forodwaith
me_land_4265,land,me_belfalas_region,GON,owned
me_land_4266,land,me_enedwaith_region,WILD,wild_unclaimed
me_land_4267,land,me_rhun_region,WILD,wild_unclaimed
me_land_4268,land,me_rhun_region,RHU,owned
me_land_4269,land,me_ithilien_region,WILD,wild_ithilien
me_land_4270,land,me_near_harad_region,HRA,owned
me_land_4271,land,me_rhun_region,IRO,owned
me_land_4272,land,me_rhun_region,RHU,owned
me_land_4273,land,me_khand_region,WILD,wild_unclaimed
me_land_4274,land,me_rhun_region,RH3,owned
me_land_4275,land,me_rhun_region,RH2,owned
me_land_4276,land,me_near_harad_region,HNE,owned
me_land_4277,land,me_rohan_region,FAN,owned
me_land_4278,land,me_mirkwood_region,WOO,owned
me_land_4279,land,me_rhun_region,DOR,owned
me_land_4280,land,me_mordor_region,MOR,owned
me_land_4281,land,me_rhun_region,RHU,owned
me_land_4282,land,me_lindon_region,LIN,owned
me_land_4283,land,me_rhun_region,RH3,owned
me_land_4284,land,me_brown_lands_region,WILD,wild_unclaimed
me_land_4285,land,me_lindon_region,BLU,owned
me_land_4286,land,me_anduin_vale_region,WILD,wild_unclaimed
me_land_4287,land,me_angmar_region,WILD,wild_unclaimed
me_land_4288,land,me_enedwaith_region,WILD,wild_unclaimed
me_land_4289,land,me_mordor_region,WILD,wild_unclaimed
me_land_4290,land,me_north_arnor_region,RAN,owned
me_land_4291,land,me_khand_region,KHA,owned
me_land_4292,land,me_rhun_region,RHU,owned
me_land_4293,land,me_anduin_vale_region,WILD,wild_unclaimed
me_land_4294,land,me_rhun_region,RH3,owned
me_land_4295,land,me_rhun_region,WILD,wild_unclaimed
me_land_4296,land,me_enedwaith_region,WILD,wild_unclaimed
me_land_4297,land,me_belfalas_region,GON,owned
me_land_4298,land,me_rhun_region,DOR,owned
me_land_4299,land,me_north_arnor_region,RAN,owned
me_land_4300,land,me_forochel_region,WILD,wild_unclaimed
me_land_4301,land,me_near_harad_region,UMB,owned
me_land_4302,land,me_khand_region,KHA,owned
me_land_4303,land,me_rhun_region,RH3,owned
me_land_4304,land,me_enedwaith_region,WILD,wild_enedwaith
me_land_4305,land,me_rhun_region,IRO,owned
me_land_4306,land,me_lindon_region,LIN,owned
me_land_4307,land,me_northern_wastes_region,WILD,wild_forodwaith
me_land_4308,land,me_northern_wastes_region,WILD,wild_forodwaith
me_land_4309,land,me_anduin_vale_region,WILD,wild_unclaimed
me_land_4310,land,me_rohan_region,ROH,owned
me_land_4311,land,me_northern_wastes_region,WILD,wild_forodwaith
me_land_4312,land,me_rhun_region,RH3,owned
me_land_4313,land,me_north_arnor_region,WILD,wild_unclaimed
me_land_4314,land,me_near_harad_region,HNE,owned
me_land_4315,land,me_enedwaith_region,WILD,wild_unclaimed
me_land_4316,land,me_belfalas_region,GON,owned
me_land_4317,land,me_northern_wastes_region,WILD,wild_forodwaith
me_land_4318,land,me_rhun_region,WILD,wild_unclaimed
me_land_4319,land,me_enedwaith_region,WILD,wild_buffer
me_land_4320,land,me_north_arnor_region,WILD,wild_unclaimed
me_land_4321,land,me_rhun_region,RHU,owned
me_land_4322,land,me_forochel_region,LOS,owned
me_land_4323,land,me_rhun_region,DOR,owned
me_land_4324,land,me_north_arnor_region,WILD,wild_unclaimed
me_land_4325,land,me_rhun_region,RH2,owned
me_land_4326,land,me_umbar_region,UMB,owned
me_land_4327,land,me_northern_wastes_region,WILD,wild_forodwaith
me_land_4328,land,me_anduin_vale_region,BEO,owned
me_land_4329,land,me_umbar_region,UMB,owned
me_land_4330,land,me_mordor_region,WILD,wild_unclaimed
me_land_4331,land,me_mordor_region,MOR,owned
me_land_4332,land,me_enedwaith_region,WILD,wild_buffer
me_land_4333,land,me_mirkwood_region,WILD,wild_unclaimed
me_land_4334,land,me_north_arnor_region,WILD,wild_unclaimed
me_land_4335,land,me_enedwaith_region,WILD,wild_enedwaith
me_land_4336,land,me_enedwaith_region,WILD,wild_unclaimed
me_land_4337,land,me_far_harad_region,WILD,wild_unclaimed
me_land_4338,land,me_mordor_region,MOR,owned
me_land_4339,land,me_rhun_region,RH3,owned
me_land_4340,land,me_mordor_region,WILD,wild_unclaimed
me_land_4341,land,me_mordor_region,WILD,wild_unclaimed
me_land_4342,land,me_northern_wastes_region,WILD,wild_forodwaith
me_land_4343,land,me_northern_wastes_region,WILD,wild_forodwaith
me_land_4344,land,me_far_harad_region,WILD,wild_unclaimed
me_land_4345,land,me_khand_region,WILD,wild_unclaimed
me_land_4346,land,me_anorien_region,GON,owned
me_land_4347,land,me_north_arnor_region,ANG,owned
me_land_4348,land,me_near_harad_region,WILD,wild_unclaimed
me_land_4349,land,me_enedwaith_region,DUN,owned
me_land_4350,land,me_mordor_region,WILD,wild_unclaimed
me_land_4351,land,me_north_arnor_region,WILD,wild_unclaimed
me_land_4352,land,me_khand_region,KHA,owned
me_land_4353,land,me_rhun_region,RHU,owned
me_land_4354,land,me_shire_breeland_region,SHI,owned
me_land_4355,land,me_mirkwood_region,WDM,owned
me_land_4356,land,me_belfalas_region,GON,owned
me_land_4357,land,me_rhun_region,RHU,owned
me_land_4358,land,me_belfalas_region,GON,owned
me_land_4359,land,me_mirkwood_region,WOO,owned
me_land_4360,land,me_mordor_region,WILD,wild_unclaimed
me_land_4361,land,me_mordor_region,MOR,owned
me_land_4362,land,me_north_arnor_region,WILD,wild_unclaimed
me_land_4363,land,me_near_harad_region,HNE,owned
me_land_4364,land,me_enedwaith_region,WILD,wild_unclaimed
me_land_4365,land,me_north_arnor_region,WILD,wild_unclaimed
me_land_4366,land,me_dale_region,ESG,owned
me_land_4367,land,me_shire_breeland_region,SHI,owned
me_land_4368,land,me_anduin_vale_region,WILD,wild_unclaimed
me_land_4369,land,me_mirkwood_region,WILD,wild_buffer
me_land_4370,land,me_northern_wastes_region,WILD,wild_forodwaith
me_land_4371,land,me_khand_region,KHA,owned
me_land_4372,land,me_enedwaith_region,WILD,wild_unclaimed
me_land_4373,land,me_lindon_region,LIN,owned
me_land_4374,land,me_northern_wastes_region,WILD,wild_forodwaith
me_land_4375,land,me_brown_lands_region,WILD,wild_unclaimed
me_land_4376,land,me_forochel_region,LOS,owned
me_land_4377,land,me_rhun_region,WILD,wild_buffer
me_land_4378,land,me_north_arnor_region,WILD,wild_unclaimed
me_land_4379,land,me_mordor_region,WILD,wild_unclaimed
me_land_4380,land,me_ithilien_region,WILD,wild_reviewed_frontier: the exact Shelob pass cell remains outside the frozen Mordor enclosure
me_land_4381,land,me_near_harad_region,HNE,owned
me_land_4382,land,me_northern_wastes_region,WILD,wild_forodwaith
me_land_4383,land,me_rhun_region,RHU,owned
me_land_4384,land,me_far_harad_region,HFA,owned
me_land_4385,land,me_northern_wastes_region,WILD,wild_forodwaith
me_land_4386,land,me_rhun_region,WILD,wild_unclaimed
me_land_4387,land,me_northern_wastes_region,WILD,wild_forodwaith
me_land_4388,land,me_north_arnor_region,RAN,owned
me_land_4389,land,me_northern_wastes_region,WILD,wild_forodwaith
me_land_4390,land,me_shire_breeland_region,WILD,wild_reviewed_frontier: the Old Forest lies beyond the settled Shire and is not compact Bree-land
me_land_4391,land,me_anduin_vale_region,WILD,wild_unclaimed
me_land_4392,land,me_ithilien_region,WILD,wild_ithilien
me_land_4393,land,me_rhun_region,RH2,owned
me_land_4394,land,me_far_harad_region,WILD,wild_unclaimed
me_land_4395,land,me_umbar_region,UMB,owned
me_land_4396,land,me_umbar_region,UMB,owned
me_land_4397,land,me_rhun_region,RH3,owned
me_land_4398,land,me_northern_wastes_region,WILD,wild_forodwaith
me_land_4399,land,me_rhun_region,RH2,owned
me_land_4400,land,me_rhun_region,RHU,owned
me_land_4401,land,me_north_arnor_region,GOB,owned
me_land_4402,land,me_belfalas_region,GON,owned
me_land_4403,land,me_mordor_region,WILD,wild_unclaimed
me_land_4404,land,me_belfalas_region,GON,owned
me_land_4405,land,me_umbar_region,UMB,owned
me_land_4406,land,me_northern_wastes_region,WILD,wild_forodwaith
me_land_4407,land,me_northern_wastes_region,WILD,wild_forodwaith
me_land_4408,land,me_enedwaith_region,WILD,wild_unclaimed
me_land_4409,land,me_enedwaith_region,WILD,wild_enedwaith
me_land_4410,land,me_rhun_region,RH3,owned
me_land_4411,land,me_northern_wastes_region,WILD,wild_forodwaith
me_land_4412,land,me_khand_region,WILD,wild_unclaimed
me_land_4413,land,me_khand_region,WILD,wild_unclaimed
me_land_4414,land,me_far_harad_region,WILD,wild_unclaimed
me_land_4415,land,me_mirkwood_region,WDM,owned
me_land_4416,land,me_far_harad_region,WILD,wild_unclaimed
me_land_4417,land,me_northern_wastes_region,WILD,wild_forodwaith
me_land_4418,land,me_rhun_region,RH3,owned
me_land_4419,land,me_northern_wastes_region,WILD,wild_forodwaith
me_land_4420,land,me_ithilien_region,WILD,wild_ithilien
me_land_4421,land,me_khand_region,KHA,owned
me_land_4422,land,me_rhun_region,RH3,owned
me_land_4423,land,me_mirkwood_region,BEO,owned
me_land_4424,land,me_lindon_region,BLU,owned
me_land_4425,land,me_rhun_region,DOR,owned
me_land_4426,land,me_rhun_region,WILD,wild_unclaimed
me_land_4427,land,me_rohan_region,ROH,owned
me_land_4428,land,me_lebennin_region,GON,owned
me_land_4429,land,me_anduin_vale_region,WILD,wild_buffer
me_land_4430,land,me_lindon_region,LIN,owned
me_land_4431,land,me_belfalas_region,GON,owned
me_land_4432,land,me_brown_lands_region,WILD,wild_unclaimed
me_land_4433,land,me_lindon_region,BLU,owned
me_land_4434,land,me_northern_wastes_region,WILD,wild_forodwaith
me_land_4435,land,me_anduin_vale_region,FAN,owned
me_land_4436,land,me_mirkwood_region,WDM,owned
me_land_4437,land,me_khand_region,WILD,wild_unclaimed
me_land_4438,land,me_far_harad_region,WILD,wild_unclaimed
me_land_4439,land,me_north_arnor_region,WILD,wild_unclaimed
me_land_4440,land,me_rohan_region,ROH,owned
me_land_4441,land,me_north_arnor_region,WILD,wild_unclaimed
me_land_4442,land,me_far_harad_region,HRA,owned
me_land_4443,land,me_enedwaith_region,WILD,wild_unclaimed
me_land_4444,land,me_rohan_region,ROH,owned
me_land_4445,land,me_rhun_region,WILD,wild_unclaimed
me_land_4446,land,me_umbar_region,UMB,owned
me_land_4447,land,me_forochel_region,LOS,owned
me_land_4448,land,me_rhun_region,DOR,owned
me_land_4449,land,me_northern_wastes_region,WILD,wild_forodwaith
me_land_4450,land,me_northern_wastes_region,WILD,wild_forodwaith
me_land_4451,land,me_northern_wastes_region,WILD,wild_forodwaith
me_land_4452,land,me_rhun_region,RH2,owned
me_land_4453,land,me_enedwaith_region,RAN,owned
me_land_4454,land,me_brown_lands_region,WILD,wild_unclaimed
me_land_4455,land,me_ithilien_region,WILD,wild_ithilien
me_land_4456,land,me_rhun_region,RHU,owned
me_land_4457,land,me_umbar_region,UMB,owned
me_land_4458,land,me_rhun_region,RH2,owned
me_land_4459,land,me_mirkwood_region,WOO,owned
me_land_4460,land,me_mordor_region,WILD,wild_unclaimed
me_land_4461,land,me_enedwaith_region,DUN,owned
me_land_4462,land,me_lindon_region,LIN,owned
me_land_4463,land,me_enedwaith_region,MOA,owned
me_land_4464,land,me_enedwaith_region,DUN,owned
me_land_4465,land,me_north_arnor_region,WILD,wild_unclaimed
me_land_4466,land,me_mordor_region,WILD,wild_unclaimed
me_land_4467,land,me_near_harad_region,HNE,owned
me_land_4468,land,me_mordor_region,MOR,owned
me_land_4469,land,me_rhun_region,DOR,owned
me_land_4470,land,me_belfalas_region,GON,owned
me_land_4471,land,me_north_arnor_region,WILD,wild_unclaimed
me_land_4472,land,me_lindon_region,LIN,owned
me_land_4473,land,me_belfalas_region,GON,owned
me_land_4474,land,me_enedwaith_region,DUN,owned
me_land_4475,land,me_mirkwood_region,WILD,wild_unclaimed
me_land_4476,land,me_mordor_region,WILD,wild_unclaimed
me_land_4477,land,me_near_harad_region,HNE,owned
me_land_4478,land,me_enedwaith_region,DUN,owned
me_land_4479,land,me_near_harad_region,WILD,wild_buffer
me_land_4480,land,me_khand_region,KHA,owned
me_land_4481,land,me_rhun_region,RHU,owned
me_land_4482,land,me_khand_region,KHA,owned
me_land_4483,land,me_lindon_region,LIN,owned
me_land_4484,land,me_angmar_region,WILD,wild_unclaimed
me_land_4485,land,me_far_harad_region,HFA,owned
me_land_4486,land,me_near_harad_region,HNE,owned
me_land_4487,land,me_khand_region,KHA,owned
me_land_4488,land,me_north_arnor_region,WILD,wild_unclaimed
me_land_4489,land,me_lindon_region,BLU,owned
me_land_4490,land,me_forochel_region,LOS,owned
me_land_4491,land,me_north_arnor_region,WILD,wild_buffer
me_land_4492,land,me_rhun_region,RH2,owned
me_land_4493,land,me_mordor_region,MOR,owned
me_land_4494,land,me_mirkwood_region,WILD,wild_unclaimed
me_land_4495,land,me_mordor_region,MOR,owned
me_land_4496,land,me_mordor_region,MOR,owned
me_land_4497,land,me_near_harad_region,WILD,wild_unclaimed
me_land_4498,land,me_far_harad_region,HRA,owned
me_land_4499,land,me_near_harad_region,UMB,owned
me_land_4500,land,me_far_harad_region,HFA,owned
me_land_4501,land,me_lindon_region,LIN,owned
me_land_4502,land,me_mordor_region,WILD,wild_unclaimed
me_land_4503,land,me_mordor_region,WILD,wild_unclaimed
me_land_4504,land,me_umbar_region,UMB,owned
me_land_4505,land,me_enedwaith_region,WILD,wild_buffer
me_land_4506,land,me_umbar_region,UMB,owned
me_land_4507,land,me_near_harad_region,WILD,wild_unclaimed
me_land_4508,land,me_mordor_region,WILD,wild_unclaimed
me_land_4509,land,me_rhun_region,DOR,owned
me_land_4510,land,me_anduin_vale_region,MOA,owned
me_land_4511,land,me_enedwaith_region,WILD,wild_unclaimed
me_land_4512,land,me_lindon_region,LIN,owned
me_land_4513,land,me_enedwaith_region,WILD,wild_unclaimed
me_land_4514,land,me_mordor_region,MOR,owned
me_land_4515,land,me_umbar_region,UMB,owned
me_land_4516,land,me_umbar_region,UMB,owned
me_land_4517,land,me_northern_wastes_region,WILD,wild_forodwaith
me_land_4518,land,me_khand_region,WILD,wild_unclaimed
me_land_4519,land,me_near_harad_region,HNE,owned
me_land_4520,land,me_south_gondor_region,GON,owned
me_land_4521,land,me_ithilien_region,WILD,wild_ithilien
me_land_4522,land,me_northern_wastes_region,WILD,wild_forodwaith
me_land_4523,land,me_north_arnor_region,WILD,wild_unclaimed
me_land_4524,land,me_anorien_region,GON,owned
me_land_4525,land,me_rohan_region,ISE,owned
me_land_4526,land,me_rhun_region,WILD,wild_buffer
me_land_4527,land,me_belfalas_region,GON,owned
me_land_4528,land,me_brown_lands_region,DOR,owned
me_land_4529,land,me_brown_lands_region,WILD,wild_unclaimed
me_land_4530,land,me_enedwaith_region,WILD,wild_unclaimed
me_land_4531,land,me_enedwaith_region,WILD,wild_enedwaith
me_land_4532,land,me_dale_region,ESG,owned
me_land_4533,land,me_forochel_region,LOS,owned
me_land_4534,land,me_angmar_region,WILD,wild_unclaimed
me_land_4535,land,me_mirkwood_region,WILD,wild_unclaimed
me_land_4536,land,me_rhun_region,DOR,owned
me_land_4537,land,me_forochel_region,LOS,owned
me_land_4538,land,me_near_harad_region,HRA,owned
me_land_4539,land,me_north_arnor_region,WILD,wild_unclaimed
me_land_4540,land,me_lebennin_region,GON,owned
me_land_4541,land,me_rhun_region,RHU,owned
me_land_4542,land,me_near_harad_region,WILD,wild_unclaimed
me_land_4543,land,me_khand_region,KHA,owned
me_land_4544,land,me_rhun_region,WILD,wild_unclaimed
me_land_4545,land,me_rhun_region,WILD,wild_unclaimed
me_land_4546,land,me_rhun_region,RH3,owned
me_land_4547,land,me_enedwaith_region,WILD,wild_enedwaith
me_land_4548,land,me_khand_region,KHA,owned
me_land_4549,land,me_enedwaith_region,WILD,wild_unclaimed
me_land_4550,land,me_mordor_region,MOR,owned
me_land_4551,land,me_mordor_region,WILD,wild_unclaimed
me_land_4552,land,me_angmar_region,WILD,wild_unclaimed
me_land_4553,land,me_north_arnor_region,ANG,owned
me_land_4554,land,me_rhun_region,WILD,wild_unclaimed
me_land_4555,land,me_anduin_vale_region,GOB,owned
me_land_4556,land,me_rhun_region,RH3,owned
me_land_4557,land,me_lindon_region,LIN,owned
me_land_4558,land,me_rhun_region,RH3,owned
me_land_4559,land,me_northern_wastes_region,WILD,wild_forodwaith
me_land_4560,land,me_brown_lands_region,WILD,wild_unclaimed
me_land_4561,land,me_lebennin_region,GON,owned
me_land_4562,land,me_khand_region,WILD,wild_unclaimed
me_land_4563,land,me_rhun_region,RH2,owned
me_land_4564,land,me_mordor_region,WILD,wild_unclaimed
me_land_4565,land,me_mirkwood_region,WOO,owned
me_land_4566,land,me_northern_wastes_region,WILD,wild_forodwaith
me_land_4567,land,me_belfalas_region,DAM,owned
me_land_4568,land,me_enedwaith_region,WILD,wild_buffer
me_land_4569,land,me_belfalas_region,DAM,owned
me_land_4570,land,me_rhun_region,WILD,wild_unclaimed
me_land_4571,land,me_mirkwood_region,WDM,owned
me_land_4572,land,me_khand_region,KHA,owned
me_land_4573,land,me_rohan_region,ROH,owned
me_land_4574,land,me_mordor_region,WILD,wild_unclaimed
me_land_4575,land,me_dale_region,ESG,owned
me_land_4576,land,me_rohan_region,ROH,owned
me_land_4577,land,me_rhun_region,RHU,owned
me_land_4578,land,me_angmar_region,WILD,wild_unclaimed
me_land_4579,land,me_mordor_region,WILD,wild_unclaimed
me_land_4580,land,me_mordor_region,MOR,owned
me_land_4581,land,me_rhun_region,RHU,owned
me_land_4582,land,me_brown_lands_region,WILD,wild_unclaimed
me_land_4583,land,me_north_arnor_region,WILD,wild_unclaimed
me_land_4584,land,me_rohan_region,ROH,owned
me_land_4585,land,me_brown_lands_region,WILD,wild_unclaimed
me_land_4586,land,me_lebennin_region,GON,owned
me_land_4587,land,me_rhun_region,IRO,owned
me_land_4588,land,me_mirkwood_region,WILD,wild_unclaimed
me_land_4589,land,me_belfalas_region,GON,owned
me_land_4590,land,me_umbar_region,UMB,owned
me_land_4591,land,me_rhun_region,WILD,wild_unclaimed
me_land_4592,land,me_umbar_region,UMB,owned
me_land_4593,land,me_enedwaith_region,WILD,wild_unclaimed
me_land_4594,land,me_northern_wastes_region,WILD,wild_forodwaith
me_land_4595,land,me_rhun_region,RH3,owned
me_land_4596,land,me_far_harad_region,WILD,wild_unclaimed
me_land_4597,land,me_rohan_region,ROH,owned
me_land_4598,land,me_forochel_region,LOS,owned
me_land_4599,land,me_mordor_region,WILD,wild_unclaimed
me_land_4600,land,me_lebennin_region,GON,owned
me_land_4601,land,me_anduin_vale_region,WILD,wild_unclaimed
me_land_4602,land,me_mordor_region,MOR,owned
me_land_4603,land,me_mordor_region,WILD,wild_unclaimed
me_land_4604,land,me_angmar_region,GUN,owned
me_land_4605,land,me_forochel_region,LOS,owned
me_land_4606,land,me_north_arnor_region,WILD,wild_unclaimed
me_land_4607,land,me_anduin_vale_region,WILD,wild_unclaimed
me_land_4608,land,me_anorien_region,GON,owned
me_land_4609,land,me_rohan_region,ROH,owned
me_land_4610,land,me_rhun_region,RH2,owned
me_land_4611,land,me_mirkwood_region,WILD,wild_unclaimed
me_land_4612,land,me_rhun_region,DOR,owned
me_land_4613,land,me_near_harad_region,UMB,owned
me_land_4614,land,me_rohan_region,ROH,owned
me_land_4615,land,me_rhun_region,RHU,owned
me_land_4616,land,me_rhun_region,RHU,owned
me_land_4617,land,me_belfalas_region,GON,owned
me_land_4618,land,me_khand_region,KHA,owned
me_land_4619,land,me_khand_region,KHA,owned
me_land_4620,land,me_rhun_region,RH2,owned
me_land_4621,land,me_angmar_region,WILD,wild_unclaimed
me_land_4622,land,me_enedwaith_region,WILD,wild_unclaimed
me_land_4623,land,me_mordor_region,MOR,owned
me_land_4624,land,me_belfalas_region,GON,owned
me_land_4625,land,me_angmar_region,WILD,wild_unclaimed
me_land_4626,land,me_shire_breeland_region,SHI,owned
me_land_4627,land,me_near_harad_region,HRA,owned
me_land_4628,land,me_northern_wastes_region,WILD,wild_forodwaith
me_land_4629,land,me_rohan_region,ROH,owned
me_land_4630,land,me_northern_wastes_region,WILD,wild_forodwaith
me_land_4631,land,me_far_harad_region,WILD,wild_unclaimed
me_land_4632,land,me_north_arnor_region,WILD,wild_unclaimed
me_land_4633,land,me_enedwaith_region,DUN,owned
me_land_4634,land,me_northern_wastes_region,WILD,wild_forodwaith
me_land_4635,land,me_anduin_vale_region,WILD,wild_unclaimed
me_land_4636,land,me_rohan_region,ROH,owned
me_land_4637,land,me_rhun_region,WILD,wild_unclaimed
me_land_4638,land,me_shire_breeland_region,SHI,owned
me_land_4639,land,me_near_harad_region,HNE,owned
me_land_4640,land,me_enedwaith_region,WILD,wild_enedwaith
me_land_4641,land,me_rhun_region,RH2,owned
me_land_4642,land,me_brown_lands_region,DOL,owned
me_land_4643,land,me_mordor_region,WILD,wild_unclaimed
me_land_4644,land,me_rhun_region,IRO,owned
me_land_4645,land,me_near_harad_region,HNE,owned
me_land_4646,land,me_rhun_region,RHU,owned
me_land_4647,land,me_belfalas_region,DAM,owned
me_land_4648,land,me_lindon_region,LIN,owned
me_land_4649,land,me_angmar_region,WILD,wild_unclaimed
me_land_4650,land,me_enedwaith_region,WILD,wild_enedwaith
me_land_4651,land,me_mordor_region,WILD,wild_unclaimed
me_land_4652,land,me_enedwaith_region,MOA,owned
me_land_4653,land,me_enedwaith_region,WILD,wild_unclaimed
me_land_4654,land,me_enedwaith_region,WILD,wild_unclaimed
me_land_4655,land,me_south_gondor_region,GON,owned
me_land_4656,land,me_north_arnor_region,WILD,wild_unclaimed
me_land_4657,land,me_enedwaith_region,WILD,wild_buffer
me_land_4658,land,me_dale_region,WOO,owned
me_land_4659,land,me_shire_breeland_region,SHI,owned
me_land_4660,land,me_mordor_region,WILD,wild_unclaimed
me_land_4661,land,me_khand_region,WILD,wild_unclaimed
me_land_4662,land,me_lindon_region,LIN,owned
me_land_4663,land,me_forochel_region,LOS,owned
me_land_4664,land,me_shire_breeland_region,SHI,owned
me_land_4665,land,me_forochel_region,LOS,owned
me_land_4666,land,me_near_harad_region,HNE,owned
me_land_4667,land,me_enedwaith_region,WILD,wild_unclaimed
me_land_4668,land,me_rhun_region,WILD,wild_unclaimed
me_land_4669,land,me_rhun_region,WILD,wild_unclaimed
me_land_4670,land,me_rhun_region,RHU,owned
me_land_4671,land,me_umbar_region,UMB,owned
me_land_4672,land,me_mirkwood_region,WDM,owned
me_land_4673,land,me_brown_lands_region,WILD,wild_unclaimed
me_land_4674,land,me_rhun_region,IRO,owned
me_land_4675,land,me_rhun_region,RH3,owned
me_land_4676,land,me_rhun_region,RH2,owned
me_land_4677,land,me_rhun_region,WILD,wild_unclaimed
me_land_4678,land,me_lindon_region,BLU,owned
me_land_4679,land,me_dale_region,WOO,owned
me_land_4680,land,me_rhun_region,WILD,wild_unclaimed
me_land_4681,land,me_mordor_region,MOR,owned
me_land_4682,land,me_rhun_region,WILD,wild_unclaimed
me_land_4683,land,me_mirkwood_region,WOO,owned
me_land_4684,land,me_rhun_region,RH2,owned
me_land_4685,land,me_northern_wastes_region,WILD,wild_forodwaith
me_land_4686,land,me_mirkwood_region,WILD,wild_unclaimed
me_land_4687,land,me_shire_breeland_region,WILD,wild_buffer
me_land_4688,land,me_mordor_region,MOR,owned
me_land_4689,land,me_near_harad_region,UMB,owned
me_land_4690,land,me_rhun_region,RHU,owned
me_land_4691,land,me_mordor_region,MOR,owned
me_land_4692,land,me_rhun_region,RHU,owned
me_land_4693,land,me_north_arnor_region,RIV,owned
me_land_4694,land,me_rhun_region,RHU,owned
me_land_4695,land,me_north_arnor_region,WILD,wild_unclaimed
me_land_4696,land,me_mordor_region,MOR,owned
me_land_4697,land,me_far_harad_region,WILD,wild_unclaimed
me_land_4698,land,me_umbar_region,UMB,owned
me_land_4699,land,me_mordor_region,MOR,owned
me_land_4700,land,me_lindon_region,LIN,owned
me_land_4701,land,me_northern_wastes_region,WILD,wild_forodwaith
me_land_4702,land,me_rhun_region,RH2,owned
me_land_4703,land,me_mordor_region,MOR,owned
me_land_4704,land,me_enedwaith_region,WILD,wild_unclaimed
me_land_4705,land,me_enedwaith_region,WILD,wild_enedwaith
me_land_4706,land,me_northern_wastes_region,WILD,wild_forodwaith
me_land_4707,land,me_northern_wastes_region,WILD,wild_forodwaith
me_land_4708,land,me_mordor_region,WILD,wild_unclaimed
me_land_4709,land,me_mordor_region,MOR,owned
me_land_4710,land,me_far_harad_region,WILD,wild_unclaimed
me_land_4711,land,me_brown_lands_region,WILD,wild_unclaimed
me_land_4712,land,me_anduin_vale_region,WILD,wild_buffer
me_land_4713,land,me_mordor_region,MOR,owned
me_land_4714,land,me_shire_breeland_region,BRE,owned
me_land_4715,land,me_north_arnor_region,WILD,wild_unclaimed
me_land_4716,land,me_rhun_region,RH3,owned
me_land_4717,land,me_forochel_region,LOS,owned
me_land_4718,land,me_northern_wastes_region,WILD,wild_forodwaith
me_land_4719,land,me_rhun_region,RH2,owned
me_land_4720,land,me_mordor_region,MOR,owned
me_land_4721,land,me_rohan_region,ROH,owned
me_land_4722,land,me_far_harad_region,HRA,owned
me_land_4723,land,me_northern_wastes_region,WILD,wild_forodwaith
me_land_4724,land,me_rhun_region,RHU,owned
me_land_4725,land,me_mordor_region,MOR,owned
me_land_4726,land,me_north_arnor_region,RAN,owned
me_land_4727,land,me_rhun_region,WILD,wild_buffer
me_land_4728,land,me_mirkwood_region,WILD,wild_unclaimed
me_land_4729,land,me_mordor_region,WILD,wild_unclaimed
me_land_4730,land,me_enedwaith_region,WILD,wild_enedwaith
me_land_4731,land,me_rhun_region,WILD,wild_unclaimed
me_land_4732,land,me_near_harad_region,HNE,owned
me_land_4733,land,me_lindon_region,LIN,owned
me_land_4734,land,me_near_harad_region,UMB,owned
me_land_4735,land,me_anorien_region,GON,owned
me_land_4736,land,me_shire_breeland_region,SHI,owned
me_land_4737,land,me_mordor_region,WILD,wild_unclaimed
me_land_4738,land,me_shire_breeland_region,BRE,owned
me_land_4739,land,me_belfalas_region,GON,owned
me_land_4740,land,me_enedwaith_region,WILD,wild_enedwaith
me_land_4741,land,me_mordor_region,WILD,wild_unclaimed
me_land_4742,land,me_belfalas_region,GON,owned
me_land_4743,land,me_northern_wastes_region,WILD,wild_forodwaith
me_land_4744,land,me_forochel_region,LOS,owned
me_land_4745,land,me_angmar_region,WILD,wild_unclaimed
me_land_4746,land,me_far_harad_region,WILD,wild_unclaimed
me_land_4747,land,me_rohan_region,ROH,owned
me_land_4748,land,me_north_arnor_region,WILD,wild_unclaimed
me_land_4749,land,me_north_arnor_region,WILD,wild_unclaimed
me_land_4750,land,me_mordor_region,MOR,owned
me_land_4751,land,me_lebennin_region,GON,owned
me_land_4752,land,me_khand_region,WILD,wild_unclaimed
me_land_4753,land,me_mordor_region,WILD,wild_unclaimed
me_land_4754,land,me_rhun_region,WILD,wild_unclaimed
me_land_4755,land,me_near_harad_region,HNE,owned
me_land_4756,land,me_khand_region,KHA,owned
me_land_4757,land,me_rhun_region,WILD,wild_unclaimed
me_land_4758,land,me_northern_wastes_region,WILD,wild_forodwaith
me_land_4759,land,me_rhun_region,RHU,owned
me_land_4760,land,me_shire_breeland_region,SHI,owned
me_land_4761,land,me_north_arnor_region,WILD,wild_unclaimed
me_land_4762,land,me_mordor_region,WILD,wild_unclaimed
me_land_4763,land,me_shire_breeland_region,WILD,wild_buffer
me_land_4764,land,me_near_harad_region,HRA,owned
me_land_4765,land,me_brown_lands_region,WILD,wild_unclaimed
me_land_4766,land,me_mordor_region,WILD,wild_unclaimed
me_land_4767,land,me_rohan_region,ROH,owned
me_land_4768,land,me_brown_lands_region,WILD,wild_unclaimed
me_land_4769,land,me_near_harad_region,HRA,owned
me_land_4770,land,me_mordor_region,WILD,wild_unclaimed
me_land_4771,land,me_mirkwood_region,WILD,wild_unclaimed
me_land_4772,land,me_brown_lands_region,WILD,wild_unclaimed
me_land_4773,land,me_north_arnor_region,WILD,wild_unclaimed
me_land_4774,land,me_ithilien_region,WILD,wild_ithilien
me_land_4775,land,me_mordor_region,MOR,owned
me_land_4776,land,me_mirkwood_region,DOL,owned
me_land_4777,land,me_far_harad_region,HFA,owned
me_land_4778,land,me_brown_lands_region,WILD,wild_unclaimed
me_land_4779,land,me_lindon_region,LIN,owned
me_land_4780,land,me_rohan_region,ISE,owned
me_land_4781,land,me_umbar_region,UMB,owned
me_land_4782,land,me_mirkwood_region,WOO,owned
me_land_4783,land,me_rhun_region,IRO,owned
me_land_4784,land,me_rhun_region,RH3,owned
me_land_4785,land,me_angmar_region,GUN,owned
me_land_4786,land,me_anduin_vale_region,LOR,owned
me_land_4787,land,me_north_arnor_region,WILD,wild_unclaimed
me_land_4788,land,me_enedwaith_region,WILD,wild_unclaimed
me_land_4789,land,me_northern_wastes_region,WILD,wild_forodwaith
me_land_4790,land,me_near_harad_region,HNE,owned
me_land_4791,land,me_north_arnor_region,WILD,wild_unclaimed
me_land_4792,land,me_khand_region,KHA,owned
me_land_4793,land,me_rohan_region,ROH,owned
me_land_4794,land,me_mordor_region,MOR,owned
me_land_4795,land,me_rhun_region,RHU,owned
me_land_4796,land,me_north_arnor_region,WILD,wild_unclaimed
me_land_4797,land,me_near_harad_region,HRA,owned
me_land_4798,land,me_rhun_region,RHU,owned
me_land_4799,land,me_rhun_region,WILD,wild_unclaimed
me_land_4800,land,me_belfalas_region,DAM,owned
me_land_4801,land,me_umbar_region,UMB,owned
me_land_4802,land,me_mordor_region,MOR,owned
me_land_4803,land,me_near_harad_region,HRA,owned
me_land_4804,land,me_lindon_region,LIN,owned
me_land_4805,land,me_north_arnor_region,WILD,wild_unclaimed
me_land_4806,land,me_rhun_region,RH3,owned
me_land_4807,land,me_lebennin_region,GON,owned
me_land_4808,land,me_south_gondor_region,GON,owned
me_land_4809,land,me_umbar_region,UMB,owned
me_land_4810,land,me_anduin_vale_region,WILD,wild_buffer
me_land_4811,land,me_angmar_region,WILD,wild_unclaimed
me_land_4812,land,me_enedwaith_region,WILD,wild_enedwaith
me_land_4813,land,me_lindon_region,LIN,owned
me_land_4814,land,me_mordor_region,MOR,owned
me_land_4815,land,me_far_harad_region,HFA,owned
me_land_4816,land,me_lindon_region,LIN,owned
me_land_4817,land,me_rhun_region,WILD,wild_unclaimed
me_land_4818,land,me_rhun_region,RH2,owned
me_land_4819,land,me_belfalas_region,GON,owned
me_land_4820,land,me_umbar_region,UMB,owned
me_land_4821,land,me_rhun_region,RHU,owned
me_land_4822,land,me_rhun_region,RHU,owned
me_land_4823,land,me_umbar_region,UMB,owned
me_land_4824,land,me_rohan_region,FAN,owned
me_land_4825,land,me_brown_lands_region,WILD,wild_unclaimed
me_land_4826,land,me_mordor_region,MOR,owned
me_land_4827,land,me_brown_lands_region,WILD,wild_unclaimed
me_land_4828,land,me_north_arnor_region,WILD,wild_unclaimed
me_land_4829,land,me_northern_wastes_region,WILD,wild_forodwaith
me_land_4830,land,me_lebennin_region,GON,owned
me_land_4831,land,me_northern_wastes_region,WILD,wild_forodwaith
me_land_4832,land,me_mirkwood_region,WDM,owned
me_land_4833,land,me_forochel_region,LOS,owned
me_land_4834,land,me_belfalas_region,DAM,owned
me_land_4835,land,me_umbar_region,UMB,owned
me_land_4836,land,me_north_arnor_region,WILD,wild_unclaimed
me_land_4837,land,me_umbar_region,UMB,owned
me_land_4838,land,me_enedwaith_region,WILD,wild_enedwaith
me_land_4839,land,me_lebennin_region,GON,owned
me_land_4840,land,me_khand_region,KHA,owned
me_land_4841,land,me_rhun_region,DOR,owned
me_land_4842,land,me_umbar_region,UMB,owned
me_land_4843,land,me_near_harad_region,HNE,owned
me_land_4844,land,me_rhun_region,DOR,owned
me_land_4845,land,me_far_harad_region,WILD,wild_unclaimed
me_land_4846,land,me_mordor_region,WILD,wild_unclaimed
me_land_4847,land,me_belfalas_region,GON,owned
me_land_4848,land,me_rhun_region,RHU,owned
me_land_4849,land,me_near_harad_region,WILD,wild_unclaimed
me_land_4850,land,me_lebennin_region,GON,owned
me_land_4851,land,me_enedwaith_region,WILD,wild_unclaimed
me_land_4852,land,me_rhun_region,WILD,wild_unclaimed
me_land_4853,land,me_belfalas_region,GON,owned
me_land_4854,land,me_khand_region,KHA,owned
me_land_4855,land,me_enedwaith_region,WILD,wild_enedwaith
me_land_4856,land,me_lindon_region,LIN,owned
me_land_4857,land,me_enedwaith_region,WILD,wild_unclaimed
me_land_4858,land,me_forochel_region,LOS,owned
me_land_4859,land,me_grey_mountains_region,GUN,owned
me_land_4860,land,me_rhun_region,WILD,wild_unclaimed
me_land_4861,land,me_rhun_region,RH2,owned
me_land_4862,land,me_enedwaith_region,DUN,owned
me_land_4863,land,me_near_harad_region,WILD,wild_unclaimed
me_land_4864,land,me_north_arnor_region,RAN,owned
me_land_4865,land,me_mirkwood_region,WILD,wild_buffer
me_land_4866,land,me_shire_breeland_region,SHI,owned
me_land_4867,land,me_khand_region,KHA,owned
me_land_4868,land,me_enedwaith_region,WILD,wild_unclaimed
me_land_4869,land,me_enedwaith_region,WILD,wild_unclaimed
me_land_4870,land,me_rhun_region,RHU,owned
me_land_4871,land,me_anorien_region,GON,owned
me_land_4872,land,me_forochel_region,LOS,owned
me_land_4873,land,me_rhun_region,IRO,owned
me_land_4874,land,me_rhun_region,RH2,owned
me_land_4875,land,me_near_harad_region,HNE,owned
me_land_4876,land,me_lindon_region,BLU,owned
me_land_4877,land,me_shire_breeland_region,WILD,wild_buffer
me_land_4878,land,me_belfalas_region,GON,owned
me_land_4879,land,me_lindon_region,BLU,owned
me_land_4880,land,me_anduin_vale_region,FAN,owned
me_land_4881,land,me_enedwaith_region,WILD,wild_unclaimed
me_land_4882,land,me_far_harad_region,WILD,wild_unclaimed
me_land_4883,land,me_belfalas_region,GON,owned
me_land_4884,land,me_south_gondor_region,GON,owned
me_land_4885,land,me_brown_lands_region,WILD,wild_unclaimed
me_land_4886,land,me_northern_wastes_region,WILD,wild_forodwaith
me_land_4887,land,me_rhun_region,RH3,owned
me_land_4888,land,me_near_harad_region,HRA,owned
me_land_4889,land,me_near_harad_region,UMB,owned
me_land_4890,land,me_rhun_region,RH2,owned
me_land_4891,land,me_near_harad_region,WILD,wild_unclaimed
me_land_4892,land,me_rhun_region,WILD,wild_unclaimed
me_land_4893,land,me_north_arnor_region,WILD,wild_unclaimed
me_land_4894,land,me_dale_region,ESG,owned
me_land_4895,land,me_khand_region,KHA,owned
me_land_4896,land,me_enedwaith_region,WILD,wild_enedwaith
me_land_4897,land,me_belfalas_region,GON,owned
me_land_4898,land,me_forochel_region,LOS,owned
me_land_4899,land,me_near_harad_region,UMB,owned
me_land_4900,land,me_grey_mountains_region,GUN,owned
me_land_4901,land,me_south_gondor_region,GON,owned
me_land_4902,land,me_mordor_region,WILD,wild_unclaimed
me_land_4903,land,me_northern_wastes_region,WILD,wild_forodwaith
me_land_4904,land,me_far_harad_region,HFA,owned
me_land_4905,land,me_enedwaith_region,WILD,wild_unclaimed
me_land_4906,land,me_forochel_region,LOS,owned
me_land_4907,land,me_rhun_region,RH3,owned
me_land_4908,land,me_near_harad_region,UMB,owned
me_land_4909,land,me_khand_region,KHA,owned
me_land_4910,land,me_mordor_region,WILD,wild_unclaimed
me_land_4911,land,me_khand_region,WILD,wild_unclaimed
me_land_4912,land,me_near_harad_region,UMB,owned
me_land_4913,land,me_enedwaith_region,WILD,wild_unclaimed
me_land_4914,land,me_far_harad_region,WILD,wild_unclaimed
me_land_4915,land,me_mordor_region,MOR,owned
me_land_4916,land,me_enedwaith_region,WILD,wild_unclaimed
me_land_4917,land,me_lindon_region,LIN,owned
me_land_4918,land,me_rohan_region,ROH,owned
me_land_4919,land,me_rhun_region,RH2,owned
me_land_4920,land,me_mirkwood_region,WILD,wild_unclaimed
me_land_4921,land,me_umbar_region,UMB,owned
me_land_4922,land,me_umbar_region,UMB,owned
me_land_4923,land,me_near_harad_region,HNE,owned
me_land_4924,land,me_northern_wastes_region,WILD,wild_forodwaith
me_land_4925,land,me_north_arnor_region,RAN,owned
me_land_4926,land,me_rhun_region,WILD,wild_unclaimed
me_land_4927,land,me_rhun_region,RHU,owned
me_land_4928,land,me_rhun_region,DOR,owned
me_land_4929,land,me_north_arnor_region,RIV,owned
me_land_4930,land,me_rhun_region,WILD,wild_unclaimed
me_land_4931,land,me_enedwaith_region,DUN,owned
me_land_4932,land,me_enedwaith_region,WILD,wild_enedwaith
me_land_4933,land,me_dale_region,ESG,owned
me_land_4934,land,me_khand_region,KHA,owned
me_land_4935,land,me_anduin_vale_region,WILD,wild_buffer
me_land_4936,land,me_umbar_region,UMB,owned
me_land_4937,land,me_mordor_region,WILD,wild_unclaimed
me_land_4938,land,me_rhun_region,RHU,owned
me_land_4939,land,me_near_harad_region,HNE,owned
me_land_4940,land,me_brown_lands_region,WILD,wild_buffer
me_land_4941,land,me_far_harad_region,WILD,wild_unclaimed
me_land_4942,land,me_lindon_region,BLU,owned
me_land_4943,land,me_khand_region,KHA,owned
me_land_4944,land,me_forochel_region,LOS,owned
me_land_4945,land,me_khand_region,WILD,wild_unclaimed
me_land_4946,land,me_rohan_region,ROH,owned
me_land_4947,land,me_mordor_region,WILD,wild_unclaimed
me_land_4948,land,me_mirkwood_region,WDM,owned
me_land_4949,land,me_mordor_region,MOR,owned
me_land_4950,land,me_dale_region,WILD,wild_unclaimed
me_land_4951,land,me_rhun_region,WILD,wild_unclaimed
me_land_4952,land,me_northern_wastes_region,WILD,wild_forodwaith
me_land_4953,land,me_rhun_region,DOR,owned
me_land_4954,land,me_khand_region,KHA,owned
me_land_4955,land,me_rohan_region,ROH,owned
me_land_4956,land,me_rhun_region,RH2,owned
me_land_4957,land,me_khand_region,KHA,owned
me_land_4958,land,me_near_harad_region,HNE,owned
me_land_4959,land,me_brown_lands_region,WILD,wild_buffer
me_land_4960,land,me_rohan_region,ROH,owned
me_land_4961,land,me_rhun_region,RH3,owned
me_land_4962,land,me_far_harad_region,WILD,wild_unclaimed
me_land_4963,land,me_rhun_region,WILD,wild_buffer
me_land_4964,land,me_dale_region,ESG,owned
me_land_4965,land,me_mordor_region,WILD,wild_unclaimed
me_land_4966,land,me_northern_wastes_region,WILD,wild_forodwaith
me_land_4967,land,me_mordor_region,WILD,wild_unclaimed
me_land_4968,land,me_rhun_region,RHU,owned
me_land_4969,land,me_mordor_region,WILD,wild_unclaimed
me_land_4970,land,me_anduin_vale_region,WILD,wild_unclaimed
me_land_4971,land,me_far_harad_region,HFA,owned
me_land_4972,land,me_rhun_region,WILD,wild_unclaimed
me_land_4973,land,me_rhun_region,RHU,owned
me_land_4974,land,me_anorien_region,GON,owned
me_land_4975,land,me_enedwaith_region,WILD,wild_unclaimed
me_land_4976,land,me_mordor_region,MOR,owned
me_land_4977,land,me_north_arnor_region,WILD,wild_unclaimed
me_land_4978,land,me_lindon_region,LIN,owned
me_land_4979,land,me_rhun_region,RH3,owned
me_land_4980,land,me_mordor_region,WILD,wild_unclaimed
me_land_4981,land,me_rhun_region,RH2,owned
me_land_4982,land,me_mordor_region,WILD,wild_unclaimed
me_land_4983,land,me_rhun_region,RHU,owned
me_land_4984,land,me_enedwaith_region,MOA,owned
me_land_4985,land,me_enedwaith_region,WILD,wild_enedwaith
me_land_4986,land,me_khand_region,WILD,wild_unclaimed
me_land_4987,land,me_lebennin_region,GON,owned
me_land_4988,land,me_lindon_region,LIN,owned
me_land_4989,land,me_rhun_region,WILD,wild_unclaimed
me_land_4990,land,me_enedwaith_region,WILD,wild_unclaimed
me_land_4991,land,me_mordor_region,WILD,wild_unclaimed
me_land_4992,land,me_rhun_region,DOR,owned
me_land_4993,land,me_south_gondor_region,GON,owned
me_land_4994,land,me_mordor_region,WILD,wild_unclaimed
me_land_4995,land,me_north_arnor_region,WILD,wild_unclaimed
me_land_4996,land,me_rohan_region,ROH,owned
me_land_4997,land,me_belfalas_region,GON,owned
me_land_4998,land,me_near_harad_region,UMB,owned
me_land_4999,land,me_ithilien_region,WILD,wild_ithilien
me_land_5000,land,me_rhun_region,DOR,owned
me_land_5001,land,me_rhun_region,WILD,wild_unclaimed
me_land_5002,land,me_rhun_region,RHU,owned
me_land_5003,land,me_north_arnor_region,GOB,owned
me_land_5004,land,me_rhun_region,WILD,wild_unclaimed
me_land_5005,land,me_mordor_region,MOR,owned
me_land_5006,land,me_anduin_vale_region,BEO,owned
me_land_5007,land,me_lindon_region,LIN,owned
me_land_5008,land,me_belfalas_region,GON,owned
me_land_5009,land,me_near_harad_region,HRA,owned
me_land_5010,land,me_shire_breeland_region,BRE,owned
me_land_5011,land,me_khand_region,KHA,owned
me_land_5012,land,me_enedwaith_region,WILD,wild_unclaimed
me_land_5013,land,me_brown_lands_region,WILD,wild_unclaimed
me_land_5014,land,me_mirkwood_region,WOO,owned
me_land_5015,land,me_forochel_region,LOS,owned
me_land_5016,land,me_enedwaith_region,DUN,owned
me_land_5017,land,me_far_harad_region,WILD,wild_unclaimed
me_land_5018,land,me_belfalas_region,GON,owned
me_land_5019,land,me_mordor_region,MOR,owned
me_land_5020,land,me_rhun_region,WILD,wild_unclaimed
me_land_5021,land,me_rhun_region,WILD,wild_unclaimed
me_land_5022,land,me_north_arnor_region,WILD,wild_unclaimed
me_land_5023,land,me_north_arnor_region,GOB,owned
me_land_5024,land,me_rhun_region,RHU,owned
me_land_5025,land,me_enedwaith_region,WILD,wild_enedwaith
me_land_5026,land,me_mirkwood_region,WILD,wild_unclaimed
me_land_5027,land,me_mordor_region,MOR,owned
me_land_5028,land,me_near_harad_region,WILD,wild_unclaimed
me_land_5029,land,me_south_gondor_region,GON,owned
me_land_5030,land,me_north_arnor_region,WILD,wild_unclaimed
me_land_5031,land,me_khand_region,WILD,wild_unclaimed
me_land_5032,land,me_belfalas_region,GON,owned
me_land_5033,land,me_rhun_region,RH2,owned
me_land_5034,land,me_northern_wastes_region,WILD,wild_forodwaith
me_land_5035,land,me_north_arnor_region,ANG,owned
me_land_5036,land,me_rhun_region,WILD,wild_unclaimed
me_land_5037,land,me_north_arnor_region,WILD,wild_unclaimed
me_land_5038,land,me_south_gondor_region,GON,owned
me_land_5039,land,me_mordor_region,MOR,owned
me_land_5040,land,me_belfalas_region,GON,owned
me_land_5041,land,me_umbar_region,UMB,owned
me_land_5042,land,me_anorien_region,GON,owned
me_land_5043,land,me_forochel_region,LOS,owned
me_land_5044,land,me_dale_region,ESG,owned
me_land_5045,land,me_mordor_region,MOR,owned
me_land_5046,land,me_lindon_region,LIN,owned
me_land_5047,land,me_shire_breeland_region,SHI,owned
me_land_5048,land,me_rhun_region,RH3,owned
me_land_5049,land,me_mordor_region,WILD,wild_unclaimed
me_land_5050,land,me_brown_lands_region,WILD,wild_unclaimed
me_land_5051,land,me_northern_wastes_region,WILD,wild_forodwaith
me_land_5052,land,me_ithilien_region,WILD,wild_ithilien
me_land_5053,land,me_rhun_region,WILD,wild_buffer
me_land_5054,land,me_khand_region,KHA,owned
me_land_5055,land,me_anduin_vale_region,WILD,wild_unclaimed
me_land_5056,land,me_enedwaith_region,WILD,wild_enedwaith
me_land_5057,land,me_far_harad_region,HFA,owned
me_land_5058,land,me_north_arnor_region,WILD,wild_unclaimed
me_land_5059,land,me_north_arnor_region,WILD,wild_unclaimed
me_land_5060,land,me_enedwaith_region,WILD,wild_unclaimed
me_land_5061,land,me_enedwaith_region,WILD,wild_unclaimed
me_land_5062,land,me_anduin_vale_region,GOB,owned
me_land_5063,land,me_angmar_region,WILD,wild_unclaimed
me_land_5064,land,me_belfalas_region,DAM,owned
me_land_5065,land,me_near_harad_region,UMB,owned
me_land_5066,land,me_near_harad_region,UMB,owned
me_land_5067,land,me_northern_wastes_region,WILD,wild_forodwaith
me_land_5068,land,me_mordor_region,MOR,owned
me_land_5069,land,me_rhun_region,WILD,wild_buffer
me_land_5070,land,me_brown_lands_region,WILD,wild_unclaimed
me_land_5071,land,me_ithilien_region,WILD,wild_ithilien
me_land_5072,land,me_lindon_region,LIN,owned
me_land_5073,land,me_north_arnor_region,WILD,wild_unclaimed
me_land_5074,land,me_rhun_region,RH3,owned
me_land_5075,land,me_enedwaith_region,WILD,wild_enedwaith
me_land_5076,land,me_near_harad_region,HRA,owned
me_land_5077,land,me_dale_region,WOO,owned
me_land_5078,land,me_enedwaith_region,DUN,owned
me_land_5079,land,me_rohan_region,ROH,owned
me_land_5080,land,me_shire_breeland_region,SHI,owned
me_land_5081,land,me_rhun_region,RH2,owned
me_land_5082,land,me_rhun_region,IRO,owned
me_land_5083,land,me_lebennin_region,GON,owned
me_land_5084,land,me_northern_wastes_region,WILD,wild_forodwaith
me_land_5085,land,me_grey_mountains_region,WILD,wild_unclaimed
me_land_5086,land,me_rhun_region,RHU,owned
me_land_5087,land,me_mordor_region,MOR,owned
me_land_5088,land,me_shire_breeland_region,SHI,owned
me_land_5089,land,me_anduin_vale_region,MOA,owned
me_land_5090,land,me_belfalas_region,GON,owned
me_land_5091,land,me_enedwaith_region,WILD,wild_unclaimed
me_land_5092,land,me_enedwaith_region,WILD,wild_unclaimed
me_land_5093,land,me_mordor_region,MOR,owned
me_land_5094,land,me_shire_breeland_region,SHI,owned
me_land_5095,land,me_northern_wastes_region,WILD,wild_forodwaith
me_land_5096,land,me_lindon_region,BLU,owned
me_land_5097,land,me_mirkwood_region,DOL,owned
me_land_5098,land,me_south_gondor_region,GON,owned
me_land_5099,land,me_mirkwood_region,WDM,owned
me_land_5100,land,me_rhun_region,RH3,owned
me_land_5101,land,me_belfalas_region,GON,owned
me_land_5102,land,me_north_arnor_region,WILD,wild_unclaimed
me_land_5103,land,me_enedwaith_region,WILD,wild_unclaimed
me_land_5104,land,me_north_arnor_region,WILD,wild_unclaimed
me_land_5105,land,me_belfalas_region,GON,owned
me_land_5106,land,me_rhun_region,WILD,wild_unclaimed
me_land_5107,land,me_mordor_region,WILD,wild_unclaimed
me_land_5108,land,me_lebennin_region,GON,owned
me_land_5109,land,me_far_harad_region,WILD,wild_unclaimed
me_land_5110,land,me_lindon_region,LIN,owned
me_land_5111,land,me_north_arnor_region,RAN,owned
me_land_5112,land,me_shire_breeland_region,SHI,owned
me_land_5113,land,me_lindon_region,LIN,owned
me_land_5114,land,me_lebennin_region,GON,owned
me_land_5115,land,me_rohan_region,ROH,owned
me_land_5116,land,me_enedwaith_region,WILD,wild_unclaimed
me_land_5117,land,me_forochel_region,LOS,owned
me_land_5118,land,me_rhun_region,RH2,owned
me_land_5119,land,me_khand_region,KHA,owned
me_land_5120,land,me_mirkwood_region,WILD,wild_unclaimed
me_land_5121,land,me_mordor_region,MOR,owned
me_land_5122,land,me_rhun_region,WILD,wild_unclaimed
me_land_5123,land,me_rohan_region,ROH,owned
me_land_5124,land,me_north_arnor_region,WILD,wild_unclaimed
me_land_5125,land,me_shire_breeland_region,SHI,owned
me_land_5126,land,me_khand_region,KHA,owned
me_land_5127,land,me_lindon_region,LIN,owned
me_land_5128,land,me_northern_wastes_region,WILD,wild_forodwaith
me_land_5129,land,me_near_harad_region,HNE,owned
me_land_5130,land,me_rhun_region,DOR,owned
me_land_5131,land,me_dale_region,WOO,owned
me_land_5132,land,me_shire_breeland_region,SHI,owned
me_land_5133,land,me_mordor_region,WILD,wild_unclaimed
me_land_5134,land,me_rhun_region,RH2,owned
me_land_5135,land,me_south_gondor_region,GON,owned
me_land_5136,land,me_brown_lands_region,WILD,wild_unclaimed
me_land_5137,land,me_rohan_region,ROH,owned
me_land_5138,land,me_belfalas_region,DAM,owned
me_land_5139,land,me_rohan_region,ROH,owned
me_land_5140,land,me_grey_mountains_region,WILD,wild_unclaimed
me_land_5141,land,me_near_harad_region,HRA,owned
me_land_5142,land,me_rhun_region,RH3,owned
me_land_5143,land,me_brown_lands_region,WILD,wild_unclaimed
me_land_5144,land,me_rhun_region,RHU,owned
me_land_5145,land,me_rhun_region,DOR,owned
me_land_5146,land,me_rhun_region,IRO,owned
me_land_5147,land,me_mirkwood_region,WILD,wild_unclaimed
me_land_5148,land,me_north_arnor_region,RAN,owned
me_land_5149,land,me_rhun_region,WILD,wild_unclaimed
me_land_5150,land,me_brown_lands_region,WILD,wild_unclaimed
me_land_5151,land,me_mordor_region,WILD,wild_unclaimed
me_land_5152,land,me_brown_lands_region,WILD,wild_unclaimed
me_land_5153,land,me_anduin_vale_region,WILD,wild_buffer
me_land_5154,land,me_rhun_region,RH2,owned
me_land_5155,land,me_mordor_region,MOR,owned
me_land_5156,land,me_mordor_region,WILD,wild_unclaimed
me_land_5157,land,me_rhun_region,WILD,wild_unclaimed
me_land_5158,land,me_umbar_region,UMB,owned
me_mountain_0001,mountain,me_forochel_region,WILD,wild_mountain
me_mountain_0002,mountain,me_angmar_region,WILD,wild_mountain
me_mountain_0003,mountain,me_forochel_region,WILD,wild_mountain
me_mountain_0004,mountain,me_northern_wastes_region,WILD,wild_mountain
me_mountain_0005,mountain,me_forochel_region,WILD,wild_mountain
me_mountain_0006,mountain,me_angmar_region,WILD,wild_mountain
me_mountain_0007,mountain,me_forochel_region,WILD,wild_mountain
me_mountain_0008,mountain,me_northern_wastes_region,WILD,wild_mountain
me_mountain_0009,mountain,me_northern_wastes_region,WILD,wild_mountain
me_mountain_0010,mountain,me_angmar_region,WILD,wild_mountain
me_mountain_0011,mountain,me_lindon_region,WILD,wild_mountain
me_mountain_0012,mountain,me_anduin_vale_region,WILD,wild_mountain
me_mountain_0013,mountain,me_anduin_vale_region,WILD,wild_mountain
me_mountain_0014,mountain,me_lindon_region,WILD,wild_mountain
me_mountain_0015,mountain,me_anduin_vale_region,WILD,wild_mountain
me_mountain_0016,mountain,me_anduin_vale_region,WILD,wild_mountain
me_mountain_0017,mountain,me_anduin_vale_region,WILD,wild_mountain
me_mountain_0018,mountain,me_lindon_region,WILD,wild_mountain
me_mountain_0019,mountain,me_anduin_vale_region,WILD,wild_mountain
me_mountain_0020,mountain,me_lindon_region,WILD,wild_mountain
me_mountain_0021,mountain,me_lindon_region,WILD,wild_mountain
me_mountain_0022,mountain,me_north_arnor_region,WILD,wild_mountain
me_mountain_0023,mountain,me_anduin_vale_region,WILD,wild_mountain
me_mountain_0024,mountain,me_anduin_vale_region,WILD,wild_mountain
me_mountain_0025,mountain,me_enedwaith_region,WILD,wild_mountain
me_mountain_0026,mountain,me_anduin_vale_region,WILD,wild_mountain
me_mountain_0027,mountain,me_anduin_vale_region,WILD,wild_mountain
me_mountain_0028,mountain,me_anduin_vale_region,WILD,wild_mountain
me_mountain_0029,mountain,me_anduin_vale_region,WILD,wild_mountain
me_mountain_0030,mountain,me_enedwaith_region,WILD,wild_mountain
me_mountain_0031,mountain,me_anduin_vale_region,WILD,wild_mountain
me_mountain_0032,mountain,me_enedwaith_region,WILD,wild_mountain
me_mountain_0033,mountain,me_anduin_vale_region,WILD,wild_mountain
me_mountain_0034,mountain,me_anduin_vale_region,WILD,wild_mountain
me_mountain_0035,mountain,me_anduin_vale_region,WILD,wild_mountain
me_mountain_0036,mountain,me_enedwaith_region,WILD,wild_mountain
me_mountain_0037,mountain,me_enedwaith_region,WILD,wild_mountain
me_mountain_0038,mountain,me_anduin_vale_region,WILD,wild_mountain
me_mountain_0039,mountain,me_enedwaith_region,WILD,wild_mountain
me_mountain_0040,mountain,me_rhun_region,WILD,wild_mountain
me_mountain_0041,mountain,me_enedwaith_region,WILD,wild_mountain
me_mountain_0042,mountain,me_enedwaith_region,WILD,wild_mountain
me_mountain_0043,mountain,me_enedwaith_region,WILD,wild_mountain
me_mountain_0044,mountain,me_anduin_vale_region,WILD,wild_mountain
me_mountain_0045,mountain,me_rohan_region,WILD,wild_mountain
me_mountain_0046,mountain,me_rohan_region,WILD,wild_mountain
me_mountain_0047,mountain,me_rohan_region,WILD,wild_mountain
me_mountain_0048,mountain,me_mordor_region,WILD,wild_mountain
me_mountain_0049,mountain,me_mordor_region,WILD,wild_mountain
me_mountain_0050,mountain,me_mordor_region,WILD,wild_mountain
me_mountain_0051,mountain,me_mordor_region,WILD,wild_mountain
me_mountain_0052,mountain,me_mordor_region,WILD,wild_mountain
me_mountain_0053,mountain,me_mordor_region,WILD,wild_mountain
me_mountain_0054,mountain,me_mordor_region,WILD,wild_mountain
me_mountain_0055,mountain,me_mordor_region,WILD,wild_mountain
me_mountain_0056,mountain,me_mordor_region,WILD,wild_mountain
me_mountain_0057,mountain,me_mordor_region,WILD,wild_mountain
me_mountain_0058,mountain,me_mordor_region,WILD,wild_mountain
me_mountain_0059,mountain,me_mordor_region,WILD,wild_mountain
me_mountain_0060,mountain,me_brown_lands_region,WILD,wild_mountain
me_mountain_0061,mountain,me_mordor_region,WILD,wild_mountain
me_mountain_0062,mountain,me_rohan_region,WILD,wild_mountain
me_mountain_0063,mountain,me_enedwaith_region,WILD,wild_mountain
me_mountain_0064,mountain,me_rohan_region,WILD,wild_mountain
me_mountain_0065,mountain,me_enedwaith_region,WILD,wild_mountain
me_mountain_0066,mountain,me_enedwaith_region,WILD,wild_mountain
me_mountain_0067,mountain,me_rohan_region,WILD,wild_mountain
me_mountain_0068,mountain,me_belfalas_region,WILD,wild_mountain
me_mountain_0069,mountain,me_belfalas_region,WILD,wild_mountain
me_mountain_0070,mountain,me_belfalas_region,WILD,wild_mountain
me_mountain_0071,mountain,me_belfalas_region,WILD,wild_mountain
me_mountain_0072,mountain,me_mordor_region,WILD,wild_mountain
me_mountain_0073,mountain,me_anorien_region,WILD,wild_mountain
me_mountain_0074,mountain,me_belfalas_region,WILD,wild_mountain
me_mountain_0075,mountain,me_belfalas_region,WILD,wild_mountain
me_mountain_0076,mountain,me_anorien_region,WILD,wild_mountain
me_mountain_0077,mountain,me_belfalas_region,WILD,wild_mountain
me_mountain_0078,mountain,me_anorien_region,WILD,wild_mountain
me_mountain_0079,mountain,me_mordor_region,WILD,wild_mountain
me_mountain_0080,mountain,me_anorien_region,WILD,wild_mountain
me_mountain_0081,mountain,me_anorien_region,WILD,wild_mountain
me_mountain_0082,mountain,me_mordor_region,WILD,wild_mountain
me_mountain_0083,mountain,me_anorien_region,WILD,wild_mountain
me_mountain_0084,mountain,me_ithilien_region,WILD,wild_mountain
me_mountain_0085,mountain,me_ithilien_region,WILD,wild_mountain
me_mountain_0086,mountain,me_ithilien_region,WILD,wild_mountain
me_mountain_0087,mountain,me_belfalas_region,WILD,wild_mountain
me_mountain_0088,mountain,me_ithilien_region,WILD,wild_mountain
me_mountain_0089,mountain,me_ithilien_region,WILD,wild_mountain
me_mountain_0090,mountain,me_ithilien_region,WILD,wild_mountain
me_mountain_0091,mountain,me_mordor_region,WILD,wild_mountain
me_mountain_0092,mountain,me_ithilien_region,WILD,wild_mountain
me_mountain_0093,mountain,me_ithilien_region,WILD,wild_mountain
me_mountain_0094,mountain,me_mordor_region,WILD,wild_mountain
me_mountain_0095,mountain,me_south_gondor_region,WILD,wild_mountain
me_mountain_0096,mountain,me_south_gondor_region,WILD,wild_mountain
me_mountain_0097,mountain,me_mordor_region,WILD,wild_mountain
me_mountain_0098,mountain,me_south_gondor_region,WILD,wild_mountain
me_mountain_0099,mountain,me_south_gondor_region,WILD,wild_mountain
me_mountain_0100,mountain,me_south_gondor_region,WILD,wild_mountain
me_mountain_0101,mountain,me_south_gondor_region,WILD,wild_mountain
me_mountain_0102,mountain,me_south_gondor_region,WILD,wild_mountain
me_mountain_0103,mountain,me_umbar_region,WILD,wild_mountain
me_mountain_0104,mountain,me_umbar_region,WILD,wild_mountain
me_mountain_0105,mountain,me_umbar_region,WILD,wild_mountain
me_mountain_0106,mountain,me_lindon_region,WILD,wild_mountain
me_mountain_0107,mountain,me_anduin_vale_region,WILD,wild_mountain
me_mountain_0108,mountain,me_south_gondor_region,WILD,wild_mountain
me_mountain_0109,mountain,me_northern_wastes_region,WILD,wild_mountain
me_mountain_0110,mountain,me_rohan_region,WILD,wild_mountain
me_mountain_0111,mountain,me_north_arnor_region,WILD,wild_mountain
me_mountain_0112,mountain,me_forochel_region,WILD,wild_mountain
me_mountain_0113,mountain,me_anduin_vale_region,WILD,wild_mountain
me_mountain_0114,mountain,me_lindon_region,WILD,wild_mountain
me_mountain_0115,mountain,me_anduin_vale_region,WILD,wild_mountain
me_mountain_0116,mountain,me_northern_wastes_region,WILD,wild_mountain
me_mountain_0117,mountain,me_angmar_region,WILD,wild_mountain
me_mountain_0118,mountain,me_rohan_region,WILD,wild_mountain
me_mountain_0119,mountain,me_northern_wastes_region,WILD,wild_mountain
me_mountain_0120,mountain,me_anduin_vale_region,WILD,wild_mountain
me_mountain_0121,mountain,me_northern_wastes_region,WILD,wild_mountain
me_mountain_0122,mountain,me_anduin_vale_region,WILD,wild_mountain
me_mountain_0123,mountain,me_enedwaith_region,WILD,wild_mountain
me_mountain_0124,mountain,me_lindon_region,WILD,wild_mountain
me_mountain_0125,mountain,me_rohan_region,WILD,wild_mountain
me_mountain_0126,mountain,me_belfalas_region,WILD,wild_mountain
me_mountain_0127,mountain,me_enedwaith_region,WILD,wild_mountain
me_mountain_0128,mountain,me_anduin_vale_region,WILD,wild_mountain
me_mountain_0129,mountain,me_lindon_region,WILD,wild_mountain
me_mountain_0130,mountain,me_rohan_region,WILD,wild_mountain
me_mountain_0131,mountain,me_northern_wastes_region,WILD,wild_mountain
me_mountain_0132,mountain,me_forochel_region,WILD,wild_mountain
me_mountain_0133,mountain,me_north_arnor_region,WILD,wild_mountain
me_mountain_0134,mountain,me_belfalas_region,WILD,wild_mountain
me_mountain_0135,mountain,me_forochel_region,WILD,wild_mountain
me_mountain_0136,mountain,me_anorien_region,WILD,wild_mountain
me_mountain_0137,mountain,me_mordor_region,WILD,wild_mountain
me_mountain_0138,mountain,me_lindon_region,WILD,wild_mountain
me_mountain_0139,mountain,me_anduin_vale_region,WILD,wild_mountain
me_mountain_0140,mountain,me_northern_wastes_region,WILD,wild_mountain
me_mountain_0141,mountain,me_belfalas_region,WILD,wild_mountain
me_mountain_0142,mountain,me_northern_wastes_region,WILD,wild_mountain
me_mountain_0143,mountain,me_anduin_vale_region,WILD,wild_mountain
me_mountain_0144,mountain,me_angmar_region,WILD,wild_mountain
me_mountain_0145,mountain,me_northern_wastes_region,WILD,wild_mountain
me_mountain_0146,mountain,me_enedwaith_region,WILD,wild_mountain
me_mountain_0147,mountain,me_belfalas_region,WILD,wild_mountain
me_mountain_0148,mountain,me_khand_region,WILD,wild_mountain
me_mountain_0149,mountain,me_lindon_region,WILD,wild_mountain
me_mountain_0150,mountain,me_khand_region,WILD,wild_mountain
me_mountain_0151,mountain,me_northern_wastes_region,WILD,wild_mountain
me_mountain_0152,mountain,me_lindon_region,WILD,wild_mountain
me_mountain_0153,mountain,me_grey_mountains_region,WILD,wild_mountain
me_mountain_0154,mountain,me_northern_wastes_region,WILD,wild_mountain
me_mountain_0155,mountain,me_enedwaith_region,WILD,wild_mountain
me_mountain_0156,mountain,me_northern_wastes_region,WILD,wild_mountain
me_mountain_0157,mountain,me_forochel_region,WILD,wild_mountain
me_mountain_0158,mountain,me_forochel_region,WILD,wild_mountain
me_mountain_0159,mountain,me_northern_wastes_region,WILD,wild_mountain
me_mountain_0160,mountain,me_northern_wastes_region,WILD,wild_mountain
me_mountain_0161,mountain,me_lindon_region,WILD,wild_mountain
me_mountain_0162,mountain,me_rohan_region,WILD,wild_mountain
me_mountain_0163,mountain,me_lindon_region,WILD,wild_mountain
me_mountain_0164,mountain,me_anorien_region,WILD,wild_mountain
me_mountain_0165,mountain,me_mordor_region,WILD,wild_mountain
me_mountain_0166,mountain,me_forochel_region,WILD,wild_mountain
me_mountain_0167,mountain,me_rohan_region,WILD,wild_mountain
me_mountain_0168,mountain,me_rohan_region,WILD,wild_mountain
me_mountain_0169,mountain,me_northern_wastes_region,WILD,wild_mountain
me_mountain_0170,mountain,me_anduin_vale_region,WILD,wild_mountain
me_mountain_0171,mountain,me_belfalas_region,WILD,wild_mountain
me_mountain_0172,mountain,me_northern_wastes_region,WILD,wild_mountain
me_mountain_0173,mountain,me_lindon_region,WILD,wild_mountain
me_mountain_0174,mountain,me_anduin_vale_region,WILD,wild_mountain
me_mountain_0175,mountain,me_northern_wastes_region,WILD,wild_mountain
me_mountain_0176,mountain,me_enedwaith_region,WILD,wild_mountain
me_mountain_0177,mountain,me_northern_wastes_region,WILD,wild_mountain
me_mountain_0178,mountain,me_lindon_region,WILD,wild_mountain
me_mountain_0179,mountain,me_grey_mountains_region,WILD,wild_mountain
me_mountain_0180,mountain,me_enedwaith_region,WILD,wild_mountain
me_mountain_0181,mountain,me_northern_wastes_region,WILD,wild_mountain
me_mountain_0182,mountain,me_northern_wastes_region,WILD,wild_mountain
me_mountain_0183,mountain,me_northern_wastes_region,WILD,wild_mountain
me_mountain_0184,mountain,me_forochel_region,WILD,wild_mountain
me_mountain_0185,mountain,me_anorien_region,WILD,wild_mountain
me_mountain_0186,mountain,me_angmar_region,WILD,wild_mountain
me_mountain_0187,mountain,me_forochel_region,WILD,wild_mountain
me_mountain_0188,mountain,me_angmar_region,WILD,wild_mountain
me_mountain_0189,mountain,me_rohan_region,WILD,wild_mountain
me_mountain_0190,mountain,me_belfalas_region,WILD,wild_mountain
me_mountain_0191,mountain,me_lindon_region,WILD,wild_mountain
me_mountain_0192,mountain,me_northern_wastes_region,WILD,wild_mountain
me_mountain_0193,mountain,me_lindon_region,WILD,wild_mountain
me_mountain_0194,mountain,me_enedwaith_region,WILD,wild_mountain
me_mountain_0195,mountain,me_lindon_region,WILD,wild_mountain
me_mountain_0196,mountain,me_northern_wastes_region,WILD,wild_mountain
me_mountain_0197,mountain,me_south_gondor_region,WILD,wild_mountain
me_mountain_0198,mountain,me_enedwaith_region,WILD,wild_mountain
me_mountain_0199,mountain,me_grey_mountains_region,WILD,wild_mountain
me_mountain_0200,mountain,me_lindon_region,WILD,wild_mountain
me_mountain_0201,mountain,me_anorien_region,WILD,wild_mountain
me_mountain_0202,mountain,me_lindon_region,WILD,wild_mountain
me_mountain_0203,mountain,me_lindon_region,WILD,wild_mountain
me_mountain_0204,mountain,me_northern_wastes_region,WILD,wild_mountain
me_mountain_0205,mountain,me_lindon_region,WILD,wild_mountain
me_mountain_0206,mountain,me_angmar_region,WILD,wild_mountain
me_mountain_0207,mountain,me_forochel_region,WILD,wild_mountain
me_mountain_0208,mountain,me_rohan_region,WILD,wild_mountain
me_mountain_0209,mountain,me_lindon_region,WILD,wild_mountain
me_mountain_0210,mountain,me_northern_wastes_region,WILD,wild_mountain
me_mountain_0211,mountain,me_north_arnor_region,WILD,wild_mountain
me_mountain_0212,mountain,me_northern_wastes_region,WILD,wild_mountain
me_mountain_0213,mountain,me_mordor_region,WILD,wild_mountain
me_mountain_0214,mountain,me_northern_wastes_region,WILD,wild_mountain
me_mountain_0215,mountain,me_belfalas_region,WILD,wild_mountain
me_mountain_0216,mountain,me_anduin_vale_region,WILD,wild_mountain
me_mountain_0217,mountain,me_forochel_region,WILD,wild_mountain
me_mountain_0218,mountain,me_lindon_region,WILD,wild_mountain
me_mountain_0219,mountain,me_forochel_region,WILD,wild_mountain
me_mountain_0220,mountain,me_anorien_region,WILD,wild_mountain
me_mountain_0221,mountain,me_northern_wastes_region,WILD,wild_mountain
me_mountain_0222,mountain,me_anduin_vale_region,WILD,wild_mountain
me_mountain_0223,mountain,me_mordor_region,WILD,wild_mountain
me_mountain_0224,mountain,me_grey_mountains_region,WILD,wild_mountain
me_mountain_0225,mountain,me_northern_wastes_region,WILD,wild_mountain
me_mountain_0226,mountain,me_enedwaith_region,WILD,wild_mountain
me_mountain_0227,mountain,me_northern_wastes_region,WILD,wild_mountain
me_mountain_0228,mountain,me_anduin_vale_region,WILD,wild_mountain
me_mountain_0229,mountain,me_anduin_vale_region,WILD,wild_mountain
me_mountain_0230,mountain,me_angmar_region,WILD,wild_mountain
me_mountain_0231,mountain,me_enedwaith_region,WILD,wild_mountain
me_mountain_0232,mountain,me_angmar_region,WILD,wild_mountain
me_mountain_0233,mountain,me_anduin_vale_region,WILD,wild_mountain
me_mountain_0234,mountain,me_rhun_region,WILD,wild_mountain
me_mountain_0235,mountain,me_grey_mountains_region,WILD,wild_mountain
me_mountain_0236,mountain,me_anduin_vale_region,WILD,wild_mountain
me_mountain_0237,mountain,me_belfalas_region,WILD,wild_mountain
me_mountain_0238,mountain,me_northern_wastes_region,WILD,wild_mountain
me_mountain_0239,mountain,me_rohan_region,WILD,wild_mountain
me_mountain_0240,mountain,me_lindon_region,WILD,wild_mountain
me_mountain_0241,mountain,me_northern_wastes_region,WILD,wild_mountain
me_mountain_0242,mountain,me_northern_wastes_region,WILD,wild_mountain
me_mountain_0243,mountain,me_forochel_region,WILD,wild_mountain
me_mountain_0244,mountain,me_belfalas_region,WILD,wild_mountain
me_mountain_0245,mountain,me_belfalas_region,WILD,wild_mountain
me_mountain_0246,mountain,me_north_arnor_region,WILD,wild_mountain
me_mountain_0247,mountain,me_angmar_region,WILD,wild_mountain
me_mountain_0248,mountain,me_lindon_region,WILD,wild_mountain
me_mountain_0249,mountain,me_anduin_vale_region,WILD,wild_mountain
me_mountain_0250,mountain,me_northern_wastes_region,WILD,wild_mountain
me_mountain_0251,mountain,me_northern_wastes_region,WILD,wild_mountain
me_mountain_0252,mountain,me_northern_wastes_region,WILD,wild_mountain
me_mountain_0253,mountain,me_north_arnor_region,WILD,wild_mountain
me_mountain_0254,mountain,me_anorien_region,WILD,wild_mountain
me_mountain_0255,mountain,me_anduin_vale_region,WILD,wild_mountain
me_mountain_0256,mountain,me_rohan_region,WILD,wild_mountain
me_mountain_0257,mountain,me_northern_wastes_region,WILD,wild_mountain
me_mountain_0258,mountain,me_lindon_region,WILD,wild_mountain
me_mountain_0259,mountain,me_northern_wastes_region,WILD,wild_mountain
me_mountain_0260,mountain,me_rohan_region,WILD,wild_mountain
me_mountain_0261,mountain,me_northern_wastes_region,WILD,wild_mountain
me_mountain_0262,mountain,me_northern_wastes_region,WILD,wild_mountain
me_mountain_0263,mountain,me_anduin_vale_region,WILD,wild_mountain
me_mountain_0264,mountain,me_forochel_region,WILD,wild_mountain
me_mountain_0265,mountain,me_northern_wastes_region,WILD,wild_mountain
me_mountain_0266,mountain,me_anduin_vale_region,WILD,wild_mountain
me_mountain_0267,mountain,me_umbar_region,WILD,wild_mountain
me_mountain_0268,mountain,me_belfalas_region,WILD,wild_mountain
me_mountain_0269,mountain,me_khand_region,WILD,wild_mountain
me_mountain_0270,mountain,me_enedwaith_region,WILD,wild_mountain
me_mountain_0271,mountain,me_anduin_vale_region,WILD,wild_mountain
me_mountain_0272,mountain,me_rohan_region,WILD,wild_mountain
me_mountain_0273,mountain,me_lindon_region,WILD,wild_mountain
me_mountain_0274,mountain,me_forochel_region,WILD,wild_mountain
me_mountain_0275,mountain,me_enedwaith_region,WILD,wild_mountain
me_mountain_0276,mountain,me_northern_wastes_region,WILD,wild_mountain
me_mountain_0277,mountain,me_anduin_vale_region,WILD,wild_mountain
me_mountain_0278,mountain,me_angmar_region,WILD,wild_mountain
me_mountain_0279,mountain,me_anduin_vale_region,WILD,wild_mountain
me_mountain_0280,mountain,me_khand_region,WILD,wild_mountain
me_mountain_0281,mountain,me_grey_mountains_region,WILD,wild_mountain
me_mountain_0282,mountain,me_northern_wastes_region,WILD,wild_mountain
me_mountain_0283,mountain,me_lindon_region,WILD,wild_mountain
me_mountain_0284,mountain,me_anduin_vale_region,WILD,wild_mountain
me_mountain_0285,mountain,me_khand_region,WILD,wild_mountain
me_mountain_0286,mountain,me_enedwaith_region,WILD,wild_mountain
me_mountain_0287,mountain,me_lindon_region,WILD,wild_mountain
me_mountain_0288,mountain,me_forochel_region,WILD,wild_mountain
me_mountain_0289,mountain,me_northern_wastes_region,WILD,wild_mountain
me_mountain_0290,mountain,me_forochel_region,WILD,wild_mountain
me_mountain_0291,mountain,me_enedwaith_region,WILD,wild_mountain
me_mountain_0292,mountain,me_lindon_region,WILD,wild_mountain
me_mountain_0293,mountain,me_lindon_region,WILD,wild_mountain
me_mountain_0294,mountain,me_anduin_vale_region,WILD,wild_mountain
me_mountain_0295,mountain,me_lindon_region,WILD,wild_mountain
me_mountain_0296,mountain,me_anduin_vale_region,WILD,wild_mountain
me_mountain_0297,mountain,me_lindon_region,WILD,wild_mountain
me_mountain_0298,mountain,me_umbar_region,WILD,wild_mountain
me_mountain_0299,mountain,me_anduin_vale_region,WILD,wild_mountain
me_mountain_0300,mountain,me_rohan_region,WILD,wild_mountain
me_mountain_0301,mountain,me_north_arnor_region,WILD,wild_mountain
me_mountain_0302,mountain,me_lindon_region,WILD,wild_mountain
me_mountain_0303,mountain,me_belfalas_region,WILD,wild_mountain
me_mountain_0304,mountain,me_north_arnor_region,WILD,wild_mountain
me_mountain_0305,mountain,me_belfalas_region,WILD,wild_mountain
me_mountain_0306,mountain,me_rhun_region,WILD,wild_mountain
me_mountain_0307,mountain,me_angmar_region,WILD,wild_mountain
me_mountain_0308,mountain,me_anduin_vale_region,WILD,wild_mountain
me_mountain_0309,mountain,me_enedwaith_region,WILD,wild_mountain
me_mountain_0310,mountain,me_angmar_region,WILD,wild_mountain
me_mountain_0311,mountain,me_anduin_vale_region,WILD,wild_mountain
me_mountain_0312,mountain,me_northern_wastes_region,WILD,wild_mountain
me_mountain_0313,mountain,me_northern_wastes_region,WILD,wild_mountain
me_mountain_0314,mountain,me_angmar_region,WILD,wild_mountain
me_mountain_0315,mountain,me_belfalas_region,WILD,wild_mountain
me_mountain_0316,mountain,me_north_arnor_region,WILD,wild_mountain
me_mountain_0317,mountain,me_forochel_region,WILD,wild_mountain
me_mountain_0318,mountain,me_lindon_region,WILD,wild_mountain
me_mountain_0319,mountain,me_northern_wastes_region,WILD,wild_mountain
me_mountain_0320,mountain,me_lindon_region,WILD,wild_mountain
me_mountain_0321,mountain,me_south_gondor_region,WILD,wild_mountain
me_mountain_0322,mountain,me_northern_wastes_region,WILD,wild_mountain
me_mountain_0323,mountain,me_northern_wastes_region,WILD,wild_mountain
me_mountain_0324,mountain,me_lindon_region,WILD,wild_mountain
me_mountain_0325,mountain,me_rohan_region,WILD,wild_mountain
me_mountain_0326,mountain,me_forochel_region,WILD,wild_mountain
me_mountain_0327,mountain,me_angmar_region,WILD,wild_mountain
me_mountain_0328,mountain,me_belfalas_region,WILD,wild_mountain
me_mountain_0329,mountain,me_forochel_region,WILD,wild_mountain
me_mountain_0330,mountain,me_rohan_region,WILD,wild_mountain
me_mountain_0331,mountain,me_northern_wastes_region,WILD,wild_mountain
me_mountain_0332,mountain,me_belfalas_region,WILD,wild_mountain
me_mountain_0333,mountain,me_belfalas_region,WILD,wild_mountain
me_mountain_0334,mountain,me_rohan_region,WILD,wild_mountain
me_mountain_0335,mountain,me_angmar_region,WILD,wild_mountain
me_mountain_0336,mountain,me_anduin_vale_region,WILD,wild_mountain
me_mountain_0337,mountain,me_umbar_region,WILD,wild_mountain
me_mountain_0338,mountain,me_anorien_region,WILD,wild_mountain
me_mountain_0339,mountain,me_enedwaith_region,WILD,wild_mountain
me_mountain_0340,mountain,me_belfalas_region,WILD,wild_mountain
me_mountain_0341,mountain,me_anduin_vale_region,WILD,wild_mountain
me_mountain_0342,mountain,me_anduin_vale_region,WILD,wild_mountain
me_mountain_0343,mountain,me_belfalas_region,WILD,wild_mountain
me_mountain_0344,mountain,me_angmar_region,WILD,wild_mountain
me_mountain_0345,mountain,me_enedwaith_region,WILD,wild_mountain
me_mountain_0346,mountain,me_lindon_region,WILD,wild_mountain
me_mountain_0347,mountain,me_enedwaith_region,WILD,wild_mountain
me_mountain_0348,mountain,me_angmar_region,WILD,wild_mountain
me_mountain_0349,mountain,me_northern_wastes_region,WILD,wild_mountain
me_mountain_0350,mountain,me_angmar_region,WILD,wild_mountain
me_mountain_0351,mountain,me_northern_wastes_region,WILD,wild_mountain
me_mountain_0352,mountain,me_forochel_region,WILD,wild_mountain
me_mountain_0353,mountain,me_belfalas_region,WILD,wild_mountain
me_mountain_0354,mountain,me_enedwaith_region,WILD,wild_mountain
me_mountain_0355,mountain,me_forochel_region,WILD,wild_mountain
me_mountain_0356,mountain,me_anduin_vale_region,WILD,wild_mountain
me_mountain_0357,mountain,me_enedwaith_region,WILD,wild_mountain
me_mountain_0358,mountain,me_northern_wastes_region,WILD,wild_mountain
me_mountain_0359,mountain,me_south_gondor_region,WILD,wild_mountain
me_mountain_0360,mountain,me_northern_wastes_region,WILD,wild_mountain
me_mountain_0361,mountain,me_northern_wastes_region,WILD,wild_mountain
me_mountain_0362,mountain,me_northern_wastes_region,WILD,wild_mountain
me_mountain_0363,mountain,me_anorien_region,WILD,wild_mountain
me_mountain_0364,mountain,me_grey_mountains_region,WILD,wild_mountain
me_mountain_0365,mountain,me_forochel_region,WILD,wild_mountain
me_mountain_0366,mountain,me_anduin_vale_region,WILD,wild_mountain
me_mountain_0367,mountain,me_belfalas_region,WILD,wild_mountain
me_mountain_0368,mountain,me_rohan_region,WILD,wild_mountain
me_mountain_0369,mountain,me_belfalas_region,WILD,wild_mountain
me_mountain_0370,mountain,me_anduin_vale_region,WILD,wild_mountain
me_mountain_0371,mountain,me_mordor_region,WILD,wild_mountain
me_mountain_0372,mountain,me_northern_wastes_region,WILD,wild_mountain
me_mountain_0373,mountain,me_lindon_region,WILD,wild_mountain
me_mountain_0374,mountain,me_angmar_region,WILD,wild_mountain
me_mountain_0375,mountain,me_northern_wastes_region,WILD,wild_mountain
me_mountain_0376,mountain,me_lindon_region,WILD,wild_mountain
me_mountain_0377,mountain,me_enedwaith_region,WILD,wild_mountain
me_mountain_0378,mountain,me_angmar_region,WILD,wild_mountain
me_mountain_0379,mountain,me_anduin_vale_region,WILD,wild_mountain
me_mountain_0380,mountain,me_northern_wastes_region,WILD,wild_mountain
me_mountain_0381,mountain,me_north_arnor_region,WILD,wild_mountain
me_mountain_0382,mountain,me_anorien_region,WILD,wild_mountain
me_mountain_0383,mountain,me_north_arnor_region,WILD,wild_mountain
me_mountain_0384,mountain,me_north_arnor_region,WILD,wild_mountain
me_mountain_0385,mountain,me_north_arnor_region,WILD,wild_mountain
me_mountain_0386,mountain,me_anduin_vale_region,WILD,wild_mountain
me_mountain_0387,mountain,me_anduin_vale_region,WILD,wild_mountain
me_mountain_0388,mountain,me_forochel_region,WILD,wild_mountain
me_mountain_0389,mountain,me_northern_wastes_region,WILD,wild_mountain
me_mountain_0390,mountain,me_northern_wastes_region,WILD,wild_mountain
me_mountain_0391,mountain,me_lindon_region,WILD,wild_mountain
me_mountain_0392,mountain,me_anduin_vale_region,WILD,wild_mountain
me_mountain_0393,mountain,me_forochel_region,WILD,wild_mountain
me_mountain_0394,mountain,me_lindon_region,WILD,wild_mountain
me_mountain_0395,mountain,me_forochel_region,WILD,wild_mountain
me_mountain_0396,mountain,me_khand_region,WILD,wild_mountain
me_mountain_0397,mountain,me_anduin_vale_region,WILD,wild_mountain
me_mountain_0398,mountain,me_northern_wastes_region,WILD,wild_mountain
me_mountain_0399,mountain,me_angmar_region,WILD,wild_mountain
me_mountain_0400,mountain,me_north_arnor_region,WILD,wild_mountain
me_mountain_0401,mountain,me_angmar_region,WILD,wild_mountain
me_mountain_0402,mountain,me_forochel_region,WILD,wild_mountain
me_mountain_0403,mountain,me_rohan_region,WILD,wild_mountain
me_mountain_0404,mountain,me_rohan_region,WILD,wild_mountain
me_mountain_0405,mountain,me_anduin_vale_region,WILD,wild_mountain
me_mountain_0406,mountain,me_northern_wastes_region,WILD,wild_mountain
me_mountain_0407,mountain,me_mordor_region,WILD,wild_mountain
me_mountain_0408,mountain,me_grey_mountains_region,WILD,wild_mountain
me_mountain_0409,mountain,me_grey_mountains_region,WILD,wild_mountain
me_mountain_0410,mountain,me_northern_wastes_region,WILD,wild_mountain
me_mountain_0411,mountain,me_forochel_region,WILD,wild_mountain
me_mountain_0412,mountain,me_northern_wastes_region,WILD,wild_mountain
me_mountain_0413,mountain,me_anduin_vale_region,WILD,wild_mountain
me_mountain_0414,mountain,me_mordor_region,WILD,wild_mountain
me_mountain_0415,mountain,me_belfalas_region,WILD,wild_mountain
me_mountain_0416,mountain,me_khand_region,WILD,wild_mountain
me_mountain_0417,mountain,me_forochel_region,WILD,wild_mountain
me_mountain_0418,mountain,me_khand_region,WILD,wild_mountain
me_mountain_0419,mountain,me_lindon_region,WILD,wild_mountain
me_mountain_0420,mountain,me_angmar_region,WILD,wild_mountain
me_mountain_0421,mountain,me_lindon_region,WILD,wild_mountain
me_mountain_0422,mountain,me_south_gondor_region,WILD,wild_mountain
me_mountain_0423,mountain,me_anorien_region,WILD,wild_mountain
me_mountain_0424,mountain,me_anduin_vale_region,WILD,wild_mountain
me_mountain_0425,mountain,me_ithilien_region,WILD,wild_mountain
me_mountain_0426,mountain,me_anorien_region,WILD,wild_mountain
me_mountain_0427,mountain,me_lindon_region,WILD,wild_mountain
me_mountain_0428,mountain,me_anorien_region,WILD,wild_mountain
me_mountain_0429,mountain,me_forochel_region,WILD,wild_mountain
me_mountain_0430,mountain,me_belfalas_region,WILD,wild_mountain
me_mountain_0431,mountain,me_belfalas_region,WILD,wild_mountain
me_mountain_0432,mountain,me_lindon_region,WILD,wild_mountain
me_mountain_0433,mountain,me_enedwaith_region,WILD,wild_mountain
me_mountain_0434,mountain,me_lindon_region,WILD,wild_mountain
me_mountain_0435,mountain,me_northern_wastes_region,WILD,wild_mountain
me_mountain_0436,mountain,me_north_arnor_region,WILD,wild_mountain
me_mountain_0437,mountain,me_lindon_region,WILD,wild_mountain
me_mountain_0438,mountain,me_lindon_region,WILD,wild_mountain
me_mountain_0439,mountain,me_northern_wastes_region,WILD,wild_mountain
me_mountain_0440,mountain,me_rohan_region,WILD,wild_mountain
me_mountain_0441,mountain,me_forochel_region,WILD,wild_mountain
me_mountain_0442,mountain,me_belfalas_region,WILD,wild_mountain
me_mountain_0443,mountain,me_northern_wastes_region,WILD,wild_mountain
me_mountain_0444,mountain,me_angmar_region,WILD,wild_mountain
me_mountain_0445,mountain,me_lindon_region,WILD,wild_mountain
me_mountain_0446,mountain,me_angmar_region,WILD,wild_mountain
me_mountain_0447,mountain,me_anduin_vale_region,WILD,wild_mountain
me_mountain_0448,mountain,me_south_gondor_region,WILD,wild_mountain
me_mountain_0449,mountain,me_rohan_region,WILD,wild_mountain
me_mountain_0450,mountain,me_belfalas_region,WILD,wild_mountain
me_mountain_0451,mountain,me_anduin_vale_region,WILD,wild_mountain
me_mountain_0452,mountain,me_belfalas_region,WILD,wild_mountain
me_mountain_0453,mountain,me_rohan_region,WILD,wild_mountain
me_mountain_0454,mountain,me_northern_wastes_region,WILD,wild_mountain
me_mountain_0455,mountain,me_belfalas_region,WILD,wild_mountain
me_mountain_0456,mountain,me_rohan_region,WILD,wild_mountain
me_mountain_0457,mountain,me_northern_wastes_region,WILD,wild_mountain
me_mountain_0458,mountain,me_north_arnor_region,WILD,wild_mountain
me_mountain_0459,mountain,me_rohan_region,WILD,wild_mountain
me_mountain_0460,mountain,me_belfalas_region,WILD,wild_mountain
me_mountain_0461,mountain,me_mordor_region,WILD,wild_mountain
me_mountain_0462,mountain,me_northern_wastes_region,WILD,wild_mountain
me_mountain_0463,mountain,me_northern_wastes_region,WILD,wild_mountain
me_mountain_0464,mountain,me_northern_wastes_region,WILD,wild_mountain
me_mountain_0465,mountain,me_lindon_region,WILD,wild_mountain
me_mountain_0466,mountain,me_lindon_region,WILD,wild_mountain
me_mountain_0467,mountain,me_northern_wastes_region,WILD,wild_mountain
me_mountain_0468,mountain,me_anorien_region,WILD,wild_mountain
me_mountain_0469,mountain,me_northern_wastes_region,WILD,wild_mountain
me_mountain_0470,mountain,me_angmar_region,WILD,wild_mountain
me_mountain_0471,mountain,me_mordor_region,WILD,wild_mountain
me_mountain_0472,mountain,me_lindon_region,WILD,wild_mountain
me_mountain_0473,mountain,me_northern_wastes_region,WILD,wild_mountain
me_mountain_0474,mountain,me_ithilien_region,WILD,wild_mountain
me_mountain_0475,mountain,me_lindon_region,WILD,wild_mountain
me_mountain_0476,mountain,me_belfalas_region,WILD,wild_mountain
me_mountain_0477,mountain,me_anduin_vale_region,WILD,wild_mountain
me_mountain_0478,mountain,me_belfalas_region,WILD,wild_mountain
me_mountain_0479,mountain,me_belfalas_region,WILD,wild_mountain
me_mountain_0480,mountain,me_forochel_region,WILD,wild_mountain
me_mountain_0481,mountain,me_northern_wastes_region,WILD,wild_mountain
me_mountain_0482,mountain,me_enedwaith_region,WILD,wild_mountain
me_mountain_0483,mountain,me_lindon_region,WILD,wild_mountain
me_mountain_0484,mountain,me_northern_wastes_region,WILD,wild_mountain
me_mountain_0485,mountain,me_mordor_region,WILD,wild_mountain
me_mountain_0486,mountain,me_anorien_region,WILD,wild_mountain
me_mountain_0487,mountain,me_anduin_vale_region,WILD,wild_mountain
me_mountain_0488,mountain,me_forochel_region,WILD,wild_mountain
me_mountain_0489,mountain,me_northern_wastes_region,WILD,wild_mountain
me_mountain_0490,mountain,me_anduin_vale_region,WILD,wild_mountain
me_mountain_0491,mountain,me_north_arnor_region,WILD,wild_mountain
me_mountain_0492,mountain,me_north_arnor_region,WILD,wild_mountain
me_mountain_0493,mountain,me_anduin_vale_region,WILD,wild_mountain
me_mountain_0494,mountain,me_northern_wastes_region,WILD,wild_mountain
me_mountain_0495,mountain,me_umbar_region,WILD,wild_mountain
me_mountain_0496,mountain,me_northern_wastes_region,WILD,wild_mountain
me_mountain_0497,mountain,me_khand_region,WILD,wild_mountain
me_mountain_0498,mountain,me_forochel_region,WILD,wild_mountain
me_mountain_0499,mountain,me_angmar_region,WILD,wild_mountain
me_mountain_0500,mountain,me_ithilien_region,WILD,wild_mountain
me_mountain_0501,mountain,me_anduin_vale_region,WILD,wild_mountain
me_mountain_0502,mountain,me_northern_wastes_region,WILD,wild_mountain
me_mountain_0503,mountain,me_north_arnor_region,WILD,wild_mountain
me_mountain_0504,mountain,me_lindon_region,WILD,wild_mountain
me_mountain_0505,mountain,me_belfalas_region,WILD,wild_mountain
me_mountain_0506,mountain,me_anduin_vale_region,WILD,wild_mountain
me_mountain_0507,mountain,me_enedwaith_region,WILD,wild_mountain
me_mountain_0508,mountain,me_belfalas_region,WILD,wild_mountain
me_mountain_0509,mountain,me_northern_wastes_region,WILD,wild_mountain
me_mountain_0510,mountain,me_northern_wastes_region,WILD,wild_mountain
me_mountain_0511,mountain,me_belfalas_region,WILD,wild_mountain
me_mountain_0512,mountain,me_forochel_region,WILD,wild_mountain
me_mountain_0513,mountain,me_northern_wastes_region,WILD,wild_mountain
me_mountain_0514,mountain,me_mordor_region,WILD,wild_mountain
me_mountain_0515,mountain,me_angmar_region,WILD,wild_mountain
me_mountain_0516,mountain,me_northern_wastes_region,WILD,wild_mountain
me_mountain_0517,mountain,me_khand_region,WILD,wild_mountain
me_mountain_0518,mountain,me_northern_wastes_region,WILD,wild_mountain
me_mountain_0519,mountain,me_belfalas_region,WILD,wild_mountain
me_mountain_0520,mountain,me_forochel_region,WILD,wild_mountain
me_mountain_0521,mountain,me_lindon_region,WILD,wild_mountain
me_mountain_0522,mountain,me_lindon_region,WILD,wild_mountain
me_mountain_0523,mountain,me_khand_region,WILD,wild_mountain
me_mountain_0524,mountain,me_rohan_region,WILD,wild_mountain
me_mountain_0525,mountain,me_northern_wastes_region,WILD,wild_mountain
me_mountain_0526,mountain,me_lindon_region,WILD,wild_mountain
me_mountain_0527,mountain,me_northern_wastes_region,WILD,wild_mountain
me_mountain_0528,mountain,me_north_arnor_region,WILD,wild_mountain
me_mountain_0529,mountain,me_anduin_vale_region,WILD,wild_mountain
me_mountain_0530,mountain,me_forochel_region,WILD,wild_mountain
me_mountain_0531,mountain,me_anduin_vale_region,WILD,wild_mountain
me_mountain_0532,mountain,me_anduin_vale_region,WILD,wild_mountain
me_mountain_0533,mountain,me_anorien_region,WILD,wild_mountain
me_mountain_0534,mountain,me_forochel_region,WILD,wild_mountain
me_mountain_0535,mountain,me_angmar_region,WILD,wild_mountain
me_mountain_0536,mountain,me_anduin_vale_region,WILD,wild_mountain
me_mountain_0537,mountain,me_lindon_region,WILD,wild_mountain
me_mountain_0538,mountain,me_northern_wastes_region,WILD,wild_mountain
me_mountain_0539,mountain,me_rohan_region,WILD,wild_mountain
me_mountain_0540,mountain,me_angmar_region,WILD,wild_mountain
me_mountain_0541,mountain,me_angmar_region,WILD,wild_mountain
me_mountain_0542,mountain,me_angmar_region,WILD,wild_mountain
me_mountain_0543,mountain,me_northern_wastes_region,WILD,wild_mountain
me_mountain_0544,mountain,me_rohan_region,WILD,wild_mountain
me_mountain_0545,mountain,me_lindon_region,WILD,wild_mountain
me_mountain_0546,mountain,me_enedwaith_region,WILD,wild_mountain
me_mountain_0547,mountain,me_northern_wastes_region,WILD,wild_mountain
me_mountain_0548,mountain,me_lindon_region,WILD,wild_mountain
me_mountain_0549,mountain,me_rohan_region,WILD,wild_mountain
me_mountain_0550,mountain,me_lindon_region,WILD,wild_mountain
me_mountain_0551,mountain,me_grey_mountains_region,WILD,wild_mountain
me_mountain_0552,mountain,me_forochel_region,WILD,wild_mountain
me_mountain_0553,mountain,me_belfalas_region,WILD,wild_mountain
me_mountain_0554,mountain,me_lindon_region,WILD,wild_mountain
me_mountain_0555,mountain,me_south_gondor_region,WILD,wild_mountain
me_mountain_0556,mountain,me_south_gondor_region,WILD,wild_mountain
me_mountain_0557,mountain,me_anduin_vale_region,WILD,wild_mountain
me_mountain_0558,mountain,me_rohan_region,WILD,wild_mountain
me_mountain_0559,mountain,me_lindon_region,WILD,wild_mountain
me_mountain_0560,mountain,me_anduin_vale_region,WILD,wild_mountain
me_mountain_0561,mountain,me_anduin_vale_region,WILD,wild_mountain
me_mountain_0562,mountain,me_northern_wastes_region,WILD,wild_mountain
me_mountain_0563,mountain,me_belfalas_region,WILD,wild_mountain
me_mountain_0564,mountain,me_anduin_vale_region,WILD,wild_mountain
me_mountain_0565,mountain,me_lindon_region,WILD,wild_mountain
me_mountain_0566,mountain,me_angmar_region,WILD,wild_mountain
me_mountain_0567,mountain,me_lindon_region,WILD,wild_mountain
me_mountain_0568,mountain,me_rohan_region,WILD,wild_mountain
me_mountain_0569,mountain,me_belfalas_region,WILD,wild_mountain
me_mountain_0570,mountain,me_lindon_region,WILD,wild_mountain
me_mountain_0571,mountain,me_north_arnor_region,WILD,wild_mountain
me_mountain_0572,mountain,me_south_gondor_region,WILD,wild_mountain
me_mountain_0573,mountain,me_rohan_region,WILD,wild_mountain
me_mountain_0574,mountain,me_northern_wastes_region,WILD,wild_mountain
me_mountain_0575,mountain,me_rohan_region,WILD,wild_mountain
me_mountain_0576,mountain,me_forochel_region,WILD,wild_mountain
me_mountain_0577,mountain,me_ithilien_region,WILD,wild_mountain
me_mountain_0578,mountain,me_lindon_region,WILD,wild_mountain
me_mountain_0579,mountain,me_anduin_vale_region,WILD,wild_mountain
me_mountain_0580,mountain,me_belfalas_region,WILD,wild_mountain
me_mountain_0581,mountain,me_angmar_region,WILD,wild_mountain
me_mountain_0582,mountain,me_northern_wastes_region,WILD,wild_mountain
me_mountain_0583,mountain,me_north_arnor_region,WILD,wild_mountain
me_mountain_0584,mountain,me_north_arnor_region,WILD,wild_mountain
me_mountain_0585,mountain,me_angmar_region,WILD,wild_mountain
me_mountain_0586,mountain,me_anduin_vale_region,WILD,wild_mountain
me_mountain_0587,mountain,me_anduin_vale_region,WILD,wild_mountain
me_mountain_0588,mountain,me_forochel_region,WILD,wild_mountain
me_mountain_0589,mountain,me_enedwaith_region,WILD,wild_mountain
me_mountain_0590,mountain,me_umbar_region,WILD,wild_mountain
me_mountain_0591,mountain,me_anduin_vale_region,WILD,wild_mountain
me_mountain_0592,mountain,me_grey_mountains_region,WILD,wild_mountain
me_mountain_0593,mountain,me_forochel_region,WILD,wild_mountain
me_mountain_0594,mountain,me_northern_wastes_region,WILD,wild_mountain
me_mountain_0595,mountain,me_anduin_vale_region,WILD,wild_mountain
me_mountain_0596,mountain,me_forochel_region,WILD,wild_mountain
me_mountain_0597,mountain,me_ithilien_region,WILD,wild_mountain
me_mountain_0598,mountain,me_lindon_region,WILD,wild_mountain
me_mountain_0599,mountain,me_anduin_vale_region,WILD,wild_mountain
me_mountain_0600,mountain,me_ithilien_region,WILD,wild_mountain
me_lake_0001,lake,me_north_arnor_region,WILD,wild_lake
me_lake_0002,lake,me_dale_region,WILD,wild_lake
me_lake_0003,lake,me_shire_breeland_region,WILD,wild_lake
me_lake_0004,lake,me_shire_breeland_region,WILD,wild_lake
me_lake_0005,lake,me_rhun_region,WILD,wild_lake
me_lake_0006,lake,me_anduin_vale_region,WILD,wild_lake
me_lake_0007,lake,me_anduin_vale_region,WILD,wild_lake
me_lake_0008,lake,me_brown_lands_region,WILD,wild_lake
me_lake_0009,lake,me_rohan_region,WILD,wild_lake
me_lake_0010,lake,me_brown_lands_region,WILD,wild_lake
me_lake_0011,lake,me_brown_lands_region,WILD,wild_lake
me_lake_0012,lake,me_brown_lands_region,WILD,wild_lake
me_lake_0013,lake,me_mordor_region,WILD,wild_lake
me_lake_0014,lake,me_lebennin_region,WILD,wild_lake
me_lake_0015,lake,me_mordor_region,WILD,wild_lake
me_lake_0016,lake,me_rhun_region,WILD,wild_lake
me_lake_0017,lake,me_rhun_region,WILD,wild_lake
me_lake_0018,lake,me_rhun_region,WILD,wild_lake
me_lake_0019,lake,me_rhun_region,WILD,wild_lake
me_lake_0020,lake,me_rhun_region,WILD,wild_lake
me_lake_0021,lake,me_rhun_region,WILD,wild_lake
me_lake_0022,lake,me_mordor_region,WILD,wild_lake
me_lake_0023,lake,me_mordor_region,WILD,wild_lake
me_lake_0024,lake,me_rohan_region,WILD,wild_lake
me_lake_0025,lake,me_rhun_region,WILD,wild_lake
me_lake_0026,lake,me_rhun_region,WILD,wild_lake
me_lake_0027,lake,me_rhun_region,WILD,wild_lake
me_lake_0028,lake,me_rhun_region,WILD,wild_lake
me_lake_0029,lake,me_rhun_region,WILD,wild_lake
me_lake_0030,lake,me_rhun_region,WILD,wild_lake
me_lake_0031,lake,me_mordor_region,WILD,wild_lake
me_lake_0032,lake,me_rhun_region,WILD,wild_lake
me_lake_0033,lake,me_rhun_region,WILD,wild_lake
me_lake_0034,lake,me_mordor_region,WILD,wild_lake
me_lake_0035,lake,me_rhun_region,WILD,wild_lake
me_lake_0036,lake,me_mordor_region,WILD,wild_lake
me_lake_0037,lake,me_mordor_region,WILD,wild_lake
me_lake_0038,lake,me_mordor_region,WILD,wild_lake
me_lake_0039,lake,me_rhun_region,WILD,wild_lake
me_lake_0040,lake,me_rhun_region,WILD,wild_lake
me_lake_0041,lake,me_rhun_region,WILD,wild_lake
me_lake_0042,lake,me_rhun_region,WILD,wild_lake
me_lake_0043,lake,me_rhun_region,WILD,wild_lake
me_lake_0044,lake,me_north_arnor_region,WILD,wild_lake
me_lake_0045,lake,me_rhun_region,WILD,wild_lake
me_lake_0046,lake,me_mordor_region,WILD,wild_lake
me_lake_0047,lake,me_rhun_region,WILD,wild_lake
me_lake_0048,lake,me_rhun_region,WILD,wild_lake
me_lake_0049,lake,me_mordor_region,WILD,wild_lake
me_lake_0050,lake,me_rhun_region,WILD,wild_lake
me_lake_0051,lake,me_rhun_region,WILD,wild_lake
me_lake_0052,lake,me_north_arnor_region,WILD,wild_lake
me_lake_0053,lake,me_rhun_region,WILD,wild_lake
me_lake_0054,lake,me_mordor_region,WILD,wild_lake
me_lake_0055,lake,me_rhun_region,WILD,wild_lake
me_lake_0056,lake,me_rhun_region,WILD,wild_lake
me_lake_0057,lake,me_rhun_region,WILD,wild_lake
me_lake_0058,lake,me_rhun_region,WILD,wild_lake
me_lake_0059,lake,me_mordor_region,WILD,wild_lake
me_lake_0060,lake,me_rhun_region,WILD,wild_lake
me_sea_0001,sea,me_forochel_region,WILD,wild_sea
me_sea_0002,sea,me_northern_wastes_region,WILD,wild_sea
me_sea_0003,sea,me_north_arnor_region,WILD,wild_sea
me_sea_0004,sea,me_lindon_region,WILD,wild_sea
me_sea_0005,sea,me_lindon_region,WILD,wild_sea
me_sea_0006,sea,me_lebennin_region,WILD,wild_sea
me_sea_0007,sea,me_near_harad_region,WILD,wild_sea
me_sea_0008,sea,me_near_harad_region,WILD,wild_sea
me_sea_0009,sea,me_near_harad_region,WILD,wild_sea
me_sea_0010,sea,me_belfalas_region,WILD,wild_sea
me_sea_0011,sea,me_mordor_region,WILD,wild_sea
me_sea_0012,sea,me_belfalas_region,WILD,wild_sea
me_sea_0013,sea,me_mordor_region,WILD,wild_sea
me_sea_0014,sea,me_belfalas_region,WILD,wild_sea
me_sea_0015,sea,me_khand_region,WILD,wild_sea
me_sea_0016,sea,me_rhun_region,WILD,wild_sea
me_sea_0017,sea,me_belfalas_region,WILD,wild_sea
me_sea_0018,sea,me_northern_wastes_region,WILD,wild_sea
me_sea_0019,sea,me_near_harad_region,WILD,wild_sea
me_sea_0020,sea,me_lindon_region,WILD,wild_sea
me_sea_0021,sea,me_lindon_region,WILD,wild_sea
me_sea_0022,sea,me_belfalas_region,WILD,wild_sea
me_sea_0023,sea,me_lindon_region,WILD,wild_sea
me_sea_0024,sea,me_lindon_region,WILD,wild_sea
me_sea_0025,sea,me_belfalas_region,WILD,wild_sea
me_sea_0026,sea,me_lindon_region,WILD,wild_sea
me_sea_0027,sea,me_rhun_region,WILD,wild_sea
me_sea_0028,sea,me_umbar_region,WILD,wild_sea
me_sea_0029,sea,me_belfalas_region,WILD,wild_sea
me_sea_0030,sea,me_forochel_region,WILD,wild_sea
me_sea_0031,sea,me_umbar_region,WILD,wild_sea
me_sea_0032,sea,me_near_harad_region,WILD,wild_sea
me_sea_0033,sea,me_khand_region,WILD,wild_sea
me_sea_0034,sea,me_near_harad_region,WILD,wild_sea
me_sea_0035,sea,me_near_harad_region,WILD,wild_sea
me_sea_0036,sea,me_belfalas_region,WILD,wild_sea
me_sea_0037,sea,me_lindon_region,WILD,wild_sea
me_sea_0038,sea,me_near_harad_region,WILD,wild_sea
me_sea_0039,sea,me_rhun_region,WILD,wild_sea
me_sea_0040,sea,me_near_harad_region,WILD,wild_sea
me_sea_0041,sea,me_belfalas_region,WILD,wild_sea
me_sea_0042,sea,me_near_harad_region,WILD,wild_sea
me_sea_0043,sea,me_belfalas_region,WILD,wild_sea
me_sea_0044,sea,me_lindon_region,WILD,wild_sea
me_sea_0045,sea,me_umbar_region,WILD,wild_sea
me_sea_0046,sea,me_lindon_region,WILD,wild_sea
me_sea_0047,sea,me_belfalas_region,WILD,wild_sea
me_sea_0048,sea,me_far_harad_region,WILD,wild_sea
me_sea_0049,sea,me_rhun_region,WILD,wild_sea
me_sea_0050,sea,me_khand_region,WILD,wild_sea
me_sea_0051,sea,me_lindon_region,WILD,wild_sea
me_sea_0052,sea,me_rhun_region,WILD,wild_sea
me_sea_0053,sea,me_northern_wastes_region,WILD,wild_sea
me_sea_0054,sea,me_rhun_region,WILD,wild_sea
me_sea_0055,sea,me_lindon_region,WILD,wild_sea
me_sea_0056,sea,me_rhun_region,WILD,wild_sea
me_sea_0057,sea,me_northern_wastes_region,WILD,wild_sea
me_sea_0058,sea,me_umbar_region,WILD,wild_sea
me_sea_0059,sea,me_rhun_region,WILD,wild_sea
me_sea_0060,sea,me_umbar_region,WILD,wild_sea
me_sea_0061,sea,me_rhun_region,WILD,wild_sea
me_sea_0062,sea,me_belfalas_region,WILD,wild_sea
me_sea_0063,sea,me_mordor_region,WILD,wild_sea
me_sea_0064,sea,me_khand_region,WILD,wild_sea
me_sea_0065,sea,me_belfalas_region,WILD,wild_sea
me_sea_0066,sea,me_umbar_region,WILD,wild_sea
me_sea_0067,sea,me_near_harad_region,WILD,wild_sea
me_sea_0068,sea,me_khand_region,WILD,wild_sea
me_sea_0069,sea,me_lindon_region,WILD,wild_sea
me_sea_0070,sea,me_near_harad_region,WILD,wild_sea
me_sea_0071,sea,me_belfalas_region,WILD,wild_sea
me_sea_0072,sea,me_khand_region,WILD,wild_sea
me_sea_0073,sea,me_rhun_region,WILD,wild_sea
me_sea_0074,sea,me_umbar_region,WILD,wild_sea
me_sea_0075,sea,me_mordor_region,WILD,wild_sea
me_sea_0076,sea,me_umbar_region,WILD,wild_sea
me_sea_0077,sea,me_rhun_region,WILD,wild_sea
me_sea_0078,sea,me_belfalas_region,WILD,wild_sea
me_sea_0079,sea,me_near_harad_region,WILD,wild_sea
me_sea_0080,sea,me_belfalas_region,WILD,wild_sea
me_sea_0081,sea,me_lindon_region,WILD,wild_sea
me_sea_0082,sea,me_lindon_region,WILD,wild_sea
me_sea_0083,sea,me_far_harad_region,WILD,wild_sea
me_sea_0084,sea,me_rhun_region,WILD,wild_sea
me_sea_0085,sea,me_near_harad_region,WILD,wild_sea
me_sea_0086,sea,me_far_harad_region,WILD,wild_sea
me_sea_0087,sea,me_umbar_region,WILD,wild_sea
me_sea_0088,sea,me_belfalas_region,WILD,wild_sea
me_sea_0089,sea,me_near_harad_region,WILD,wild_sea
me_sea_0090,sea,me_rhun_region,WILD,wild_sea
me_sea_0091,sea,me_belfalas_region,WILD,wild_sea
me_sea_0092,sea,me_lindon_region,WILD,wild_sea
me_sea_0093,sea,me_forochel_region,WILD,wild_sea
me_sea_0094,sea,me_near_harad_region,WILD,wild_sea
me_sea_0095,sea,me_umbar_region,WILD,wild_sea
me_sea_0096,sea,me_khand_region,WILD,wild_sea
me_sea_0097,sea,me_lindon_region,WILD,wild_sea
me_sea_0098,sea,me_lindon_region,WILD,wild_sea
me_sea_0099,sea,me_forochel_region,WILD,wild_sea
me_sea_0100,sea,me_lindon_region,WILD,wild_sea
me_sea_0101,sea,me_near_harad_region,WILD,wild_sea
me_sea_0102,sea,me_forochel_region,WILD,wild_sea
me_sea_0103,sea,me_lindon_region,WILD,wild_sea
me_sea_0104,sea,me_khand_region,WILD,wild_sea
me_sea_0105,sea,me_lindon_region,WILD,wild_sea
me_sea_0106,sea,me_mordor_region,WILD,wild_sea
me_sea_0107,sea,me_belfalas_region,WILD,wild_sea
me_sea_0108,sea,me_mordor_region,WILD,wild_sea
me_sea_0109,sea,me_khand_region,WILD,wild_sea
me_sea_0110,sea,me_umbar_region,WILD,wild_sea
me_sea_0111,sea,me_forochel_region,WILD,wild_sea
me_sea_0112,sea,me_northern_wastes_region,WILD,wild_sea
me_sea_0113,sea,me_umbar_region,WILD,wild_sea
me_sea_0114,sea,me_umbar_region,WILD,wild_sea
me_sea_0115,sea,me_forochel_region,WILD,wild_sea
me_sea_0116,sea,me_lindon_region,WILD,wild_sea
me_sea_0117,sea,me_near_harad_region,WILD,wild_sea
me_sea_0118,sea,me_enedwaith_region,WILD,wild_sea
me_sea_0119,sea,me_umbar_region,WILD,wild_sea
me_sea_0120,sea,me_lindon_region,WILD,wild_sea
me_sea_0121,sea,me_rhun_region,WILD,wild_sea
me_sea_0122,sea,me_belfalas_region,WILD,wild_sea
me_sea_0123,sea,me_lindon_region,WILD,wild_sea
me_sea_0124,sea,me_belfalas_region,WILD,wild_sea
me_sea_0125,sea,me_lindon_region,WILD,wild_sea
me_sea_0126,sea,me_near_harad_region,WILD,wild_sea
me_sea_0127,sea,me_lindon_region,WILD,wild_sea
me_sea_0128,sea,me_belfalas_region,WILD,wild_sea
me_sea_0129,sea,me_northern_wastes_region,WILD,wild_sea
me_sea_0130,sea,me_umbar_region,WILD,wild_sea
me_sea_0131,sea,me_forochel_region,WILD,wild_sea
me_sea_0132,sea,me_belfalas_region,WILD,wild_sea
me_sea_0133,sea,me_forochel_region,WILD,wild_sea
me_sea_0134,sea,me_rhun_region,WILD,wild_sea
me_sea_0135,sea,me_lindon_region,WILD,wild_sea
me_sea_0136,sea,me_lindon_region,WILD,wild_sea
me_sea_0137,sea,me_rhun_region,WILD,wild_sea
me_sea_0138,sea,me_umbar_region,WILD,wild_sea
me_sea_0139,sea,me_rhun_region,WILD,wild_sea
me_sea_0140,sea,me_near_harad_region,WILD,wild_sea
me_sea_0141,sea,me_near_harad_region,WILD,wild_sea
me_sea_0142,sea,me_rhun_region,WILD,wild_sea
me_sea_0143,sea,me_enedwaith_region,WILD,wild_sea
me_sea_0144,sea,me_belfalas_region,WILD,wild_sea
