location,name,region,realm,rank,population_k,culture,faith,minorities,raw_material,engine_rank,abi_cultures
mithlond,Grey Havens,me_lindon_region,LIN,city,4.212,me_sindar,me_valar_worship,me_noldor:3,livestock,city,haen_culture
forlond,Forlond,me_lindon_region,LIN,town,0.534,me_sindar,me_valar_worship,,fish,town,
harlond_lindon,Harlond,me_lindon_region,LIN,town,0.534,me_sindar,me_valar_worship,,livestock,town,
annuminas,Annúminas,me_north_arnor_region,WILD,ruin,0,me_eriadoran,me_northern_ways,,livestock,rural_settlement,
fornost,Fornost,me_north_arnor_region,WILD,ruin,0,me_eriadoran,me_northern_ways,,wool,rural_settlement,
carn_dum,Carn Dûm,me_angmar_region,ANG,fortress,0.672,me_northern_orc,me_melkorism,,wild_game,town,
hobbiton,Hobbiton,me_shire_breeland_region,SHI,village,8.596,me_shire_hobbit,me_northern_ways,,fiber_crops,rural_settlement,alawite_culture
michel_delving,Michel Delving,me_shire_breeland_region,SHI,town,17.186,me_shire_hobbit,me_northern_ways,,wheat,town,aikana_culture
bucklebury,Bucklebury,me_shire_breeland_region,SHI,village,8.596,me_shire_hobbit,me_northern_ways,,wheat,rural_settlement,albanian
me_bree,Bree,me_shire_breeland_region,BRE,town,9.918,me_eriadoran,me_northern_ways,me_bree_hobbit:7,wheat,town,akwe_culture
amon_sul,Amon Sûl,me_north_arnor_region,WILD,ruin,0,me_eriadoran,me_northern_ways,,livestock,rural_settlement,
rivendell,Rivendell,me_anduin_vale_region,RIV,refuge,0.256,me_noldor,me_valar_worship,,livestock,town,
goblin_town,Goblin-town,me_anduin_vale_region,GOB,hold,6.098,me_misty_orc,me_melkorism,,wool,town,ashenika_culture
gundabad,Gundabad,me_northern_wastes_region,GUN,hold,3.236,me_northern_orc,me_melkorism,,fur,town,kayagar_culture
moria,Khazad-dûm,me_anduin_vale_region,MOA,hold,18.859,me_misty_orc,me_melkorism,me_northern_orc:7,gems,town,ahtna_culture
carrock,The Carrock,me_anduin_vale_region,BEO,village,0.909,me_beorning,me_northern_ways,,wool,town,
caras_galadhon,Caras Galadhon,me_anduin_vale_region,LOR,refuge,2.65,me_galadhrim,me_valar_worship,,livestock,town,kpelle
dol_guldur,Dol Guldur,me_mirkwood_region,DOL,fortress,9.675,me_mordor_orc,me_sauron_cult,,medicaments,town,alabama_culture
thranduil_halls,Thranduil's Halls,me_mirkwood_region,WOO,refuge,2.578,me_silvan,me_valar_worship,,wool,town,mbara_culture
esgaroth,Esgaroth,me_dale_region,ESG,town,9.645,me_dalish,me_northern_ways,,clay,town,alan_culture
dale,Dale,me_grey_mountains_region,DAL,city,28.442,me_dalish,me_northern_ways,,wheat,city,aekyom_culture
erebor,Erebor,me_grey_mountains_region,ERE,hold,7.155,me_longbeard,me_mahal_cult,,goods_gold,city,aru_culture
dorwinion,Dorwinion,me_rhun_region,DOR,town,28.895,me_dorwinrim,me_northern_ways,me_dalish:18,wine,town,adzera_culture
isengard,Isengard,me_rohan_region,ISE,fortress,1.169,me_isengard_uruk,me_sauron_cult,,horses,town,
helms_deep,Helm's Deep,me_rohan_region,ROH,fortress,11.972,me_rohirric,me_northern_ways,,gems,town,akainaa_culture
edoras,Edoras,me_rohan_region,ROH,city,23.938,me_rohirric,me_northern_ways,,horses,city,agaw_culture
aldberg,Aldburg,me_rohan_region,ROH,town,14.365,me_rohirric,me_northern_ways,,clay,town,ajan
dunharrow,Dunharrow,me_rohan_region,ROH,fortress,11.972,me_rohirric,me_northern_ways,,wheat,town,akan
minas_tirith,Minas Tirith,me_anorien_region,GON,capital,76.552,me_gondorian,me_valar_worship,,clay,city,abipones_culture
osgiliath,Osgiliath,me_ithilien_region,WILD,ruin,0,me_gondorian,me_valar_worship,,clay,rural_settlement,
minas_morgul,Minas Morgul,me_ithilien_region,MOR,fortress,41.586,me_mordor_orc,me_sauron_cult,,livestock,town,acciaioli_bank_culture
morannon,The Morannon,me_brown_lands_region,MOR,fortress,37.793,me_mordor_orc,me_sauron_cult,,wheat,town,accomac_culture
barad_dur,Barad-dûr,me_ithilien_region,MOR,capital,105.812,me_mordor_orc,me_sauron_cult,,wheat,city,abazin_culture
mount_doom,Orodruin,me_ithilien_region,MOR,landmark,1.265,me_mordor_orc,me_sauron_cult,,stone,rural_settlement,
nurn_fields,Fields of Nurn,me_ithilien_region,MOR,town,357.563,me_mordor_orc,me_sauron_cult,me_near_haradrim:350,salt,town,abau_culture
pelargir,Pelargir,me_lebennin_region,GON,city,54.681,me_gondorian,me_valar_worship,,fish,city,abitibi_culture
dol_amroth,Dol Amroth,me_belfalas_region,DAM,city,24.64,me_dol_amrothian,me_valar_worship,,fish,city,afghan_culture
linhir,Linhir,me_lebennin_region,GON,town,32.811,me_gondorian,me_valar_worship,,livestock,town,acolapissa_culture
calembel,Calembel,me_belfalas_region,GON,town,32.811,me_gondorian,me_valar_worship,,clay,town,adhari_culture
erech,Erech,me_rohan_region,GON,town,32.811,me_gondorian,me_valar_worship,,clay,town,adamawa_culture
umbar,Umbar,me_umbar_region,UMB,city,41.743,me_umbarite,me_sauron_cult,me_black_numenorean:25,fish,city,acaxee_culture
pelennor,Pelennor,me_anorien_region,GON,landmark,5.473,me_gondorian,me_valar_worship,,livestock,rural_settlement,baraba_baraba_culture
me_land_0001,Coldbay,me_forochel_region,LOS,place,0.215,me_lossoth,me_lossoth_ways,,fish,rural_settlement,
me_land_0002,Driftbay,me_forochel_region,LOS,place,0.215,me_lossoth,me_lossoth_ways,,fur,rural_settlement,
me_land_0003,Amon adarath,me_lindon_region,WILD,wilderness,0.012,me_sindar,me_valar_worship,,livestock,rural_settlement,
me_land_0004,Dol adarath,me_lebennin_region,GON,place,0.855,me_gondorian,me_valar_worship,,wool,rural_settlement,
me_land_0005,Ashbag,me_mordor_region,MOR,place,5.742,me_mordor_orc,me_sauron_cult,,iron,rural_settlement,bai_culture
me_land_0006,Balach,me_rhun_region,RH2,place,2.512,me_karmachi,me_melkorism,,wool,rural_settlement,meskwaki_culture
me_land_0007,Frostbay,me_northern_wastes_region,WILD,wilderness,0.013,me_lossoth,me_lossoth_ways,,clay,rural_settlement,
me_land_0008,Alderbank,me_enedwaith_region,WILD,wilderness,0.013,me_dunlending,me_dunland_ways,,livestock,rural_settlement,
me_land_0009,Azgbag,me_mordor_region,MOR,place,5.742,me_mordor_orc,me_sauron_cult,,iron,rural_settlement,bahrani_culture
me_land_0010,Aldberg,me_rohan_region,ROH,place,2.398,me_rohirric,me_northern_ways,,livestock,rural_settlement,omo_culture
me_land_0011,Eithel adarath,me_anorien_region,GON,place,5.472,me_gondorian,me_valar_worship,,clay,rural_settlement,cumanagoto_culture
me_land_0012,Borach,me_rhun_region,RH2,place,1.908,me_karmachi,me_melkorism,,wool,rural_settlement,suau_culture
me_land_0013,Emyn adarath,me_brown_lands_region,WILD,wilderness,0.008,me_woodman,me_northern_ways,,clay,rural_settlement,
me_land_0014,Beorberg,me_rohan_region,ROH,place,2.489,me_rohirric,me_northern_ways,,clay,rural_settlement,missisage_culture
me_land_0015,Icebay,me_northern_wastes_region,WILD,wilderness,0.011,me_lossoth,me_lossoth_ways,,wheat,rural_settlement,
me_land_0016,Bearbank,me_anduin_vale_region,BEO,place,0.306,me_beorning,me_northern_ways,,livestock,rural_settlement,
me_land_0017,Ashbank,me_enedwaith_region,WILD,wilderness,0.015,me_dunlending,me_dunland_ways,,clay,rural_settlement,
me_land_0018,Blackbag,me_mordor_region,MOR,place,1.264,me_mordor_orc,me_sauron_cult,,livestock,rural_settlement,
me_land_0019,Burzbag,me_mordor_region,WILD,wilderness,0.013,me_mordor_orc,me_sauron_cult,,stone,rural_settlement,
me_land_0020,Barrowbank,me_anduin_vale_region,WILD,wilderness,0.015,me_woodman,me_northern_ways,,wheat,rural_settlement,
me_land_0021,Imlad adarath,me_belfalas_region,GON,place,3.777,me_gondorian,me_valar_worship,,livestock,rural_settlement,jixi_culture
me_land_0022,Dushbag,me_mordor_region,MOR,place,7.563,me_mordor_orc,me_sauron_cult,,stone,rural_settlement,arpitan
me_land_0023,Minas adarath,me_ithilien_region,WILD,wilderness,0.007,me_gondorian,me_valar_worship,,stone,rural_settlement,
me_land_0024,Ost adarath,me_south_gondor_region,GON,place,5.472,me_gondorian,me_valar_worship,,clay,rural_settlement,cuman_culture
me_land_0025,Beaconbank,me_anduin_vale_region,WILD,wilderness,0.013,me_woodman,me_northern_ways,,wool,rural_settlement,
me_land_0026,The Argonath,me_rohan_region,ROH,ruin,0,me_rohirric,me_northern_ways,,clay,rural_settlement,
me_land_0027,Azrabad,me_near_harad_region,HRA,place,4.545,me_near_haradrim,me_southron_ways,,wool,rural_settlement,guwa_culture
me_land_0028,Gathach,me_rhun_region,RH2,place,1.432,me_karmachi,me_melkorism,,wheat,rural_settlement,
me_land_0029,Taur adarath,me_lindon_region,LIN,place,0.093,me_sindar,me_valar_worship,,wheat,rural_settlement,
me_land_0030,Ghashbag,me_mordor_region,MOR,place,7.563,me_mordor_orc,me_sauron_cult,,iron,rural_settlement,arosi_culture
me_land_0031,Applebank,me_shire_breeland_region,WILD,wilderness,0.015,me_eriadoran,me_northern_ways,,wool,rural_settlement,
me_land_0032,Bar adarath,me_enedwaith_region,RAN,place,0.168,me_arnor_dunedain,me_valar_worship,,wool,rural_settlement,
me_land_0033,Calen adarath,me_mirkwood_region,WOO,place,0.578,me_silvan,me_valar_worship,,wool,rural_settlement,
me_land_0034,Alderbark,me_anduin_vale_region,FAN,place,0.012,me_onodrim,me_eldest_ways,,wild_game,rural_settlement,
me_land_0035,Celon adarath,me_brown_lands_region,WILD,wilderness,0.012,me_woodman,me_northern_ways,,horses,rural_settlement,
me_land_0036,Azanabad,me_grey_mountains_region,WILD,wilderness,0.01,me_northern_orc,me_melkorism,,wild_game,rural_settlement,
me_land_0037,Blackbank,me_enedwaith_region,WILD,wilderness,0.015,me_dunlending,me_dunland_ways,,wool,rural_settlement,
me_land_0038,Bramblebank,me_enedwaith_region,WILD,wilderness,0.013,me_dunlending,me_dunland_ways,,wool,rural_settlement,
me_land_0039,Barazabad,me_lindon_region,BLU,place,0.257,me_firebeard_broadbeam,me_mahal_cult,,livestock,rural_settlement,
me_land_0040,Nim adarath,me_belfalas_region,GON,place,5.472,me_gondorian,me_valar_worship,,livestock,rural_settlement,cuitlatec_culture
me_land_0041,Amon aelath,me_anorien_region,GON,place,4.934,me_gondorian,me_valar_worship,,wool,rural_settlement,galela_culture
me_land_0042,Dol aelath,me_anorien_region,GON,place,5.341,me_gondorian,me_valar_worship,,clay,rural_settlement,cunhua_culture
me_land_0043,Northbay,me_northern_wastes_region,WILD,wilderness,0.013,me_lossoth,me_lossoth_ways,,livestock,rural_settlement,
me_land_0044,Palebay,me_northern_wastes_region,WILD,wilderness,0.013,me_lossoth,me_lossoth_ways,,wool,rural_settlement,
me_land_0045,Amberbank,me_rhun_region,DOR,place,1.366,me_dorwinrim,me_northern_ways,,livestock,rural_settlement,
me_land_0046,Bucklandbank,me_enedwaith_region,WILD,wilderness,0.016,me_dunlending,me_dunland_ways,,wheat,rural_settlement,
me_land_0047,Cedarbank,me_enedwaith_region,WILD,wilderness,0.013,me_dunlending,me_dunland_ways,,wheat,rural_settlement,
me_land_0048,Karmach,me_rhun_region,RH2,place,1.908,me_karmachi,me_melkorism,,clay,rural_settlement,stadaconan_culture
me_land_0049,Khurach,me_rhun_region,RH2,place,1.432,me_karmachi,me_melkorism,,horses,rural_settlement,
me_land_0050,Bahrabad,me_near_harad_region,UMB,place,1.678,me_umbarite,me_sauron_cult,,wool,rural_settlement,wallachian
me_land_0051,Eithel aelath,me_south_gondor_region,GON,place,0.833,me_gondorian,me_valar_worship,,iron,rural_settlement,
me_land_0052,Emyn aelath,me_belfalas_region,GON,place,5.472,me_gondorian,me_valar_worship,,wool,rural_settlement,cuicas_culture
me_land_0053,Arzak,me_khand_region,KHA,place,1.01,me_variag,me_melkorism,,wool,rural_settlement,
me_land_0054,Balkak,me_far_harad_region,KHA,place,1.01,me_variag,me_melkorism,,copper,rural_settlement,
me_land_0055,Bregoberg,me_rohan_region,ROH,place,2.398,me_rohirric,me_northern_ways,,wheat,rural_settlement,omiene
me_land_0056,Deepbank,me_enedwaith_region,WILD,wilderness,0.013,me_dunlending,me_dunland_ways,,wool,rural_settlement,
me_land_0057,Bardbank,me_rhun_region,DOR,place,1.82,me_dorwinrim,me_northern_ways,,livestock,rural_settlement,tandroy_culture
me_land_0058,Eastbank,me_anduin_vale_region,WILD,wilderness,0.015,me_woodman,me_northern_ways,,clay,rural_settlement,
me_land_0059,Darabad,me_near_harad_region,HNE,place,2.034,me_near_haradrim,me_southron_ways,,livestock,rural_settlement,rembarnga_culture
me_land_0060,Gorbag,me_mordor_region,MOR,place,1.264,me_mordor_orc,me_sauron_cult,,iron,rural_settlement,
me_land_0061,Grishbag,me_mordor_region,WILD,wilderness,0.013,me_mordor_orc,me_sauron_cult,,wheat,rural_settlement,
me_land_0062,Ceorlberg,me_rohan_region,ROH,place,1.719,me_rohirric,me_northern_ways,,clay,rural_settlement,teleut_culture
me_land_0063,Krimpbag,me_enedwaith_region,ISE,place,0.33,me_isengard_uruk,me_sauron_cult,,livestock,rural_settlement,
me_land_0064,Imlad aelath,me_lebennin_region,GON,place,5.472,me_gondorian,me_valar_worship,,wool,rural_settlement,cueva_culture
me_land_0065,Lugbag,me_mordor_region,WILD,wilderness,0.013,me_mordor_orc,me_sauron_cult,,iron,rural_settlement,
me_land_0066,Pinnath Gelin,me_belfalas_region,GON,landmark,5.472,me_gondorian,me_valar_worship,,clay,rural_settlement,croatian
me_land_0067,Sealbay,me_northern_wastes_region,WILD,wilderness,0.013,me_lossoth,me_lossoth_ways,,livestock,rural_settlement,
me_land_0068,Greenbank,me_enedwaith_region,WILD,wilderness,0.013,me_dunlending,me_dunland_ways,,livestock,rural_settlement,
me_land_0069,Mauhbag,me_mirkwood_region,DOL,place,1.939,me_mordor_orc,me_sauron_cult,,wool,rural_settlement,rwanda_culture
me_land_0070,Minas aelath,me_belfalas_region,GON,place,5.472,me_gondorian,me_valar_worship,,wheat,rural_settlement,croatan_culture
me_land_0071,Lodach,me_rhun_region,RH3,place,4.95,me_sagath,me_melkorism,,wheat,rural_settlement,gadubanud_culture
me_land_0072,Bellbank,me_dale_region,ESG,place,1.611,me_dalish,me_northern_ways,,wheat,rural_settlement,warnindilyakwa_culture
me_land_0073,Farabad,me_umbar_region,UMB,place,1.678,me_umbarite,me_sauron_cult,,copper,rural_settlement,wakaya_culture
me_land_0074,Déorberg,me_rohan_region,ROH,place,2.398,me_rohirric,me_northern_ways,,wheat,rural_settlement,ometo_culture
me_land_0075,Snowbay,me_northern_wastes_region,WILD,wilderness,0.013,me_lossoth,me_lossoth_ways,,wild_game,rural_settlement,
me_land_0076,Muzgbag,me_brown_lands_region,DOL,place,2.683,me_mordor_orc,me_sauron_cult,,horses,rural_settlement,koyukon_culture
me_land_0077,Starbay,me_northern_wastes_region,WILD,wilderness,0.013,me_lossoth,me_lossoth_ways,,clay,rural_settlement,
me_land_0078,Udûn,me_brown_lands_region,WILD,landmark,0.061,me_woodman,me_northern_ways,,wheat,rural_settlement,
me_land_0079,Whitebay,me_northern_wastes_region,WILD,wilderness,0.006,me_lossoth,me_lossoth_ways,,wild_game,rural_settlement,
me_land_0080,Brownbank,me_shire_breeland_region,WILD,wilderness,0.015,me_eriadoran,me_northern_ways,,wool,rural_settlement,
me_land_0081,Hadrabad,me_near_harad_region,HNE,place,2.034,me_near_haradrim,me_southron_ways,,livestock,rural_settlement,rejang_culture
me_land_0082,Ost aelath,me_anorien_region,GON,place,5.472,me_gondorian,me_valar_worship,,wool,rural_settlement,crimean
me_land_0083,Kharabad,me_umbar_region,UMB,place,1.678,me_umbarite,me_sauron_cult,,salt,rural_settlement,wajuru_culture
me_land_0084,Taur aelath,me_belfalas_region,DAM,place,2.468,me_dol_amrothian,me_valar_worship,,wheat,rural_settlement,myaamia_culture
me_land_0085,Drazak,me_khand_region,KHA,place,1.01,me_variag,me_melkorism,,copper,rural_settlement,
me_land_0086,Bizarabad,me_rhun_region,IRO,place,0.446,me_longbeard,me_mahal_cult,,wheat,rural_settlement,
me_land_0087,Bar aelath,me_brown_lands_region,WILD,wilderness,0.011,me_woodman,me_northern_ways,,wheat,rural_settlement,
me_land_0088,Narach,me_rhun_region,RH2,place,1.432,me_karmachi,me_melkorism,,horses,rural_settlement,
me_land_0089,Nazgbag,me_mordor_region,MOR,place,7.563,me_mordor_orc,me_sauron_cult,,iron,rural_settlement,arop_culture
me_land_0090,Rhovach,me_rhun_region,RH3,place,4.95,me_sagath,me_melkorism,,livestock,rural_settlement,gaddang_culture
me_land_0091,Greybank,me_enedwaith_region,WILD,wilderness,0.013,me_dunlending,me_dunland_ways,,wheat,rural_settlement,
me_land_0092,Winterbay,me_forochel_region,LOS,place,0.031,me_lossoth,me_lossoth_ways,,fur,rural_settlement,
me_land_0093,Gharak,me_far_harad_region,KHA,place,1.01,me_variag,me_melkorism,,livestock,rural_settlement,
me_land_0094,Mahrabad,me_near_harad_region,HNE,place,2.034,me_near_haradrim,me_southron_ways,,salt,rural_settlement,refaluwasch_culture
me_land_0095,Skaibag,me_angmar_region,WILD,wilderness,0.006,me_northern_orc,me_melkorism,,fish,rural_settlement,
me_land_0096,Longbank,me_enedwaith_region,WILD,wilderness,0.015,me_dunlending,me_dunland_ways,,livestock,rural_settlement,
me_land_0097,Calen aelath,me_brown_lands_region,WILD,wilderness,0.011,me_woodman,me_northern_ways,,horses,rural_settlement,
me_land_0098,Celon aelath,me_north_arnor_region,WILD,wilderness,0.015,me_eriadoran,me_northern_ways,,wheat,rural_settlement,
me_land_0099,Uglbag,me_mordor_region,MOR,place,1.264,me_mordor_orc,me_sauron_cult,,stone,rural_settlement,
me_land_0100,Urukbag,me_mordor_region,WILD,wilderness,0.013,me_mordor_orc,me_sauron_cult,,livestock,rural_settlement,
me_land_0101,Coldcamp,me_northern_wastes_region,WILD,wilderness,0.007,me_lossoth,me_lossoth_ways,,wild_game,rural_settlement,
me_land_0102,Nim aelath,me_south_gondor_region,GON,place,1.454,me_gondorian,me_valar_worship,,wool,rural_settlement,wu_culture
me_land_0103,Eorlberg,me_rohan_region,ROH,place,2.398,me_rohirric,me_northern_ways,,livestock,rural_settlement,omani_culture
me_land_0104,Sagach,me_rhun_region,RHU,place,2.621,me_balchoth,me_sauron_cult,,wheat,rural_settlement,mbala
me_land_0105,Ashburz,me_mirkwood_region,DOL,place,3.575,me_mordor_orc,me_sauron_cult,,clay,rural_settlement,kabiye
me_land_0106,Northbank,me_enedwaith_region,WILD,wilderness,0.016,me_dunlending,me_dunland_ways,,wheat,rural_settlement,
me_land_0107,Oakbank,me_mirkwood_region,WDM,place,1.63,me_woodman,me_northern_ways,,clay,rural_settlement,wampar_culture
me_land_0108,Amon annonath,me_ithilien_region,WILD,wilderness,0.016,me_gondorian,me_valar_worship,,clay,rural_settlement,
me_land_0109,Dol annonath,me_brown_lands_region,WILD,wilderness,0.015,me_woodman,me_northern_ways,,clay,rural_settlement,
me_land_0110,Eithel annonath,me_brown_lands_region,WILD,wilderness,0.013,me_woodman,me_northern_ways,,clay,rural_settlement,
me_land_0111,Emyn annonath,me_ithilien_region,WILD,wilderness,0.016,me_gondorian,me_valar_worship,,wool,rural_settlement,
me_land_0112,Southbank,me_enedwaith_region,WILD,wilderness,0.015,me_dunlending,me_dunland_ways,,wheat,rural_settlement,
me_land_0113,Stonebank,me_enedwaith_region,WILD,wilderness,0.015,me_dunlending,me_dunland_ways,,wheat,rural_settlement,
me_land_0114,Driftcamp,me_forochel_region,LOS,place,0.215,me_lossoth,me_lossoth_ways,,fur,rural_settlement,
me_land_0115,Narabad,me_umbar_region,UMB,place,1.678,me_umbarite,me_sauron_cult,,salt,rural_settlement,waiwai_culture
me_land_0116,Folcberg,me_rohan_region,ROH,place,2.398,me_rohirric,me_northern_ways,,horses,rural_settlement,omaha_culture
me_land_0117,Imlad annonath,me_belfalas_region,GON,place,3.777,me_gondorian,me_valar_worship,,clay,rural_settlement,jirajaran_culture
me_land_0118,Azgburz,me_mirkwood_region,DOL,place,1.939,me_mordor_orc,me_sauron_cult,,wool,rural_settlement,ruvu_culture
me_land_0119,Blackburz,me_mordor_region,WILD,wilderness,0.007,me_mordor_orc,me_sauron_cult,,stone,rural_settlement,
me_land_0120,Westbank,me_mirkwood_region,WDM,place,1.141,me_woodman,me_northern_ways,,wild_game,rural_settlement,
me_land_0121,Qasabad,me_umbar_region,UMB,place,1.678,me_umbarite,me_sauron_cult,,wool,rural_settlement,waima_culture
me_land_0122,Burzburz,me_grey_mountains_region,GUN,place,5.13,me_northern_orc,me_melkorism,,wheat,rural_settlement,dan_ki_culture
me_land_0123,Sharach,me_rhun_region,RH2,place,1.908,me_karmachi,me_melkorism,,livestock,rural_settlement,squamish_culture
me_land_0124,Bundabad,me_grey_mountains_region,ERE,place,1.435,me_longbeard,me_mahal_cult,,wool,rural_settlement,xindonga
me_land_0125,Frostcamp,me_northern_wastes_region,WILD,wilderness,0.013,me_lossoth,me_lossoth_ways,,wheat,rural_settlement,
me_land_0126,Dushburz,me_anduin_vale_region,GOB,place,1.223,me_misty_orc,me_melkorism,,clay,rural_settlement,
me_land_0127,Alderbourne,me_enedwaith_region,WILD,wilderness,0.015,me_dunlending,me_dunland_ways,,livestock,rural_settlement,
me_land_0128,Framberg,me_rohan_region,ROH,place,2.398,me_rohirric,me_northern_ways,,wheat,rural_settlement,omaguaca_culture
me_land_0129,Icecamp,me_northern_wastes_region,WILD,wilderness,0.013,me_lossoth,me_lossoth_ways,,livestock,rural_settlement,
me_land_0130,Minas annonath,me_south_gondor_region,GON,place,1.454,me_gondorian,me_valar_worship,,salt,rural_settlement,worla_culture
me_land_0131,Kandak,me_khand_region,KHA,place,1.01,me_variag,me_melkorism,,wool,rural_settlement,
me_land_0132,Ost annonath,me_brown_lands_region,WILD,wilderness,0.013,me_woodman,me_northern_ways,,wool,rural_settlement,
me_land_0133,Taur annonath,me_lebennin_region,GON,place,5.472,me_gondorian,me_valar_worship,,wheat,rural_settlement,coweta_culture
me_land_0134,Uldach,me_rhun_region,RH2,place,1.908,me_karmachi,me_melkorism,,wool,rural_settlement,spokane_culture
me_land_0135,Northcamp,me_northern_wastes_region,WILD,wilderness,0.011,me_lossoth,me_lossoth_ways,,horses,rural_settlement,
me_land_0136,Butterbank,me_shire_breeland_region,WILD,wilderness,0.015,me_eriadoran,me_northern_ways,,fiber_crops,rural_settlement,
me_land_0137,Bar annonath,me_south_gondor_region,GON,place,0.855,me_gondorian,me_valar_worship,,salt,rural_settlement,
me_land_0138,Ashbourne,me_enedwaith_region,WILD,wilderness,0.013,me_dunlending,me_dunland_ways,,wool,rural_settlement,
me_land_0139,Ghashburz,me_mordor_region,WILD,wilderness,0.013,me_mordor_orc,me_sauron_cult,,iron,rural_settlement,
me_land_0140,Calen annonath,me_belfalas_region,DAM,place,2.468,me_dol_amrothian,me_valar_worship,,livestock,rural_settlement,mwotlap_culture
me_land_0141,Celon annonath,me_belfalas_region,GON,place,5.472,me_gondorian,me_valar_worship,,clay,rural_settlement,cossack_culture
me_land_0142,Nim annonath,me_lebennin_region,GON,place,5.472,me_gondorian,me_valar_worship,,clay,rural_settlement,corsican
me_land_0143,Barrowbourne,me_enedwaith_region,WILD,wilderness,0.015,me_dunlending,me_dunland_ways,,wool,rural_settlement,
me_land_0144,Wainach,me_rhun_region,RH2,place,2.512,me_karmachi,me_melkorism,,clay,rural_settlement,meschera_culture
me_land_0145,Rakhabad,me_umbar_region,UMB,place,4.45,me_umbarite,me_sauron_cult,,fish,rural_settlement,hadza_culture
me_land_0146,Amon belath,me_brown_lands_region,WILD,wilderness,0.011,me_woodman,me_northern_ways,,livestock,rural_settlement,
me_land_0147,Dol belath,me_belfalas_region,GON,place,3.777,me_gondorian,me_valar_worship,,wheat,rural_settlement,jino_culture
me_land_0148,Gorburz,me_mordor_region,WILD,wilderness,0.013,me_mordor_orc,me_sauron_cult,,livestock,rural_settlement,
me_land_0149,Beaconbourne,me_mirkwood_region,WILD,wilderness,0.013,me_woodman,me_northern_ways,,livestock,rural_settlement,
me_land_0150,Beebank,me_mirkwood_region,BEO,place,0.168,me_beorning,me_northern_ways,,wool,rural_settlement,
me_land_0151,Palecamp,me_northern_wastes_region,WILD,wilderness,0.006,me_lossoth,me_lossoth_ways,,fur,rural_settlement,
me_land_0152,Grishburz,me_mordor_region,WILD,wilderness,0.013,me_mordor_orc,me_sauron_cult,,wheat,rural_settlement,
me_land_0153,Eithel belath,me_ithilien_region,WILD,wilderness,0.007,me_gondorian,me_valar_worship,,stone,rural_settlement,
me_land_0154,Emyn belath,me_north_arnor_region,WILD,wilderness,0.013,me_eriadoran,me_northern_ways,,fur,rural_settlement,
me_land_0155,Blackbourne,me_mirkwood_region,WILD,wilderness,0.013,me_woodman,me_northern_ways,,wool,rural_settlement,
me_land_0156,Sealcamp,me_northern_wastes_region,WILD,wilderness,0.006,me_lossoth,me_lossoth_ways,,fur,rural_settlement,
me_land_0157,Bowbank,me_dale_region,DAL,place,1.967,me_dalish,me_northern_ways,,clay,rural_settlement,romagnol
me_land_0158,Zorach,me_rhun_region,RHU,place,2.621,me_balchoth,me_sauron_cult,,wheat,rural_settlement,mbaka
me_land_0159,Krimpburz,me_north_arnor_region,ANG,place,1.484,me_northern_orc,me_melkorism,,wool,rural_settlement,wiyot_culture
me_land_0160,Snowcamp,me_northern_wastes_region,WILD,wilderness,0.006,me_lossoth,me_lossoth_ways,,fur,rural_settlement,
me_land_0161,Starcamp,me_northern_wastes_region,WILD,wilderness,0.013,me_lossoth,me_lossoth_ways,,clay,rural_settlement,
me_land_0162,Bramblebourne,me_enedwaith_region,DUN,place,4.105,me_dunlending,me_dunland_ways,,clay,rural_settlement,helong_culture
me_land_0163,Balad,me_rhun_region,RH2,place,1.908,me_karmachi,me_melkorism,,clay,rural_settlement,soyot_culture
me_land_0164,Bucklandbourne,me_enedwaith_region,WILD,wilderness,0.015,me_dunlending,me_dunland_ways,,wheat,rural_settlement,
me_land_0165,Imlad belath,me_north_arnor_region,WILD,wilderness,0.013,me_eriadoran,me_northern_ways,,wheat,rural_settlement,
me_land_0166,Cedarbourne,me_anduin_vale_region,WILD,wilderness,0.015,me_woodman,me_northern_ways,,livestock,rural_settlement,
me_land_0167,Deepbourne,me_anduin_vale_region,WILD,wilderness,0.015,me_woodman,me_northern_ways,,wheat,rural_settlement,
me_land_0168,Whitecamp,me_northern_wastes_region,WILD,wilderness,0.006,me_lossoth,me_lossoth_ways,,wild_game,rural_settlement,
me_land_0169,Sahrabad,me_near_harad_region,HNE,place,2.034,me_near_haradrim,me_southron_ways,,livestock,rural_settlement,rawa_papua_culture
me_land_0170,Eastbourne,me_enedwaith_region,WILD,wilderness,0.016,me_dunlending,me_dunland_ways,,wheat,rural_settlement,
me_land_0171,Tazabad,me_far_harad_region,HRA,place,4.545,me_near_haradrim,me_southron_ways,,copper,rural_settlement,guugu_yimidhirr_culture
me_land_0172,Minas belath,me_brown_lands_region,WILD,wilderness,0.011,me_woodman,me_northern_ways,,livestock,rural_settlement,
me_land_0173,Borad,me_rhun_region,RH2,place,1.432,me_karmachi,me_melkorism,,wool,rural_settlement,
me_land_0174,Grimberg,me_rohan_region,ROH,place,2.398,me_rohirric,me_northern_ways,,wool,rural_settlement,olyuben_culture
me_land_0175,Umrabad,me_umbar_region,UMB,place,1.678,me_umbarite,me_sauron_cult,,wool,rural_settlement,wahpetunwan_culture
me_land_0176,Wintercamp,me_northern_wastes_region,WILD,wilderness,0.013,me_lossoth,me_lossoth_ways,,clay,rural_settlement,
me_land_0177,Lugburz,me_mordor_region,MOR,place,1.264,me_mordor_orc,me_sauron_cult,,iron,rural_settlement,
me_land_0178,Cloverbank,me_shire_breeland_region,WILD,wilderness,0.015,me_eriadoran,me_northern_ways,,wool,rural_settlement,
me_land_0179,Mauhburz,me_mordor_region,MOR,place,1.264,me_mordor_orc,me_sauron_cult,,wheat,rural_settlement,
me_land_0180,Dumabad,me_grey_mountains_region,WILD,wilderness,0.01,me_northern_orc,me_melkorism,,wool,rural_settlement,
me_land_0181,Greenbourne,me_enedwaith_region,WILD,wilderness,0.013,me_dunlending,me_dunland_ways,,clay,rural_settlement,
me_land_0182,Ost belath,me_brown_lands_region,WILD,wilderness,0.013,me_woodman,me_northern_ways,,wheat,rural_settlement,
me_land_0183,Tharbad,me_enedwaith_region,WILD,ruin,0,me_dunlending,me_dunland_ways,,wool,rural_settlement,
me_land_0184,Taur belath,me_south_gondor_region,GON,place,1.454,me_gondorian,me_valar_worship,,salt,rural_settlement,worimi_culture
me_land_0185,Bar belath,me_belfalas_region,GON,place,3.777,me_gondorian,me_valar_worship,,livestock,rural_settlement,jingpo_culture
me_land_0186,Coldfell,me_northern_wastes_region,WILD,wilderness,0.013,me_lossoth,me_lossoth_ways,,clay,rural_settlement,
me_land_0187,Muzgburz,me_mordor_region,MOR,place,1.264,me_mordor_orc,me_sauron_cult,,stone,rural_settlement,
me_land_0188,Zarabad,me_umbar_region,UMB,place,1.678,me_umbarite,me_sauron_cult,,copper,rural_settlement,wahpekhute_culture
me_land_0189,Calen belath,me_lindon_region,LIN,place,0.093,me_sindar,me_valar_worship,,wool,rural_settlement,
me_land_0190,Nazgburz,me_mordor_region,MOR,place,1.264,me_mordor_orc,me_sauron_cult,,wheat,rural_settlement,
me_land_0191,Greybourne,me_anduin_vale_region,WILD,wilderness,0.015,me_woodman,me_northern_ways,,livestock,rural_settlement,
me_land_0192,Skaiburz,me_mordor_region,WILD,wilderness,0.013,me_mordor_orc,me_sauron_cult,,wheat,rural_settlement,
me_land_0193,Uglburz,me_mordor_region,MOR,place,7.563,me_mordor_orc,me_sauron_cult,,livestock,rural_settlement,aromanian
me_land_0194,Celon belath,me_belfalas_region,GON,place,3.777,me_gondorian,me_valar_worship,,fish,rural_settlement,jingili_culture
me_land_0195,Gathad,me_rhun_region,RH2,place,2.512,me_karmachi,me_melkorism,,wheat,rural_settlement,merya_culture
me_land_0196,Driftfell,me_northern_wastes_region,WILD,wilderness,0.013,me_lossoth,me_lossoth_ways,,wool,rural_settlement,
me_land_0197,Nim belath,me_belfalas_region,GON,place,3.777,me_gondorian,me_valar_worship,,wool,rural_settlement,jin_culture
me_land_0198,Karmad,me_rhun_region,RH3,place,4.95,me_sagath,me_melkorism,,horses,rural_settlement,fwai_culture
me_land_0199,Longbourne,me_enedwaith_region,DUN,place,4.105,me_dunlending,me_dunland_ways,,wheat,rural_settlement,heiltsuk_culture
me_land_0200,Amon bornath,me_mirkwood_region,WOO,place,0.578,me_silvan,me_valar_worship,,wool,rural_settlement,
me_land_0201,Urukburz,me_mordor_region,MOR,place,1.264,me_mordor_orc,me_sauron_cult,,livestock,rural_settlement,
me_land_0202,Dol bornath,me_brown_lands_region,WILD,wilderness,0.011,me_woodman,me_northern_ways,,livestock,rural_settlement,
me_land_0203,Northbourne,me_anduin_vale_region,WILD,wilderness,0.015,me_woodman,me_northern_ways,,clay,rural_settlement,
me_land_0204,Carrockbank,me_anduin_vale_region,BEO,place,0.306,me_beorning,me_northern_ways,,clay,rural_settlement,
me_land_0205,Khurad,me_rhun_region,RH2,place,1.432,me_karmachi,me_melkorism,,livestock,rural_settlement,
me_land_0206,Lodad,me_rhun_region,RH2,place,1.432,me_karmachi,me_melkorism,,wheat,rural_settlement,
me_land_0207,Narad,me_rhun_region,RH2,place,1.908,me_karmachi,me_melkorism,,clay,rural_settlement,southern_gallo_italic
me_land_0208,Eithel bornath,me_lindon_region,LIN,place,0.093,me_sindar,me_valar_worship,,clay,rural_settlement,
me_land_0209,Celduinbank,me_rhun_region,DOR,place,1.366,me_dorwinrim,me_northern_ways,,wheat,rural_settlement,
me_land_0210,Goldenbank,me_mirkwood_region,BEO,place,0.306,me_beorning,me_northern_ways,,wheat,rural_settlement,
me_land_0211,Helmberg,me_rohan_region,ROH,place,1.719,me_rohirric,me_northern_ways,,clay,rural_settlement,telengit_culture
me_land_0212,Rhovad,me_rhun_region,RH3,place,4.95,me_sagath,me_melkorism,,horses,rural_settlement,fuzhou_culture
me_land_0213,Azrahir,me_umbar_region,UMB,place,1.678,me_umbarite,me_sauron_cult,,wool,rural_settlement,wagiman_culture
me_land_0214,Emyn bornath,me_ithilien_region,WILD,wilderness,0.016,me_gondorian,me_valar_worship,,clay,rural_settlement,
me_land_0215,Imlad bornath,me_mirkwood_region,WOO,place,0.578,me_silvan,me_valar_worship,,medicaments,rural_settlement,
me_land_0216,Minas bornath,me_belfalas_region,GON,place,5.472,me_gondorian,me_valar_worship,,wool,rural_settlement,cornish
me_land_0217,Oakbourne,me_enedwaith_region,WILD,wilderness,0.013,me_dunlending,me_dunland_ways,,wool,rural_settlement,
me_land_0218,Ashdûr,me_grey_mountains_region,GUN,place,5.13,me_northern_orc,me_melkorism,,wheat,rural_settlement,dan_ke_culture
me_land_0219,Azgdûr,me_mordor_region,WILD,wilderness,0.013,me_mordor_orc,me_sauron_cult,,wheat,rural_settlement,
me_land_0220,Khazak,me_khand_region,KHA,place,1.01,me_variag,me_melkorism,,wool,rural_settlement,
me_land_0221,Ost bornath,me_anduin_vale_region,LOR,place,1.225,me_galadhrim,me_valar_worship,,clay,rural_settlement,
me_land_0222,Blackdûr,me_rohan_region,ISE,place,0.33,me_isengard_uruk,me_sauron_cult,,livestock,rural_settlement,
me_land_0223,Taur bornath,me_north_arnor_region,WILD,wilderness,0.015,me_eriadoran,me_northern_ways,,wheat,rural_settlement,
me_land_0224,Felekabad,me_rhun_region,IRO,place,0.446,me_longbeard,me_mahal_cult,,wheat,rural_settlement,
me_land_0225,Bar bornath,me_ithilien_region,WILD,wilderness,0.007,me_gondorian,me_valar_worship,,salt,rural_settlement,
me_land_0226,Khorak,me_khand_region,KHA,place,1.01,me_variag,me_melkorism,,copper,rural_settlement,
me_land_0227,Frostfell,me_northern_wastes_region,WILD,wilderness,0.006,me_lossoth,me_lossoth_ways,,fur,rural_settlement,
me_land_0228,Sagad,me_rhun_region,RH2,place,1.432,me_karmachi,me_melkorism,,wheat,rural_settlement,
me_land_0229,Burzdûr,me_mirkwood_region,DOL,place,1.939,me_mordor_orc,me_sauron_cult,,wild_game,rural_settlement,ruthenian
me_land_0230,Calen bornath,me_belfalas_region,GON,place,3.777,me_gondorian,me_valar_worship,,livestock,rural_settlement,jilu_culture
me_land_0231,Southbourne,me_enedwaith_region,WILD,wilderness,0.013,me_dunlending,me_dunland_ways,,wool,rural_settlement,
me_land_0232,Dushdûr,me_mordor_region,MOR,place,2.209,me_mordor_orc,me_sauron_cult,,livestock,rural_settlement,pacahuara_culture
me_land_0233,Celon bornath,me_north_arnor_region,WILD,wilderness,0.015,me_eriadoran,me_northern_ways,,wheat,rural_settlement,
me_land_0234,Nim bornath,me_dale_region,WOO,place,0.648,me_silvan,me_valar_worship,,wild_game,rural_settlement,
me_land_0235,Icefell,me_forochel_region,LOS,place,0.215,me_lossoth,me_lossoth_ways,,fur,rural_settlement,
me_land_0236,Northfell,me_northern_wastes_region,WILD,wilderness,0.011,me_lossoth,me_lossoth_ways,,livestock,rural_settlement,
me_land_0237,Sharad,me_rhun_region,RH3,place,4.95,me_sagath,me_melkorism,,livestock,rural_settlement,futuna_culture
me_land_0238,Uldad,me_rhun_region,RH2,place,2.512,me_karmachi,me_melkorism,,clay,rural_settlement,merina_culture
me_land_0239,Amon caranath,me_anorien_region,GON,place,5.472,me_gondorian,me_valar_worship,,wheat,rural_settlement,coremas_culture
me_land_0240,Heruberg,me_rohan_region,ROH,place,2.398,me_rohirric,me_northern_ways,,wool,rural_settlement,olyokma_culture
me_land_0241,Wainad,me_rhun_region,RH3,place,4.951,me_sagath,me_melkorism,,livestock,rural_settlement,fur_culture
me_land_0242,Palefell,me_northern_wastes_region,WILD,wilderness,0.016,me_lossoth,me_lossoth_ways,,wheat,rural_settlement,
me_land_0243,Zorad,me_rhun_region,RHU,place,2.621,me_balchoth,me_sauron_cult,,wool,rural_settlement,mazovian
me_land_0244,Balar,me_rhun_region,RHU,place,2.621,me_balchoth,me_sauron_cult,,wool,rural_settlement,mazanderani_culture
me_land_0245,Borar,me_rhun_region,RH2,place,2.512,me_karmachi,me_melkorism,,wool,rural_settlement,mephaa_culture
me_land_0246,Stonebourne,me_anduin_vale_region,WILD,wilderness,0.015,me_woodman,me_northern_ways,,wool,rural_settlement,
me_land_0247,Beechbark,me_rohan_region,FAN,place,0.02,me_onodrim,me_eldest_ways,,wheat,rural_settlement,
me_land_0248,Harlond of Gondor,me_anorien_region,GON,port,32.811,me_gondorian,me_valar_worship,,clay,town,achomi_culture
me_land_0249,Léodberg,me_rohan_region,ROH,place,2.398,me_rohirric,me_northern_ways,,horses,rural_settlement,olo_culture
me_land_0250,Ruzak,me_khand_region,KHA,place,1.01,me_variag,me_melkorism,,livestock,rural_settlement,
me_land_0251,Ghashdûr,me_enedwaith_region,MOA,place,2.375,me_misty_orc,me_melkorism,,wool,rural_settlement,oroch_culture
me_land_0252,Bahrahir,me_umbar_region,UMB,place,1.679,me_umbarite,me_sauron_cult,,livestock,rural_settlement,waghtochtatta_culture
me_land_0253,Dol caranath,me_lebennin_region,GON,place,5.472,me_gondorian,me_valar_worship,,wheat,rural_settlement,coptic_culture
me_land_0254,Eithel caranath,me_ithilien_region,WILD,wilderness,0.007,me_gondorian,me_valar_worship,,iron,rural_settlement,
me_land_0255,Westbourne,me_enedwaith_region,WILD,wilderness,0.013,me_dunlending,me_dunland_ways,,wheat,rural_settlement,
me_land_0256,Emyn caranath,me_ithilien_region,WILD,wilderness,0.007,me_gondorian,me_valar_worship,,stone,rural_settlement,
me_land_0257,Gathar,me_rhun_region,RH2,place,2.512,me_karmachi,me_melkorism,,livestock,rural_settlement,mentawai_culture
me_land_0258,Ridberg,me_rohan_region,ROH,place,2.398,me_rohirric,me_northern_ways,,livestock,rural_settlement,okanagan_culture
me_land_0259,Darahir,me_umbar_region,UMB,place,1.679,me_umbarite,me_sauron_cult,,wool,rural_settlement,waccamaw_culture
me_land_0260,Farahir,me_near_harad_region,HNE,place,2.034,me_near_haradrim,me_southron_ways,,salt,rural_settlement,raramuri_culture
me_land_0261,Gordûr,me_mordor_region,MOR,place,1.264,me_mordor_orc,me_sauron_cult,,iron,rural_settlement,
me_land_0262,Imlad caranath,me_belfalas_region,DAM,place,2.468,me_dol_amrothian,me_valar_worship,,livestock,rural_settlement,muzo_culture
me_land_0263,Dimplebank,me_shire_breeland_region,WILD,wilderness,0.015,me_eriadoran,me_northern_ways,,wool,rural_settlement,
me_land_0264,Dalebank,me_rhun_region,DOR,place,1.82,me_dorwinrim,me_northern_ways,,wheat,rural_settlement,tanana_culture
me_land_0265,Alderbridge,me_mirkwood_region,WILD,wilderness,0.013,me_woodman,me_northern_ways,,livestock,rural_settlement,
me_land_0266,Thengelberg,me_rohan_region,ROH,place,2.398,me_rohirric,me_northern_ways,,livestock,rural_settlement,ojibwe_culture
me_land_0267,Minas caranath,me_south_gondor_region,GON,place,1.454,me_gondorian,me_valar_worship,,wool,rural_settlement,wolof
me_land_0268,Ost caranath,me_mirkwood_region,WOO,place,0.578,me_silvan,me_valar_worship,,wild_game,rural_settlement,
me_land_0269,Karmar,me_rhun_region,RHU,place,2.621,me_balchoth,me_sauron_cult,,wheat,rural_settlement,mayo_culture
me_land_0270,Ashbridge,me_anduin_vale_region,WILD,wilderness,0.015,me_woodman,me_northern_ways,,wool,rural_settlement,
me_land_0271,Grishdûr,me_anduin_vale_region,DOL,place,1.939,me_mordor_orc,me_sauron_cult,,clay,rural_settlement,rutara_culture
me_land_0272,Skarnak,me_khand_region,KHA,place,1.01,me_variag,me_melkorism,,copper,rural_settlement,
me_land_0273,Krimpdûr,me_mordor_region,MOR,place,0.632,me_mordor_orc,me_sauron_cult,,stone,rural_settlement,
me_land_0274,Sealfell,me_forochel_region,LOS,place,0.215,me_lossoth,me_lossoth_ways,,fish,rural_settlement,
me_land_0275,Lugdûr,me_mordor_region,MOR,place,7.563,me_mordor_orc,me_sauron_cult,,livestock,rural_settlement,armenian_culture
me_land_0276,Taur caranath,me_north_arnor_region,WILD,wilderness,0.015,me_eriadoran,me_northern_ways,,livestock,rural_settlement,
me_land_0277,Hadrahir,me_umbar_region,UMB,place,1.679,me_umbarite,me_sauron_cult,,copper,rural_settlement,waashiw_culture
me_land_0278,Mauhdûr,me_rohan_region,ISE,place,0.33,me_isengard_uruk,me_sauron_cult,,wool,rural_settlement,
me_land_0279,Bar caranath,me_north_arnor_region,RAN,place,0.168,me_arnor_dunedain,me_valar_worship,,clay,rural_settlement,
me_land_0280,Barrowbridge,me_enedwaith_region,WILD,wilderness,0.009,me_dunlending,me_dunland_ways,,wheat,rural_settlement,
me_land_0281,Woldberg,me_rohan_region,ROH,place,2.398,me_rohirric,me_northern_ways,,livestock,rural_settlement,oirat_culture
me_land_0282,Aldburna,me_rohan_region,ROH,place,2.398,me_rohirric,me_northern_ways,,clay,rural_settlement,ohlone_culture
me_land_0283,Calen caranath,me_north_arnor_region,WILD,wilderness,0.015,me_eriadoran,me_northern_ways,,wool,rural_settlement,
me_land_0284,Gamilabad,me_grey_mountains_region,ERE,place,1.435,me_longbeard,me_mahal_cult,,wool,rural_settlement,xianxi_culture
me_land_0285,Khurar,me_rhun_region,RHU,place,2.621,me_balchoth,me_sauron_cult,,wool,rural_settlement,mayi_culture
me_land_0286,Kharahir,me_near_harad_region,HNE,place,2.034,me_near_haradrim,me_southron_ways,,salt,rural_settlement,rappahannock_culture
me_land_0287,Lodar,me_rhun_region,RHU,place,2.621,me_balchoth,me_sauron_cult,,livestock,rural_settlement,maybrat_culture
me_land_0288,Celon caranath,me_north_arnor_region,WILD,wilderness,0.015,me_eriadoran,me_northern_ways,,wheat,rural_settlement,
me_land_0289,Nim caranath,me_lindon_region,LIN,place,0.05,me_sindar,me_valar_worship,,wild_game,rural_settlement,
me_land_0290,Beorburna,me_rohan_region,ROH,place,2.398,me_rohirric,me_northern_ways,,wheat,rural_settlement,ogul_culture
me_land_0291,Beaconbridge,me_enedwaith_region,WILD,wilderness,0.013,me_dunlending,me_dunland_ways,,livestock,rural_settlement,
me_land_0292,Mahrahir,me_near_harad_region,HNE,place,2.034,me_near_haradrim,me_southron_ways,,salt,rural_settlement,rapa_nui_culture
me_land_0293,Amon duinath,me_brown_lands_region,WILD,wilderness,0.011,me_woodman,me_northern_ways,,horses,rural_settlement,
me_land_0294,Narahir,me_umbar_region,UMB,place,1.679,me_umbarite,me_sauron_cult,,copper,rural_settlement,waanyi_culture
me_land_0295,Dol duinath,me_belfalas_region,GON,place,3.777,me_gondorian,me_valar_worship,,wool,rural_settlement,jiaodong_culture
me_land_0296,Eithel duinath,me_brown_lands_region,WILD,wilderness,0.013,me_woodman,me_northern_ways,,wool,rural_settlement,
me_land_0297,Emyn duinath,me_brown_lands_region,WILD,wilderness,0.013,me_woodman,me_northern_ways,,wool,rural_settlement,
me_land_0298,Muzgdûr,me_mordor_region,MOR,place,0.632,me_mordor_orc,me_sauron_cult,,stone,rural_settlement,
me_land_0299,Honeybank,me_anduin_vale_region,BEO,place,0.306,me_beorning,me_northern_ways,,wool,rural_settlement,
me_land_0300,Esgarbank,me_brown_lands_region,DOR,place,1.82,me_dorwinrim,me_northern_ways,,clay,rural_settlement,tanala_culture
me_land_0301,Narar,me_rhun_region,RHU,place,2.621,me_balchoth,me_sauron_cult,,wheat,rural_settlement,mayangna_culture
me_land_0302,Rhovar,me_rhun_region,RH2,place,1.908,me_karmachi,me_melkorism,,livestock,rural_settlement,southern_bavarian
me_land_0303,Sagar,me_rhun_region,RH2,place,1.432,me_karmachi,me_melkorism,,wool,rural_settlement,
me_land_0304,Sharar,me_rhun_region,RHU,place,2.621,me_balchoth,me_sauron_cult,,wool,rural_settlement,maxakali_culture
me_land_0305,Imlad duinath,me_belfalas_region,GON,place,3.777,me_gondorian,me_valar_worship,,wheat,rural_settlement,jianning_culture
me_land_0306,Nazgdûr,me_mordor_region,MOR,place,5.742,me_mordor_orc,me_sauron_cult,,iron,rural_settlement,bahnar_culture
me_land_0307,Birchbark,me_anduin_vale_region,FAN,place,0.019,me_onodrim,me_eldest_ways,,wool,rural_settlement,
me_land_0308,Gatholabad,me_grey_mountains_region,WILD,wilderness,0.01,me_northern_orc,me_melkorism,,wild_game,rural_settlement,
me_land_0309,Uldar,me_rhun_region,RHU,place,2.621,me_balchoth,me_sauron_cult,,livestock,rural_settlement,maung_culture
me_land_0310,Minas duinath,me_north_arnor_region,WILD,wilderness,0.015,me_eriadoran,me_northern_ways,,clay,rural_settlement,
me_land_0311,Blackbridge,me_enedwaith_region,WILD,wilderness,0.015,me_dunlending,me_dunland_ways,,clay,rural_settlement,
me_land_0312,Bramblebridge,me_enedwaith_region,WILD,wilderness,0.013,me_dunlending,me_dunland_ways,,wheat,rural_settlement,
me_land_0313,Qasahir,me_umbar_region,UMB,place,1.679,me_umbarite,me_sauron_cult,,wool,rural_settlement,wa_culture
me_land_0314,Bucklandbridge,me_enedwaith_region,WILD,wilderness,0.013,me_dunlending,me_dunland_ways,,clay,rural_settlement,
me_land_0315,Ost duinath,me_brown_lands_region,WILD,wilderness,0.013,me_woodman,me_northern_ways,,wool,rural_settlement,
me_land_0316,Wainar,me_rhun_region,RH2,place,1.432,me_karmachi,me_melkorism,,wheat,rural_settlement,
me_land_0317,Skaidûr,me_mordor_region,WILD,wilderness,0.013,me_mordor_orc,me_sauron_cult,,stone,rural_settlement,
me_land_0318,Zorar,me_rhun_region,RH2,place,1.432,me_karmachi,me_melkorism,,wheat,rural_settlement,
me_land_0319,Taur duinath,me_brown_lands_region,WILD,wilderness,0.011,me_woodman,me_northern_ways,,horses,rural_settlement,
me_land_0320,Targak,me_khand_region,KHA,place,1.01,me_variag,me_melkorism,,wool,rural_settlement,
me_land_0321,Balath,me_rhun_region,RH2,place,1.432,me_karmachi,me_melkorism,,wheat,rural_settlement,
me_land_0322,Cedarbridge,me_enedwaith_region,WILD,wilderness,0.015,me_dunlending,me_dunland_ways,,clay,rural_settlement,
me_land_0323,Borath,me_rhun_region,RH2,place,1.432,me_karmachi,me_melkorism,,horses,rural_settlement,
me_land_0324,Bar duinath,me_lindon_region,LIN,place,0.126,me_sindar,me_valar_worship,,clay,rural_settlement,
me_land_0325,Snowfell,me_northern_wastes_region,WILD,wilderness,0.006,me_lossoth,me_lossoth_ways,,fur,rural_settlement,
me_land_0326,Calen duinath,me_lebennin_region,GON,place,5.472,me_gondorian,me_valar_worship,,wheat,rural_settlement,coosa_culture
me_land_0327,Riverbank,me_mirkwood_region,BEO,place,0.168,me_beorning,me_northern_ways,,wool,rural_settlement,
me_land_0328,Ugldûr,me_mordor_region,MOR,place,5.742,me_mordor_orc,me_sauron_cult,,stone,rural_settlement,bahau_culture
me_land_0329,Khazabad,me_rhun_region,IRO,place,0.446,me_longbeard,me_mahal_cult,,horses,rural_settlement,
me_land_0330,Amon Lhaw,me_rohan_region,ROH,ruin,0,me_rohirric,me_northern_ways,,wool,rural_settlement,
me_land_0331,Kingbank,me_rhun_region,DOR,place,1.366,me_dorwinrim,me_northern_ways,,horses,rural_settlement,
me_land_0332,Urukdûr,me_mordor_region,MOR,place,1.264,me_mordor_orc,me_sauron_cult,,livestock,rural_settlement,
me_land_0333,Celon duinath,me_ithilien_region,WILD,wilderness,0.007,me_gondorian,me_valar_worship,,stone,rural_settlement,
me_land_0334,Gathath,me_rhun_region,RH2,place,1.908,me_karmachi,me_melkorism,,wheat,rural_settlement,south_valley_yokut_culture
me_land_0335,Varkak,me_khand_region,KHA,place,1.01,me_variag,me_melkorism,,livestock,rural_settlement,
me_land_0336,Rakhahir,me_near_harad_region,UMB,place,1.006,me_umbarite,me_sauron_cult,,livestock,rural_settlement,
me_land_0337,Ashfang,me_anduin_vale_region,GOB,place,1.298,me_misty_orc,me_melkorism,,wool,rural_settlement,
me_land_0338,Nim duinath,me_mirkwood_region,WOO,place,0.578,me_silvan,me_valar_worship,,wool,rural_settlement,
me_land_0339,Amon falasath,me_north_arnor_region,WILD,wilderness,0.015,me_eriadoran,me_northern_ways,,wool,rural_settlement,
me_land_0340,Azgfang,me_anduin_vale_region,MOA,place,1.735,me_misty_orc,me_melkorism,,livestock,rural_settlement,tapajo_culture
me_land_0341,Zandak,me_near_harad_region,KHA,place,1.01,me_variag,me_melkorism,,copper,rural_settlement,
me_land_0342,Blackfang,me_angmar_region,ANG,place,1.084,me_northern_orc,me_melkorism,,clay,rural_settlement,
me_land_0343,Karmath,me_rhun_region,RH2,place,1.908,me_karmachi,me_melkorism,,livestock,rural_settlement,south_cushitic_culture
me_land_0344,Deepbridge,me_enedwaith_region,WILD,wilderness,0.015,me_dunlending,me_dunland_ways,,wheat,rural_settlement,
me_land_0345,Eastbridge,me_enedwaith_region,WILD,wilderness,0.013,me_dunlending,me_dunland_ways,,clay,rural_settlement,
me_land_0346,Fernbank,me_shire_breeland_region,WILD,wilderness,0.015,me_eriadoran,me_northern_ways,,wheat,rural_settlement,
me_land_0347,Lakebank,me_rhun_region,DOR,place,1.82,me_dorwinrim,me_northern_ways,,wool,rural_settlement,tanaina_culture
me_land_0348,Greenbridge,me_anduin_vale_region,WILD,wilderness,0.015,me_woodman,me_northern_ways,,wheat,rural_settlement,
me_land_0349,Greybridge,me_mirkwood_region,WILD,wilderness,0.013,me_woodman,me_northern_ways,,wool,rural_settlement,
me_land_0350,Dol falasath,me_brown_lands_region,WILD,wilderness,0.013,me_woodman,me_northern_ways,,wheat,rural_settlement,
me_land_0351,Burzfang,me_mordor_region,MOR,place,1.264,me_mordor_orc,me_sauron_cult,,iron,rural_settlement,
me_land_0352,Sahrahir,me_umbar_region,UMB,place,4.45,me_umbarite,me_sauron_cult,,copper,rural_settlement,hadiya_culture
me_land_0353,Longbridge,me_enedwaith_region,WILD,wilderness,0.015,me_dunlending,me_dunland_ways,,livestock,rural_settlement,
me_land_0354,Starfell,me_forochel_region,LOS,place,0.031,me_lossoth,me_lossoth_ways,,wild_game,rural_settlement,
me_land_0355,Whitefell,me_northern_wastes_region,WILD,wilderness,0.013,me_lossoth,me_lossoth_ways,,wheat,rural_settlement,
me_land_0356,Eithel falasath,me_brown_lands_region,WILD,wilderness,0.015,me_woodman,me_northern_ways,,clay,rural_settlement,
me_land_0357,Dushfang,me_mordor_region,MOR,place,1.264,me_mordor_orc,me_sauron_cult,,stone,rural_settlement,
me_land_0358,Emyn falasath,me_north_arnor_region,RAN,place,0.12,me_arnor_dunedain,me_valar_worship,,medicaments,rural_settlement,
me_land_0359,Ghashfang,me_mordor_region,MOR,place,5.742,me_mordor_orc,me_sauron_cult,,iron,rural_settlement,baham_culture
me_land_0360,Kheledabad,me_grey_mountains_region,ERE,place,1.435,me_longbeard,me_mahal_cult,,wheat,rural_settlement,xhosa_culture
me_land_0361,Imlad falasath,me_lebennin_region,GON,place,5.472,me_gondorian,me_valar_worship,,clay,rural_settlement,coos_culture
me_land_0362,Ravenbank,me_rhun_region,DOR,place,1.82,me_dorwinrim,me_northern_ways,,clay,rural_settlement,tamna_culture
me_land_0363,Khurath,me_rhun_region,RH2,place,1.908,me_karmachi,me_melkorism,,wheat,rural_settlement,sougb_culture
me_land_0364,Minas falasath,me_south_gondor_region,GON,place,0.855,me_gondorian,me_valar_worship,,livestock,rural_settlement,
me_land_0365,Ost falasath,me_belfalas_region,DAM,place,2.468,me_dol_amrothian,me_valar_worship,,clay,rural_settlement,muyua_culture
me_land_0366,Lodath,me_rhun_region,RH2,place,1.432,me_karmachi,me_melkorism,,wheat,rural_settlement,
me_land_0367,Taur falasath,me_north_arnor_region,WILD,wilderness,0.013,me_eriadoran,me_northern_ways,,livestock,rural_settlement,
me_land_0368,Bar falasath,me_brown_lands_region,WILD,wilderness,0.011,me_woodman,me_northern_ways,,wheat,rural_settlement,
me_land_0369,Calen falasath,me_brown_lands_region,WILD,wilderness,0.015,me_woodman,me_northern_ways,,wheat,rural_settlement,
me_land_0370,Gorfang,me_rohan_region,ISE,place,0.33,me_isengard_uruk,me_sauron_cult,,horses,rural_settlement,
me_land_0371,Northbridge,me_enedwaith_region,WILD,wilderness,0.013,me_dunlending,me_dunland_ways,,livestock,rural_settlement,
me_land_0372,Bregoburna,me_rohan_region,ROH,place,2.398,me_rohirric,me_northern_ways,,horses,rural_settlement,ofo_culture
me_land_0373,Celon falasath,me_south_gondor_region,GON,place,0.855,me_gondorian,me_valar_worship,,livestock,rural_settlement,
me_land_0374,Narath,me_rhun_region,RHU,place,2.621,me_balchoth,me_sauron_cult,,wool,rural_settlement,matuumbi_culture
me_land_0375,Redbank,me_rhun_region,DOR,place,1.82,me_dorwinrim,me_northern_ways,,clay,rural_settlement,tamil
me_land_0376,Winterfell,me_northern_wastes_region,WILD,wilderness,0.006,me_lossoth,me_lossoth_ways,,fish,rural_settlement,
me_land_0377,Tazahir,me_far_harad_region,HFA,place,3.343,me_far_haradrim,me_southron_ways,,copper,rural_settlement,kaxixo_culture
me_land_0378,Grishfang,me_mordor_region,MOR,place,5.742,me_mordor_orc,me_sauron_cult,,stone,rural_settlement,baguirmi_culture
me_land_0379,Nim falasath,me_north_arnor_region,RAN,place,0.168,me_arnor_dunedain,me_valar_worship,,wool,rural_settlement,
me_land_0380,Amon galenath,me_mirkwood_region,WOO,place,0.578,me_silvan,me_valar_worship,,wild_game,rural_settlement,
me_land_0381,Umrahir,me_umbar_region,UMB,place,1.679,me_umbarite,me_sauron_cult,,salt,rural_settlement,votian
me_land_0382,Arzan,me_khand_region,KHA,place,1.01,me_variag,me_melkorism,,wool,rural_settlement,
me_land_0383,Nargabad,me_lindon_region,BLU,place,0.257,me_firebeard_broadbeam,me_mahal_cult,,wool,rural_settlement,
me_land_0384,Sharabad,me_lindon_region,BLU,place,0.351,me_firebeard_broadbeam,me_mahal_cult,,clay,rural_settlement,
me_land_0385,Dol galenath,me_brown_lands_region,WILD,wilderness,0.011,me_woodman,me_northern_ways,,horses,rural_settlement,
me_land_0386,Oakbridge,me_enedwaith_region,WILD,wilderness,0.015,me_dunlending,me_dunland_ways,,livestock,rural_settlement,
me_land_0387,Rhovath,me_rhun_region,RH2,place,1.908,me_karmachi,me_melkorism,,livestock,rural_settlement,sotho_culture
me_land_0388,Eithel galenath,me_lindon_region,LIN,place,0.093,me_sindar,me_valar_worship,,wheat,rural_settlement,
me_land_0389,Krimpfang,me_mordor_region,WILD,wilderness,0.013,me_mordor_orc,me_sauron_cult,,livestock,rural_settlement,
me_land_0390,Emyn galenath,me_lindon_region,LIN,place,0.093,me_sindar,me_valar_worship,,livestock,rural_settlement,
me_land_0391,Imlad galenath,me_brown_lands_region,WILD,wilderness,0.013,me_woodman,me_northern_ways,,livestock,rural_settlement,
me_land_0392,Coldfloe,me_northern_wastes_region,WILD,wilderness,0.006,me_lossoth,me_lossoth_ways,,wild_game,rural_settlement,
me_land_0393,Haybank,me_shire_breeland_region,SHI,place,2.868,me_shire_hobbit,me_northern_ways,,wheat,rural_settlement,komi
me_land_0394,Driftfloe,me_northern_wastes_region,WILD,wilderness,0.006,me_lossoth,me_lossoth_ways,,fish,rural_settlement,
me_land_0395,Southbridge,me_enedwaith_region,WILD,wilderness,0.013,me_dunlending,me_dunland_ways,,wool,rural_settlement,
me_land_0396,Minas galenath,me_belfalas_region,DAM,place,2.468,me_dol_amrothian,me_valar_worship,,clay,rural_settlement,muyu_culture
me_land_0397,Skinbank,me_anduin_vale_region,BEO,place,0.306,me_beorning,me_northern_ways,,livestock,rural_settlement,
me_land_0398,Ost galenath,me_ithilien_region,WILD,wilderness,0.016,me_gondorian,me_valar_worship,,livestock,rural_settlement,
me_land_0399,Taur galenath,me_north_arnor_region,RAN,place,0.168,me_arnor_dunedain,me_valar_worship,,livestock,rural_settlement,
me_land_0400,Lugfang,me_mordor_region,MOR,place,1.298,me_mordor_orc,me_sauron_cult,,wheat,rural_settlement,
me_land_0401,Frostfloe,me_northern_wastes_region,WILD,wilderness,0.011,me_lossoth,me_lossoth_ways,,horses,rural_settlement,
me_land_0402,Mauhfang,me_anduin_vale_region,DOL,place,3.575,me_mordor_orc,me_sauron_cult,,livestock,rural_settlement,kaapor_culture
me_land_0403,Bar galenath,me_north_arnor_region,WILD,wilderness,0.015,me_eriadoran,me_northern_ways,,wool,rural_settlement,
me_land_0404,Sagath,me_rhun_region,RH2,place,1.908,me_karmachi,me_melkorism,,wheat,rural_settlement,sotaeoo_culture
me_land_0405,Calen galenath,me_north_arnor_region,RAN,place,0.168,me_arnor_dunedain,me_valar_worship,,wool,rural_settlement,
me_land_0406,Muzgfang,me_mordor_region,WILD,wilderness,0.013,me_mordor_orc,me_sauron_cult,,wheat,rural_settlement,
me_land_0407,Zarahir,me_umbar_region,UMB,place,1.679,me_umbarite,me_sauron_cult,,salt,rural_settlement,volhynian_culture
me_land_0408,Azramar,me_near_harad_region,HRA,place,4.545,me_near_haradrim,me_southron_ways,,salt,rural_settlement,gutnish
me_land_0409,Celon galenath,me_anduin_vale_region,LOR,place,1.225,me_galadhrim,me_valar_worship,,wheat,rural_settlement,
me_land_0410,Nim galenath,me_lebennin_region,GON,place,5.472,me_gondorian,me_valar_worship,,clay,rural_settlement,comecrudo_culture
me_land_0411,Ceorlburna,me_rohan_region,ROH,place,2.398,me_rohirric,me_northern_ways,,clay,rural_settlement,ofaie_culture
me_land_0412,Zigilabad,me_grey_mountains_region,WILD,wilderness,0.01,me_northern_orc,me_melkorism,,wool,rural_settlement,
me_land_0413,Stonebridge,me_anduin_vale_region,WILD,wilderness,0.015,me_woodman,me_northern_ways,,livestock,rural_settlement,
me_land_0414,Nazgfang,me_mordor_region,MOR,place,2.209,me_mordor_orc,me_sauron_cult,,livestock,rural_settlement,owambo_culture
me_land_0415,Westbridge,me_enedwaith_region,WILD,wilderness,0.013,me_dunlending,me_dunland_ways,,fish,rural_settlement,
me_land_0416,Durthang,me_brown_lands_region,MOR,fortress,37.793,me_mordor_orc,me_sauron_cult,,clay,town,ache_culture
me_land_0417,Amon gondath,me_brown_lands_region,WILD,wilderness,0.013,me_woodman,me_northern_ways,,clay,rural_settlement,
me_land_0418,Bahramar,me_near_harad_region,HNE,place,2.034,me_near_haradrim,me_southron_ways,,wool,rural_settlement,rao_culture
me_land_0419,Daramar,me_near_harad_region,HRA,place,4.545,me_near_haradrim,me_southron_ways,,livestock,rural_settlement,gurunsi
me_land_0420,Alderbrook,me_mirkwood_region,WILD,wilderness,0.013,me_woodman,me_northern_ways,,wool,rural_settlement,
me_land_0421,Balkan,me_khand_region,KHA,place,1.01,me_variag,me_melkorism,,wool,rural_settlement,
me_land_0422,Déorburna,me_rohan_region,ROH,place,2.489,me_rohirric,me_northern_ways,,horses,rural_settlement,miskito_culture
me_land_0423,Dol gondath,me_ithilien_region,WILD,wilderness,0.016,me_gondorian,me_valar_worship,,wool,rural_settlement,
me_land_0424,Faramar,me_far_harad_region,HRA,place,4.545,me_near_haradrim,me_southron_ways,,livestock,rural_settlement,gurung_culture
me_land_0425,Drazan,me_far_harad_region,KHA,place,1.01,me_variag,me_melkorism,,salt,rural_settlement,
me_land_0426,Skaifang,me_north_arnor_region,ANG,place,1.084,me_northern_orc,me_melkorism,,clay,rural_settlement,
me_land_0427,Azanaglar,me_rhun_region,IRO,place,0.594,me_longbeard,me_mahal_cult,,clay,rural_settlement,
me_land_0428,Uglfang,me_mordor_region,MOR,place,1.264,me_mordor_orc,me_sauron_cult,,iron,rural_settlement,
me_land_0429,Eithel gondath,me_north_arnor_region,WILD,wilderness,0.015,me_eriadoran,me_northern_ways,,livestock,rural_settlement,
me_land_0430,Sharath,me_rhun_region,RHU,place,2.621,me_balchoth,me_sauron_cult,,livestock,rural_settlement,mattole_culture
me_land_0431,Uldath,me_rhun_region,RH2,place,1.908,me_karmachi,me_melkorism,,livestock,rural_settlement,sorbian
me_land_0432,Emyn gondath,me_north_arnor_region,WILD,wilderness,0.015,me_eriadoran,me_northern_ways,,livestock,rural_settlement,
me_land_0433,Urukfang,me_anduin_vale_region,GOB,place,1.223,me_misty_orc,me_melkorism,,livestock,rural_settlement,
me_land_0434,Gharan,me_near_harad_region,KHA,place,1.01,me_variag,me_melkorism,,salt,rural_settlement,
me_land_0435,Icefloe,me_northern_wastes_region,WILD,wilderness,0.013,me_lossoth,me_lossoth_ways,,clay,rural_settlement,
me_land_0436,Imlad gondath,me_lindon_region,LIN,place,0.093,me_sindar,me_valar_worship,,wool,rural_settlement,
me_land_0437,Ashgash,me_grey_mountains_region,GUN,place,2.781,me_northern_orc,me_melkorism,,wool,rural_settlement,kota_gabun
me_land_0438,Ashbrook,me_anduin_vale_region,WILD,wilderness,0.015,me_woodman,me_northern_ways,,livestock,rural_settlement,
me_land_0439,Minas gondath,me_brown_lands_region,WILD,wilderness,0.011,me_woodman,me_northern_ways,,wheat,rural_settlement,
me_land_0440,Amberby,me_rhun_region,DOR,place,1.82,me_dorwinrim,me_northern_ways,,wheat,rural_settlement,tamauliteco_culture
me_land_0441,Ost gondath,me_south_gondor_region,GON,place,5.472,me_gondorian,me_valar_worship,,wool,rural_settlement,collique_culture
me_land_0442,Wainath,me_rhun_region,RH2,place,1.908,me_karmachi,me_melkorism,,wheat,rural_settlement,sora_culture
me_land_0443,Bardby,me_rhun_region,DOR,place,1.82,me_dorwinrim,me_northern_ways,,wheat,rural_settlement,tamathli_culture
me_land_0444,Zorath,me_rhun_region,RH2,place,1.432,me_karmachi,me_melkorism,,horses,rural_settlement,
me_land_0445,Taur gondath,me_north_arnor_region,WILD,wilderness,0.015,me_eriadoran,me_northern_ways,,livestock,rural_settlement,
me_land_0446,Azggash,me_mordor_region,MOR,place,1.264,me_mordor_orc,me_sauron_cult,,livestock,rural_settlement,
me_land_0447,Blackgash,me_mordor_region,WILD,wilderness,0.013,me_mordor_orc,me_sauron_cult,,stone,rural_settlement,
me_land_0448,Balen,me_rhun_region,RH2,place,1.432,me_karmachi,me_melkorism,,horses,rural_settlement,
me_land_0449,Bar gondath,me_belfalas_region,GON,place,5.472,me_gondorian,me_valar_worship,,wheat,rural_settlement,cocopa_culture
me_land_0450,Hazelbank,me_shire_breeland_region,SHI,place,2.868,me_shire_hobbit,me_northern_ways,,fiber_crops,rural_settlement,kombai_culture
me_land_0451,Hadramar,me_umbar_region,UMB,place,1.679,me_umbarite,me_sauron_cult,,copper,rural_settlement,vivaro_alpine
me_land_0452,Barazaglar,me_lindon_region,BLU,place,0.351,me_firebeard_broadbeam,me_mahal_cult,,wool,rural_settlement,
me_land_0453,Bizaraglar,me_grey_mountains_region,ERE,place,1.435,me_longbeard,me_mahal_cult,,wheat,rural_settlement,xeta_culture
me_land_0454,Kharamar,me_umbar_region,UMB,place,1.679,me_umbarite,me_sauron_cult,,wool,rural_settlement,vitimske_culture
me_land_0455,Mahramar,me_umbar_region,UMB,place,1.679,me_umbarite,me_sauron_cult,,salt,rural_settlement,vili
me_land_0456,Barrowbrook,me_enedwaith_region,WILD,wilderness,0.013,me_dunlending,me_dunland_ways,,wool,rural_settlement,
me_land_0457,Beaconbrook,me_enedwaith_region,WILD,wilderness,0.013,me_dunlending,me_dunland_ways,,livestock,rural_settlement,
me_land_0458,Kandan,me_khand_region,KHA,place,1.01,me_variag,me_melkorism,,wool,rural_settlement,
me_land_0459,Boren,me_rhun_region,RH2,place,1.432,me_karmachi,me_melkorism,,fish,rural_settlement,
me_land_0460,Gathen,me_rhun_region,RH2,place,1.908,me_karmachi,me_melkorism,,wool,rural_settlement,soqotri_culture
me_land_0461,Bellby,me_rhun_region,DOR,place,1.366,me_dorwinrim,me_northern_ways,,wool,rural_settlement,
me_land_0462,Calen gondath,me_lebennin_region,GON,place,5.472,me_gondorian,me_valar_worship,,wheat,rural_settlement,cochimi_culture
me_land_0463,Celon gondath,me_brown_lands_region,WILD,wilderness,0.011,me_woodman,me_northern_ways,,horses,rural_settlement,
me_land_0464,Bundaglar,me_grey_mountains_region,WILD,wilderness,0.01,me_northern_orc,me_melkorism,,wild_game,rural_settlement,
me_land_0465,Bowby,me_dale_region,ESG,place,1.611,me_dalish,me_northern_ways,,clay,rural_settlement,warluwarra_culture
me_land_0466,Blackbrook,me_enedwaith_region,WILD,wilderness,0.013,me_dunlending,me_dunland_ways,,clay,rural_settlement,
me_land_0467,Khazan,me_khand_region,KHA,place,1.01,me_variag,me_melkorism,,fish,rural_settlement,
me_land_0468,Burzgash,me_grey_mountains_region,GUN,place,2.781,me_northern_orc,me_melkorism,,wool,rural_settlement,kosrae_culture
me_land_0469,Dumaglar,me_lindon_region,BLU,place,0.257,me_firebeard_broadbeam,me_mahal_cult,,livestock,rural_settlement,
me_land_0470,Hollybank,me_shire_breeland_region,SHI,place,2.868,me_shire_hobbit,me_northern_ways,,wool,rural_settlement,kolyms_culture
me_land_0471,Nim gondath,me_lindon_region,LIN,place,0.093,me_sindar,me_valar_worship,,wheat,rural_settlement,
me_land_0472,Amon lothath,me_belfalas_region,GON,place,5.472,me_gondorian,me_valar_worship,,livestock,rural_settlement,coahuilteco_culture
me_land_0473,Celduinby,me_rhun_region,DOR,place,1.82,me_dorwinrim,me_northern_ways,,wool,rural_settlement,tamang_culture
me_land_0474,Bramblebrook,me_enedwaith_region,WILD,wilderness,0.015,me_dunlending,me_dunland_ways,,wheat,rural_settlement,
me_land_0475,Bucklandbrook,me_mirkwood_region,WILD,wilderness,0.013,me_woodman,me_northern_ways,,clay,rural_settlement,
me_land_0476,Dol lothath,me_belfalas_region,GON,place,3.777,me_gondorian,me_valar_worship,,clay,rural_settlement,jiangshan_culture
me_land_0477,Eithel lothath,me_ithilien_region,WILD,wilderness,0.007,me_gondorian,me_valar_worship,,stone,rural_settlement,
me_land_0478,Naramar,me_near_harad_region,HNE,place,2.034,me_near_haradrim,me_southron_ways,,salt,rural_settlement,rama_culture
me_land_0479,Qasamar,me_umbar_region,UMB,place,1.679,me_umbarite,me_sauron_cult,,copper,rural_settlement,vietnamese_culture
me_land_0480,Cedarbrook,me_anduin_vale_region,WILD,wilderness,0.015,me_woodman,me_northern_ways,,livestock,rural_settlement,
me_land_0481,Dushgash,me_mordor_region,MOR,place,1.264,me_mordor_orc,me_sauron_cult,,stone,rural_settlement,
me_land_0482,Emyn lothath,me_north_arnor_region,WILD,wilderness,0.013,me_eriadoran,me_northern_ways,,wool,rural_settlement,
me_land_0483,Karmen,me_rhun_region,RH3,place,4.951,me_sagath,me_melkorism,,wheat,rural_settlement,funj_culture
me_land_0484,Khoran,me_khand_region,KHA,place,1.01,me_variag,me_melkorism,,salt,rural_settlement,
me_land_0485,Eorlburna,me_rohan_region,ROH,place,2.398,me_rohirric,me_northern_ways,,wheat,rural_settlement,odawa_culture
me_land_0486,Imlad lothath,me_belfalas_region,GON,place,3.777,me_gondorian,me_valar_worship,,livestock,rural_settlement,jianghuai_culture
me_land_0487,Deepbrook,me_enedwaith_region,DUN,place,4.105,me_dunlending,me_dunland_ways,,wheat,rural_settlement,hazara_culture
me_land_0488,Rakhamar,me_far_harad_region,HFA,place,5.583,me_far_haradrim,me_southron_ways,,copper,rural_settlement,bara_culture
me_land_0489,Ghashgash,me_mirkwood_region,DOL,place,1.939,me_mordor_orc,me_sauron_cult,,wool,rural_settlement,rusyn_culture
me_land_0490,Ruzan,me_khand_region,KHA,place,1.01,me_variag,me_melkorism,,salt,rural_settlement,
me_land_0491,Minas lothath,me_north_arnor_region,WILD,wilderness,0.015,me_eriadoran,me_northern_ways,,wool,rural_settlement,
me_land_0492,Sahramar,me_near_harad_region,HNE,place,3.396,me_near_haradrim,me_southron_ways,,livestock,rural_settlement,kamiare_culture
me_land_0493,Ost lothath,me_anduin_vale_region,LOR,place,1.225,me_galadhrim,me_valar_worship,,wheat,rural_settlement,
me_land_0494,Gorgash,me_rohan_region,ISE,place,0.33,me_isengard_uruk,me_sauron_cult,,horses,rural_settlement,
me_land_0495,Taur lothath,me_belfalas_region,GON,place,3.777,me_gondorian,me_valar_worship,,livestock,rural_settlement,javanese_culture
me_land_0496,Northfloe,me_forochel_region,LOS,place,0.031,me_lossoth,me_lossoth_ways,,wild_game,rural_settlement,
me_land_0497,Bar lothath,me_north_arnor_region,RIV,place,0.068,me_noldor,me_valar_worship,,livestock,rural_settlement,
me_land_0498,Grishgash,me_mordor_region,WILD,wilderness,0.013,me_mordor_orc,me_sauron_cult,,livestock,rural_settlement,
me_land_0499,Khuren,me_rhun_region,RHU,place,2.621,me_balchoth,me_sauron_cult,,livestock,rural_settlement,matsigenka_culture
me_land_0500,Palefloe,me_northern_wastes_region,WILD,wilderness,0.006,me_lossoth,me_lossoth_ways,,fish,rural_settlement,
me_land_0501,Sealfloe,me_northern_wastes_region,WILD,wilderness,0.011,me_lossoth,me_lossoth_ways,,horses,rural_settlement,
me_land_0502,Calen lothath,me_lindon_region,LIN,place,0.093,me_sindar,me_valar_worship,,fish,rural_settlement,
me_land_0503,Loden,me_rhun_region,RH3,place,4.951,me_sagath,me_melkorism,,wheat,rural_settlement,funing_culture
me_land_0504,Eastbrook,me_enedwaith_region,WILD,wilderness,0.015,me_dunlending,me_dunland_ways,,wheat,rural_settlement,
me_land_0505,Krimpgash,me_mordor_region,WILD,wilderness,0.007,me_mordor_orc,me_sauron_cult,,livestock,rural_settlement,
me_land_0506,Greenbrook,me_enedwaith_region,WILD,wilderness,0.013,me_dunlending,me_dunland_ways,,wool,rural_settlement,
me_land_0507,Tazamar,me_near_harad_region,HNE,place,2.034,me_near_haradrim,me_southron_ways,,copper,rural_settlement,rakhine_culture
me_land_0508,Snowfloe,me_northern_wastes_region,WILD,wilderness,0.006,me_lossoth,me_lossoth_ways,,fur,rural_settlement,
me_land_0509,Merrybank,me_shire_breeland_region,SHI,place,2.868,me_shire_hobbit,me_northern_ways,,wheat,rural_settlement,kolo_culture
me_land_0510,Mossbank,me_shire_breeland_region,SHI,place,2.868,me_shire_hobbit,me_northern_ways,,wheat,rural_settlement,kolla_culture
me_land_0511,Starfloe,me_northern_wastes_region,WILD,wilderness,0.013,me_lossoth,me_lossoth_ways,,wool,rural_settlement,
me_land_0512,Luggash,me_mordor_region,MOR,place,2.209,me_mordor_orc,me_sauron_cult,,wheat,rural_settlement,ovimbundu
me_land_0513,Valebank,me_mirkwood_region,BEO,place,0.168,me_beorning,me_northern_ways,,medicaments,rural_settlement,
me_land_0514,Celon lothath,me_ithilien_region,WILD,wilderness,0.015,me_gondorian,me_valar_worship,,wool,rural_settlement,
me_land_0515,Nim lothath,me_brown_lands_region,WILD,wilderness,0.015,me_woodman,me_northern_ways,,clay,rural_settlement,
me_land_0516,Mauhgash,me_mordor_region,WILD,wilderness,0.013,me_mordor_orc,me_sauron_cult,,livestock,rural_settlement,
me_land_0517,Muzggash,me_mordor_region,MOR,place,5.742,me_mordor_orc,me_sauron_cult,,wheat,rural_settlement,bagua_culture
me_land_0518,Amon mornath,me_dale_region,WOO,place,0.648,me_silvan,me_valar_worship,,wild_game,rural_settlement,
me_land_0519,Folcburna,me_rohan_region,ROH,place,2.398,me_rohirric,me_northern_ways,,wheat,rural_settlement,oconee_culture
me_land_0520,Framburna,me_rohan_region,ROH,place,2.398,me_rohirric,me_northern_ways,,livestock,rural_settlement,obgints_culture
me_land_0521,Dol mornath,me_brown_lands_region,WILD,wilderness,0.015,me_woodman,me_northern_ways,,livestock,rural_settlement,
me_land_0522,Naren,me_rhun_region,RH2,place,1.908,me_karmachi,me_melkorism,,wheat,rural_settlement,soninke
me_land_0523,Eithel mornath,me_north_arnor_region,WILD,wilderness,0.015,me_eriadoran,me_northern_ways,,livestock,rural_settlement,
me_land_0524,Rhoven,me_rhun_region,RHU,place,2.621,me_balchoth,me_sauron_cult,,wool,rural_settlement,matlatzinca_culture
me_land_0525,Emyn mornath,me_ithilien_region,WILD,wilderness,0.016,me_gondorian,me_valar_worship,,wheat,rural_settlement,
me_land_0526,Nazggash,me_mordor_region,MOR,place,7.563,me_mordor_orc,me_sauron_cult,,iron,rural_settlement,arendaronon_culture
me_land_0527,Imlad mornath,me_north_arnor_region,WILD,wilderness,0.015,me_eriadoran,me_northern_ways,,wheat,rural_settlement,
me_land_0528,Minas mornath,me_ithilien_region,WILD,wilderness,0.016,me_gondorian,me_valar_worship,,wool,rural_settlement,
me_land_0529,Ost mornath,me_north_arnor_region,RAN,place,0.168,me_arnor_dunedain,me_valar_worship,,clay,rural_settlement,
me_land_0530,Taur mornath,me_lebennin_region,GON,place,5.472,me_gondorian,me_valar_worship,,livestock,rural_settlement,circassian_culture
me_land_0531,Bar mornath,me_north_arnor_region,WILD,wilderness,0.015,me_eriadoran,me_northern_ways,,wool,rural_settlement,
me_land_0532,Boughbark,me_rohan_region,FAN,place,0.009,me_onodrim,me_eldest_ways,,horses,rural_settlement,
me_land_0533,Skaigash,me_grey_mountains_region,GUN,place,5.13,me_northern_orc,me_melkorism,,wild_game,rural_settlement,dan
me_land_0534,Elmbark,me_rohan_region,FAN,place,0.009,me_onodrim,me_eldest_ways,,wool,rural_settlement,
me_land_0535,Calen mornath,me_north_arnor_region,WILD,wilderness,0.015,me_eriadoran,me_northern_ways,,clay,rural_settlement,
me_land_0536,Celon mornath,me_ithilien_region,WILD,wilderness,0.015,me_gondorian,me_valar_worship,,clay,rural_settlement,
me_land_0537,Uglgash,me_angmar_region,WILD,wilderness,0.006,me_northern_orc,me_melkorism,,fur,rural_settlement,
me_land_0538,Grimburna,me_rohan_region,ROH,place,2.398,me_rohirric,me_northern_ways,,horses,rural_settlement,nyurmgan_culture
me_land_0539,Felekaglar,me_rhun_region,IRO,place,0.446,me_longbeard,me_mahal_cult,,wool,rural_settlement,
me_land_0540,Urukgash,me_north_arnor_region,ANG,place,1.084,me_northern_orc,me_melkorism,,wool,rural_settlement,
me_land_0541,Nim mornath,me_north_arnor_region,WILD,wilderness,0.015,me_eriadoran,me_northern_ways,,livestock,rural_settlement,
me_land_0542,Umramar,me_near_harad_region,HRA,place,4.545,me_near_haradrim,me_southron_ways,,copper,rural_settlement,gurma
me_land_0543,Daleby,me_rhun_region,DOR,place,1.366,me_dorwinrim,me_northern_ways,,livestock,rural_settlement,
me_land_0544,Amon nenath,me_belfalas_region,GON,place,3.777,me_gondorian,me_valar_worship,,wool,rural_settlement,jasz_culture
me_land_0545,Sagen,me_rhun_region,RH2,place,1.432,me_karmachi,me_melkorism,,wheat,rural_settlement,
me_land_0546,Dol nenath,me_mirkwood_region,WOO,place,0.824,me_silvan,me_valar_worship,,livestock,rural_settlement,
me_land_0547,Skarnan,me_far_harad_region,KHA,place,1.01,me_variag,me_melkorism,,wool,rural_settlement,
me_land_0548,Targan,me_near_harad_region,KHA,place,1.01,me_variag,me_melkorism,,copper,rural_settlement,
me_land_0549,Ashglob,me_mordor_region,MOR,place,1.264,me_mordor_orc,me_sauron_cult,,livestock,rural_settlement,
me_land_0550,Sharen,me_rhun_region,RHU,place,2.621,me_balchoth,me_sauron_cult,,livestock,rural_settlement,matiyinini_culture
me_land_0551,Varkan,me_far_harad_region,KHA,place,1.01,me_variag,me_melkorism,,salt,rural_settlement,
me_land_0552,Azgglob,me_north_arnor_region,ANG,place,1.084,me_northern_orc,me_melkorism,,wool,rural_settlement,
me_land_0553,Eithel nenath,me_lindon_region,LIN,place,0.093,me_sindar,me_valar_worship,,clay,rural_settlement,
me_land_0554,Gamilaglar,me_grey_mountains_region,ERE,place,1.435,me_longbeard,me_mahal_cult,,wool,rural_settlement,xegwi_culture
me_land_0555,Emyn nenath,me_anorien_region,GON,place,5.472,me_gondorian,me_valar_worship,,wheat,rural_settlement,ciguayo_culture
me_land_0556,Zaramar,me_umbar_region,UMB,place,4.45,me_umbarite,me_sauron_cult,,wool,rural_settlement,hadhrami_culture
me_land_0557,Blackglob,me_mordor_region,WILD,wilderness,0.013,me_mordor_orc,me_sauron_cult,,iron,rural_settlement,
me_land_0558,Imlad nenath,me_mirkwood_region,WOO,place,0.824,me_silvan,me_valar_worship,,wool,rural_settlement,
me_land_0559,Azran,me_near_harad_region,HNE,place,2.034,me_near_haradrim,me_southron_ways,,salt,rural_settlement,rabha_culture
me_land_0560,Bahran,me_umbar_region,UMB,place,1.679,me_umbarite,me_sauron_cult,,salt,rural_settlement,vezo_culture
me_land_0561,Greybrook,me_enedwaith_region,WILD,wilderness,0.013,me_dunlending,me_dunland_ways,,fish,rural_settlement,
me_land_0562,Minas nenath,me_anduin_vale_region,LOR,place,1.225,me_galadhrim,me_valar_worship,,wheat,rural_settlement,
me_land_0563,Ost nenath,me_south_gondor_region,GON,place,0.855,me_gondorian,me_valar_worship,,copper,rural_settlement,
me_land_0564,Longbrook,me_mirkwood_region,WILD,wilderness,0.013,me_woodman,me_northern_ways,,wheat,rural_settlement,
me_land_0565,Ulden,me_rhun_region,RH2,place,1.908,me_karmachi,me_melkorism,,wheat,rural_settlement,songye
me_land_0566,Wildbank,me_anduin_vale_region,BEO,place,0.306,me_beorning,me_northern_ways,,wool,rural_settlement,
me_land_0567,Nutbank,me_shire_breeland_region,WILD,wilderness,0.015,me_eriadoran,me_northern_ways,,wool,rural_settlement,
me_land_0568,Wainen,me_rhun_region,RH2,place,1.908,me_karmachi,me_melkorism,,livestock,rural_settlement,songhai
me_land_0569,Helmburna,me_rohan_region,ROH,place,2.398,me_rohirric,me_northern_ways,,horses,rural_settlement,nyurilc_culture
me_land_0570,Burzglob,me_mordor_region,WILD,wilderness,0.013,me_mordor_orc,me_sauron_cult,,wheat,rural_settlement,
me_land_0571,Zoren,me_rhun_region,RHU,place,2.621,me_balchoth,me_sauron_cult,,wheat,rural_settlement,matagalpa_culture
me_land_0572,Taur nenath,me_brown_lands_region,WILD,wilderness,0.015,me_woodman,me_northern_ways,,wool,rural_settlement,
me_land_0573,Northbrook,me_shire_breeland_region,BRE,place,0.49,me_eriadoran,me_northern_ways,,wool,rural_settlement,
me_land_0574,Balod,me_rhun_region,RH2,place,1.432,me_karmachi,me_melkorism,,wool,rural_settlement,
me_land_0575,Dushglob,me_mordor_region,MOR,place,5.742,me_mordor_orc,me_sauron_cult,,wheat,rural_settlement,bagri
me_land_0576,Eastby,me_rhun_region,DOR,place,1.82,me_dorwinrim,me_northern_ways,,clay,rural_settlement,tamambo_culture
me_land_0577,Bar nenath,me_south_gondor_region,GON,place,4.974,me_gondorian,me_valar_worship,,iron,rural_settlement,danube_bavarian
me_land_0578,Oakbrook,me_enedwaith_region,WILD,wilderness,0.015,me_dunlending,me_dunland_ways,,wool,rural_settlement,
me_land_0579,Calen nenath,me_north_arnor_region,WILD,wilderness,0.015,me_eriadoran,me_northern_ways,,wool,rural_settlement,
me_land_0580,Celon nenath,me_belfalas_region,GON,place,3.777,me_gondorian,me_valar_worship,,wheat,rural_settlement,jaru_culture
me_land_0581,Nim nenath,me_lindon_region,LIN,place,0.126,me_sindar,me_valar_worship,,clay,rural_settlement,
me_land_0582,Heruburna,me_rohan_region,ROH,place,2.398,me_rohirric,me_northern_ways,,horses,rural_settlement,nyimang_culture
me_land_0583,Amon rathath,me_north_arnor_region,WILD,wilderness,0.015,me_eriadoran,me_northern_ways,,wheat,rural_settlement,
me_land_0584,Dol rathath,me_belfalas_region,GON,place,5.472,me_gondorian,me_valar_worship,,livestock,rural_settlement,ciboney
me_land_0585,Daran,me_umbar_region,UMB,place,1.006,me_umbarite,me_sauron_cult,,salt,rural_settlement,
me_land_0586,Ghashglob,me_mordor_region,MOR,place,1.264,me_mordor_orc,me_sauron_cult,,wheat,rural_settlement,
me_land_0587,Faran,me_far_harad_region,HFA,place,3.343,me_far_haradrim,me_southron_ways,,wool,rural_settlement,kaxarari_culture
me_land_0588,Esgarby,me_rhun_region,DOR,place,1.82,me_dorwinrim,me_northern_ways,,wool,rural_settlement,tama_culture
me_land_0589,Eithel rathath,me_lindon_region,LIN,place,0.093,me_sindar,me_valar_worship,,livestock,rural_settlement,
me_land_0590,Woodbank,me_mirkwood_region,BEO,place,0.168,me_beorning,me_northern_ways,,clay,rural_settlement,
me_land_0591,Borod,me_rhun_region,RH2,place,1.432,me_karmachi,me_melkorism,,livestock,rural_settlement,
me_land_0592,Whitefloe,me_northern_wastes_region,WILD,wilderness,0.013,me_lossoth,me_lossoth_ways,,clay,rural_settlement,
me_land_0593,Zandan,me_khand_region,KHA,place,1.01,me_variag,me_melkorism,,copper,rural_settlement,
me_land_0594,Gatholaglar,me_lindon_region,BLU,place,0.258,me_firebeard_broadbeam,me_mahal_cult,,livestock,rural_settlement,
me_land_0595,Hadran,me_near_harad_region,HRA,place,4.545,me_near_haradrim,me_southron_ways,,salt,rural_settlement,gurji
me_land_0596,Arzar,me_khand_region,KHA,place,1.01,me_variag,me_melkorism,,fish,rural_settlement,
me_land_0597,Emyn rathath,me_south_gondor_region,GON,place,5.472,me_gondorian,me_valar_worship,,wheat,rural_settlement,chuzhou_culture
me_land_0598,Imlad rathath,me_lindon_region,LIN,place,0.093,me_sindar,me_valar_worship,,clay,rural_settlement,
me_land_0599,Minas rathath,me_ithilien_region,WILD,wilderness,0.015,me_gondorian,me_valar_worship,,wheat,rural_settlement,
me_land_0600,Ost rathath,me_north_arnor_region,WILD,wilderness,0.015,me_eriadoran,me_northern_ways,,clay,rural_settlement,
me_land_0601,Gorglob,me_mordor_region,MOR,place,1.264,me_mordor_orc,me_sauron_cult,,wheat,rural_settlement,
me_land_0602,Gundaglar,me_rhun_region,IRO,place,0.446,me_longbeard,me_mahal_cult,,wheat,rural_settlement,
me_land_0603,Bearden,me_anduin_vale_region,BEO,place,0.306,me_beorning,me_northern_ways,,livestock,rural_settlement,
me_land_0604,Grishglob,me_mordor_region,MOR,place,7.563,me_mordor_orc,me_sauron_cult,,stone,rural_settlement,arawak_culture
me_land_0605,Southbrook,me_enedwaith_region,DUN,place,4.105,me_dunlending,me_dunland_ways,,livestock,rural_settlement,haya_culture
me_land_0606,Taur rathath,me_lebennin_region,GON,place,5.472,me_gondorian,me_valar_worship,,clay,rural_settlement,chuwi_culture
me_land_0607,Bar rathath,me_north_arnor_region,RIV,place,0.068,me_noldor,me_valar_worship,,wool,rural_settlement,
me_land_0608,Calen rathath,me_belfalas_region,GON,place,3.777,me_gondorian,me_valar_worship,,clay,rural_settlement,jardwadjali_culture
me_land_0609,Celon rathath,me_belfalas_region,GON,place,3.777,me_gondorian,me_valar_worship,,wool,rural_settlement,jaminjung_culture
me_land_0610,Nim rathath,me_belfalas_region,DAM,place,2.468,me_dol_amrothian,me_valar_worship,,fish,rural_settlement,mutumui_culture
me_land_0611,Krimpglob,me_mordor_region,WILD,wilderness,0.013,me_mordor_orc,me_sauron_cult,,iron,rural_settlement,
me_land_0612,Amon sarnath,me_brown_lands_region,WILD,wilderness,0.011,me_woodman,me_northern_ways,,horses,rural_settlement,
me_land_0613,Lugglob,me_mordor_region,MOR,place,1.264,me_mordor_orc,me_sauron_cult,,livestock,rural_settlement,
me_land_0614,Stonebrook,me_shire_breeland_region,BRE,place,0.49,me_eriadoran,me_northern_ways,,wool,rural_settlement,
me_land_0615,Westbrook,me_anduin_vale_region,WILD,wilderness,0.015,me_woodman,me_northern_ways,,wool,rural_settlement,
me_land_0616,Mauhglob,me_anduin_vale_region,GOB,place,1.223,me_misty_orc,me_melkorism,,wheat,rural_settlement,
me_land_0617,Winterfloe,me_forochel_region,LOS,place,0.215,me_lossoth,me_lossoth_ways,,wild_game,rural_settlement,
me_land_0618,Rushbank,me_shire_breeland_region,SHI,place,2.868,me_shire_hobbit,me_northern_ways,,fiber_crops,rural_settlement,kol_papua_culture
me_land_0619,Gathod,me_rhun_region,RH2,place,2.512,me_karmachi,me_melkorism,,livestock,rural_settlement,mengen_papua_culture
me_land_0620,Dol sarnath,me_belfalas_region,GON,place,3.777,me_gondorian,me_valar_worship,,livestock,rural_settlement,jama_coaque_culture
me_land_0621,Eithel sarnath,me_belfalas_region,GON,place,5.472,me_gondorian,me_valar_worship,,clay,rural_settlement,chuvash_culture
me_land_0622,Khazaglar,me_rhun_region,IRO,place,0.446,me_longbeard,me_mahal_cult,,livestock,rural_settlement,
me_land_0623,Alderdown,me_anduin_vale_region,WILD,wilderness,0.015,me_woodman,me_northern_ways,,wheat,rural_settlement,
me_land_0624,Emyn sarnath,me_south_gondor_region,GON,place,0.833,me_gondorian,me_valar_worship,,salt,rural_settlement,
me_land_0625,Kheledaglar,me_rhun_region,IRO,place,0.446,me_longbeard,me_mahal_cult,,wool,rural_settlement,
me_land_0626,Ashdown,me_mirkwood_region,WDM,place,0.638,me_woodman,me_northern_ways,,medicaments,rural_settlement,
me_land_0627,Muzgglob,me_mordor_region,MOR,place,5.742,me_mordor_orc,me_sauron_cult,,livestock,rural_settlement,bagheli
me_land_0628,Balkar,me_far_harad_region,KHA,place,1.01,me_variag,me_melkorism,,copper,rural_settlement,
me_land_0629,Léodburna,me_rohan_region,ROH,place,2.398,me_rohirric,me_northern_ways,,clay,rural_settlement,nyikina_culture
me_land_0630,Kharan,me_umbar_region,UMB,place,1.006,me_umbarite,me_sauron_cult,,wool,rural_settlement,
me_land_0631,Beeden,me_anduin_vale_region,BEO,place,0.306,me_beorning,me_northern_ways,,clay,rural_settlement,
me_land_0632,Imlad sarnath,me_lindon_region,LIN,place,0.126,me_sindar,me_valar_worship,,livestock,rural_settlement,
me_land_0633,Barrowdown,me_enedwaith_region,WILD,wilderness,0.013,me_dunlending,me_dunland_ways,,wool,rural_settlement,
me_land_0634,Nazgglob,me_mordor_region,WILD,wilderness,0.013,me_mordor_orc,me_sauron_cult,,iron,rural_settlement,
me_land_0635,Minas sarnath,me_brown_lands_region,WILD,wilderness,0.011,me_woodman,me_northern_ways,,livestock,rural_settlement,
me_land_0636,Ridburna,me_rohan_region,ROH,place,2.398,me_rohirric,me_northern_ways,,horses,rural_settlement,nyelayu_culture
me_land_0637,Ost sarnath,me_lebennin_region,GON,place,5.472,me_gondorian,me_valar_worship,,livestock,rural_settlement,chuvan_culture
me_land_0638,Mahran,me_far_harad_region,HRA,place,4.545,me_near_haradrim,me_southron_ways,,salt,rural_settlement,gurindji_culture
me_land_0639,Taur sarnath,me_belfalas_region,GON,place,5.472,me_gondorian,me_valar_worship,,clay,rural_settlement,chuukese_culture
me_land_0640,Bar sarnath,me_mirkwood_region,WOO,place,0.648,me_silvan,me_valar_worship,,wool,rural_settlement,
me_land_0641,Nargaglar,me_rhun_region,IRO,place,0.446,me_longbeard,me_mahal_cult,,livestock,rural_settlement,
me_land_0642,Calen sarnath,me_lebennin_region,GON,place,0.855,me_gondorian,me_valar_worship,,salt,rural_settlement,
me_land_0643,Celon sarnath,me_ithilien_region,WILD,wilderness,0.007,me_gondorian,me_valar_worship,,salt,rural_settlement,
me_land_0644,Naran,me_far_harad_region,HRA,place,4.546,me_near_haradrim,me_southron_ways,,copper,rural_settlement,gureng_gureng_culture
me_land_0645,Nim sarnath,me_ithilien_region,WILD,wilderness,0.015,me_gondorian,me_valar_worship,,wheat,rural_settlement,
me_land_0646,Amon thoronath,me_north_arnor_region,WILD,wilderness,0.015,me_eriadoran,me_northern_ways,,clay,rural_settlement,
me_land_0647,Qasan,me_umbar_region,UMB,place,1.679,me_umbarite,me_sauron_cult,,copper,rural_settlement,vepsian
me_land_0648,Beacondown,me_enedwaith_region,WILD,wilderness,0.015,me_dunlending,me_dunland_ways,,wool,rural_settlement,
me_land_0649,Dol thoronath,me_brown_lands_region,WILD,wilderness,0.011,me_woodman,me_northern_ways,,wool,rural_settlement,
me_land_0650,Blackdown,me_enedwaith_region,WILD,wilderness,0.013,me_dunlending,me_dunland_ways,,wheat,rural_settlement,
me_land_0651,Coldhaven,me_forochel_region,LOS,place,0.031,me_lossoth,me_lossoth_ways,,wild_game,rural_settlement,
me_land_0652,Rakhan,me_far_harad_region,HFA,place,5.583,me_far_haradrim,me_southron_ways,,salt,rural_settlement,bantoid
me_land_0653,Sahran,me_near_harad_region,HNE,place,2.034,me_near_haradrim,me_southron_ways,,salt,rural_settlement,quzhou_culture
me_land_0654,Tazan,me_near_harad_region,HNE,place,2.034,me_near_haradrim,me_southron_ways,,copper,rural_settlement,quitu_culture
me_land_0655,Drifthaven,me_northern_wastes_region,WILD,wilderness,0.013,me_lossoth,me_lossoth_ways,,wool,rural_settlement,
me_land_0656,Eithel thoronath,me_ithilien_region,WILD,wilderness,0.007,me_gondorian,me_valar_worship,,iron,rural_settlement,
me_land_0657,Thengelburna,me_rohan_region,ROH,place,2.489,me_rohirric,me_northern_ways,,horses,rural_settlement,misima_culture
me_land_0658,Karmod,me_rhun_region,RHU,place,2.621,me_balchoth,me_sauron_cult,,wool,rural_settlement,massachusett_culture
me_land_0659,Kingby,me_dale_region,DAL,place,1.967,me_dalish,me_northern_ways,,clay,rural_settlement,rma_culture
me_land_0660,Cirith Ungol,me_ithilien_region,MOR,fortress,6.303,me_mordor_orc,me_sauron_cult,,salt,town,aruamu_culture
me_land_0661,Umran,me_near_harad_region,HNE,place,2.034,me_near_haradrim,me_southron_ways,,wool,rural_settlement,quiripi_culture
me_land_0662,Emyn thoronath,me_lindon_region,LIN,place,0.093,me_sindar,me_valar_worship,,wheat,rural_settlement,
me_land_0663,Frosthaven,me_northern_wastes_region,WILD,wilderness,0.013,me_lossoth,me_lossoth_ways,,wheat,rural_settlement,
me_land_0664,Brambledown,me_anduin_vale_region,WILD,wilderness,0.015,me_woodman,me_northern_ways,,wheat,rural_settlement,
me_land_0665,Imlad thoronath,me_lindon_region,LIN,place,0.093,me_sindar,me_valar_worship,,livestock,rural_settlement,
me_land_0666,Lakeby,me_rhun_region,DOR,place,1.82,me_dorwinrim,me_northern_ways,,wool,rural_settlement,talysh_culture
me_land_0667,Icehaven,me_northern_wastes_region,WILD,wilderness,0.006,me_lossoth,me_lossoth_ways,,fish,rural_settlement,
me_land_0668,Henneth Annûn,me_ithilien_region,GON,refuge,21.875,me_gondorian,me_valar_worship,,wool,town,agob_culture
me_land_0669,Minas thoronath,me_brown_lands_region,WILD,wilderness,0.008,me_woodman,me_northern_ways,,clay,rural_settlement,
me_land_0670,Zaran,me_near_harad_region,HNE,place,2.034,me_near_haradrim,me_southron_ways,,wool,rural_settlement,quirandi_culture
me_land_0671,Ost thoronath,me_anorien_region,GON,place,5.472,me_gondorian,me_valar_worship,,wheat,rural_settlement,chutia_culture
me_land_0672,Taur thoronath,me_belfalas_region,GON,place,5.472,me_gondorian,me_valar_worship,,wool,rural_settlement,churajon_culture
me_land_0673,Khurod,me_rhun_region,RH2,place,1.908,me_karmachi,me_melkorism,,wool,rural_settlement,somali_culture
me_land_0674,Bucklanddown,me_enedwaith_region,WILD,wilderness,0.013,me_dunlending,me_dunland_ways,,wheat,rural_settlement,
me_land_0675,Carrockden,me_anduin_vale_region,BEO,place,0.306,me_beorning,me_northern_ways,,wool,rural_settlement,
me_land_0676,Bar thoronath,me_lebennin_region,GON,place,5.472,me_gondorian,me_valar_worship,,livestock,rural_settlement,chumash_culture
me_land_0677,Calen thoronath,me_lindon_region,LIN,place,0.093,me_sindar,me_valar_worship,,livestock,rural_settlement,
me_land_0678,Celon thoronath,me_anorien_region,GON,place,5.472,me_gondorian,me_valar_worship,,wool,rural_settlement,chukchi_culture
me_land_0679,Skaiglob,me_mirkwood_region,DOL,place,1.939,me_mordor_orc,me_sauron_cult,,wild_game,rural_settlement,runga_culture
me_land_0680,Nim thoronath,me_north_arnor_region,WILD,wilderness,0.015,me_eriadoran,me_northern_ways,,wool,rural_settlement,
me_land_0681,Amon adardor,me_north_arnor_region,WILD,wilderness,0.015,me_eriadoran,me_northern_ways,,livestock,rural_settlement,
me_land_0682,Cedardown,me_enedwaith_region,WILD,wilderness,0.015,me_dunlending,me_dunland_ways,,wool,rural_settlement,
me_land_0683,Lodod,me_rhun_region,RH2,place,1.908,me_karmachi,me_melkorism,,clay,rural_settlement,solongo
me_land_0684,Uglglob,me_mordor_region,WILD,wilderness,0.013,me_mordor_orc,me_sauron_cult,,stone,rural_settlement,
me_land_0685,Dol adardor,me_brown_lands_region,WILD,wilderness,0.013,me_woodman,me_northern_ways,,wool,rural_settlement,
me_land_0686,Urukglob,me_mirkwood_region,DOL,place,2.08,me_mordor_orc,me_sauron_cult,,livestock,rural_settlement,pamlico_culture
me_land_0687,Drazar,me_far_harad_region,KHA,place,1.01,me_variag,me_melkorism,,wool,rural_settlement,
me_land_0688,Thistlebank,me_shire_breeland_region,WILD,wilderness,0.015,me_eriadoran,me_northern_ways,,fiber_crops,rural_settlement,
me_land_0689,Sharaglar,me_grey_mountains_region,ERE,place,1.435,me_longbeard,me_mahal_cult,,clay,rural_settlement,xauxa_culture
me_land_0690,Narod,me_rhun_region,RH3,place,4.951,me_sagath,me_melkorism,,livestock,rural_settlement,fulnio_culture
me_land_0691,Ashgrat,me_mordor_region,WILD,wilderness,0.013,me_mordor_orc,me_sauron_cult,,iron,rural_settlement,
me_land_0692,Azrara,me_umbar_region,UMB,place,1.679,me_umbarite,me_sauron_cult,,copper,rural_settlement,venetian
me_land_0693,Rhovod,me_rhun_region,RH3,place,4.951,me_sagath,me_melkorism,,livestock,rural_settlement,fulbe
me_land_0694,Northhaven,me_northern_wastes_region,WILD,wilderness,0.006,me_lossoth,me_lossoth_ways,,fur,rural_settlement,
me_land_0695,Azggrat,me_mordor_region,MOR,place,1.264,me_mordor_orc,me_sauron_cult,,iron,rural_settlement,
me_land_0696,Eithel adardor,me_north_arnor_region,WILD,wilderness,0.015,me_eriadoran,me_northern_ways,,clay,rural_settlement,
me_land_0697,Deepdown,me_mirkwood_region,WDM,place,1.141,me_woodman,me_northern_ways,,wool,rural_settlement,
me_land_0698,Sagod,me_rhun_region,RH3,place,4.951,me_sagath,me_melkorism,,wheat,rural_settlement,fulao_culture
me_land_0699,Blackgrat,me_anduin_vale_region,GOB,place,1.223,me_misty_orc,me_melkorism,,wheat,rural_settlement,
me_land_0700,Gharar,me_far_harad_region,KHA,place,1.01,me_variag,me_melkorism,,livestock,rural_settlement,
me_land_0701,Goldenden,me_anduin_vale_region,BEO,place,0.306,me_beorning,me_northern_ways,,wheat,rural_settlement,
me_land_0702,Emyn adardor,me_dale_region,WOO,place,0.648,me_silvan,me_valar_worship,,wool,rural_settlement,
me_land_0703,Sharod,me_rhun_region,RH3,place,4.951,me_sagath,me_melkorism,,wool,rural_settlement,fuglyad_culture
me_land_0704,Uldod,me_rhun_region,RHU,place,2.621,me_balchoth,me_sauron_cult,,horses,rural_settlement,masmuda
me_land_0705,Burzgrat,me_mordor_region,WILD,wilderness,0.013,me_mordor_orc,me_sauron_cult,,livestock,rural_settlement,
me_land_0706,Imlad adardor,me_north_arnor_region,WILD,wilderness,0.013,me_eriadoran,me_northern_ways,,wool,rural_settlement,
me_land_0707,Minas adardor,me_ithilien_region,WILD,wilderness,0.007,me_gondorian,me_valar_worship,,stone,rural_settlement,
me_land_0708,Ost adardor,me_belfalas_region,GON,place,5.472,me_gondorian,me_valar_worship,,wool,rural_settlement,chugash_culture
me_land_0709,Dushgrat,me_grey_mountains_region,GUN,place,5.13,me_northern_orc,me_melkorism,,wool,rural_settlement,dambro_culture
me_land_0710,Taur adardor,me_north_arnor_region,WILD,wilderness,0.015,me_eriadoran,me_northern_ways,,livestock,rural_settlement,
me_land_0711,Palehaven,me_northern_wastes_region,WILD,wilderness,0.006,me_lossoth,me_lossoth_ways,,fish,rural_settlement,
me_land_0712,Kandar,me_khand_region,KHA,place,1.01,me_variag,me_melkorism,,livestock,rural_settlement,
me_land_0713,Bar adardor,me_brown_lands_region,WILD,wilderness,0.015,me_woodman,me_northern_ways,,livestock,rural_settlement,
me_land_0714,Khazar,me_khand_region,KHA,place,1.01,me_variag,me_melkorism,,wool,rural_settlement,
me_land_0715,Ghashgrat,me_mordor_region,MOR,place,1.264,me_mordor_orc,me_sauron_cult,,livestock,rural_settlement,
me_land_0716,Wainod,me_rhun_region,RH2,place,1.908,me_karmachi,me_melkorism,,wheat,rural_settlement,smolenskian_culture
me_land_0717,Eastdown,me_enedwaith_region,WILD,wilderness,0.015,me_dunlending,me_dunland_ways,,wheat,rural_settlement,
me_land_0718,Longby,me_dale_region,DAL,place,2.848,me_dalish,me_northern_ways,,wool,rural_settlement,korku_culture
me_land_0719,Bahrara,me_far_harad_region,HFA,place,3.343,me_far_haradrim,me_southron_ways,,copper,rural_settlement,kawesqar_culture
me_land_0720,Calen adardor,me_ithilien_region,WILD,wilderness,0.016,me_gondorian,me_valar_worship,,wool,rural_settlement,
me_land_0721,Zorod,me_rhun_region,RHU,place,2.621,me_balchoth,me_sauron_cult,,wheat,rural_settlement,mascouten_culture
me_land_0722,Darara,me_umbar_region,UMB,place,1.679,me_umbarite,me_sauron_cult,,salt,rural_settlement,venda_culture
me_land_0723,Zigilaglar,me_grey_mountains_region,ERE,place,1.435,me_longbeard,me_mahal_cult,,wool,rural_settlement,xaracuu_culture
me_land_0724,Celon adardor,me_brown_lands_region,WILD,wilderness,0.015,me_woodman,me_northern_ways,,wheat,rural_settlement,
me_land_0725,Nim adardor,me_lindon_region,LIN,place,0.093,me_sindar,me_valar_worship,,wool,rural_settlement,
me_land_0726,Amon aeldor,me_ithilien_region,WILD,wilderness,0.007,me_gondorian,me_valar_worship,,iron,rural_settlement,
me_land_0727,Balor,me_rhun_region,RH2,place,1.432,me_karmachi,me_melkorism,,wool,rural_settlement,
me_land_0728,Greendown,me_anduin_vale_region,WILD,wilderness,0.015,me_woodman,me_northern_ways,,wool,rural_settlement,
me_land_0729,Boror,me_rhun_region,RHU,place,2.621,me_balchoth,me_sauron_cult,,horses,rural_settlement,masalit_culture
me_land_0730,Gathor,me_rhun_region,RHU,place,2.621,me_balchoth,me_sauron_cult,,wool,rural_settlement,marwari
me_land_0731,Gorgrat,me_mordor_region,WILD,wilderness,0.013,me_mordor_orc,me_sauron_cult,,stone,rural_settlement,
me_land_0732,Willowbank,me_shire_breeland_region,WILD,wilderness,0.015,me_eriadoran,me_northern_ways,,wheat,rural_settlement,
me_land_0733,Woldburna,me_rohan_region,ROH,place,2.489,me_rohirric,me_northern_ways,,wool,rural_settlement,mishmi_culture
me_land_0734,Dol aeldor,me_brown_lands_region,WILD,wilderness,0.008,me_woodman,me_northern_ways,,medicaments,rural_settlement,
me_land_0735,Northby,me_rhun_region,DOR,place,1.366,me_dorwinrim,me_northern_ways,,wool,rural_settlement,
me_land_0736,Sealhaven,me_northern_wastes_region,WILD,wilderness,0.006,me_lossoth,me_lossoth_ways,,wild_game,rural_settlement,
me_land_0737,Wellinghall,me_rohan_region,FAN,refuge,0.048,me_onodrim,me_eldest_ways,,wool,town,
me_land_0738,Alddenu,me_rohan_region,ROH,place,2.398,me_rohirric,me_northern_ways,,wool,rural_settlement,nyawaygi_culture
me_land_0739,Greydown,me_enedwaith_region,WILD,wilderness,0.013,me_dunlending,me_dunland_ways,,wool,rural_settlement,
me_land_0740,Ravenby,me_rhun_region,DOR,place,1.366,me_dorwinrim,me_northern_ways,,horses,rural_settlement,
me_land_0741,Grishgrat,me_mordor_region,WILD,wilderness,0.013,me_mordor_orc,me_sauron_cult,,livestock,rural_settlement,
me_land_0742,Khorar,me_khand_region,KHA,place,1.01,me_variag,me_melkorism,,wool,rural_settlement,
me_land_0743,Farara,me_near_harad_region,HRA,place,4.546,me_near_haradrim,me_southron_ways,,salt,rural_settlement,gurage
me_land_0744,Beordenu,me_rohan_region,ROH,place,0.703,me_rohirric,me_northern_ways,,horses,rural_settlement,
me_land_0745,Ruzar,me_far_harad_region,KHA,place,1.01,me_variag,me_melkorism,,salt,rural_settlement,
me_land_0746,Krimpgrat,me_mordor_region,WILD,wilderness,0.013,me_mordor_orc,me_sauron_cult,,livestock,rural_settlement,
me_land_0747,Bregodenu,me_rohan_region,ROH,place,2.489,me_rohirric,me_northern_ways,,clay,rural_settlement,mishar
me_land_0748,Hadrara,me_near_harad_region,HNE,place,2.034,me_near_haradrim,me_southron_ways,,copper,rural_settlement,quimbaya_culture
me_land_0749,Longdown,me_enedwaith_region,WILD,wilderness,0.013,me_dunlending,me_dunland_ways,,livestock,rural_settlement,
me_land_0750,Eithel aeldor,me_belfalas_region,GON,place,5.472,me_gondorian,me_valar_worship,,wheat,rural_settlement,chu_culture
me_land_0751,Karmor,me_rhun_region,RH2,place,1.432,me_karmachi,me_melkorism,,wheat,rural_settlement,
me_land_0752,Emyn aeldor,me_ithilien_region,WILD,wilderness,0.016,me_gondorian,me_valar_worship,,wheat,rural_settlement,
me_land_0753,Khuror,me_rhun_region,RH2,place,1.432,me_karmachi,me_melkorism,,horses,rural_settlement,
me_land_0754,Kharara,me_near_harad_region,HNE,place,2.034,me_near_haradrim,me_southron_ways,,copper,rural_settlement,quechan_culture
me_land_0755,Ceorldenu,me_rohan_region,ROH,place,2.398,me_rohirric,me_northern_ways,,horses,rural_settlement,nyangumarda_culture
me_land_0756,Lodor,me_rhun_region,RHU,place,2.621,me_balchoth,me_sauron_cult,,horses,rural_settlement,martuthunira_culture
me_land_0757,Naror,me_rhun_region,RH2,place,1.432,me_karmachi,me_melkorism,,horses,rural_settlement,
me_land_0758,Rhovor,me_rhun_region,RHU,place,2.621,me_balchoth,me_sauron_cult,,wheat,rural_settlement,marrithiyel_culture
me_land_0759,Snowhaven,me_forochel_region,LOS,place,0.215,me_lossoth,me_lossoth_ways,,fish,rural_settlement,
me_land_0760,Imlad aeldor,me_lebennin_region,GON,place,5.472,me_gondorian,me_valar_worship,,wool,rural_settlement,chorti_culture
me_land_0761,Sagor,me_rhun_region,RHU,place,2.621,me_balchoth,me_sauron_cult,,livestock,rural_settlement,marovo_culture
me_land_0762,Minas aeldor,me_lindon_region,LIN,place,0.126,me_sindar,me_valar_worship,,clay,rural_settlement,
me_land_0763,Sharor,me_rhun_region,RH3,place,4.951,me_sagath,me_melkorism,,wool,rural_settlement,friulian
me_land_0764,Azanbizar,me_lindon_region,BLU,place,0.351,me_firebeard_broadbeam,me_mahal_cult,,clay,rural_settlement,
me_land_0765,Northdown,me_anduin_vale_region,WILD,wilderness,0.015,me_woodman,me_northern_ways,,wool,rural_settlement,
me_land_0766,Oakdown,me_enedwaith_region,WILD,wilderness,0.015,me_dunlending,me_dunland_ways,,livestock,rural_settlement,
me_land_0767,Uldor,me_rhun_region,RH2,place,1.432,me_karmachi,me_melkorism,,wheat,rural_settlement,
me_land_0768,Starhaven,me_northern_wastes_region,WILD,wilderness,0.006,me_lossoth,me_lossoth_ways,,wild_game,rural_settlement,
me_land_0769,Southdown,me_enedwaith_region,DUN,place,5.732,me_dunlending,me_dunland_ways,,wheat,rural_settlement,bakele
me_land_0770,Mahrara,me_far_harad_region,HNE,place,2.034,me_near_haradrim,me_southron_ways,,salt,rural_settlement,quasmigdo_culture
me_land_0771,Luggrat,me_north_arnor_region,ANG,place,1.484,me_northern_orc,me_melkorism,,livestock,rural_settlement,wiyimpihtikka_culture
me_land_0772,Ost aeldor,me_brown_lands_region,WILD,wilderness,0.011,me_woodman,me_northern_ways,,wheat,rural_settlement,
me_land_0773,Honeyden,me_mirkwood_region,BEO,place,0.306,me_beorning,me_northern_ways,,clay,rural_settlement,
me_land_0774,Stonedown,me_enedwaith_region,WILD,wilderness,0.013,me_dunlending,me_dunland_ways,,clay,rural_settlement,
me_land_0775,Taur aeldor,me_brown_lands_region,WILD,wilderness,0.008,me_woodman,me_northern_ways,,clay,rural_settlement,
me_land_0776,Wainor,me_rhun_region,RHU,place,2.621,me_balchoth,me_sauron_cult,,wool,rural_settlement,marlew_culture
me_land_0777,Déordenu,me_rohan_region,ROH,place,2.398,me_rohirric,me_northern_ways,,wheat,rural_settlement,nyamwezi_culture
me_land_0778,Bar aeldor,me_mirkwood_region,WOO,place,0.578,me_silvan,me_valar_worship,,wild_game,rural_settlement,
me_land_0779,Calen aeldor,me_ithilien_region,WILD,wilderness,0.016,me_gondorian,me_valar_worship,,wool,rural_settlement,
me_land_0780,Ghân's Glade,me_anorien_region,DRU,refuge,3.995,me_druedain,me_druedain_ways,,wheat,town,hemba
me_land_0781,Firbark,me_anduin_vale_region,FAN,place,0.012,me_onodrim,me_eldest_ways,,wool,rural_settlement,
me_land_0782,Zoror,me_rhun_region,RHU,place,2.621,me_balchoth,me_sauron_cult,,wheat,rural_settlement,markish
me_land_0783,Eorldenu,me_rohan_region,ROH,place,2.398,me_rohirric,me_northern_ways,,clay,rural_settlement,nyamal_culture
me_land_0784,Mauhgrat,me_mordor_region,MOR,place,1.264,me_mordor_orc,me_sauron_cult,,iron,rural_settlement,
me_land_0785,Celon aeldor,me_ithilien_region,WILD,wilderness,0.007,me_gondorian,me_valar_worship,,stone,rural_settlement,
me_land_0786,Narara,me_umbar_region,UMB,place,1.679,me_umbarite,me_sauron_cult,,wool,rural_settlement,vedda
me_land_0787,Muzggrat,me_rohan_region,ISE,place,0.33,me_isengard_uruk,me_sauron_cult,,wool,rural_settlement,
me_land_0788,Nim aeldor,me_belfalas_region,GON,place,3.777,me_gondorian,me_valar_worship,,fish,rural_settlement,jaitmatang_culture
me_land_0789,Whitehaven,me_northern_wastes_region,WILD,wilderness,0.006,me_lossoth,me_lossoth_ways,,fur,rural_settlement,
me_land_0790,Amon annondor,me_brown_lands_region,WILD,wilderness,0.011,me_woodman,me_northern_ways,,wool,rural_settlement,
me_land_0791,Dol annondor,me_belfalas_region,DAM,place,2.468,me_dol_amrothian,me_valar_worship,,wheat,rural_settlement,mustaarabi
me_land_0792,Qasara,me_umbar_region,UMB,place,1.679,me_umbarite,me_sauron_cult,,fish,rural_settlement,vazimba_culture
me_land_0793,Applebottom,me_shire_breeland_region,SHI,place,2.868,me_shire_hobbit,me_northern_ways,,fiber_crops,rural_settlement,kokowarra_culture
me_land_0794,Eithel annondor,me_north_arnor_region,WILD,wilderness,0.015,me_eriadoran,me_northern_ways,,livestock,rural_settlement,
me_land_0795,Emyn annondor,me_north_arnor_region,RAN,place,0.168,me_arnor_dunedain,me_valar_worship,,livestock,rural_settlement,
me_land_0796,Nazggrat,me_mordor_region,WILD,wilderness,0.013,me_mordor_orc,me_sauron_cult,,wheat,rural_settlement,
me_land_0797,Balun,me_rhun_region,RH2,place,1.432,me_karmachi,me_melkorism,,horses,rural_settlement,
me_land_0798,Winterhaven,me_forochel_region,LOS,place,0.031,me_lossoth,me_lossoth_ways,,fur,rural_settlement,
me_land_0799,Rakhara,me_far_harad_region,HFA,place,3.343,me_far_haradrim,me_southron_ways,,copper,rural_settlement,kaweinag_culture
me_land_0800,Borun,me_rhun_region,RH2,place,1.432,me_karmachi,me_melkorism,,fish,rural_settlement,
me_land_0801,Skaigrat,me_mordor_region,MOR,place,1.264,me_mordor_orc,me_sauron_cult,,wheat,rural_settlement,
me_land_0802,Barazbizar,me_rhun_region,IRO,place,0.446,me_longbeard,me_mahal_cult,,wool,rural_settlement,
me_land_0803,Gathun,me_rhun_region,RH2,place,1.432,me_karmachi,me_melkorism,,wool,rural_settlement,
me_land_0804,Coldmere,me_northern_wastes_region,WILD,wilderness,0.013,me_lossoth,me_lossoth_ways,,wheat,rural_settlement,
me_land_0805,Skarnar,me_khand_region,KHA,place,1.01,me_variag,me_melkorism,,livestock,rural_settlement,
me_land_0806,Sahrara,me_umbar_region,UMB,place,1.006,me_umbarite,me_sauron_cult,,salt,rural_settlement,
me_land_0807,Westdown,me_anduin_vale_region,WILD,wilderness,0.015,me_woodman,me_northern_ways,,livestock,rural_settlement,
me_land_0808,Imlad annondor,me_brown_lands_region,WILD,wilderness,0.013,me_woodman,me_northern_ways,,wool,rural_settlement,
me_land_0809,Alderfield,me_enedwaith_region,WILD,wilderness,0.016,me_dunlending,me_dunland_ways,,clay,rural_settlement,
me_land_0810,Karmun,me_rhun_region,RH2,place,1.432,me_karmachi,me_melkorism,,wheat,rural_settlement,
me_land_0811,Khurun,me_rhun_region,RHU,place,2.621,me_balchoth,me_sauron_cult,,wheat,rural_settlement,marind_culture
me_land_0812,Bizarbizar,me_lindon_region,BLU,place,0.258,me_firebeard_broadbeam,me_mahal_cult,,clay,rural_settlement,
me_land_0813,Lodun,me_rhun_region,RHU,place,2.621,me_balchoth,me_sauron_cult,,horses,rural_settlement,mari_culture
me_land_0814,Minas annondor,me_brown_lands_region,WILD,wilderness,0.011,me_woodman,me_northern_ways,,livestock,rural_settlement,
me_land_0815,Driftmere,me_northern_wastes_region,WILD,wilderness,0.006,me_lossoth,me_lossoth_ways,,wild_game,rural_settlement,
me_land_0816,Uglgrat,me_mordor_region,MOR,place,5.742,me_mordor_orc,me_sauron_cult,,stone,rural_settlement,baganda_culture
me_land_0817,Ashfield,me_enedwaith_region,WILD,wilderness,0.016,me_dunlending,me_dunland_ways,,wool,rural_settlement,
me_land_0818,Ost annondor,me_brown_lands_region,WILD,wilderness,0.015,me_woodman,me_northern_ways,,clay,rural_settlement,
me_land_0819,Taur annondor,me_lindon_region,LIN,place,0.093,me_sindar,me_valar_worship,,wool,rural_settlement,
me_land_0820,Frostmere,me_forochel_region,LOS,place,0.031,me_lossoth,me_lossoth_ways,,fur,rural_settlement,
me_land_0821,Bar annondor,me_lebennin_region,GON,place,5.472,me_gondorian,me_valar_worship,,clay,rural_settlement,chorotega_culture
me_land_0822,Calen annondor,me_north_arnor_region,RAN,place,0.168,me_arnor_dunedain,me_valar_worship,,clay,rural_settlement,
me_land_0823,Narun,me_rhun_region,RH2,place,1.908,me_karmachi,me_melkorism,,clay,rural_settlement,slovene
me_land_0824,Tazara,me_umbar_region,UMB,place,1.006,me_umbarite,me_sauron_cult,,wool,rural_settlement,
me_land_0825,Celon annondor,me_ithilien_region,WILD,wilderness,0.007,me_gondorian,me_valar_worship,,salt,rural_settlement,
me_land_0826,Barrowfield,me_enedwaith_region,WILD,wilderness,0.013,me_dunlending,me_dunland_ways,,clay,rural_settlement,
me_land_0827,Bramblebottom,me_shire_breeland_region,SHI,place,2.868,me_shire_hobbit,me_northern_ways,,wheat,rural_settlement,kokomini_culture
me_land_0828,Targar,me_far_harad_region,KHA,place,1.01,me_variag,me_melkorism,,livestock,rural_settlement,
me_land_0829,Urukgrat,me_angmar_region,WILD,wilderness,0.006,me_northern_orc,me_melkorism,,fish,rural_settlement,
me_land_0830,Folcdenu,me_rohan_region,ROH,place,2.398,me_rohirric,me_northern_ways,,horses,rural_settlement,nuxalc_culture
me_land_0831,Beaconfield,me_mirkwood_region,WILD,wilderness,0.013,me_woodman,me_northern_ways,,wool,rural_settlement,
me_land_0832,Varkar,me_khand_region,KHA,place,1.01,me_variag,me_melkorism,,copper,rural_settlement,
me_land_0833,Nim annondor,me_lebennin_region,GON,place,5.472,me_gondorian,me_valar_worship,,wool,rural_settlement,chontal_culture
me_land_0834,Amon beldor,me_north_arnor_region,WILD,wilderness,0.015,me_eriadoran,me_northern_ways,,wheat,rural_settlement,
me_land_0835,Rhovun,me_rhun_region,RH2,place,1.908,me_karmachi,me_melkorism,,wool,rural_settlement,slovak
me_land_0836,Zandar,me_khand_region,KHA,place,1.01,me_variag,me_melkorism,,wool,rural_settlement,
me_land_0837,Blackfield,me_enedwaith_region,WILD,wilderness,0.013,me_dunlending,me_dunland_ways,,livestock,rural_settlement,
me_land_0838,Ashkrak,me_north_arnor_region,ANG,place,1.084,me_northern_orc,me_melkorism,,livestock,rural_settlement,
me_land_0839,Icemere,me_forochel_region,LOS,place,0.031,me_lossoth,me_lossoth_ways,,wild_game,rural_settlement,
me_land_0840,Bramblefield,me_mirkwood_region,WILD,wilderness,0.013,me_woodman,me_northern_ways,,clay,rural_settlement,
me_land_0841,Leafbark,me_anduin_vale_region,FAN,place,0.012,me_onodrim,me_eldest_ways,,wild_game,rural_settlement,
me_land_0842,Dol beldor,me_belfalas_region,DAM,place,0.724,me_dol_amrothian,me_valar_worship,,salt,rural_settlement,
me_land_0843,Bucklandfield,me_enedwaith_region,WILD,wilderness,0.013,me_dunlending,me_dunland_ways,,clay,rural_settlement,
me_land_0844,Azgkrak,me_mordor_region,WILD,wilderness,0.007,me_mordor_orc,me_sauron_cult,,iron,rural_settlement,
me_land_0845,Umrara,me_near_harad_region,HNE,place,2.034,me_near_haradrim,me_southron_ways,,copper,rural_settlement,quapaw_culture
me_land_0846,Arzash,me_khand_region,KHA,place,1.01,me_variag,me_melkorism,,salt,rural_settlement,
me_land_0847,Eithel beldor,me_north_arnor_region,WILD,wilderness,0.015,me_eriadoran,me_northern_ways,,wool,rural_settlement,
me_land_0848,Sagun,me_rhun_region,RH2,place,1.908,me_karmachi,me_melkorism,,clay,rural_settlement,sklallam_culture
me_land_0849,Brownbottom,me_shire_breeland_region,SHI,place,2.868,me_shire_hobbit,me_northern_ways,,wheat,rural_settlement,koiali_culture
me_land_0850,Sharun,me_rhun_region,RH2,place,1.432,me_karmachi,me_melkorism,,horses,rural_settlement,
me_land_0851,Emyn beldor,me_anduin_vale_region,LOR,place,1.225,me_galadhrim,me_valar_worship,,livestock,rural_settlement,
me_land_0852,Bundbizar,me_grey_mountains_region,ERE,place,1.435,me_longbeard,me_mahal_cult,,livestock,rural_settlement,xam_culture
me_land_0853,Uldun,me_rhun_region,RHU,place,2.621,me_balchoth,me_sauron_cult,,wool,rural_settlement,marathi_culture
me_land_0854,Imlad beldor,me_anorien_region,GON,place,5.472,me_gondorian,me_valar_worship,,wool,rural_settlement,chono_culture
me_land_0855,Zarara,me_umbar_region,UMB,place,1.679,me_umbarite,me_sauron_cult,,copper,rural_settlement,vargagaits_culture
me_land_0856,Minas beldor,me_anduin_vale_region,LOR,place,1.301,me_galadhrim,me_valar_worship,,livestock,rural_settlement,
me_land_0857,Blackkrak,me_mordor_region,MOR,place,1.264,me_mordor_orc,me_sauron_cult,,stone,rural_settlement,
me_land_0858,Wainun,me_rhun_region,RH2,place,1.432,me_karmachi,me_melkorism,,horses,rural_settlement,
me_land_0859,Zorun,me_rhun_region,RH2,place,1.432,me_karmachi,me_melkorism,,horses,rural_settlement,
me_land_0860,Ost beldor,me_north_arnor_region,WILD,wilderness,0.015,me_eriadoran,me_northern_ways,,wool,rural_settlement,
me_land_0861,Burzkrak,me_mordor_region,WILD,wilderness,0.013,me_mordor_orc,me_sauron_cult,,livestock,rural_settlement,
me_land_0862,Taur beldor,me_brown_lands_region,WILD,wilderness,0.015,me_woodman,me_northern_ways,,clay,rural_settlement,
me_land_0863,Bar beldor,me_belfalas_region,GON,place,5.472,me_gondorian,me_valar_worship,,clay,rural_settlement,cholon_culture
me_land_0864,Dumbizar,me_lindon_region,BLU,place,0.258,me_firebeard_broadbeam,me_mahal_cult,,wool,rural_settlement,
me_land_0865,Cedarfield,me_enedwaith_region,WILD,wilderness,0.013,me_dunlending,me_dunland_ways,,clay,rural_settlement,
me_land_0866,Balur,me_rhun_region,RH2,place,1.432,me_karmachi,me_melkorism,,wheat,rural_settlement,
me_land_0867,Edhellond,me_belfalas_region,DAM,ruin,0,me_dol_amrothian,me_valar_worship,,wheat,rural_settlement,
me_land_0868,Deepfield,me_anduin_vale_region,WILD,wilderness,0.015,me_woodman,me_northern_ways,,clay,rural_settlement,
me_land_0869,Felekbizar,me_rhun_region,IRO,place,0.446,me_longbeard,me_mahal_cult,,livestock,rural_settlement,
me_land_0870,Dushkrak,me_enedwaith_region,MOA,place,2.376,me_misty_orc,me_melkorism,,wheat,rural_settlement,ormur_culture
me_land_0871,Borur,me_rhun_region,RH3,place,4.951,me_sagath,me_melkorism,,wool,rural_settlement,frisian
me_land_0872,Ghashkrak,me_mordor_region,MOR,place,5.742,me_mordor_orc,me_sauron_cult,,iron,rural_settlement,baga_culture
me_land_0873,Azrasir,me_umbar_region,UMB,place,1.679,me_umbarite,me_sauron_cult,,copper,rural_settlement,vangunu_culture
me_land_0874,Gorkrak,me_mordor_region,MOR,place,2.209,me_mordor_orc,me_sauron_cult,,wheat,rural_settlement,ouhai_culture
me_land_0875,Balkash,me_far_harad_region,KHA,place,1.01,me_variag,me_melkorism,,wool,rural_settlement,
me_land_0876,Bahrasir,me_near_harad_region,HRA,place,4.546,me_near_haradrim,me_southron_ways,,salt,rural_settlement,gunwinggu_culture
me_land_0877,Grishkrak,me_mordor_region,MOR,place,1.264,me_mordor_orc,me_sauron_cult,,wheat,rural_settlement,
me_land_0878,Framdenu,me_rohan_region,ROH,place,2.398,me_rohirric,me_northern_ways,,wool,rural_settlement,nuwuvu_culture
me_land_0879,Krimpkrak,me_mordor_region,MOR,place,1.264,me_mordor_orc,me_sauron_cult,,wheat,rural_settlement,
me_land_0880,Eastfield,me_anduin_vale_region,WILD,wilderness,0.015,me_woodman,me_northern_ways,,livestock,rural_settlement,
me_land_0881,Calen beldor,me_brown_lands_region,WILD,wilderness,0.015,me_woodman,me_northern_ways,,clay,rural_settlement,
me_land_0882,Greenfield,me_shire_breeland_region,BRE,place,0.49,me_eriadoran,me_northern_ways,,fiber_crops,rural_settlement,
me_land_0883,Oakden,me_anduin_vale_region,BEO,place,0.306,me_beorning,me_northern_ways,,wool,rural_settlement,
me_land_0884,Darasir,me_near_harad_region,HNE,place,2.034,me_near_haradrim,me_southron_ways,,salt,rural_settlement,quandamooka_culture
me_land_0885,Celon beldor,me_brown_lands_region,WILD,wilderness,0.016,me_woodman,me_northern_ways,,wool,rural_settlement,
me_land_0886,Oakbark,me_rohan_region,FAN,place,0.009,me_onodrim,me_eldest_ways,,wool,rural_settlement,
me_land_0887,Nim beldor,me_ithilien_region,WILD,wilderness,0.007,me_gondorian,me_valar_worship,,stone,rural_settlement,
me_land_0888,Greyfield,me_mirkwood_region,WILD,wilderness,0.013,me_woodman,me_northern_ways,,clay,rural_settlement,
me_land_0889,Gamilbizar,me_grey_mountains_region,ERE,place,1.435,me_longbeard,me_mahal_cult,,livestock,rural_settlement,xalychidom_culture
me_land_0890,Northmere,me_forochel_region,LOS,place,0.215,me_lossoth,me_lossoth_ways,,wild_game,rural_settlement,
me_land_0891,Lugkrak,me_grey_mountains_region,GUN,place,5.13,me_northern_orc,me_melkorism,,clay,rural_settlement,damara_culture
me_land_0892,Mauhkrak,me_mordor_region,MOR,place,5.742,me_mordor_orc,me_sauron_cult,,stone,rural_settlement,badtjala_culture
me_land_0893,Longfield,me_enedwaith_region,WILD,wilderness,0.015,me_dunlending,me_dunland_ways,,wheat,rural_settlement,
me_land_0894,Sarn Ford,me_shire_breeland_region,WILD,landmark,0.064,me_eriadoran,me_northern_ways,,fiber_crops,rural_settlement,
me_land_0895,Grimdenu,me_rohan_region,ROH,place,2.398,me_rohirric,me_northern_ways,,livestock,rural_settlement,nuwuvi_culture
me_land_0896,Muzgkrak,me_north_arnor_region,ANG,place,1.484,me_northern_orc,me_melkorism,,wool,rural_settlement,wirangu_culture
me_land_0897,Amon borndor,me_brown_lands_region,WILD,wilderness,0.011,me_woodman,me_northern_ways,,horses,rural_settlement,
me_land_0898,Palemere,me_northern_wastes_region,WILD,wilderness,0.013,me_lossoth,me_lossoth_ways,,wool,rural_settlement,
me_land_0899,Nazgkrak,me_anduin_vale_region,MOA,place,2.376,me_misty_orc,me_melkorism,,wool,rural_settlement,orissan
me_land_0900,Gathur,me_rhun_region,RHU,place,2.621,me_balchoth,me_sauron_cult,,horses,rural_settlement,marajo_culture
me_land_0901,Dol borndor,me_belfalas_region,GON,place,5.472,me_gondorian,me_valar_worship,,livestock,rural_settlement,chol_culture
me_land_0902,Skaikrak,me_mordor_region,MOR,place,1.264,me_mordor_orc,me_sauron_cult,,iron,rural_settlement,
me_land_0903,Eithel borndor,me_north_arnor_region,RAN,place,0.168,me_arnor_dunedain,me_valar_worship,,wool,rural_settlement,
me_land_0904,Withered Heath,me_northern_wastes_region,WILD,ruin,0,me_lossoth,me_lossoth_ways,,fish,rural_settlement,
me_land_0905,Emyn borndor,me_north_arnor_region,WILD,wilderness,0.015,me_eriadoran,me_northern_ways,,wool,rural_settlement,
me_land_0906,Northfield,me_enedwaith_region,DUN,place,4.105,me_dunlending,me_dunland_ways,,livestock,rural_settlement,hawu_culture
me_land_0907,Imlad borndor,me_belfalas_region,DAM,place,2.468,me_dol_amrothian,me_valar_worship,,fish,rural_settlement,mussau_culture
me_land_0908,Minas borndor,me_ithilien_region,WILD,wilderness,0.015,me_gondorian,me_valar_worship,,livestock,rural_settlement,
me_land_0909,Ost borndor,me_lebennin_region,GON,place,1.6,me_gondorian,me_valar_worship,,salt,rural_settlement,watatikka_culture
me_land_0910,Karmur,me_rhun_region,RHU,place,2.621,me_balchoth,me_sauron_cult,,livestock,rural_settlement,mara_culture
me_land_0911,Taur borndor,me_south_gondor_region,GON,place,0.855,me_gondorian,me_valar_worship,,livestock,rural_settlement,
me_land_0912,Butterbottom,me_shire_breeland_region,SHI,place,2.868,me_shire_hobbit,me_northern_ways,,wool,rural_settlement,kohistani
me_land_0913,Uglkrak,me_mordor_region,WILD,wilderness,0.013,me_mordor_orc,me_sauron_cult,,wheat,rural_settlement,
me_land_0914,Bar borndor,me_belfalas_region,DAM,place,2.468,me_dol_amrothian,me_valar_worship,,livestock,rural_settlement,mushikongo
me_land_0915,Oakfield,me_shire_breeland_region,BRE,place,0.49,me_eriadoran,me_northern_ways,,wheat,rural_settlement,
me_land_0916,Urukkrak,me_mordor_region,WILD,wilderness,0.007,me_mordor_orc,me_sauron_cult,,livestock,rural_settlement,
me_land_0917,Sealmere,me_northern_wastes_region,WILD,wilderness,0.013,me_lossoth,me_lossoth_ways,,clay,rural_settlement,
me_land_0918,Southfield,me_enedwaith_region,WILD,wilderness,0.013,me_dunlending,me_dunland_ways,,clay,rural_settlement,
me_land_0919,Calen borndor,me_lindon_region,LIN,place,0.093,me_sindar,me_valar_worship,,wheat,rural_settlement,
me_land_0920,Stonefield,me_mirkwood_region,WILD,wilderness,0.013,me_woodman,me_northern_ways,,clay,rural_settlement,
me_land_0921,Farasir,me_umbar_region,UMB,place,1.679,me_umbarite,me_sauron_cult,,wool,rural_settlement,valpei_culture
me_land_0922,Hadrasir,me_umbar_region,UMB,place,1.679,me_umbarite,me_sauron_cult,,wool,rural_settlement,vaghua_culture
me_land_0923,Helmdenu,me_rohan_region,ROH,place,2.398,me_rohirric,me_northern_ways,,wool,rural_settlement,nuuchi_culture
me_land_0924,Westfield,me_enedwaith_region,WILD,wilderness,0.013,me_dunlending,me_dunland_ways,,clay,rural_settlement,
me_land_0925,Celon borndor,me_north_arnor_region,WILD,wilderness,0.013,me_eriadoran,me_northern_ways,,livestock,rural_settlement,
me_land_0926,Nim borndor,me_ithilien_region,WILD,wilderness,0.015,me_gondorian,me_valar_worship,,wheat,rural_settlement,
me_land_0927,Herudenu,me_rohan_region,ROH,place,2.398,me_rohirric,me_northern_ways,,wool,rural_settlement,nutabe_culture
me_land_0928,Amon carandor,me_ithilien_region,WILD,wilderness,0.007,me_gondorian,me_valar_worship,,stone,rural_settlement,
me_land_0929,Ashlug,me_mordor_region,WILD,wilderness,0.013,me_mordor_orc,me_sauron_cult,,wheat,rural_settlement,
me_land_0930,Alderford,me_anduin_vale_region,WILD,wilderness,0.015,me_woodman,me_northern_ways,,wool,rural_settlement,
me_land_0931,Redby,me_rhun_region,DOR,place,1.366,me_dorwinrim,me_northern_ways,,wheat,rural_settlement,
me_land_0932,Azglug,me_mordor_region,MOR,place,1.264,me_mordor_orc,me_sauron_cult,,wheat,rural_settlement,
me_land_0933,Léoddenu,me_rohan_region,ROH,place,2.398,me_rohirric,me_northern_ways,,horses,rural_settlement,nushag_culture
me_land_0934,Ashford,me_anduin_vale_region,WILD,wilderness,0.015,me_woodman,me_northern_ways,,livestock,rural_settlement,
me_land_0935,Dol carandor,me_brown_lands_region,WILD,wilderness,0.011,me_woodman,me_northern_ways,,horses,rural_settlement,
me_land_0936,Eithel carandor,me_south_gondor_region,GON,place,0.855,me_gondorian,me_valar_worship,,wool,rural_settlement,
me_land_0937,Blacklug,me_mordor_region,WILD,wilderness,0.013,me_mordor_orc,me_sauron_cult,,iron,rural_settlement,
me_land_0938,Lithlad,me_ithilien_region,WILD,landmark,0.014,me_gondorian,me_valar_worship,,iron,rural_settlement,
me_land_0939,Emyn carandor,me_belfalas_region,GON,place,5.472,me_gondorian,me_valar_worship,,livestock,rural_settlement,chokwe
me_land_0940,Riddenu,me_rohan_region,ROH,place,2.398,me_rohirric,me_northern_ways,,wool,rural_settlement,nuristani_culture
me_land_0941,Imlad carandor,me_brown_lands_region,WILD,wilderness,0.011,me_woodman,me_northern_ways,,wheat,rural_settlement,
me_land_0942,Minas carandor,me_mirkwood_region,WOO,place,0.648,me_silvan,me_valar_worship,,wild_game,rural_settlement,
me_land_0943,Burzlug,me_mordor_region,MOR,place,1.264,me_mordor_orc,me_sauron_cult,,wheat,rural_settlement,
me_land_0944,Gatholbizar,me_lindon_region,BLU,place,0.351,me_firebeard_broadbeam,me_mahal_cult,,clay,rural_settlement,
me_land_0945,Westby,me_rhun_region,DOR,place,1.82,me_dorwinrim,me_northern_ways,,wool,rural_settlement,tallan_culture
me_land_0946,Barrowford,me_mirkwood_region,WDM,place,2.103,me_woodman,me_northern_ways,,wheat,rural_settlement,palouse_culture
me_land_0947,Drazash,me_far_harad_region,KHA,place,1.01,me_variag,me_melkorism,,copper,rural_settlement,
me_land_0948,Gharash,me_khand_region,KHA,place,1.01,me_variag,me_melkorism,,copper,rural_settlement,
me_land_0949,Cloverbottom,me_shire_breeland_region,SHI,place,2.868,me_shire_hobbit,me_northern_ways,,fiber_crops,rural_settlement,kofan_culture
me_land_0950,Ost carandor,me_brown_lands_region,WILD,wilderness,0.013,me_woodman,me_northern_ways,,wool,rural_settlement,
me_land_0951,Beaconford,me_enedwaith_region,WILD,wilderness,0.013,me_dunlending,me_dunland_ways,,wool,rural_settlement,
me_land_0952,Taur carandor,me_brown_lands_region,WILD,wilderness,0.011,me_woodman,me_northern_ways,,wool,rural_settlement,
me_land_0953,Bar carandor,me_north_arnor_region,WILD,wilderness,0.013,me_eriadoran,me_northern_ways,,wheat,rural_settlement,
me_land_0954,Amberfell,me_dale_region,DAL,place,2.848,me_dalish,me_northern_ways,,wool,rural_settlement,korean_culture
me_land_0955,Calen carandor,me_brown_lands_region,WILD,wilderness,0.011,me_woodman,me_northern_ways,,horses,rural_settlement,
me_land_0956,Dushlug,me_anduin_vale_region,GOB,place,1.298,me_misty_orc,me_melkorism,,wool,rural_settlement,
me_land_0957,Khurur,me_rhun_region,RH2,place,1.432,me_karmachi,me_melkorism,,livestock,rural_settlement,
me_land_0958,Ghashlug,me_angmar_region,WILD,wilderness,0.006,me_northern_orc,me_melkorism,,fur,rural_settlement,
me_land_0959,Snowmere,me_northern_wastes_region,WILD,wilderness,0.013,me_lossoth,me_lossoth_ways,,clay,rural_settlement,
me_land_0960,Lodur,me_rhun_region,RHU,place,2.621,me_balchoth,me_sauron_cult,,horses,rural_settlement,mapuche_culture
me_land_0961,Narur,me_rhun_region,RH2,place,1.432,me_karmachi,me_melkorism,,horses,rural_settlement,
me_land_0962,Blackford,me_enedwaith_region,WILD,wilderness,0.013,me_dunlending,me_dunland_ways,,clay,rural_settlement,
me_land_0963,Brambleford,me_anduin_vale_region,WILD,wilderness,0.015,me_woodman,me_northern_ways,,clay,rural_settlement,
me_land_0964,Rhovur,me_rhun_region,RH2,place,1.908,me_karmachi,me_melkorism,,wheat,rural_settlement,skiri_culture
me_land_0965,Celon carandor,me_brown_lands_region,WILD,wilderness,0.011,me_woodman,me_northern_ways,,livestock,rural_settlement,
me_land_0966,Rowanbark,me_anduin_vale_region,FAN,place,0.012,me_onodrim,me_eldest_ways,,medicaments,rural_settlement,
me_land_0967,Bucklandford,me_enedwaith_region,WILD,wilderness,0.013,me_dunlending,me_dunland_ways,,clay,rural_settlement,
me_land_0968,Kharasir,me_far_harad_region,HFA,place,3.343,me_far_haradrim,me_southron_ways,,wool,rural_settlement,kawaiwete_culture
me_land_0969,Sagur,me_rhun_region,RH2,place,1.908,me_karmachi,me_melkorism,,livestock,rural_settlement,skarureh_culture
me_land_0970,Dimplebottom,me_shire_breeland_region,SHI,place,2.868,me_shire_hobbit,me_northern_ways,,wool,rural_settlement,kodaga
me_land_0971,Cedarford,me_mirkwood_region,WILD,wilderness,0.013,me_woodman,me_northern_ways,,wool,rural_settlement,
me_land_0972,Nim carandor,me_anorien_region,GON,place,5.472,me_gondorian,me_valar_worship,,livestock,rural_settlement,choctaw_culture
me_land_0973,Mahrasir,me_umbar_region,UMB,place,1.679,me_umbarite,me_sauron_cult,,fish,rural_settlement,vadul_culture
me_land_0974,Amon duindor,me_north_arnor_region,WILD,wilderness,0.015,me_eriadoran,me_northern_ways,,wheat,rural_settlement,
me_land_0975,Bardfell,me_dale_region,DAL,place,1.967,me_dalish,me_northern_ways,,wheat,rural_settlement,ripuarian_franconian
me_land_0976,Dol duindor,me_brown_lands_region,WILD,wilderness,0.012,me_woodman,me_northern_ways,,horses,rural_settlement,
me_land_0977,Kandash,me_khand_region,KHA,place,1.01,me_variag,me_melkorism,,copper,rural_settlement,
me_land_0978,Thengeldenu,me_rohan_region,ROH,place,1.719,me_rohirric,me_northern_ways,,wool,rural_settlement,teke
me_land_0979,Eithel duindor,me_north_arnor_region,RIV,place,0.068,me_noldor,me_valar_worship,,livestock,rural_settlement,
me_land_0980,Fernbottom,me_shire_breeland_region,SHI,place,2.868,me_shire_hobbit,me_northern_ways,,wheat,rural_settlement,kochini
me_land_0981,Emyn duindor,me_ithilien_region,WILD,wilderness,0.015,me_gondorian,me_valar_worship,,wheat,rural_settlement,
me_land_0982,Wolddenu,me_rohan_region,ROH,place,2.398,me_rohirric,me_northern_ways,,wheat,rural_settlement,nupe
me_land_0983,Deepford,me_enedwaith_region,WILD,wilderness,0.013,me_dunlending,me_dunland_ways,,livestock,rural_settlement,
me_land_0984,Sharur,me_rhun_region,RH3,place,4.951,me_sagath,me_melkorism,,livestock,rural_settlement,french
me_land_0985,Gundbizar,me_lindon_region,BLU,place,0.351,me_firebeard_broadbeam,me_mahal_cult,,wool,rural_settlement,
me_land_0986,Bellfell,me_dale_region,DAL,place,2.848,me_dalish,me_northern_ways,,clay,rural_settlement,kono_cul
me_land_0987,Imlad duindor,me_brown_lands_region,WILD,wilderness,0.015,me_woodman,me_northern_ways,,wheat,rural_settlement,
me_land_0988,Gorlug,me_mordor_region,MOR,place,1.264,me_mordor_orc,me_sauron_cult,,livestock,rural_settlement,
me_land_0989,Eastford,me_enedwaith_region,WILD,wilderness,0.013,me_dunlending,me_dunland_ways,,clay,rural_settlement,
me_land_0990,Narasir,me_far_harad_region,HFA,place,3.343,me_far_haradrim,me_southron_ways,,salt,rural_settlement,kawaiisu_culture
me_land_0991,Grishlug,me_angmar_region,ANG,place,0.138,me_northern_orc,me_melkorism,,fish,rural_settlement,
me_land_0992,Krimplug,me_mordor_region,MOR,place,7.563,me_mordor_orc,me_sauron_cult,,livestock,rural_settlement,arandai_culture
me_land_0993,Aldfeld,me_rohan_region,ROH,place,2.398,me_rohirric,me_northern_ways,,wool,rural_settlement,nunivag_culture
me_land_0994,Minas duindor,me_belfalas_region,DAM,place,2.468,me_dol_amrothian,me_valar_worship,,wheat,rural_settlement,muscovite
me_land_0995,Uldur,me_rhun_region,RHU,place,2.621,me_balchoth,me_sauron_cult,,wheat,rural_settlement,maori_culture
me_land_0996,Wainur,me_rhun_region,RHU,place,2.621,me_balchoth,me_sauron_cult,,livestock,rural_settlement,maonan_culture
me_land_0997,Bowfell,me_dale_region,ESG,place,1.612,me_dalish,me_northern_ways,,wheat,rural_settlement,wari_culture
me_land_0998,Luglug,me_mordor_region,WILD,wilderness,0.013,me_mordor_orc,me_sauron_cult,,stone,rural_settlement,
me_land_0999,Greenford,me_enedwaith_region,WILD,wilderness,0.013,me_dunlending,me_dunland_ways,,wheat,rural_settlement,
me_land_1000,Starmere,me_northern_wastes_region,WILD,wilderness,0.013,me_lossoth,me_lossoth_ways,,fur,rural_settlement,
me_land_1001,Ost duindor,me_north_arnor_region,WILD,wilderness,0.015,me_eriadoran,me_northern_ways,,livestock,rural_settlement,
me_land_1002,Barrow-downs,me_shire_breeland_region,BRE,ruin,0,me_eriadoran,me_northern_ways,,wool,rural_settlement,
me_land_1003,Zorur,me_rhun_region,RHU,place,2.621,me_balchoth,me_sauron_cult,,livestock,rural_settlement,maohi_culture
me_land_1004,Qasasir,me_umbar_region,UMB,place,1.679,me_umbarite,me_sauron_cult,,copper,rural_settlement,uzbek_culture
me_land_1005,Rakhasir,me_far_harad_region,HRA,place,4.546,me_near_haradrim,me_southron_ways,,copper,rural_settlement,gununa_kune_culture
me_land_1006,Taur duindor,me_ithilien_region,WILD,wilderness,0.016,me_gondorian,me_valar_worship,,wheat,rural_settlement,
me_land_1007,Balach Camp,me_rhun_region,RHU,place,2.621,me_balchoth,me_sauron_cult,,livestock,rural_settlement,manus_culture
me_land_1008,Greyford,me_enedwaith_region,WILD,wilderness,0.013,me_dunlending,me_dunland_ways,,clay,rural_settlement,
me_land_1009,Mauhlug,me_mordor_region,MOR,place,1.264,me_mordor_orc,me_sauron_cult,,livestock,rural_settlement,
me_land_1010,Sahrasir,me_near_harad_region,HRA,place,4.546,me_near_haradrim,me_southron_ways,,copper,rural_settlement,gunindiri_culture
me_land_1011,Tazasir,me_far_harad_region,HRA,place,4.546,me_near_haradrim,me_southron_ways,,wool,rural_settlement,gundungurra_culture
me_land_1012,Khazash,me_khand_region,KHA,place,1.01,me_variag,me_melkorism,,livestock,rural_settlement,
me_land_1013,Longford,me_enedwaith_region,WILD,wilderness,0.013,me_dunlending,me_dunland_ways,,wool,rural_settlement,
me_land_1014,Bar duindor,me_belfalas_region,GON,place,3.777,me_gondorian,me_valar_worship,,wheat,rural_settlement,jabirrjabirr_culture
me_land_1015,Borach Camp,me_rhun_region,RHU,place,2.621,me_balchoth,me_sauron_cult,,wheat,rural_settlement,manubara_culture
me_land_1016,Gathach Camp,me_rhun_region,RHU,place,2.621,me_balchoth,me_sauron_cult,,wool,rural_settlement,manta_culture
me_land_1017,Umrasir,me_near_harad_region,HNE,place,2.034,me_near_haradrim,me_southron_ways,,wool,rural_settlement,qiwu_culture
me_land_1018,Calen duindor,me_brown_lands_region,WILD,wilderness,0.015,me_woodman,me_northern_ways,,clay,rural_settlement,
me_land_1019,Derndingle,me_rohan_region,FAN,refuge,0.048,me_onodrim,me_eldest_ways,,horses,town,
me_land_1020,Celon duindor,me_belfalas_region,GON,place,5.472,me_gondorian,me_valar_worship,,livestock,rural_settlement,chiyalik_culture
me_land_1021,Zarasir,me_umbar_region,UMB,place,4.45,me_umbarite,me_sauron_cult,,salt,rural_settlement,haaninin_culture
me_land_1022,Northford,me_mirkwood_region,WILD,wilderness,0.013,me_woodman,me_northern_ways,,wool,rural_settlement,
me_land_1023,Whitemere,me_northern_wastes_region,WILD,wilderness,0.013,me_lossoth,me_lossoth_ways,,wool,rural_settlement,
me_land_1024,Muzglug,me_anduin_vale_region,GOB,place,1.298,me_misty_orc,me_melkorism,,wool,rural_settlement,
me_land_1025,Oakford,me_mirkwood_region,WILD,wilderness,0.013,me_woodman,me_northern_ways,,wool,rural_settlement,
me_land_1026,Southford,me_enedwaith_region,WILD,wilderness,0.015,me_dunlending,me_dunland_ways,,clay,rural_settlement,
me_land_1027,Nim duindor,me_north_arnor_region,WILD,wilderness,0.015,me_eriadoran,me_northern_ways,,clay,rural_settlement,
me_land_1028,Amon falasdor,me_north_arnor_region,WILD,wilderness,0.015,me_eriadoran,me_northern_ways,,livestock,rural_settlement,
me_land_1029,Nazglug,me_mordor_region,MOR,place,0.632,me_mordor_orc,me_sauron_cult,,stone,rural_settlement,
me_land_1030,Beorfeld,me_rohan_region,ROH,place,2.398,me_rohirric,me_northern_ways,,wheat,rural_settlement,nunggubuyu_culture
me_land_1031,Stoneford,me_enedwaith_region,WILD,wilderness,0.015,me_dunlending,me_dunland_ways,,wool,rural_settlement,
me_land_1032,Dol falasdor,me_north_arnor_region,WILD,wilderness,0.015,me_eriadoran,me_northern_ways,,wool,rural_settlement,
me_land_1033,Westford,me_enedwaith_region,WILD,wilderness,0.015,me_dunlending,me_dunland_ways,,livestock,rural_settlement,
me_land_1034,Aldergate,me_mirkwood_region,WDM,place,1.141,me_woodman,me_northern_ways,,wild_game,rural_settlement,
me_land_1035,Eithel falasdor,me_brown_lands_region,WILD,wilderness,0.015,me_woodman,me_northern_ways,,wool,rural_settlement,
me_land_1036,Skailug,me_angmar_region,ANG,place,1.084,me_northern_orc,me_melkorism,,livestock,rural_settlement,
me_land_1037,Emyn falasdor,me_lindon_region,LIN,place,0.093,me_sindar,me_valar_worship,,wool,rural_settlement,
me_land_1038,Imlad falasdor,me_belfalas_region,DAM,place,2.468,me_dol_amrothian,me_valar_worship,,clay,rural_settlement,muscogee_culture
me_land_1039,Ashgate,me_mirkwood_region,WILD,wilderness,0.013,me_woodman,me_northern_ways,,wool,rural_settlement,
me_land_1040,Azrem,me_umbar_region,UMB,place,1.679,me_umbarite,me_sauron_cult,,wool,rural_settlement,uyghur_culture
me_land_1041,Barrowgate,me_anduin_vale_region,WILD,wilderness,0.015,me_woodman,me_northern_ways,,clay,rural_settlement,
me_land_1042,Beacongate,me_shire_breeland_region,BRE,place,0.147,me_eriadoran,me_northern_ways,,fiber_crops,rural_settlement,
me_land_1043,Karmach Camp,me_rhun_region,RH3,place,4.951,me_sagath,me_melkorism,,horses,rural_settlement,franc_comtois
me_land_1044,Minas falasdor,me_belfalas_region,DAM,place,2.468,me_dol_amrothian,me_valar_worship,,wheat,rural_settlement,murut_culture
me_land_1045,Blackgate,me_enedwaith_region,WILD,wilderness,0.013,me_dunlending,me_dunland_ways,,wheat,rural_settlement,
me_land_1046,Bahrem,me_umbar_region,UMB,place,1.679,me_umbarite,me_sauron_cult,,wool,rural_settlement,uwa_culture
me_land_1047,Darem,me_near_harad_region,UMB,place,1.679,me_umbarite,me_sauron_cult,,salt,rural_settlement,uutaalnganu_culture
me_land_1048,Farem,me_umbar_region,UMB,place,1.679,me_umbarite,me_sauron_cult,,salt,rural_settlement,utsang_culture
me_land_1049,Ost falasdor,me_lebennin_region,GON,place,5.472,me_gondorian,me_valar_worship,,fish,rural_settlement,chitrali
me_land_1050,Ugllug,me_rohan_region,ISE,place,0.238,me_isengard_uruk,me_sauron_cult,,wool,rural_settlement,
me_land_1051,Taur falasdor,me_south_gondor_region,GON,place,0.855,me_gondorian,me_valar_worship,,copper,rural_settlement,
me_land_1052,Bramblegate,me_enedwaith_region,WILD,wilderness,0.013,me_dunlending,me_dunland_ways,,clay,rural_settlement,
me_land_1053,Bar falasdor,me_lindon_region,LIN,place,0.093,me_sindar,me_valar_worship,,clay,rural_settlement,
me_land_1054,Haybottom,me_shire_breeland_region,SHI,place,2.868,me_shire_hobbit,me_northern_ways,,wheat,rural_settlement,koch_culture
me_land_1055,Calen falasdor,me_anorien_region,GON,place,5.472,me_gondorian,me_valar_worship,,clay,rural_settlement,chitimacha_culture
me_land_1056,Celon falasdor,me_brown_lands_region,WILD,wilderness,0.011,me_woodman,me_northern_ways,,wool,rural_settlement,
me_land_1057,Wintermere,me_northern_wastes_region,WILD,wilderness,0.006,me_lossoth,me_lossoth_ways,,fish,rural_settlement,
me_land_1058,Uruklug,me_mordor_region,WILD,wilderness,0.013,me_mordor_orc,me_sauron_cult,,iron,rural_settlement,
me_land_1059,Khorash,me_far_harad_region,KHA,place,4.468,me_variag,me_melkorism,,livestock,rural_settlement,guwinmal_culture
me_land_1060,Ashmauk,me_mordor_region,MOR,place,1.264,me_mordor_orc,me_sauron_cult,,wheat,rural_settlement,
me_land_1061,Nim falasdor,me_north_arnor_region,WILD,wilderness,0.012,me_eriadoran,me_northern_ways,,medicaments,rural_settlement,
me_land_1062,Amon galendor,me_lindon_region,LIN,place,0.093,me_sindar,me_valar_worship,,clay,rural_settlement,
me_land_1063,Coldpoint,me_northern_wastes_region,WILD,wilderness,0.006,me_lossoth,me_lossoth_ways,,fur,rural_settlement,
me_land_1064,Ruzash,me_khand_region,KHA,place,1.01,me_variag,me_melkorism,,wool,rural_settlement,
me_land_1065,Bucklandgate,me_enedwaith_region,WILD,wilderness,0.013,me_dunlending,me_dunland_ways,,wool,rural_settlement,
me_land_1066,Dol galendor,me_anorien_region,GON,place,5.472,me_gondorian,me_valar_worship,,livestock,rural_settlement,chitarero_culture
me_land_1067,Eithel galendor,me_belfalas_region,GON,place,3.777,me_gondorian,me_valar_worship,,livestock,rural_settlement,iztachichimecah_culture
me_land_1068,Azgmauk,me_north_arnor_region,ANG,place,1.484,me_northern_orc,me_melkorism,,clay,rural_settlement,wiradjuri_culture
me_land_1069,Khazbizar,me_lindon_region,BLU,place,0.258,me_firebeard_broadbeam,me_mahal_cult,,fish,rural_settlement,
me_land_1070,Emyn galendor,me_ithilien_region,WILD,wilderness,0.007,me_gondorian,me_valar_worship,,iron,rural_settlement,
me_land_1071,Imlad galendor,me_lebennin_region,GON,place,5.472,me_gondorian,me_valar_worship,,wheat,rural_settlement,chiribaya_culture
me_land_1072,Hadrem,me_umbar_region,UMB,place,1.679,me_umbarite,me_sauron_cult,,copper,rural_settlement,uru_culture
me_land_1073,Hazelbottom,me_shire_breeland_region,WILD,wilderness,0.015,me_eriadoran,me_northern_ways,,wheat,rural_settlement,
me_land_1074,Khurach Camp,me_rhun_region,RH2,place,1.432,me_karmachi,me_melkorism,,wool,rural_settlement,
me_land_1075,Minas galendor,me_north_arnor_region,WILD,wilderness,0.015,me_eriadoran,me_northern_ways,,wool,rural_settlement,
me_land_1076,Cedargate,me_mirkwood_region,WDM,place,0.638,me_woodman,me_northern_ways,,wool,rural_settlement,
me_land_1077,Kharem,me_far_harad_region,HFA,place,3.343,me_far_haradrim,me_southron_ways,,copper,rural_settlement,kavieng_culture
me_land_1078,Ost galendor,me_ithilien_region,WILD,wilderness,0.007,me_gondorian,me_valar_worship,,salt,rural_settlement,
me_land_1079,Mahrem,me_umbar_region,UMB,place,4.45,me_umbarite,me_sauron_cult,,wheat,rural_settlement,gyele_culture
me_land_1080,Blackmauk,me_mirkwood_region,DOL,place,1.939,me_mordor_orc,me_sauron_cult,,wheat,rural_settlement,rumu_culture
me_land_1081,Burzmauk,me_mordor_region,MOR,place,7.563,me_mordor_orc,me_sauron_cult,,iron,rural_settlement,aragonese
me_land_1082,Taur galendor,me_lebennin_region,GON,place,5.472,me_gondorian,me_valar_worship,,wool,rural_settlement,chinook_culture
me_land_1083,Driftpoint,me_northern_wastes_region,WILD,wilderness,0.011,me_lossoth,me_lossoth_ways,,fish,rural_settlement,
me_land_1084,Bar galendor,me_brown_lands_region,WILD,wilderness,0.016,me_woodman,me_northern_ways,,livestock,rural_settlement,
me_land_1085,Dushmauk,me_mordor_region,MOR,place,7.563,me_mordor_orc,me_sauron_cult,,iron,rural_settlement,apyawa_culture
me_land_1086,Calen galendor,me_anorien_region,GON,place,5.472,me_gondorian,me_valar_worship,,wool,rural_settlement,chincha_culture
me_land_1087,Celon galendor,me_brown_lands_region,WILD,wilderness,0.015,me_woodman,me_northern_ways,,wool,rural_settlement,
me_land_1088,Nim galendor,me_lebennin_region,GON,place,5.472,me_gondorian,me_valar_worship,,clay,rural_settlement,chimu_culture
me_land_1089,Deepgate,me_enedwaith_region,WILD,wilderness,0.016,me_dunlending,me_dunland_ways,,livestock,rural_settlement,
me_land_1090,Eastgate,me_shire_breeland_region,BRE,place,0.49,me_eriadoran,me_northern_ways,,wool,rural_settlement,
me_land_1091,Amon gonddor,me_south_gondor_region,GON,place,0.833,me_gondorian,me_valar_worship,,salt,rural_settlement,
me_land_1092,Kheledbizar,me_grey_mountains_region,ERE,place,0.779,me_longbeard,me_mahal_cult,,wool,rural_settlement,
me_land_1093,Narem,me_far_harad_region,HNE,place,2.034,me_near_haradrim,me_southron_ways,,livestock,rural_settlement,qiong_culture
me_land_1094,Nargbizar,me_grey_mountains_region,WILD,wilderness,0.01,me_northern_orc,me_melkorism,,wool,rural_settlement,
me_land_1095,Bregofeld,me_rohan_region,ROH,place,2.398,me_rohirric,me_northern_ways,,horses,rural_settlement,numu_culture
me_land_1096,Dol gonddor,me_anorien_region,GON,place,5.472,me_gondorian,me_valar_worship,,livestock,rural_settlement,chimbus_culture
me_land_1097,Ghashmauk,me_mordor_region,WILD,wilderness,0.013,me_mordor_orc,me_sauron_cult,,stone,rural_settlement,
me_land_1098,Greengate,me_mirkwood_region,WILD,wilderness,0.013,me_woodman,me_northern_ways,,livestock,rural_settlement,
me_land_1099,Eithel gonddor,me_lindon_region,LIN,place,0.093,me_sindar,me_valar_worship,,wool,rural_settlement,
me_land_1100,Ceorlfeld,me_rohan_region,ROH,place,2.398,me_rohirric,me_northern_ways,,clay,rural_settlement,numee_culture
me_land_1101,Qasem,me_far_harad_region,HFA,place,5.583,me_far_haradrim,me_southron_ways,,wool,rural_settlement,bannoni_culture
me_land_1102,Rakhem,me_umbar_region,UMB,place,1.679,me_umbarite,me_sauron_cult,,wool,rural_settlement,upper_palatine
me_land_1103,Emyn gonddor,me_belfalas_region,GON,place,5.472,me_gondorian,me_valar_worship,,clay,rural_settlement,chillque_culture
me_land_1104,Gormauk,me_mordor_region,MOR,place,5.742,me_mordor_orc,me_sauron_cult,,stone,rural_settlement,badimaya_culture
me_land_1105,Sahrem,me_far_harad_region,HRA,place,4.546,me_near_haradrim,me_southron_ways,,copper,rural_settlement,gunditjmara_culture
me_land_1106,Déorfeld,me_rohan_region,ROH,place,2.398,me_rohirric,me_northern_ways,,horses,rural_settlement,nukunu_culture
me_land_1107,Grishmauk,me_rohan_region,ISE,place,0.33,me_isengard_uruk,me_sauron_cult,,horses,rural_settlement,
me_land_1108,Imlad gonddor,me_belfalas_region,GON,place,3.777,me_gondorian,me_valar_worship,,livestock,rural_settlement,iyiyiyu_culture
me_land_1109,Minas gonddor,me_ithilien_region,WILD,wilderness,0.007,me_gondorian,me_valar_worship,,stone,rural_settlement,
me_land_1110,Krimpmauk,me_enedwaith_region,MOA,place,2.376,me_misty_orc,me_melkorism,,wool,rural_settlement,orang_rimba_culture
me_land_1111,Greygate,me_enedwaith_region,WILD,wilderness,0.013,me_dunlending,me_dunland_ways,,livestock,rural_settlement,
me_land_1112,Longgate,me_enedwaith_region,WILD,wilderness,0.013,me_dunlending,me_dunland_ways,,wool,rural_settlement,
me_land_1113,Ost gonddor,me_mirkwood_region,WOO,place,0.324,me_silvan,me_valar_worship,,wild_game,rural_settlement,
me_land_1114,Frostpoint,me_northern_wastes_region,WILD,wilderness,0.006,me_lossoth,me_lossoth_ways,,fish,rural_settlement,
me_land_1115,Taur gonddor,me_ithilien_region,WILD,wilderness,0.007,me_gondorian,me_valar_worship,,stone,rural_settlement,
me_land_1116,Bar gonddor,me_ithilien_region,WILD,wilderness,0.007,me_gondorian,me_valar_worship,,salt,rural_settlement,
me_land_1117,Lodach Camp,me_rhun_region,RHU,place,2.621,me_balchoth,me_sauron_cult,,wool,rural_settlement,mansi_culture
me_land_1118,Lugmauk,me_mordor_region,WILD,wilderness,0.013,me_mordor_orc,me_sauron_cult,,iron,rural_settlement,
me_land_1119,Calen gonddor,me_north_arnor_region,WILD,wilderness,0.015,me_eriadoran,me_northern_ways,,livestock,rural_settlement,
me_land_1120,Celon gonddor,me_belfalas_region,GON,place,3.777,me_gondorian,me_valar_worship,,wool,rural_settlement,iyiniyu_culture
me_land_1121,Narach Camp,me_rhun_region,RHU,place,2.621,me_balchoth,me_sauron_cult,,wheat,rural_settlement,manoki_culture
me_land_1122,Sharbizar,me_rhun_region,IRO,place,0.446,me_longbeard,me_mahal_cult,,livestock,rural_settlement,
me_land_1123,Nim gonddor,me_brown_lands_region,WILD,wilderness,0.011,me_woodman,me_northern_ways,,horses,rural_settlement,
me_land_1124,Northgate,me_enedwaith_region,WILD,wilderness,0.013,me_dunlending,me_dunland_ways,,wool,rural_settlement,
me_land_1125,Eorlfeld,me_rohan_region,ROH,place,2.489,me_rohirric,me_northern_ways,,wheat,rural_settlement,mirning_culture
me_land_1126,Tazem,me_near_harad_region,UMB,place,1.679,me_umbarite,me_sauron_cult,,salt,rural_settlement,upper_egyptian_culture
me_land_1127,Mauhmauk,me_rohan_region,ISE,place,0.238,me_isengard_uruk,me_sauron_cult,,wheat,rural_settlement,
me_land_1128,Amon lothdor,me_north_arnor_region,WILD,wilderness,0.015,me_eriadoran,me_northern_ways,,wool,rural_settlement,
me_land_1129,Dol lothdor,me_north_arnor_region,WILD,wilderness,0.013,me_eriadoran,me_northern_ways,,livestock,rural_settlement,
me_land_1130,Muzgmauk,me_north_arnor_region,ANG,place,1.484,me_northern_orc,me_melkorism,,livestock,rural_settlement,wipi_culture
me_land_1131,Eithel lothdor,me_north_arnor_region,WILD,wilderness,0.013,me_eriadoran,me_northern_ways,,clay,rural_settlement,
me_land_1132,Emyn lothdor,me_lindon_region,LIN,place,0.093,me_sindar,me_valar_worship,,clay,rural_settlement,
me_land_1133,Imlad lothdor,me_south_gondor_region,GON,place,0.855,me_gondorian,me_valar_worship,,wool,rural_settlement,
me_land_1134,Minas lothdor,me_ithilien_region,WILD,wilderness,0.016,me_gondorian,me_valar_worship,,livestock,rural_settlement,
me_land_1135,Ost lothdor,me_lebennin_region,GON,place,5.472,me_gondorian,me_valar_worship,,clay,rural_settlement,chilcotin_culture
me_land_1136,Rhovach Camp,me_rhun_region,RH2,place,1.432,me_karmachi,me_melkorism,,livestock,rural_settlement,
me_land_1137,Taur lothdor,me_brown_lands_region,WILD,wilderness,0.013,me_woodman,me_northern_ways,,wool,rural_settlement,
me_land_1138,Bar lothdor,me_lindon_region,LIN,place,0.093,me_sindar,me_valar_worship,,livestock,rural_settlement,
me_land_1139,Sagach Camp,me_rhun_region,RH3,place,4.951,me_sagath,me_melkorism,,livestock,rural_settlement,formosan_culture
me_land_1140,Nazgmauk,me_mordor_region,WILD,wilderness,0.013,me_mordor_orc,me_sauron_cult,,stone,rural_settlement,
me_land_1141,Sharach Camp,me_rhun_region,RHU,place,3.493,me_balchoth,me_sauron_cult,,livestock,rural_settlement,kambaata_culture
me_land_1142,Oakgate,me_mirkwood_region,WILD,wilderness,0.013,me_woodman,me_northern_ways,,livestock,rural_settlement,
me_land_1143,Celduinfell,me_rhun_region,DOR,place,1.82,me_dorwinrim,me_northern_ways,,clay,rural_settlement,talaud_culture
me_land_1144,Southgate,me_mirkwood_region,WILD,wilderness,0.013,me_woodman,me_northern_ways,,wool,rural_settlement,
me_land_1145,Umrem,me_near_harad_region,HNE,place,2.034,me_near_haradrim,me_southron_ways,,salt,rural_settlement,qin_culture
me_land_1146,Icepoint,me_northern_wastes_region,WILD,wilderness,0.006,me_lossoth,me_lossoth_ways,,fur,rural_settlement,
me_land_1147,Calen lothdor,me_south_gondor_region,GON,place,4.974,me_gondorian,me_valar_worship,,wool,rural_settlement,danu_culture
me_land_1148,Skaimauk,me_angmar_region,WILD,wilderness,0.006,me_northern_orc,me_melkorism,,fish,rural_settlement,
me_land_1149,Celon lothdor,me_ithilien_region,WILD,wilderness,0.016,me_gondorian,me_valar_worship,,wool,rural_settlement,
me_land_1150,Uldach Camp,me_rhun_region,RH2,place,1.908,me_karmachi,me_melkorism,,livestock,rural_settlement,sisithunwan_culture
me_land_1151,Wainach Camp,me_rhun_region,RH2,place,1.908,me_karmachi,me_melkorism,,wheat,rural_settlement,sinu_culture
me_land_1152,Skarnash,me_far_harad_region,KHA,place,1.01,me_variag,me_melkorism,,salt,rural_settlement,
me_land_1153,Zarem,me_umbar_region,UMB,place,1.679,me_umbarite,me_sauron_cult,,salt,rural_settlement,uni_culture
me_land_1154,Hollybottom,me_shire_breeland_region,WILD,wilderness,0.015,me_eriadoran,me_northern_ways,,wool,rural_settlement,
me_land_1155,Targash,me_khand_region,KHA,place,1.01,me_variag,me_melkorism,,salt,rural_settlement,
me_land_1156,Stonegate,me_enedwaith_region,WILD,wilderness,0.013,me_dunlending,me_dunland_ways,,wheat,rural_settlement,
me_land_1157,Uglmauk,me_grey_mountains_region,GUN,place,2.781,me_northern_orc,me_melkorism,,wild_game,rural_settlement,koryak_culture
me_land_1158,Nim lothdor,me_ithilien_region,WILD,wilderness,0.016,me_gondorian,me_valar_worship,,wool,rural_settlement,
me_land_1159,Zigilbizar,me_lindon_region,BLU,place,0.134,me_firebeard_broadbeam,me_mahal_cult,,wheat,rural_settlement,
me_land_1160,Amon morndor,me_brown_lands_region,WILD,wilderness,0.011,me_woodman,me_northern_ways,,wool,rural_settlement,
me_land_1161,Zorach Camp,me_rhun_region,RHU,place,2.621,me_balchoth,me_sauron_cult,,horses,rural_settlement,manobo_culture
me_land_1162,Urukmauk,me_mordor_region,MOR,place,5.742,me_mordor_orc,me_sauron_cult,,wheat,rural_settlement,bacan_culture
me_land_1163,Northpoint,me_northern_wastes_region,WILD,wilderness,0.006,me_lossoth,me_lossoth_ways,,fur,rural_settlement,
me_land_1164,Ashnakh,me_mordor_region,MOR,place,7.563,me_mordor_orc,me_sauron_cult,,iron,rural_settlement,apma_culture
me_land_1165,Dol morndor,me_belfalas_region,GON,place,3.777,me_gondorian,me_valar_worship,,wool,rural_settlement,iwur_culture
me_land_1166,Eithel morndor,me_north_arnor_region,WILD,wilderness,0.015,me_eriadoran,me_northern_ways,,wool,rural_settlement,
me_land_1167,Palepoint,me_forochel_region,LOS,place,0.215,me_lossoth,me_lossoth_ways,,fur,rural_settlement,
me_land_1168,Azresh,me_umbar_region,UMB,place,1.679,me_umbarite,me_sauron_cult,,salt,rural_settlement,unggarangi_culture
me_land_1169,Azgnakh,me_enedwaith_region,ISE,place,0.33,me_isengard_uruk,me_sauron_cult,,clay,rural_settlement,
me_land_1170,Dalefell,me_rhun_region,DOR,place,1.82,me_dorwinrim,me_northern_ways,,clay,rural_settlement,takelma_culture
me_land_1171,Emyn morndor,me_ithilien_region,WILD,wilderness,0.015,me_gondorian,me_valar_worship,,clay,rural_settlement,
me_land_1172,Merrybottom,me_shire_breeland_region,SHI,place,2.868,me_shire_hobbit,me_northern_ways,,wool,rural_settlement,koasati_culture
me_land_1173,Folcfeld,me_rohan_region,ROH,place,2.398,me_rohirric,me_northern_ways,,horses,rural_settlement,nueta_culture
me_land_1174,Bahresh,me_umbar_region,UMB,place,1.679,me_umbarite,me_sauron_cult,,copper,rural_settlement,unami_culture
me_land_1175,Framfeld,me_rohan_region,ROH,place,2.398,me_rohirric,me_northern_ways,,wheat,rural_settlement,nuer_culture
me_land_1176,Varkash,me_khand_region,KHA,place,1.01,me_variag,me_melkorism,,copper,rural_settlement,
me_land_1177,Zandash,me_far_harad_region,KHA,place,1.01,me_variag,me_melkorism,,wool,rural_settlement,
me_land_1178,Blacknakh,me_mirkwood_region,DOL,place,1.939,me_mordor_orc,me_sauron_cult,,medicaments,rural_settlement,rukwa_culture
me_land_1179,Arzek,me_khand_region,KHA,place,1.01,me_variag,me_melkorism,,salt,rural_settlement,
me_land_1180,Imlad morndor,me_brown_lands_region,WILD,wilderness,0.011,me_woodman,me_northern_ways,,wool,rural_settlement,
me_land_1181,Westgate,me_enedwaith_region,WILD,wilderness,0.013,me_dunlending,me_dunland_ways,,livestock,rural_settlement,
me_land_1182,Minas morndor,me_belfalas_region,GON,place,3.777,me_gondorian,me_valar_worship,,wheat,rural_settlement,iwal_culture
me_land_1183,Ost morndor,me_belfalas_region,DAM,place,0.724,me_dol_amrothian,me_valar_worship,,salt,rural_settlement,
me_land_1184,Burznakh,me_mordor_region,WILD,wilderness,0.013,me_mordor_orc,me_sauron_cult,,iron,rural_settlement,
me_land_1185,Sealpoint,me_northern_wastes_region,WILD,wilderness,0.013,me_lossoth,me_lossoth_ways,,wool,rural_settlement,
me_land_1186,Snowpoint,me_northern_wastes_region,WILD,wilderness,0.011,me_lossoth,me_lossoth_ways,,horses,rural_settlement,
me_land_1187,Dushnakh,me_mordor_region,WILD,wilderness,0.013,me_mordor_orc,me_sauron_cult,,stone,rural_settlement,
me_land_1188,Taur morndor,me_north_arnor_region,WILD,wilderness,0.015,me_eriadoran,me_northern_ways,,wool,rural_settlement,
me_land_1189,Bar morndor,me_belfalas_region,GON,place,3.777,me_gondorian,me_valar_worship,,clay,rural_settlement,ivatan_culture
me_land_1190,Ghashnakh,me_mordor_region,WILD,wilderness,0.013,me_mordor_orc,me_sauron_cult,,stone,rural_settlement,
me_land_1191,Balkek,me_far_harad_region,KHA,place,1.01,me_variag,me_melkorism,,livestock,rural_settlement,
me_land_1192,Calen morndor,me_lindon_region,LIN,place,0.126,me_sindar,me_valar_worship,,wool,rural_settlement,
me_land_1193,Celon morndor,me_anorien_region,GON,place,5.472,me_gondorian,me_valar_worship,,livestock,rural_settlement,chickasaw_culture
me_land_1194,Daresh,me_far_harad_region,HRA,place,4.546,me_near_haradrim,me_southron_ways,,salt,rural_settlement,gunbalang_culture
me_land_1195,Faresh,me_far_harad_region,HFA,place,3.343,me_far_haradrim,me_southron_ways,,copper,rural_settlement,kaviag_culture
me_land_1196,Balad Camp,me_rhun_region,RH2,place,1.432,me_karmachi,me_melkorism,,horses,rural_settlement,
me_land_1197,Nim morndor,me_ithilien_region,WILD,wilderness,0.007,me_gondorian,me_valar_worship,,salt,rural_settlement,
me_land_1198,Starpoint,me_northern_wastes_region,WILD,wilderness,0.013,me_lossoth,me_lossoth_ways,,wool,rural_settlement,
me_land_1199,Amon nendor,me_north_arnor_region,WILD,wilderness,0.015,me_eriadoran,me_northern_ways,,livestock,rural_settlement,
me_land_1200,Gornakh,me_north_arnor_region,ANG,place,1.484,me_northern_orc,me_melkorism,,wool,rural_settlement,wintuan_culture
me_land_1201,Grishnakh,me_angmar_region,WILD,wilderness,0.006,me_northern_orc,me_melkorism,,fish,rural_settlement,
me_land_1202,Hadresh,me_far_harad_region,HFA,place,3.343,me_far_haradrim,me_southron_ways,,livestock,rural_settlement,kaurna_pangkarra_culture
me_land_1203,Dol nendor,me_brown_lands_region,WILD,wilderness,0.015,me_woodman,me_northern_ways,,wool,rural_settlement,
me_land_1204,Eithel nendor,me_anorien_region,GON,place,5.472,me_gondorian,me_valar_worship,,clay,rural_settlement,chicha_culture
me_land_1205,Borad Camp,me_rhun_region,RH3,place,4.951,me_sagath,me_melkorism,,wheat,rural_settlement,foothill_yokut_culture
me_land_1206,Krimpnakh,me_mordor_region,WILD,wilderness,0.013,me_mordor_orc,me_sauron_cult,,wheat,rural_settlement,
me_land_1207,Emyn nendor,me_ithilien_region,WILD,wilderness,0.007,me_gondorian,me_valar_worship,,iron,rural_settlement,
me_land_1208,Kharesh,me_far_harad_region,HFA,place,3.343,me_far_haradrim,me_southron_ways,,wool,rural_settlement,kaulong_culture
me_land_1209,Drazek,me_khand_region,KHA,place,1.01,me_variag,me_melkorism,,salt,rural_settlement,
me_land_1210,Imlad nendor,me_brown_lands_region,WILD,wilderness,0.011,me_woodman,me_northern_ways,,wool,rural_settlement,
me_land_1211,Minas nendor,me_brown_lands_region,WILD,wilderness,0.011,me_woodman,me_northern_ways,,wheat,rural_settlement,
me_land_1212,Gharek,me_khand_region,KHA,place,1.01,me_variag,me_melkorism,,copper,rural_settlement,
me_land_1213,Ost nendor,me_lindon_region,LIN,place,0.126,me_sindar,me_valar_worship,,wool,rural_settlement,
me_land_1214,Lugnakh,me_mordor_region,MOR,place,7.563,me_mordor_orc,me_sauron_cult,,wheat,rural_settlement,apiaka_culture
me_land_1215,Gathad Camp,me_rhun_region,RH2,place,1.432,me_karmachi,me_melkorism,,wool,rural_settlement,
me_land_1216,Grimfeld,me_rohan_region,ROH,place,2.398,me_rohirric,me_northern_ways,,livestock,rural_settlement,nubian
me_land_1217,Helmfeld,me_rohan_region,ROH,place,2.398,me_rohirric,me_northern_ways,,horses,rural_settlement,nuba
me_land_1218,Taur nendor,me_north_arnor_region,WILD,wilderness,0.015,me_eriadoran,me_northern_ways,,clay,rural_settlement,
me_land_1219,Karmad Camp,me_rhun_region,RH2,place,1.432,me_karmachi,me_melkorism,,wool,rural_settlement,
me_land_1220,Bar nendor,me_south_gondor_region,GON,place,0.855,me_gondorian,me_valar_worship,,copper,rural_settlement,
me_land_1221,Whitepoint,me_northern_wastes_region,WILD,wilderness,0.013,me_lossoth,me_lossoth_ways,,clay,rural_settlement,
me_land_1222,Alderhall,me_enedwaith_region,WILD,wilderness,0.015,me_dunlending,me_dunland_ways,,wool,rural_settlement,
me_land_1223,Calen nendor,me_belfalas_region,DAM,place,2.468,me_dol_amrothian,me_valar_worship,,clay,rural_settlement,murrinh_patha_culture
me_land_1224,Mauhnakh,me_mirkwood_region,DOL,place,2.08,me_mordor_orc,me_sauron_cult,,clay,rural_settlement,pamiri_culture
me_land_1225,Muzgnakh,me_anduin_vale_region,MOA,place,2.376,me_misty_orc,me_melkorism,,livestock,rural_settlement,orang_laut_culture
me_land_1226,Nazgnakh,me_rohan_region,ISE,place,0.33,me_isengard_uruk,me_sauron_cult,,horses,rural_settlement,
me_land_1227,Skainakh,me_north_arnor_region,ANG,place,1.484,me_northern_orc,me_melkorism,,wheat,rural_settlement,williche_culture
me_land_1228,Mahresh,me_near_harad_region,UMB,place,1.679,me_umbarite,me_sauron_cult,,wool,rural_settlement,unalig_culture
me_land_1229,Mossbottom,me_shire_breeland_region,SHI,place,2.868,me_shire_hobbit,me_northern_ways,,fiber_crops,rural_settlement,kiwigapawa_culture
me_land_1230,Naresh,me_umbar_region,UMB,place,1.679,me_umbarite,me_sauron_cult,,copper,rural_settlement,unalaska_culture
me_land_1231,Riverden,me_anduin_vale_region,BEO,place,0.306,me_beorning,me_northern_ways,,wheat,rural_settlement,
me_land_1232,Celon nendor,me_north_arnor_region,WILD,wilderness,0.015,me_eriadoran,me_northern_ways,,livestock,rural_settlement,
me_land_1233,Nim nendor,me_north_arnor_region,WILD,wilderness,0.012,me_eriadoran,me_northern_ways,,wool,rural_settlement,
me_land_1234,Khurad Camp,me_rhun_region,RH2,place,1.908,me_karmachi,me_melkorism,,livestock,rural_settlement,sinkiuse_culture
me_land_1235,The Cross-roads,me_ithilien_region,WILD,ruin,0,me_gondorian,me_valar_worship,,clay,rural_settlement,
me_land_1236,Amon rathdor,me_anduin_vale_region,LOR,place,1.226,me_galadhrim,me_valar_worship,,wool,rural_settlement,
me_land_1237,Winterpoint,me_northern_wastes_region,WILD,wilderness,0.006,me_lossoth,me_lossoth_ways,,fish,rural_settlement,
me_land_1238,Lodad Camp,me_rhun_region,RHU,place,2.621,me_balchoth,me_sauron_cult,,horses,rural_settlement,manjiang_culture
me_land_1239,Narad Camp,me_rhun_region,RH2,place,1.908,me_karmachi,me_melkorism,,livestock,rural_settlement,sinixt_culture
me_land_1240,Uglnakh,me_grey_mountains_region,GUN,place,5.13,me_northern_orc,me_melkorism,,fur,rural_settlement,dalmatian
me_land_1241,Rhovad Camp,me_rhun_region,RHU,place,2.621,me_balchoth,me_sauron_cult,,horses,rural_settlement,manjak
me_land_1242,Dol rathdor,me_belfalas_region,DAM,place,0.724,me_dol_amrothian,me_valar_worship,,salt,rural_settlement,
me_land_1243,Uruknakh,me_angmar_region,GUN,place,0.495,me_northern_orc,me_melkorism,,fur,rural_settlement,
me_land_1244,Coldshore,me_northern_wastes_region,WILD,wilderness,0.016,me_lossoth,me_lossoth_ways,,livestock,rural_settlement,
me_land_1245,Ashhall,me_anorien_region,DRU,place,1.002,me_druedain,me_druedain_ways,,wheat,rural_settlement,
me_land_1246,Herufeld,me_rohan_region,ROH,place,2.489,me_rohirric,me_northern_ways,,horses,rural_settlement,miranha_culture
me_land_1247,Eithel rathdor,me_ithilien_region,WILD,wilderness,0.007,me_gondorian,me_valar_worship,,stone,rural_settlement,
me_land_1248,Emyn rathdor,me_brown_lands_region,WILD,wilderness,0.011,me_woodman,me_northern_ways,,horses,rural_settlement,
me_land_1249,Barrowhall,me_enedwaith_region,DUN,place,4.105,me_dunlending,me_dunland_ways,,wool,rural_settlement,hausa
me_land_1250,Imlad rathdor,me_ithilien_region,WILD,wilderness,0.016,me_gondorian,me_valar_worship,,livestock,rural_settlement,
me_land_1251,Sagad Camp,me_rhun_region,RH2,place,1.908,me_karmachi,me_melkorism,,livestock,rural_settlement,sinhalese
me_land_1252,Léodfeld,me_rohan_region,ROH,place,1.719,me_rohirric,me_northern_ways,,livestock,rural_settlement,teimani
me_land_1253,Minas rathdor,me_brown_lands_region,WILD,wilderness,0.015,me_woodman,me_northern_ways,,wool,rural_settlement,
me_land_1254,Ost rathdor,me_brown_lands_region,WILD,wilderness,0.012,me_woodman,me_northern_ways,,wheat,rural_settlement,
me_land_1255,Sharad Camp,me_rhun_region,RHU,place,2.621,me_balchoth,me_sauron_cult,,horses,rural_settlement,mangyan_culture
me_land_1256,Driftshore,me_forochel_region,LOS,place,0.215,me_lossoth,me_lossoth_ways,,wild_game,rural_settlement,
me_land_1257,Ashshak,me_north_arnor_region,ANG,place,1.484,me_northern_orc,me_melkorism,,wheat,rural_settlement,willetpoos_culture
me_land_1258,Qasesh,me_near_harad_region,HNE,place,2.034,me_near_haradrim,me_southron_ways,,salt,rural_settlement,qhara_qhara_culture
me_land_1259,Azgshak,me_mirkwood_region,DOL,place,1.939,me_mordor_orc,me_sauron_cult,,wool,rural_settlement,roviana_culture
me_land_1260,Taur rathdor,me_anorien_region,GON,place,5.472,me_gondorian,me_valar_worship,,clay,rural_settlement,chiapanec_culture
me_land_1261,Bar rathdor,me_belfalas_region,GON,place,5.472,me_gondorian,me_valar_worship,,clay,rural_settlement,chhattisgarhi
me_land_1262,Rootbark,me_rohan_region,FAN,place,0.016,me_onodrim,me_eldest_ways,,wool,rural_settlement,
me_land_1263,Calen rathdor,me_ithilien_region,WILD,wilderness,0.016,me_gondorian,me_valar_worship,,wool,rural_settlement,
me_land_1264,Beaconhall,me_enedwaith_region,WILD,wilderness,0.015,me_dunlending,me_dunland_ways,,livestock,rural_settlement,
me_land_1265,Azandûm,me_grey_mountains_region,ERE,place,0.779,me_longbeard,me_mahal_cult,,wool,rural_settlement,
me_land_1266,Uldad Camp,me_rhun_region,RH3,place,4.951,me_sagath,me_melkorism,,horses,rural_settlement,fon
me_land_1267,Rakhesh,me_umbar_region,UMB,place,1.679,me_umbarite,me_sauron_cult,,wool,rural_settlement,unalachtigo_culture
me_land_1268,Sahresh,me_near_harad_region,HNE,place,2.034,me_near_haradrim,me_southron_ways,,wool,rural_settlement,qeqchi_culture
me_land_1269,Blackshak,me_mordor_region,WILD,wilderness,0.013,me_mordor_orc,me_sauron_cult,,livestock,rural_settlement,
me_land_1270,Nutbottom,me_shire_breeland_region,WILD,wilderness,0.015,me_eriadoran,me_northern_ways,,fiber_crops,rural_settlement,
me_land_1271,Frostshore,me_northern_wastes_region,WILD,wilderness,0.011,me_lossoth,me_lossoth_ways,,wheat,rural_settlement,
me_land_1272,Tazesh,me_near_harad_region,HNE,place,2.034,me_near_haradrim,me_southron_ways,,wool,rural_settlement,qayfengi
me_land_1273,Wainad Camp,me_rhun_region,RHU,place,2.621,me_balchoth,me_sauron_cult,,horses,rural_settlement,manggarai_culture
me_land_1274,Umresh,me_near_harad_region,HRA,place,4.546,me_near_haradrim,me_southron_ways,,salt,rural_settlement,guna_culture
me_land_1275,Blackhall,me_enedwaith_region,WILD,wilderness,0.013,me_dunlending,me_dunland_ways,,wheat,rural_settlement,
me_land_1276,Eastfell,me_rhun_region,DOR,place,1.82,me_dorwinrim,me_northern_ways,,wool,rural_settlement,takana_culture
me_land_1277,Celon rathdor,me_lindon_region,LIN,place,0.093,me_sindar,me_valar_worship,,livestock,rural_settlement,
me_land_1278,Burzshak,me_mordor_region,MOR,place,1.264,me_mordor_orc,me_sauron_cult,,iron,rural_settlement,
me_land_1279,Dushshak,me_mordor_region,WILD,wilderness,0.013,me_mordor_orc,me_sauron_cult,,stone,rural_settlement,
me_land_1280,Ghashshak,me_mordor_region,WILD,wilderness,0.013,me_mordor_orc,me_sauron_cult,,livestock,rural_settlement,
me_land_1281,Skinden,me_anduin_vale_region,BEO,place,0.306,me_beorning,me_northern_ways,,wheat,rural_settlement,
me_land_1282,Nim rathdor,me_lebennin_region,GON,place,5.472,me_gondorian,me_valar_worship,,clay,rural_settlement,chewa_culture
me_land_1283,Esgarfell,me_rhun_region,DOR,place,1.366,me_dorwinrim,me_northern_ways,,horses,rural_settlement,
me_land_1284,Amon sarndor,me_belfalas_region,GON,place,5.472,me_gondorian,me_valar_worship,,wheat,rural_settlement,cherokee_culture
me_land_1285,Gorshak,me_mordor_region,MOR,place,2.209,me_mordor_orc,me_sauron_cult,,stone,rural_settlement,otuho_culture
me_land_1286,Bramblehall,me_enedwaith_region,WILD,wilderness,0.013,me_dunlending,me_dunland_ways,,livestock,rural_settlement,
me_land_1287,Dol sarndor,me_brown_lands_region,WILD,wilderness,0.011,me_woodman,me_northern_ways,,horses,rural_settlement,
me_land_1288,Eithel sarndor,me_lindon_region,LIN,place,0.093,me_sindar,me_valar_worship,,fish,rural_settlement,
me_land_1289,Emyn sarndor,me_belfalas_region,GON,place,5.472,me_gondorian,me_valar_worship,,wheat,rural_settlement,chelkans_culture
me_land_1290,Bucklandhall,me_enedwaith_region,WILD,wilderness,0.013,me_dunlending,me_dunland_ways,,clay,rural_settlement,
me_land_1291,Imlad sarndor,me_lindon_region,LIN,place,0.093,me_sindar,me_valar_worship,,wool,rural_settlement,
me_land_1292,Zorad Camp,me_rhun_region,RHU,place,2.621,me_balchoth,me_sauron_cult,,wheat,rural_settlement,mangareva_culture
me_land_1293,Wainhold,me_rhun_region,RH2,city,14.277,me_karmachi,me_melkorism,,wheat,city,ajie_culture
me_land_1294,Minas sarndor,me_ithilien_region,WILD,wilderness,0.007,me_gondorian,me_valar_worship,,stone,rural_settlement,
me_land_1295,Zaresh,me_umbar_region,UMB,place,1.679,me_umbarite,me_sauron_cult,,wool,rural_settlement,umpila_culture
me_land_1296,Cedarhall,me_enedwaith_region,WILD,wilderness,0.012,me_dunlending,me_dunland_ways,,wool,rural_settlement,
me_land_1297,Grishshak,me_mordor_region,MOR,place,5.742,me_mordor_orc,me_sauron_cult,,iron,rural_settlement,azeri_culture
me_land_1298,Fords of Isen,me_rohan_region,ISE,landmark,0.33,me_isengard_uruk,me_sauron_cult,,clay,rural_settlement,
me_land_1299,Field of Celebrant,me_anduin_vale_region,WILD,landmark,0.06,me_woodman,me_northern_ways,,wool,rural_settlement,
me_land_1300,Deephall,me_enedwaith_region,WILD,wilderness,0.013,me_dunlending,me_dunland_ways,,livestock,rural_settlement,
me_land_1301,Ost sarndor,me_north_arnor_region,WILD,wilderness,0.015,me_eriadoran,me_northern_ways,,clay,rural_settlement,
me_land_1302,Krimpshak,me_mordor_region,MOR,place,1.264,me_mordor_orc,me_sauron_cult,,stone,rural_settlement,
me_land_1303,Taur sarndor,me_brown_lands_region,WILD,wilderness,0.015,me_woodman,me_northern_ways,,wool,rural_settlement,
me_land_1304,Easthall,me_enedwaith_region,DUN,place,4.105,me_dunlending,me_dunland_ways,,wheat,rural_settlement,hathawekela_culture
me_land_1305,Greenhall,me_enedwaith_region,WILD,wilderness,0.013,me_dunlending,me_dunland_ways,,livestock,rural_settlement,
me_land_1306,Iceshore,me_northern_wastes_region,WILD,wilderness,0.013,me_lossoth,me_lossoth_ways,,wheat,rural_settlement,
me_land_1307,Greyhall,me_mirkwood_region,WDM,place,1.141,me_woodman,me_northern_ways,,medicaments,rural_settlement,
me_land_1308,Northshore,me_northern_wastes_region,WILD,wilderness,0.013,me_lossoth,me_lossoth_ways,,wheat,rural_settlement,
me_land_1309,Azrim,me_near_harad_region,HNE,place,2.034,me_near_haradrim,me_southron_ways,,copper,rural_settlement,qashqai_culture
me_land_1310,Lugshak,me_mordor_region,WILD,wilderness,0.013,me_mordor_orc,me_sauron_cult,,stone,rural_settlement,
me_land_1311,Brandywine Bridge,me_shire_breeland_region,BRE,landmark,0.49,me_eriadoran,me_northern_ways,,fiber_crops,rural_settlement,
me_land_1312,Mauhshak,me_angmar_region,GUN,place,0.495,me_northern_orc,me_melkorism,,wild_game,rural_settlement,
me_land_1313,Bahrim,me_near_harad_region,HRA,place,4.546,me_near_haradrim,me_southron_ways,,wool,rural_settlement,gumuz_culture
me_land_1314,Longhall,me_enedwaith_region,WILD,wilderness,0.015,me_dunlending,me_dunland_ways,,wheat,rural_settlement,
me_land_1315,Muzgshak,me_mordor_region,WILD,wilderness,0.013,me_mordor_orc,me_sauron_cult,,wheat,rural_settlement,
me_land_1316,Bar sarndor,me_brown_lands_region,WILD,wilderness,0.011,me_woodman,me_northern_ways,,horses,rural_settlement,
me_land_1317,Calen sarndor,me_north_arnor_region,WILD,wilderness,0.015,me_eriadoran,me_northern_ways,,wool,rural_settlement,
me_land_1318,Kingfell,me_dale_region,DAL,place,1.967,me_dalish,me_northern_ways,,wool,rural_settlement,rikbaktsa_culture
me_land_1319,Balar Camp,me_rhun_region,RHU,place,2.621,me_balchoth,me_sauron_cult,,livestock,rural_settlement,manekenk_culture
me_land_1320,Darim,me_umbar_region,UMB,place,1.679,me_umbarite,me_sauron_cult,,wool,rural_settlement,umida_culture
me_land_1321,Celon sarndor,me_lebennin_region,GON,place,5.472,me_gondorian,me_valar_worship,,wool,rural_settlement,cheke_holo_culture
me_land_1322,Rushbottom,me_shire_breeland_region,WILD,wilderness,0.015,me_eriadoran,me_northern_ways,,fiber_crops,rural_settlement,
me_land_1323,Kandek,me_khand_region,KHA,place,1.01,me_variag,me_melkorism,,livestock,rural_settlement,
me_land_1324,Nazgshak,me_mordor_region,MOR,place,7.563,me_mordor_orc,me_sauron_cult,,stone,rural_settlement,apalachee_culture
me_land_1325,Nim sarndor,me_north_arnor_region,WILD,wilderness,0.015,me_eriadoran,me_northern_ways,,wool,rural_settlement,
me_land_1326,Skaishak,me_mordor_region,MOR,place,1.264,me_mordor_orc,me_sauron_cult,,iron,rural_settlement,
me_land_1327,Grey Mountain Ruins,me_northern_wastes_region,WILD,ruin,0,me_lossoth,me_lossoth_ways,,fur,rural_settlement,
me_land_1328,Uglshak,me_mordor_region,MOR,place,7.563,me_mordor_orc,me_sauron_cult,,iron,rural_settlement,aonikenk_culture
me_land_1329,Urukshak,me_rohan_region,ISE,place,0.33,me_isengard_uruk,me_sauron_cult,,livestock,rural_settlement,
me_land_1330,Khazek,me_far_harad_region,KHA,place,1.01,me_variag,me_melkorism,,salt,rural_settlement,
me_land_1331,Amon thorondor,me_belfalas_region,GON,place,5.472,me_gondorian,me_valar_worship,,wool,rural_settlement,chehalis_culture
me_land_1332,Ashsnaga,me_mordor_region,WILD,wilderness,0.013,me_mordor_orc,me_sauron_cult,,wheat,rural_settlement,
me_land_1333,Dol thorondor,me_north_arnor_region,WILD,wilderness,0.015,me_eriadoran,me_northern_ways,,livestock,rural_settlement,
me_land_1334,Azgsnaga,me_mordor_region,MOR,place,1.264,me_mordor_orc,me_sauron_cult,,stone,rural_settlement,
me_land_1335,Farim,me_near_harad_region,HRA,place,4.546,me_near_haradrim,me_southron_ways,,salt,rural_settlement,gumbaynggirr_culture
me_land_1336,Northhall,me_enedwaith_region,WILD,wilderness,0.013,me_dunlending,me_dunland_ways,,wool,rural_settlement,
me_land_1337,Eithel thorondor,me_north_arnor_region,WILD,wilderness,0.015,me_eriadoran,me_northern_ways,,clay,rural_settlement,
me_land_1338,Emyn thorondor,me_ithilien_region,WILD,wilderness,0.007,me_gondorian,me_valar_worship,,stone,rural_settlement,
me_land_1339,Oakhall,me_mirkwood_region,WILD,wilderness,0.013,me_woodman,me_northern_ways,,wool,rural_settlement,
me_land_1340,Borar Camp,me_rhun_region,RH2,place,1.908,me_karmachi,me_melkorism,,wool,rural_settlement,singa_culture
me_land_1341,Hadrim,me_umbar_region,UMB,place,1.679,me_umbarite,me_sauron_cult,,livestock,rural_settlement,umboi_culture
me_land_1342,Ridfeld,me_rohan_region,ROH,place,2.398,me_rohirric,me_northern_ways,,clay,rural_settlement,nu_culture
me_land_1343,Kharim,me_far_harad_region,HFA,place,3.343,me_far_haradrim,me_southron_ways,,wool,rural_settlement,katla_culture
me_land_1344,Blacksnaga,me_north_arnor_region,ANG,place,1.484,me_northern_orc,me_melkorism,,livestock,rural_settlement,wik_culture
me_land_1345,Gathar Camp,me_rhun_region,RH2,place,1.908,me_karmachi,me_melkorism,,wool,rural_settlement,sindhi
me_land_1346,Barazdûm,me_rhun_region,IRO,place,0.446,me_longbeard,me_mahal_cult,,livestock,rural_settlement,
me_land_1347,Southhall,me_mirkwood_region,WDM,place,1.63,me_woodman,me_northern_ways,,livestock,rural_settlement,wampanoag_culture
me_land_1348,Khorek,me_near_harad_region,KHA,place,1.01,me_variag,me_melkorism,,wool,rural_settlement,
me_land_1349,Imlad thorondor,me_brown_lands_region,WILD,wilderness,0.011,me_woodman,me_northern_ways,,livestock,rural_settlement,
me_land_1350,Ruzek,me_khand_region,KHA,place,1.01,me_variag,me_melkorism,,copper,rural_settlement,
me_land_1351,Thengelfeld,me_rohan_region,ROH,place,2.398,me_rohirric,me_northern_ways,,livestock,rural_settlement,nsudi
me_land_1352,Karmar Camp,me_rhun_region,RH2,place,1.908,me_karmachi,me_melkorism,,clay,rural_settlement,sinaugoro_culture
me_land_1353,Khurar Camp,me_rhun_region,RHU,place,3.493,me_balchoth,me_sauron_cult,,livestock,rural_settlement,kamarupi
me_land_1354,Paleshore,me_northern_wastes_region,WILD,wilderness,0.006,me_lossoth,me_lossoth_ways,,fur,rural_settlement,
me_land_1355,Stonehall,me_enedwaith_region,WILD,wilderness,0.013,me_dunlending,me_dunland_ways,,wool,rural_settlement,
me_land_1356,Minas thorondor,me_north_arnor_region,WILD,wilderness,0.015,me_eriadoran,me_northern_ways,,livestock,rural_settlement,
me_land_1357,Westhall,me_enedwaith_region,WILD,wilderness,0.013,me_dunlending,me_dunland_ways,,wheat,rural_settlement,
me_land_1358,Alderheath,me_enedwaith_region,WILD,wilderness,0.015,me_dunlending,me_dunland_ways,,wool,rural_settlement,
me_land_1359,Ost thorondor,me_north_arnor_region,WILD,wilderness,0.015,me_eriadoran,me_northern_ways,,clay,rural_settlement,
me_land_1360,Stoneden,me_anduin_vale_region,BEO,place,0.168,me_beorning,me_northern_ways,,wool,rural_settlement,
me_land_1361,Sealshore,me_northern_wastes_region,WILD,wilderness,0.006,me_lossoth,me_lossoth_ways,,wild_game,rural_settlement,
me_land_1362,Taur thorondor,me_lindon_region,LIN,place,0.093,me_sindar,me_valar_worship,,wheat,rural_settlement,
me_land_1363,Bar thorondor,me_north_arnor_region,WILD,wilderness,0.012,me_eriadoran,me_northern_ways,,wool,rural_settlement,
me_land_1364,Burzsnaga,me_north_arnor_region,ANG,place,1.484,me_northern_orc,me_melkorism,,clay,rural_settlement,wichi_culture
me_land_1365,Lodar Camp,me_rhun_region,RH2,place,1.432,me_karmachi,me_melkorism,,livestock,rural_settlement,
me_land_1366,Calen thorondor,me_belfalas_region,DAM,place,2.468,me_dol_amrothian,me_valar_worship,,livestock,rural_settlement,mura_culture
me_land_1367,Narar Camp,me_rhun_region,RH2,place,1.432,me_karmachi,me_melkorism,,wheat,rural_settlement,
me_land_1368,Celon thorondor,me_brown_lands_region,WILD,wilderness,0.013,me_woodman,me_northern_ways,,livestock,rural_settlement,
me_land_1369,Nim thorondor,me_lebennin_region,GON,place,5.472,me_gondorian,me_valar_worship,,wool,rural_settlement,chatot_culture
me_land_1370,Lakefell,me_rhun_region,DOR,place,1.366,me_dorwinrim,me_northern_ways,,horses,rural_settlement,
me_land_1371,Dushsnaga,me_mordor_region,MOR,place,5.742,me_mordor_orc,me_sauron_cult,,iron,rural_settlement,ayoreo_culture
me_land_1372,Snowshore,me_northern_wastes_region,WILD,wilderness,0.013,me_lossoth,me_lossoth_ways,,wool,rural_settlement,
me_land_1373,Ashheath,me_shire_breeland_region,BRE,place,0.49,me_eriadoran,me_northern_ways,,wool,rural_settlement,
me_land_1374,Rhovar Camp,me_rhun_region,RH2,place,1.908,me_karmachi,me_melkorism,,wool,rural_settlement,silyagir_culture
me_land_1375,Amon adardûr,me_brown_lands_region,WILD,wilderness,0.013,me_woodman,me_northern_ways,,livestock,rural_settlement,
me_land_1376,Skarnek,me_khand_region,KHA,place,1.01,me_variag,me_melkorism,,wool,rural_settlement,
me_land_1377,Dol adardûr,me_belfalas_region,DAM,place,2.468,me_dol_amrothian,me_valar_worship,,wheat,rural_settlement,muong_culture
me_land_1378,Sagar Camp,me_rhun_region,RHU,place,2.621,me_balchoth,me_sauron_cult,,wheat,rural_settlement,mandja_culture
me_land_1379,Eithel adardûr,me_lebennin_region,GON,place,5.472,me_gondorian,me_valar_worship,,livestock,rural_settlement,charrua_culture
me_land_1380,Starshore,me_northern_wastes_region,WILD,wilderness,0.011,me_lossoth,me_lossoth_ways,,livestock,rural_settlement,
me_land_1381,Mahrim,me_near_harad_region,HNE,place,2.034,me_near_haradrim,me_southron_ways,,salt,rural_settlement,qanjobal_culture
me_land_1382,Narim,me_far_harad_region,HNE,place,2.034,me_near_haradrim,me_southron_ways,,wool,rural_settlement,pyemmairrener_culture
me_land_1383,Ghashsnaga,me_mordor_region,MOR,place,1.264,me_mordor_orc,me_sauron_cult,,iron,rural_settlement,
me_land_1384,Barrowheath,me_enedwaith_region,WILD,wilderness,0.013,me_dunlending,me_dunland_ways,,fish,rural_settlement,
me_land_1385,Sharar Camp,me_rhun_region,RHU,place,3.494,me_balchoth,me_sauron_cult,,wool,rural_settlement,kam_culture
me_land_1386,Qasim,me_umbar_region,UMB,place,1.679,me_umbarite,me_sauron_cult,,copper,rural_settlement,ulwas_culture
me_land_1387,Gorsnaga,me_mordor_region,MOR,place,1.264,me_mordor_orc,me_sauron_cult,,wheat,rural_settlement,
me_land_1388,Beaconheath,me_enedwaith_region,WILD,wilderness,0.013,me_dunlending,me_dunland_ways,,livestock,rural_settlement,
me_land_1389,Uldar Camp,me_rhun_region,RH2,place,1.908,me_karmachi,me_melkorism,,wool,rural_settlement,silesian
me_land_1390,Rakhim,me_umbar_region,UMB,place,1.679,me_umbarite,me_sauron_cult,,salt,rural_settlement,ulch_culture
me_land_1391,Whiteshore,me_northern_wastes_region,WILD,wilderness,0.006,me_lossoth,me_lossoth_ways,,fish,rural_settlement,
me_land_1392,Targek,me_far_harad_region,KHA,place,1.01,me_variag,me_melkorism,,copper,rural_settlement,
me_land_1393,Wainar Camp,me_rhun_region,RH2,place,1.432,me_karmachi,me_melkorism,,livestock,rural_settlement,
me_land_1394,Sahrim,me_umbar_region,UMB,place,1.679,me_umbarite,me_sauron_cult,,salt,rural_settlement,ukaragma_culture
me_land_1395,Emyn adardûr,me_belfalas_region,DAM,place,2.468,me_dol_amrothian,me_valar_worship,,wheat,rural_settlement,munsee_culture
me_land_1396,Zorar Camp,me_rhun_region,RH2,place,1.908,me_karmachi,me_melkorism,,clay,rural_settlement,siksika_culture
me_land_1397,Thistlebottom,me_shire_breeland_region,SHI,place,2.868,me_shire_hobbit,me_northern_ways,,fiber_crops,rural_settlement,kitsai_culture
me_land_1398,Grishsnaga,me_mordor_region,MOR,place,1.264,me_mordor_orc,me_sauron_cult,,livestock,rural_settlement,
me_land_1399,Longfell,me_dale_region,ESG,place,0.437,me_dalish,me_northern_ways,,medicaments,rural_settlement,
me_land_1400,Imlad adardûr,me_ithilien_region,WILD,wilderness,0.007,me_gondorian,me_valar_worship,,iron,rural_settlement,
me_land_1401,Minas adardûr,me_lindon_region,LIN,place,0.093,me_sindar,me_valar_worship,,livestock,rural_settlement,
me_land_1402,Valeden,me_anduin_vale_region,BEO,place,0.306,me_beorning,me_northern_ways,,wool,rural_settlement,
me_land_1403,Ost adardûr,me_belfalas_region,GON,place,5.472,me_gondorian,me_valar_worship,,wool,rural_settlement,charka_culture
me_land_1404,Taur adardûr,me_ithilien_region,WILD,wilderness,0.007,me_gondorian,me_valar_worship,,salt,rural_settlement,
me_land_1405,Bar adardûr,me_ithilien_region,WILD,wilderness,0.015,me_gondorian,me_valar_worship,,wheat,rural_settlement,
me_land_1406,Wintershore,me_forochel_region,LOS,place,0.031,me_lossoth,me_lossoth_ways,,fish,rural_settlement,
me_land_1407,Woldfeld,me_rohan_region,ROH,place,2.398,me_rohirric,me_northern_ways,,horses,rural_settlement,nsenga
me_land_1408,Varkek,me_far_harad_region,KHA,place,1.011,me_variag,me_melkorism,,wool,rural_settlement,
me_land_1409,Blackheath,me_mirkwood_region,WILD,wilderness,0.013,me_woodman,me_northern_ways,,wool,rural_settlement,
me_land_1410,Brambleheath,me_anduin_vale_region,WILD,wilderness,0.015,me_woodman,me_northern_ways,,wool,rural_settlement,
me_land_1411,Calen adardûr,me_south_gondor_region,GON,place,0.855,me_gondorian,me_valar_worship,,salt,rural_settlement,
me_land_1412,Krimpsnaga,me_mordor_region,MOR,place,5.742,me_mordor_orc,me_sauron_cult,,wheat,rural_settlement,ayan_mai_culture
me_land_1413,Balath Camp,me_rhun_region,RHU,place,2.621,me_balchoth,me_sauron_cult,,wool,rural_settlement,mandinka
me_land_1414,Celon adardûr,me_north_arnor_region,WILD,wilderness,0.015,me_eriadoran,me_northern_ways,,clay,rural_settlement,
me_land_1415,Nim adardûr,me_south_gondor_region,GON,place,5.472,me_gondorian,me_valar_worship,,livestock,rural_settlement,chaozhou_culture
me_land_1416,Amon aeldûr,me_mirkwood_region,WOO,place,0.648,me_silvan,me_valar_worship,,medicaments,rural_settlement,
me_land_1417,Bucklandheath,me_enedwaith_region,WILD,wilderness,0.013,me_dunlending,me_dunland_ways,,wheat,rural_settlement,
me_land_1418,Zandek,me_far_harad_region,KHA,place,1.011,me_variag,me_melkorism,,copper,rural_settlement,
me_land_1419,Cedarheath,me_enedwaith_region,WILD,wilderness,0.013,me_dunlending,me_dunland_ways,,wool,rural_settlement,
me_land_1420,Dol aeldûr,me_north_arnor_region,WILD,wilderness,0.015,me_eriadoran,me_northern_ways,,livestock,rural_settlement,
me_land_1421,Lugsnaga,me_mordor_region,WILD,wilderness,0.013,me_mordor_orc,me_sauron_cult,,iron,rural_settlement,
me_land_1422,Coldwater,me_forochel_region,LOS,place,0.031,me_lossoth,me_lossoth_ways,,wild_game,rural_settlement,
me_land_1423,Borath Camp,me_rhun_region,RHU,place,2.621,me_balchoth,me_sauron_cult,,wheat,rural_settlement,mandean_culture
me_land_1424,Eithel aeldûr,me_mirkwood_region,WOO,place,0.648,me_silvan,me_valar_worship,,wild_game,rural_settlement,
me_land_1425,Gathath Camp,me_rhun_region,RHU,place,2.621,me_balchoth,me_sauron_cult,,wheat,rural_settlement,mandaya_culture
me_land_1426,Emyn aeldûr,me_lindon_region,LIN,place,0.093,me_sindar,me_valar_worship,,livestock,rural_settlement,
me_land_1427,Deepheath,me_mirkwood_region,WILD,wilderness,0.013,me_woodman,me_northern_ways,,clay,rural_settlement,
me_land_1428,Mauhsnaga,me_anduin_vale_region,GOB,place,1.298,me_misty_orc,me_melkorism,,wool,rural_settlement,
me_land_1429,Imlad aeldûr,me_lebennin_region,GON,place,5.472,me_gondorian,me_valar_worship,,clay,rural_settlement,chaoui
me_land_1430,Minas aeldûr,me_north_arnor_region,WILD,wilderness,0.015,me_eriadoran,me_northern_ways,,wool,rural_settlement,
me_land_1431,Ost aeldûr,me_brown_lands_region,WILD,wilderness,0.013,me_woodman,me_northern_ways,,wool,rural_settlement,
me_land_1432,Taur aeldûr,me_lebennin_region,GON,place,5.472,me_gondorian,me_valar_worship,,livestock,rural_settlement,chanka_culture
me_land_1433,Muzgsnaga,me_mordor_region,WILD,wilderness,0.013,me_mordor_orc,me_sauron_cult,,stone,rural_settlement,
me_land_1434,Karmath Camp,me_rhun_region,RHU,place,2.621,me_balchoth,me_sauron_cult,,wool,rural_settlement,mandarese_culture
me_land_1435,Wildden,me_anduin_vale_region,BEO,place,0.306,me_beorning,me_northern_ways,,clay,rural_settlement,
me_land_1436,Bar aeldûr,me_brown_lands_region,WILD,wilderness,0.016,me_woodman,me_northern_ways,,livestock,rural_settlement,
me_land_1437,Khurath Camp,me_rhun_region,RHU,place,2.621,me_balchoth,me_sauron_cult,,wool,rural_settlement,mandara_culture
me_land_1438,Calen aeldûr,me_north_arnor_region,WILD,wilderness,0.015,me_eriadoran,me_northern_ways,,livestock,rural_settlement,
me_land_1439,Nazgsnaga,me_mordor_region,WILD,wilderness,0.013,me_mordor_orc,me_sauron_cult,,stone,rural_settlement,
me_land_1440,Skaisnaga,me_mordor_region,MOR,place,5.742,me_mordor_orc,me_sauron_cult,,wheat,rural_settlement,ayamanes_culture
me_land_1441,Lodath Camp,me_rhun_region,RHU,place,2.621,me_balchoth,me_sauron_cult,,wool,rural_settlement,manaos_culture
me_land_1442,Celon aeldûr,me_north_arnor_region,RAN,place,0.168,me_arnor_dunedain,me_valar_worship,,clay,rural_settlement,
me_land_1443,Nim aeldûr,me_ithilien_region,WILD,wilderness,0.007,me_gondorian,me_valar_worship,,iron,rural_settlement,
me_land_1444,Uglsnaga,me_mordor_region,MOR,place,1.264,me_mordor_orc,me_sauron_cult,,stone,rural_settlement,
me_land_1445,Uruksnaga,me_mordor_region,MOR,place,5.742,me_mordor_orc,me_sauron_cult,,wheat,rural_settlement,awyu_culture
me_land_1446,Amon annondûr,me_belfalas_region,GON,place,3.777,me_gondorian,me_valar_worship,,wool,rural_settlement,itza_culture
me_land_1447,Dol annondûr,me_brown_lands_region,WILD,wilderness,0.013,me_woodman,me_northern_ways,,clay,rural_settlement,
me_land_1448,Willowbottom,me_shire_breeland_region,SHI,place,2.868,me_shire_hobbit,me_northern_ways,,fiber_crops,rural_settlement,kitkehaki_culture
me_land_1449,Eastheath,me_enedwaith_region,WILD,wilderness,0.015,me_dunlending,me_dunland_ways,,clay,rural_settlement,
me_land_1450,Eithel annondûr,me_ithilien_region,WILD,wilderness,0.007,me_gondorian,me_valar_worship,,stone,rural_settlement,
me_land_1451,Arzesh,me_khand_region,KHA,place,1.011,me_variag,me_melkorism,,livestock,rural_settlement,
me_land_1452,Willowbark,me_anduin_vale_region,FAN,place,0.016,me_onodrim,me_eldest_ways,,wheat,rural_settlement,
me_land_1453,Emyn annondûr,me_north_arnor_region,WILD,wilderness,0.015,me_eriadoran,me_northern_ways,,livestock,rural_settlement,
me_land_1454,Imlad annondûr,me_north_arnor_region,WILD,wilderness,0.013,me_eriadoran,me_northern_ways,,wheat,rural_settlement,
me_land_1455,Narath Camp,me_rhun_region,RHU,place,2.621,me_balchoth,me_sauron_cult,,horses,rural_settlement,managir_culture
me_land_1456,Woodden,me_anduin_vale_region,BEO,place,0.306,me_beorning,me_northern_ways,,livestock,rural_settlement,
me_land_1457,Balkesh,me_khand_region,KHA,place,1.011,me_variag,me_melkorism,,fish,rural_settlement,
me_land_1458,Applebrook,me_shire_breeland_region,WILD,wilderness,0.015,me_eriadoran,me_northern_ways,,wheat,rural_settlement,
me_land_1459,Drazesh,me_near_harad_region,KHA,place,1.011,me_variag,me_melkorism,,copper,rural_settlement,
me_land_1460,Tazim,me_near_harad_region,HNE,place,2.034,me_near_haradrim,me_southron_ways,,wool,rural_settlement,putun_culture
me_land_1461,Ravenfell,me_rhun_region,DOR,place,1.82,me_dorwinrim,me_northern_ways,,clay,rural_settlement,tajik_culture
me_land_1462,Greenheath,me_mirkwood_region,WILD,wilderness,0.013,me_woodman,me_northern_ways,,clay,rural_settlement,
me_land_1463,Ashzagh,me_mordor_region,WILD,wilderness,0.007,me_mordor_orc,me_sauron_cult,,stone,rural_settlement,
me_land_1464,Rhovath Camp,me_rhun_region,RH2,place,1.908,me_karmachi,me_melkorism,,livestock,rural_settlement,sikkim_culture
me_land_1465,Umrim,me_umbar_region,UMB,place,1.679,me_umbarite,me_sauron_cult,,livestock,rural_settlement,uitoto_culture
me_land_1466,Minas annondûr,me_lebennin_region,GON,place,5.472,me_gondorian,me_valar_worship,,wheat,rural_settlement,changpa_culture
me_land_1467,Brownbrook,me_shire_breeland_region,WILD,wilderness,0.015,me_eriadoran,me_northern_ways,,fiber_crops,rural_settlement,
me_land_1468,Ost annondûr,me_dale_region,WOO,place,0.648,me_silvan,me_valar_worship,,medicaments,rural_settlement,
me_land_1469,Azgzagh,me_mordor_region,MOR,place,5.742,me_mordor_orc,me_sauron_cult,,iron,rural_settlement,awyi_culture
me_land_1470,Greyheath,me_anduin_vale_region,WILD,wilderness,0.015,me_woodman,me_northern_ways,,wool,rural_settlement,
me_land_1471,Aldfold,me_rohan_region,ROH,place,2.398,me_rohirric,me_northern_ways,,horses,rural_settlement,novgorodian
me_land_1472,Zarim,me_umbar_region,UMB,place,1.679,me_umbarite,me_sauron_cult,,wool,rural_settlement,ughele_culture
me_land_1473,Beorfold,me_rohan_region,ROH,place,2.398,me_rohirric,me_northern_ways,,horses,rural_settlement,nottoway_culture
me_land_1474,Taur annondûr,me_brown_lands_region,WILD,wilderness,0.015,me_woodman,me_northern_ways,,clay,rural_settlement,
me_land_1475,Bizardûm,me_grey_mountains_region,WILD,wilderness,0.01,me_northern_orc,me_melkorism,,wild_game,rural_settlement,
me_land_1476,Longheath,me_enedwaith_region,WILD,wilderness,0.015,me_dunlending,me_dunland_ways,,clay,rural_settlement,
me_land_1477,Bar annondûr,me_anduin_vale_region,LOR,place,1.226,me_galadhrim,me_valar_worship,,wool,rural_settlement,
me_land_1478,Sagath Camp,me_rhun_region,RH2,place,0.975,me_karmachi,me_melkorism,,wool,rural_settlement,
me_land_1479,Bunddûm,me_rhun_region,IRO,place,0.446,me_longbeard,me_mahal_cult,,wool,rural_settlement,
me_land_1480,Gharesh,me_khand_region,KHA,place,1.011,me_variag,me_melkorism,,wool,rural_settlement,
me_land_1481,Calen annondûr,me_belfalas_region,GON,place,3.777,me_gondorian,me_valar_worship,,livestock,rural_settlement,itonama_culture
me_land_1482,Sharath Camp,me_rhun_region,RH2,place,1.908,me_karmachi,me_melkorism,,wheat,rural_settlement,sikka_culture
me_land_1483,Uldath Camp,me_rhun_region,RHU,place,2.621,me_balchoth,me_sauron_cult,,wheat,rural_settlement,mamusi_culture
me_land_1484,Northheath,me_enedwaith_region,WILD,wilderness,0.013,me_dunlending,me_dunland_ways,,clay,rural_settlement,
me_land_1485,Azrir,me_near_harad_region,UMB,place,1.679,me_umbarite,me_sauron_cult,,wool,rural_settlement,udmurt
me_land_1486,Driftwater,me_northern_wastes_region,WILD,wilderness,0.006,me_lossoth,me_lossoth_ways,,fish,rural_settlement,
me_land_1487,Celon annondûr,me_lebennin_region,GON,place,5.472,me_gondorian,me_valar_worship,,wool,rural_settlement,chango_culture
me_land_1488,Butterbrook,me_shire_breeland_region,SHI,place,2.868,me_shire_hobbit,me_northern_ways,,wool,rural_settlement,kitikitish_culture
me_land_1489,Oakheath,me_enedwaith_region,WILD,wilderness,0.015,me_dunlending,me_dunland_ways,,livestock,rural_settlement,
me_land_1490,Nim annondûr,me_north_arnor_region,WILD,wilderness,0.015,me_eriadoran,me_northern_ways,,clay,rural_settlement,
me_land_1491,Frostwater,me_northern_wastes_region,WILD,wilderness,0.006,me_lossoth,me_lossoth_ways,,fur,rural_settlement,
me_land_1492,Kandesh,me_far_harad_region,KHA,place,1.011,me_variag,me_melkorism,,livestock,rural_settlement,
me_land_1493,Amon beldûr,me_brown_lands_region,WILD,wilderness,0.011,me_woodman,me_northern_ways,,wheat,rural_settlement,
me_land_1494,Blackzagh,me_mordor_region,MOR,place,5.742,me_mordor_orc,me_sauron_cult,,iron,rural_settlement,awaete_culture
me_land_1495,Southheath,me_mirkwood_region,WDM,place,1.141,me_woodman,me_northern_ways,,wild_game,rural_settlement,
me_land_1496,Wainath Camp,me_rhun_region,RHU,place,2.621,me_balchoth,me_sauron_cult,,wool,rural_settlement,mamprusi
me_land_1497,Paths of the Dead,me_rohan_region,ROH,ruin,0,me_rohirric,me_northern_ways,,horses,rural_settlement,
me_land_1498,Stoneheath,me_enedwaith_region,WILD,wilderness,0.013,me_dunlending,me_dunland_ways,,clay,rural_settlement,
me_land_1499,Zorath Camp,me_rhun_region,RH2,place,1.432,me_karmachi,me_melkorism,,livestock,rural_settlement,
me_land_1500,Redfell,me_rhun_region,DOR,place,1.366,me_dorwinrim,me_northern_ways,,wool,rural_settlement,
me_land_1501,Bahrir,me_near_harad_region,UMB,place,1.006,me_umbarite,me_sauron_cult,,salt,rural_settlement,
me_land_1502,Icewater,me_northern_wastes_region,WILD,wilderness,0.013,me_lossoth,me_lossoth_ways,,livestock,rural_settlement,
me_land_1503,Burzzagh,me_mordor_region,MOR,place,1.264,me_mordor_orc,me_sauron_cult,,livestock,rural_settlement,
me_land_1504,Dushzagh,me_mordor_region,WILD,wilderness,0.007,me_mordor_orc,me_sauron_cult,,wheat,rural_settlement,
me_land_1505,Ghashzagh,me_rohan_region,ISE,place,0.238,me_isengard_uruk,me_sauron_cult,,horses,rural_settlement,
me_land_1506,Balen Camp,me_rhun_region,RH2,place,1.908,me_karmachi,me_melkorism,,wheat,rural_settlement,sihanaka_culture
me_land_1507,Alderbole,me_anduin_vale_region,FAN,place,0.019,me_onodrim,me_eldest_ways,,livestock,rural_settlement,
me_land_1508,Northwater,me_northern_wastes_region,WILD,wilderness,0.006,me_lossoth,me_lossoth_ways,,fur,rural_settlement,
me_land_1509,Dol beldûr,me_belfalas_region,GON,place,5.472,me_gondorian,me_valar_worship,,clay,rural_settlement,changde_culture
me_land_1510,Darir,me_far_harad_region,HRA,place,4.546,me_near_haradrim,me_southron_ways,,salt,rural_settlement,gulidjan_culture
me_land_1511,Westheath,me_enedwaith_region,WILD,wilderness,0.015,me_dunlending,me_dunland_ways,,livestock,rural_settlement,
me_land_1512,Farir,me_far_harad_region,HFA,place,5.583,me_far_haradrim,me_southron_ways,,wool,rural_settlement,bannock_culture
me_land_1513,Hadrir,me_umbar_region,UMB,place,1.679,me_umbarite,me_sauron_cult,,copper,rural_settlement,udege_culture
me_land_1514,Eithel beldûr,me_lebennin_region,GON,place,5.472,me_gondorian,me_valar_worship,,clay,rural_settlement,chancay_culture
me_land_1515,Emyn beldûr,me_north_arnor_region,WILD,wilderness,0.015,me_eriadoran,me_northern_ways,,clay,rural_settlement,
me_land_1516,Imlad beldûr,me_lebennin_region,GON,place,5.472,me_gondorian,me_valar_worship,,clay,rural_settlement,chana_culture
me_land_1517,Beechbole,me_rohan_region,FAN,place,0.016,me_onodrim,me_eldest_ways,,horses,rural_settlement,
me_land_1518,Minas beldûr,me_belfalas_region,DAM,place,2.468,me_dol_amrothian,me_valar_worship,,wool,rural_settlement,munda_culture
me_land_1519,Cair Andros,me_ithilien_region,GON,fortress,27.343,me_gondorian,me_valar_worship,,wool,town,aeta_culture
me_land_1520,Khazesh,me_near_harad_region,KHA,place,1.011,me_variag,me_melkorism,,wool,rural_settlement,
me_land_1521,Aldermere,me_mirkwood_region,WDM,place,1.141,me_woodman,me_northern_ways,,wool,rural_settlement,
me_land_1522,Ashmere,me_anduin_vale_region,WILD,wilderness,0.015,me_woodman,me_northern_ways,,clay,rural_settlement,
me_land_1523,Ost beldûr,me_belfalas_region,DAM,place,2.468,me_dol_amrothian,me_valar_worship,,livestock,rural_settlement,muna_culture
me_land_1524,Bregofold,me_rohan_region,ROH,place,2.398,me_rohirric,me_northern_ways,,clay,rural_settlement,norwegian
me_land_1525,Boren Camp,me_rhun_region,RH3,place,4.951,me_sagath,me_melkorism,,wheat,rural_settlement,finnish
me_land_1526,Taur beldûr,me_lebennin_region,GON,place,5.472,me_gondorian,me_valar_worship,,wheat,rural_settlement,champenais
me_land_1527,Bar beldûr,me_brown_lands_region,WILD,wilderness,0.015,me_woodman,me_northern_ways,,wool,rural_settlement,
me_land_1528,Gorzagh,me_mordor_region,MOR,place,7.563,me_mordor_orc,me_sauron_cult,,stone,rural_settlement,aondironon_culture
me_land_1529,Gathen Camp,me_rhun_region,RH3,place,4.951,me_sagath,me_melkorism,,wool,rural_settlement,fataluku_culture
me_land_1530,Calen beldûr,me_brown_lands_region,WILD,wilderness,0.011,me_woodman,me_northern_ways,,horses,rural_settlement,
me_land_1531,Khoresh,me_khand_region,KHA,place,1.011,me_variag,me_melkorism,,copper,rural_settlement,
me_land_1532,Palewater,me_forochel_region,LOS,place,0.215,me_lossoth,me_lossoth_ways,,fur,rural_settlement,
me_land_1533,Celon beldûr,me_belfalas_region,GON,place,5.472,me_gondorian,me_valar_worship,,livestock,rural_settlement,chamoru_culture
me_land_1534,Grishzagh,me_mordor_region,MOR,place,1.264,me_mordor_orc,me_sauron_cult,,iron,rural_settlement,
me_land_1535,Ceorlfold,me_rohan_region,ROH,place,2.398,me_rohirric,me_northern_ways,,wool,rural_settlement,northumbrian
me_land_1536,Barrowmere,me_enedwaith_region,WILD,wilderness,0.016,me_dunlending,me_dunland_ways,,clay,rural_settlement,
me_land_1537,Krimpzagh,me_mordor_region,MOR,place,5.742,me_mordor_orc,me_sauron_cult,,wheat,rural_settlement,awadhi
me_land_1538,Nim beldûr,me_anduin_vale_region,LOR,place,0.666,me_galadhrim,me_valar_worship,,wild_game,rural_settlement,
me_land_1539,Kharir,me_far_harad_region,HFA,place,5.583,me_far_haradrim,me_southron_ways,,wool,rural_settlement,banjara
me_land_1540,Beaconmere,me_enedwaith_region,WILD,wilderness,0.013,me_dunlending,me_dunland_ways,,livestock,rural_settlement,
me_land_1541,Lugzagh,me_grey_mountains_region,GUN,place,5.13,me_northern_orc,me_melkorism,,clay,rural_settlement,dakelh_culture
me_land_1542,Amon borndûr,me_anorien_region,GON,place,5.472,me_gondorian,me_valar_worship,,clay,rural_settlement,cham_culture
me_land_1543,Dol borndûr,me_south_gondor_region,GON,place,0.833,me_gondorian,me_valar_worship,,salt,rural_settlement,
me_land_1544,Déorfold,me_rohan_region,ROH,place,2.398,me_rohirric,me_northern_ways,,clay,rural_settlement,north_valley_yokut_culture
me_land_1545,Mauhzagh,me_mordor_region,WILD,wilderness,0.013,me_mordor_orc,me_sauron_cult,,livestock,rural_settlement,
me_land_1546,Eithel borndûr,me_north_arnor_region,WILD,wilderness,0.015,me_eriadoran,me_northern_ways,,clay,rural_settlement,
me_land_1547,Muzgzagh,me_mordor_region,MOR,place,1.264,me_mordor_orc,me_sauron_cult,,stone,rural_settlement,
me_land_1548,Sealwater,me_northern_wastes_region,WILD,wilderness,0.011,me_lossoth,me_lossoth_ways,,livestock,rural_settlement,
me_land_1549,Emyn borndûr,me_south_gondor_region,GON,place,0.855,me_gondorian,me_valar_worship,,copper,rural_settlement,
me_land_1550,Nazgzagh,me_anduin_vale_region,GOB,place,1.298,me_misty_orc,me_melkorism,,wheat,rural_settlement,
me_land_1551,Imlad borndûr,me_belfalas_region,DAM,place,2.468,me_dol_amrothian,me_valar_worship,,clay,rural_settlement,mum_culture
me_land_1552,Minas borndûr,me_belfalas_region,DAM,place,2.468,me_dol_amrothian,me_valar_worship,,wheat,rural_settlement,mulam_culture
me_land_1553,Skaizagh,me_mordor_region,WILD,wilderness,0.013,me_mordor_orc,me_sauron_cult,,wheat,rural_settlement,
me_land_1554,Karmen Camp,me_rhun_region,RH3,place,4.951,me_sagath,me_melkorism,,livestock,rural_settlement,fas_papua_culture
me_land_1555,Ost borndûr,me_brown_lands_region,WILD,wilderness,0.015,me_woodman,me_northern_ways,,clay,rural_settlement,
me_land_1556,Mahrir,me_far_harad_region,HFA,place,3.343,me_far_haradrim,me_southron_ways,,wool,rural_settlement,kate_culture
me_land_1557,Khuren Camp,me_rhun_region,RH2,place,1.908,me_karmachi,me_melkorism,,livestock,rural_settlement,sie_culture
me_land_1558,Taur borndûr,me_mirkwood_region,WOO,place,0.578,me_silvan,me_valar_worship,,medicaments,rural_settlement,
me_land_1559,Cloverbrook,me_shire_breeland_region,SHI,place,2.868,me_shire_hobbit,me_northern_ways,,wheat,rural_settlement,kissi
me_land_1560,Westfell,me_rhun_region,DOR,place,1.82,me_dorwinrim,me_northern_ways,,livestock,rural_settlement,taizhou_wu_culture
me_land_1561,Bar borndûr,me_lebennin_region,GON,place,5.472,me_gondorian,me_valar_worship,,livestock,rural_settlement,chalahgawtha_culture
me_land_1562,Eorlfold,me_rohan_region,ROH,place,2.398,me_rohirric,me_northern_ways,,wool,rural_settlement,norse_gael
me_land_1563,Bearford,me_anduin_vale_region,BEO,place,0.306,me_beorning,me_northern_ways,,clay,rural_settlement,
me_land_1564,Calen borndûr,me_brown_lands_region,WILD,wilderness,0.011,me_woodman,me_northern_ways,,wool,rural_settlement,
me_land_1565,Beeford,me_mirkwood_region,BEO,place,0.168,me_beorning,me_northern_ways,,wool,rural_settlement,
me_land_1566,Celon borndûr,me_ithilien_region,WILD,wilderness,0.007,me_gondorian,me_valar_worship,,stone,rural_settlement,
me_land_1567,Nim borndûr,me_ithilien_region,WILD,wilderness,0.015,me_gondorian,me_valar_worship,,wool,rural_settlement,
me_land_1568,Loden Camp,me_rhun_region,RHU,place,2.621,me_balchoth,me_sauron_cult,,wool,rural_settlement,mambai_culture
me_land_1569,Blackmere,me_anduin_vale_region,WILD,wilderness,0.015,me_woodman,me_northern_ways,,livestock,rural_settlement,
me_land_1570,Narir,me_far_harad_region,HFA,place,5.583,me_far_haradrim,me_southron_ways,,salt,rural_settlement,banjar_culture
me_land_1571,Amon carandûr,me_south_gondor_region,GON,place,4.974,me_gondorian,me_valar_worship,,wheat,rural_settlement,danish
me_land_1572,Ruzesh,me_khand_region,KHA,place,1.011,me_variag,me_melkorism,,salt,rural_settlement,
me_land_1573,Qasir,me_near_harad_region,UMB,place,1.679,me_umbarite,me_sauron_cult,,copper,rural_settlement,uchami_culture
me_land_1574,Folcfold,me_rohan_region,ROH,place,2.398,me_rohirric,me_northern_ways,,horses,rural_settlement,norn_culture
me_land_1575,Naren Camp,me_rhun_region,RHU,place,2.621,me_balchoth,me_sauron_cult,,horses,rural_settlement,mamaceqtaw_culture
me_land_1576,Rhoven Camp,me_rhun_region,RHU,place,3.494,me_balchoth,me_sauron_cult,,wheat,rural_settlement,kallawaya_culture
me_land_1577,Dol carandûr,me_lindon_region,LIN,place,0.093,me_sindar,me_valar_worship,,livestock,rural_settlement,
me_land_1578,Eithel carandûr,me_lebennin_region,GON,place,0.855,me_gondorian,me_valar_worship,,copper,rural_settlement,
me_land_1579,Carrockford,me_anduin_vale_region,BEO,place,0.306,me_beorning,me_northern_ways,,wool,rural_settlement,
me_land_1580,Bramblemere,me_enedwaith_region,WILD,wilderness,0.013,me_dunlending,me_dunland_ways,,wheat,rural_settlement,
me_land_1581,Dimplebrook,me_shire_breeland_region,SHI,place,2.868,me_shire_hobbit,me_northern_ways,,fiber_crops,rural_settlement,kispoko_culture
me_land_1582,Snowwater,me_northern_wastes_region,WILD,wilderness,0.006,me_lossoth,me_lossoth_ways,,fish,rural_settlement,
me_land_1583,Emyn carandûr,me_anorien_region,GON,place,5.472,me_gondorian,me_valar_worship,,livestock,rural_settlement,chakma_culture
me_land_1584,Imlad carandûr,me_lindon_region,LIN,place,0.093,me_sindar,me_valar_worship,,livestock,rural_settlement,
me_land_1585,Framfold,me_rohan_region,ROH,place,2.398,me_rohirric,me_northern_ways,,horses,rural_settlement,norman
me_land_1586,Minas carandûr,me_lindon_region,LIN,place,0.093,me_sindar,me_valar_worship,,clay,rural_settlement,
me_land_1587,Uglzagh,me_mordor_region,MOR,place,1.265,me_mordor_orc,me_sauron_cult,,livestock,rural_settlement,
me_land_1588,Ost carandûr,me_north_arnor_region,WILD,wilderness,0.015,me_eriadoran,me_northern_ways,,clay,rural_settlement,
me_land_1589,Dumdûm,me_lindon_region,BLU,place,0.258,me_firebeard_broadbeam,me_mahal_cult,,clay,rural_settlement,
me_land_1590,Taur carandûr,me_anduin_vale_region,LOR,place,1.226,me_galadhrim,me_valar_worship,,livestock,rural_settlement,
me_land_1591,Grimfold,me_rohan_region,ROH,place,2.489,me_rohirric,me_northern_ways,,horses,rural_settlement,minnan_culture
me_land_1592,Starwater,me_northern_wastes_region,WILD,wilderness,0.013,me_lossoth,me_lossoth_ways,,wheat,rural_settlement,
me_land_1593,Mountains of Mirkwood,me_mirkwood_region,WOO,landmark,0.648,me_silvan,me_valar_worship,,medicaments,rural_settlement,
me_land_1594,Felekdûm,me_rhun_region,IRO,place,0.446,me_longbeard,me_mahal_cult,,wheat,rural_settlement,
me_land_1595,Sagen Camp,me_rhun_region,RH3,place,4.951,me_sagath,me_melkorism,,horses,rural_settlement,farsi_culture
me_land_1596,Helmfold,me_rohan_region,ROH,place,2.398,me_rohirric,me_northern_ways,,wool,rural_settlement,nootka_culture
me_land_1597,Bar carandûr,me_north_arnor_region,WILD,wilderness,0.015,me_eriadoran,me_northern_ways,,livestock,rural_settlement,
me_land_1598,Sharen Camp,me_rhun_region,RH2,place,1.432,me_karmachi,me_melkorism,,horses,rural_settlement,
me_land_1599,Calen carandûr,me_belfalas_region,DAM,place,2.468,me_dol_amrothian,me_valar_worship,,wool,rural_settlement,muisca_culture
me_land_1600,Bucklandmere,me_enedwaith_region,WILD,wilderness,0.015,me_dunlending,me_dunland_ways,,clay,rural_settlement,
me_land_1601,Herufold,me_rohan_region,ROH,place,2.489,me_rohirric,me_northern_ways,,horses,rural_settlement,mingrelian_culture
me_land_1602,Cedarmere,me_enedwaith_region,WILD,wilderness,0.013,me_dunlending,me_dunland_ways,,wheat,rural_settlement,
me_land_1603,Urukzagh,me_anduin_vale_region,GOB,place,1.224,me_misty_orc,me_melkorism,,wool,rural_settlement,
me_land_1604,Rakhir,me_umbar_region,UMB,place,1.679,me_umbarite,me_sauron_cult,,wool,rural_settlement,uakambalelte_culture
me_land_1605,Celon carandûr,me_north_arnor_region,WILD,wilderness,0.015,me_eriadoran,me_northern_ways,,clay,rural_settlement,
me_land_1606,Sahrir,me_umbar_region,UMB,place,1.679,me_umbarite,me_sauron_cult,,salt,rural_settlement,tzutujil_culture
me_land_1607,Nim carandûr,me_north_arnor_region,WILD,wilderness,0.015,me_eriadoran,me_northern_ways,,livestock,rural_settlement,
me_land_1608,Ashbag Camp,me_mordor_region,MOR,place,7.563,me_mordor_orc,me_sauron_cult,,livestock,rural_settlement,anuak_culture
me_land_1609,Amon duindûr,me_ithilien_region,WILD,wilderness,0.016,me_gondorian,me_valar_worship,,wool,rural_settlement,
me_land_1610,Deepmere,me_enedwaith_region,WILD,wilderness,0.015,me_dunlending,me_dunland_ways,,wool,rural_settlement,
me_land_1611,Eastmere,me_enedwaith_region,WILD,wilderness,0.013,me_dunlending,me_dunland_ways,,wool,rural_settlement,
me_land_1612,Dol duindûr,me_south_gondor_region,GON,place,0.855,me_gondorian,me_valar_worship,,copper,rural_settlement,
me_land_1613,Whitewater,me_northern_wastes_region,WILD,wilderness,0.006,me_lossoth,me_lossoth_ways,,wild_game,rural_settlement,
me_land_1614,Tazir,me_far_harad_region,HRA,place,4.546,me_near_haradrim,me_southron_ways,,wool,rural_settlement,gula_iro_culture
me_land_1615,Carchost,me_brown_lands_region,MOR,fortress,37.793,me_mordor_orc,me_sauron_cult,,wheat,town,achagua_culture
me_land_1616,Ulden Camp,me_rhun_region,RH2,place,1.432,me_karmachi,me_melkorism,,wheat,rural_settlement,
me_land_1617,Wainen Camp,me_rhun_region,RH3,place,4.951,me_sagath,me_melkorism,,wheat,rural_settlement,fang_gabun
me_land_1618,Eithel duindûr,me_lindon_region,LIN,place,0.126,me_sindar,me_valar_worship,,wheat,rural_settlement,
me_land_1619,Zoren Camp,me_rhun_region,RH3,place,4.951,me_sagath,me_melkorism,,wheat,rural_settlement,fang_culture
me_land_1620,Emyn duindûr,me_ithilien_region,WILD,wilderness,0.007,me_gondorian,me_valar_worship,,stone,rural_settlement,
me_land_1621,Balod Camp,me_rhun_region,RH2,place,1.432,me_karmachi,me_melkorism,,wool,rural_settlement,
me_land_1622,Borod Camp,me_rhun_region,RHU,place,2.621,me_balchoth,me_sauron_cult,,wheat,rural_settlement,mam_culture
me_land_1623,Imlad duindûr,me_belfalas_region,DAM,place,2.468,me_dol_amrothian,me_valar_worship,,livestock,rural_settlement,mudbarra_culture
me_land_1624,Greenmere,me_enedwaith_region,WILD,wilderness,0.013,me_dunlending,me_dunland_ways,,wheat,rural_settlement,
me_land_1625,Winterwater,me_northern_wastes_region,WILD,wilderness,0.013,me_lossoth,me_lossoth_ways,,wheat,rural_settlement,
me_land_1626,Greymere,me_enedwaith_region,WILD,wilderness,0.015,me_dunlending,me_dunland_ways,,wool,rural_settlement,
me_land_1627,Longmere,me_enedwaith_region,WILD,wilderness,0.015,me_dunlending,me_dunland_ways,,livestock,rural_settlement,
me_land_1628,Minas duindûr,me_ithilien_region,WILD,wilderness,0.007,me_gondorian,me_valar_worship,,salt,rural_settlement,
me_land_1629,Azgbag Camp,me_mordor_region,MOR,place,7.563,me_mordor_orc,me_sauron_cult,,stone,rural_settlement,antanosy_culture
me_land_1630,Blackbag Camp,me_mordor_region,MOR,place,1.265,me_mordor_orc,me_sauron_cult,,iron,rural_settlement,
me_land_1631,Burzbag Camp,me_mordor_region,MOR,place,7.563,me_mordor_orc,me_sauron_cult,,stone,rural_settlement,antankarana_culture
me_land_1632,Gathod Camp,me_rhun_region,RHU,place,2.621,me_balchoth,me_sauron_cult,,livestock,rural_settlement,malvi
me_land_1633,Ost duindûr,me_belfalas_region,GON,place,3.777,me_gondorian,me_valar_worship,,wool,rural_settlement,itneg_culture
me_land_1634,Fernbrook,me_shire_breeland_region,SHI,place,2.868,me_shire_hobbit,me_northern_ways,,fiber_crops,rural_settlement,kiriri_culture
me_land_1635,Oakmere,me_enedwaith_region,WILD,wilderness,0.008,me_dunlending,me_dunland_ways,,fish,rural_settlement,
me_land_1636,Haybrook,me_shire_breeland_region,SHI,place,2.868,me_shire_hobbit,me_northern_ways,,wool,rural_settlement,kirati_culture
me_land_1637,Taur duindûr,me_mirkwood_region,WOO,place,0.578,me_silvan,me_valar_worship,,wool,rural_settlement,
me_land_1638,Léodfold,me_rohan_region,ROH,place,2.398,me_rohirric,me_northern_ways,,wool,rural_settlement,noongar_culture
me_land_1639,Bar duindûr,me_lindon_region,LIN,place,0.093,me_sindar,me_valar_worship,,fish,rural_settlement,
me_land_1640,Hazelbrook,me_shire_breeland_region,SHI,place,2.868,me_shire_hobbit,me_northern_ways,,wool,rural_settlement,kinug_culture
me_land_1641,Southmere,me_enedwaith_region,WILD,wilderness,0.013,me_dunlending,me_dunland_ways,,clay,rural_settlement,
me_land_1642,Stonemere,me_anduin_vale_region,WILD,wilderness,0.015,me_woodman,me_northern_ways,,wool,rural_settlement,
me_land_1643,Calen duindûr,me_anorien_region,GON,place,5.472,me_gondorian,me_valar_worship,,wool,rural_settlement,chakchiuma_culture
me_land_1644,Karmod Camp,me_rhun_region,RH2,place,1.432,me_karmachi,me_melkorism,,horses,rural_settlement,
me_land_1645,Umrir,me_near_harad_region,HRA,place,4.546,me_near_haradrim,me_southron_ways,,copper,rural_settlement,gujarati
me_land_1646,Coldbay Reach,me_northern_wastes_region,WILD,wilderness,0.011,me_lossoth,me_lossoth_ways,,wheat,rural_settlement,
me_land_1647,Ridfold,me_rohan_region,ROH,place,2.398,me_rohirric,me_northern_ways,,horses,rural_settlement,nongatl_culture
me_land_1648,Dushbag Camp,me_mordor_region,MOR,place,1.265,me_mordor_orc,me_sauron_cult,,iron,rural_settlement,
me_land_1649,Westmere,me_enedwaith_region,WILD,wilderness,0.013,me_dunlending,me_dunland_ways,,wool,rural_settlement,
me_land_1650,Khurod Camp,me_rhun_region,RH2,place,1.432,me_karmachi,me_melkorism,,fish,rural_settlement,
me_land_1651,Driftbay Reach,me_forochel_region,LOS,place,0.031,me_lossoth,me_lossoth_ways,,wild_game,rural_settlement,
me_land_1652,Thengelfold,me_rohan_region,ROH,place,2.398,me_rohirric,me_northern_ways,,horses,rural_settlement,nomlaki_culture
me_land_1653,Frostbay Reach,me_northern_wastes_region,WILD,wilderness,0.006,me_lossoth,me_lossoth_ways,,wild_game,rural_settlement,
me_land_1654,Celon duindûr,me_belfalas_region,GON,place,5.473,me_gondorian,me_valar_worship,,clay,rural_settlement,chaima_culture
me_land_1655,Nim duindûr,me_north_arnor_region,WILD,wilderness,0.015,me_eriadoran,me_northern_ways,,livestock,rural_settlement,
me_land_1656,Ghashbag Camp,me_angmar_region,WILD,wilderness,0.006,me_northern_orc,me_melkorism,,wild_game,rural_settlement,
me_land_1657,Zarir,me_near_harad_region,HNE,place,3.396,me_near_haradrim,me_southron_ways,,livestock,rural_settlement,kambiwa_culture
me_land_1658,Lodod Camp,me_rhun_region,RHU,place,2.621,me_balchoth,me_sauron_cult,,horses,rural_settlement,malto_culture
me_land_1659,Amon falasdûr,me_brown_lands_region,WILD,wilderness,0.013,me_woodman,me_northern_ways,,wool,rural_settlement,
me_land_1660,Dol falasdûr,me_brown_lands_region,WILD,wilderness,0.011,me_woodman,me_northern_ways,,wool,rural_settlement,
me_land_1661,Alderridge,me_anduin_vale_region,WILD,wilderness,0.015,me_woodman,me_northern_ways,,wool,rural_settlement,
me_land_1662,Gorbag Camp,me_mordor_region,MOR,place,7.563,me_mordor_orc,me_sauron_cult,,iron,rural_settlement,antambahoaka_culture
me_land_1663,Icebay Reach,me_forochel_region,LOS,place,0.215,me_lossoth,me_lossoth_ways,,wild_game,rural_settlement,
me_land_1664,Azrun,me_near_harad_region,HNE,place,2.034,me_near_haradrim,me_southron_ways,,copper,rural_settlement,purun_awqa_culture
me_land_1665,Eithel falasdûr,me_south_gondor_region,GON,place,1.6,me_gondorian,me_valar_worship,,livestock,rural_settlement,warwa_culture
me_land_1666,Ashridge,me_enedwaith_region,WILD,wilderness,0.013,me_dunlending,me_dunland_ways,,wheat,rural_settlement,
me_land_1667,Emyn falasdûr,me_lindon_region,LIN,place,0.093,me_sindar,me_valar_worship,,livestock,rural_settlement,
me_land_1668,Grishbag Camp,me_angmar_region,WILD,wilderness,0.006,me_northern_orc,me_melkorism,,fur,rural_settlement,
me_land_1669,Barrowridge,me_enedwaith_region,WILD,wilderness,0.013,me_dunlending,me_dunland_ways,,wheat,rural_settlement,
me_land_1670,Imlad falasdûr,me_brown_lands_region,WILD,wilderness,0.011,me_woodman,me_northern_ways,,horses,rural_settlement,
me_land_1671,Goldenford,me_anduin_vale_region,BEO,place,0.306,me_beorning,me_northern_ways,,wheat,rural_settlement,
me_land_1672,Minas falasdûr,me_ithilien_region,WILD,wilderness,0.007,me_gondorian,me_valar_worship,,stone,rural_settlement,
me_land_1673,Bahrun,me_umbar_region,UMB,place,1.679,me_umbarite,me_sauron_cult,,salt,rural_settlement,tzotzil_culture
me_land_1674,Beaconridge,me_enedwaith_region,WILD,wilderness,0.013,me_dunlending,me_dunland_ways,,clay,rural_settlement,
me_land_1675,Blackridge,me_enedwaith_region,WILD,wilderness,0.013,me_dunlending,me_dunland_ways,,wool,rural_settlement,
me_land_1676,Brambleridge,me_enedwaith_region,WILD,wilderness,0.013,me_dunlending,me_dunland_ways,,livestock,rural_settlement,
me_land_1677,Darun,me_far_harad_region,HFA,place,5.583,me_far_haradrim,me_southron_ways,,copper,rural_settlement,bangi
me_land_1678,Northbay Reach,me_northern_wastes_region,WILD,wilderness,0.006,me_lossoth,me_lossoth_ways,,wild_game,rural_settlement,
me_land_1679,Ost falasdûr,me_ithilien_region,WILD,wilderness,0.007,me_gondorian,me_valar_worship,,iron,rural_settlement,
me_land_1680,Taur falasdûr,me_ithilien_region,WILD,wilderness,0.007,me_gondorian,me_valar_worship,,salt,rural_settlement,
me_land_1681,Bucklandridge,me_anduin_vale_region,WILD,wilderness,0.015,me_woodman,me_northern_ways,,clay,rural_settlement,
me_land_1682,Bar falasdûr,me_north_arnor_region,WILD,wilderness,0.015,me_eriadoran,me_northern_ways,,livestock,rural_settlement,
me_land_1683,Cedarridge,me_enedwaith_region,WILD,wilderness,0.013,me_dunlending,me_dunland_ways,,clay,rural_settlement,
me_land_1684,Palebay Reach,me_northern_wastes_region,WILD,wilderness,0.006,me_lossoth,me_lossoth_ways,,fish,rural_settlement,
me_land_1685,Krimpbag Camp,me_mordor_region,MOR,place,5.742,me_mordor_orc,me_sauron_cult,,wheat,rural_settlement,awad_bing_culture
me_land_1686,Farun,me_near_harad_region,UMB,place,1.679,me_umbarite,me_sauron_cult,,wool,rural_settlement,tzeltal_culture
me_land_1687,Narod Camp,me_rhun_region,RH2,place,1.432,me_karmachi,me_melkorism,,wheat,rural_settlement,
me_land_1688,Deepridge,me_mirkwood_region,WILD,wilderness,0.013,me_woodman,me_northern_ways,,clay,rural_settlement,
me_land_1689,Rhovod Camp,me_rhun_region,RH2,place,1.432,me_karmachi,me_melkorism,,wool,rural_settlement,
me_land_1690,Woldfold,me_rohan_region,ROH,place,2.398,me_rohirric,me_northern_ways,,horses,rural_settlement,nomatsigenga_culture
me_land_1691,Lugbag Camp,me_mordor_region,MOR,place,7.563,me_mordor_orc,me_sauron_cult,,livestock,rural_settlement,antaisaka_culture
me_land_1692,Sealbay Reach,me_northern_wastes_region,WILD,wilderness,0.013,me_lossoth,me_lossoth_ways,,wool,rural_settlement,
me_land_1693,Calen falasdûr,me_north_arnor_region,WILD,wilderness,0.015,me_eriadoran,me_northern_ways,,wool,rural_settlement,
me_land_1694,Hadrun,me_near_harad_region,HNE,place,2.034,me_near_haradrim,me_southron_ways,,salt,rural_settlement,puruha_culture
me_land_1695,Celon falasdûr,me_brown_lands_region,WILD,wilderness,0.011,me_woodman,me_northern_ways,,horses,rural_settlement,
me_land_1696,Nim falasdûr,me_north_arnor_region,WILD,wilderness,0.015,me_eriadoran,me_northern_ways,,livestock,rural_settlement,
me_land_1697,Amon galendûr,me_belfalas_region,GON,place,5.473,me_gondorian,me_valar_worship,,wheat,rural_settlement,cemuhi_culture
me_land_1698,Dol galendûr,me_lebennin_region,GON,place,5.473,me_gondorian,me_valar_worship,,livestock,rural_settlement,cemdal_culture
me_land_1699,Mauhbag Camp,me_mordor_region,MOR,place,7.563,me_mordor_orc,me_sauron_cult,,iron,rural_settlement,antaifasy_culture
me_land_1700,Sagod Camp,me_rhun_region,RH2,place,1.432,me_karmachi,me_melkorism,,wheat,rural_settlement,
me_land_1701,Sharod Camp,me_rhun_region,RHU,place,2.621,me_balchoth,me_sauron_cult,,livestock,rural_settlement,maltese
me_land_1702,Eastridge,me_mirkwood_region,WILD,wilderness,0.013,me_woodman,me_northern_ways,,clay,rural_settlement,
me_land_1703,Eithel galendûr,me_south_gondor_region,GON,place,0.855,me_gondorian,me_valar_worship,,salt,rural_settlement,
me_land_1704,Muzgbag Camp,me_brown_lands_region,DOL,place,2.08,me_mordor_orc,me_sauron_cult,,wool,rural_settlement,pame_culture
me_land_1705,Emyn galendûr,me_north_arnor_region,WILD,wilderness,0.015,me_eriadoran,me_northern_ways,,wheat,rural_settlement,
me_land_1706,Aldford,me_rohan_region,ROH,place,2.398,me_rohirric,me_northern_ways,,clay,rural_settlement,nogai
me_land_1707,Nazgbag Camp,me_mordor_region,MOR,place,7.563,me_mordor_orc,me_sauron_cult,,stone,rural_settlement,anguthimri_culture
me_land_1708,Hollybrook,me_shire_breeland_region,SHI,place,2.868,me_shire_hobbit,me_northern_ways,,fiber_crops,rural_settlement,kinja_culture
me_land_1709,Skaibag Camp,me_rohan_region,ISE,place,0.238,me_isengard_uruk,me_sauron_cult,,wheat,rural_settlement,
me_land_1710,Imlad galendûr,me_south_gondor_region,GON,place,0.855,me_gondorian,me_valar_worship,,livestock,rural_settlement,
me_land_1711,Minas galendûr,me_north_arnor_region,WILD,wilderness,0.015,me_eriadoran,me_northern_ways,,livestock,rural_settlement,
me_land_1712,Uglbag Camp,me_enedwaith_region,MOA,place,1.727,me_misty_orc,me_melkorism,,livestock,rural_settlement,tapiiete_culture
me_land_1713,Uldod Camp,me_rhun_region,RH2,place,1.432,me_karmachi,me_melkorism,,wheat,rural_settlement,
me_land_1714,Ost galendûr,me_north_arnor_region,RAN,place,0.168,me_arnor_dunedain,me_valar_worship,,livestock,rural_settlement,
me_land_1715,Beorford,me_rohan_region,ROH,place,2.398,me_rohirric,me_northern_ways,,horses,rural_settlement,nlakapamuk_culture
me_land_1716,Taur galendûr,me_north_arnor_region,RAN,place,0.168,me_arnor_dunedain,me_valar_worship,,wheat,rural_settlement,
me_land_1717,Bar galendûr,me_brown_lands_region,WILD,wilderness,0.015,me_woodman,me_northern_ways,,livestock,rural_settlement,
me_land_1718,Greenridge,me_enedwaith_region,WILD,wilderness,0.013,me_dunlending,me_dunland_ways,,clay,rural_settlement,
me_land_1719,Wainod Camp,me_rhun_region,RH2,place,1.432,me_karmachi,me_melkorism,,livestock,rural_settlement,
me_land_1720,Gamildûm,me_rhun_region,IRO,place,0.446,me_longbeard,me_mahal_cult,,wool,rural_settlement,
me_land_1721,Kharun,me_near_harad_region,HNE,place,2.034,me_near_haradrim,me_southron_ways,,salt,rural_settlement,purubora_culture
me_land_1722,Skarnesh,me_far_harad_region,KHA,place,1.011,me_variag,me_melkorism,,livestock,rural_settlement,
me_land_1723,Gatholdûm,me_rhun_region,IRO,place,0.446,me_longbeard,me_mahal_cult,,livestock,rural_settlement,
me_land_1724,Zorod Camp,me_rhun_region,RH3,place,4.951,me_sagath,me_melkorism,,livestock,rural_settlement,eyak_culture
me_land_1725,Gunddûm,me_rhun_region,IRO,place,0.446,me_longbeard,me_mahal_cult,,horses,rural_settlement,
me_land_1726,Calen galendûr,me_north_arnor_region,WILD,wilderness,0.015,me_eriadoran,me_northern_ways,,wheat,rural_settlement,
me_land_1727,Snowbay Reach,me_northern_wastes_region,WILD,wilderness,0.006,me_lossoth,me_lossoth_ways,,wild_game,rural_settlement,
me_land_1728,Greyridge,me_enedwaith_region,WILD,wilderness,0.013,me_dunlending,me_dunland_ways,,clay,rural_settlement,
me_land_1729,Celon galendûr,me_lebennin_region,GON,place,5.473,me_gondorian,me_valar_worship,,wheat,rural_settlement,cebuano_culture
me_land_1730,Balor Camp,me_rhun_region,RH2,place,1.432,me_karmachi,me_melkorism,,horses,rural_settlement,
me_land_1731,Nim galendûr,me_belfalas_region,DAM,place,2.468,me_dol_amrothian,me_valar_worship,,wool,rural_settlement,mubami_culture
me_land_1732,Longridge,me_enedwaith_region,WILD,wilderness,0.013,me_dunlending,me_dunland_ways,,wool,rural_settlement,
me_land_1733,Starbay Reach,me_forochel_region,WILD,wilderness,0.013,me_lossoth,me_lossoth_ways,,fur,rural_settlement,
me_land_1734,Amon gonddûr,me_brown_lands_region,WILD,wilderness,0.015,me_woodman,me_northern_ways,,wool,rural_settlement,
me_land_1735,Khazdûm,me_lindon_region,BLU,place,0.134,me_firebeard_broadbeam,me_mahal_cult,,wool,rural_settlement,
me_land_1736,Dol gonddûr,me_belfalas_region,GON,place,3.777,me_gondorian,me_valar_worship,,livestock,rural_settlement,ithanktunwanna_culture
me_land_1737,Urukbag Camp,me_mordor_region,WILD,wilderness,0.013,me_mordor_orc,me_sauron_cult,,livestock,rural_settlement,
me_land_1738,Bregoford,me_rohan_region,ROH,place,2.398,me_rohirric,me_northern_ways,,horses,rural_settlement,nivkh_culture
me_land_1739,Eithel gonddûr,me_ithilien_region,WILD,wilderness,0.016,me_gondorian,me_valar_worship,,wool,rural_settlement,
me_land_1740,Emyn gonddûr,me_anduin_vale_region,LOR,place,1.226,me_galadhrim,me_valar_worship,,livestock,rural_settlement,
me_land_1741,Mahrun,me_far_harad_region,HFA,place,14.82,me_far_haradrim,me_southron_ways,,wool,rural_settlement,ais_culture
me_land_1742,Imlad gonddûr,me_ithilien_region,WILD,wilderness,0.015,me_gondorian,me_valar_worship,,wheat,rural_settlement,
me_land_1743,Ashburz Camp,me_north_arnor_region,ANG,place,1.484,me_northern_orc,me_melkorism,,wheat,rural_settlement,wetsuweten_culture
me_land_1744,Azgburz Camp,me_mordor_region,WILD,wilderness,0.013,me_mordor_orc,me_sauron_cult,,wheat,rural_settlement,
me_land_1745,Minas gonddûr,me_mirkwood_region,WOO,place,0.324,me_silvan,me_valar_worship,,medicaments,rural_settlement,
me_land_1746,Blackburz Camp,me_mordor_region,MOR,place,5.742,me_mordor_orc,me_sauron_cult,,wheat,rural_settlement,awa_culture
me_land_1747,Boror Camp,me_rhun_region,RH2,place,1.908,me_karmachi,me_melkorism,,wheat,rural_settlement,sidama_culture
me_land_1748,Ost gonddûr,me_brown_lands_region,WILD,wilderness,0.016,me_woodman,me_northern_ways,,wheat,rural_settlement,
me_land_1749,Taur gonddûr,me_brown_lands_region,WILD,wilderness,0.013,me_woodman,me_northern_ways,,horses,rural_settlement,
me_land_1750,Bar gonddûr,me_ithilien_region,WILD,wilderness,0.015,me_gondorian,me_valar_worship,,salt,rural_settlement,
me_land_1751,Northridge,me_enedwaith_region,WILD,wilderness,0.015,me_dunlending,me_dunland_ways,,wheat,rural_settlement,
me_land_1752,Amberford,me_dale_region,DAL,place,2.849,me_dalish,me_northern_ways,,wool,rural_settlement,konkani
me_land_1753,Burzburz Camp,me_mordor_region,MOR,place,5.742,me_mordor_orc,me_sauron_cult,,stone,rural_settlement,awa_canoeiro_culture
me_land_1754,Whitebay Reach,me_northern_wastes_region,WILD,wilderness,0.013,me_lossoth,me_lossoth_ways,,wheat,rural_settlement,
me_land_1755,Merrybrook,me_shire_breeland_region,WILD,wilderness,0.015,me_eriadoran,me_northern_ways,,wool,rural_settlement,
me_land_1756,Calen gonddûr,me_belfalas_region,GON,place,3.777,me_gondorian,me_valar_worship,,clay,rural_settlement,ithanktunwan_culture
me_land_1757,Qasun,me_near_harad_region,HRA,place,4.546,me_near_haradrim,me_southron_ways,,salt,rural_settlement,guinan_culture
me_land_1758,Rakhun,me_far_harad_region,HRA,place,4.546,me_near_haradrim,me_southron_ways,,copper,rural_settlement,guibei_culture
me_land_1759,Oakridge,me_enedwaith_region,DUN,place,4.105,me_dunlending,me_dunland_ways,,wool,rural_settlement,hatam_culture
me_land_1760,Southridge,me_enedwaith_region,WILD,wilderness,0.013,me_dunlending,me_dunland_ways,,clay,rural_settlement,
me_land_1761,Dushburz Camp,me_mordor_region,MOR,place,5.742,me_mordor_orc,me_sauron_cult,,wheat,rural_settlement,awa_brazil_culture
me_land_1762,Gathor Camp,me_rhun_region,RH2,place,1.432,me_karmachi,me_melkorism,,wool,rural_settlement,
me_land_1763,Ghashburz Camp,me_mordor_region,WILD,wilderness,0.013,me_mordor_orc,me_sauron_cult,,wheat,rural_settlement,
me_land_1764,Honeyford,me_anduin_vale_region,BEO,place,0.306,me_beorning,me_northern_ways,,wool,rural_settlement,
me_land_1765,Celon gonddûr,me_north_arnor_region,WILD,wilderness,0.015,me_eriadoran,me_northern_ways,,wheat,rural_settlement,
me_land_1766,Stoneridge,me_enedwaith_region,WILD,wilderness,0.013,me_dunlending,me_dunland_ways,,wheat,rural_settlement,
me_land_1767,Westridge,me_enedwaith_region,WILD,wilderness,0.013,me_dunlending,me_dunland_ways,,wool,rural_settlement,
me_land_1768,Sahrun,me_far_harad_region,HFA,place,5.583,me_far_haradrim,me_southron_ways,,copper,rural_settlement,banggarla_culture
me_land_1769,Winterbay Reach,me_northern_wastes_region,WILD,wilderness,0.006,me_lossoth,me_lossoth_ways,,fur,rural_settlement,
me_land_1770,Alderstead,me_enedwaith_region,WILD,wilderness,0.015,me_dunlending,me_dunland_ways,,livestock,rural_settlement,
me_land_1771,Tazun,me_far_harad_region,HRA,place,4.546,me_near_haradrim,me_southron_ways,,salt,rural_settlement,guenoa_culture
me_land_1772,Nim gonddûr,me_belfalas_region,DAM,place,2.468,me_dol_amrothian,me_valar_worship,,clay,rural_settlement,mu_ngava_culture
me_land_1773,Targesh,me_khand_region,KHA,place,1.011,me_variag,me_melkorism,,copper,rural_settlement,
me_land_1774,Ashstead,me_anduin_vale_region,WILD,wilderness,0.015,me_woodman,me_northern_ways,,clay,rural_settlement,
me_land_1775,Umrun,me_near_harad_region,HNE,place,2.034,me_near_haradrim,me_southron_ways,,livestock,rural_settlement,puri_culture
me_land_1776,Gorburz Camp,me_mordor_region,MOR,place,7.563,me_mordor_orc,me_sauron_cult,,stone,rural_settlement,angrian
me_land_1777,Coldcamp Reach,me_northern_wastes_region,WILD,wilderness,0.006,me_lossoth,me_lossoth_ways,,fur,rural_settlement,
me_land_1778,Driftcamp Reach,me_northern_wastes_region,WILD,wilderness,0.013,me_lossoth,me_lossoth_ways,,livestock,rural_settlement,
me_land_1779,Amon lothdûr,me_north_arnor_region,WILD,wilderness,0.015,me_eriadoran,me_northern_ways,,wool,rural_settlement,
me_land_1780,Frostcamp Reach,me_northern_wastes_region,WILD,wilderness,0.013,me_lossoth,me_lossoth_ways,,wheat,rural_settlement,
me_land_1781,Ceorlford,me_rohan_region,ROH,place,2.398,me_rohirric,me_northern_ways,,horses,rural_settlement,nivacle_culture
me_land_1782,Karmor Camp,me_rhun_region,RHU,place,2.621,me_balchoth,me_sauron_cult,,wheat,rural_settlement,malpa_culture
me_land_1783,Dol lothdûr,me_lindon_region,LIN,place,0.126,me_sindar,me_valar_worship,,fish,rural_settlement,
me_land_1784,Icecamp Reach,me_forochel_region,LOS,place,0.031,me_lossoth,me_lossoth_ways,,wild_game,rural_settlement,
me_land_1785,Eithel lothdûr,me_ithilien_region,WILD,wilderness,0.007,me_gondorian,me_valar_worship,,iron,rural_settlement,
me_land_1786,Khuror Camp,me_rhun_region,RHU,place,2.621,me_balchoth,me_sauron_cult,,wool,rural_settlement,malkana_culture
me_land_1787,Lodor Camp,me_rhun_region,RH2,place,1.908,me_karmachi,me_melkorism,,wheat,rural_settlement,sicilian
me_land_1788,Mossbrook,me_shire_breeland_region,SHI,place,2.868,me_shire_hobbit,me_northern_ways,,wool,rural_settlement,kindigir_culture
me_land_1789,Barrowstead,me_enedwaith_region,WILD,wilderness,0.013,me_dunlending,me_dunland_ways,,wheat,rural_settlement,
me_land_1790,Emyn lothdûr,me_lebennin_region,GON,place,5.473,me_gondorian,me_valar_worship,,wheat,rural_settlement,cayubaba_culture
me_land_1791,Déorford,me_rohan_region,ROH,place,2.398,me_rohirric,me_northern_ways,,wheat,rural_settlement,niuean_culture
me_land_1792,Grishburz Camp,me_mordor_region,WILD,wilderness,0.013,me_mordor_orc,me_sauron_cult,,iron,rural_settlement,
me_land_1793,Eorlford,me_rohan_region,ROH,place,1.719,me_rohirric,me_northern_ways,,livestock,rural_settlement,teco_culture
me_land_1794,Imlad lothdûr,me_ithilien_region,WILD,wilderness,0.016,me_gondorian,me_valar_worship,,livestock,rural_settlement,
me_land_1795,Naror Camp,me_rhun_region,RHU,place,2.621,me_balchoth,me_sauron_cult,,wheat,rural_settlement,malibu_culture
me_land_1796,Folcford,me_rohan_region,ROH,place,2.398,me_rohirric,me_northern_ways,,wheat,rural_settlement,niuachi_culture
me_land_1797,Minas lothdûr,me_lindon_region,LIN,place,0.126,me_sindar,me_valar_worship,,wool,rural_settlement,
me_land_1798,Ost lothdûr,me_north_arnor_region,WILD,wilderness,0.015,me_eriadoran,me_northern_ways,,clay,rural_settlement,
me_land_1799,Taur lothdûr,me_north_arnor_region,WILD,wilderness,0.015,me_eriadoran,me_northern_ways,,wheat,rural_settlement,
me_land_1800,Bardford,me_dale_region,ESG,place,1.612,me_dalish,me_northern_ways,,livestock,rural_settlement,wargamaygan_culture
me_land_1801,Bar lothdûr,me_south_gondor_region,GON,place,0.855,me_gondorian,me_valar_worship,,wool,rural_settlement,
me_land_1802,Krimpburz Camp,me_mordor_region,MOR,place,1.298,me_mordor_orc,me_sauron_cult,,iron,rural_settlement,
me_land_1803,Nutbrook,me_shire_breeland_region,SHI,place,2.868,me_shire_hobbit,me_northern_ways,,wool,rural_settlement,kimaama_culture
me_land_1804,Rhovor Camp,me_rhun_region,RH2,place,1.432,me_karmachi,me_melkorism,,fish,rural_settlement,
me_land_1805,Northcamp Reach,me_northern_wastes_region,WILD,wilderness,0.013,me_lossoth,me_lossoth_ways,,livestock,rural_settlement,
me_land_1806,Framford,me_rohan_region,ROH,place,2.398,me_rohirric,me_northern_ways,,horses,rural_settlement,nisenan_culture
me_land_1807,Calen lothdûr,me_mirkwood_region,WOO,place,0.824,me_silvan,me_valar_worship,,wool,rural_settlement,
me_land_1808,Sagor Camp,me_rhun_region,RHU,place,3.494,me_balchoth,me_sauron_cult,,wheat,rural_settlement,kalkadoon_culture
me_land_1809,Lugburz Camp,me_mordor_region,MOR,place,5.742,me_mordor_orc,me_sauron_cult,,wheat,rural_settlement,avoyel_culture
me_land_1810,Sharor Camp,me_rhun_region,RHU,place,2.621,me_balchoth,me_sauron_cult,,wheat,rural_settlement,malemiut_culture
me_land_1811,Narchost,me_brown_lands_region,MOR,fortress,37.793,me_mordor_orc,me_sauron_cult,,wheat,town,acehnese_culture
me_land_1812,Mauhburz Camp,me_grey_mountains_region,GUN,place,5.13,me_northern_orc,me_melkorism,,clay,rural_settlement,daju_culture
me_land_1813,Beaconstead,me_mirkwood_region,WDM,place,2.103,me_woodman,me_northern_ways,,clay,rural_settlement,palawan_culture
me_land_1814,Blackstead,me_anduin_vale_region,WILD,wilderness,0.015,me_woodman,me_northern_ways,,wheat,rural_settlement,
me_land_1815,Bramblestead,me_enedwaith_region,WILD,wilderness,0.013,me_dunlending,me_dunland_ways,,livestock,rural_settlement,
me_land_1816,Muzgburz Camp,me_angmar_region,WILD,wilderness,0.006,me_northern_orc,me_melkorism,,fish,rural_settlement,
me_land_1817,Bellford,me_dale_region,ESG,place,1.612,me_dalish,me_northern_ways,,wheat,rural_settlement,wardaman_culture
me_land_1818,Lond Daer,me_enedwaith_region,WILD,ruin,0,me_dunlending,me_dunland_ways,,wheat,rural_settlement,
me_land_1819,Celon lothdûr,me_north_arnor_region,RAN,place,0.168,me_arnor_dunedain,me_valar_worship,,livestock,rural_settlement,
me_land_1820,Bowford,me_rhun_region,DOR,place,1.82,me_dorwinrim,me_northern_ways,,livestock,rural_settlement,taino_culture
me_land_1821,Nim lothdûr,me_belfalas_region,GON,place,5.473,me_gondorian,me_valar_worship,,wheat,rural_settlement,cayas_culture
me_land_1822,Celduinford,me_rhun_region,DOR,place,1.82,me_dorwinrim,me_northern_ways,,clay,rural_settlement,tai_nua_culture
me_land_1823,Zarun,me_umbar_region,UMB,place,1.679,me_umbarite,me_sauron_cult,,salt,rural_settlement,txapakura_culture
me_land_1824,Nazgburz Camp,me_angmar_region,ANG,place,0.138,me_northern_orc,me_melkorism,,fur,rural_settlement,
me_land_1825,Bucklandstead,me_enedwaith_region,WILD,wilderness,0.015,me_dunlending,me_dunland_ways,,wheat,rural_settlement,
me_land_1826,Rushbrook,me_shire_breeland_region,SHI,place,2.869,me_shire_hobbit,me_northern_ways,,wool,rural_settlement,killke_culture
me_land_1827,Skaiburz Camp,me_mordor_region,WILD,wilderness,0.013,me_mordor_orc,me_sauron_cult,,wheat,rural_settlement,
me_land_1828,Cedarstead,me_enedwaith_region,WILD,wilderness,0.013,me_dunlending,me_dunland_ways,,livestock,rural_settlement,
me_land_1829,Amon morndûr,me_brown_lands_region,WILD,wilderness,0.013,me_woodman,me_northern_ways,,wheat,rural_settlement,
me_land_1830,Azrur,me_umbar_region,UMB,place,1.679,me_umbarite,me_sauron_cult,,salt,rural_settlement,twana_culture
me_land_1831,Dol morndûr,me_north_arnor_region,WILD,wilderness,0.015,me_eriadoran,me_northern_ways,,clay,rural_settlement,
me_land_1832,Eithel morndûr,me_ithilien_region,WILD,wilderness,0.015,me_gondorian,me_valar_worship,,clay,rural_settlement,
me_land_1833,Emyn morndûr,me_belfalas_region,DAM,place,2.468,me_dol_amrothian,me_valar_worship,,wheat,rural_settlement,mozabite
me_land_1834,Imlad morndûr,me_belfalas_region,GON,place,3.777,me_gondorian,me_valar_worship,,livestock,rural_settlement,itelmen_culture
me_land_1835,Uldor Camp,me_rhun_region,RH2,place,1.908,me_karmachi,me_melkorism,,wheat,rural_settlement,sibe_culture
me_land_1836,Deepstead,me_enedwaith_region,WILD,wilderness,0.013,me_dunlending,me_dunland_ways,,wool,rural_settlement,
me_land_1837,Wainor Camp,me_rhun_region,RH2,place,1.432,me_karmachi,me_melkorism,,livestock,rural_settlement,
me_land_1838,Eaststead,me_mirkwood_region,WDM,place,1.141,me_woodman,me_northern_ways,,medicaments,rural_settlement,
me_land_1839,Grimford,me_rohan_region,ROH,place,2.398,me_rohirric,me_northern_ways,,horses,rural_settlement,nisa_culture
me_land_1840,Varkesh,me_khand_region,KHA,place,1.011,me_variag,me_melkorism,,copper,rural_settlement,
me_land_1841,Zandesh,me_khand_region,KHA,place,1.011,me_variag,me_melkorism,,copper,rural_settlement,
me_land_1842,Minas morndûr,me_belfalas_region,DAM,place,2.468,me_dol_amrothian,me_valar_worship,,wool,rural_settlement,moxo_culture
me_land_1843,Uglburz Camp,me_rohan_region,ISE,place,0.33,me_isengard_uruk,me_sauron_cult,,horses,rural_settlement,
me_land_1844,Urukburz Camp,me_mordor_region,MOR,place,5.742,me_mordor_orc,me_sauron_cult,,livestock,rural_settlement,avar_culture
me_land_1845,Greenstead,me_mirkwood_region,WILD,wilderness,0.013,me_woodman,me_northern_ways,,wheat,rural_settlement,
me_land_1846,Palecamp Reach,me_northern_wastes_region,WILD,wilderness,0.013,me_lossoth,me_lossoth_ways,,wheat,rural_settlement,
me_land_1847,Ost morndûr,me_south_gondor_region,GON,place,0.833,me_gondorian,me_valar_worship,,iron,rural_settlement,
me_land_1848,Zoror Camp,me_rhun_region,RHU,place,2.621,me_balchoth,me_sauron_cult,,wool,rural_settlement,maleku_culture
me_land_1849,Balun Camp,me_rhun_region,RHU,place,2.621,me_balchoth,me_sauron_cult,,wheat,rural_settlement,malayali
me_land_1850,Taur morndûr,me_brown_lands_region,WILD,wilderness,0.011,me_woodman,me_northern_ways,,wool,rural_settlement,
me_land_1851,Bar morndûr,me_north_arnor_region,WILD,wilderness,0.015,me_eriadoran,me_northern_ways,,clay,rural_settlement,
me_land_1852,Ashdûr Camp,me_mordor_region,WILD,wilderness,0.013,me_mordor_orc,me_sauron_cult,,stone,rural_settlement,
me_land_1853,Thistlebrook,me_shire_breeland_region,WILD,wilderness,0.015,me_eriadoran,me_northern_ways,,fiber_crops,rural_settlement,
me_land_1854,Calen morndûr,me_lindon_region,LIN,place,0.093,me_sindar,me_valar_worship,,wool,rural_settlement,
me_land_1855,Borun Camp,me_rhun_region,RH2,place,2.512,me_karmachi,me_melkorism,,livestock,rural_settlement,memel_culture
me_land_1856,Greystead,me_mirkwood_region,WDM,place,1.141,me_woodman,me_northern_ways,,medicaments,rural_settlement,
me_land_1857,Celon morndûr,me_north_arnor_region,WILD,wilderness,0.015,me_eriadoran,me_northern_ways,,wool,rural_settlement,
me_land_1858,Nim morndûr,me_north_arnor_region,WILD,wilderness,0.015,me_eriadoran,me_northern_ways,,livestock,rural_settlement,
me_land_1859,Arzor,me_far_harad_region,KHA,place,1.011,me_variag,me_melkorism,,livestock,rural_settlement,
me_land_1860,Azgdûr Camp,me_mordor_region,MOR,place,1.265,me_mordor_orc,me_sauron_cult,,wheat,rural_settlement,
me_land_1861,Longstead,me_mirkwood_region,WILD,wilderness,0.013,me_woodman,me_northern_ways,,wool,rural_settlement,
me_land_1862,Gathun Camp,me_rhun_region,RH2,place,1.432,me_karmachi,me_melkorism,,livestock,rural_settlement,
me_land_1863,Amon nendûr,me_brown_lands_region,WILD,wilderness,0.011,me_woodman,me_northern_ways,,horses,rural_settlement,
me_land_1864,Northstead,me_anduin_vale_region,WILD,wilderness,0.015,me_woodman,me_northern_ways,,wool,rural_settlement,
me_land_1865,Helmford,me_rohan_region,ROH,place,2.398,me_rohirric,me_northern_ways,,horses,rural_settlement,nipissing_culture
me_land_1866,Dol nendûr,me_belfalas_region,GON,place,3.777,me_gondorian,me_valar_worship,,wheat,rural_settlement,itaukei_culture
me_land_1867,Balkor,me_khand_region,KHA,place,1.011,me_variag,me_melkorism,,livestock,rural_settlement,
me_land_1868,Oakstead,me_shire_breeland_region,BRE,place,0.49,me_eriadoran,me_northern_ways,,wool,rural_settlement,
me_land_1869,Southstead,me_enedwaith_region,WILD,wilderness,0.013,me_dunlending,me_dunland_ways,,wool,rural_settlement,
me_land_1870,Stonestead,me_enedwaith_region,WILD,wilderness,0.015,me_dunlending,me_dunland_ways,,wheat,rural_settlement,
me_land_1871,Weststead,me_enedwaith_region,WILD,wilderness,0.015,me_dunlending,me_dunland_ways,,wool,rural_settlement,
me_land_1872,Eithel nendûr,me_belfalas_region,GON,place,3.777,me_gondorian,me_valar_worship,,wool,rural_settlement,italki
me_land_1873,Blackdûr Camp,me_mordor_region,MOR,place,7.563,me_mordor_orc,me_sauron_cult,,iron,rural_settlement,angoram_culture
me_land_1874,Heruford,me_rohan_region,ROH,place,2.398,me_rohirric,me_northern_ways,,livestock,rural_settlement,nimiipuu_culture
me_land_1875,Emyn nendûr,me_belfalas_region,GON,place,5.473,me_gondorian,me_valar_worship,,fish,rural_settlement,caxcan_culture
me_land_1876,Willowbrook,me_shire_breeland_region,WILD,wilderness,0.015,me_eriadoran,me_northern_ways,,wheat,rural_settlement,
me_land_1877,Karmun Camp,me_rhun_region,RH3,place,4.951,me_sagath,me_melkorism,,wool,rural_settlement,ewksikni_culture
me_land_1878,Khurun Camp,me_rhun_region,RHU,place,2.621,me_balchoth,me_sauron_cult,,wheat,rural_settlement,malay_culture
me_land_1879,Imlad nendûr,me_south_gondor_region,GON,place,0.833,me_gondorian,me_valar_worship,,iron,rural_settlement,
me_land_1880,Applebury,me_shire_breeland_region,WILD,wilderness,0.015,me_eriadoran,me_northern_ways,,wool,rural_settlement,
me_land_1881,Lodun Camp,me_rhun_region,RHU,place,3.494,me_balchoth,me_sauron_cult,,wool,rural_settlement,kalispel_culture
me_land_1882,Burzdûr Camp,me_mordor_region,MOR,place,2.209,me_mordor_orc,me_sauron_cult,,iron,rural_settlement,otomanguean_culture
me_land_1883,Minas nendûr,me_mirkwood_region,WOO,place,0.324,me_silvan,me_valar_worship,,wool,rural_settlement,
me_land_1884,Drazor,me_far_harad_region,KHA,place,1.011,me_variag,me_melkorism,,salt,rural_settlement,
me_land_1885,Narun Camp,me_rhun_region,RHU,place,3.494,me_balchoth,me_sauron_cult,,wheat,rural_settlement,kalinga_culture
me_land_1886,Sealcamp Reach,me_northern_wastes_region,WILD,wilderness,0.006,me_lossoth,me_lossoth_ways,,wild_game,rural_settlement,
me_land_1887,Alderwater,me_enedwaith_region,WILD,wilderness,0.015,me_dunlending,me_dunland_ways,,wool,rural_settlement,
me_land_1888,Rhovun Camp,me_rhun_region,RHU,place,3.494,me_balchoth,me_sauron_cult,,wool,rural_settlement,kalimi
me_land_1889,Dushdûr Camp,me_mordor_region,MOR,place,2.209,me_mordor_orc,me_sauron_cult,,stone,rural_settlement,otali_culture
me_land_1890,Ashwater,me_enedwaith_region,WILD,wilderness,0.013,me_dunlending,me_dunland_ways,,wheat,rural_settlement,
me_land_1891,Kheleddûm,me_grey_mountains_region,ERE,place,1.435,me_longbeard,me_mahal_cult,,livestock,rural_settlement,wuzhou_culture
me_land_1892,Barrowwater,me_enedwaith_region,WILD,wilderness,0.015,me_dunlending,me_dunland_ways,,clay,rural_settlement,
me_land_1893,Bahrur,me_umbar_region,UMB,place,1.006,me_umbarite,me_sauron_cult,,salt,rural_settlement,
me_land_1894,Riverford,me_anduin_vale_region,BEO,place,0.306,me_beorning,me_northern_ways,,clay,rural_settlement,
me_land_1895,Beaconwater,me_enedwaith_region,DUN,place,4.105,me_dunlending,me_dunland_ways,,wool,rural_settlement,hassaniya
me_land_1896,Ost nendûr,me_ithilien_region,WILD,wilderness,0.016,me_gondorian,me_valar_worship,,livestock,rural_settlement,
me_land_1897,Gharor,me_far_harad_region,KHA,place,1.011,me_variag,me_melkorism,,livestock,rural_settlement,
me_land_1898,Snowcamp Reach,me_northern_wastes_region,WILD,wilderness,0.006,me_lossoth,me_lossoth_ways,,fish,rural_settlement,
me_land_1899,Starcamp Reach,me_northern_wastes_region,WILD,wilderness,0.011,me_lossoth,me_lossoth_ways,,wild_game,rural_settlement,
me_land_1900,Taur nendûr,me_north_arnor_region,WILD,wilderness,0.015,me_eriadoran,me_northern_ways,,wheat,rural_settlement,
me_land_1901,Daleford,me_rhun_region,DOR,place,1.82,me_dorwinrim,me_northern_ways,,livestock,rural_settlement,tai_lu_culture
me_land_1902,Darur,me_umbar_region,UMB,place,1.679,me_umbarite,me_sauron_cult,,fish,rural_settlement,twa_culture
me_land_1903,Nargdûm,me_rhun_region,IRO,place,0.446,me_longbeard,me_mahal_cult,,livestock,rural_settlement,
me_land_1904,Bar nendûr,me_belfalas_region,GON,place,3.777,me_gondorian,me_valar_worship,,clay,rural_settlement,istroromanian
me_land_1905,Esgarford,me_dale_region,ESG,place,0.875,me_dalish,me_northern_ways,,wool,rural_settlement,
me_land_1906,Ghashdûr Camp,me_mordor_region,MOR,place,0.632,me_mordor_orc,me_sauron_cult,,stone,rural_settlement,
me_land_1907,Kingford,me_dale_region,ESG,place,0.875,me_dalish,me_northern_ways,,medicaments,rural_settlement,
me_land_1908,Calen nendûr,me_lindon_region,LIN,place,0.093,me_sindar,me_valar_worship,,wheat,rural_settlement,
me_land_1909,Farur,me_far_harad_region,HFA,place,3.343,me_far_haradrim,me_southron_ways,,salt,rural_settlement,katapas_culture
me_land_1910,Whitecamp Reach,me_forochel_region,LOS,place,0.215,me_lossoth,me_lossoth_ways,,wild_game,rural_settlement,
me_land_1911,Hadrur,me_umbar_region,UMB,place,1.679,me_umbarite,me_sauron_cult,,copper,rural_settlement,tuvan_culture
me_land_1912,Kharur,me_near_harad_region,HNE,place,2.034,me_near_haradrim,me_southron_ways,,salt,rural_settlement,purepecha_culture
me_land_1913,Kandor,me_far_harad_region,KHA,place,1.011,me_variag,me_melkorism,,livestock,rural_settlement,
me_land_1914,Sagun Camp,me_rhun_region,RH3,place,4.951,me_sagath,me_melkorism,,horses,rural_settlement,ewe
me_land_1915,Wintercamp Reach,me_northern_wastes_region,WILD,wilderness,0.013,me_lossoth,me_lossoth_ways,,clay,rural_settlement,
me_land_1916,Gordûr Camp,me_mordor_region,WILD,wilderness,0.013,me_mordor_orc,me_sauron_cult,,livestock,rural_settlement,
me_land_1917,Sharun Camp,me_rhun_region,RHU,place,2.621,me_balchoth,me_sauron_cult,,wheat,rural_settlement,malao_culture
me_land_1918,Uldun Camp,me_rhun_region,RH2,place,1.432,me_karmachi,me_melkorism,,wool,rural_settlement,
me_land_1919,Wainun Camp,me_rhun_region,RHU,place,2.621,me_balchoth,me_sauron_cult,,livestock,rural_settlement,malakula_culture
me_land_1920,Celon nendûr,me_brown_lands_region,WILD,wilderness,0.011,me_woodman,me_northern_ways,,horses,rural_settlement,
me_land_1921,Coldfell Reach,me_forochel_region,LOS,place,0.031,me_lossoth,me_lossoth_ways,,fur,rural_settlement,
me_land_1922,Mahrur,me_umbar_region,UMB,place,1.679,me_umbarite,me_sauron_cult,,wool,rural_settlement,tuvaluan_culture
me_land_1923,Birchbole,me_anduin_vale_region,FAN,place,0.012,me_onodrim,me_eldest_ways,,medicaments,rural_settlement,
me_land_1924,Qasur,me_far_harad_region,HRA,place,4.546,me_near_haradrim,me_southron_ways,,livestock,rural_settlement,gubbi_gubbi_culture
me_land_1925,Khazor,me_khand_region,KHA,place,1.011,me_variag,me_melkorism,,wool,rural_settlement,
me_land_1926,Nim nendûr,me_mirkwood_region,WOO,place,0.324,me_silvan,me_valar_worship,,medicaments,rural_settlement,
me_land_1927,Zorun Camp,me_rhun_region,RH3,place,4.951,me_sagath,me_melkorism,,horses,rural_settlement,evesel_culture
me_land_1928,Amon rathdûr,me_anorien_region,GON,place,5.473,me_gondorian,me_valar_worship,,wheat,rural_settlement,catawba_culture
me_land_1929,Balur Camp,me_rhun_region,RH3,place,4.951,me_sagath,me_melkorism,,wool,rural_settlement,evenk_culture
me_land_1930,Grishdûr Camp,me_north_arnor_region,ANG,place,1.484,me_northern_orc,me_melkorism,,clay,rural_settlement,wetarese_culture
me_land_1931,Krimpdûr Camp,me_mordor_region,WILD,wilderness,0.013,me_mordor_orc,me_sauron_cult,,livestock,rural_settlement,
me_land_1932,Dol rathdûr,me_belfalas_region,GON,place,5.473,me_gondorian,me_valar_worship,,clay,rural_settlement,catalan
me_land_1933,Eithel rathdûr,me_belfalas_region,GON,place,5.473,me_gondorian,me_valar_worship,,wool,rural_settlement,catagua_culture
me_land_1934,Emyn rathdûr,me_south_gondor_region,GON,place,1.6,me_gondorian,me_valar_worship,,copper,rural_settlement,warumungu_culture
me_land_1935,Borur Camp,me_rhun_region,RH3,place,4.951,me_sagath,me_melkorism,,livestock,rural_settlement,eufaula_culture
me_land_1936,Imlad rathdûr,me_lindon_region,LIN,place,0.093,me_sindar,me_valar_worship,,clay,rural_settlement,
me_land_1937,Driftfell Reach,me_northern_wastes_region,WILD,wilderness,0.006,me_lossoth,me_lossoth_ways,,wild_game,rural_settlement,
me_land_1938,Rakhur,me_umbar_region,UMB,place,1.679,me_umbarite,me_sauron_cult,,copper,rural_settlement,tututni_culture
me_land_1939,Sahrur,me_near_harad_region,HRA,place,4.546,me_near_haradrim,me_southron_ways,,livestock,rural_settlement,guayupe_culture
me_land_1940,Lugdûr Camp,me_mordor_region,WILD,wilderness,0.013,me_mordor_orc,me_sauron_cult,,iron,rural_settlement,
me_land_1941,Mauhdûr Camp,me_brown_lands_region,DOL,place,2.683,me_mordor_orc,me_sauron_cult,,horses,rural_settlement,koyoongkawi_culture
me_land_1942,Minas rathdûr,me_north_arnor_region,WILD,wilderness,0.015,me_eriadoran,me_northern_ways,,wool,rural_settlement,
me_land_1943,Muzgdûr Camp,me_mordor_region,MOR,place,0.632,me_mordor_orc,me_sauron_cult,,livestock,rural_settlement,
me_land_1944,Nazgdûr Camp,me_mordor_region,WILD,wilderness,0.013,me_mordor_orc,me_sauron_cult,,iron,rural_settlement,
me_land_1945,Ost rathdûr,me_north_arnor_region,RAN,place,0.168,me_arnor_dunedain,me_valar_worship,,wheat,rural_settlement,
me_land_1946,Tazur,me_near_harad_region,HNE,place,3.396,me_near_haradrim,me_southron_ways,,salt,rural_settlement,kambeba_culture
me_land_1947,Bramblebury,me_shire_breeland_region,SHI,place,2.869,me_shire_hobbit,me_northern_ways,,wheat,rural_settlement,killaka_culture
me_land_1948,Léodford,me_rohan_region,ROH,place,1.719,me_rohirric,me_northern_ways,,horses,rural_settlement,tebbu_culture
me_land_1949,Taur rathdûr,me_belfalas_region,DAM,place,2.468,me_dol_amrothian,me_valar_worship,,wool,rural_settlement,movima_culture
me_land_1950,Bar rathdûr,me_dale_region,WOO,place,0.648,me_silvan,me_valar_worship,,medicaments,rural_settlement,
me_land_1951,Calen rathdûr,me_anorien_region,GON,place,5.473,me_gondorian,me_valar_worship,,livestock,rural_settlement,castilian
me_land_1952,Blackwater,me_anduin_vale_region,WILD,wilderness,0.015,me_woodman,me_northern_ways,,livestock,rural_settlement,
me_land_1953,Bramblewater,me_anduin_vale_region,WILD,wilderness,0.015,me_woodman,me_northern_ways,,wheat,rural_settlement,
me_land_1954,Skaidûr Camp,me_mordor_region,WILD,wilderness,0.013,me_mordor_orc,me_sauron_cult,,iron,rural_settlement,
me_land_1955,Bucklandwater,me_anduin_vale_region,WILD,wilderness,0.015,me_woodman,me_northern_ways,,clay,rural_settlement,
me_land_1956,Celon rathdûr,me_lindon_region,LIN,place,0.093,me_sindar,me_valar_worship,,clay,rural_settlement,
me_land_1957,Umrur,me_far_harad_region,HFA,place,3.343,me_far_haradrim,me_southron_ways,,livestock,rural_settlement,kaskinampo_culture
me_land_1958,Tolfalas,me_belfalas_region,GON,landmark,0.855,me_gondorian,me_valar_worship,,salt,rural_settlement,
me_land_1959,Gathur Camp,me_rhun_region,RH2,place,1.908,me_karmachi,me_melkorism,,wheat,rural_settlement,siar_culture
me_land_1960,Karmur Camp,me_rhun_region,RH3,place,4.951,me_sagath,me_melkorism,,horses,rural_settlement,ette_ennaka_culture
me_land_1961,Frostfell Reach,me_northern_wastes_region,WILD,wilderness,0.013,me_lossoth,me_lossoth_ways,,clay,rural_settlement,
me_land_1962,Khoror,me_far_harad_region,KHA,place,1.011,me_variag,me_melkorism,,livestock,rural_settlement,
me_land_1963,Brownbury,me_shire_breeland_region,SHI,place,2.869,me_shire_hobbit,me_northern_ways,,fiber_crops,rural_settlement,kiliwa_culture
me_land_1964,Khurur Camp,me_rhun_region,RHU,place,3.494,me_balchoth,me_sauron_cult,,livestock,rural_settlement,kaliji_culture
me_land_1965,Zarur,me_near_harad_region,HRA,place,4.546,me_near_haradrim,me_southron_ways,,copper,rural_settlement,guayacundo_culture
me_land_1966,Butterbury,me_shire_breeland_region,SHI,place,2.869,me_shire_hobbit,me_northern_ways,,wool,rural_settlement,kilivila_culture
me_land_1967,Ugldûr Camp,me_mordor_region,MOR,place,1.265,me_mordor_orc,me_sauron_cult,,wheat,rural_settlement,
me_land_1968,Urukdûr Camp,me_enedwaith_region,MOA,place,2.376,me_misty_orc,me_melkorism,,clay,rural_settlement,orang_asli_culture
me_land_1969,Ashfang Camp,me_mordor_region,WILD,wilderness,0.007,me_mordor_orc,me_sauron_cult,,stone,rural_settlement,
me_land_1970,Nim rathdûr,me_north_arnor_region,WILD,wilderness,0.015,me_eriadoran,me_northern_ways,,livestock,rural_settlement,
me_land_1971,Amon sarndûr,me_lindon_region,LIN,place,0.093,me_sindar,me_valar_worship,,livestock,rural_settlement,
me_land_1972,Dol sarndûr,me_ithilien_region,WILD,wilderness,0.007,me_gondorian,me_valar_worship,,stone,rural_settlement,
me_land_1973,Azgfang Camp,me_mordor_region,MOR,place,1.265,me_mordor_orc,me_sauron_cult,,livestock,rural_settlement,
me_land_1974,Shardûm,me_grey_mountains_region,ERE,place,0.779,me_longbeard,me_mahal_cult,,wool,rural_settlement,
me_land_1975,Azrabad Gate,me_umbar_region,UMB,place,1.679,me_umbarite,me_sauron_cult,,livestock,rural_settlement,tutelo_culture
me_land_1976,Cedarwater,me_anduin_vale_region,WILD,wilderness,0.015,me_woodman,me_northern_ways,,wool,rural_settlement,
me_land_1977,Eithel sarndûr,me_north_arnor_region,RAN,place,0.168,me_arnor_dunedain,me_valar_worship,,wool,rural_settlement,
me_land_1978,Emyn sarndûr,me_belfalas_region,DAM,place,2.468,me_dol_amrothian,me_valar_worship,,wool,rural_settlement,mossi
me_land_1979,Lodur Camp,me_rhun_region,RHU,place,3.494,me_balchoth,me_sauron_cult,,clay,rural_settlement,kalenjin_culture
me_land_1980,Blackfang Camp,me_rohan_region,ISE,place,0.33,me_isengard_uruk,me_sauron_cult,,wool,rural_settlement,
me_land_1981,Imlad sarndûr,me_belfalas_region,GON,place,3.777,me_gondorian,me_valar_worship,,livestock,rural_settlement,issati_culture
me_land_1982,Burzfang Camp,me_angmar_region,WILD,wilderness,0.006,me_northern_orc,me_melkorism,,fish,rural_settlement,
me_land_1983,Deepwater,me_enedwaith_region,WILD,wilderness,0.015,me_dunlending,me_dunland_ways,,clay,rural_settlement,
me_land_1984,Ruzor,me_near_harad_region,KHA,place,1.011,me_variag,me_melkorism,,wool,rural_settlement,
me_land_1985,Dushfang Camp,me_north_arnor_region,ANG,place,1.084,me_northern_orc,me_melkorism,,wheat,rural_settlement,
me_land_1986,Ghashfang Camp,me_mordor_region,WILD,wilderness,0.013,me_mordor_orc,me_sauron_cult,,wheat,rural_settlement,
me_land_1987,Skarnor,me_far_harad_region,KHA,place,1.011,me_variag,me_melkorism,,salt,rural_settlement,
me_land_1988,Eastwater,me_enedwaith_region,WILD,wilderness,0.015,me_dunlending,me_dunland_ways,,clay,rural_settlement,
me_land_1989,Lakeford,me_dale_region,ESG,place,1.612,me_dalish,me_northern_ways,,livestock,rural_settlement,waray_culture
me_land_1990,Greenwater,me_enedwaith_region,WILD,wilderness,0.013,me_dunlending,me_dunland_ways,,clay,rural_settlement,
me_land_1991,Greywater,me_enedwaith_region,WILD,wilderness,0.015,me_dunlending,me_dunland_ways,,livestock,rural_settlement,
me_land_1992,Narur Camp,me_rhun_region,RHU,place,2.621,me_balchoth,me_sauron_cult,,livestock,rural_settlement,makurap_culture
me_land_1993,Minas sarndûr,me_north_arnor_region,WILD,wilderness,0.015,me_eriadoran,me_northern_ways,,livestock,rural_settlement,
me_land_1994,Ridford,me_rohan_region,ROH,place,2.398,me_rohirric,me_northern_ways,,wool,rural_settlement,nimchan_culture
me_land_1995,Bahrabad Gate,me_umbar_region,UMB,place,1.679,me_umbarite,me_sauron_cult,,livestock,rural_settlement,tuscan
me_land_1996,Longwater,me_anduin_vale_region,WILD,wilderness,0.015,me_woodman,me_northern_ways,,livestock,rural_settlement,
me_land_1997,Darabad Gate,me_umbar_region,UMB,place,1.679,me_umbarite,me_sauron_cult,,wool,rural_settlement,turrbal_culture
me_land_1998,Oakwater,me_mirkwood_region,WILD,wilderness,0.011,me_woodman,me_northern_ways,,horses,rural_settlement,
me_land_1999,Ost sarndûr,me_north_arnor_region,WILD,wilderness,0.015,me_eriadoran,me_northern_ways,,clay,rural_settlement,
me_land_2000,Taur sarndûr,me_north_arnor_region,WILD,wilderness,0.015,me_eriadoran,me_northern_ways,,livestock,rural_settlement,
me_land_2001,Rhovur Camp,me_rhun_region,RH2,place,1.908,me_karmachi,me_melkorism,,wool,rural_settlement,shuswap_culture
me_land_2002,Gorfang Camp,me_mordor_region,WILD,wilderness,0.013,me_mordor_orc,me_sauron_cult,,wheat,rural_settlement,
me_land_2003,Bar sarndûr,me_belfalas_region,GON,place,3.777,me_gondorian,me_valar_worship,,wool,rural_settlement,isnag_culture
me_land_2004,Calen sarndûr,me_lebennin_region,GON,place,0.855,me_gondorian,me_valar_worship,,livestock,rural_settlement,
me_land_2005,Farabad Gate,me_umbar_region,UMB,place,1.679,me_umbarite,me_sauron_cult,,fish,rural_settlement,turkoman_culture
me_land_2006,Grishfang Camp,me_north_arnor_region,ANG,place,1.484,me_northern_orc,me_melkorism,,clay,rural_settlement,westphalian
me_land_2007,Celon sarndûr,me_ithilien_region,WILD,wilderness,0.007,me_gondorian,me_valar_worship,,iron,rural_settlement,
me_land_2008,Hadrabad Gate,me_near_harad_region,HNE,place,2.034,me_near_haradrim,me_southron_ways,,livestock,rural_settlement,purduna_culture
me_land_2009,Nim sarndûr,me_brown_lands_region,WILD,wilderness,0.015,me_woodman,me_northern_ways,,wool,rural_settlement,
me_land_2010,Southwater,me_enedwaith_region,WILD,wilderness,0.013,me_dunlending,me_dunland_ways,,livestock,rural_settlement,
me_land_2011,Krimpfang Camp,me_mordor_region,WILD,wilderness,0.013,me_mordor_orc,me_sauron_cult,,livestock,rural_settlement,
me_land_2012,Amon thorondûr,me_lindon_region,LIN,place,0.093,me_sindar,me_valar_worship,,clay,rural_settlement,
me_land_2013,Stonewater,me_enedwaith_region,WILD,wilderness,0.013,me_dunlending,me_dunland_ways,,clay,rural_settlement,
me_land_2014,Sagur Camp,me_rhun_region,RHU,place,2.621,me_balchoth,me_sauron_cult,,wool,rural_settlement,makhuwa_culture
me_land_2015,Dol thorondûr,me_lebennin_region,GON,place,5.473,me_gondorian,me_valar_worship,,clay,rural_settlement,casma_culture
me_land_2016,Lugfang Camp,me_mordor_region,MOR,place,5.742,me_mordor_orc,me_sauron_cult,,stone,rural_settlement,ava_culture
me_land_2017,Eithel thorondûr,me_ithilien_region,WILD,wilderness,0.007,me_gondorian,me_valar_worship,,iron,rural_settlement,
me_land_2018,Sharur Camp,me_rhun_region,RH2,place,1.432,me_karmachi,me_melkorism,,livestock,rural_settlement,
me_land_2019,Mauhfang Camp,me_north_arnor_region,ANG,place,1.084,me_northern_orc,me_melkorism,,livestock,rural_settlement,
me_land_2020,Icefell Reach,me_northern_wastes_region,WILD,wilderness,0.013,me_lossoth,me_lossoth_ways,,clay,rural_settlement,
me_land_2021,Kharabad Gate,me_umbar_region,UMB,place,1.679,me_umbarite,me_sauron_cult,,wool,rural_settlement,turkmen_culture
me_land_2022,Mahrabad Gate,me_near_harad_region,HRA,place,4.546,me_near_haradrim,me_southron_ways,,copper,rural_settlement,guayabe_culture
me_land_2023,Emyn thorondûr,me_belfalas_region,GON,place,3.777,me_gondorian,me_valar_worship,,wool,rural_settlement,irritila_culture
me_land_2024,Imlad thorondûr,me_dale_region,WOO,place,0.324,me_silvan,me_valar_worship,,wool,rural_settlement,
me_land_2025,Westwater,me_enedwaith_region,WILD,wilderness,0.015,me_dunlending,me_dunland_ways,,clay,rural_settlement,
me_land_2026,Muzgfang Camp,me_mirkwood_region,DOL,place,1.083,me_mordor_orc,me_sauron_cult,,wild_game,rural_settlement,
me_land_2027,Alderwood,me_mirkwood_region,WILD,wilderness,0.013,me_woodman,me_northern_ways,,wool,rural_settlement,
me_land_2028,Nazgfang Camp,me_mordor_region,WILD,wilderness,0.013,me_mordor_orc,me_sauron_cult,,livestock,rural_settlement,
me_land_2029,Ashwood,me_anduin_vale_region,WILD,wilderness,0.015,me_woodman,me_northern_ways,,wheat,rural_settlement,
me_land_2030,Dagorlad,me_brown_lands_region,WILD,ruin,0,me_woodman,me_northern_ways,,clay,rural_settlement,
me_land_2031,Skaifang Camp,me_mordor_region,WILD,wilderness,0.007,me_mordor_orc,me_sauron_cult,,wheat,rural_settlement,
me_land_2032,Minas thorondûr,me_belfalas_region,GON,place,3.777,me_gondorian,me_valar_worship,,wool,rural_settlement,irish
me_land_2033,Barrowwood,me_mirkwood_region,WILD,wilderness,0.013,me_woodman,me_northern_ways,,wool,rural_settlement,
me_land_2034,Beaconwood,me_anduin_vale_region,WILD,wilderness,0.015,me_woodman,me_northern_ways,,wheat,rural_settlement,
me_land_2035,Northfell Reach,me_northern_wastes_region,WILD,wilderness,0.013,me_lossoth,me_lossoth_ways,,wheat,rural_settlement,
me_land_2036,Uldur Camp,me_rhun_region,RH2,place,1.432,me_karmachi,me_melkorism,,livestock,rural_settlement,
me_land_2037,Blackwood,me_anduin_vale_region,WILD,wilderness,0.015,me_woodman,me_northern_ways,,wheat,rural_settlement,
me_land_2038,Palefell Reach,me_northern_wastes_region,WILD,wilderness,0.013,me_lossoth,me_lossoth_ways,,clay,rural_settlement,
me_land_2039,Uglfang Camp,me_mirkwood_region,DOL,place,2.08,me_mordor_orc,me_sauron_cult,,livestock,rural_settlement,palta_culture
me_land_2040,Narabad Gate,me_far_harad_region,HFA,place,3.343,me_far_haradrim,me_southron_ways,,livestock,rural_settlement,kaskankaham_culture
me_land_2041,Qasabad Gate,me_umbar_region,UMB,place,1.006,me_umbarite,me_sauron_cult,,wool,rural_settlement,
me_land_2042,Ost thorondûr,me_brown_lands_region,WILD,wilderness,0.015,me_woodman,me_northern_ways,,clay,rural_settlement,
me_land_2043,Rakhabad Gate,me_near_harad_region,HRA,place,4.546,me_near_haradrim,me_southron_ways,,copper,rural_settlement,guato_culture
me_land_2044,Wainur Camp,me_rhun_region,RHU,place,2.621,me_balchoth,me_sauron_cult,,livestock,rural_settlement,makassarese_culture
me_land_2045,Targor,me_khand_region,KHA,place,1.011,me_variag,me_melkorism,,salt,rural_settlement,
me_land_2046,Taur thorondûr,me_belfalas_region,GON,place,3.777,me_gondorian,me_valar_worship,,fish,rural_settlement,iresim_culture
me_land_2047,Urukfang Camp,me_anduin_vale_region,DOL,place,3.575,me_mordor_orc,me_sauron_cult,,clay,rural_settlement,kaantju_culture
me_land_2048,Sealfell Reach,me_northern_wastes_region,WILD,wilderness,0.013,me_lossoth,me_lossoth_ways,,wool,rural_settlement,
me_land_2049,Ashgash Camp,me_mordor_region,MOR,place,1.265,me_mordor_orc,me_sauron_cult,,wheat,rural_settlement,
me_land_2050,Bramblewood,me_enedwaith_region,WILD,wilderness,0.015,me_dunlending,me_dunland_ways,,livestock,rural_settlement,
me_land_2051,Snowfell Reach,me_forochel_region,LOS,place,0.216,me_lossoth,me_lossoth_ways,,fur,rural_settlement,
me_land_2052,Bar thorondûr,me_brown_lands_region,WILD,wilderness,0.013,me_woodman,me_northern_ways,,wool,rural_settlement,
me_land_2053,Bucklandwood,me_enedwaith_region,WILD,wilderness,0.013,me_dunlending,me_dunland_ways,,livestock,rural_settlement,
me_land_2054,Cedarwood,me_enedwaith_region,WILD,wilderness,0.013,me_dunlending,me_dunland_ways,,clay,rural_settlement,
me_land_2055,Zigildûm,me_rhun_region,IRO,place,0.446,me_longbeard,me_mahal_cult,,wool,rural_settlement,
me_land_2056,Calen thorondûr,me_mirkwood_region,WOO,place,0.578,me_silvan,me_valar_worship,,wild_game,rural_settlement,
me_land_2057,Celon thorondûr,me_lebennin_region,GON,place,0.855,me_gondorian,me_valar_worship,,salt,rural_settlement,
me_land_2058,Nim thorondûr,me_lindon_region,LIN,place,0.093,me_sindar,me_valar_worship,,wool,rural_settlement,
me_land_2059,Amon adaren,me_north_arnor_region,WILD,wilderness,0.015,me_eriadoran,me_northern_ways,,wheat,rural_settlement,
me_land_2060,Azangathol,me_rhun_region,IRO,place,0.446,me_longbeard,me_mahal_cult,,wool,rural_settlement,
me_land_2061,Dol adaren,me_belfalas_region,GON,place,5.473,me_gondorian,me_valar_worship,,wool,rural_settlement,carib
me_land_2062,Thengelford,me_rohan_region,ROH,place,1.719,me_rohirric,me_northern_ways,,wheat,rural_settlement,tboli_culture
me_land_2063,Sahrabad Gate,me_far_harad_region,HFA,place,3.343,me_far_haradrim,me_southron_ways,,copper,rural_settlement,kaska_culture
me_land_2064,Deepwood,me_anduin_vale_region,WILD,wilderness,0.015,me_woodman,me_northern_ways,,livestock,rural_settlement,
me_land_2065,Eithel adaren,me_south_gondor_region,GON,place,5.473,me_gondorian,me_valar_worship,,wheat,rural_settlement,carantouan_culture
me_land_2066,Zorur Camp,me_rhun_region,RH2,place,1.432,me_karmachi,me_melkorism,,livestock,rural_settlement,
me_land_2067,Emyn adaren,me_lindon_region,LIN,place,0.093,me_sindar,me_valar_worship,,fish,rural_settlement,
me_land_2068,Eastwood,me_anduin_vale_region,WILD,wilderness,0.015,me_woodman,me_northern_ways,,clay,rural_settlement,
me_land_2069,Starfell Reach,me_forochel_region,LOS,place,0.031,me_lossoth,me_lossoth_ways,,fur,rural_settlement,
me_land_2070,Varkor,me_khand_region,KHA,place,1.011,me_variag,me_melkorism,,salt,rural_settlement,
me_land_2071,Whitefell Reach,me_northern_wastes_region,WILD,wilderness,0.013,me_lossoth,me_lossoth_ways,,wheat,rural_settlement,
me_land_2072,Greenwood,me_mirkwood_region,WILD,wilderness,0.013,me_woodman,me_northern_ways,,livestock,rural_settlement,
me_land_2073,Imlad adaren,me_lindon_region,LIN,place,0.093,me_sindar,me_valar_worship,,wheat,rural_settlement,
me_land_2074,Tazabad Gate,me_near_harad_region,HRA,place,4.546,me_near_haradrim,me_southron_ways,,livestock,rural_settlement,guasave_culture
me_land_2075,Mount Gram,me_north_arnor_region,ANG,hold,5.402,me_northern_orc,me_melkorism,,wheat,town,cunco_culture
me_land_2076,Minas adaren,me_north_arnor_region,WILD,wilderness,0.015,me_eriadoran,me_northern_ways,,livestock,rural_settlement,
me_land_2077,Barazgathol,me_lindon_region,BLU,place,0.351,me_firebeard_broadbeam,me_mahal_cult,,clay,rural_settlement,
me_land_2078,Zandor,me_khand_region,KHA,place,1.011,me_variag,me_melkorism,,copper,rural_settlement,
me_land_2079,Ost adaren,me_brown_lands_region,WILD,wilderness,0.013,me_woodman,me_northern_ways,,wheat,rural_settlement,
me_land_2080,Balach March,me_rhun_region,RHU,place,2.621,me_balchoth,me_sauron_cult,,wheat,rural_settlement,makasae_culture
me_land_2081,Winterfell Reach,me_northern_wastes_region,WILD,wilderness,0.006,me_lossoth,me_lossoth_ways,,fish,rural_settlement,
me_land_2082,Woldford,me_rohan_region,ROH,place,1.719,me_rohirric,me_northern_ways,,clay,rural_settlement,tayrona_culture
me_land_2083,Borach March,me_rhun_region,RH2,place,2.512,me_karmachi,me_melkorism,,clay,rural_settlement,melpa_culture
me_land_2084,Azggash Camp,me_mordor_region,MOR,place,7.563,me_mordor_orc,me_sauron_cult,,livestock,rural_settlement,anglo_irish
me_land_2085,Coldfloe Reach,me_northern_wastes_region,WILD,wilderness,0.013,me_lossoth,me_lossoth_ways,,wheat,rural_settlement,
me_land_2086,Umrabad Gate,me_near_harad_region,HRA,place,4.546,me_near_haradrim,me_southron_ways,,salt,rural_settlement,guarijio_culture
me_land_2087,Blackgash Camp,me_mordor_region,MOR,place,1.265,me_mordor_orc,me_sauron_cult,,stone,rural_settlement,
me_land_2088,Zarabad Gate,me_far_harad_region,HRA,place,4.546,me_near_haradrim,me_southron_ways,,salt,rural_settlement,guaribes_culture
me_land_2089,Taur adaren,me_mirkwood_region,WOO,place,0.324,me_silvan,me_valar_worship,,livestock,rural_settlement,
me_land_2090,Bar adaren,me_north_arnor_region,WILD,wilderness,0.015,me_eriadoran,me_northern_ways,,wheat,rural_settlement,
me_land_2091,Lossarnach,me_anorien_region,GON,landmark,5.473,me_gondorian,me_valar_worship,,wool,rural_settlement,cara_culture
me_land_2092,Gathach March,me_rhun_region,RH3,place,4.951,me_sagath,me_melkorism,,livestock,rural_settlement,estonian
me_land_2093,Azrahir Gate,me_near_harad_region,HRA,place,4.546,me_near_haradrim,me_southron_ways,,salt,rural_settlement,guarasugwe_culture
me_land_2094,Bahrahir Gate,me_umbar_region,UMB,place,1.679,me_umbarite,me_sauron_cult,,livestock,rural_settlement,turkish_culture
me_land_2095,Karmach March,me_rhun_region,RHU,place,2.621,me_balchoth,me_sauron_cult,,livestock,rural_settlement,makas_culture
me_land_2096,Calen adaren,me_anduin_vale_region,LOR,place,1.226,me_galadhrim,me_valar_worship,,wheat,rural_settlement,
me_land_2097,Arzuk,me_far_harad_region,KHA,place,1.011,me_variag,me_melkorism,,salt,rural_settlement,
me_land_2098,Burzgash Camp,me_mordor_region,MOR,place,7.563,me_mordor_orc,me_sauron_cult,,iron,rural_settlement,anggamudi_culture
me_land_2099,Darahir Gate,me_near_harad_region,HNE,place,2.034,me_near_haradrim,me_southron_ways,,livestock,rural_settlement,punjabi
me_land_2100,Aldgar,me_rohan_region,ROH,place,2.398,me_rohirric,me_northern_ways,,horses,rural_settlement,nimanburu_culture
me_land_2101,Lamedon,me_belfalas_region,GON,landmark,5.473,me_gondorian,me_valar_worship,,wheat,rural_settlement,caquetio_culture
me_land_2102,Balkuk,me_far_harad_region,KHA,place,1.011,me_variag,me_melkorism,,livestock,rural_settlement,
me_land_2103,Khurach March,me_rhun_region,RHU,place,1.784,me_balchoth,me_sauron_cult,,wool,rural_settlement,taovaya_culture
me_land_2104,Dushgash Camp,me_angmar_region,WILD,wilderness,0.006,me_northern_orc,me_melkorism,,fur,rural_settlement,
me_land_2105,Lodach March,me_rhun_region,RH3,place,4.951,me_sagath,me_melkorism,,horses,rural_settlement,eshira
me_land_2106,Narach March,me_rhun_region,RHU,place,2.621,me_balchoth,me_sauron_cult,,wheat,rural_settlement,makah_culture
me_land_2107,Greywood,me_enedwaith_region,WILD,wilderness,0.015,me_dunlending,me_dunland_ways,,livestock,rural_settlement,
me_land_2108,Longwood,me_enedwaith_region,DUN,place,4.105,me_dunlending,me_dunland_ways,,wheat,rural_settlement,haryanvi_culture
me_land_2109,Drazuk,me_khand_region,KHA,place,1.011,me_variag,me_melkorism,,salt,rural_settlement,
me_land_2110,Farahir Gate,me_far_harad_region,HRA,place,4.546,me_near_haradrim,me_southron_ways,,salt,rural_settlement,guangxin_culture
me_land_2111,Ghashgash Camp,me_mordor_region,WILD,wilderness,0.013,me_mordor_orc,me_sauron_cult,,iron,rural_settlement,
me_land_2112,Gorgash Camp,me_mordor_region,WILD,wilderness,0.013,me_mordor_orc,me_sauron_cult,,livestock,rural_settlement,
me_land_2113,Northwood,me_mirkwood_region,WILD,wilderness,0.015,me_woodman,me_northern_ways,,wool,rural_settlement,
me_land_2114,Grishgash Camp,me_mordor_region,MOR,place,1.265,me_mordor_orc,me_sauron_cult,,wheat,rural_settlement,
me_land_2115,Krimpgash Camp,me_north_arnor_region,ANG,place,1.484,me_northern_orc,me_melkorism,,wheat,rural_settlement,western_pomeranian
me_land_2116,Beorgar,me_rohan_region,ROH,place,2.398,me_rohirric,me_northern_ways,,livestock,rural_settlement,nimadi
me_land_2117,Rhovach March,me_rhun_region,RH2,place,1.908,me_karmachi,me_melkorism,,wool,rural_settlement,shuar_culture
me_land_2118,Luggash Camp,me_mordor_region,MOR,place,1.265,me_mordor_orc,me_sauron_cult,,iron,rural_settlement,
me_land_2119,Celon adaren,me_ithilien_region,WILD,wilderness,0.016,me_gondorian,me_valar_worship,,wheat,rural_settlement,
me_land_2120,Oakwood,me_enedwaith_region,WILD,wilderness,0.009,me_dunlending,me_dunland_ways,,livestock,rural_settlement,
me_land_2121,Nim adaren,me_belfalas_region,DAM,place,2.468,me_dol_amrothian,me_valar_worship,,wheat,rural_settlement,moskona_culture
me_land_2122,Hadrahir Gate,me_umbar_region,UMB,place,1.679,me_umbarite,me_sauron_cult,,livestock,rural_settlement,turkana_culture
me_land_2123,Driftfloe Reach,me_northern_wastes_region,WILD,wilderness,0.006,me_lossoth,me_lossoth_ways,,fish,rural_settlement,
me_land_2124,Kharahir Gate,me_near_harad_region,HRA,place,4.546,me_near_haradrim,me_southron_ways,,livestock,rural_settlement,guanche
me_land_2125,Amon aelen,me_lindon_region,LIN,place,0.093,me_sindar,me_valar_worship,,fish,rural_settlement,
me_land_2126,Mahrahir Gate,me_umbar_region,UMB,place,1.679,me_umbarite,me_sauron_cult,,copper,rural_settlement,tupiniquim_culture
me_land_2127,Dol aelen,me_belfalas_region,DAM,place,2.468,me_dol_amrothian,me_valar_worship,,livestock,rural_settlement,moselle_franconian
me_land_2128,Southwood,me_enedwaith_region,WILD,wilderness,0.013,me_dunlending,me_dunland_ways,,livestock,rural_settlement,
me_land_2129,Eithel aelen,me_north_arnor_region,WILD,wilderness,0.015,me_eriadoran,me_northern_ways,,wheat,rural_settlement,
me_land_2130,Emyn aelen,me_ithilien_region,WILD,wilderness,0.007,me_gondorian,me_valar_worship,,iron,rural_settlement,
me_land_2131,Imlad aelen,me_ithilien_region,WILD,wilderness,0.016,me_gondorian,me_valar_worship,,clay,rural_settlement,
me_land_2132,Stonewood,me_enedwaith_region,WILD,wilderness,0.015,me_dunlending,me_dunland_ways,,clay,rural_settlement,
me_land_2133,Narahir Gate,me_umbar_region,UMB,place,1.679,me_umbarite,me_sauron_cult,,copper,rural_settlement,tupinamba_culture
me_land_2134,Westwood,me_enedwaith_region,WILD,wilderness,0.015,me_dunlending,me_dunland_ways,,clay,rural_settlement,
me_land_2135,Qasahir Gate,me_near_harad_region,UMB,place,1.679,me_umbarite,me_sauron_cult,,livestock,rural_settlement,tunxi_culture
me_land_2136,Minas aelen,me_lebennin_region,GON,place,5.473,me_gondorian,me_valar_worship,,livestock,rural_settlement,cappadocian_greek_culture
me_land_2137,Frostfloe Reach,me_northern_wastes_region,WILD,wilderness,0.006,me_lossoth,me_lossoth_ways,,fur,rural_settlement,
me_land_2138,Alderbank End,me_mirkwood_region,WILD,wilderness,0.013,me_woodman,me_northern_ways,,clay,rural_settlement,
me_land_2139,Bregogar,me_rohan_region,ROH,place,2.398,me_rohirric,me_northern_ways,,livestock,rural_settlement,nihithaw_culture
me_land_2140,Icefloe Reach,me_forochel_region,LOS,place,0.216,me_lossoth,me_lossoth_ways,,fur,rural_settlement,
me_land_2141,Sagach March,me_rhun_region,RHU,place,2.621,me_balchoth,me_sauron_cult,,livestock,rural_settlement,maiwa_papua_culture
me_land_2142,Mauhgash Camp,me_angmar_region,ANG,place,0.138,me_northern_orc,me_melkorism,,fur,rural_settlement,
me_land_2143,Ceorlgar,me_rohan_region,ROH,place,2.398,me_rohirric,me_northern_ways,,horses,rural_settlement,nidula_culture
me_land_2144,Ost aelen,me_north_arnor_region,WILD,wilderness,0.015,me_eriadoran,me_northern_ways,,clay,rural_settlement,
me_land_2145,Taur aelen,me_north_arnor_region,WILD,wilderness,0.015,me_eriadoran,me_northern_ways,,wool,rural_settlement,
me_land_2146,Bar aelen,me_lindon_region,LIN,place,0.093,me_sindar,me_valar_worship,,wool,rural_settlement,
me_land_2147,Ashbank End,me_anduin_vale_region,WILD,wilderness,0.015,me_woodman,me_northern_ways,,clay,rural_settlement,
me_land_2148,Gharuk,me_khand_region,KHA,place,1.011,me_variag,me_melkorism,,copper,rural_settlement,
me_land_2149,Rakhahir Gate,me_far_harad_region,HRA,place,4.546,me_near_haradrim,me_southron_ways,,wool,rural_settlement,guancavilca_culture
me_land_2150,Ravenford,me_rhun_region,DOR,place,1.82,me_dorwinrim,me_northern_ways,,livestock,rural_settlement,tai_long_culture
me_land_2151,Sharach March,me_rhun_region,RHU,place,2.621,me_balchoth,me_sauron_cult,,wool,rural_settlement,maithili_culture
me_land_2152,Muzggash Camp,me_mordor_region,MOR,place,1.265,me_mordor_orc,me_sauron_cult,,livestock,rural_settlement,
me_land_2153,Barrowbank End,me_enedwaith_region,WILD,wilderness,0.013,me_dunlending,me_dunland_ways,,wool,rural_settlement,
me_land_2154,Kanduk,me_far_harad_region,KHA,place,1.011,me_variag,me_melkorism,,livestock,rural_settlement,
me_land_2155,Beaconbank End,me_enedwaith_region,WILD,wilderness,0.013,me_dunlending,me_dunland_ways,,wool,rural_settlement,
me_land_2156,Calen aelen,me_north_arnor_region,WILD,wilderness,0.015,me_eriadoran,me_northern_ways,,clay,rural_settlement,
me_land_2157,Cloverbury,me_shire_breeland_region,WILD,wilderness,0.015,me_eriadoran,me_northern_ways,,wheat,rural_settlement,
me_land_2158,Celon aelen,me_belfalas_region,GON,place,3.777,me_gondorian,me_valar_worship,,clay,rural_settlement,irarutu_culture
me_land_2159,Nim aelen,me_belfalas_region,DAM,place,2.468,me_dol_amrothian,me_valar_worship,,clay,rural_settlement,moru_culture
me_land_2160,Uldach March,me_rhun_region,RHU,place,2.621,me_balchoth,me_sauron_cult,,horses,rural_settlement,maisouna_culture
me_land_2161,Northfloe Reach,me_northern_wastes_region,WILD,wilderness,0.013,me_lossoth,me_lossoth_ways,,livestock,rural_settlement,
me_land_2162,Wainach March,me_rhun_region,RHU,place,3.494,me_balchoth,me_sauron_cult,,wheat,rural_settlement,kalaw_lagaw_ya_culture
me_land_2163,Amon annonen,me_lindon_region,LIN,place,0.093,me_sindar,me_valar_worship,,wool,rural_settlement,
me_land_2164,Dol annonen,me_belfalas_region,GON,place,5.473,me_gondorian,me_valar_worship,,clay,rural_settlement,canta_culture
me_land_2165,Eithel annonen,me_north_arnor_region,RAN,place,0.168,me_arnor_dunedain,me_valar_worship,,wool,rural_settlement,
me_land_2166,Palefloe Reach,me_forochel_region,LOS,place,0.031,me_lossoth,me_lossoth_ways,,fur,rural_settlement,
me_land_2167,Blackbank End,me_enedwaith_region,WILD,wilderness,0.015,me_dunlending,me_dunland_ways,,livestock,rural_settlement,
me_land_2168,Bramblebank End,me_enedwaith_region,WILD,wilderness,0.013,me_dunlending,me_dunland_ways,,livestock,rural_settlement,
me_land_2169,Redford,me_dale_region,ESG,place,1.612,me_dalish,me_northern_ways,,clay,rural_settlement,warao_culture
me_land_2170,Déorgar,me_rohan_region,ROH,place,2.398,me_rohirric,me_northern_ways,,horses,rural_settlement,nicobarese_culture
me_land_2171,Bucklandbank End,me_enedwaith_region,WILD,wilderness,0.013,me_dunlending,me_dunland_ways,,wool,rural_settlement,
me_land_2172,Sealfloe Reach,me_northern_wastes_region,WILD,wilderness,0.006,me_lossoth,me_lossoth_ways,,wild_game,rural_settlement,
me_land_2173,Emyn annonen,me_south_gondor_region,GON,place,5.473,me_gondorian,me_valar_worship,,livestock,rural_settlement,calusa_culture
me_land_2174,Zorach March,me_rhun_region,RH2,place,1.432,me_karmachi,me_melkorism,,horses,rural_settlement,
me_land_2175,Snowfloe Reach,me_forochel_region,LOS,place,0.031,me_lossoth,me_lossoth_ways,,wild_game,rural_settlement,
me_land_2176,Nazggash Camp,me_mordor_region,WILD,wilderness,0.013,me_mordor_orc,me_sauron_cult,,wheat,rural_settlement,
me_land_2177,Skaigash Camp,me_angmar_region,ANG,place,1.084,me_northern_orc,me_melkorism,,wheat,rural_settlement,
me_land_2178,Imlad annonen,me_north_arnor_region,WILD,wilderness,0.015,me_eriadoran,me_northern_ways,,clay,rural_settlement,
me_land_2179,Khazuk,me_khand_region,KHA,place,1.011,me_variag,me_melkorism,,wool,rural_settlement,
me_land_2180,Cedarbank End,me_mirkwood_region,WDM,place,1.141,me_woodman,me_northern_ways,,clay,rural_settlement,
me_land_2181,Minas annonen,me_belfalas_region,DAM,place,2.468,me_dol_amrothian,me_valar_worship,,clay,rural_settlement,moronene_culture
me_land_2182,Ost annonen,me_north_arnor_region,WILD,wilderness,0.013,me_eriadoran,me_northern_ways,,livestock,rural_settlement,
me_land_2183,Dunland Moot,me_enedwaith_region,DUN,town,24.607,me_dunlending,me_dunland_ways,,clay,town,agaideka_culture
me_land_2184,Khoruk,me_khand_region,KHA,place,1.011,me_variag,me_melkorism,,livestock,rural_settlement,
me_land_2185,Skinford,me_anduin_vale_region,BEO,place,0.306,me_beorning,me_northern_ways,,wheat,rural_settlement,
me_land_2186,Taur annonen,me_lindon_region,LIN,place,0.093,me_sindar,me_valar_worship,,wool,rural_settlement,
me_land_2187,Starfloe Reach,me_northern_wastes_region,WILD,wilderness,0.013,me_lossoth,me_lossoth_ways,,wool,rural_settlement,
me_land_2188,Halifirien,me_anorien_region,GON,landmark,5.473,me_gondorian,me_valar_worship,,wool,rural_settlement,calima_culture
me_land_2189,Balad March,me_rhun_region,RH2,place,1.432,me_karmachi,me_melkorism,,wheat,rural_settlement,
me_land_2190,Eorlgar,me_rohan_region,ROH,place,2.398,me_rohirric,me_northern_ways,,horses,rural_settlement,nicarao_culture
me_land_2191,Whitefloe Reach,me_northern_wastes_region,WILD,wilderness,0.006,me_lossoth,me_lossoth_ways,,fish,rural_settlement,
me_land_2192,Bar annonen,me_mirkwood_region,WOO,place,0.578,me_silvan,me_valar_worship,,wool,rural_settlement,
me_land_2193,Deepbank End,me_enedwaith_region,WILD,wilderness,0.013,me_dunlending,me_dunland_ways,,livestock,rural_settlement,
me_land_2194,Calen annonen,me_brown_lands_region,WILD,wilderness,0.011,me_woodman,me_northern_ways,,horses,rural_settlement,
me_land_2195,Sahrahir Gate,me_far_harad_region,HRA,place,4.546,me_near_haradrim,me_southron_ways,,salt,rural_settlement,guanahatabey
me_land_2196,Winterfloe Reach,me_northern_wastes_region,WILD,wilderness,0.006,me_lossoth,me_lossoth_ways,,fish,rural_settlement,
me_land_2197,Celon annonen,me_belfalas_region,GON,place,3.777,me_gondorian,me_valar_worship,,wheat,rural_settlement,iraqi_culture
me_land_2198,Nim annonen,me_belfalas_region,GON,place,3.777,me_gondorian,me_valar_worship,,livestock,rural_settlement,iranun_culture
me_land_2199,Borad March,me_rhun_region,RHU,place,2.621,me_balchoth,me_sauron_cult,,wheat,rural_settlement,maiduan_culture
me_land_2200,Amon belen,me_anorien_region,GON,place,5.473,me_gondorian,me_valar_worship,,wool,rural_settlement,cahokia_culture
me_land_2201,Ruzuk,me_far_harad_region,KHA,place,1.011,me_variag,me_melkorism,,livestock,rural_settlement,
me_land_2202,Coldhaven Reach,me_forochel_region,LOS,place,0.216,me_lossoth,me_lossoth_ways,,fur,rural_settlement,
me_land_2203,Eastbank End,me_enedwaith_region,WILD,wilderness,0.008,me_dunlending,me_dunland_ways,,clay,rural_settlement,
me_land_2204,Gathad March,me_rhun_region,RH2,place,1.432,me_karmachi,me_melkorism,,wool,rural_settlement,
me_land_2205,Greenbank End,me_enedwaith_region,WILD,wilderness,0.013,me_dunlending,me_dunland_ways,,wool,rural_settlement,
me_land_2206,Karmad March,me_rhun_region,RH2,place,1.432,me_karmachi,me_melkorism,,horses,rural_settlement,
me_land_2207,Uglgash Camp,me_mordor_region,MOR,place,7.563,me_mordor_orc,me_sauron_cult,,iron,rural_settlement,angevin
me_land_2208,Dol belen,me_lebennin_region,GON,place,5.473,me_gondorian,me_valar_worship,,wool,rural_settlement,caddo_culture
me_land_2209,Eithel belen,me_anorien_region,GON,place,5.473,me_gondorian,me_valar_worship,,clay,rural_settlement,cabinda
me_land_2210,Khurad March,me_rhun_region,RHU,place,2.621,me_balchoth,me_sauron_cult,,wheat,rural_settlement,maia_culture
me_land_2211,Lodad March,me_rhun_region,RH2,place,1.432,me_karmachi,me_melkorism,,wool,rural_settlement,
me_land_2212,Emyn belen,me_north_arnor_region,WILD,wilderness,0.015,me_eriadoran,me_northern_ways,,wheat,rural_settlement,
me_land_2213,Narad March,me_rhun_region,RH2,place,1.908,me_karmachi,me_melkorism,,clay,rural_settlement,shua_culture
me_land_2214,Greybank End,me_mirkwood_region,WILD,wilderness,0.013,me_woodman,me_northern_ways,,livestock,rural_settlement,
me_land_2215,Imlad belen,me_anorien_region,GON,place,3.878,me_gondorian,me_valar_worship,,livestock,rural_settlement,highland
me_land_2216,Bizargathol,me_lindon_region,BLU,place,0.258,me_firebeard_broadbeam,me_mahal_cult,,clay,rural_settlement,
me_land_2217,Urukgash Camp,me_angmar_region,GUN,place,0.495,me_northern_orc,me_melkorism,,fur,rural_settlement,
me_land_2218,Ashglob Camp,me_anduin_vale_region,DOL,place,3.575,me_mordor_orc,me_sauron_cult,,wool,rural_settlement,k_omoks_culture
me_land_2219,Longbank End,me_anduin_vale_region,WILD,wilderness,0.015,me_woodman,me_northern_ways,,wool,rural_settlement,
me_land_2220,Northbank End,me_enedwaith_region,DUN,place,5.732,me_dunlending,me_dunland_ways,,livestock,rural_settlement,baka_culture
me_land_2221,Tazahir Gate,me_far_harad_region,HFA,place,5.583,me_far_haradrim,me_southron_ways,,salt,rural_settlement,banggai_culture
me_land_2222,Minas belen,me_north_arnor_region,WILD,wilderness,0.015,me_eriadoran,me_northern_ways,,wheat,rural_settlement,
me_land_2223,Azgglob Camp,me_enedwaith_region,ISE,place,0.238,me_isengard_uruk,me_sauron_cult,,clay,rural_settlement,
me_land_2224,Folcgar,me_rohan_region,ROH,place,2.398,me_rohirric,me_northern_ways,,wool,rural_settlement,nias_culture
me_land_2225,Valeford,me_anduin_vale_region,BEO,place,0.306,me_beorning,me_northern_ways,,clay,rural_settlement,
me_land_2226,Ost belen,me_belfalas_region,GON,place,3.777,me_gondorian,me_valar_worship,,livestock,rural_settlement,iny_culture
me_land_2227,Wildford,me_anduin_vale_region,BEO,place,0.306,me_beorning,me_northern_ways,,livestock,rural_settlement,
me_land_2228,Rhovad March,me_rhun_region,RH2,place,1.432,me_karmachi,me_melkorism,,horses,rural_settlement,
me_land_2229,Taur belen,me_belfalas_region,DAM,place,2.468,me_dol_amrothian,me_valar_worship,,livestock,rural_settlement,moroccan
me_land_2230,Umrahir Gate,me_near_harad_region,UMB,place,1.679,me_umbarite,me_sauron_cult,,salt,rural_settlement,tunjur_culture
me_land_2231,Sagad March,me_rhun_region,RH2,place,1.908,me_karmachi,me_melkorism,,fish,rural_settlement,shu_culture
me_land_2232,Bundgathol,me_lindon_region,BLU,place,0.351,me_firebeard_broadbeam,me_mahal_cult,,wool,rural_settlement,
me_land_2233,Bar belen,me_belfalas_region,DAM,place,2.469,me_dol_amrothian,me_valar_worship,,wheat,rural_settlement,mori_culture
me_land_2234,Sharad March,me_rhun_region,RHU,place,2.621,me_balchoth,me_sauron_cult,,wool,rural_settlement,mai_culture_culture
me_land_2235,Dumgathol,me_grey_mountains_region,WILD,wilderness,0.01,me_northern_orc,me_melkorism,,wild_game,rural_settlement,
me_land_2236,Zarahir Gate,me_umbar_region,UMB,place,1.679,me_umbarite,me_sauron_cult,,copper,rural_settlement,tunisian
me_land_2237,Oakbank End,me_enedwaith_region,WILD,wilderness,0.013,me_dunlending,me_dunland_ways,,clay,rural_settlement,
me_land_2238,Azramar Gate,me_far_harad_region,HRA,place,4.546,me_near_haradrim,me_southron_ways,,copper,rural_settlement,guana_culture
me_land_2239,Blackglob Camp,me_mordor_region,WILD,wilderness,0.013,me_mordor_orc,me_sauron_cult,,livestock,rural_settlement,
me_land_2240,Uldad March,me_rhun_region,RHU,place,3.494,me_balchoth,me_sauron_cult,,livestock,rural_settlement,kalapuyan_culture
me_land_2241,Calen belen,me_belfalas_region,GON,place,3.777,me_gondorian,me_valar_worship,,clay,rural_settlement,inuviluq_culture
me_land_2242,Celon belen,me_ithilien_region,WILD,wilderness,0.016,me_gondorian,me_valar_worship,,livestock,rural_settlement,
me_land_2243,Ambergarth,me_dale_region,DAL,place,2.849,me_dalish,me_northern_ways,,livestock,rural_settlement,kongo
me_land_2244,Bahramar Gate,me_near_harad_region,UMB,place,1.679,me_umbarite,me_sauron_cult,,livestock,rural_settlement,tunica_culture
me_land_2245,Nim belen,me_ithilien_region,WILD,wilderness,0.015,me_gondorian,me_valar_worship,,clay,rural_settlement,
me_land_2246,Drifthaven Reach,me_northern_wastes_region,WILD,wilderness,0.013,me_lossoth,me_lossoth_ways,,wool,rural_settlement,
me_land_2247,Amon bornen,me_ithilien_region,WILD,wilderness,0.007,me_gondorian,me_valar_worship,,stone,rural_settlement,
me_land_2248,Woodford,me_mirkwood_region,BEO,place,0.168,me_beorning,me_northern_ways,,wool,rural_settlement,
me_land_2249,Wainad March,me_rhun_region,RH2,place,1.432,me_karmachi,me_melkorism,,wheat,rural_settlement,
me_land_2250,Zorad March,me_rhun_region,RHU,place,3.494,me_balchoth,me_sauron_cult,,livestock,rural_settlement,kalanga_culture
me_land_2251,Frosthaven Reach,me_northern_wastes_region,WILD,wilderness,0.008,me_lossoth,me_lossoth_ways,,wheat,rural_settlement,
me_land_2252,Felekgathol,me_lindon_region,BLU,place,0.258,me_firebeard_broadbeam,me_mahal_cult,,wheat,rural_settlement,
me_land_2253,Dol bornen,me_ithilien_region,WILD,wilderness,0.007,me_gondorian,me_valar_worship,,iron,rural_settlement,
me_land_2254,Balar March,me_rhun_region,RH2,place,0.975,me_karmachi,me_melkorism,,medicaments,rural_settlement,
me_land_2255,Burzglob Camp,me_north_arnor_region,ANG,place,1.484,me_northern_orc,me_melkorism,,livestock,rural_settlement,western_kru
me_land_2256,Daramar Gate,me_far_harad_region,HRA,place,4.546,me_near_haradrim,me_southron_ways,,salt,rural_settlement,guamar_culture
me_land_2257,Dushglob Camp,me_mordor_region,MOR,place,1.265,me_mordor_orc,me_sauron_cult,,iron,rural_settlement,
me_land_2258,Eithel bornen,me_lebennin_region,GON,place,5.473,me_gondorian,me_valar_worship,,wool,rural_settlement,cabecar_culture
me_land_2259,Borar March,me_rhun_region,RHU,place,2.621,me_balchoth,me_sauron_cult,,horses,rural_settlement,mahmikiwini_culture
me_land_2260,Gathar March,me_rhun_region,RH3,place,4.951,me_sagath,me_melkorism,,livestock,rural_settlement,eseejja_culture
me_land_2261,Southbank End,me_enedwaith_region,WILD,wilderness,0.015,me_dunlending,me_dunland_ways,,livestock,rural_settlement,
me_land_2262,Faramar Gate,me_far_harad_region,HFA,place,3.343,me_far_haradrim,me_southron_ways,,copper,rural_settlement,kashubian
me_land_2263,Hadramar Gate,me_umbar_region,UMB,place,1.679,me_umbarite,me_sauron_cult,,salt,rural_settlement,tumed_culture
me_land_2264,Karmar March,me_rhun_region,RH2,place,1.432,me_karmachi,me_melkorism,,wool,rural_settlement,
me_land_2265,Ghashglob Camp,me_north_arnor_region,ANG,place,1.484,me_northern_orc,me_melkorism,,clay,rural_settlement,western_abenaki_culture
me_land_2266,Emyn bornen,me_belfalas_region,GON,place,3.777,me_gondorian,me_valar_worship,,wheat,rural_settlement,inupiaq_culture
me_land_2267,Gorglob Camp,me_mordor_region,WILD,wilderness,0.013,me_mordor_orc,me_sauron_cult,,stone,rural_settlement,
me_land_2268,Framgar,me_rohan_region,ROH,place,2.398,me_rohirric,me_northern_ways,,horses,rural_settlement,nhuwala_culture
me_land_2269,Skarnuk,me_khand_region,KHA,place,1.011,me_variag,me_melkorism,,livestock,rural_settlement,
me_land_2270,Khurar March,me_rhun_region,RHU,place,2.621,me_balchoth,me_sauron_cult,,wool,rural_settlement,mahican_culture
me_land_2271,Lodar March,me_rhun_region,RH2,place,2.512,me_karmachi,me_melkorism,,livestock,rural_settlement,melanau_culture
me_land_2272,Imlad bornen,me_north_arnor_region,WILD,wilderness,0.015,me_eriadoran,me_northern_ways,,wool,rural_settlement,
me_land_2273,Narar March,me_rhun_region,RH2,place,1.432,me_karmachi,me_melkorism,,livestock,rural_settlement,
me_land_2274,Rhovar March,me_rhun_region,RH2,place,1.908,me_karmachi,me_melkorism,,wheat,rural_settlement,shoromba_culture
me_land_2275,Grishglob Camp,me_rohan_region,ISE,place,0.33,me_isengard_uruk,me_sauron_cult,,clay,rural_settlement,
me_land_2276,Minas bornen,me_south_gondor_region,GON,place,5.473,me_gondorian,me_valar_worship,,wheat,rural_settlement,bwende
me_land_2277,Targuk,me_khand_region,KHA,place,1.011,me_variag,me_melkorism,,salt,rural_settlement,
me_land_2278,Kharamar Gate,me_near_harad_region,HNE,place,2.034,me_near_haradrim,me_southron_ways,,wool,rural_settlement,punan_culture
me_land_2279,Gamilgathol,me_lindon_region,BLU,place,0.351,me_firebeard_broadbeam,me_mahal_cult,,clay,rural_settlement,
me_land_2280,Sagar March,me_rhun_region,RHU,place,2.621,me_balchoth,me_sauron_cult,,horses,rural_settlement,mahafaly_culture
me_land_2281,Sharar March,me_rhun_region,RH3,place,4.951,me_sagath,me_melkorism,,wheat,rural_settlement,erzya_culture
me_land_2282,Uldar March,me_rhun_region,RHU,place,2.621,me_balchoth,me_sauron_cult,,wool,rural_settlement,maguindanao_culture
me_land_2283,Icehaven Reach,me_northern_wastes_region,WILD,wilderness,0.006,me_lossoth,me_lossoth_ways,,fur,rural_settlement,
me_land_2284,Krimpglob Camp,me_mordor_region,WILD,wilderness,0.013,me_mordor_orc,me_sauron_cult,,wheat,rural_settlement,
me_land_2285,Mahramar Gate,me_near_harad_region,HNE,place,2.034,me_near_haradrim,me_southron_ways,,wool,rural_settlement,pumi_culture
me_land_2286,Grimgar,me_rohan_region,ROH,place,2.398,me_rohirric,me_northern_ways,,wheat,rural_settlement,nhanta_culture
me_land_2287,Bearhall,me_anduin_vale_region,BEO,place,0.306,me_beorning,me_northern_ways,,wheat,rural_settlement,
me_land_2288,Ost bornen,me_north_arnor_region,WILD,wilderness,0.013,me_eriadoran,me_northern_ways,,wheat,rural_settlement,
me_land_2289,Stonebank End,me_enedwaith_region,WILD,wilderness,0.013,me_dunlending,me_dunland_ways,,wheat,rural_settlement,
me_land_2290,Taur bornen,me_south_gondor_region,GON,place,0.855,me_gondorian,me_valar_worship,,copper,rural_settlement,
me_land_2291,Bar bornen,me_rohan_region,GON,place,5.473,me_gondorian,me_valar_worship,,horses,rural_settlement,butuanon_culture
me_land_2292,Dimplebury,me_shire_breeland_region,SHI,place,2.869,me_shire_hobbit,me_northern_ways,,fiber_crops,rural_settlement,kija_culture
me_land_2293,Naramar Gate,me_near_harad_region,UMB,place,1.679,me_umbarite,me_sauron_cult,,salt,rural_settlement,tumbuka_culture
me_land_2294,Qasamar Gate,me_far_harad_region,HNE,place,2.034,me_near_haradrim,me_southron_ways,,copper,rural_settlement,pume_culture
me_land_2295,Northhaven Reach,me_northern_wastes_region,WILD,wilderness,0.006,me_lossoth,me_lossoth_ways,,wild_game,rural_settlement,
me_land_2296,Rakhamar Gate,me_near_harad_region,HNE,place,2.034,me_near_haradrim,me_southron_ways,,wool,rural_settlement,pukamuru_culture
me_land_2297,Sahramar Gate,me_near_harad_region,HNE,place,2.034,me_near_haradrim,me_southron_ways,,salt,rural_settlement,puben_culture
me_land_2298,Tazamar Gate,me_far_harad_region,HRA,place,4.546,me_near_haradrim,me_southron_ways,,salt,rural_settlement,guale_culture
me_land_2299,Westbank End,me_mirkwood_region,WILD,wilderness,0.013,me_woodman,me_northern_ways,,livestock,rural_settlement,
me_land_2300,Umramar Gate,me_umbar_region,UMB,place,1.679,me_umbarite,me_sauron_cult,,salt,rural_settlement,tumbalala_culture
me_land_2301,Calen bornen,me_north_arnor_region,WILD,wilderness,0.015,me_eriadoran,me_northern_ways,,wool,rural_settlement,
me_land_2302,Alderbourne End,me_anduin_vale_region,WILD,wilderness,0.015,me_woodman,me_northern_ways,,wool,rural_settlement,
me_land_2303,Bardgarth,me_rhun_region,DOR,place,1.82,me_dorwinrim,me_northern_ways,,wheat,rural_settlement,tahue_culture
me_land_2304,Eastern March,me_rhun_region,RH3,city,49.464,me_sagath,me_melkorism,,wool,city,abkhazian_culture
me_land_2305,Celon bornen,me_anorien_region,GON,place,5.473,me_gondorian,me_valar_worship,,wheat,rural_settlement,buton_culture
me_land_2306,Nim bornen,me_lebennin_region,GON,place,5.473,me_gondorian,me_valar_worship,,wheat,rural_settlement,buryat_culture
me_land_2307,Wainar March,me_rhun_region,RHU,place,3.494,me_balchoth,me_sauron_cult,,wheat,rural_settlement,kalaamaya_culture
me_land_2308,Amon caranen,me_south_gondor_region,GON,place,0.855,me_gondorian,me_valar_worship,,copper,rural_settlement,
me_land_2309,Zorar March,me_rhun_region,RHU,place,2.621,me_balchoth,me_sauron_cult,,wool,rural_settlement,magemiut_culture
me_land_2310,Lugglob Camp,me_mordor_region,WILD,wilderness,0.013,me_mordor_orc,me_sauron_cult,,iron,rural_settlement,
me_land_2311,Helmgar,me_rohan_region,ROH,place,2.398,me_rohirric,me_northern_ways,,livestock,rural_settlement,ngurraiillam_culture
me_land_2312,Ashbourne End,me_enedwaith_region,WILD,wilderness,0.013,me_dunlending,me_dunland_ways,,clay,rural_settlement,
me_land_2313,Barrowbourne End,me_enedwaith_region,WILD,wilderness,0.013,me_dunlending,me_dunland_ways,,clay,rural_settlement,
me_land_2314,Dol caranen,me_ithilien_region,WILD,wilderness,0.016,me_gondorian,me_valar_worship,,wheat,rural_settlement,
me_land_2315,Balath March,me_rhun_region,RH3,place,4.951,me_sagath,me_melkorism,,wool,rural_settlement,erielhonan_culture
me_land_2316,Palehaven Reach,me_northern_wastes_region,WILD,wilderness,0.011,me_lossoth,me_lossoth_ways,,wool,rural_settlement,
me_land_2317,Eithel caranen,me_ithilien_region,WILD,wilderness,0.016,me_gondorian,me_valar_worship,,wheat,rural_settlement,
me_land_2318,Bellgarth,me_rhun_region,DOR,place,1.366,me_dorwinrim,me_northern_ways,,livestock,rural_settlement,
me_land_2319,Mauhglob Camp,me_mordor_region,WILD,wilderness,0.013,me_mordor_orc,me_sauron_cult,,stone,rural_settlement,
me_land_2320,Bowgarth,me_rhun_region,DOR,place,1.82,me_dorwinrim,me_northern_ways,,clay,rural_settlement,tahami_culture
me_land_2321,Emyn caranen,me_north_arnor_region,WILD,wilderness,0.015,me_eriadoran,me_northern_ways,,wool,rural_settlement,
me_land_2322,Imlad caranen,me_belfalas_region,GON,place,5.473,me_gondorian,me_valar_worship,,wheat,rural_settlement,buruwai_culture
me_land_2323,Minas caranen,me_ithilien_region,WILD,wilderness,0.007,me_gondorian,me_valar_worship,,stone,rural_settlement,
me_land_2324,Ost caranen,me_ithilien_region,WILD,wilderness,0.007,me_gondorian,me_valar_worship,,stone,rural_settlement,
me_land_2325,Taur caranen,me_belfalas_region,DAM,place,2.469,me_dol_amrothian,me_valar_worship,,wool,rural_settlement,moravian
me_land_2326,Fernbury,me_shire_breeland_region,WILD,wilderness,0.015,me_eriadoran,me_northern_ways,,wheat,rural_settlement,
me_land_2327,Bar caranen,me_lebennin_region,GON,place,0.855,me_gondorian,me_valar_worship,,livestock,rural_settlement,
me_land_2328,Borath March,me_rhun_region,RH2,place,1.432,me_karmachi,me_melkorism,,horses,rural_settlement,
me_land_2329,Beaconbourne End,me_enedwaith_region,WILD,wilderness,0.013,me_dunlending,me_dunland_ways,,fish,rural_settlement,
me_land_2330,Calen caranen,me_south_gondor_region,GON,place,0.833,me_gondorian,me_valar_worship,,salt,rural_settlement,
me_land_2331,Gathath March,me_rhun_region,RHU,place,2.621,me_balchoth,me_sauron_cult,,horses,rural_settlement,magar_culture
me_land_2332,Sealhaven Reach,me_northern_wastes_region,WILD,wilderness,0.013,me_lossoth,me_lossoth_ways,,livestock,rural_settlement,
me_land_2333,Muzgglob Camp,me_mordor_region,MOR,place,1.265,me_mordor_orc,me_sauron_cult,,stone,rural_settlement,
me_land_2334,Celon caranen,me_north_arnor_region,WILD,wilderness,0.015,me_eriadoran,me_northern_ways,,wheat,rural_settlement,
me_land_2335,Blackbourne End,me_enedwaith_region,WILD,wilderness,0.015,me_dunlending,me_dunland_ways,,clay,rural_settlement,
me_land_2336,Nazgglob Camp,me_mordor_region,MOR,place,1.265,me_mordor_orc,me_sauron_cult,,livestock,rural_settlement,
me_land_2337,Beehall,me_anduin_vale_region,BEO,place,0.307,me_beorning,me_northern_ways,,wool,rural_settlement,
me_land_2338,Varkuk,me_khand_region,KHA,place,1.011,me_variag,me_melkorism,,livestock,rural_settlement,
me_land_2339,Gatholgathol,me_grey_mountains_region,ERE,place,1.435,me_longbeard,me_mahal_cult,,wool,rural_settlement,wuyjuyu_culture
me_land_2340,Celduingarth,me_rhun_region,DOR,place,1.366,me_dorwinrim,me_northern_ways,,horses,rural_settlement,
me_land_2341,Karmath March,me_rhun_region,RH2,place,1.432,me_karmachi,me_melkorism,,wheat,rural_settlement,
me_land_2342,Herugar,me_rohan_region,ROH,place,2.398,me_rohirric,me_northern_ways,,livestock,rural_settlement,nguni_culture
me_land_2343,Dalegarth,me_rhun_region,DOR,place,1.366,me_dorwinrim,me_northern_ways,,wool,rural_settlement,
me_land_2344,Bramblebourne End,me_enedwaith_region,WILD,wilderness,0.013,me_dunlending,me_dunland_ways,,livestock,rural_settlement,
me_land_2345,Khurath March,me_rhun_region,RH2,place,1.908,me_karmachi,me_melkorism,,clay,rural_settlement,shor_culture
me_land_2346,Nim caranen,me_north_arnor_region,WILD,wilderness,0.013,me_eriadoran,me_northern_ways,,livestock,rural_settlement,
me_land_2347,Zanduk,me_khand_region,KHA,place,1.011,me_variag,me_melkorism,,salt,rural_settlement,
me_land_2348,Léodgar,me_rohan_region,ROH,place,2.398,me_rohirric,me_northern_ways,,wheat,rural_settlement,ngunawal_culture
me_land_2349,Arzun,me_khand_region,KHA,place,1.011,me_variag,me_melkorism,,copper,rural_settlement,
me_land_2350,Skaiglob Camp,me_mordor_region,WILD,wilderness,0.013,me_mordor_orc,me_sauron_cult,,livestock,rural_settlement,
me_land_2351,Carrockhall,me_anduin_vale_region,BEO,place,0.307,me_beorning,me_northern_ways,,clay,rural_settlement,
me_land_2352,Zaramar Gate,me_umbar_region,UMB,place,1.679,me_umbarite,me_sauron_cult,,livestock,rural_settlement,tumaco_culture
me_land_2353,Bucklandbourne End,me_enedwaith_region,WILD,wilderness,0.013,me_dunlending,me_dunland_ways,,livestock,rural_settlement,
me_land_2354,Balkun,me_khand_region,KHA,place,1.011,me_variag,me_melkorism,,wool,rural_settlement,
me_land_2355,Goldenhall,me_anduin_vale_region,BEO,place,0.168,me_beorning,me_northern_ways,,medicaments,rural_settlement,
me_land_2356,Uglglob Camp,me_mordor_region,MOR,place,1.265,me_mordor_orc,me_sauron_cult,,stone,rural_settlement,
me_land_2357,Amon duinen,me_belfalas_region,DAM,place,2.469,me_dol_amrothian,me_valar_worship,,wheat,rural_settlement,moratau_culture
me_land_2358,Dol duinen,me_north_arnor_region,RAN,place,0.168,me_arnor_dunedain,me_valar_worship,,wheat,rural_settlement,
me_land_2359,Urukglob Camp,me_mordor_region,WILD,wilderness,0.013,me_mordor_orc,me_sauron_cult,,livestock,rural_settlement,
me_land_2360,Eithel duinen,me_ithilien_region,WILD,wilderness,0.007,me_gondorian,me_valar_worship,,stone,rural_settlement,
me_land_2361,Azran Gate,me_umbar_region,UMB,place,1.679,me_umbarite,me_sauron_cult,,copper,rural_settlement,tuluva
me_land_2362,Lodath March,me_rhun_region,RH2,place,1.432,me_karmachi,me_melkorism,,wheat,rural_settlement,
me_land_2363,Narath March,me_rhun_region,RH2,place,1.432,me_karmachi,me_melkorism,,horses,rural_settlement,
me_land_2364,Rhovath March,me_rhun_region,RH2,place,1.432,me_karmachi,me_melkorism,,livestock,rural_settlement,
me_land_2365,Bahran Gate,me_umbar_region,UMB,place,1.679,me_umbarite,me_sauron_cult,,livestock,rural_settlement,tulumni_culture
me_land_2366,Ashgrat Camp,me_mordor_region,MOR,place,7.563,me_mordor_orc,me_sauron_cult,,wheat,rural_settlement,anejom_culture
me_land_2367,Sagath March,me_rhun_region,RHU,place,1.784,me_balchoth,me_sauron_cult,,wool,rural_settlement,taontaenrat_culture
me_land_2368,Gundgathol,me_rhun_region,IRO,place,0.446,me_longbeard,me_mahal_cult,,wheat,rural_settlement,
me_land_2369,Emyn duinen,me_belfalas_region,GON,place,3.777,me_gondorian,me_valar_worship,,wool,rural_settlement,inuit_culture
me_land_2370,Imlad duinen,me_lindon_region,LIN,place,0.093,me_sindar,me_valar_worship,,clay,rural_settlement,
me_land_2371,Azggrat Camp,me_mordor_region,MOR,place,1.265,me_mordor_orc,me_sauron_cult,,stone,rural_settlement,
me_land_2372,Minas duinen,me_north_arnor_region,WILD,wilderness,0.013,me_eriadoran,me_northern_ways,,wheat,rural_settlement,
me_land_2373,Snowhaven Reach,me_northern_wastes_region,WILD,wilderness,0.006,me_lossoth,me_lossoth_ways,,fish,rural_settlement,
me_land_2374,Daran Gate,me_far_harad_region,HRA,place,4.546,me_near_haradrim,me_southron_ways,,livestock,rural_settlement,guaiteco_culture
me_land_2375,Ost duinen,me_belfalas_region,GON,place,3.777,me_gondorian,me_valar_worship,,wheat,rural_settlement,inuinnait_culture
me_land_2376,Cedarbourne End,me_enedwaith_region,WILD,wilderness,0.013,me_dunlending,me_dunland_ways,,clay,rural_settlement,
me_land_2377,Drazun,me_far_harad_region,KHA,place,1.011,me_variag,me_melkorism,,wool,rural_settlement,
me_land_2378,Starhaven Reach,me_northern_wastes_region,WILD,wilderness,0.013,me_lossoth,me_lossoth_ways,,wool,rural_settlement,
me_land_2379,Taur duinen,me_north_arnor_region,WILD,wilderness,0.015,me_eriadoran,me_northern_ways,,wool,rural_settlement,
me_land_2380,Faran Gate,me_far_harad_region,HFA,place,3.343,me_far_haradrim,me_southron_ways,,livestock,rural_settlement,kashmiri_culture
me_land_2381,Blackgrat Camp,me_mordor_region,MOR,place,1.265,me_mordor_orc,me_sauron_cult,,livestock,rural_settlement,
me_land_2382,Bar duinen,me_belfalas_region,GON,place,5.473,me_gondorian,me_valar_worship,,wool,rural_settlement,burusho
me_land_2383,Whitehaven Reach,me_northern_wastes_region,WILD,wilderness,0.013,me_lossoth,me_lossoth_ways,,livestock,rural_settlement,
me_land_2384,Calen duinen,me_north_arnor_region,WILD,wilderness,0.015,me_eriadoran,me_northern_ways,,wool,rural_settlement,
me_land_2385,Hadran Gate,me_far_harad_region,HFA,place,3.343,me_far_haradrim,me_southron_ways,,salt,rural_settlement,kasayi
me_land_2386,Celon duinen,me_ithilien_region,WILD,wilderness,0.007,me_gondorian,me_valar_worship,,iron,rural_settlement,
me_land_2387,Kharan Gate,me_umbar_region,UMB,place,1.679,me_umbarite,me_sauron_cult,,fish,rural_settlement,tula_culture
me_land_2388,Nim duinen,me_brown_lands_region,WILD,wilderness,0.013,me_woodman,me_northern_ways,,livestock,rural_settlement,
me_land_2389,Burzgrat Camp,me_mirkwood_region,DOL,place,1.939,me_mordor_orc,me_sauron_cult,,medicaments,rural_settlement,rotokas_culture
me_land_2390,Winterhaven Reach,me_northern_wastes_region,WILD,wilderness,0.013,me_lossoth,me_lossoth_ways,,wool,rural_settlement,
me_land_2391,Eastgarth,me_rhun_region,DOR,place,1.82,me_dorwinrim,me_northern_ways,,wool,rural_settlement,tagula_culture
me_land_2392,Khazgathol,me_rhun_region,IRO,place,0.446,me_longbeard,me_mahal_cult,,livestock,rural_settlement,
me_land_2393,Amon falasen,me_north_arnor_region,WILD,wilderness,0.015,me_eriadoran,me_northern_ways,,wheat,rural_settlement,
me_land_2394,Gharun,me_far_harad_region,KHA,place,1.011,me_variag,me_melkorism,,salt,rural_settlement,
me_land_2395,Coldmere Reach,me_northern_wastes_region,WILD,wilderness,0.013,me_lossoth,me_lossoth_ways,,wool,rural_settlement,
me_land_2396,Kheledgathol,me_lindon_region,BLU,place,0.351,me_firebeard_broadbeam,me_mahal_cult,,wheat,rural_settlement,
me_land_2397,Narggathol,me_rhun_region,IRO,place,0.446,me_longbeard,me_mahal_cult,,wool,rural_settlement,
me_land_2398,Shargathol,me_grey_mountains_region,ERE,place,0.779,me_longbeard,me_mahal_cult,,medicaments,rural_settlement,
me_land_2399,Sharath March,me_rhun_region,RHU,place,2.621,me_balchoth,me_sauron_cult,,livestock,rural_settlement,magahi
me_land_2400,Dushgrat Camp,me_mordor_region,MOR,place,1.265,me_mordor_orc,me_sauron_cult,,stone,rural_settlement,
me_land_2401,Dol falasen,me_brown_lands_region,WILD,wilderness,0.015,me_woodman,me_northern_ways,,wool,rural_settlement,
me_land_2402,Eithel falasen,me_belfalas_region,GON,place,3.777,me_gondorian,me_valar_worship,,livestock,rural_settlement,inoka_culture
me_land_2403,Ghashgrat Camp,me_grey_mountains_region,GUN,place,5.13,me_northern_orc,me_melkorism,,wool,rural_settlement,dainggatti_culture
me_land_2404,Emyn falasen,me_lebennin_region,GON,place,5.473,me_gondorian,me_valar_worship,,clay,rural_settlement,buru_culture
me_land_2405,Zigilgathol,me_rhun_region,IRO,place,0.446,me_longbeard,me_mahal_cult,,wool,rural_settlement,
me_land_2406,Uldath March,me_rhun_region,RH2,place,1.908,me_karmachi,me_melkorism,,clay,rural_settlement,shona_culture
me_land_2407,Mahran Gate,me_umbar_region,UMB,place,1.679,me_umbarite,me_sauron_cult,,copper,rural_settlement,tukudeka_culture
me_land_2408,Gorgrat Camp,me_mordor_region,MOR,place,7.563,me_mordor_orc,me_sauron_cult,,wheat,rural_settlement,andaqui_culture
me_land_2409,Kandun,me_khand_region,KHA,place,1.011,me_variag,me_melkorism,,wool,rural_settlement,
me_land_2410,Grishgrat Camp,me_rohan_region,ISE,place,0.33,me_isengard_uruk,me_sauron_cult,,horses,rural_settlement,
me_land_2411,Imlad falasen,me_belfalas_region,DAM,place,0.724,me_dol_amrothian,me_valar_worship,,wool,rural_settlement,
me_land_2412,Minas falasen,me_brown_lands_region,WILD,wilderness,0.011,me_woodman,me_northern_ways,,horses,rural_settlement,
me_land_2413,Driftmere Reach,me_northern_wastes_region,WILD,wilderness,0.013,me_lossoth,me_lossoth_ways,,livestock,rural_settlement,
me_land_2414,Naran Gate,me_umbar_region,UMB,place,1.679,me_umbarite,me_sauron_cult,,wool,rural_settlement,tujia_culture
me_land_2415,Deepbourne End,me_anduin_vale_region,WILD,wilderness,0.015,me_woodman,me_northern_ways,,wheat,rural_settlement,
me_land_2416,Krimpgrat Camp,me_anduin_vale_region,GOB,place,1.224,me_misty_orc,me_melkorism,,clay,rural_settlement,
me_land_2417,Luggrat Camp,me_mordor_region,MOR,place,1.265,me_mordor_orc,me_sauron_cult,,iron,rural_settlement,
me_land_2418,Ost falasen,me_north_arnor_region,WILD,wilderness,0.015,me_eriadoran,me_northern_ways,,wheat,rural_settlement,
me_land_2419,Qasan Gate,me_near_harad_region,HRA,place,4.546,me_near_haradrim,me_southron_ways,,copper,rural_settlement,guaitaka_culture
me_land_2420,Azaninbar,me_rhun_region,IRO,place,0.446,me_longbeard,me_mahal_cult,,horses,rural_settlement,
me_land_2421,Taur falasen,me_lebennin_region,GON,place,0.855,me_gondorian,me_valar_worship,,wool,rural_settlement,
me_land_2422,Bar falasen,me_brown_lands_region,WILD,wilderness,0.013,me_woodman,me_northern_ways,,wheat,rural_settlement,
me_land_2423,Calen falasen,me_ithilien_region,WILD,wilderness,0.007,me_gondorian,me_valar_worship,,stone,rural_settlement,
me_land_2424,Frostmere Reach,me_northern_wastes_region,WILD,wilderness,0.013,me_lossoth,me_lossoth_ways,,livestock,rural_settlement,
me_land_2425,Celon falasen,me_north_arnor_region,WILD,wilderness,0.015,me_eriadoran,me_northern_ways,,livestock,rural_settlement,
me_land_2426,Nim falasen,me_ithilien_region,WILD,wilderness,0.016,me_gondorian,me_valar_worship,,livestock,rural_settlement,
me_land_2427,Amon galenen,me_north_arnor_region,WILD,wilderness,0.015,me_eriadoran,me_northern_ways,,wheat,rural_settlement,
me_land_2428,Icemere Reach,me_northern_wastes_region,WILD,wilderness,0.013,me_lossoth,me_lossoth_ways,,clay,rural_settlement,
me_land_2429,Wainath March,me_rhun_region,RH2,place,1.908,me_karmachi,me_melkorism,,wheat,rural_settlement,shina_culture
me_land_2430,Esgargarth,me_rhun_region,DOR,place,1.82,me_dorwinrim,me_northern_ways,,wool,rural_settlement,tagbanwa_culture
me_land_2431,Mauhgrat Camp,me_mordor_region,WILD,wilderness,0.013,me_mordor_orc,me_sauron_cult,,wheat,rural_settlement,
me_land_2432,Eastbourne End,me_mirkwood_region,WDM,place,1.141,me_woodman,me_northern_ways,,medicaments,rural_settlement,
me_land_2433,Muzggrat Camp,me_mordor_region,WILD,wilderness,0.013,me_mordor_orc,me_sauron_cult,,iron,rural_settlement,
me_land_2434,Dol galenen,me_mirkwood_region,WOO,place,0.648,me_silvan,me_valar_worship,,wild_game,rural_settlement,
me_land_2435,Zorath March,me_rhun_region,RH2,place,1.432,me_karmachi,me_melkorism,,wool,rural_settlement,
me_land_2436_endore,Balen March,me_rhun_region,RH2,place,1.432,me_karmachi,me_melkorism,,horses,rural_settlement,
me_land_2437,Eithel galenen,me_ithilien_region,WILD,wilderness,0.007,me_gondorian,me_valar_worship,,salt,rural_settlement,
me_land_2438,Khazun,me_khand_region,KHA,place,1.011,me_variag,me_melkorism,,salt,rural_settlement,
me_land_2439,Emyn galenen,me_enedwaith_region,RAN,place,0.168,me_arnor_dunedain,me_valar_worship,,wheat,rural_settlement,
me_land_2440,Nazggrat Camp,me_anduin_vale_region,GOB,place,1.298,me_misty_orc,me_melkorism,,livestock,rural_settlement,
me_land_2441,Imlad galenen,me_north_arnor_region,WILD,wilderness,0.012,me_eriadoran,me_northern_ways,,wheat,rural_settlement,
me_land_2442,Greenbourne End,me_enedwaith_region,WILD,wilderness,0.015,me_dunlending,me_dunland_ways,,livestock,rural_settlement,
me_land_2443,Ridgar,me_rohan_region,ROH,place,2.398,me_rohirric,me_northern_ways,,horses,rural_settlement,ngumbarl_culture
me_land_2444,Haybury,me_shire_breeland_region,WILD,wilderness,0.015,me_eriadoran,me_northern_ways,,wool,rural_settlement,
me_land_2445,Minas galenen,me_lindon_region,LIN,place,0.093,me_sindar,me_valar_worship,,livestock,rural_settlement,
me_land_2446,Rakhan Gate,me_far_harad_region,HNE,place,2.034,me_near_haradrim,me_southron_ways,,copper,rural_settlement,pruthenian
me_land_2447,Khorun,me_near_harad_region,KHA,place,1.011,me_variag,me_melkorism,,salt,rural_settlement,
me_land_2448,Greybourne End,me_enedwaith_region,WILD,wilderness,0.013,me_dunlending,me_dunland_ways,,livestock,rural_settlement,
me_land_2449,Northmere Reach,me_forochel_region,LOS,place,0.031,me_lossoth,me_lossoth_ways,,wild_game,rural_settlement,
me_land_2450,Kinggarth,me_dale_region,DAL,place,1.967,me_dalish,me_northern_ways,,livestock,rural_settlement,riantana_culture
me_land_2451,Boren March,me_rhun_region,RHU,place,2.621,me_balchoth,me_sauron_cult,,horses,rural_settlement,maewo_culture
me_land_2452,Barazinbar,me_grey_mountains_region,WILD,wilderness,0.01,me_northern_orc,me_melkorism,,wool,rural_settlement,
me_land_2453,Ost galenen,me_north_arnor_region,RAN,place,0.168,me_arnor_dunedain,me_valar_worship,,wheat,rural_settlement,
me_land_2454,Longbourne End,me_mirkwood_region,WILD,wilderness,0.011,me_woodman,me_northern_ways,,horses,rural_settlement,
me_land_2455,Ruzun,me_khand_region,KHA,place,1.011,me_variag,me_melkorism,,wool,rural_settlement,
me_land_2456,Northbourne End,me_enedwaith_region,WILD,wilderness,0.013,me_dunlending,me_dunland_ways,,wheat,rural_settlement,
me_land_2457,Palemere Reach,me_northern_wastes_region,WILD,wilderness,0.013,me_lossoth,me_lossoth_ways,,wool,rural_settlement,
me_land_2458,Skarnun,me_khand_region,KHA,place,1.011,me_variag,me_melkorism,,salt,rural_settlement,
me_land_2459,Oakbourne End,me_enedwaith_region,WILD,wilderness,0.015,me_dunlending,me_dunland_ways,,clay,rural_settlement,
me_land_2460,Gathen March,me_rhun_region,RHU,place,2.621,me_balchoth,me_sauron_cult,,horses,rural_settlement,madurese_culture
me_land_2461,Targun,me_khand_region,KHA,place,1.011,me_variag,me_melkorism,,livestock,rural_settlement,
me_land_2462,Karmen March,me_rhun_region,RH2,place,1.432,me_karmachi,me_melkorism,,livestock,rural_settlement,
me_land_2463,Southbourne End,me_mirkwood_region,WDM,place,1.141,me_woodman,me_northern_ways,,wool,rural_settlement,
me_land_2464,Khuren March,me_rhun_region,RH2,place,1.908,me_karmachi,me_melkorism,,wool,rural_settlement,shilluk_culture
me_land_2465,Taur galenen,me_lindon_region,LIN,place,0.093,me_sindar,me_valar_worship,,clay,rural_settlement,
me_land_2466,Bar galenen,me_belfalas_region,GON,place,3.777,me_gondorian,me_valar_worship,,wheat,rural_settlement,innu_culture
me_land_2467,Skaigrat Camp,me_mirkwood_region,DOL,place,1.939,me_mordor_orc,me_sauron_cult,,medicaments,rural_settlement,rotenese_culture
me_land_2468,Calen galenen,me_lebennin_region,GON,place,5.473,me_gondorian,me_valar_worship,,wool,rural_settlement,burmese_culture
me_land_2469,Stonebourne End,me_enedwaith_region,WILD,wilderness,0.013,me_dunlending,me_dunland_ways,,livestock,rural_settlement,
me_land_2470,Celon galenen,me_ithilien_region,WILD,wilderness,0.015,me_gondorian,me_valar_worship,,wheat,rural_settlement,
me_land_2471,Nim galenen,me_north_arnor_region,WILD,wilderness,0.015,me_eriadoran,me_northern_ways,,clay,rural_settlement,
me_land_2472,Hazelbury,me_shire_breeland_region,SHI,place,2.869,me_shire_hobbit,me_northern_ways,,wheat,rural_settlement,kichesipirini_culture
me_land_2473,Loden March,me_rhun_region,RH2,place,1.432,me_karmachi,me_melkorism,,horses,rural_settlement,
me_land_2474,Varkun,me_khand_region,KHA,place,1.011,me_variag,me_melkorism,,copper,rural_settlement,
me_land_2475,Naren March,me_rhun_region,RH3,place,4.951,me_sagath,me_melkorism,,horses,rural_settlement,eora_culture
me_land_2476,Westbourne End,me_anduin_vale_region,WILD,wilderness,0.015,me_woodman,me_northern_ways,,wool,rural_settlement,
me_land_2477,Sahran Gate,me_far_harad_region,HFA,place,3.343,me_far_haradrim,me_southron_ways,,salt,rural_settlement,karuk_culture
me_land_2478,Alderbridge End,me_mirkwood_region,WILD,wilderness,0.013,me_woodman,me_northern_ways,,wool,rural_settlement,
me_land_2479,Zandun,me_khand_region,KHA,place,1.011,me_variag,me_melkorism,,wool,rural_settlement,
me_land_2480,Uglgrat Camp,me_mordor_region,MOR,place,1.265,me_mordor_orc,me_sauron_cult,,wheat,rural_settlement,
me_land_2481,Amon gonden,me_lebennin_region,GON,place,5.473,me_gondorian,me_valar_worship,,clay,rural_settlement,burji_culture
me_land_2482,Sealmere Reach,me_northern_wastes_region,WILD,wilderness,0.013,me_lossoth,me_lossoth_ways,,clay,rural_settlement,
me_land_2483,Hollybury,me_shire_breeland_region,WILD,wilderness,0.015,me_eriadoran,me_northern_ways,,wheat,rural_settlement,
me_land_2484,Thengelgar,me_rohan_region,ROH,place,2.398,me_rohirric,me_northern_ways,,wheat,rural_settlement,ngoorabul_culture
me_land_2485,Dol gonden,me_north_arnor_region,RAN,place,0.168,me_arnor_dunedain,me_valar_worship,,wheat,rural_settlement,
me_land_2486,Ashbridge End,me_enedwaith_region,WILD,wilderness,0.013,me_dunlending,me_dunland_ways,,livestock,rural_settlement,
me_land_2487,Barrowbridge End,me_enedwaith_region,WILD,wilderness,0.015,me_dunlending,me_dunland_ways,,clay,rural_settlement,
me_land_2488,Snowmere Reach,me_northern_wastes_region,WILD,wilderness,0.013,me_lossoth,me_lossoth_ways,,wheat,rural_settlement,
me_land_2489,Eithel gonden,me_north_arnor_region,WILD,wilderness,0.015,me_eriadoran,me_northern_ways,,livestock,rural_settlement,
me_land_2490,Emyn gonden,me_anorien_region,GON,place,5.473,me_gondorian,me_valar_worship,,wheat,rural_settlement,burgundian
me_land_2491,Imlad gonden,me_anorien_region,GON,place,5.473,me_gondorian,me_valar_worship,,wheat,rural_settlement,bungku_culture
me_land_2492,Minas gonden,me_north_arnor_region,WILD,wilderness,0.015,me_eriadoran,me_northern_ways,,clay,rural_settlement,
me_land_2493,Ost gonden,me_ithilien_region,WILD,wilderness,0.007,me_gondorian,me_valar_worship,,salt,rural_settlement,
me_land_2494,Rhoven March,me_rhun_region,RH2,place,1.432,me_karmachi,me_melkorism,,horses,rural_settlement,
me_land_2495,Taur gonden,me_lebennin_region,GON,place,5.473,me_gondorian,me_valar_worship,,livestock,rural_settlement,bundjalung_culture
me_land_2496,Beaconbridge End,me_shire_breeland_region,BRE,place,0.49,me_eriadoran,me_northern_ways,,wheat,rural_settlement,
me_land_2497,Bizarinbar,me_rhun_region,IRO,place,0.446,me_longbeard,me_mahal_cult,,wheat,rural_settlement,
me_land_2498,Bar gonden,me_brown_lands_region,WILD,wilderness,0.011,me_woodman,me_northern_ways,,horses,rural_settlement,
me_land_2499,Calen gonden,me_north_arnor_region,WILD,wilderness,0.015,me_eriadoran,me_northern_ways,,wheat,rural_settlement,
me_land_2500,Sagen March,me_rhun_region,RH2,place,1.908,me_karmachi,me_melkorism,,wheat,rural_settlement,shihhi_culture
me_land_2501,Tazan Gate,me_far_harad_region,HFA,place,14.82,me_far_haradrim,me_southron_ways,,livestock,rural_settlement,ainu_culture
me_land_2502,Woldgar,me_rohan_region,ROH,place,2.398,me_rohirric,me_northern_ways,,wool,rural_settlement,ngbandi_culture
me_land_2503,Aldham,me_rohan_region,ROH,place,2.398,me_rohirric,me_northern_ways,,horses,rural_settlement,ngatjumay_culture
me_land_2504,Celon gonden,me_brown_lands_region,WILD,wilderness,0.011,me_woodman,me_northern_ways,,wool,rural_settlement,
me_land_2505,Nim gonden,me_enedwaith_region,RAN,place,0.168,me_arnor_dunedain,me_valar_worship,,wool,rural_settlement,
me_land_2506,Amon lothen,me_north_arnor_region,WILD,wilderness,0.015,me_eriadoran,me_northern_ways,,wool,rural_settlement,
me_land_2507,Sharen March,me_rhun_region,RH2,place,1.908,me_karmachi,me_melkorism,,livestock,rural_settlement,shi_culture
me_land_2508,Ulden March,me_rhun_region,RHU,place,2.621,me_balchoth,me_sauron_cult,,horses,rural_settlement,madi_culture
me_land_2509,Dol lothen,me_belfalas_region,GON,place,3.777,me_gondorian,me_valar_worship,,wheat,rural_settlement,innini_culture
me_land_2510,Bundinbar,me_grey_mountains_region,ERE,place,0.779,me_longbeard,me_mahal_cult,,medicaments,rural_settlement,
me_land_2511,Eithel lothen,me_brown_lands_region,WILD,wilderness,0.011,me_woodman,me_northern_ways,,wheat,rural_settlement,
me_land_2512,Emyn lothen,me_anorien_region,GON,place,5.473,me_gondorian,me_valar_worship,,livestock,rural_settlement,bundeli
me_land_2513,Blackbridge End,me_enedwaith_region,WILD,wilderness,0.016,me_dunlending,me_dunland_ways,,clay,rural_settlement,
me_land_2514,Duminbar,me_grey_mountains_region,ERE,place,1.435,me_longbeard,me_mahal_cult,,wool,rural_settlement,wuthathi_culture
me_land_2515,Imlad lothen,me_belfalas_region,DAM,place,2.469,me_dol_amrothian,me_valar_worship,,fish,rural_settlement,moqoit_culture
me_land_2516,Starmere Reach,me_northern_wastes_region,WILD,wilderness,0.013,me_lossoth,me_lossoth_ways,,livestock,rural_settlement,
me_land_2517,Whitemere Reach,me_northern_wastes_region,WILD,wilderness,0.006,me_lossoth,me_lossoth_ways,,wild_game,rural_settlement,
me_land_2518,Wainen March,me_rhun_region,RH2,place,1.432,me_karmachi,me_melkorism,,horses,rural_settlement,
me_land_2519,Umran Gate,me_near_harad_region,HNE,place,2.034,me_near_haradrim,me_southron_ways,,copper,rural_settlement,prussian
me_land_2520,Zoren March,me_rhun_region,RH2,place,1.908,me_karmachi,me_melkorism,,wool,rural_settlement,sherpa_culture
me_land_2521,Bramblebridge End,me_mirkwood_region,WILD,wilderness,0.013,me_woodman,me_northern_ways,,wheat,rural_settlement,
me_land_2522,Wintermere Reach,me_northern_wastes_region,WILD,wilderness,0.006,me_lossoth,me_lossoth_ways,,wild_game,rural_settlement,
me_land_2523,Coldpoint Reach,me_northern_wastes_region,WILD,wilderness,0.006,me_lossoth,me_lossoth_ways,,fish,rural_settlement,
me_land_2524,Bucklandbridge End,me_enedwaith_region,WILD,wilderness,0.013,me_dunlending,me_dunland_ways,,clay,rural_settlement,
me_land_2525,Minas lothen,me_lindon_region,LIN,place,0.126,me_sindar,me_valar_worship,,livestock,rural_settlement,
me_land_2526,Ost lothen,me_north_arnor_region,WILD,wilderness,0.013,me_eriadoran,me_northern_ways,,wool,rural_settlement,
me_land_2527,Taur lothen,me_lebennin_region,GON,place,5.473,me_gondorian,me_valar_worship,,wheat,rural_settlement,bunak_culture
me_land_2528,Merrybury,me_shire_breeland_region,WILD,wilderness,0.015,me_eriadoran,me_northern_ways,,wool,rural_settlement,
me_land_2529,Driftpoint Reach,me_northern_wastes_region,WILD,wilderness,0.006,me_lossoth,me_lossoth_ways,,fur,rural_settlement,
me_land_2530,Bar lothen,me_brown_lands_region,WILD,wilderness,0.011,me_woodman,me_northern_ways,,wool,rural_settlement,
me_land_2531,Urukgrat Camp,me_mordor_region,WILD,wilderness,0.013,me_mordor_orc,me_sauron_cult,,stone,rural_settlement,
me_land_2532,Ashkrak Camp,me_mordor_region,MOR,place,7.563,me_mordor_orc,me_sauron_cult,,stone,rural_settlement,andamanese_culture
me_land_2533,Cedarbridge End,me_enedwaith_region,WILD,wilderness,0.015,me_dunlending,me_dunland_ways,,livestock,rural_settlement,
me_land_2534,Balod March,me_rhun_region,RHU,place,2.621,me_balchoth,me_sauron_cult,,horses,rural_settlement,maden_culture
me_land_2535,Deepbridge End,me_anduin_vale_region,WILD,wilderness,0.015,me_woodman,me_northern_ways,,livestock,rural_settlement,
me_land_2536,Calen lothen,me_ithilien_region,WILD,wilderness,0.007,me_gondorian,me_valar_worship,,stone,rural_settlement,
me_land_2537,Azgkrak Camp,me_anduin_vale_region,MOA,place,1.215,me_misty_orc,me_melkorism,,livestock,rural_settlement,
me_land_2538,Borod March,me_rhun_region,RH2,place,2.512,me_karmachi,me_melkorism,,wheat,rural_settlement,melamela_culture
me_land_2539,Gathod March,me_rhun_region,RH2,place,1.908,me_karmachi,me_melkorism,,clay,rural_settlement,sherbro
me_land_2540,Beorham,me_rohan_region,ROH,place,1.719,me_rohirric,me_northern_ways,,wheat,rural_settlement,taxliswet_culture
me_land_2541,Arzak Camp,me_khand_region,KHA,place,1.011,me_variag,me_melkorism,,wool,rural_settlement,
me_land_2542,Blackkrak Camp,me_enedwaith_region,MOA,place,2.376,me_misty_orc,me_melkorism,,wool,rural_settlement,opata_culture
me_land_2543,Celon lothen,me_lebennin_region,GON,place,5.473,me_gondorian,me_valar_worship,,livestock,rural_settlement,bulu_culture
me_land_2544,Frostpoint Reach,me_northern_wastes_region,WILD,wilderness,0.013,me_lossoth,me_lossoth_ways,,clay,rural_settlement,
me_land_2545,Burzkrak Camp,me_mordor_region,WILD,wilderness,0.007,me_mordor_orc,me_sauron_cult,,iron,rural_settlement,
me_land_2546,Nim lothen,me_south_gondor_region,GON,place,0.855,me_gondorian,me_valar_worship,,wool,rural_settlement,
me_land_2547,Amon mornen,me_ithilien_region,WILD,wilderness,0.015,me_gondorian,me_valar_worship,,wheat,rural_settlement,
me_land_2548,Dushkrak Camp,me_mordor_region,MOR,place,1.265,me_mordor_orc,me_sauron_cult,,iron,rural_settlement,
me_land_2549,Karmod March,me_rhun_region,RH2,place,2.512,me_karmachi,me_melkorism,,clay,rural_settlement,mekoche_culture
me_land_2550,Lakegarth,me_rhun_region,DOR,place,1.82,me_dorwinrim,me_northern_ways,,wheat,rural_settlement,tagata_samoa_culture
me_land_2551,Khurod March,me_rhun_region,RH2,place,1.908,me_karmachi,me_melkorism,,wheat,rural_settlement,shekhawati
me_land_2552,Balkak Camp,me_khand_region,KHA,place,1.011,me_variag,me_melkorism,,copper,rural_settlement,
me_land_2553,Zaran Gate,me_umbar_region,UMB,place,1.679,me_umbarite,me_sauron_cult,,livestock,rural_settlement,tugochar_culture
me_land_2554,Lodod March,me_rhun_region,RHU,place,2.621,me_balchoth,me_sauron_cult,,livestock,rural_settlement,macorix_culture
me_land_2555,Azrara Gate,me_near_harad_region,UMB,place,1.679,me_umbarite,me_sauron_cult,,salt,rural_settlement,tuckabatchee_culture
me_land_2556,Longgarth,me_dale_region,ESG,place,1.612,me_dalish,me_northern_ways,,clay,rural_settlement,wappo_culture
me_land_2557,Dol mornen,me_south_gondor_region,GON,place,5.473,me_gondorian,me_valar_worship,,livestock,rural_settlement,bullom
me_land_2558,Eastbridge End,me_mirkwood_region,WILD,wilderness,0.013,me_woodman,me_northern_ways,,clay,rural_settlement,
me_land_2559,Eithel mornen,me_south_gondor_region,GON,place,0.855,me_gondorian,me_valar_worship,,livestock,rural_settlement,
me_land_2560,Felekinbar,me_rhun_region,IRO,place,0.446,me_longbeard,me_mahal_cult,,livestock,rural_settlement,
me_land_2561,Drazak Camp,me_far_harad_region,KHA,place,1.011,me_variag,me_melkorism,,livestock,rural_settlement,
me_land_2562,Emyn mornen,me_lindon_region,LIN,place,0.093,me_sindar,me_valar_worship,,wool,rural_settlement,
me_land_2563,Greenbridge End,me_enedwaith_region,WILD,wilderness,0.013,me_dunlending,me_dunland_ways,,fish,rural_settlement,
me_land_2564,Imlad mornen,me_lebennin_region,GON,place,5.473,me_gondorian,me_valar_worship,,wheat,rural_settlement,bulgarian
me_land_2565,Minas mornen,me_brown_lands_region,WILD,wilderness,0.015,me_woodman,me_northern_ways,,livestock,rural_settlement,
me_land_2566,Greybridge End,me_mirkwood_region,WDM,place,1.141,me_woodman,me_northern_ways,,wool,rural_settlement,
me_land_2567,Narod March,me_rhun_region,RHU,place,2.621,me_balchoth,me_sauron_cult,,horses,rural_settlement,mache_culture
me_land_2568,Icepoint Reach,me_northern_wastes_region,WILD,wilderness,0.006,me_lossoth,me_lossoth_ways,,fish,rural_settlement,
me_land_2569,Ost mornen,me_belfalas_region,DAM,place,2.469,me_dol_amrothian,me_valar_worship,,wheat,rural_settlement,mopan_culture
me_land_2570,Longbridge End,me_mirkwood_region,WILD,wilderness,0.013,me_woodman,me_northern_ways,,livestock,rural_settlement,
me_land_2571,Bregoham,me_rohan_region,ROH,place,2.398,me_rohirric,me_northern_ways,,wheat,rural_settlement,ngarrindjeri_culture
me_land_2572,Taur mornen,me_north_arnor_region,WILD,wilderness,0.015,me_eriadoran,me_northern_ways,,livestock,rural_settlement,
me_land_2573,Ghashkrak Camp,me_north_arnor_region,ANG,place,1.484,me_northern_orc,me_melkorism,,livestock,rural_settlement,weskarini_culture
me_land_2574,Gharak Camp,me_far_harad_region,KHA,place,1.011,me_variag,me_melkorism,,salt,rural_settlement,
me_land_2575,Northbridge End,me_enedwaith_region,DUN,place,4.105,me_dunlending,me_dunland_ways,,livestock,rural_settlement,harla_culture
me_land_2576,Rhovod March,me_rhun_region,RH3,place,4.951,me_sagath,me_melkorism,,horses,rural_settlement,enxet_culture
me_land_2577,Oakbridge End,me_enedwaith_region,WILD,wilderness,0.008,me_dunlending,me_dunland_ways,,medicaments,rural_settlement,
me_land_2578,Mossbury,me_shire_breeland_region,SHI,place,2.869,me_shire_hobbit,me_northern_ways,,wool,rural_settlement,kiche_culture
me_land_2579,Boughbole,me_anduin_vale_region,FAN,place,0.019,me_onodrim,me_eldest_ways,,wool,rural_settlement,
me_land_2580,Bar mornen,me_belfalas_region,DAM,place,2.469,me_dol_amrothian,me_valar_worship,,wool,rural_settlement,monpa_culture
me_land_2581,Southbridge End,me_anduin_vale_region,WILD,wilderness,0.015,me_woodman,me_northern_ways,,livestock,rural_settlement,
me_land_2582,Bahrara Gate,me_far_harad_region,HNE,place,2.034,me_near_haradrim,me_southron_ways,,copper,rural_settlement,provencal
me_land_2583,Darara Gate,me_near_harad_region,HNE,place,2.034,me_near_haradrim,me_southron_ways,,salt,rural_settlement,powhatan_culture
me_land_2584,Calen mornen,me_mirkwood_region,WOO,place,0.578,me_silvan,me_valar_worship,,wild_game,rural_settlement,
me_land_2585,Celon mornen,me_ithilien_region,WILD,wilderness,0.007,me_gondorian,me_valar_worship,,stone,rural_settlement,
me_land_2586,Nim mornen,me_ithilien_region,WILD,wilderness,0.007,me_gondorian,me_valar_worship,,iron,rural_settlement,
me_land_2587,Northpoint Reach,me_forochel_region,LOS,place,0.031,me_lossoth,me_lossoth_ways,,fish,rural_settlement,
me_land_2588,Gorkrak Camp,me_grey_mountains_region,GUN,place,5.13,me_northern_orc,me_melkorism,,wild_game,rural_settlement,dai_culture
me_land_2589,Amon nenen,me_north_arnor_region,WILD,wilderness,0.013,me_eriadoran,me_northern_ways,,wool,rural_settlement,
me_land_2590,Stonebridge End,me_enedwaith_region,WILD,wilderness,0.013,me_dunlending,me_dunland_ways,,livestock,rural_settlement,
me_land_2591,Palepoint Reach,me_northern_wastes_region,WILD,wilderness,0.006,me_lossoth,me_lossoth_ways,,fish,rural_settlement,
me_land_2592,Dol nenen,me_lebennin_region,GON,place,5.473,me_gondorian,me_valar_worship,,livestock,rural_settlement,bukiyip_culture
me_land_2593,Eithel nenen,me_ithilien_region,WILD,wilderness,0.007,me_gondorian,me_valar_worship,,stone,rural_settlement,
me_land_2594,Grishkrak Camp,me_anduin_vale_region,MOA,place,2.238,me_misty_orc,me_melkorism,,wool,rural_settlement,oroqen_culture
me_land_2595,Farara Gate,me_umbar_region,UMB,place,1.679,me_umbarite,me_sauron_cult,,salt,rural_settlement,tubalar_culture
me_land_2596,Westbridge End,me_anorien_region,DRU,place,1.003,me_druedain,me_druedain_ways,,livestock,rural_settlement,
me_land_2597,Sealpoint Reach,me_forochel_region,LOS,place,0.031,me_lossoth,me_lossoth_ways,,fur,rural_settlement,
me_land_2598,Alderbrook End,me_enedwaith_region,WILD,wilderness,0.009,me_dunlending,me_dunland_ways,,livestock,rural_settlement,
me_land_2599,Emyn nenen,me_brown_lands_region,WILD,wilderness,0.015,me_woodman,me_northern_ways,,wool,rural_settlement,
me_land_2600,Kandak Camp,me_far_harad_region,KHA,place,1.011,me_variag,me_melkorism,,wool,rural_settlement,
me_land_2601,Ashbrook End,me_enedwaith_region,WILD,wilderness,0.013,me_dunlending,me_dunland_ways,,wool,rural_settlement,
me_land_2602,Krimpkrak Camp,me_mordor_region,MOR,place,7.563,me_mordor_orc,me_sauron_cult,,stone,rural_settlement,andalusi
me_land_2603,Hadrara Gate,me_near_harad_region,HRA,place,4.546,me_near_haradrim,me_southron_ways,,wool,rural_settlement,guaikuru_culture
me_land_2604,Imlad nenen,me_ithilien_region,WILD,wilderness,0.007,me_gondorian,me_valar_worship,,iron,rural_settlement,
me_land_2605,Minas nenen,me_lindon_region,LIN,place,0.093,me_sindar,me_valar_worship,,clay,rural_settlement,
me_land_2606,Sagod March,me_rhun_region,RH2,place,1.432,me_karmachi,me_melkorism,,wool,rural_settlement,zuni_culture
me_land_2607,Khazak Camp,me_khand_region,KHA,place,1.011,me_variag,me_melkorism,,copper,rural_settlement,
me_land_2608,Kharara Gate,me_umbar_region,UMB,place,1.679,me_umbarite,me_sauron_cult,,copper,rural_settlement,tubai_culture
me_land_2609,Sharod March,me_rhun_region,RHU,place,2.621,me_balchoth,me_sauron_cult,,livestock,rural_settlement,maba_culture
me_land_2610,Barrowbrook End,me_enedwaith_region,WILD,wilderness,0.015,me_dunlending,me_dunland_ways,,wool,rural_settlement,
me_land_2611,Mahrara Gate,me_near_harad_region,HRA,place,4.546,me_near_haradrim,me_southron_ways,,wool,rural_settlement,guaicura_culture
me_land_2612,Khorak Camp,me_khand_region,KHA,place,1.011,me_variag,me_melkorism,,copper,rural_settlement,
me_land_2613,Ost nenen,me_belfalas_region,GON,place,3.777,me_gondorian,me_valar_worship,,clay,rural_settlement,inka_culture
me_land_2614,Uldod March,me_rhun_region,RHU,place,2.621,me_balchoth,me_sauron_cult,,wheat,rural_settlement,maba_africa_culture
me_land_2615,Snowpoint Reach,me_northern_wastes_region,WILD,wilderness,0.006,me_lossoth,me_lossoth_ways,,fur,rural_settlement,
me_land_2616,Taur nenen,me_brown_lands_region,WILD,wilderness,0.011,me_woodman,me_northern_ways,,wheat,rural_settlement,
me_land_2617,Wainod March,me_rhun_region,RHU,place,2.621,me_balchoth,me_sauron_cult,,wool,rural_settlement,maaya_culture
me_land_2618,Lugkrak Camp,me_anduin_vale_region,MOA,place,2.376,me_misty_orc,me_melkorism,,livestock,rural_settlement,oowekyala_culture
me_land_2619,Bar nenen,me_lindon_region,LIN,place,0.05,me_sindar,me_valar_worship,,clay,rural_settlement,
me_land_2620,Zorod March,me_rhun_region,RH2,place,1.908,me_karmachi,me_melkorism,,wool,rural_settlement,she_culture
me_land_2621,Ruzak Camp,me_khand_region,KHA,place,1.011,me_variag,me_melkorism,,copper,rural_settlement,
me_land_2622,Skarnak Camp,me_far_harad_region,KHA,place,1.011,me_variag,me_melkorism,,salt,rural_settlement,
me_land_2623,Mauhkrak Camp,me_anduin_vale_region,GOB,place,1.224,me_misty_orc,me_melkorism,,wheat,rural_settlement,
me_land_2624,Targak Camp,me_khand_region,KHA,place,1.011,me_variag,me_melkorism,,livestock,rural_settlement,
me_land_2625,Calen nenen,me_north_arnor_region,WILD,wilderness,0.015,me_eriadoran,me_northern_ways,,wool,rural_settlement,
me_land_2626,Nutbury,me_shire_breeland_region,WILD,wilderness,0.015,me_eriadoran,me_northern_ways,,wool,rural_settlement,
me_land_2627,Celon nenen,me_brown_lands_region,WILD,wilderness,0.013,me_woodman,me_northern_ways,,wool,rural_settlement,
me_land_2628,Balor March,me_rhun_region,RH2,place,1.908,me_karmachi,me_melkorism,,clay,rural_settlement,shastan_culture
me_land_2629,Muzgkrak Camp,me_mordor_region,MOR,place,1.265,me_mordor_orc,me_sauron_cult,,livestock,rural_settlement,
me_land_2630,Boror March,me_rhun_region,RHU,place,2.621,me_balchoth,me_sauron_cult,,wool,rural_settlement,maasai_culture
me_land_2631,Rushbury,me_shire_breeland_region,WILD,wilderness,0.015,me_eriadoran,me_northern_ways,,wheat,rural_settlement,
me_land_2632,Beaconbrook End,me_anduin_vale_region,WILD,wilderness,0.015,me_woodman,me_northern_ways,,wheat,rural_settlement,
me_land_2633,Nim nenen,me_anduin_vale_region,LOR,place,1.226,me_galadhrim,me_valar_worship,,wheat,rural_settlement,
me_land_2634,Ceorlham,me_rohan_region,ROH,place,2.398,me_rohirric,me_northern_ways,,horses,rural_settlement,ngarluma_culture
me_land_2635,Varkak Camp,me_khand_region,KHA,place,1.011,me_variag,me_melkorism,,fish,rural_settlement,
me_land_2636,Blackbrook End,me_enedwaith_region,WILD,wilderness,0.015,me_dunlending,me_dunland_ways,,wool,rural_settlement,
me_land_2637,Bramblebrook End,me_anduin_vale_region,WILD,wilderness,0.015,me_woodman,me_northern_ways,,wool,rural_settlement,
me_land_2638,Bucklandbrook End,me_anduin_vale_region,WILD,wilderness,0.015,me_woodman,me_northern_ways,,clay,rural_settlement,
me_land_2639,Starpoint Reach,me_northern_wastes_region,WILD,wilderness,0.006,me_lossoth,me_lossoth_ways,,fish,rural_settlement,
me_land_2640,Amon rathen,me_brown_lands_region,WILD,wilderness,0.013,me_woodman,me_northern_ways,,clay,rural_settlement,
me_land_2641,Dol rathen,me_north_arnor_region,WILD,wilderness,0.015,me_eriadoran,me_northern_ways,,wheat,rural_settlement,
me_land_2642,Déorham,me_rohan_region,ROH,place,2.398,me_rohirric,me_northern_ways,,horses,rural_settlement,ngarinyin_culture
me_land_2643,Gathor March,me_rhun_region,RH2,place,1.432,me_karmachi,me_melkorism,,wheat,rural_settlement,zoque_culture
me_land_2644,Cedarbrook End,me_enedwaith_region,WILD,wilderness,0.013,me_dunlending,me_dunland_ways,,wheat,rural_settlement,
me_land_2645,Nazgkrak Camp,me_angmar_region,GUN,place,3.975,me_northern_orc,me_melkorism,,clay,rural_settlement,henia_culture
me_land_2646,Narara Gate,me_umbar_region,UMB,place,1.679,me_umbarite,me_sauron_cult,,copper,rural_settlement,tuareg
me_land_2647,Eithel rathen,me_south_gondor_region,GON,place,0.855,me_gondorian,me_valar_worship,,copper,rural_settlement,
me_land_2648,Deepbrook End,me_mirkwood_region,WILD,wilderness,0.011,me_woodman,me_northern_ways,,wool,rural_settlement,
me_land_2649,Honeyhall,me_anduin_vale_region,BEO,place,0.307,me_beorning,me_northern_ways,,wool,rural_settlement,
me_land_2650,Skaikrak Camp,me_mordor_region,WILD,wilderness,0.013,me_mordor_orc,me_sauron_cult,,livestock,rural_settlement,
me_land_2651,Emyn rathen,me_ithilien_region,WILD,wilderness,0.007,me_gondorian,me_valar_worship,,salt,rural_settlement,
me_land_2652,Karmor March,me_rhun_region,RH2,place,1.432,me_karmachi,me_melkorism,,wheat,rural_settlement,zoe_culture
me_land_2653,Imlad rathen,me_belfalas_region,DAM,place,2.469,me_dol_amrothian,me_valar_worship,,wool,rural_settlement,mono_culture
me_land_2654,Minas rathen,me_brown_lands_region,WILD,wilderness,0.011,me_woodman,me_northern_ways,,wool,rural_settlement,
me_land_2655,Whitepoint Reach,me_northern_wastes_region,WILD,wilderness,0.006,me_lossoth,me_lossoth_ways,,wild_game,rural_settlement,
me_land_2656,Khuror March,me_rhun_region,RH2,place,1.908,me_karmachi,me_melkorism,,clay,rural_settlement,severian
me_land_2657,Elmbole,me_rohan_region,FAN,place,0.016,me_onodrim,me_eldest_ways,,horses,rural_settlement,
me_land_2658,Winterpoint Reach,me_northern_wastes_region,WILD,wilderness,0.006,me_lossoth,me_lossoth_ways,,fish,rural_settlement,
me_land_2659,Lodor March,me_rhun_region,RHU,place,3.494,me_balchoth,me_sauron_cult,,wool,rural_settlement,kakongo
me_land_2660,Uglkrak Camp,me_mordor_region,WILD,wilderness,0.007,me_mordor_orc,me_sauron_cult,,stone,rural_settlement,
me_land_2661,Eastbrook End,me_enedwaith_region,WILD,wilderness,0.016,me_dunlending,me_dunland_ways,,clay,rural_settlement,
me_land_2662,Zandak Camp,me_far_harad_region,KHA,place,1.011,me_variag,me_melkorism,,wool,rural_settlement,
me_land_2663,Ost rathen,me_ithilien_region,WILD,wilderness,0.016,me_gondorian,me_valar_worship,,wheat,rural_settlement,
me_land_2664,Taur rathen,me_belfalas_region,GON,place,3.777,me_gondorian,me_valar_worship,,livestock,rural_settlement,ingrian
me_land_2665,Greenbrook End,me_enedwaith_region,WILD,wilderness,0.013,me_dunlending,me_dunland_ways,,livestock,rural_settlement,
me_land_2666,Arzan Camp,me_khand_region,KHA,place,1.011,me_variag,me_melkorism,,wool,rural_settlement,
me_land_2667,Greybrook End,me_enedwaith_region,WILD,wilderness,0.015,me_dunlending,me_dunland_ways,,wool,rural_settlement,
me_land_2668,Gamilinbar,me_lindon_region,BLU,place,0.258,me_firebeard_broadbeam,me_mahal_cult,,wool,rural_settlement,
me_land_2669,Coldshore Reach,me_forochel_region,LOS,place,0.031,me_lossoth,me_lossoth_ways,,fish,rural_settlement,
me_land_2670,Bar rathen,me_belfalas_region,DAM,place,2.469,me_dol_amrothian,me_valar_worship,,clay,rural_settlement,monkox_culture
me_land_2671,Longbrook End,me_shire_breeland_region,BRE,place,0.49,me_eriadoran,me_northern_ways,,wheat,rural_settlement,
me_land_2672,Driftshore Reach,me_forochel_region,LOS,place,0.031,me_lossoth,me_lossoth_ways,,fur,rural_settlement,
me_land_2673,Balkan Camp,me_near_harad_region,KHA,place,1.011,me_variag,me_melkorism,,wool,rural_settlement,
me_land_2674,Qasara Gate,me_umbar_region,UMB,place,1.679,me_umbarite,me_sauron_cult,,salt,rural_settlement,tuamotus_culture
me_land_2675,Gatholinbar,me_grey_mountains_region,ERE,place,0.78,me_longbeard,me_mahal_cult,,wool,rural_settlement,
me_land_2676,Northbrook End,me_enedwaith_region,WILD,wilderness,0.015,me_dunlending,me_dunland_ways,,livestock,rural_settlement,
me_land_2677,Oakbrook End,me_enedwaith_region,WILD,wilderness,0.013,me_dunlending,me_dunland_ways,,livestock,rural_settlement,
me_land_2678,Drazan Camp,me_khand_region,KHA,place,1.011,me_variag,me_melkorism,,wool,rural_settlement,
me_land_2679,Calen rathen,me_belfalas_region,DAM,place,0.388,me_dol_amrothian,me_valar_worship,,salt,rural_settlement,
me_land_2680,Celon rathen,me_brown_lands_region,WILD,wilderness,0.011,me_woodman,me_northern_ways,,horses,rural_settlement,
me_land_2681,Rakhara Gate,me_near_harad_region,HNE,place,2.034,me_near_haradrim,me_southron_ways,,copper,rural_settlement,potiguara_culture
me_land_2682,Eorlham,me_rohan_region,ROH,place,2.398,me_rohirric,me_northern_ways,,horses,rural_settlement,ngarinman_culture
me_land_2683,Urukkrak Camp,me_mordor_region,WILD,wilderness,0.013,me_mordor_orc,me_sauron_cult,,stone,rural_settlement,
me_land_2684,Gharan Camp,me_khand_region,KHA,place,1.011,me_variag,me_melkorism,,salt,rural_settlement,
me_land_2685,Sahrara Gate,me_far_harad_region,HFA,place,3.343,me_far_haradrim,me_southron_ways,,wool,rural_settlement,karkar_culture
me_land_2686,Thistlebury,me_shire_breeland_region,WILD,wilderness,0.015,me_eriadoran,me_northern_ways,,wheat,rural_settlement,
me_land_2687,Naror March,me_rhun_region,RHU,place,2.621,me_balchoth,me_sauron_cult,,horses,rural_settlement,maanyan_culture
me_land_2688,Frostshore Reach,me_forochel_region,LOS,place,0.031,me_lossoth,me_lossoth_ways,,fur,rural_settlement,
me_land_2689,Tazara Gate,me_umbar_region,UMB,place,1.679,me_umbarite,me_sauron_cult,,salt,rural_settlement,tswana_culture
me_land_2690,Folcham,me_rohan_region,ROH,place,2.398,me_rohirric,me_northern_ways,,horses,rural_settlement,ngargad_culture
me_land_2691,Southbrook End,me_shire_breeland_region,BRE,place,0.49,me_eriadoran,me_northern_ways,,wool,rural_settlement,
me_land_2692,Nim rathen,me_south_gondor_region,GON,place,0.855,me_gondorian,me_valar_worship,,copper,rural_settlement,
me_land_2693,Stonebrook End,me_enedwaith_region,WILD,wilderness,0.015,me_dunlending,me_dunland_ways,,wool,rural_settlement,
me_land_2694,Iceshore Reach,me_forochel_region,LOS,place,0.031,me_lossoth,me_lossoth_ways,,wild_game,rural_settlement,
me_land_2695,Rhovor March,me_rhun_region,RHU,place,2.621,me_balchoth,me_sauron_cult,,livestock,rural_settlement,lwalwa
me_land_2696,Amon sarnen,me_lindon_region,LIN,place,0.126,me_sindar,me_valar_worship,,clay,rural_settlement,
me_land_2697,Umrara Gate,me_near_harad_region,HNE,place,2.034,me_near_haradrim,me_southron_ways,,wool,rural_settlement,portuguese
me_land_2698,Northshore Reach,me_northern_wastes_region,WILD,wilderness,0.006,me_lossoth,me_lossoth_ways,,wild_game,rural_settlement,
me_land_2699,Sagor March,me_rhun_region,RHU,place,2.621,me_balchoth,me_sauron_cult,,wool,rural_settlement,luvale
me_land_2700,Westbrook End,me_mirkwood_region,WILD,wilderness,0.013,me_woodman,me_northern_ways,,clay,rural_settlement,
me_land_2701,Ashlug Camp,me_mirkwood_region,DOL,place,3.575,me_mordor_orc,me_sauron_cult,,wool,rural_settlement,jurchen_culture
me_land_2702,Azglug Camp,me_mordor_region,MOR,place,7.563,me_mordor_orc,me_sauron_cult,,iron,rural_settlement,ancestral_pueblo_culture
me_land_2703,Sharor March,me_rhun_region,RH2,place,1.432,me_karmachi,me_melkorism,,wheat,rural_settlement,zo_culture
me_land_2704,Paleshore Reach,me_northern_wastes_region,WILD,wilderness,0.006,me_lossoth,me_lossoth_ways,,wild_game,rural_settlement,
me_land_2705,Dol sarnen,me_belfalas_region,GON,place,3.777,me_gondorian,me_valar_worship,,clay,rural_settlement,ingalik_culture
me_land_2706,Eithel sarnen,me_lindon_region,LIN,place,0.126,me_sindar,me_valar_worship,,livestock,rural_settlement,
me_land_2707,Uldor March,me_rhun_region,RH2,place,1.908,me_karmachi,me_melkorism,,clay,rural_settlement,seuta_culture
me_land_2708,Emyn sarnen,me_north_arnor_region,WILD,wilderness,0.015,me_eriadoran,me_northern_ways,,wool,rural_settlement,
me_land_2709,Imlad sarnen,me_anorien_region,GON,place,5.473,me_gondorian,me_valar_worship,,clay,rural_settlement,bukidnon_culture
me_land_2710,Minas sarnen,me_belfalas_region,GON,place,5.473,me_gondorian,me_valar_worship,,livestock,rural_settlement,bukawa_culture
me_land_2711,Wainor March,me_rhun_region,RHU,place,3.494,me_balchoth,me_sauron_cult,,clay,rural_settlement,kajoor_ri_majel_culture
me_land_2712,Framham,me_rohan_region,ROH,place,2.489,me_rohirric,me_northern_ways,,wool,rural_settlement,mingin_culture
me_land_2713,Zarara Gate,me_near_harad_region,UMB,place,1.679,me_umbarite,me_sauron_cult,,livestock,rural_settlement,tsuutina_culture
me_land_2714,Sealshore Reach,me_northern_wastes_region,WILD,wilderness,0.013,me_lossoth,me_lossoth_ways,,wool,rural_settlement,
me_land_2715,Ost sarnen,me_brown_lands_region,WILD,wilderness,0.011,me_woodman,me_northern_ways,,horses,rural_settlement,
me_land_2716,Blacklug Camp,me_north_arnor_region,ANG,place,1.084,me_northern_orc,me_melkorism,,wool,rural_settlement,
me_land_2717,Alderdown End,me_enedwaith_region,WILD,wilderness,0.015,me_dunlending,me_dunland_ways,,wheat,rural_settlement,
me_land_2718,Snowshore Reach,me_northern_wastes_region,WILD,wilderness,0.013,me_lossoth,me_lossoth_ways,,wool,rural_settlement,
me_land_2719,Taur sarnen,me_brown_lands_region,WILD,wilderness,0.011,me_woodman,me_northern_ways,,livestock,rural_settlement,
me_land_2720,Bar sarnen,me_belfalas_region,GON,place,5.473,me_gondorian,me_valar_worship,,livestock,rural_settlement,buka_culture
me_land_2721,Ashdown End,me_enedwaith_region,WILD,wilderness,0.013,me_dunlending,me_dunland_ways,,livestock,rural_settlement,
me_land_2722,Burzlug Camp,me_mirkwood_region,DOL,place,1.083,me_mordor_orc,me_sauron_cult,,livestock,rural_settlement,
me_land_2723,Kandan Camp,me_far_harad_region,KHA,place,1.011,me_variag,me_melkorism,,wool,rural_settlement,
me_land_2724,Willowbury,me_shire_breeland_region,WILD,wilderness,0.015,me_eriadoran,me_northern_ways,,fiber_crops,rural_settlement,
me_land_2725,Applecombe,me_shire_breeland_region,WILD,wilderness,0.015,me_eriadoran,me_northern_ways,,wool,rural_settlement,
me_land_2726,Starshore Reach,me_northern_wastes_region,WILD,wilderness,0.006,me_lossoth,me_lossoth_ways,,fur,rural_settlement,
me_land_2727,Grimham,me_rohan_region,ROH,place,2.398,me_rohirric,me_northern_ways,,horses,rural_settlement,nganyaywana_culture
me_land_2728,Barrowdown End,me_anduin_vale_region,WILD,wilderness,0.015,me_woodman,me_northern_ways,,wool,rural_settlement,
me_land_2729,Calen sarnen,me_brown_lands_region,WILD,wilderness,0.013,me_woodman,me_northern_ways,,clay,rural_settlement,
me_land_2730,Celon sarnen,me_north_arnor_region,RAN,place,0.168,me_arnor_dunedain,me_valar_worship,,livestock,rural_settlement,
me_land_2731,Khazan Camp,me_khand_region,KHA,place,1.011,me_variag,me_melkorism,,salt,rural_settlement,
me_land_2732,Whiteshore Reach,me_northern_wastes_region,WILD,wilderness,0.013,me_lossoth,me_lossoth_ways,,livestock,rural_settlement,
me_land_2733,Northgarth,me_dale_region,DAL,place,2.849,me_dalish,me_northern_ways,,livestock,rural_settlement,kondogir_culture
me_land_2734,Beacondown End,me_enedwaith_region,WILD,wilderness,0.015,me_dunlending,me_dunland_ways,,wheat,rural_settlement,
me_land_2735,Dushlug Camp,me_mordor_region,WILD,wilderness,0.007,me_mordor_orc,me_sauron_cult,,livestock,rural_settlement,
me_land_2736,Blackdown End,me_mirkwood_region,WILD,wilderness,0.013,me_woodman,me_northern_ways,,wool,rural_settlement,
me_land_2737,Nim sarnen,me_north_arnor_region,WILD,wilderness,0.015,me_eriadoran,me_northern_ways,,clay,rural_settlement,
me_land_2738,Ghashlug Camp,me_mordor_region,MOR,place,1.265,me_mordor_orc,me_sauron_cult,,wheat,rural_settlement,
me_land_2739,Gorlug Camp,me_mordor_region,MOR,place,1.265,me_mordor_orc,me_sauron_cult,,livestock,rural_settlement,
me_land_2740,Amon thoronen,me_north_arnor_region,RAN,place,0.168,me_arnor_dunedain,me_valar_worship,,wool,rural_settlement,
me_land_2741,Dol thoronen,me_anorien_region,GON,place,5.473,me_gondorian,me_valar_worship,,livestock,rural_settlement,bugkalot_culture
me_land_2742,Zoror March,me_rhun_region,RH3,place,4.951,me_sagath,me_melkorism,,livestock,rural_settlement,enlhet_culture
me_land_2743,Eithel thoronen,me_ithilien_region,WILD,wilderness,0.016,me_gondorian,me_valar_worship,,wool,rural_settlement,
me_land_2744,Balun March,me_rhun_region,RHU,place,2.621,me_balchoth,me_sauron_cult,,horses,rural_settlement,luthigh_culture
me_land_2745,Emyn thoronen,me_lebennin_region,GON,place,5.473,me_gondorian,me_valar_worship,,wheat,rural_settlement,buginese_culture
me_land_2746,Bramblecombe,me_shire_breeland_region,SHI,place,2.869,me_shire_hobbit,me_northern_ways,,wool,rural_settlement,khwe_culture
me_land_2747,Imlad thoronen,me_north_arnor_region,WILD,wilderness,0.015,me_eriadoran,me_northern_ways,,clay,rural_settlement,
me_land_2748,Grishlug Camp,me_mordor_region,MOR,place,1.265,me_mordor_orc,me_sauron_cult,,livestock,rural_settlement,
me_land_2749,Borun March,me_rhun_region,RH2,place,1.432,me_karmachi,me_melkorism,,fish,rural_settlement,zhuang_culture
me_land_2750,Browncombe,me_shire_breeland_region,WILD,wilderness,0.015,me_eriadoran,me_northern_ways,,wheat,rural_settlement,
me_land_2751,Minas thoronen,me_belfalas_region,GON,place,5.473,me_gondorian,me_valar_worship,,wheat,rural_settlement,bubi_culture
me_land_2752,Ost thoronen,me_lindon_region,LIN,place,0.126,me_sindar,me_valar_worship,,wheat,rural_settlement,
me_land_2753,Gathun March,me_rhun_region,RHU,place,1.784,me_balchoth,me_sauron_cult,,wild_game,rural_settlement,tanoan_culture
me_land_2754,Wintershore Reach,me_northern_wastes_region,WILD,wilderness,0.013,me_lossoth,me_lossoth_ways,,wool,rural_settlement,
me_land_2755,Taur thoronen,me_lebennin_region,GON,place,5.473,me_gondorian,me_valar_worship,,wool,rural_settlement,buandig_culture
me_land_2756,Bar thoronen,me_brown_lands_region,WILD,wilderness,0.011,me_woodman,me_northern_ways,,wool,rural_settlement,
me_land_2757,Azrasir Gate,me_far_harad_region,HRA,place,4.546,me_near_haradrim,me_southron_ways,,livestock,rural_settlement,guahibo_culture
me_land_2758,Gundinbar,me_lindon_region,BLU,place,0.258,me_firebeard_broadbeam,me_mahal_cult,,wool,rural_settlement,
me_land_2759,Firbole,me_rohan_region,FAN,place,0.009,me_onodrim,me_eldest_ways,,wool,rural_settlement,
me_land_2760,Bahrasir Gate,me_far_harad_region,HFA,place,5.583,me_far_haradrim,me_southron_ways,,livestock,rural_settlement,bandjabi
me_land_2761,Brambledown End,me_enedwaith_region,WILD,wilderness,0.015,me_dunlending,me_dunland_ways,,livestock,rural_settlement,
me_land_2762,Karmun March,me_rhun_region,RHU,place,2.621,me_balchoth,me_sauron_cult,,horses,rural_settlement,lushootseed_culture
me_land_2763,Bucklanddown End,me_mirkwood_region,WILD,wilderness,0.013,me_woodman,me_northern_ways,,wool,rural_settlement,
me_land_2764,Krimplug Camp,me_rohan_region,ISE,place,0.33,me_isengard_uruk,me_sauron_cult,,horses,rural_settlement,
me_land_2765,Calen thoronen,me_south_gondor_region,GON,place,0.855,me_gondorian,me_valar_worship,,wool,rural_settlement,
me_land_2766,Celon thoronen,me_north_arnor_region,WILD,wilderness,0.013,me_eriadoran,me_northern_ways,,wild_game,rural_settlement,
me_land_2767,Nim thoronen,me_belfalas_region,GON,place,5.473,me_gondorian,me_valar_worship,,livestock,rural_settlement,bru_culture
me_land_2768,Khurun March,me_rhun_region,RHU,place,2.621,me_balchoth,me_sauron_cult,,wheat,rural_settlement,lur_culture
me_land_2769,Ravengarth,me_rhun_region,DOR,place,1.366,me_dorwinrim,me_northern_ways,,horses,rural_settlement,
me_land_2770,Cedardown End,me_enedwaith_region,WILD,wilderness,0.015,me_dunlending,me_dunland_ways,,clay,rural_settlement,
me_land_2771,Amon adareth,me_north_arnor_region,RAN,place,0.168,me_arnor_dunedain,me_valar_worship,,livestock,rural_settlement,
me_land_2772,Lodun March,me_rhun_region,RHU,place,3.494,me_balchoth,me_sauron_cult,,wool,rural_settlement,kajkwakratxi_culture
me_land_2773,Dol adareth,me_brown_lands_region,WILD,wilderness,0.013,me_woodman,me_northern_ways,,wool,rural_settlement,
me_land_2774,Luglug Camp,me_anduin_vale_region,GOB,place,1.224,me_misty_orc,me_melkorism,,wheat,rural_settlement,
me_land_2775,Mauhlug Camp,me_mordor_region,MOR,place,5.742,me_mordor_orc,me_sauron_cult,,iron,rural_settlement,auvergnat
me_land_2776,Eithel adareth,me_lindon_region,LIN,place,0.05,me_sindar,me_valar_worship,,wild_game,rural_settlement,
me_land_2777,Buttercombe,me_shire_breeland_region,SHI,place,2.869,me_shire_hobbit,me_northern_ways,,wheat,rural_settlement,khoromboy_culture
me_land_2778,Deepdown End,me_anduin_vale_region,WILD,wilderness,0.015,me_woodman,me_northern_ways,,wheat,rural_settlement,
me_land_2779,Narun March,me_rhun_region,RH2,place,1.432,me_karmachi,me_melkorism,,wool,rural_settlement,zhongyuan_culture
me_land_2780,Redgarth,me_rhun_region,DOR,place,1.82,me_dorwinrim,me_northern_ways,,clay,rural_settlement,tagalog_culture
me_land_2781,Rhovun March,me_rhun_region,RH3,place,4.951,me_sagath,me_melkorism,,horses,rural_settlement,english
me_land_2782,Muzglug Camp,me_mordor_region,WILD,wilderness,0.013,me_mordor_orc,me_sauron_cult,,stone,rural_settlement,
me_land_2783,Eastdown End,me_mirkwood_region,WDM,place,1.141,me_woodman,me_northern_ways,,wool,rural_settlement,
me_land_2784,Greendown End,me_enedwaith_region,WILD,wilderness,0.015,me_dunlending,me_dunland_ways,,livestock,rural_settlement,
me_land_2785,Coldwater Reach,me_forochel_region,WILD,wilderness,0.013,me_lossoth,me_lossoth_ways,,fur,rural_settlement,
me_land_2786,Nazglug Camp,me_mordor_region,MOR,place,5.742,me_mordor_orc,me_sauron_cult,,stone,rural_settlement,aukstaitian
me_land_2787,Khazinbar,me_grey_mountains_region,WILD,wilderness,0.01,me_northern_orc,me_melkorism,,wool,rural_settlement,
me_land_2788,Helmham,me_rohan_region,ROH,place,2.398,me_rohirric,me_northern_ways,,horses,rural_settlement,ngandji_culture
me_land_2789,Skailug Camp,me_mordor_region,WILD,wilderness,0.013,me_mordor_orc,me_sauron_cult,,stone,rural_settlement,
me_land_2790,Ugllug Camp,me_anduin_vale_region,GOB,place,1.224,me_misty_orc,me_melkorism,,wool,rural_settlement,
me_land_2791,Kheledinbar,me_rhun_region,IRO,place,0.447,me_longbeard,me_mahal_cult,,wool,rural_settlement,
me_land_2792,Sagun March,me_rhun_region,RH2,place,1.432,me_karmachi,me_melkorism,,wheat,rural_settlement,zenati
me_land_2793,Khoran Camp,me_khand_region,KHA,place,1.011,me_variag,me_melkorism,,salt,rural_settlement,
me_land_2794,Leafbole,me_anduin_vale_region,FAN,place,0.012,me_onodrim,me_eldest_ways,,medicaments,rural_settlement,
me_land_2795,Uruklug Camp,me_angmar_region,WILD,wilderness,0.006,me_northern_orc,me_melkorism,,fish,rural_settlement,
me_land_2796,Driftwater Reach,me_northern_wastes_region,WILD,wilderness,0.013,me_lossoth,me_lossoth_ways,,clay,rural_settlement,
me_land_2797,Sharun March,me_rhun_region,RHU,place,2.621,me_balchoth,me_sauron_cult,,wheat,rural_settlement,luo_culture
me_land_2798,Greydown End,me_enedwaith_region,DUN,place,4.105,me_dunlending,me_dunland_ways,,livestock,rural_settlement,harauti
me_land_2799,Ruzan Camp,me_far_harad_region,KHA,place,1.011,me_variag,me_melkorism,,copper,rural_settlement,
me_land_2800,Emyn adareth,me_south_gondor_region,GON,place,5.473,me_gondorian,me_valar_worship,,wool,rural_settlement,breton
me_land_2801,Darasir Gate,me_umbar_region,UMB,place,1.679,me_umbarite,me_sauron_cult,,salt,rural_settlement,tsoyaha_culture
me_land_2802,Longdown End,me_enedwaith_region,WILD,wilderness,0.013,me_dunlending,me_dunland_ways,,clay,rural_settlement,
me_land_2803,Uldun March,me_rhun_region,RH2,place,1.908,me_karmachi,me_melkorism,,wheat,rural_settlement,seru_culture
me_land_2804,Wainun March,me_rhun_region,RH2,place,1.432,me_karmachi,me_melkorism,,wool,rural_settlement,zaza_culture
me_land_2805,Imlad adareth,me_brown_lands_region,WILD,wilderness,0.015,me_woodman,me_northern_ways,,clay,rural_settlement,
me_land_2806,Minas adareth,me_belfalas_region,GON,place,5.473,me_gondorian,me_valar_worship,,clay,rural_settlement,brandenburgish
me_land_2807,Skarnan Camp,me_khand_region,KHA,place,1.011,me_variag,me_melkorism,,copper,rural_settlement,
me_land_2808,Farasir Gate,me_umbar_region,UMB,place,1.679,me_umbarite,me_sauron_cult,,copper,rural_settlement,tsonga_culture
me_land_2809,Hadrasir Gate,me_near_harad_region,HNE,place,2.034,me_near_haradrim,me_southron_ways,,wool,rural_settlement,poqom_culture
me_land_2810,Targan Camp,me_khand_region,KHA,place,1.011,me_variag,me_melkorism,,copper,rural_settlement,
me_land_2811,Ost adareth,me_anorien_region,GON,place,1.6,me_gondorian,me_valar_worship,,fish,rural_settlement,warpe_culture
me_land_2812,Taur adareth,me_north_arnor_region,RAN,place,0.168,me_arnor_dunedain,me_valar_worship,,wool,rural_settlement,
me_land_2813,Frostwater Reach,me_forochel_region,LOS,place,0.031,me_lossoth,me_lossoth_ways,,wild_game,rural_settlement,
me_land_2814,Ashmauk Camp,me_mordor_region,MOR,place,1.265,me_mordor_orc,me_sauron_cult,,iron,rural_settlement,
me_land_2815,Azgmauk Camp,me_mordor_region,MOR,place,1.265,me_mordor_orc,me_sauron_cult,,stone,rural_settlement,
me_land_2816,Riverhall,me_anduin_vale_region,BEO,place,0.307,me_beorning,me_northern_ways,,clay,rural_settlement,
me_land_2817,Varkan Camp,me_far_harad_region,KHA,place,1.011,me_variag,me_melkorism,,wool,rural_settlement,
me_land_2818,Narginbar,me_lindon_region,BLU,place,0.258,me_firebeard_broadbeam,me_mahal_cult,,wool,rural_settlement,
me_land_2819,Westgarth,me_rhun_region,DOR,place,1.82,me_dorwinrim,me_northern_ways,,wheat,rural_settlement,tagakaulo_culture
me_land_2820,Oakbole,me_rohan_region,FAN,place,0.016,me_onodrim,me_eldest_ways,,horses,rural_settlement,
me_land_2821,Bar adareth,me_ithilien_region,WILD,wilderness,0.007,me_gondorian,me_valar_worship,,salt,rural_settlement,
me_land_2822,Skinhall,me_anduin_vale_region,BEO,place,0.168,me_beorning,me_northern_ways,,wild_game,rural_settlement,
me_land_2823,Zorun March,me_rhun_region,RHU,place,2.621,me_balchoth,me_sauron_cult,,livestock,rural_settlement,lunda
me_land_2824,Balur March,me_rhun_region,RH3,place,4.951,me_sagath,me_melkorism,,wheat,rural_settlement,enggano_culture
me_land_2825,Icewater Reach,me_northern_wastes_region,WILD,wilderness,0.011,me_lossoth,me_lossoth_ways,,horses,rural_settlement,
me_land_2826,Calen adareth,me_brown_lands_region,WILD,wilderness,0.011,me_woodman,me_northern_ways,,horses,rural_settlement,
me_land_2827,Kharasir Gate,me_far_harad_region,HFA,place,3.343,me_far_haradrim,me_southron_ways,,salt,rural_settlement,karen_culture
me_land_2828,Zandan Camp,me_khand_region,KHA,place,1.011,me_variag,me_melkorism,,copper,rural_settlement,
me_land_2829,Northdown End,me_enedwaith_region,WILD,wilderness,0.013,me_dunlending,me_dunland_ways,,livestock,rural_settlement,
me_land_2830,Borur March,me_rhun_region,RH2,place,1.432,me_karmachi,me_melkorism,,wool,rural_settlement,zapotec_culture
me_land_2831,Gathur March,me_rhun_region,RH2,place,1.908,me_karmachi,me_melkorism,,wheat,rural_settlement,seri_culture
me_land_2832,Northwater Reach,me_northern_wastes_region,WILD,wilderness,0.006,me_lossoth,me_lossoth_ways,,wild_game,rural_settlement,
me_land_2833,Blackmauk Camp,me_rohan_region,ISE,place,0.33,me_isengard_uruk,me_sauron_cult,,livestock,rural_settlement,
me_land_2834,Oakdown End,me_enedwaith_region,WILD,wilderness,0.013,me_dunlending,me_dunland_ways,,livestock,rural_settlement,
me_land_2835,Celon adareth,me_ithilien_region,WILD,wilderness,0.007,me_gondorian,me_valar_worship,,iron,rural_settlement,
me_land_2836,Nim adareth,me_ithilien_region,WILD,wilderness,0.007,me_gondorian,me_valar_worship,,salt,rural_settlement,
me_land_2837,Karmur March,me_rhun_region,RH2,place,1.432,me_karmachi,me_melkorism,,wheat,rural_settlement,zande_culture
me_land_2838,Arzar Camp,me_far_harad_region,KHA,place,1.011,me_variag,me_melkorism,,salt,rural_settlement,
me_land_2839,Mahrasir Gate,me_near_harad_region,HRA,place,4.546,me_near_haradrim,me_southron_ways,,copper,rural_settlement,guachichil_culture
me_land_2840,Amon aeleth,me_north_arnor_region,WILD,wilderness,0.015,me_eriadoran,me_northern_ways,,clay,rural_settlement,
me_land_2841,Balkar Camp,me_khand_region,KHA,place,1.011,me_variag,me_melkorism,,salt,rural_settlement,
me_land_2842,Khurur March,me_rhun_region,RH2,place,1.432,me_karmachi,me_melkorism,,wool,rural_settlement,zaghawa_culture
me_land_2843,Burzmauk Camp,me_mordor_region,MOR,place,1.265,me_mordor_orc,me_sauron_cult,,livestock,rural_settlement,
me_land_2844,Dol aeleth,me_rohan_region,GON,place,5.473,me_gondorian,me_valar_worship,,horses,rural_settlement,braji
me_land_2845,Drazar Camp,me_khand_region,KHA,place,1.011,me_variag,me_melkorism,,salt,rural_settlement,
me_land_2846,Lodur March,me_rhun_region,RH3,place,4.951,me_sagath,me_melkorism,,fish,rural_settlement,enets_culture
me_land_2847,Narur March,me_rhun_region,RH2,place,2.512,me_karmachi,me_melkorism,,wool,rural_settlement,meitei_culture
me_land_2848,Rhovur March,me_rhun_region,RH2,place,1.908,me_karmachi,me_melkorism,,wool,rural_settlement,serer
me_land_2849,Palewater Reach,me_northern_wastes_region,WILD,wilderness,0.013,me_lossoth,me_lossoth_ways,,wool,rural_settlement,
me_land_2850,Eithel aeleth,me_belfalas_region,DAM,place,2.469,me_dol_amrothian,me_valar_worship,,clay,rural_settlement,monguor_culture
me_land_2851,Emyn aeleth,me_south_gondor_region,GON,place,5.473,me_gondorian,me_valar_worship,,clay,rural_settlement,brahui_culture
me_land_2852,Sealwater Reach,me_northern_wastes_region,WILD,wilderness,0.013,me_lossoth,me_lossoth_ways,,clay,rural_settlement,
me_land_2853,Narasir Gate,me_far_harad_region,HFA,place,3.344,me_far_haradrim,me_southron_ways,,salt,rural_settlement,karelian
me_land_2854,Sagur March,me_rhun_region,RH2,place,1.432,me_karmachi,me_melkorism,,horses,rural_settlement,zafiraminia_culture
me_land_2855,Sharur March,me_rhun_region,RHU,place,2.621,me_balchoth,me_sauron_cult,,wheat,rural_settlement,lumnana_culture
me_land_2856,Uldur March,me_rhun_region,RH2,place,1.432,me_karmachi,me_melkorism,,livestock,rural_settlement,zacatecah_culture
me_land_2857,Heruham,me_rohan_region,ROH,place,2.398,me_rohirric,me_northern_ways,,livestock,rural_settlement,ngandi_culture
me_land_2858,Qasasir Gate,me_far_harad_region,HFA,place,3.344,me_far_haradrim,me_southron_ways,,livestock,rural_settlement,karbi_culture
me_land_2859,Imlad aeleth,me_brown_lands_region,WILD,wilderness,0.016,me_woodman,me_northern_ways,,wheat,rural_settlement,
me_land_2860,Minas aeleth,me_north_arnor_region,WILD,wilderness,0.015,me_eriadoran,me_northern_ways,,wheat,rural_settlement,
me_land_2861,Ost aeleth,me_north_arnor_region,RIV,place,0.068,me_noldor,me_valar_worship,,wheat,rural_settlement,
me_land_2862,Rakhasir Gate,me_far_harad_region,HFA,place,3.344,me_far_haradrim,me_southron_ways,,livestock,rural_settlement,karapana_culture
me_land_2863,Taur aeleth,me_brown_lands_region,WILD,wilderness,0.013,me_woodman,me_northern_ways,,livestock,rural_settlement,
me_land_2864,Snowwater Reach,me_northern_wastes_region,WILD,wilderness,0.013,me_lossoth,me_lossoth_ways,,wool,rural_settlement,
me_land_2865,Dushmauk Camp,me_mordor_region,WILD,wilderness,0.013,me_mordor_orc,me_sauron_cult,,wheat,rural_settlement,
me_land_2866,Léodham,me_rohan_region,ROH,place,2.398,me_rohirric,me_northern_ways,,clay,rural_settlement,nganasan_culture
me_land_2867,Bar aeleth,me_ithilien_region,WILD,wilderness,0.016,me_gondorian,me_valar_worship,,wool,rural_settlement,
me_land_2868,Ghashmauk Camp,me_mordor_region,MOR,place,7.563,me_mordor_orc,me_sauron_cult,,wheat,rural_settlement,anccara_culture
me_land_2869,Starwater Reach,me_northern_wastes_region,WILD,wilderness,0.006,me_lossoth,me_lossoth_ways,,fish,rural_settlement,
me_land_2870,Calen aeleth,me_ithilien_region,WILD,wilderness,0.007,me_gondorian,me_valar_worship,,stone,rural_settlement,
me_land_2871,Celon aeleth,me_ithilien_region,WILD,wilderness,0.007,me_gondorian,me_valar_worship,,salt,rural_settlement,
me_land_2872,Whitewater Reach,me_northern_wastes_region,WILD,wilderness,0.011,me_lossoth,me_lossoth_ways,,wheat,rural_settlement,
me_land_2873,Nim aeleth,me_belfalas_region,GON,place,5.473,me_gondorian,me_valar_worship,,fish,rural_settlement,botos_culture
me_land_2874,Amon annoneth,me_lindon_region,LIN,place,0.093,me_sindar,me_valar_worship,,fish,rural_settlement,
me_land_2875,Gharar Camp,me_far_harad_region,KHA,place,1.011,me_variag,me_melkorism,,salt,rural_settlement,
me_land_2876,Gormauk Camp,me_mordor_region,WILD,wilderness,0.007,me_mordor_orc,me_sauron_cult,,stone,rural_settlement,
me_land_2877,Winterwater Reach,me_northern_wastes_region,WILD,wilderness,0.013,me_lossoth,me_lossoth_ways,,wool,rural_settlement,
me_land_2878,Grishmauk Camp,me_anduin_vale_region,GOB,place,1.224,me_misty_orc,me_melkorism,,wheat,rural_settlement,
me_land_2879,Southdown End,me_anduin_vale_region,WILD,wilderness,0.015,me_woodman,me_northern_ways,,livestock,rural_settlement,
me_land_2880,Stonedown End,me_enedwaith_region,WILD,wilderness,0.013,me_dunlending,me_dunland_ways,,livestock,rural_settlement,
me_land_2881,Dol annoneth,me_brown_lands_region,WILD,wilderness,0.011,me_woodman,me_northern_ways,,wheat,rural_settlement,
me_land_2882,Amberholm,me_rhun_region,DOR,place,1.82,me_dorwinrim,me_northern_ways,,wool,rural_settlement,taensa_culture
me_land_2883,Westdown End,me_enedwaith_region,WILD,wilderness,0.013,me_dunlending,me_dunland_ways,,wheat,rural_settlement,
me_land_2884,Kandar Camp,me_khand_region,KHA,place,1.011,me_variag,me_melkorism,,salt,rural_settlement,
me_land_2885,Coldbay Sound,me_northern_wastes_region,WILD,wilderness,0.006,me_lossoth,me_lossoth_ways,,fish,rural_settlement,
me_land_2886,Ridham,me_rohan_region,ROH,place,2.398,me_rohirric,me_northern_ways,,wool,rural_settlement,ngalop_culture
me_land_2887,Khazar Camp,me_far_harad_region,KHA,place,1.011,me_variag,me_melkorism,,salt,rural_settlement,
me_land_2888,Eithel annoneth,me_ithilien_region,WILD,wilderness,0.016,me_gondorian,me_valar_worship,,wheat,rural_settlement,
me_land_2889,Emyn annoneth,me_belfalas_region,GON,place,3.777,me_gondorian,me_valar_worship,,clay,rural_settlement,inga_culture
me_land_2890,Khorar Camp,me_khand_region,KHA,place,1.011,me_variag,me_melkorism,,salt,rural_settlement,
me_land_2891,Ruzar Camp,me_khand_region,KHA,place,1.011,me_variag,me_melkorism,,copper,rural_settlement,
me_land_2892,Imlad annoneth,me_north_arnor_region,WILD,wilderness,0.015,me_eriadoran,me_northern_ways,,wheat,rural_settlement,
me_land_2893,Sahrasir Gate,me_near_harad_region,HRA,place,4.546,me_near_haradrim,me_southron_ways,,livestock,rural_settlement,griko_culture
me_land_2894,Alderfield End,me_enedwaith_region,WILD,wilderness,0.013,me_dunlending,me_dunland_ways,,wheat,rural_settlement,
me_land_2895,Skarnar Camp,me_khand_region,KHA,place,1.011,me_variag,me_melkorism,,salt,rural_settlement,
me_land_2896,Ashfield End,me_anduin_vale_region,WILD,wilderness,0.015,me_woodman,me_northern_ways,,clay,rural_settlement,
me_land_2897,Driftbay Sound,me_forochel_region,LOS,place,0.031,me_lossoth,me_lossoth_ways,,wild_game,rural_settlement,
me_land_2898,Wainur March,me_rhun_region,RH2,place,1.432,me_karmachi,me_melkorism,,wool,rural_settlement,yuwi_culture
me_land_2899,Minas annoneth,me_ithilien_region,WILD,wilderness,0.007,me_gondorian,me_valar_worship,,stone,rural_settlement,
me_land_2900,Ost annoneth,me_north_arnor_region,RAN,place,0.168,me_arnor_dunedain,me_valar_worship,,wool,rural_settlement,
me_land_2901,Barrowfield End,me_anduin_vale_region,WILD,wilderness,0.015,me_woodman,me_northern_ways,,wool,rural_settlement,
me_land_2902,Taur annoneth,me_ithilien_region,WILD,wilderness,0.016,me_gondorian,me_valar_worship,,wheat,rural_settlement,
me_land_2903,Bar annoneth,me_north_arnor_region,WILD,wilderness,0.015,me_eriadoran,me_northern_ways,,livestock,rural_settlement,
me_land_2904,Tazasir Gate,me_near_harad_region,UMB,place,1.679,me_umbarite,me_sauron_cult,,salt,rural_settlement,tsnungwe_culture
me_land_2905,Clovercombe,me_shire_breeland_region,WILD,wilderness,0.015,me_eriadoran,me_northern_ways,,wheat,rural_settlement,
me_land_2906,Frostbay Sound,me_northern_wastes_region,WILD,wilderness,0.013,me_lossoth,me_lossoth_ways,,clay,rural_settlement,
me_land_2907,Calen annoneth,me_south_gondor_region,GON,place,0.855,me_gondorian,me_valar_worship,,livestock,rural_settlement,
me_land_2908,Celon annoneth,me_brown_lands_region,WILD,wilderness,0.011,me_woodman,me_northern_ways,,wool,rural_settlement,
me_land_2909,Valehall,me_anduin_vale_region,BEO,place,0.307,me_beorning,me_northern_ways,,clay,rural_settlement,
me_land_2910,Zorur March,me_rhun_region,RH2,place,1.432,me_karmachi,me_melkorism,,wool,rural_settlement,yuru_culture
me_land_2911,Dimplecombe,me_shire_breeland_region,WILD,wilderness,0.015,me_eriadoran,me_northern_ways,,wool,rural_settlement,
me_land_2912,Nim annoneth,me_north_arnor_region,WILD,wilderness,0.015,me_eriadoran,me_northern_ways,,wool,rural_settlement,
me_land_2913,Icebay Sound,me_forochel_region,WILD,wilderness,0.013,me_lossoth,me_lossoth_ways,,fur,rural_settlement,
me_land_2914,Krimpmauk Camp,me_mordor_region,MOR,place,1.265,me_mordor_orc,me_sauron_cult,,stone,rural_settlement,
me_land_2915,Lugmauk Camp,me_north_arnor_region,ANG,place,1.084,me_northern_orc,me_melkorism,,livestock,rural_settlement,
me_land_2916,Sharinbar,me_rhun_region,IRO,place,0.447,me_longbeard,me_mahal_cult,,wool,rural_settlement,
me_land_2917,Amon beleth,me_belfalas_region,GON,place,5.473,me_gondorian,me_valar_worship,,livestock,rural_settlement,bosnian
me_land_2918,Beaconfield End,me_enedwaith_region,WILD,wilderness,0.013,me_dunlending,me_dunland_ways,,livestock,rural_settlement,
me_land_2919,Stonewain Valley,me_anorien_region,GON,landmark,5.473,me_gondorian,me_valar_worship,,clay,rural_settlement,boruca_culture
me_land_2920,Balach Road,me_rhun_region,RH2,place,1.908,me_karmachi,me_melkorism,,wool,rural_settlement,serbian
me_land_2921,Targar Camp,me_khand_region,KHA,place,1.011,me_variag,me_melkorism,,wool,rural_settlement,
me_land_2922,Thengelham,me_rohan_region,ROH,place,2.398,me_rohirric,me_northern_ways,,livestock,rural_settlement,ngalkbun_culture
me_land_2923,Umrasir Gate,me_umbar_region,UMB,place,1.679,me_umbarite,me_sauron_cult,,copper,rural_settlement,tsimshian_culture
me_land_2924,Borach Road,me_rhun_region,RHU,place,2.621,me_balchoth,me_sauron_cult,,wheat,rural_settlement,lummi_culture
me_land_2925,Ferncombe,me_shire_breeland_region,SHI,place,2.869,me_shire_hobbit,me_northern_ways,,wool,rural_settlement,khorezmian_culture
me_land_2926,Woldham,me_rohan_region,ROH,place,2.398,me_rohirric,me_northern_ways,,wheat,rural_settlement,ngaliwuru_culture
me_land_2927,Dol beleth,me_south_gondor_region,GON,place,0.833,me_gondorian,me_valar_worship,,iron,rural_settlement,
me_land_2928,Zarasir Gate,me_near_harad_region,UMB,place,1.679,me_umbarite,me_sauron_cult,,copper,rural_settlement,tsimihety_culture
me_land_2929,Zigilinbar,me_rhun_region,IRO,place,0.447,me_longbeard,me_mahal_cult,,wheat,rural_settlement,
me_land_2930,Northbay Sound,me_northern_wastes_region,WILD,wilderness,0.006,me_lossoth,me_lossoth_ways,,fur,rural_settlement,
me_land_2931,Eithel beleth,me_north_arnor_region,WILD,wilderness,0.013,me_eriadoran,me_northern_ways,,livestock,rural_settlement,
me_land_2932,Azrem Gate,me_umbar_region,UMB,place,1.679,me_umbarite,me_sauron_cult,,fish,rural_settlement,tsimanes_culture
me_land_2933,Mauhmauk Camp,me_mordor_region,WILD,wilderness,0.013,me_mordor_orc,me_sauron_cult,,stone,rural_settlement,
me_land_2934,Palebay Sound,me_northern_wastes_region,WILD,wilderness,0.006,me_lossoth,me_lossoth_ways,,wild_game,rural_settlement,
me_land_2935,Emyn beleth,me_belfalas_region,GON,place,5.473,me_gondorian,me_valar_worship,,livestock,rural_settlement,boon_wurrung_culture
me_land_2936,Gathach Road,me_rhun_region,RHU,place,3.494,me_balchoth,me_sauron_cult,,clay,rural_settlement,kaili_culture
me_land_2937,Muzgmauk Camp,me_enedwaith_region,ISE,place,0.33,me_isengard_uruk,me_sauron_cult,,clay,rural_settlement,
me_land_2938,Imlad beleth,me_ithilien_region,WILD,wilderness,0.007,me_gondorian,me_valar_worship,,salt,rural_settlement,
me_land_2939,Minas beleth,me_north_arnor_region,WILD,wilderness,0.013,me_eriadoran,me_northern_ways,,clay,rural_settlement,
me_land_2940,Nazgmauk Camp,me_mordor_region,MOR,place,5.742,me_mordor_orc,me_sauron_cult,,livestock,rural_settlement,attu_culture
me_land_2941,Bahrem Gate,me_umbar_region,UMB,place,1.679,me_umbarite,me_sauron_cult,,wool,rural_settlement,tshwa_culture
me_land_2942,Skaimauk Camp,me_mordor_region,MOR,place,1.265,me_mordor_orc,me_sauron_cult,,iron,rural_settlement,
me_land_2943,Darem Gate,me_near_harad_region,HNE,place,2.034,me_near_haradrim,me_southron_ways,,wool,rural_settlement,popoloca_culture
me_land_2944,Ost beleth,me_brown_lands_region,WILD,wilderness,0.011,me_woodman,me_northern_ways,,wheat,rural_settlement,
me_land_2945,Haycombe,me_shire_breeland_region,SHI,place,2.869,me_shire_hobbit,me_northern_ways,,wool,rural_settlement,khorasani_culture
me_land_2946,Sealbay Sound,me_northern_wastes_region,WILD,wilderness,0.011,me_lossoth,me_lossoth_ways,,wheat,rural_settlement,
me_land_2947,Snowbay Sound,me_northern_wastes_region,WILD,wilderness,0.006,me_lossoth,me_lossoth_ways,,fish,rural_settlement,
me_land_2948,Blackfield End,me_anduin_vale_region,WILD,wilderness,0.015,me_woodman,me_northern_ways,,clay,rural_settlement,
me_land_2949,Taur beleth,me_north_arnor_region,RAN,place,0.168,me_arnor_dunedain,me_valar_worship,,wheat,rural_settlement,
me_land_2950,Bar beleth,me_north_arnor_region,WILD,wilderness,0.015,me_eriadoran,me_northern_ways,,clay,rural_settlement,
me_land_2951,Bramblefield End,me_mirkwood_region,WILD,wilderness,0.013,me_woodman,me_northern_ways,,clay,rural_settlement,
me_land_2952,Karmach Road,me_rhun_region,RH2,place,1.908,me_karmachi,me_melkorism,,wool,rural_settlement,seramese_culture
me_land_2953,Bucklandfield End,me_anduin_vale_region,WILD,wilderness,0.015,me_woodman,me_northern_ways,,livestock,rural_settlement,
me_land_2954,Varkar Camp,me_khand_region,KHA,place,1.011,me_variag,me_melkorism,,copper,rural_settlement,
me_land_2955,Bardholm,me_rhun_region,DOR,place,1.366,me_dorwinrim,me_northern_ways,,wheat,rural_settlement,
me_land_2956,Calen beleth,me_brown_lands_region,WILD,wilderness,0.013,me_woodman,me_northern_ways,,livestock,rural_settlement,
me_land_2957,Starbay Sound,me_northern_wastes_region,WILD,wilderness,0.006,me_lossoth,me_lossoth_ways,,wild_game,rural_settlement,
me_land_2958,Farem Gate,me_far_harad_region,HFA,place,3.344,me_far_haradrim,me_southron_ways,,copper,rural_settlement,karankawa_culture
me_land_2959,Uglmauk Camp,me_mordor_region,WILD,wilderness,0.007,me_mordor_orc,me_sauron_cult,,livestock,rural_settlement,
me_land_2960,Celon beleth,me_north_arnor_region,WILD,wilderness,0.015,me_eriadoran,me_northern_ways,,clay,rural_settlement,
me_land_2961,Khurach Road,me_rhun_region,RH2,place,1.432,me_karmachi,me_melkorism,,livestock,rural_settlement,yurok_culture
me_land_2962,Cedarfield End,me_mirkwood_region,WILD,wilderness,0.013,me_woodman,me_northern_ways,,wool,rural_settlement,
me_land_2963,Deepfield End,me_enedwaith_region,WILD,wilderness,0.013,me_dunlending,me_dunland_ways,,livestock,rural_settlement,
me_land_2964,Urukmauk Camp,me_mordor_region,WILD,wilderness,0.013,me_mordor_orc,me_sauron_cult,,iron,rural_settlement,
me_land_2965,Nim beleth,me_belfalas_region,GON,place,5.473,me_gondorian,me_valar_worship,,clay,rural_settlement,bontoc_culture
me_land_2966,Amon borneth,me_north_arnor_region,WILD,wilderness,0.015,me_eriadoran,me_northern_ways,,clay,rural_settlement,
me_land_2967,Dol borneth,me_anorien_region,GON,place,5.473,me_gondorian,me_valar_worship,,wheat,rural_settlement,bonan_culture
me_land_2968,Whitebay Sound,me_northern_wastes_region,WILD,wilderness,0.013,me_lossoth,me_lossoth_ways,,livestock,rural_settlement,
me_land_2969,Winterbay Sound,me_northern_wastes_region,WILD,wilderness,0.006,me_lossoth,me_lossoth_ways,,wild_game,rural_settlement,
me_land_2970,Lodach Road,me_rhun_region,RH2,place,1.432,me_karmachi,me_melkorism,,horses,rural_settlement,yuri_culture
me_land_2971,Azankibil,me_rhun_region,IRO,place,0.447,me_longbeard,me_mahal_cult,,wheat,rural_settlement,
me_land_2972,Eastfield End,me_enedwaith_region,DUN,place,4.105,me_dunlending,me_dunland_ways,,livestock,rural_settlement,hanseatic
me_land_2973,Greenfield End,me_mirkwood_region,WILD,wilderness,0.013,me_woodman,me_northern_ways,,clay,rural_settlement,
me_land_2974,Hadrem Gate,me_umbar_region,UMB,place,4.45,me_umbarite,me_sauron_cult,,livestock,rural_settlement,gyalrong_culture
me_land_2975,Eithel borneth,me_belfalas_region,GON,place,3.777,me_gondorian,me_valar_worship,,wool,rural_settlement,inde_culture
me_land_2976,Greyfield End,me_enedwaith_region,WILD,wilderness,0.013,me_dunlending,me_dunland_ways,,livestock,rural_settlement,
me_land_2977,Kharem Gate,me_far_harad_region,HFA,place,3.344,me_far_haradrim,me_southron_ways,,copper,rural_settlement,karangpurru_culture
me_land_2978,Emyn borneth,me_north_arnor_region,WILD,wilderness,0.015,me_eriadoran,me_northern_ways,,clay,rural_settlement,
me_land_2979,Zandar Camp,me_far_harad_region,KHA,place,1.011,me_variag,me_melkorism,,wool,rural_settlement,
me_land_2980,Imlad borneth,me_north_arnor_region,WILD,wilderness,0.015,me_eriadoran,me_northern_ways,,wheat,rural_settlement,
me_land_2981,Minas borneth,me_brown_lands_region,WILD,wilderness,0.008,me_woodman,me_northern_ways,,fish,rural_settlement,
me_land_2982,Ost borneth,me_ithilien_region,WILD,wilderness,0.015,me_gondorian,me_valar_worship,,livestock,rural_settlement,
me_land_2983,Narach Road,me_rhun_region,RH2,place,1.432,me_karmachi,me_melkorism,,wheat,rural_settlement,yuracare_culture
me_land_2984,Arzash Camp,me_far_harad_region,KHA,place,1.011,me_variag,me_melkorism,,livestock,rural_settlement,
me_land_2985,Bellholm,me_rhun_region,DOR,place,1.82,me_dorwinrim,me_northern_ways,,wool,rural_settlement,tabwa
me_land_2986,Longfield End,me_enedwaith_region,DUN,place,4.105,me_dunlending,me_dunland_ways,,clay,rural_settlement,hani_culture
me_land_2987,Rhovach Road,me_rhun_region,RH2,place,1.432,me_karmachi,me_melkorism,,wool,rural_settlement,yupighyt_culture
me_land_2988,Coldcamp Sound,me_northern_wastes_region,WILD,wilderness,0.006,me_lossoth,me_lossoth_ways,,fur,rural_settlement,
me_land_2989,Taur borneth,me_dale_region,WOO,place,0.648,me_silvan,me_valar_worship,,medicaments,rural_settlement,
me_land_2990,Aldholt,me_rohan_region,ROH,place,2.398,me_rohirric,me_northern_ways,,wool,rural_settlement,ngalakan_culture
me_land_2991,Sagach Road,me_rhun_region,RH2,place,1.908,me_karmachi,me_melkorism,,livestock,rural_settlement,sephardi
me_land_2992,Sharach Road,me_rhun_region,RH2,place,2.512,me_karmachi,me_melkorism,,wool,rural_settlement,mehri_culture
me_land_2993,Uldach Road,me_rhun_region,RHU,place,2.621,me_balchoth,me_sauron_cult,,wool,rural_settlement,lule_culture
me_land_2994,Wainach Road,me_rhun_region,RH2,place,1.432,me_karmachi,me_melkorism,,livestock,rural_settlement,yulin_culture
me_land_2995,Zorach Road,me_rhun_region,RH3,place,4.951,me_sagath,me_melkorism,,horses,rural_settlement,enepas_culture
me_land_2996,Ashnakh Camp,me_angmar_region,WILD,wilderness,0.006,me_northern_orc,me_melkorism,,wild_game,rural_settlement,
me_land_2997,Mahrem Gate,me_far_harad_region,HNE,place,2.034,me_near_haradrim,me_southron_ways,,wool,rural_settlement,pontic_greek_culture
me_land_2998,Barazkibil,me_grey_mountains_region,ERE,place,1.435,me_longbeard,me_mahal_cult,,livestock,rural_settlement,wurundjeri_culture
me_land_2999,Bar borneth,me_north_arnor_region,WILD,wilderness,0.015,me_eriadoran,me_northern_ways,,clay,rural_settlement,
me_land_3000,Calen borneth,me_north_arnor_region,RAN,place,0.168,me_arnor_dunedain,me_valar_worship,,clay,rural_settlement,
me_land_3001,Balkash Camp,me_khand_region,KHA,place,1.011,me_variag,me_melkorism,,salt,rural_settlement,
me_land_3002,Celon borneth,me_lindon_region,LIN,place,0.093,me_sindar,me_valar_worship,,wool,rural_settlement,
me_land_3003,Narem Gate,me_near_harad_region,HNE,place,2.034,me_near_haradrim,me_southron_ways,,salt,rural_settlement,ponca_culture
me_land_3004,Azgnakh Camp,me_mordor_region,MOR,place,7.563,me_mordor_orc,me_sauron_cult,,livestock,rural_settlement,anauls_culture
me_land_3005,Driftcamp Sound,me_northern_wastes_region,WILD,wilderness,0.011,me_lossoth,me_lossoth_ways,,medicaments,rural_settlement,
me_land_3006,Drazash Camp,me_khand_region,KHA,place,1.011,me_variag,me_melkorism,,salt,rural_settlement,
me_land_3007,Frostcamp Sound,me_northern_wastes_region,WILD,wilderness,0.013,me_lossoth,me_lossoth_ways,,wool,rural_settlement,
me_land_3008,Balad Road,me_rhun_region,RH3,place,4.951,me_sagath,me_melkorism,,wheat,rural_settlement,enenlhet_culture
me_land_3009,Blacknakh Camp,me_mordor_region,WILD,wilderness,0.013,me_mordor_orc,me_sauron_cult,,stone,rural_settlement,
me_land_3010,Qasem Gate,me_far_harad_region,HFA,place,5.583,me_far_haradrim,me_southron_ways,,livestock,rural_settlement,banda_culture
me_land_3011,Nim borneth,me_north_arnor_region,WILD,wilderness,0.015,me_eriadoran,me_northern_ways,,clay,rural_settlement,
me_land_3012,Bizarkibil,me_lindon_region,BLU,place,0.258,me_firebeard_broadbeam,me_mahal_cult,,wheat,rural_settlement,
me_land_3013,Wildhall,me_mirkwood_region,BEO,place,0.307,me_beorning,me_northern_ways,,clay,rural_settlement,
me_land_3014,Amon caraneth,me_ithilien_region,WILD,wilderness,0.016,me_gondorian,me_valar_worship,,clay,rural_settlement,
me_land_3015,Dol caraneth,me_belfalas_region,GON,place,3.777,me_gondorian,me_valar_worship,,wool,rural_settlement,ilocano_culture
me_land_3016,Borad Road,me_rhun_region,RHU,place,2.621,me_balchoth,me_sauron_cult,,horses,rural_settlement,luhya_culture
me_land_3017,Northfield End,me_enedwaith_region,WILD,wilderness,0.013,me_dunlending,me_dunland_ways,,wool,rural_settlement,
me_land_3018,Eithel caraneth,me_south_gondor_region,GON,place,4.974,me_gondorian,me_valar_worship,,livestock,rural_settlement,dangbon_culture
me_land_3019,Emyn caraneth,me_belfalas_region,GON,place,3.777,me_gondorian,me_valar_worship,,clay,rural_settlement,ilnu_culture
me_land_3020,Rakhem Gate,me_near_harad_region,HNE,place,2.034,me_near_haradrim,me_southron_ways,,livestock,rural_settlement,pomor
me_land_3021,Icecamp Sound,me_forochel_region,LOS,place,0.031,me_lossoth,me_lossoth_ways,,fur,rural_settlement,
me_land_3022,Gathad Road,me_rhun_region,RH2,place,1.908,me_karmachi,me_melkorism,,livestock,rural_settlement,senufo
me_land_3023,Sahrem Gate,me_near_harad_region,UMB,place,1.006,me_umbarite,me_sauron_cult,,salt,rural_settlement,
me_land_3024,Imlad caraneth,me_south_gondor_region,GON,place,0.855,me_gondorian,me_valar_worship,,copper,rural_settlement,
me_land_3025,Northcamp Sound,me_forochel_region,LOS,place,0.216,me_lossoth,me_lossoth_ways,,wild_game,rural_settlement,
me_land_3026,Hazelcombe,me_shire_breeland_region,WILD,wilderness,0.015,me_eriadoran,me_northern_ways,,wheat,rural_settlement,
me_land_3027,Beorholt,me_rohan_region,ROH,place,2.398,me_rohirric,me_northern_ways,,wool,rural_settlement,ngaju_culture
me_land_3028,Palecamp Sound,me_northern_wastes_region,WILD,wilderness,0.006,me_lossoth,me_lossoth_ways,,fur,rural_settlement,
me_land_3029,Oakfield End,me_mirkwood_region,WDM,place,0.638,me_woodman,me_northern_ways,,wool,rural_settlement,
me_land_3030,Minas caraneth,me_north_arnor_region,RAN,place,0.168,me_arnor_dunedain,me_valar_worship,,wheat,rural_settlement,
me_land_3031,Burznakh Camp,me_north_arnor_region,ANG,place,1.084,me_northern_orc,me_melkorism,,wheat,rural_settlement,
me_land_3032,Karmad Road,me_rhun_region,RH2,place,1.908,me_karmachi,me_melkorism,,livestock,rural_settlement,sena_culture
me_land_3033,Dushnakh Camp,me_north_arnor_region,ANG,place,1.084,me_northern_orc,me_melkorism,,clay,rural_settlement,
me_land_3034,Khurad Road,me_rhun_region,RH2,place,1.908,me_karmachi,me_melkorism,,clay,rural_settlement,sempan_culture
me_land_3035,Lodad Road,me_rhun_region,RH2,place,1.432,me_karmachi,me_melkorism,,horses,rural_settlement,yukpa_culture
me_land_3036,Ost caraneth,me_anorien_region,GON,place,5.473,me_gondorian,me_valar_worship,,wool,rural_settlement,bomassa_culture
me_land_3037,Southfield End,me_anduin_vale_region,WILD,wilderness,0.015,me_woodman,me_northern_ways,,clay,rural_settlement,
me_land_3038,Stonefield End,me_enedwaith_region,WILD,wilderness,0.015,me_dunlending,me_dunland_ways,,clay,rural_settlement,
me_land_3039,Narad Road,me_rhun_region,RH2,place,1.432,me_karmachi,me_melkorism,,wool,rural_settlement,yuki_culture
me_land_3040,Westfield End,me_shire_breeland_region,BRE,place,0.491,me_eriadoran,me_northern_ways,,wool,rural_settlement,
me_land_3041,Taur caraneth,me_belfalas_region,GON,place,5.273,me_gondorian,me_valar_worship,,livestock,rural_settlement,cusabo_culture
me_land_3042,Rhovad Road,me_rhun_region,RH2,place,1.908,me_karmachi,me_melkorism,,wool,rural_settlement,semnani_culture
me_land_3043,Woodhall,me_anduin_vale_region,BEO,place,0.307,me_beorning,me_northern_ways,,clay,rural_settlement,
me_land_3044,Tazem Gate,me_near_harad_region,HRA,place,4.546,me_near_haradrim,me_southron_ways,,copper,rural_settlement,gresi_culture
me_land_3045,Bar caraneth,me_brown_lands_region,WILD,wilderness,0.011,me_woodman,me_northern_ways,,livestock,rural_settlement,
me_land_3046,Calen caraneth,me_ithilien_region,WILD,wilderness,0.007,me_gondorian,me_valar_worship,,livestock,rural_settlement,
me_land_3047,Celon caraneth,me_lebennin_region,GON,place,5.473,me_gondorian,me_valar_worship,,clay,rural_settlement,bolghar_culture
me_land_3048,Nim caraneth,me_south_gondor_region,GON,place,1.454,me_gondorian,me_valar_worship,,livestock,rural_settlement,wolastoqiyik_culture
me_land_3049,Gharash Camp,me_khand_region,KHA,place,1.011,me_variag,me_melkorism,,livestock,rural_settlement,
me_land_3050,Alderford End,me_enedwaith_region,WILD,wilderness,0.013,me_dunlending,me_dunland_ways,,livestock,rural_settlement,
me_land_3051,Umrem Gate,me_umbar_region,UMB,place,1.679,me_umbarite,me_sauron_cult,,salt,rural_settlement,tsetsehesahese_culture
me_land_3052,Sealcamp Sound,me_northern_wastes_region,WILD,wilderness,0.013,me_lossoth,me_lossoth_ways,,fur,rural_settlement,
me_land_3053,Ashford End,me_enedwaith_region,WILD,wilderness,0.013,me_dunlending,me_dunland_ways,,livestock,rural_settlement,
me_land_3054,Amon duineth,me_mirkwood_region,WOO,place,0.648,me_silvan,me_valar_worship,,wool,rural_settlement,
me_land_3055,Ghashnakh Camp,me_mirkwood_region,DOL,place,1.083,me_mordor_orc,me_sauron_cult,,medicaments,rural_settlement,
me_land_3056,Zarem Gate,me_far_harad_region,HFA,place,3.344,me_far_haradrim,me_southron_ways,,wool,rural_settlement,karajarri_culture
me_land_3057,Kandash Camp,me_khand_region,KHA,place,1.011,me_variag,me_melkorism,,wool,rural_settlement,
me_land_3058,Dol duineth,me_ithilien_region,WILD,wilderness,0.015,me_gondorian,me_valar_worship,,wool,rural_settlement,
me_land_3059,Gornakh Camp,me_mordor_region,MOR,place,5.742,me_mordor_orc,me_sauron_cult,,iron,rural_settlement,attigneenongnahac_culture
me_land_3060,Azresh Gate,me_near_harad_region,UMB,place,1.006,me_umbarite,me_sauron_cult,,livestock,rural_settlement,
me_land_3061,Bowholm,me_rhun_region,DOR,place,1.82,me_dorwinrim,me_northern_ways,,livestock,rural_settlement,tabajara_culture
me_land_3062,Khazash Camp,me_far_harad_region,KHA,place,1.011,me_variag,me_melkorism,,wool,rural_settlement,
me_land_3063,Khorash Camp,me_khand_region,KHA,place,1.011,me_variag,me_melkorism,,salt,rural_settlement,
me_land_3064,Bahresh Gate,me_near_harad_region,HNE,place,2.034,me_near_haradrim,me_southron_ways,,livestock,rural_settlement,pomo_culture
me_land_3065,Barrowford End,me_anduin_vale_region,WILD,wilderness,0.015,me_woodman,me_northern_ways,,livestock,rural_settlement,
me_land_3066,Eithel duineth,me_north_arnor_region,RIV,place,0.068,me_noldor,me_valar_worship,,wool,rural_settlement,
me_land_3067,Emyn duineth,me_brown_lands_region,WILD,wilderness,0.011,me_woodman,me_northern_ways,,wheat,rural_settlement,
me_land_3068,Grishnakh Camp,me_enedwaith_region,ISE,place,0.238,me_isengard_uruk,me_sauron_cult,,livestock,rural_settlement,
me_land_3069,Snowcamp Sound,me_northern_wastes_region,WILD,wilderness,0.006,me_lossoth,me_lossoth_ways,,wild_game,rural_settlement,
me_land_3070,Rowanbole,me_anduin_vale_region,FAN,place,0.012,me_onodrim,me_eldest_ways,,wild_game,rural_settlement,
me_land_3071,Krimpnakh Camp,me_mordor_region,WILD,wilderness,0.013,me_mordor_orc,me_sauron_cult,,wheat,rural_settlement,
me_land_3072,Lugnakh Camp,me_mordor_region,WILD,wilderness,0.013,me_mordor_orc,me_sauron_cult,,iron,rural_settlement,
me_land_3073,Imlad duineth,me_south_gondor_region,GON,place,0.855,me_gondorian,me_valar_worship,,copper,rural_settlement,
me_land_3074,Beaconford End,me_enedwaith_region,WILD,wilderness,0.013,me_dunlending,me_dunland_ways,,clay,rural_settlement,
me_land_3075,Bregoholt,me_rohan_region,ROH,place,2.398,me_rohirric,me_northern_ways,,horses,rural_settlement,ngadjuri_culture
me_land_3076,Blackford End,me_enedwaith_region,WILD,wilderness,0.013,me_dunlending,me_dunland_ways,,clay,rural_settlement,
me_land_3077,Bearholt,me_anduin_vale_region,BEO,place,0.168,me_beorning,me_northern_ways,,medicaments,rural_settlement,
me_land_3078,Mauhnakh Camp,me_anduin_vale_region,DOL,place,3.575,me_mordor_orc,me_sauron_cult,,clay,rural_settlement,jukun_culture
me_land_3079,Bundkibil,me_lindon_region,BLU,place,0.351,me_firebeard_broadbeam,me_mahal_cult,,wheat,rural_settlement,
me_land_3080,Brambleford End,me_enedwaith_region,WILD,wilderness,0.013,me_dunlending,me_dunland_ways,,wheat,rural_settlement,
me_land_3081,Sagad Road,me_rhun_region,RH3,place,4.951,me_sagath,me_melkorism,,wool,rural_settlement,enawene_nawe_culture
me_land_3082,Daresh Gate,me_far_harad_region,HRA,place,4.546,me_near_haradrim,me_southron_ways,,copper,rural_settlement,greek_culture
me_land_3083,Ceorlholt,me_rohan_region,ROH,place,2.398,me_rohirric,me_northern_ways,,clay,rural_settlement,ngacang_culture
me_land_3084,Faresh Gate,me_near_harad_region,UMB,place,1.679,me_umbarite,me_sauron_cult,,livestock,rural_settlement,tsawi_culture
me_land_3085,Minas duineth,me_belfalas_region,GON,place,5.473,me_gondorian,me_valar_worship,,wool,rural_settlement,bola_culture
me_land_3086,Ost duineth,me_brown_lands_region,WILD,wilderness,0.015,me_woodman,me_northern_ways,,wheat,rural_settlement,
me_land_3087,Muzgnakh Camp,me_anduin_vale_region,MOA,place,2.376,me_misty_orc,me_melkorism,,wool,rural_settlement,onyotaaka_culture
me_land_3088,Hadresh Gate,me_near_harad_region,HRA,place,4.546,me_near_haradrim,me_southron_ways,,copper,rural_settlement,greater_polish
me_land_3089,Rauros,me_rohan_region,ROH,landmark,2.398,me_rohirric,me_northern_ways,,horses,rural_settlement,ngabe_culture
me_land_3090,Nazgnakh Camp,me_mordor_region,WILD,wilderness,0.013,me_mordor_orc,me_sauron_cult,,stone,rural_settlement,
me_land_3091,Starcamp Sound,me_northern_wastes_region,WILD,wilderness,0.006,me_lossoth,me_lossoth_ways,,fish,rural_settlement,
me_land_3092,Whitecamp Sound,me_northern_wastes_region,WILD,wilderness,0.013,me_lossoth,me_lossoth_ways,,clay,rural_settlement,
me_land_3093,Taur duineth,me_brown_lands_region,WILD,wilderness,0.011,me_woodman,me_northern_ways,,wheat,rural_settlement,
me_land_3094,Ruzash Camp,me_khand_region,KHA,place,1.011,me_variag,me_melkorism,,livestock,rural_settlement,
me_land_3095,Bar duineth,me_belfalas_region,GON,place,3.777,me_gondorian,me_valar_worship,,livestock,rural_settlement,ilimpeya_culture
me_land_3096,Calen duineth,me_brown_lands_region,WILD,wilderness,0.011,me_woodman,me_northern_ways,,horses,rural_settlement,
me_land_3097,Sharad Road,me_rhun_region,RH3,place,4.951,me_sagath,me_melkorism,,wool,rural_settlement,enana_culture
me_land_3098,Kharesh Gate,me_umbar_region,UMB,place,1.679,me_umbarite,me_sauron_cult,,wool,rural_settlement,tsaukambo_culture
me_land_3099,Celon duineth,me_brown_lands_region,WILD,wilderness,0.015,me_woodman,me_northern_ways,,livestock,rural_settlement,
me_land_3100,Uldad Road,me_rhun_region,RH3,place,4.951,me_sagath,me_melkorism,,wheat,rural_settlement,emilian
me_land_3101,Dumkibil,me_grey_mountains_region,ERE,place,0.78,me_longbeard,me_mahal_cult,,wool,rural_settlement,
me_land_3102,Mahresh Gate,me_umbar_region,UMB,place,1.679,me_umbarite,me_sauron_cult,,copper,rural_settlement,tsatsaotine_culture
me_land_3103,Skainakh Camp,me_angmar_region,WILD,wilderness,0.006,me_northern_orc,me_melkorism,,wild_game,rural_settlement,
me_land_3104,Naresh Gate,me_near_harad_region,HNE,place,2.034,me_near_haradrim,me_southron_ways,,wool,rural_settlement,polesian_culture
me_land_3105,Celduinholm,me_dale_region,DAL,place,1.967,me_dalish,me_northern_ways,,livestock,rural_settlement,rhine_franconian
me_land_3106,Beeholt,me_anduin_vale_region,BEO,place,0.307,me_beorning,me_northern_ways,,wool,rural_settlement,
me_land_3107,Qasesh Gate,me_near_harad_region,UMB,place,1.679,me_umbarite,me_sauron_cult,,salt,rural_settlement,tsachila_culture
me_land_3108,Bucklandford End,me_enedwaith_region,WILD,wilderness,0.013,me_dunlending,me_dunland_ways,,wool,rural_settlement,
me_land_3109,Skarnash Camp,me_khand_region,KHA,place,1.011,me_variag,me_melkorism,,livestock,rural_settlement,
me_land_3110,Cedarford End,me_enedwaith_region,WILD,wilderness,0.015,me_dunlending,me_dunland_ways,,clay,rural_settlement,
me_land_3111,Wintercamp Sound,me_forochel_region,LOS,place,0.216,me_lossoth,me_lossoth_ways,,wild_game,rural_settlement,
me_land_3112,Nim duineth,me_brown_lands_region,WILD,wilderness,0.015,me_woodman,me_northern_ways,,clay,rural_settlement,
me_land_3113,Targash Camp,me_khand_region,KHA,place,1.011,me_variag,me_melkorism,,salt,rural_settlement,
me_land_3114,Deepford End,me_enedwaith_region,WILD,wilderness,0.013,me_dunlending,me_dunland_ways,,wheat,rural_settlement,
me_land_3115,Amon falaseth,me_brown_lands_region,WILD,wilderness,0.013,me_woodman,me_northern_ways,,wool,rural_settlement,
me_land_3116,Rakhesh Gate,me_far_harad_region,HRA,place,4.546,me_near_haradrim,me_southron_ways,,copper,rural_settlement,gothic_culture
me_land_3117,Déorholt,me_rohan_region,ROH,place,2.489,me_rohirric,me_northern_ways,,wheat,rural_settlement,minangkabau_culture
me_land_3118,Dol falaseth,me_lindon_region,LIN,place,0.093,me_sindar,me_valar_worship,,fish,rural_settlement,
me_land_3119,Eithel falaseth,me_belfalas_region,GON,place,5.473,me_gondorian,me_valar_worship,,wheat,rural_settlement,boiken_culture
me_land_3120,Sahresh Gate,me_umbar_region,UMB,place,1.679,me_umbarite,me_sauron_cult,,wool,rural_settlement,truka_culture
me_land_3121,Eorlholt,me_rohan_region,ROH,place,1.719,me_rohirric,me_northern_ways,,clay,rural_settlement,tawakoni_culture
me_land_3122,Varkash Camp,me_far_harad_region,KHA,place,1.011,me_variag,me_melkorism,,wool,rural_settlement,
me_land_3123,Emyn falaseth,me_brown_lands_region,WILD,wilderness,0.015,me_woodman,me_northern_ways,,clay,rural_settlement,
me_land_3124,Eastford End,me_enedwaith_region,WILD,wilderness,0.015,me_dunlending,me_dunland_ways,,clay,rural_settlement,
me_land_3125,Wainad Road,me_rhun_region,RHU,place,2.621,me_balchoth,me_sauron_cult,,wheat,rural_settlement,lugbara_culture
me_land_3126,Tazesh Gate,me_near_harad_region,HRA,place,4.546,me_near_haradrim,me_southron_ways,,copper,rural_settlement,gorontalo_culture
me_land_3127,Imlad falaseth,me_belfalas_region,GON,place,3.777,me_gondorian,me_valar_worship,,clay,rural_settlement,ilili_culture
me_land_3128,Umresh Gate,me_near_harad_region,UMB,place,1.679,me_umbarite,me_sauron_cult,,salt,rural_settlement,tripuri_culture
me_land_3129,Greenford End,me_anduin_vale_region,WILD,wilderness,0.015,me_woodman,me_northern_ways,,wheat,rural_settlement,
me_land_3130,Uglnakh Camp,me_anduin_vale_region,MOA,place,2.238,me_misty_orc,me_melkorism,,wool,rural_settlement,oromo_culture
me_land_3131,Zorad Road,me_rhun_region,RH3,place,4.951,me_sagath,me_melkorism,,wheat,rural_settlement,embera_culture
me_land_3132,Uruknakh Camp,me_mordor_region,MOR,place,7.563,me_mordor_orc,me_sauron_cult,,livestock,rural_settlement,anambe_culture
me_land_3133,Greyford End,me_enedwaith_region,WILD,wilderness,0.015,me_dunlending,me_dunland_ways,,wheat,rural_settlement,
me_land_3134,Longford End,me_mirkwood_region,WILD,wilderness,0.013,me_woodman,me_northern_ways,,wheat,rural_settlement,
me_land_3135,Minas falaseth,me_south_gondor_region,GON,place,0.855,me_gondorian,me_valar_worship,,livestock,rural_settlement,
me_land_3136,Zaresh Gate,me_far_harad_region,HFA,place,3.344,me_far_haradrim,me_southron_ways,,copper,rural_settlement,karachay_culture
me_land_3137,Zandash Camp,me_far_harad_region,KHA,place,1.011,me_variag,me_melkorism,,salt,rural_settlement,
me_land_3138,Balar Road,me_rhun_region,RH2,place,1.432,me_karmachi,me_melkorism,,livestock,rural_settlement,yuin_culture
me_land_3139,Azrim Gate,me_near_harad_region,UMB,place,1.679,me_umbarite,me_sauron_cult,,livestock,rural_settlement,tremembe_culture
me_land_3140,Felekkibil,me_lindon_region,BLU,place,0.351,me_firebeard_broadbeam,me_mahal_cult,,livestock,rural_settlement,
me_land_3141,Arzek Camp,me_khand_region,KHA,place,1.011,me_variag,me_melkorism,,livestock,rural_settlement,
me_land_3142,Bahrim Gate,me_umbar_region,UMB,place,1.679,me_umbarite,me_sauron_cult,,wool,rural_settlement,transylvanian
me_land_3143,Borar Road,me_rhun_region,RHU,place,2.621,me_balchoth,me_sauron_cult,,wool,rural_settlement,luchazi_culture
me_land_3144,Hollycombe,me_shire_breeland_region,WILD,wilderness,0.015,me_eriadoran,me_northern_ways,,fiber_crops,rural_settlement,
me_land_3145,Ost falaseth,me_brown_lands_region,WILD,wilderness,0.012,me_woodman,me_northern_ways,,horses,rural_settlement,
me_land_3146,Rhosgobel,me_mirkwood_region,RHO,refuge,0.3,me_woodman,me_northern_ways,,wool,town,
me_land_3147,Northford End,me_mirkwood_region,WILD,wilderness,0.013,me_woodman,me_northern_ways,,wool,rural_settlement,
me_land_3148,Folcholt,me_rohan_region,ROH,place,2.398,me_rohirric,me_northern_ways,,livestock,rural_settlement,newar_culture
me_land_3149,Taur falaseth,me_north_arnor_region,WILD,wilderness,0.015,me_eriadoran,me_northern_ways,,livestock,rural_settlement,
me_land_3150,Balkek Camp,me_far_harad_region,KHA,place,1.011,me_variag,me_melkorism,,salt,rural_settlement,
me_land_3151,Bar falaseth,me_brown_lands_region,WILD,wilderness,0.011,me_woodman,me_northern_ways,,livestock,rural_settlement,
me_land_3152,Coldfell Sound,me_northern_wastes_region,WILD,wilderness,0.013,me_lossoth,me_lossoth_ways,,livestock,rural_settlement,
me_land_3153,Calen falaseth,me_brown_lands_region,WILD,wilderness,0.015,me_woodman,me_northern_ways,,livestock,rural_settlement,
me_land_3154,Ashshak Camp,me_mordor_region,MOR,place,7.563,me_mordor_orc,me_sauron_cult,,wheat,rural_settlement,amuzgo_culture
me_land_3155,Celon falaseth,me_mirkwood_region,WOO,place,0.324,me_silvan,me_valar_worship,,clay,rural_settlement,
me_land_3156,Drazek Camp,me_far_harad_region,KHA,place,1.011,me_variag,me_melkorism,,wool,rural_settlement,
me_land_3157,Driftfell Sound,me_northern_wastes_region,WILD,wilderness,0.006,me_lossoth,me_lossoth_ways,,wild_game,rural_settlement,
me_land_3158,Oakford End,me_enedwaith_region,WILD,wilderness,0.013,me_dunlending,me_dunland_ways,,clay,rural_settlement,
me_land_3159,Azgshak Camp,me_angmar_region,WILD,wilderness,0.006,me_northern_orc,me_melkorism,,fish,rural_settlement,
me_land_3160,Southford End,me_enedwaith_region,WILD,wilderness,0.016,me_dunlending,me_dunland_ways,,wheat,rural_settlement,
me_land_3161,Stoneford End,me_enedwaith_region,WILD,wilderness,0.013,me_dunlending,me_dunland_ways,,livestock,rural_settlement,
me_land_3162,Nim falaseth,me_anorien_region,GON,place,5.473,me_gondorian,me_valar_worship,,livestock,rural_settlement,boholano_culture
me_land_3163,Amon galeneth,me_ithilien_region,WILD,wilderness,0.007,me_gondorian,me_valar_worship,,stone,rural_settlement,
me_land_3164,Blackshak Camp,me_anduin_vale_region,GOB,place,1.224,me_misty_orc,me_melkorism,,livestock,rural_settlement,
me_land_3165,Burzshak Camp,me_mirkwood_region,DOL,place,1.939,me_mordor_orc,me_sauron_cult,,livestock,rural_settlement,roon_culture
me_land_3166,Carrockholt,me_anduin_vale_region,BEO,place,0.307,me_beorning,me_northern_ways,,wool,rural_settlement,
me_land_3167,Dol galeneth,me_mirkwood_region,WOO,place,0.824,me_silvan,me_valar_worship,,clay,rural_settlement,
me_land_3168,Eithel galeneth,me_north_arnor_region,WILD,wilderness,0.015,me_eriadoran,me_northern_ways,,livestock,rural_settlement,
me_land_3169,Merrycombe,me_shire_breeland_region,WILD,wilderness,0.015,me_eriadoran,me_northern_ways,,fiber_crops,rural_settlement,
me_land_3170,Emyn galeneth,me_belfalas_region,GON,place,3.777,me_gondorian,me_valar_worship,,wool,rural_settlement,ikpeng_culture
me_land_3171,Imlad galeneth,me_brown_lands_region,WILD,wilderness,0.011,me_woodman,me_northern_ways,,livestock,rural_settlement,
me_land_3172,Westford End,me_enedwaith_region,WILD,wilderness,0.015,me_dunlending,me_dunland_ways,,wool,rural_settlement,
me_land_3173,Minas galeneth,me_lindon_region,LIN,place,0.093,me_sindar,me_valar_worship,,clay,rural_settlement,
me_land_3174,Darim Gate,me_far_harad_region,HRA,place,4.546,me_near_haradrim,me_southron_ways,,copper,rural_settlement,gooniyandi_culture
me_land_3175,Ost galeneth,me_brown_lands_region,WILD,wilderness,0.015,me_woodman,me_northern_ways,,wool,rural_settlement,
me_land_3176,Gharek Camp,me_khand_region,KHA,place,1.011,me_variag,me_melkorism,,wool,rural_settlement,
me_land_3177,Farim Gate,me_far_harad_region,HFA,place,5.583,me_far_haradrim,me_southron_ways,,wool,rural_settlement,banaro_culture
me_land_3178,Gamilkibil,me_grey_mountains_region,WILD,wilderness,0.01,me_northern_orc,me_melkorism,,wild_game,rural_settlement,
me_land_3179,Hadrim Gate,me_far_harad_region,HRA,place,4.546,me_near_haradrim,me_southron_ways,,livestock,rural_settlement,gonja
me_land_3180,Goldenholt,me_anduin_vale_region,BEO,place,0.307,me_beorning,me_northern_ways,,clay,rural_settlement,
me_land_3181,Taur galeneth,me_lindon_region,LIN,place,0.126,me_sindar,me_valar_worship,,clay,rural_settlement,
me_land_3182,Frostfell Sound,me_northern_wastes_region,WILD,wilderness,0.006,me_lossoth,me_lossoth_ways,,fish,rural_settlement,
me_land_3183,Dead Marshes,me_brown_lands_region,WILD,ruin,0,me_woodman,me_northern_ways,,wool,rural_settlement,
me_land_3184,Bar galeneth,me_belfalas_region,GON,place,5.473,me_gondorian,me_valar_worship,,wool,rural_settlement,bohan_culture
me_land_3185,Daleholm,me_rhun_region,DOR,place,1.366,me_dorwinrim,me_northern_ways,,wool,rural_settlement,
me_land_3186,Dushshak Camp,me_mordor_region,MOR,place,1.265,me_mordor_orc,me_sauron_cult,,stone,rural_settlement,
me_land_3187,Gorgoroth,me_ithilien_region,WILD,landmark,0.014,me_gondorian,me_valar_worship,,iron,rural_settlement,
me_land_3188,Ghashshak Camp,me_mordor_region,MOR,place,1.265,me_mordor_orc,me_sauron_cult,,livestock,rural_settlement,
me_land_3189,Calen galeneth,me_brown_lands_region,WILD,wilderness,0.011,me_woodman,me_northern_ways,,wheat,rural_settlement,
me_land_3190,Aldergate End,me_enedwaith_region,WILD,wilderness,0.013,me_dunlending,me_dunland_ways,,clay,rural_settlement,
me_land_3191,Celon galeneth,me_brown_lands_region,WILD,wilderness,0.015,me_woodman,me_northern_ways,,wheat,rural_settlement,
me_land_3192,Methedras,me_rohan_region,ISE,landmark,0.238,me_isengard_uruk,me_sauron_cult,,wheat,rural_settlement,
me_land_3193,Nim galeneth,me_ithilien_region,WILD,wilderness,0.007,me_gondorian,me_valar_worship,,salt,rural_settlement,
me_land_3194,Gorshak Camp,me_mordor_region,MOR,place,1.265,me_mordor_orc,me_sauron_cult,,iron,rural_settlement,
me_land_3195,Amon gondeth,me_lebennin_region,GON,place,5.473,me_gondorian,me_valar_worship,,wool,rural_settlement,boe_culture
me_land_3196,Qarsad,me_near_harad_region,HRA,city,45.414,me_near_haradrim,me_southron_ways,,livestock,city,abun_culture
me_land_3197,Dol gondeth,me_brown_lands_region,WILD,wilderness,0.011,me_woodman,me_northern_ways,,horses,rural_settlement,
me_land_3198,Ashgate End,me_enedwaith_region,DUN,place,4.105,me_dunlending,me_dunland_ways,,wool,rural_settlement,haneka_humbe
me_land_3199,Icefell Sound,me_northern_wastes_region,WILD,wilderness,0.013,me_lossoth,me_lossoth_ways,,clay,rural_settlement,
me_land_3200,Northfell Sound,me_forochel_region,LOS,place,0.031,me_lossoth,me_lossoth_ways,,wild_game,rural_settlement,
me_land_3201,Eithel gondeth,me_lebennin_region,GON,place,5.473,me_gondorian,me_valar_worship,,livestock,rural_settlement,bodo_culture
me_land_3202,Kharim Gate,me_far_harad_region,HFA,place,3.344,me_far_haradrim,me_southron_ways,,wool,rural_settlement,kaqchikel_culture
me_land_3203,Grishshak Camp,me_mordor_region,MOR,place,0.632,me_mordor_orc,me_sauron_cult,,iron,rural_settlement,
me_land_3204,Krimpshak Camp,me_mordor_region,WILD,wilderness,0.013,me_mordor_orc,me_sauron_cult,,wheat,rural_settlement,
me_land_3205,Lugshak Camp,me_mordor_region,WILD,wilderness,0.013,me_mordor_orc,me_sauron_cult,,livestock,rural_settlement,
me_land_3206,Mahrim Gate,me_near_harad_region,UMB,place,1.679,me_umbarite,me_sauron_cult,,fish,rural_settlement,towa_panka_culture
me_land_3207,Narim Gate,me_near_harad_region,HNE,place,2.034,me_near_haradrim,me_southron_ways,,livestock,rural_settlement,polatskian_culture
me_land_3208,Gathar Road,me_rhun_region,RH2,place,1.908,me_karmachi,me_melkorism,,livestock,rural_settlement,selogon_culture
me_land_3209,Emyn gondeth,me_brown_lands_region,WILD,wilderness,0.013,me_woodman,me_northern_ways,,wheat,rural_settlement,
me_land_3210,Barrowgate End,me_enedwaith_region,WILD,wilderness,0.013,me_dunlending,me_dunland_ways,,wheat,rural_settlement,
me_land_3211,Imlad gondeth,me_south_gondor_region,GON,place,1.454,me_gondorian,me_valar_worship,,livestock,rural_settlement,wogamusin_culture
me_land_3212,Mauhshak Camp,me_mordor_region,MOR,place,1.265,me_mordor_orc,me_sauron_cult,,livestock,rural_settlement,
me_land_3213,Muzgshak Camp,me_mordor_region,WILD,wilderness,0.013,me_mordor_orc,me_sauron_cult,,stone,rural_settlement,
me_land_3214,Karmar Road,me_rhun_region,RH2,place,1.432,me_karmachi,me_melkorism,,wool,rural_settlement,yugur_culture
me_land_3215,Nazgshak Camp,me_mordor_region,WILD,wilderness,0.013,me_mordor_orc,me_sauron_cult,,livestock,rural_settlement,
me_land_3216,Minas gondeth,me_ithilien_region,WILD,wilderness,0.015,me_gondorian,me_valar_worship,,clay,rural_settlement,
me_land_3217,Ost gondeth,me_belfalas_region,GON,place,5.473,me_gondorian,me_valar_worship,,wheat,rural_settlement,bodewadomik_culture
me_land_3218,Beacongate End,me_enedwaith_region,WILD,wilderness,0.013,me_dunlending,me_dunland_ways,,wool,rural_settlement,
me_land_3219,Taur gondeth,me_lindon_region,LIN,place,0.093,me_sindar,me_valar_worship,,clay,rural_settlement,
me_land_3220,Framholt,me_rohan_region,ROH,place,2.398,me_rohirric,me_northern_ways,,wool,rural_settlement,nenlhet_culture
me_land_3221,Skaishak Camp,me_mordor_region,MOR,place,1.298,me_mordor_orc,me_sauron_cult,,livestock,rural_settlement,
me_land_3222,Blackgate End,me_enedwaith_region,WILD,wilderness,0.013,me_dunlending,me_dunland_ways,,clay,rural_settlement,
me_land_3223,Palefell Sound,me_northern_wastes_region,WILD,wilderness,0.013,me_lossoth,me_lossoth_ways,,clay,rural_settlement,
me_land_3224,Qasim Gate,me_umbar_region,UMB,place,1.679,me_umbarite,me_sauron_cult,,wool,rural_settlement,touhoku_culture
me_land_3225,Bar gondeth,me_north_arnor_region,RAN,place,0.168,me_arnor_dunedain,me_valar_worship,,livestock,rural_settlement,
me_land_3226,Calen gondeth,me_belfalas_region,GON,place,3.777,me_gondorian,me_valar_worship,,wheat,rural_settlement,ikoot_culture
me_land_3227,Khurar Road,me_rhun_region,RHU,place,2.621,me_balchoth,me_sauron_cult,,livestock,rural_settlement,lucayo
me_land_3228,Eastholm,me_rhun_region,DOR,place,1.82,me_dorwinrim,me_northern_ways,,wool,rural_settlement,taaqtam_culture
me_land_3229,Kandek Camp,me_khand_region,KHA,place,1.011,me_variag,me_melkorism,,copper,rural_settlement,
me_land_3230,Lodar Road,me_rhun_region,RH3,place,4.951,me_sagath,me_melkorism,,livestock,rural_settlement,edo
me_land_3231,Sealfell Sound,me_forochel_region,LOS,place,0.031,me_lossoth,me_lossoth_ways,,fish,rural_settlement,
me_land_3232,Khazek Camp,me_far_harad_region,KHA,place,1.011,me_variag,me_melkorism,,wool,rural_settlement,
me_land_3233,Celon gondeth,me_ithilien_region,WILD,wilderness,0.015,me_gondorian,me_valar_worship,,wool,rural_settlement,
me_land_3234,Uglshak Camp,me_mordor_region,MOR,place,1.265,me_mordor_orc,me_sauron_cult,,livestock,rural_settlement,
me_land_3235,Rakhim Gate,me_near_harad_region,UMB,place,1.679,me_umbarite,me_sauron_cult,,copper,rural_settlement,tougoku_culture
me_land_3236,Snowfell Sound,me_northern_wastes_region,WILD,wilderness,0.013,me_lossoth,me_lossoth_ways,,fish,rural_settlement,
me_land_3237,Bramblegate End,me_enedwaith_region,DUN,place,4.105,me_dunlending,me_dunland_ways,,clay,rural_settlement,hamtai_culture
me_land_3238,Grimholt,me_rohan_region,ROH,place,2.398,me_rohirric,me_northern_ways,,wheat,rural_settlement,nengone_culture
me_land_3239,Narar Road,me_rhun_region,RH2,place,1.432,me_karmachi,me_melkorism,,horses,rural_settlement,yuehai_culture
me_land_3240,Rhovar Road,me_rhun_region,RH2,place,1.432,me_karmachi,me_melkorism,,livestock,rural_settlement,yue_wu_culture
me_land_3241,Starfell Sound,me_northern_wastes_region,WILD,wilderness,0.006,me_lossoth,me_lossoth_ways,,fish,rural_settlement,
me_land_3242,Khorek Camp,me_khand_region,KHA,place,1.011,me_variag,me_melkorism,,livestock,rural_settlement,
me_land_3243,Sahrim Gate,me_near_harad_region,HNE,place,2.034,me_near_haradrim,me_southron_ways,,livestock,rural_settlement,polabian
me_land_3244,Sagar Road,me_rhun_region,RHU,place,2.621,me_balchoth,me_sauron_cult,,wool,rural_settlement,luba
me_land_3245,Helmholt,me_rohan_region,ROH,place,2.399,me_rohirric,me_northern_ways,,clay,rural_settlement,nenets_culture
me_land_3246,Urukshak Camp,me_anduin_vale_region,GOB,place,1.224,me_misty_orc,me_melkorism,,livestock,rural_settlement,
me_land_3247,Esgarholm,me_dale_region,ESG,place,1.612,me_dalish,me_northern_ways,,clay,rural_settlement,wapishana_culture
me_land_3248,Kingholm,me_dale_region,ESG,place,0.437,me_dalish,me_northern_ways,,wild_game,rural_settlement,
me_land_3249,Nim gondeth,me_south_gondor_region,GON,place,0.855,me_gondorian,me_valar_worship,,livestock,rural_settlement,
me_land_3250,Amon lotheth,me_lebennin_region,GON,place,5.473,me_gondorian,me_valar_worship,,wool,rural_settlement,bobo
me_land_3251,Bucklandgate End,me_mirkwood_region,WILD,wilderness,0.013,me_woodman,me_northern_ways,,wheat,rural_settlement,
me_land_3252,Dol lotheth,me_belfalas_region,DAM,place,2.469,me_dol_amrothian,me_valar_worship,,clay,rural_settlement,mongui_culture
me_land_3253,Tazim Gate,me_umbar_region,UMB,place,1.679,me_umbarite,me_sauron_cult,,salt,rural_settlement,toubou_culture
me_land_3254,Eithel lotheth,me_anorien_region,GON,place,5.473,me_gondorian,me_valar_worship,,livestock,rural_settlement,bo_culture
me_land_3255,Sharar Road,me_rhun_region,RH2,place,1.432,me_karmachi,me_melkorism,,wool,rural_settlement,yucatec_culture
me_land_3256,Emyn lotheth,me_ithilien_region,WILD,wilderness,0.007,me_gondorian,me_valar_worship,,iron,rural_settlement,
me_land_3257,Whitefell Sound,me_northern_wastes_region,WILD,wilderness,0.006,me_lossoth,me_lossoth_ways,,wild_game,rural_settlement,
me_land_3258,Cedargate End,me_mirkwood_region,WILD,wilderness,0.013,me_woodman,me_northern_ways,,livestock,rural_settlement,
me_land_3259,Mosscombe,me_shire_breeland_region,SHI,place,2.033,me_shire_hobbit,me_northern_ways,,wool,rural_settlement,rendille_culture
me_land_3260,Imlad lotheth,me_belfalas_region,GON,place,5.473,me_gondorian,me_valar_worship,,wool,rural_settlement,blang_culture
me_land_3261,Minas lotheth,me_belfalas_region,DAM,place,2.469,me_dol_amrothian,me_valar_worship,,clay,rural_settlement,mongondow_culture
me_land_3262,Ashsnaga Camp,me_mordor_region,WILD,wilderness,0.013,me_mordor_orc,me_sauron_cult,,wheat,rural_settlement,
me_land_3263,Ost lotheth,me_brown_lands_region,WILD,wilderness,0.011,me_woodman,me_northern_ways,,wheat,rural_settlement,
me_land_3264,Taur lotheth,me_brown_lands_region,WILD,wilderness,0.012,me_woodman,me_northern_ways,,horses,rural_settlement,
me_land_3265,Ruzek Camp,me_khand_region,KHA,place,1.011,me_variag,me_melkorism,,salt,rural_settlement,
me_land_3266,Bar lotheth,me_belfalas_region,GON,place,5.473,me_gondorian,me_valar_worship,,wheat,rural_settlement,blaan_culture
me_land_3267,Mûmak Gate,me_far_harad_region,HFA,city,33.39,me_far_haradrim,me_southron_ways,,salt,city,achomawi_culture
me_land_3268,Umrim Gate,me_umbar_region,UMB,place,1.679,me_umbarite,me_sauron_cult,,copper,rural_settlement,totorame_culture
me_land_3269,Uldar Road,me_rhun_region,RHU,place,2.621,me_balchoth,me_sauron_cult,,livestock,rural_settlement,lozi_culture
me_land_3270,Azgsnaga Camp,me_mordor_region,WILD,wilderness,0.013,me_mordor_orc,me_sauron_cult,,wheat,rural_settlement,
me_land_3271,Winterfell Sound,me_northern_wastes_region,WILD,wilderness,0.013,me_lossoth,me_lossoth_ways,,fur,rural_settlement,
me_land_3272,Calen lotheth,me_lindon_region,LIN,place,0.093,me_sindar,me_valar_worship,,wool,rural_settlement,
me_land_3273,Deepgate End,me_mirkwood_region,WDM,place,0.638,me_woodman,me_northern_ways,,medicaments,rural_settlement,
me_land_3274,Coldfloe Sound,me_northern_wastes_region,WILD,wilderness,0.006,me_lossoth,me_lossoth_ways,,fish,rural_settlement,
me_land_3275,Zarim Gate,me_umbar_region,UMB,place,1.679,me_umbarite,me_sauron_cult,,copper,rural_settlement,totonac_culture
me_land_3276,Wainar Road,me_rhun_region,RH2,place,1.908,me_karmachi,me_melkorism,,wool,rural_settlement,selkup_culture
me_land_3277,Blacksnaga Camp,me_north_arnor_region,ANG,place,1.484,me_northern_orc,me_melkorism,,livestock,rural_settlement,wergaia_culture
me_land_3278,Eastgate End,me_mirkwood_region,WDM,place,2.103,me_woodman,me_northern_ways,,clay,rural_settlement,palawa_culture
me_land_3279,Burzsnaga Camp,me_mordor_region,WILD,wilderness,0.013,me_mordor_orc,me_sauron_cult,,iron,rural_settlement,
me_land_3280,Lakeholm,me_rhun_region,DOR,place,1.82,me_dorwinrim,me_northern_ways,,livestock,rural_settlement,szekely_culture
me_land_3281,Greengate End,me_enedwaith_region,WILD,wilderness,0.013,me_dunlending,me_dunland_ways,,clay,rural_settlement,
me_land_3282,Celon lotheth,me_ithilien_region,WILD,wilderness,0.016,me_gondorian,me_valar_worship,,livestock,rural_settlement,
me_land_3283,Dushsnaga Camp,me_grey_mountains_region,GUN,place,5.13,me_northern_orc,me_melkorism,,wheat,rural_settlement,dahalo_culture
me_land_3284,Longholm,me_rhun_region,DOR,place,1.82,me_dorwinrim,me_northern_ways,,wheat,rural_settlement,syriac_culture
me_land_3285,Ghashsnaga Camp,me_north_arnor_region,ANG,place,1.484,me_northern_orc,me_melkorism,,wool,rural_settlement,wenrohronon_culture
me_land_3286,Azrir Gate,me_umbar_region,UMB,place,1.679,me_umbarite,me_sauron_cult,,copper,rural_settlement,torajan_culture
me_land_3287,Nim lotheth,me_belfalas_region,GON,place,3.777,me_gondorian,me_valar_worship,,wheat,rural_settlement,ikog_culture
me_land_3288,Greygate End,me_enedwaith_region,WILD,wilderness,0.013,me_dunlending,me_dunland_ways,,livestock,rural_settlement,
me_land_3289,Driftfloe Sound,me_northern_wastes_region,WILD,wilderness,0.006,me_lossoth,me_lossoth_ways,,fish,rural_settlement,
me_land_3290,Amon morneth,me_lindon_region,LIN,place,0.126,me_sindar,me_valar_worship,,clay,rural_settlement,
me_land_3291,Dol morneth,me_ithilien_region,WILD,wilderness,0.007,me_gondorian,me_valar_worship,,iron,rural_settlement,
me_land_3292,Eithel morneth,me_lebennin_region,GON,place,5.473,me_gondorian,me_valar_worship,,clay,rural_settlement,bjarmian
me_land_3293,Frostfloe Sound,me_northern_wastes_region,WILD,wilderness,0.006,me_lossoth,me_lossoth_ways,,wild_game,rural_settlement,
me_land_3294,Zorar Road,me_rhun_region,RH3,place,4.951,me_sagath,me_melkorism,,horses,rural_settlement,eastphalian
me_land_3295,Bahrir Gate,me_umbar_region,UMB,place,1.679,me_umbarite,me_sauron_cult,,copper,rural_settlement,toquegua_culture
me_land_3296,Gorsnaga Camp,me_mordor_region,MOR,place,1.265,me_mordor_orc,me_sauron_cult,,wheat,rural_settlement,
me_land_3297,Skarnek Camp,me_khand_region,KHA,place,1.011,me_variag,me_melkorism,,salt,rural_settlement,
me_land_3298,Grishsnaga Camp,me_mordor_region,MOR,place,0.632,me_mordor_orc,me_sauron_cult,,stone,rural_settlement,
me_land_3299,Balath Road,me_rhun_region,RH2,place,1.432,me_karmachi,me_melkorism,,clay,rural_settlement,yuanga_culture
me_land_3300,Icefloe Sound,me_forochel_region,LOS,place,0.031,me_lossoth,me_lossoth_ways,,wild_game,rural_settlement,
me_land_3301,Darir Gate,me_far_harad_region,HFA,place,5.583,me_far_haradrim,me_southron_ways,,copper,rural_settlement,bamu_culture
me_land_3302,Longgate End,me_enedwaith_region,WILD,wilderness,0.013,me_dunlending,me_dunland_ways,,wheat,rural_settlement,
me_land_3303,Borath Road,me_rhun_region,RHU,place,2.621,me_balchoth,me_sauron_cult,,horses,rural_settlement,lower_saxon
me_land_3304,Northgate End,me_enedwaith_region,WILD,wilderness,0.013,me_dunlending,me_dunland_ways,,livestock,rural_settlement,
me_land_3305,Honeyholt,me_anduin_vale_region,BEO,place,0.307,me_beorning,me_northern_ways,,wheat,rural_settlement,
me_land_3306,Gathath Road,me_rhun_region,RH2,place,1.432,me_karmachi,me_melkorism,,livestock,rural_settlement,yshyr_culture
me_land_3307,Oakgate End,me_anduin_vale_region,WILD,wilderness,0.015,me_woodman,me_northern_ways,,wheat,rural_settlement,
me_land_3308,Emyn morneth,me_ithilien_region,WILD,wilderness,0.007,me_gondorian,me_valar_worship,,salt,rural_settlement,
me_land_3309,Imlad morneth,me_ithilien_region,WILD,wilderness,0.015,me_gondorian,me_valar_worship,,wheat,rural_settlement,
me_land_3310,Minas morneth,me_brown_lands_region,WILD,wilderness,0.011,me_woodman,me_northern_ways,,horses,rural_settlement,
me_land_3311,Southgate End,me_shire_breeland_region,BRE,place,0.491,me_eriadoran,me_northern_ways,,wheat,rural_settlement,
me_land_3312,Karmath Road,me_rhun_region,RHU,place,2.621,me_balchoth,me_sauron_cult,,wool,rural_settlement,lower_egyptian_culture
me_land_3313,Krimpsnaga Camp,me_mirkwood_region,DOL,place,1.939,me_mordor_orc,me_sauron_cult,,medicaments,rural_settlement,romblomanon_culture
me_land_3314,Stonegate End,me_enedwaith_region,WILD,wilderness,0.016,me_dunlending,me_dunland_ways,,wool,rural_settlement,
me_land_3315,Lugsnaga Camp,me_mordor_region,MOR,place,7.563,me_mordor_orc,me_sauron_cult,,livestock,rural_settlement,amkoe_culture
me_land_3316,Targek Camp,me_khand_region,KHA,place,1.011,me_variag,me_melkorism,,copper,rural_settlement,
me_land_3317,Varkek Camp,me_khand_region,KHA,place,1.011,me_variag,me_melkorism,,copper,rural_settlement,
me_land_3318,Ost morneth,me_enedwaith_region,RAN,place,0.168,me_arnor_dunedain,me_valar_worship,,livestock,rural_settlement,
me_land_3319,Khurath Road,me_rhun_region,RH2,place,0.975,me_karmachi,me_melkorism,,wild_game,rural_settlement,
me_land_3320,Farir Gate,me_far_harad_region,HFA,place,3.344,me_far_haradrim,me_southron_ways,,salt,rural_settlement,kapampangan_culture
me_land_3321,Westgate End,me_anduin_vale_region,WILD,wilderness,0.015,me_woodman,me_northern_ways,,livestock,rural_settlement,
me_land_3322,Taur morneth,me_south_gondor_region,GON,place,4.974,me_gondorian,me_valar_worship,,wheat,rural_settlement,danezaa_culture
me_land_3323,Emyn Arnen,me_ithilien_region,WILD,landmark,0.067,me_gondorian,me_valar_worship,,livestock,rural_settlement,
me_land_3324,Bar morneth,me_lindon_region,LIN,place,0.093,me_sindar,me_valar_worship,,clay,rural_settlement,
me_land_3325,Burh Gath,me_rhun_region,RHU,city,26.167,me_balchoth,me_sauron_cult,,horses,city,afar_culture
me_land_3326,Hadrir Gate,me_far_harad_region,HFA,place,3.344,me_far_haradrim,me_southron_ways,,wool,rural_settlement,kanum_culture
me_land_3327,Calen morneth,me_north_arnor_region,WILD,wilderness,0.015,me_eriadoran,me_northern_ways,,livestock,rural_settlement,
me_land_3328,Zandek Camp,me_far_harad_region,KHA,place,1.011,me_variag,me_melkorism,,wool,rural_settlement,
me_land_3329,Kharir Gate,me_umbar_region,UMB,place,1.679,me_umbarite,me_sauron_cult,,livestock,rural_settlement,toogee_culture
me_land_3330,Celon morneth,me_belfalas_region,GON,place,5.473,me_gondorian,me_valar_worship,,wheat,rural_settlement,bitur_culture
me_land_3331,Nim morneth,me_ithilien_region,WILD,wilderness,0.015,me_gondorian,me_valar_worship,,clay,rural_settlement,
me_land_3332,Heruholt,me_rohan_region,ROH,place,2.399,me_rohirric,me_northern_ways,,livestock,rural_settlement,nehina_culture
me_land_3333,Amon neneth,me_north_arnor_region,WILD,wilderness,0.015,me_eriadoran,me_northern_ways,,wheat,rural_settlement,
me_land_3334,Léodholt,me_rohan_region,ROH,place,1.29,me_rohirric,me_northern_ways,,wheat,rural_settlement,
me_land_3335,Alderhall End,me_enedwaith_region,WILD,wilderness,0.013,me_dunlending,me_dunland_ways,,clay,rural_settlement,
me_land_3336,Mauhsnaga Camp,me_mordor_region,WILD,wilderness,0.007,me_mordor_orc,me_sauron_cult,,stone,rural_settlement,
me_land_3337,Mahrir Gate,me_near_harad_region,HNE,place,2.034,me_near_haradrim,me_southron_ways,,livestock,rural_settlement,poitevin
me_land_3338,Muzgsnaga Camp,me_mordor_region,MOR,place,7.563,me_mordor_orc,me_sauron_cult,,wheat,rural_settlement,amhara
me_land_3339,Dol neneth,me_north_arnor_region,WILD,wilderness,0.015,me_eriadoran,me_northern_ways,,wool,rural_settlement,
me_land_3340,Eithel neneth,me_north_arnor_region,RAN,place,0.168,me_arnor_dunedain,me_valar_worship,,wheat,rural_settlement,
me_land_3341,Northfloe Sound,me_northern_wastes_region,WILD,wilderness,0.013,me_lossoth,me_lossoth_ways,,wheat,rural_settlement,
me_land_3342,Palefloe Sound,me_northern_wastes_region,WILD,wilderness,0.006,me_lossoth,me_lossoth_ways,,fish,rural_settlement,
me_land_3343,Lodath Road,me_rhun_region,RH2,place,1.432,me_karmachi,me_melkorism,,wheat,rural_settlement,yoruba
me_land_3344,Ashhall End,me_mirkwood_region,WILD,wilderness,0.013,me_woodman,me_northern_ways,,livestock,rural_settlement,
me_land_3345,Emyn neneth,me_belfalas_region,GON,place,3.777,me_gondorian,me_valar_worship,,wool,rural_settlement,ijaw
me_land_3346,Narir Gate,me_umbar_region,UMB,place,1.679,me_umbarite,me_sauron_cult,,livestock,rural_settlement,tonokote_culture
me_land_3347,Imlad neneth,me_north_arnor_region,WILD,wilderness,0.015,me_eriadoran,me_northern_ways,,clay,rural_settlement,
me_land_3348,Minas neneth,me_north_arnor_region,WILD,wilderness,0.015,me_eriadoran,me_northern_ways,,wheat,rural_settlement,
me_land_3349,Nazgsnaga Camp,me_mordor_region,MOR,place,1.265,me_mordor_orc,me_sauron_cult,,iron,rural_settlement,
me_land_3350,Qasir Gate,me_near_harad_region,HNE,place,2.034,me_near_haradrim,me_southron_ways,,livestock,rural_settlement,pohnpeian_culture
me_land_3351,Barrowhall End,me_anduin_vale_region,WILD,wilderness,0.015,me_woodman,me_northern_ways,,livestock,rural_settlement,
me_land_3352,Sealfloe Sound,me_forochel_region,LOS,place,0.031,me_lossoth,me_lossoth_ways,,wild_game,rural_settlement,
me_land_3353,Beaconhall End,me_enedwaith_region,WILD,wilderness,0.015,me_dunlending,me_dunland_ways,,wool,rural_settlement,
me_land_3354,Narath Road,me_rhun_region,RHU,place,2.621,me_balchoth,me_sauron_cult,,wool,rural_settlement,low_franconian
me_land_3355,Blackhall End,me_mirkwood_region,WILD,wilderness,0.013,me_woodman,me_northern_ways,,wool,rural_settlement,
me_land_3356,Rhovath Road,me_rhun_region,RH3,place,4.951,me_sagath,me_melkorism,,wool,rural_settlement,eastern_pomeranian
me_land_3357,Oakholt,me_anduin_vale_region,BEO,place,0.168,me_beorning,me_northern_ways,,clay,rural_settlement,
me_land_3358,Ost neneth,me_brown_lands_region,WILD,wilderness,0.015,me_woodman,me_northern_ways,,clay,rural_settlement,
me_land_3359,Taur neneth,me_mirkwood_region,WOO,place,0.325,me_silvan,me_valar_worship,,medicaments,rural_settlement,
me_land_3360,Bar neneth,me_north_arnor_region,WILD,wilderness,0.012,me_eriadoran,me_northern_ways,,wool,rural_settlement,
me_land_3361,Calen neneth,me_north_arnor_region,WILD,wilderness,0.015,me_eriadoran,me_northern_ways,,clay,rural_settlement,
me_land_3362,Rakhir Gate,me_near_harad_region,UMB,place,1.006,me_umbarite,me_sauron_cult,,livestock,rural_settlement,
me_land_3363,Snowfloe Sound,me_forochel_region,LOS,place,0.031,me_lossoth,me_lossoth_ways,,wild_game,rural_settlement,
me_land_3364,Skaisnaga Camp,me_rohan_region,ISE,place,0.238,me_isengard_uruk,me_sauron_cult,,horses,rural_settlement,
me_land_3365,Starfloe Sound,me_northern_wastes_region,WILD,wilderness,0.013,me_lossoth,me_lossoth_ways,,wool,rural_settlement,
me_land_3366,Northholm,me_rhun_region,DOR,place,1.366,me_dorwinrim,me_northern_ways,,wheat,rural_settlement,
me_land_3367,Celon neneth,me_lindon_region,LIN,place,0.093,me_sindar,me_valar_worship,,wool,rural_settlement,
me_land_3368,Nim neneth,me_north_arnor_region,WILD,wilderness,0.012,me_eriadoran,me_northern_ways,,medicaments,rural_settlement,
me_land_3369,Sahrir Gate,me_umbar_region,UMB,place,1.679,me_umbarite,me_sauron_cult,,salt,rural_settlement,tongva_culture
me_land_3370,Uglsnaga Camp,me_mordor_region,WILD,wilderness,0.013,me_mordor_orc,me_sauron_cult,,iron,rural_settlement,
me_land_3371,Arzesh Camp,me_khand_region,KHA,place,1.011,me_variag,me_melkorism,,livestock,rural_settlement,
me_land_3372,Sagath Road,me_rhun_region,RHU,place,2.621,me_balchoth,me_sauron_cult,,wheat,rural_settlement,lorrain
me_land_3373,Bramblehall End,me_enedwaith_region,WILD,wilderness,0.015,me_dunlending,me_dunland_ways,,clay,rural_settlement,
me_land_3374,Amon ratheth,me_enedwaith_region,RAN,place,0.168,me_arnor_dunedain,me_valar_worship,,clay,rural_settlement,
me_land_3375,Dol ratheth,me_anorien_region,GON,place,5.473,me_gondorian,me_valar_worship,,wool,rural_settlement,biripi_culture
me_land_3376,Eithel ratheth,me_lindon_region,LIN,place,0.093,me_sindar,me_valar_worship,,livestock,rural_settlement,
me_land_3377,Emyn ratheth,me_anorien_region,GON,place,5.473,me_gondorian,me_valar_worship,,wheat,rural_settlement,bindji
me_land_3378,Imlad ratheth,me_ithilien_region,WILD,wilderness,0.016,me_gondorian,me_valar_worship,,wheat,rural_settlement,
me_land_3379,Gatholkibil,me_lindon_region,BLU,place,0.258,me_firebeard_broadbeam,me_mahal_cult,,clay,rural_settlement,
me_land_3380,Balkesh Camp,me_far_harad_region,KHA,place,4.468,me_variag,me_melkorism,,livestock,rural_settlement,guwahiyi_culture
me_land_3381,Minas ratheth,me_north_arnor_region,WILD,wilderness,0.015,me_eriadoran,me_northern_ways,,livestock,rural_settlement,
me_land_3382,Sharath Road,me_rhun_region,RHU,place,2.621,me_balchoth,me_sauron_cult,,wool,rural_settlement,lombard
me_land_3383,Tazir Gate,me_near_harad_region,UMB,place,1.679,me_umbarite,me_sauron_cult,,copper,rural_settlement,tongtai_culture
me_land_3384,Uldath Road,me_rhun_region,RH3,place,4.951,me_sagath,me_melkorism,,wheat,rural_settlement,eastern_kru
me_land_3385,Whitefloe Sound,me_forochel_region,LOS,place,0.216,me_lossoth,me_lossoth_ways,,wild_game,rural_settlement,
me_land_3386,Bucklandhall End,me_enedwaith_region,WILD,wilderness,0.013,me_dunlending,me_dunland_ways,,wool,rural_settlement,
me_land_3387,Cedarhall End,me_enedwaith_region,WILD,wilderness,0.013,me_dunlending,me_dunland_ways,,clay,rural_settlement,
me_land_3388,Wainath Road,me_rhun_region,RHU,place,1.784,me_balchoth,me_sauron_cult,,medicaments,rural_settlement,tanimbar_culture
me_land_3389,Riverholt,me_anduin_vale_region,BEO,place,0.168,me_beorning,me_northern_ways,,wild_game,rural_settlement,
me_land_3390,Ravenholm,me_rhun_region,DOR,place,1.82,me_dorwinrim,me_northern_ways,,wheat,rural_settlement,sym_culture
me_land_3391,Ost ratheth,me_mirkwood_region,WOO,place,0.578,me_silvan,me_valar_worship,,wild_game,rural_settlement,
me_land_3392,Khazân,me_khand_region,KHA,city,10.063,me_variag,me_melkorism,,wool,city,akei_culture
me_land_3393,Umrir Gate,me_near_harad_region,HNE,place,2.034,me_near_haradrim,me_southron_ways,,wool,rural_settlement,pocumtuck_culture
me_land_3394,Taur ratheth,me_lindon_region,LIN,place,0.126,me_sindar,me_valar_worship,,wheat,rural_settlement,
me_land_3395,Deephall End,me_shire_breeland_region,BRE,place,0.491,me_eriadoran,me_northern_ways,,wool,rural_settlement,
me_land_3396,Bar ratheth,me_ithilien_region,WILD,wilderness,0.007,me_gondorian,me_valar_worship,,stone,rural_settlement,
me_land_3397,Easthall End,me_enedwaith_region,DUN,place,4.105,me_dunlending,me_dunland_ways,,wheat,rural_settlement,hambatus_culture
me_land_3398,Calen ratheth,me_brown_lands_region,WILD,wilderness,0.013,me_woodman,me_northern_ways,,wool,rural_settlement,
me_land_3399,Celon ratheth,me_ithilien_region,WILD,wilderness,0.007,me_gondorian,me_valar_worship,,iron,rural_settlement,
me_land_3400,Ridholt,me_rohan_region,ROH,place,2.399,me_rohirric,me_northern_ways,,clay,rural_settlement,neapolitan
me_land_3401,Zorath Road,me_rhun_region,RH2,place,1.432,me_karmachi,me_melkorism,,livestock,rural_settlement,yorta_yorta_culture
me_land_3402,Greenhall End,me_mirkwood_region,WDM,place,1.141,me_woodman,me_northern_ways,,wild_game,rural_settlement,
me_land_3403,Greyhall End,me_enedwaith_region,WILD,wilderness,0.013,me_dunlending,me_dunland_ways,,fish,rural_settlement,
me_land_3404,Winterfloe Sound,me_northern_wastes_region,WILD,wilderness,0.006,me_lossoth,me_lossoth_ways,,fish,rural_settlement,
me_land_3405,Nim ratheth,me_lindon_region,LIN,place,0.093,me_sindar,me_valar_worship,,livestock,rural_settlement,
me_land_3406,Amon sarneth,me_belfalas_region,GON,place,5.473,me_gondorian,me_valar_worship,,wool,rural_settlement,bindal_culture
me_land_3407,Uruksnaga Camp,me_mordor_region,MOR,place,1.265,me_mordor_orc,me_sauron_cult,,stone,rural_settlement,
me_land_3408,Zarir Gate,me_umbar_region,UMB,place,1.679,me_umbarite,me_sauron_cult,,wool,rural_settlement,tonga_oceania_culture
me_land_3409,Dol sarneth,me_belfalas_region,DAM,place,2.469,me_dol_amrothian,me_valar_worship,,wool,rural_settlement,mongolian_culture
me_land_3410,Longhall End,me_anduin_vale_region,WILD,wilderness,0.015,me_woodman,me_northern_ways,,wool,rural_settlement,
me_land_3411,Coldhaven Sound,me_northern_wastes_region,WILD,wilderness,0.006,me_lossoth,me_lossoth_ways,,fur,rural_settlement,
me_land_3412,Eithel sarneth,me_north_arnor_region,WILD,wilderness,0.013,me_eriadoran,me_northern_ways,,clay,rural_settlement,
me_land_3413,Emyn sarneth,me_north_arnor_region,RAN,place,0.168,me_arnor_dunedain,me_valar_worship,,livestock,rural_settlement,
me_land_3414,Azrun Gate,me_near_harad_region,HNE,place,2.034,me_near_haradrim,me_southron_ways,,copper,rural_settlement,pochutec_culture
me_land_3415,Ashzagh Camp,me_mordor_region,MOR,place,1.265,me_mordor_orc,me_sauron_cult,,iron,rural_settlement,
me_land_3416,Imlad sarneth,me_north_arnor_region,WILD,wilderness,0.015,me_eriadoran,me_northern_ways,,wool,rural_settlement,
me_land_3417,Minas sarneth,me_anduin_vale_region,LOR,place,1.226,me_galadhrim,me_valar_worship,,clay,rural_settlement,
me_land_3418,Ost sarneth,me_belfalas_region,GON,place,5.473,me_gondorian,me_valar_worship,,wheat,rural_settlement,binandere_culture
me_land_3419,Nutcombe,me_shire_breeland_region,WILD,wilderness,0.015,me_eriadoran,me_northern_ways,,wool,rural_settlement,
me_land_3420,Drifthaven Sound,me_forochel_region,LOS,place,0.031,me_lossoth,me_lossoth_ways,,fur,rural_settlement,
me_land_3421,Taur sarneth,me_anorien_region,GON,place,5.473,me_gondorian,me_valar_worship,,wool,rural_settlement,bima_culture
me_land_3422,Bar sarneth,me_lebennin_region,GON,place,5.473,me_gondorian,me_valar_worship,,fish,rural_settlement,bilinara_culture
me_land_3423,Calen sarneth,me_north_arnor_region,WILD,wilderness,0.015,me_eriadoran,me_northern_ways,,wool,rural_settlement,
me_land_3424,Azgzagh Camp,me_mordor_region,MOR,place,5.742,me_mordor_orc,me_sauron_cult,,stone,rural_settlement,attignawantan_culture
me_land_3425,Bahrun Gate,me_far_harad_region,HFA,place,3.344,me_far_haradrim,me_southron_ways,,copper,rural_settlement,kantakul_culture
me_land_3426,Balen Road,me_rhun_region,RH2,place,1.908,me_karmachi,me_melkorism,,wheat,rural_settlement,selknam_culture
me_land_3427,Boren Road,me_rhun_region,RH2,place,2.512,me_karmachi,me_melkorism,,wheat,rural_settlement,median
me_land_3428,Darun Gate,me_near_harad_region,HNE,place,2.034,me_near_haradrim,me_southron_ways,,wool,rural_settlement,pochegor_culture
me_land_3429,Gathen Road,me_rhun_region,RHU,place,2.621,me_balchoth,me_sauron_cult,,wheat,rural_settlement,lomari_culture
me_land_3430,Celon sarneth,me_belfalas_region,DAM,place,2.469,me_dol_amrothian,me_valar_worship,,wool,rural_settlement,moneton_culture
me_land_3431,Farun Gate,me_near_harad_region,HRA,place,4.546,me_near_haradrim,me_southron_ways,,copper,rural_settlement,gonga_culture
me_land_3432,Gundkibil,me_lindon_region,BLU,place,0.134,me_firebeard_broadbeam,me_mahal_cult,,clay,rural_settlement,
me_land_3433,Thengelholt,me_rohan_region,ROH,place,2.489,me_rohirric,me_northern_ways,,wool,rural_settlement,minahasan_culture
me_land_3434,Northhall End,me_enedwaith_region,WILD,wilderness,0.013,me_dunlending,me_dunland_ways,,wheat,rural_settlement,
me_land_3435,Nim sarneth,me_ithilien_region,WILD,wilderness,0.016,me_gondorian,me_valar_worship,,wheat,rural_settlement,
me_land_3436,Amon thoroneth,me_brown_lands_region,WILD,wilderness,0.015,me_woodman,me_northern_ways,,clay,rural_settlement,
me_land_3437,Oakhall End,me_enedwaith_region,WILD,wilderness,0.013,me_dunlending,me_dunland_ways,,wool,rural_settlement,
me_land_3438,Frosthaven Sound,me_northern_wastes_region,WILD,wilderness,0.006,me_lossoth,me_lossoth_ways,,wild_game,rural_settlement,
me_land_3439,Dol thoroneth,me_north_arnor_region,WILD,wilderness,0.013,me_eriadoran,me_northern_ways,,wool,rural_settlement,
me_land_3440,Eithel thoroneth,me_belfalas_region,GON,place,3.777,me_gondorian,me_valar_worship,,wheat,rural_settlement,igneri
me_land_3441,Blackzagh Camp,me_mordor_region,MOR,place,5.742,me_mordor_orc,me_sauron_cult,,livestock,rural_settlement,atrakwaye_culture
me_land_3442,Karmen Road,me_rhun_region,RHU,place,2.621,me_balchoth,me_sauron_cult,,horses,rural_settlement,liv
me_land_3443,Rushcombe,me_shire_breeland_region,SHI,place,2.869,me_shire_hobbit,me_northern_ways,,wheat,rural_settlement,khond_culture
me_land_3444,Emyn thoroneth,me_mirkwood_region,WOO,place,0.325,me_silvan,me_valar_worship,,medicaments,rural_settlement,
me_land_3445,Southhall End,me_enedwaith_region,WILD,wilderness,0.015,me_dunlending,me_dunland_ways,,livestock,rural_settlement,
me_land_3446,Khuren Road,me_rhun_region,RHU,place,2.621,me_balchoth,me_sauron_cult,,horses,rural_settlement,lisu_culture
me_land_3447,Rootbole,me_rohan_region,FAN,place,0.016,me_onodrim,me_eldest_ways,,wheat,rural_settlement,
me_land_3448,Imlad thoroneth,me_ithilien_region,WILD,wilderness,0.015,me_gondorian,me_valar_worship,,livestock,rural_settlement,
me_land_3449,Khazkibil,me_rhun_region,IRO,place,0.447,me_longbeard,me_mahal_cult,,wheat,rural_settlement,
me_land_3450,Hadrun Gate,me_near_harad_region,UMB,place,1.679,me_umbarite,me_sauron_cult,,wool,rural_settlement,tonga
me_land_3451,Minas thoroneth,me_north_arnor_region,WILD,wilderness,0.015,me_eriadoran,me_northern_ways,,wool,rural_settlement,
me_land_3452,Icehaven Sound,me_northern_wastes_region,WILD,wilderness,0.013,me_lossoth,me_lossoth_ways,,livestock,rural_settlement,
me_land_3453,Drazesh Camp,me_khand_region,KHA,place,1.011,me_variag,me_melkorism,,wool,rural_settlement,
me_land_3454,Stonehall End,me_anduin_vale_region,WILD,wilderness,0.015,me_woodman,me_northern_ways,,clay,rural_settlement,
me_land_3455,Ost thoroneth,me_belfalas_region,GON,place,3.777,me_gondorian,me_valar_worship,,livestock,rural_settlement,igbo
me_land_3456,Woldholt,me_rohan_region,ROH,place,2.399,me_rohirric,me_northern_ways,,horses,rural_settlement,nduke_culture
me_land_3457,Westhall End,me_mirkwood_region,WILD,wilderness,0.013,me_woodman,me_northern_ways,,livestock,rural_settlement,
me_land_3458,Gharesh Camp,me_khand_region,KHA,place,1.011,me_variag,me_melkorism,,copper,rural_settlement,
me_land_3459,Kandesh Camp,me_far_harad_region,KHA,place,1.011,me_variag,me_melkorism,,wool,rural_settlement,
me_land_3460,Taur thoroneth,me_north_arnor_region,RIV,place,0.068,me_noldor,me_valar_worship,,clay,rural_settlement,
me_land_3461,Loden Road,me_rhun_region,RHU,place,2.621,me_balchoth,me_sauron_cult,,wheat,rural_settlement,lio_culture
me_land_3462,Burzzagh Camp,me_mordor_region,MOR,place,5.742,me_mordor_orc,me_sauron_cult,,iron,rural_settlement,atoni_culture
me_land_3463,Naren Road,me_rhun_region,RH2,place,1.432,me_karmachi,me_melkorism,,livestock,rural_settlement,yongzhou_culture
me_land_3464,Northhaven Sound,me_forochel_region,LOS,place,0.031,me_lossoth,me_lossoth_ways,,fish,rural_settlement,
me_land_3465,Palehaven Sound,me_northern_wastes_region,WILD,wilderness,0.006,me_lossoth,me_lossoth_ways,,fur,rural_settlement,
me_land_3466,Bar thoroneth,me_anduin_vale_region,LOR,place,0.666,me_galadhrim,me_valar_worship,,wild_game,rural_settlement,
me_land_3467,Thistlecombe,me_shire_breeland_region,WILD,wilderness,0.015,me_eriadoran,me_northern_ways,,wheat,rural_settlement,
me_land_3468,Calen thoroneth,me_north_arnor_region,WILD,wilderness,0.015,me_eriadoran,me_northern_ways,,livestock,rural_settlement,
me_land_3469,Khazesh Camp,me_far_harad_region,KHA,place,1.011,me_variag,me_melkorism,,livestock,rural_settlement,
me_land_3470,Khoresh Camp,me_khand_region,KHA,place,1.011,me_variag,me_melkorism,,wool,rural_settlement,
me_land_3471,Kharun Gate,me_far_harad_region,HRA,place,4.546,me_near_haradrim,me_southron_ways,,salt,rural_settlement,gond
me_land_3472,Redholm,me_dale_region,ESG,place,0.875,me_dalish,me_northern_ways,,medicaments,rural_settlement,
me_land_3473,Mahrun Gate,me_near_harad_region,HRA,place,4.546,me_near_haradrim,me_southron_ways,,livestock,rural_settlement,gonaqua_culture
me_land_3474,Dushzagh Camp,me_mordor_region,WILD,wilderness,0.013,me_mordor_orc,me_sauron_cult,,stone,rural_settlement,
me_land_3475,Celon thoroneth,me_belfalas_region,GON,place,5.273,me_gondorian,me_valar_worship,,livestock,rural_settlement,curonian
me_land_3476,Ghashzagh Camp,me_mordor_region,MOR,place,5.742,me_mordor_orc,me_sauron_cult,,stone,rural_settlement,atka_culture
me_land_3477,Alderheath End,me_enedwaith_region,WILD,wilderness,0.013,me_dunlending,me_dunland_ways,,livestock,rural_settlement,
me_land_3478,Gorzagh Camp,me_north_arnor_region,ANG,place,1.484,me_northern_orc,me_melkorism,,wheat,rural_settlement,wemba_wemba_culture
me_land_3479,Nim thoroneth,me_brown_lands_region,WILD,wilderness,0.013,me_woodman,me_northern_ways,,wool,rural_settlement,
me_land_3480,Ashheath End,me_enedwaith_region,WILD,wilderness,0.013,me_dunlending,me_dunland_ways,,wool,rural_settlement,
me_land_3481,Grishzagh Camp,me_mirkwood_region,DOL,place,1.939,me_mordor_orc,me_sauron_cult,,medicaments,rural_settlement,romanyoti
me_land_3482,Willowcombe,me_shire_breeland_region,SHI,place,2.869,me_shire_hobbit,me_northern_ways,,fiber_crops,rural_settlement,khon_muang_culture
me_land_3483,Amon adarion,me_brown_lands_region,WILD,wilderness,0.013,me_woodman,me_northern_ways,,wool,rural_settlement,
me_land_3484,Barrowheath End,me_enedwaith_region,WILD,wilderness,0.013,me_dunlending,me_dunland_ways,,clay,rural_settlement,
me_land_3485,Rhoven Road,me_rhun_region,RHU,place,2.621,me_balchoth,me_sauron_cult,,horses,rural_settlement,limousin
me_land_3486,Narun Gate,me_near_harad_region,HNE,place,2.034,me_near_haradrim,me_southron_ways,,copper,rural_settlement,pitlaxa_culture
me_land_3487,Beaconheath End,me_enedwaith_region,WILD,wilderness,0.015,me_dunlending,me_dunland_ways,,wool,rural_settlement,
me_land_3488,Ruzesh Camp,me_khand_region,KHA,place,1.011,me_variag,me_melkorism,,copper,rural_settlement,
me_land_3489,Applecroft,me_shire_breeland_region,WILD,wilderness,0.015,me_eriadoran,me_northern_ways,,wool,rural_settlement,
me_land_3490,Sealhaven Sound,me_forochel_region,LOS,place,0.031,me_lossoth,me_lossoth_ways,,wild_game,rural_settlement,
me_land_3491,Dol adarion,me_belfalas_region,GON,place,3.777,me_gondorian,me_valar_worship,,wheat,rural_settlement,igala
me_land_3492,Sagen Road,me_rhun_region,RH2,place,1.432,me_karmachi,me_melkorism,,wool,rural_settlement,yombe
me_land_3493,Westholm,me_rhun_region,DOR,place,1.82,me_dorwinrim,me_northern_ways,,clay,rural_settlement,swedish
me_land_3494,Snowhaven Sound,me_northern_wastes_region,WILD,wilderness,0.006,me_lossoth,me_lossoth_ways,,fish,rural_settlement,
me_land_3495,Eithel adarion,me_belfalas_region,DAM,place,2.469,me_dol_amrothian,me_valar_worship,,wool,rural_settlement,monachi_culture
me_land_3496,Sharen Road,me_rhun_region,RHU,place,3.494,me_balchoth,me_sauron_cult,,clay,rural_settlement,kaigwu_culture
me_land_3497,Emyn adarion,me_lebennin_region,GON,place,5.473,me_gondorian,me_valar_worship,,clay,rural_settlement,bilala_culture
me_land_3498,Kheledkibil,me_lindon_region,BLU,place,0.258,me_firebeard_broadbeam,me_mahal_cult,,livestock,rural_settlement,
me_land_3499,Qasun Gate,me_near_harad_region,HNE,place,2.034,me_near_haradrim,me_southron_ways,,salt,rural_settlement,pitahwarita_culture
me_land_3500,Imlad adarion,me_lebennin_region,GON,place,5.473,me_gondorian,me_valar_worship,,wheat,rural_settlement,bife_culture
me_land_3501,Rammas Echor,me_ithilien_region,WILD,ruin,0,me_gondorian,me_valar_worship,,wool,rural_settlement,
me_land_3502,Minas adarion,me_north_arnor_region,WILD,wilderness,0.015,me_eriadoran,me_northern_ways,,wheat,rural_settlement,
me_land_3503,Ulden Road,me_rhun_region,RHU,place,2.621,me_balchoth,me_sauron_cult,,wheat,rural_settlement,limilngan_culture
me_land_3504,Aldmere,me_rohan_region,ROH,place,2.399,me_rohirric,me_northern_ways,,horses,rural_settlement,ndrumbea_culture
me_land_3505,Ost adarion,me_brown_lands_region,WILD,wilderness,0.011,me_woodman,me_northern_ways,,livestock,rural_settlement,
me_land_3506,Wainen Road,me_rhun_region,RHU,place,2.621,me_balchoth,me_sauron_cult,,wool,rural_settlement,limbu_culture
me_land_3507,Blackheath End,me_anduin_vale_region,WILD,wilderness,0.015,me_woodman,me_northern_ways,,wool,rural_settlement,
me_land_3508,Krimpzagh Camp,me_mordor_region,WILD,wilderness,0.013,me_mordor_orc,me_sauron_cult,,wheat,rural_settlement,
me_land_3509,Ambermark,me_rhun_region,DOR,place,1.366,me_dorwinrim,me_northern_ways,,wool,rural_settlement,
me_land_3510,Rakhun Gate,me_far_harad_region,HFA,place,3.344,me_far_haradrim,me_southron_ways,,livestock,rural_settlement,kansa_culture
me_land_3511,Brambleheath End,me_anduin_vale_region,WILD,wilderness,0.015,me_woodman,me_northern_ways,,wool,rural_settlement,
me_land_3512,Bucklandheath End,me_mirkwood_region,WDM,place,1.141,me_woodman,me_northern_ways,,wild_game,rural_settlement,
me_land_3513,Bramblecroft,me_shire_breeland_region,SHI,place,2.869,me_shire_hobbit,me_northern_ways,,fiber_crops,rural_settlement,khoemana_culture
me_land_3514,Taur adarion,me_north_arnor_region,WILD,wilderness,0.015,me_eriadoran,me_northern_ways,,clay,rural_settlement,
me_land_3515,Bar adarion,me_north_arnor_region,WILD,wilderness,0.015,me_eriadoran,me_northern_ways,,wheat,rural_settlement,
me_land_3516,Calen adarion,me_belfalas_region,DAM,place,0.388,me_dol_amrothian,me_valar_worship,,wool,rural_settlement,
me_land_3517,Zoren Road,me_rhun_region,RH2,place,1.432,me_karmachi,me_melkorism,,horses,rural_settlement,yolngu_culture
me_land_3518,Balod Road,me_rhun_region,RHU,place,2.621,me_balchoth,me_sauron_cult,,livestock,rural_settlement,lillooet_culture
me_land_3519,Celon adarion,me_anduin_vale_region,LOR,place,1.226,me_galadhrim,me_valar_worship,,wool,rural_settlement,
me_land_3520,Nim adarion,me_north_arnor_region,WILD,wilderness,0.015,me_eriadoran,me_northern_ways,,wool,rural_settlement,
me_land_3521,Lugzagh Camp,me_mordor_region,WILD,wilderness,0.013,me_mordor_orc,me_sauron_cult,,livestock,rural_settlement,
me_land_3522,Skarnesh Camp,me_khand_region,KHA,place,1.011,me_variag,me_melkorism,,salt,rural_settlement,
me_land_3523,Borod Road,me_rhun_region,RHU,place,2.621,me_balchoth,me_sauron_cult,,livestock,rural_settlement,ligurian
me_land_3524,Starhaven Sound,me_northern_wastes_region,WILD,wilderness,0.013,me_lossoth,me_lossoth_ways,,clay,rural_settlement,
me_land_3525,Mauhzagh Camp,me_mordor_region,MOR,place,7.563,me_mordor_orc,me_sauron_cult,,livestock,rural_settlement,amdowa_culture
me_land_3526,Gathod Road,me_rhun_region,RH3,place,4.951,me_sagath,me_melkorism,,livestock,rural_settlement,eastern_amazigh
me_land_3527,Whitehaven Sound,me_northern_wastes_region,WILD,wilderness,0.006,me_lossoth,me_lossoth_ways,,fish,rural_settlement,
me_land_3528,Muzgzagh Camp,me_north_arnor_region,ANG,place,1.084,me_northern_orc,me_melkorism,,wool,rural_settlement,
me_land_3529,Sahrun Gate,me_near_harad_region,HNE,place,2.034,me_near_haradrim,me_southron_ways,,copper,rural_settlement,pitaguary_culture
me_land_3530,Cedarheath End,me_anduin_vale_region,WILD,wilderness,0.015,me_woodman,me_northern_ways,,clay,rural_settlement,
me_land_3531,Nazgzagh Camp,me_angmar_region,ANG,place,0.138,me_northern_orc,me_melkorism,,fish,rural_settlement,
me_land_3532,Targesh Camp,me_khand_region,KHA,place,1.011,me_variag,me_melkorism,,salt,rural_settlement,
me_land_3533,Amon aelion,me_north_arnor_region,WILD,wilderness,0.015,me_eriadoran,me_northern_ways,,wool,rural_settlement,
me_land_3534,Dol aelion,me_belfalas_region,GON,place,3.777,me_gondorian,me_valar_worship,,clay,rural_settlement,ifugao_culture
me_land_3535,Tazun Gate,me_near_harad_region,HNE,place,2.034,me_near_haradrim,me_southron_ways,,copper,rural_settlement,piscataway_culture
me_land_3536,Skaizagh Camp,me_north_arnor_region,ANG,place,1.484,me_northern_orc,me_melkorism,,wheat,rural_settlement,welsh
me_land_3537,Deepheath End,me_enedwaith_region,DUN,place,4.105,me_dunlending,me_dunland_ways,,clay,rural_settlement,halychian_culture
me_land_3538,Eithel aelion,me_north_arnor_region,WILD,wilderness,0.015,me_eriadoran,me_northern_ways,,wool,rural_settlement,
me_land_3539,Umrun Gate,me_near_harad_region,HRA,place,4.546,me_near_haradrim,me_southron_ways,,wool,rural_settlement,gola
me_land_3540,Zarun Gate,me_near_harad_region,UMB,place,1.679,me_umbarite,me_sauron_cult,,copper,rural_settlement,tonala_culture
me_land_3541,Azrur Gate,me_near_harad_region,UMB,place,1.679,me_umbarite,me_sauron_cult,,wool,rural_settlement,tomini_culture
me_land_3542,Emyn aelion,me_north_arnor_region,WILD,wilderness,0.015,me_eriadoran,me_northern_ways,,wool,rural_settlement,
me_land_3543,Bahrur Gate,me_near_harad_region,HNE,place,2.034,me_near_haradrim,me_southron_ways,,copper,rural_settlement,pipil_culture
me_land_3544,Imlad aelion,me_ithilien_region,WILD,wilderness,0.007,me_gondorian,me_valar_worship,,salt,rural_settlement,
me_land_3545,Karmod Road,me_rhun_region,RH3,place,4.951,me_sagath,me_melkorism,,wheat,rural_settlement,eastern_abenaki_culture
me_land_3546,Winterhaven Sound,me_forochel_region,LOS,place,0.031,me_lossoth,me_lossoth_ways,,fur,rural_settlement,
me_land_3547,Eastheath End,me_mirkwood_region,WILD,wilderness,0.013,me_woodman,me_northern_ways,,livestock,rural_settlement,
me_land_3548,Coldmere Sound,me_forochel_region,LOS,place,0.031,me_lossoth,me_lossoth_ways,,fish,rural_settlement,
me_land_3549,Khurod Road,me_rhun_region,RH2,place,1.908,me_karmachi,me_melkorism,,livestock,rural_settlement,sekani_culture
me_land_3550,Darur Gate,me_umbar_region,UMB,place,1.679,me_umbarite,me_sauron_cult,,salt,rural_settlement,tolupan_culture
me_land_3551,Beormere,me_rohan_region,ROH,place,2.399,me_rohirric,me_northern_ways,,livestock,rural_settlement,ndom_culture
me_land_3552,Farur Gate,me_far_harad_region,HFA,place,3.344,me_far_haradrim,me_southron_ways,,wool,rural_settlement,kannauji
me_land_3553,Uglzagh Camp,me_mordor_region,WILD,wilderness,0.013,me_mordor_orc,me_sauron_cult,,livestock,rural_settlement,
me_land_3554,Minas aelion,me_ithilien_region,WILD,wilderness,0.016,me_gondorian,me_valar_worship,,livestock,rural_settlement,
me_land_3555,Ost aelion,me_north_arnor_region,WILD,wilderness,0.015,me_eriadoran,me_northern_ways,,wool,rural_settlement,
me_land_3556,Greenheath End,me_enedwaith_region,WILD,wilderness,0.013,me_dunlending,me_dunland_ways,,clay,rural_settlement,
me_land_3557,Driftmere Sound,me_northern_wastes_region,WILD,wilderness,0.006,me_lossoth,me_lossoth_ways,,fish,rural_settlement,
me_land_3558,Frostmere Sound,me_northern_wastes_region,WILD,wilderness,0.006,me_lossoth,me_lossoth_ways,,fish,rural_settlement,
me_land_3559,Urukzagh Camp,me_mordor_region,WILD,wilderness,0.013,me_mordor_orc,me_sauron_cult,,livestock,rural_settlement,
me_land_3560,Bregomere,me_rohan_region,ROH,place,2.399,me_rohirric,me_northern_ways,,clay,rural_settlement,nawu_culture
me_land_3561,Taur aelion,me_south_gondor_region,GON,place,0.855,me_gondorian,me_valar_worship,,salt,rural_settlement,
me_land_3562,Bar aelion,me_brown_lands_region,WILD,wilderness,0.011,me_woodman,me_northern_ways,,wool,rural_settlement,
me_land_3563,Ashbag Cleft,me_mordor_region,WILD,wilderness,0.013,me_mordor_orc,me_sauron_cult,,stone,rural_settlement,
me_land_3564,Calen aelion,me_belfalas_region,GON,place,3.777,me_gondorian,me_valar_worship,,fish,rural_settlement,idoma
me_land_3565,Celon aelion,me_lindon_region,LIN,place,0.093,me_sindar,me_valar_worship,,wheat,rural_settlement,
me_land_3566,Ceorlmere,me_rohan_region,ROH,place,1.29,me_rohirric,me_northern_ways,,livestock,rural_settlement,
me_land_3567,Hadrur Gate,me_far_harad_region,HRA,place,4.546,me_near_haradrim,me_southron_ways,,salt,rural_settlement,gogodala_culture
me_land_3568,Kharur Gate,me_far_harad_region,HNE,place,2.034,me_near_haradrim,me_southron_ways,,livestock,rural_settlement,pima_culture
me_land_3569,Icemere Sound,me_northern_wastes_region,WILD,wilderness,0.006,me_lossoth,me_lossoth_ways,,fish,rural_settlement,
me_land_3570,Lodod Road,me_rhun_region,RHU,place,3.494,me_balchoth,me_sauron_cult,,clay,rural_settlement,kaialig_culture
me_land_3571,Nim aelion,me_ithilien_region,WILD,wilderness,0.007,me_gondorian,me_valar_worship,,salt,rural_settlement,
me_land_3572,Greyheath End,me_enedwaith_region,WILD,wilderness,0.015,me_dunlending,me_dunland_ways,,wheat,rural_settlement,
me_land_3573,Amon annonion,me_brown_lands_region,WILD,wilderness,0.015,me_woodman,me_northern_ways,,clay,rural_settlement,
me_land_3574,Azgbag Cleft,me_north_arnor_region,ANG,place,1.484,me_northern_orc,me_melkorism,,wool,rural_settlement,wea_culture
me_land_3575,Dol annonion,me_brown_lands_region,WILD,wilderness,0.015,me_woodman,me_northern_ways,,clay,rural_settlement,
me_land_3576,Eithel annonion,me_belfalas_region,GON,place,3.777,me_gondorian,me_valar_worship,,clay,rural_settlement,icelandic
me_land_3577,Emyn annonion,me_north_arnor_region,WILD,wilderness,0.012,me_eriadoran,me_northern_ways,,clay,rural_settlement,
me_land_3578,Blackbag Cleft,me_mordor_region,WILD,wilderness,0.013,me_mordor_orc,me_sauron_cult,,iron,rural_settlement,
me_land_3579,Burzbag Cleft,me_mordor_region,MOR,place,7.563,me_mordor_orc,me_sauron_cult,,stone,rural_settlement,ambundu
me_land_3580,Narod Road,me_rhun_region,RHU,place,2.621,me_balchoth,me_sauron_cult,,wool,rural_settlement,licanantay_culture
me_land_3581,Dushbag Cleft,me_north_arnor_region,ANG,place,1.484,me_northern_orc,me_melkorism,,wheat,rural_settlement,wayuu_culture
me_land_3582,Ghashbag Cleft,me_angmar_region,WILD,wilderness,0.006,me_northern_orc,me_melkorism,,wild_game,rural_settlement,
me_land_3583,Mahrur Gate,me_umbar_region,UMB,place,1.679,me_umbarite,me_sauron_cult,,copper,rural_settlement,toltec_culture
me_land_3584,Imlad annonion,me_brown_lands_region,WILD,wilderness,0.011,me_woodman,me_northern_ways,,horses,rural_settlement,
me_land_3585,Gorbag Cleft,me_anduin_vale_region,MOA,place,2.376,me_misty_orc,me_melkorism,,wheat,rural_settlement,onondowaga_culture
me_land_3586,Rhovod Road,me_rhun_region,RH3,place,4.951,me_sagath,me_melkorism,,wheat,rural_settlement,east_franconian
me_land_3587,Narur Gate,me_near_harad_region,HNE,place,2.034,me_near_haradrim,me_southron_ways,,livestock,rural_settlement,pikumche_culture
me_land_3588,Longheath End,me_mirkwood_region,WILD,wilderness,0.013,me_woodman,me_northern_ways,,clay,rural_settlement,
me_land_3589,Northheath End,me_enedwaith_region,WILD,wilderness,0.015,me_dunlending,me_dunland_ways,,wool,rural_settlement,
me_land_3590,Oakheath End,me_enedwaith_region,WILD,wilderness,0.013,me_dunlending,me_dunland_ways,,clay,rural_settlement,
me_land_3591,Varkesh Camp,me_far_harad_region,KHA,place,1.011,me_variag,me_melkorism,,wool,rural_settlement,
me_land_3592,Browncroft,me_shire_breeland_region,WILD,wilderness,0.015,me_eriadoran,me_northern_ways,,wool,rural_settlement,
me_land_3593,Sagod Road,me_rhun_region,RHU,place,2.621,me_balchoth,me_sauron_cult,,wool,rural_settlement,libyan_arabic_culture
me_land_3594,Qasur Gate,me_near_harad_region,HNE,place,2.034,me_near_haradrim,me_southron_ways,,wool,rural_settlement,pijao_culture
me_land_3595,Sharod Road,me_rhun_region,RH2,place,1.908,me_karmachi,me_melkorism,,wheat,rural_settlement,sedang_culture
me_land_3596,Southheath End,me_anduin_vale_region,WILD,wilderness,0.01,me_woodman,me_northern_ways,,wool,rural_settlement,
me_land_3597,Déormere,me_rohan_region,ROH,place,2.399,me_rohirric,me_northern_ways,,clay,rural_settlement,natugu_culture
me_land_3598,Northmere Sound,me_northern_wastes_region,WILD,wilderness,0.006,me_lossoth,me_lossoth_ways,,fish,rural_settlement,
me_land_3599,Minas annonion,me_mirkwood_region,WOO,place,0.325,me_silvan,me_valar_worship,,wool,rural_settlement,
me_land_3600,Zandesh Camp,me_far_harad_region,KHA,place,1.011,me_variag,me_melkorism,,salt,rural_settlement,
me_land_3601,Stoneheath End,me_mirkwood_region,WDM,place,0.639,me_woodman,me_northern_ways,,wool,rural_settlement,
me_land_3602,Westheath End,me_mirkwood_region,WDM,place,2.103,me_woodman,me_northern_ways,,wool,rural_settlement,palaung_culture
me_land_3603,Uldod Road,me_rhun_region,RH3,place,4.951,me_sagath,me_melkorism,,wheat,rural_settlement,dyula
me_land_3604,Aldermere End,me_enedwaith_region,WILD,wilderness,0.013,me_dunlending,me_dunland_ways,,livestock,rural_settlement,
me_land_3605,Ost-in-Edhil,me_enedwaith_region,WILD,ruin,0,me_dunlending,me_dunland_ways,,wool,rural_settlement,
me_land_3606,Ost annonion,me_brown_lands_region,WILD,wilderness,0.015,me_woodman,me_northern_ways,,clay,rural_settlement,
me_land_3607,Rakhur Gate,me_umbar_region,UMB,place,1.006,me_umbarite,me_sauron_cult,,copper,rural_settlement,
me_land_3608,Sahrur Gate,me_far_harad_region,HRA,place,4.546,me_near_haradrim,me_southron_ways,,livestock,rural_settlement,godala_culture
me_land_3609,Taur annonion,me_brown_lands_region,WILD,wilderness,0.013,me_woodman,me_northern_ways,,livestock,rural_settlement,
me_land_3610,Wainod Road,me_rhun_region,RHU,place,2.621,me_balchoth,me_sauron_cult,,wheat,rural_settlement,liaodong_culture
me_land_3611,Arzor Camp,me_khand_region,KHA,place,1.011,me_variag,me_melkorism,,livestock,rural_settlement,
me_land_3612,Bar annonion,me_belfalas_region,GON,place,3.777,me_gondorian,me_valar_worship,,wool,rural_settlement,ibanag_culture
me_land_3613,Calen annonion,me_mirkwood_region,WOO,place,0.325,me_silvan,me_valar_worship,,medicaments,rural_settlement,
me_land_3614,Palemere Sound,me_northern_wastes_region,WILD,wilderness,0.013,me_lossoth,me_lossoth_ways,,clay,rural_settlement,
me_land_3615,Sealmere Sound,me_forochel_region,LOS,place,0.031,me_lossoth,me_lossoth_ways,,fur,rural_settlement,
me_land_3616,Celon annonion,me_belfalas_region,GON,place,5.473,me_gondorian,me_valar_worship,,clay,rural_settlement,bidwell_culture
me_land_3617,Nim annonion,me_lindon_region,LIN,place,0.093,me_sindar,me_valar_worship,,livestock,rural_settlement,
me_land_3618,Amon belion,me_south_gondor_region,GON,place,0.833,me_gondorian,me_valar_worship,,salt,rural_settlement,
me_land_3619,Tazur Gate,me_near_harad_region,HNE,place,2.034,me_near_haradrim,me_southron_ways,,salt,rural_settlement,piipaash_culture
me_land_3620,Zorod Road,me_rhun_region,RH2,place,2.512,me_karmachi,me_melkorism,,clay,rural_settlement,mebengokre_culture
me_land_3621,Ashmere End,me_anduin_vale_region,WILD,wilderness,0.015,me_woodman,me_northern_ways,,wool,rural_settlement,
me_land_3622,Barrowmere End,me_anduin_vale_region,WILD,wilderness,0.015,me_woodman,me_northern_ways,,wool,rural_settlement,
me_land_3623,Umrur Gate,me_far_harad_region,HRA,place,4.546,me_near_haradrim,me_southron_ways,,livestock,rural_settlement,giya_culture
me_land_3624,Buttercroft,me_shire_breeland_region,WILD,wilderness,0.015,me_eriadoran,me_northern_ways,,fiber_crops,rural_settlement,
me_land_3625,Dol belion,me_brown_lands_region,WILD,wilderness,0.011,me_woodman,me_northern_ways,,livestock,rural_settlement,
me_land_3626,Eithel belion,me_brown_lands_region,WILD,wilderness,0.011,me_woodman,me_northern_ways,,wool,rural_settlement,
me_land_3627,Emyn belion,me_ithilien_region,WILD,wilderness,0.007,me_gondorian,me_valar_worship,,stone,rural_settlement,
me_land_3628,Bardmark,me_rhun_region,DOR,place,1.82,me_dorwinrim,me_northern_ways,,livestock,rural_settlement,swahili_culture
me_land_3629,Grishbag Cleft,me_mordor_region,WILD,wilderness,0.013,me_mordor_orc,me_sauron_cult,,wheat,rural_settlement,
me_land_3630,Eorlmere,me_rohan_region,ROH,place,2.399,me_rohirric,me_northern_ways,,horses,rural_settlement,natchez_culture
me_land_3631,Balor Road,me_rhun_region,RHU,place,2.621,me_balchoth,me_sauron_cult,,horses,rural_settlement,liang_culture
me_land_3632,Beaconmere End,me_enedwaith_region,WILD,wilderness,0.013,me_dunlending,me_dunland_ways,,clay,rural_settlement,
me_land_3633,Imlad belion,me_belfalas_region,GON,place,3.777,me_gondorian,me_valar_worship,,wheat,rural_settlement,iban_culture
me_land_3634,Zarur Gate,me_umbar_region,UMB,place,1.679,me_umbarite,me_sauron_cult,,copper,rural_settlement,tolowa_culture
me_land_3635,Blackmere End,me_mirkwood_region,WILD,wilderness,0.011,me_woodman,me_northern_ways,,horses,rural_settlement,
me_land_3636,Bramblemere End,me_enedwaith_region,WILD,wilderness,0.013,me_dunlending,me_dunland_ways,,livestock,rural_settlement,
me_land_3637,Boror Road,me_rhun_region,RHU,place,1.784,me_balchoth,me_sauron_cult,,wild_game,rural_settlement,tani_culture
me_land_3638,Gathor Road,me_rhun_region,RH2,place,1.908,me_karmachi,me_melkorism,,livestock,rural_settlement,scottish
me_land_3639,Minas belion,me_brown_lands_region,WILD,wilderness,0.015,me_woodman,me_northern_ways,,livestock,rural_settlement,
me_land_3640,Krimpbag Cleft,me_enedwaith_region,ISE,place,0.238,me_isengard_uruk,me_sauron_cult,,wheat,rural_settlement,
me_land_3641,Bucklandmere End,me_enedwaith_region,DUN,place,5.732,me_dunlending,me_dunland_ways,,clay,rural_settlement,baiyungu_culture
me_land_3642,Ost belion,me_brown_lands_region,WILD,wilderness,0.011,me_woodman,me_northern_ways,,wheat,rural_settlement,
me_land_3643,Karmor Road,me_rhun_region,RH3,place,4.951,me_sagath,me_melkorism,,horses,rural_settlement,dusun_culture
me_land_3644,Taur belion,me_belfalas_region,GON,place,3.777,me_gondorian,me_valar_worship,,clay,rural_settlement,ibaloi_culture
me_land_3645,Cedarmere End,me_enedwaith_region,WILD,wilderness,0.013,me_dunlending,me_dunland_ways,,wool,rural_settlement,
me_land_3646,Deepmere End,me_enedwaith_region,WILD,wilderness,0.013,me_dunlending,me_dunland_ways,,wheat,rural_settlement,
me_land_3647,Lugbag Cleft,me_mordor_region,MOR,place,7.563,me_mordor_orc,me_sauron_cult,,livestock,rural_settlement,ambrym_culture
me_land_3648,Bellmark,me_rhun_region,DOR,place,1.366,me_dorwinrim,me_northern_ways,,wool,rural_settlement,
me_land_3649,Bar belion,me_mirkwood_region,WOO,place,0.578,me_silvan,me_valar_worship,,medicaments,rural_settlement,
me_land_3650,Khuror Road,me_rhun_region,RH2,place,1.432,me_karmachi,me_melkorism,,livestock,rural_settlement,yoli_culture
me_land_3651,Mauhbag Cleft,me_mordor_region,MOR,place,1.265,me_mordor_orc,me_sauron_cult,,livestock,rural_settlement,
me_land_3652,Lodor Road,me_rhun_region,RH3,place,4.951,me_sagath,me_melkorism,,horses,rural_settlement,dunezza_culture
me_land_3653,Naror Road,me_rhun_region,RHU,place,3.494,me_balchoth,me_sauron_cult,,clay,rural_settlement,kahokiaki_culture
me_land_3654,Bowmark,me_dale_region,DAL,place,2.849,me_dalish,me_northern_ways,,wool,rural_settlement,konbudj_culture
me_land_3655,Balkor Camp,me_khand_region,KHA,place,1.011,me_variag,me_melkorism,,copper,rural_settlement,
me_land_3656,Calen belion,me_north_arnor_region,WILD,wilderness,0.015,me_eriadoran,me_northern_ways,,wool,rural_settlement,
me_land_3657,Rhovor Road,me_rhun_region,RH2,place,1.432,me_karmachi,me_melkorism,,wool,rural_settlement,yjxa_culture
me_land_3658,Sagor Road,me_rhun_region,RH3,place,4.951,me_sagath,me_melkorism,,horses,rural_settlement,duau_culture
me_land_3659,Nargkibil,me_grey_mountains_region,ERE,place,1.435,me_longbeard,me_mahal_cult,,wool,rural_settlement,wunumara_culture
me_land_3660,Celon belion,me_belfalas_region,GON,place,3.777,me_gondorian,me_valar_worship,,livestock,rural_settlement,i_kiribati_culture
me_land_3661,Muzgbag Cleft,me_mordor_region,MOR,place,1.265,me_mordor_orc,me_sauron_cult,,livestock,rural_settlement,
me_land_3662,Eastmere End,me_anduin_vale_region,WILD,wilderness,0.015,me_woodman,me_northern_ways,,clay,rural_settlement,
me_land_3663,Nim belion,me_ithilien_region,WILD,wilderness,0.015,me_gondorian,me_valar_worship,,wheat,rural_settlement,
me_land_3664,Greenmere End,me_enedwaith_region,WILD,wilderness,0.013,me_dunlending,me_dunland_ways,,livestock,rural_settlement,
me_land_3665,Nazgbag Cleft,me_anduin_vale_region,MOA,place,2.238,me_misty_orc,me_melkorism,,wool,rural_settlement,orokaiva_culture
me_land_3666,Drazor Camp,me_khand_region,KHA,place,1.011,me_variag,me_melkorism,,salt,rural_settlement,
me_land_3667,Greymere End,me_anduin_vale_region,WILD,wilderness,0.015,me_woodman,me_northern_ways,,wheat,rural_settlement,
me_land_3668,Snowmere Sound,me_northern_wastes_region,WILD,wilderness,0.006,me_lossoth,me_lossoth_ways,,wild_game,rural_settlement,
me_land_3669,Azrabad Oasis,me_far_harad_region,HRA,place,4.546,me_near_haradrim,me_southron_ways,,copper,rural_settlement,giraiwurung_culture
me_land_3670,Sharor Road,me_rhun_region,RHU,place,2.621,me_balchoth,me_sauron_cult,,horses,rural_settlement,lezgin_culture
me_land_3671,Longmere End,me_mirkwood_region,WDM,place,2.103,me_woodman,me_northern_ways,,wool,rural_settlement,paiter_culture
me_land_3672,Gharor Camp,me_far_harad_region,KHA,place,1.011,me_variag,me_melkorism,,copper,rural_settlement,
me_land_3673,Amon bornion,me_brown_lands_region,WILD,wilderness,0.011,me_woodman,me_northern_ways,,wheat,rural_settlement,
me_land_3674,Clovercroft,me_shire_breeland_region,SHI,place,2.869,me_shire_hobbit,me_northern_ways,,fiber_crops,rural_settlement,khmu_culture
me_land_3675,Celduinmark,me_dale_region,ESG,place,0.875,me_dalish,me_northern_ways,,medicaments,rural_settlement,
me_land_3676,Skaibag Cleft,me_mordor_region,WILD,wilderness,0.013,me_mordor_orc,me_sauron_cult,,stone,rural_settlement,
me_land_3677,Uglbag Cleft,me_anduin_vale_region,MOA,place,2.376,me_misty_orc,me_melkorism,,wheat,rural_settlement,onondagega_culture
me_land_3678,Uldor Road,me_rhun_region,RHU,place,2.621,me_balchoth,me_sauron_cult,,livestock,rural_settlement,lewo_culture
me_land_3679,Wainor Road,me_rhun_region,RH2,place,1.432,me_karmachi,me_melkorism,,horses,rural_settlement,yitha_yitha_culture
me_land_3680,Folcmere,me_rohan_region,ROH,place,2.399,me_rohirric,me_northern_ways,,wheat,rural_settlement,naso_culture
me_land_3681,Dol bornion,me_lindon_region,LIN,place,0.05,me_sindar,me_valar_worship,,clay,rural_settlement,
me_land_3682,Bahrabad Oasis,me_near_harad_region,HRA,place,4.546,me_near_haradrim,me_southron_ways,,livestock,rural_settlement,gilak_culture
me_land_3683,Darabad Oasis,me_umbar_region,UMB,place,1.679,me_umbarite,me_sauron_cult,,salt,rural_settlement,tolomako_culture
me_land_3684,Northmere End,me_enedwaith_region,WILD,wilderness,0.013,me_dunlending,me_dunland_ways,,wheat,rural_settlement,
me_land_3685,Kandor Camp,me_khand_region,KHA,place,1.011,me_variag,me_melkorism,,copper,rural_settlement,
me_land_3686,Starmere Sound,me_northern_wastes_region,WILD,wilderness,0.006,me_lossoth,me_lossoth_ways,,fur,rural_settlement,
me_land_3687,Eithel bornion,me_belfalas_region,GON,place,3.777,me_gondorian,me_valar_worship,,clay,rural_settlement,hurga_culture
me_land_3688,Oakmere End,me_enedwaith_region,WILD,wilderness,0.013,me_dunlending,me_dunland_ways,,livestock,rural_settlement,
me_land_3689,Zoror Road,me_rhun_region,RHU,place,2.621,me_balchoth,me_sauron_cult,,horses,rural_settlement,levantine_culture
me_land_3690,Emyn bornion,me_mirkwood_region,WOO,place,0.578,me_silvan,me_valar_worship,,wild_game,rural_settlement,
me_land_3691,Imlad bornion,me_ithilien_region,WILD,wilderness,0.007,me_gondorian,me_valar_worship,,salt,rural_settlement,
me_land_3692,Minas bornion,me_belfalas_region,GON,place,3.777,me_gondorian,me_valar_worship,,wool,rural_settlement,hupe_culture
me_land_3693,Ost bornion,me_brown_lands_region,WILD,wilderness,0.011,me_woodman,me_northern_ways,,wheat,rural_settlement,
me_land_3694,Urukbag Cleft,me_enedwaith_region,ISE,place,0.238,me_isengard_uruk,me_sauron_cult,,clay,rural_settlement,
me_land_3695,Ashburz Cleft,me_mordor_region,WILD,wilderness,0.007,me_mordor_orc,me_sauron_cult,,livestock,rural_settlement,
me_land_3696,Khazor Camp,me_khand_region,KHA,place,1.011,me_variag,me_melkorism,,copper,rural_settlement,
me_land_3697,Whitemere Sound,me_northern_wastes_region,WILD,wilderness,0.011,me_lossoth,me_lossoth_ways,,wheat,rural_settlement,
me_land_3698,Balun Road,me_rhun_region,RH2,place,1.432,me_karmachi,me_melkorism,,wool,rural_settlement,yirandali_culture
me_land_3699,Wintermere Sound,me_forochel_region,LOS,place,0.031,me_lossoth,me_lossoth_ways,,fish,rural_settlement,
me_land_3700,Borun Road,me_rhun_region,RH2,place,1.908,me_karmachi,me_melkorism,,livestock,rural_settlement,sclavene
me_land_3701,Coldpoint Sound,me_northern_wastes_region,WILD,wilderness,0.013,me_lossoth,me_lossoth_ways,,clay,rural_settlement,
me_land_3702,Taur bornion,me_brown_lands_region,WILD,wilderness,0.011,me_woodman,me_northern_ways,,horses,rural_settlement,
me_land_3703,Gathun Road,me_rhun_region,RHU,place,2.621,me_balchoth,me_sauron_cult,,livestock,rural_settlement,lesser_polish
me_land_3704,Farabad Oasis,me_umbar_region,UMB,place,1.679,me_umbarite,me_sauron_cult,,livestock,rural_settlement,tolimec_culture
me_land_3705,Bar bornion,me_brown_lands_region,WILD,wilderness,0.015,me_woodman,me_northern_ways,,livestock,rural_settlement,
me_land_3706,Calen bornion,me_south_gondor_region,GON,place,5.473,me_gondorian,me_valar_worship,,clay,rural_settlement,bidjara_culture
me_land_3707,Southmere End,me_enedwaith_region,WILD,wilderness,0.015,me_dunlending,me_dunland_ways,,livestock,rural_settlement,
me_land_3708,Karmun Road,me_rhun_region,RH2,place,1.432,me_karmachi,me_melkorism,,wool,rural_settlement,yir_yoront_culture
me_land_3709,Dalemark,me_rhun_region,DOR,place,1.366,me_dorwinrim,me_northern_ways,,livestock,rural_settlement,
me_land_3710,Hadrabad Oasis,me_near_harad_region,HNE,place,2.034,me_near_haradrim,me_southron_ways,,copper,rural_settlement,piikani_culture
me_land_3711,Khurun Road,me_rhun_region,RH2,place,1.908,me_karmachi,me_melkorism,,livestock,rural_settlement,saxon
me_land_3712,Khoror Camp,me_khand_region,KHA,place,1.011,me_variag,me_melkorism,,copper,rural_settlement,
me_land_3713,Lodun Road,me_rhun_region,RHU,place,2.621,me_balchoth,me_sauron_cult,,wheat,rural_settlement,lepai_nde_culture
me_land_3714,Skinholt,me_mirkwood_region,BEO,place,0.168,me_beorning,me_northern_ways,,medicaments,rural_settlement,
me_land_3715,Stonemere End,me_enedwaith_region,WILD,wilderness,0.015,me_dunlending,me_dunland_ways,,wool,rural_settlement,
me_land_3716,Celon bornion,me_ithilien_region,WILD,wilderness,0.015,me_gondorian,me_valar_worship,,wheat,rural_settlement,
me_land_3717,Narun Road,me_rhun_region,RHU,place,2.621,me_balchoth,me_sauron_cult,,horses,rural_settlement,leonese
me_land_3718,Ruzor Camp,me_far_harad_region,KHA,place,1.011,me_variag,me_melkorism,,wool,rural_settlement,
me_land_3719,Driftpoint Sound,me_northern_wastes_region,WILD,wilderness,0.013,me_lossoth,me_lossoth_ways,,wool,rural_settlement,
me_land_3720,Kharabad Oasis,me_umbar_region,UMB,place,1.679,me_umbarite,me_sauron_cult,,copper,rural_settlement,tolaki_culture
me_land_3721,Frostpoint Sound,me_northern_wastes_region,WILD,wilderness,0.013,me_lossoth,me_lossoth_ways,,wheat,rural_settlement,
me_land_3722,Westmere End,me_mirkwood_region,WILD,wilderness,0.013,me_woodman,me_northern_ways,,livestock,rural_settlement,
me_land_3723,Mahrabad Oasis,me_far_harad_region,HFA,place,3.344,me_far_haradrim,me_southron_ways,,copper,rural_settlement,kannadiga
me_land_3724,Nim bornion,me_anorien_region,GON,place,5.473,me_gondorian,me_valar_worship,,livestock,rural_settlement,bidayuh_culture
me_land_3725,Narabad Oasis,me_near_harad_region,HNE,place,2.034,me_near_haradrim,me_southron_ways,,livestock,rural_settlement,piedmontese
me_land_3726,Amon caranion,me_lebennin_region,GON,place,5.473,me_gondorian,me_valar_worship,,clay,rural_settlement,bicolano_culture
me_land_3727,Qasabad Oasis,me_far_harad_region,HRA,place,4.546,me_near_haradrim,me_southron_ways,,copper,rural_settlement,giangan_culture
me_land_3728,Dol caranion,me_brown_lands_region,WILD,wilderness,0.011,me_woodman,me_northern_ways,,wool,rural_settlement,
me_land_3729,Icepoint Sound,me_northern_wastes_region,WILD,wilderness,0.013,me_lossoth,me_lossoth_ways,,clay,rural_settlement,
me_land_3730,Skarnor Camp,me_khand_region,KHA,place,1.011,me_variag,me_melkorism,,wool,rural_settlement,
me_land_3731,Rakhabad Oasis,me_far_harad_region,HFA,place,5.583,me_far_haradrim,me_southron_ways,,livestock,rural_settlement,bambara
me_land_3732,Sahrabad Oasis,me_near_harad_region,HNE,place,2.034,me_near_haradrim,me_southron_ways,,livestock,rural_settlement,picard
me_land_3733,Eithel caranion,me_north_arnor_region,RAN,place,0.168,me_arnor_dunedain,me_valar_worship,,clay,rural_settlement,
me_land_3734,Rhovun Road,me_rhun_region,RH2,place,1.432,me_karmachi,me_melkorism,,horses,rural_settlement,yinwum_culture
me_land_3735,Frammere,me_rohan_region,ROH,place,2.489,me_rohirric,me_northern_ways,,horses,rural_settlement,mikmaq_culture
me_land_3736,Sagun Road,me_rhun_region,RHU,place,2.621,me_balchoth,me_sauron_cult,,livestock,rural_settlement,lenca_culture
me_land_3737,Azgburz Cleft,me_mordor_region,WILD,wilderness,0.013,me_mordor_orc,me_sauron_cult,,wheat,rural_settlement,
me_land_3738,Targor Camp,me_khand_region,KHA,place,1.011,me_variag,me_melkorism,,copper,rural_settlement,
me_land_3739,Varkor Camp,me_khand_region,KHA,place,1.011,me_variag,me_melkorism,,livestock,rural_settlement,
me_land_3740,Alderridge End,me_mirkwood_region,WDM,place,2.103,me_woodman,me_northern_ways,,wool,rural_settlement,paipai_culture
me_land_3741,Ashridge End,me_shire_breeland_region,BRE,place,0.491,me_eriadoran,me_northern_ways,,wheat,rural_settlement,
me_land_3742,Emyn caranion,me_brown_lands_region,WILD,wilderness,0.011,me_woodman,me_northern_ways,,wool,rural_settlement,
me_land_3743,Imlad caranion,me_north_arnor_region,WILD,wilderness,0.012,me_eriadoran,me_northern_ways,,livestock,rural_settlement,
me_land_3744,Sharun Road,me_rhun_region,RHU,place,2.621,me_balchoth,me_sauron_cult,,horses,rural_settlement,lenakel_culture
me_land_3745,Blackburz Cleft,me_mordor_region,WILD,wilderness,0.013,me_mordor_orc,me_sauron_cult,,stone,rural_settlement,
me_land_3746,Uldun Road,me_rhun_region,RH2,place,1.908,me_karmachi,me_melkorism,,wool,rural_settlement,sawokli_culture
me_land_3747,Wainun Road,me_rhun_region,RHU,place,2.621,me_balchoth,me_sauron_cult,,wheat,rural_settlement,leizhou_culture
me_land_3748,Minas caranion,me_mirkwood_region,WOO,place,0.648,me_silvan,me_valar_worship,,wool,rural_settlement,
me_land_3749,Willowbole,me_anduin_vale_region,FAN,place,0.012,me_onodrim,me_eldest_ways,,wild_game,rural_settlement,
me_land_3750,Northpoint Sound,me_northern_wastes_region,WILD,wilderness,0.013,me_lossoth,me_lossoth_ways,,wheat,rural_settlement,
me_land_3751,Eastmark,me_rhun_region,DOR,place,1.366,me_dorwinrim,me_northern_ways,,horses,rural_settlement,
me_land_3752,Esgarmark,me_rhun_region,DOR,place,1.82,me_dorwinrim,me_northern_ways,,livestock,rural_settlement,swabian
me_land_3753,Zandor Camp,me_khand_region,KHA,place,1.011,me_variag,me_melkorism,,livestock,rural_settlement,
me_land_3754,Ost caranion,me_mirkwood_region,WOO,place,0.325,me_silvan,me_valar_worship,,wool,rural_settlement,
me_land_3755,Burzburz Cleft,me_rohan_region,ISE,place,0.238,me_isengard_uruk,me_sauron_cult,,wool,rural_settlement,
me_land_3756,Grimmere,me_rohan_region,ROH,place,1.719,me_rohirric,me_northern_ways,,clay,rural_settlement,tavgi_culture
me_land_3757,Taur caranion,me_anorien_region,GON,place,3.878,me_gondorian,me_valar_worship,,livestock,rural_settlement,high_alemannic
me_land_3758,Tazabad Oasis,me_umbar_region,UMB,place,1.679,me_umbarite,me_sauron_cult,,wool,rural_settlement,tokelauan_culture
me_land_3759,Kingmark,me_rhun_region,DOR,place,1.82,me_dorwinrim,me_northern_ways,,livestock,rural_settlement,svan_culture
me_land_3760,Zorun Road,me_rhun_region,RH2,place,1.432,me_karmachi,me_melkorism,,wool,rural_settlement,yinggarda_culture
me_land_3761,Bar caranion,me_belfalas_region,GON,place,3.777,me_gondorian,me_valar_worship,,wheat,rural_settlement,hupa_culture
me_land_3762,Barrowridge End,me_mirkwood_region,WILD,wilderness,0.013,me_woodman,me_northern_ways,,livestock,rural_settlement,
me_land_3763,Beaconridge End,me_anduin_vale_region,WILD,wilderness,0.015,me_woodman,me_northern_ways,,clay,rural_settlement,
me_land_3764,Palepoint Sound,me_forochel_region,LOS,place,0.216,me_lossoth,me_lossoth_ways,,fish,rural_settlement,
me_land_3765,Balur Road,me_rhun_region,RH3,place,4.951,me_sagath,me_melkorism,,horses,rural_settlement,drehu_culture
me_land_3766,Dushburz Cleft,me_mordor_region,MOR,place,5.742,me_mordor_orc,me_sauron_cult,,livestock,rural_settlement,atikum_culture
me_land_3767,Sealpoint Sound,me_northern_wastes_region,WILD,wilderness,0.013,me_lossoth,me_lossoth_ways,,fish,rural_settlement,
me_land_3768,Borur Road,me_rhun_region,RHU,place,2.621,me_balchoth,me_sauron_cult,,wool,rural_settlement,lega
me_land_3769,Calen caranion,me_lebennin_region,GON,place,5.473,me_gondorian,me_valar_worship,,livestock,rural_settlement,biak_culture
me_land_3770,Celon caranion,me_ithilien_region,WILD,wilderness,0.015,me_gondorian,me_valar_worship,,livestock,rural_settlement,
me_land_3771,Umrabad Oasis,me_far_harad_region,HFA,place,3.344,me_far_haradrim,me_southron_ways,,salt,rural_settlement,kankanaey_culture
me_land_3772,Lakemark,me_rhun_region,DOR,place,1.82,me_dorwinrim,me_northern_ways,,livestock,rural_settlement,sutagao_culture
me_land_3773,Zarabad Oasis,me_far_harad_region,HFA,place,3.344,me_far_haradrim,me_southron_ways,,copper,rural_settlement,kanisian_culture
me_land_3774,Blackridge End,me_enedwaith_region,WILD,wilderness,0.015,me_dunlending,me_dunland_ways,,wool,rural_settlement,
me_land_3775,Ghashburz Cleft,me_north_arnor_region,ANG,place,1.484,me_northern_orc,me_melkorism,,clay,rural_settlement,waxiang_culture
me_land_3776,Helmmere,me_rohan_region,ROH,place,2.399,me_rohirric,me_northern_ways,,livestock,rural_settlement,naskapi_culture
me_land_3777,Azrahir Oasis,me_near_harad_region,HRA,place,4.546,me_near_haradrim,me_southron_ways,,copper,rural_settlement,ghari_culture
me_land_3778,Dimplecroft,me_shire_breeland_region,WILD,wilderness,0.015,me_eriadoran,me_northern_ways,,fiber_crops,rural_settlement,
me_land_3779,Brambleridge End,me_shire_breeland_region,BRE,place,0.491,me_eriadoran,me_northern_ways,,wheat,rural_settlement,
me_land_3780,Gorburz Cleft,me_north_arnor_region,ANG,place,1.084,me_northern_orc,me_melkorism,,livestock,rural_settlement,
me_land_3781,Arzuk Camp,me_khand_region,KHA,place,1.011,me_variag,me_melkorism,,wool,rural_settlement,
me_land_3782,Bahrahir Oasis,me_near_harad_region,UMB,place,1.679,me_umbarite,me_sauron_cult,,wool,rural_settlement,tojolabal_culture
me_land_3783,Gathur Road,me_rhun_region,RH2,place,1.432,me_karmachi,me_melkorism,,livestock,rural_settlement,yilba_culture
me_land_3784,Stoneholt,me_mirkwood_region,BEO,place,0.168,me_beorning,me_northern_ways,,medicaments,rural_settlement,
me_land_3785,Ferncroft,me_shire_breeland_region,SHI,place,2.869,me_shire_hobbit,me_northern_ways,,wool,rural_settlement,khmer_culture
me_land_3786,Nim caranion,me_belfalas_region,GON,place,5.473,me_gondorian,me_valar_worship,,wheat,rural_settlement,bhojpuri_culture
me_land_3787,Grishburz Cleft,me_mordor_region,MOR,place,7.563,me_mordor_orc,me_sauron_cult,,stone,rural_settlement,ambae_culture
me_land_3788,Karmur Road,me_rhun_region,RHU,place,2.621,me_balchoth,me_sauron_cult,,wheat,rural_settlement,laz_culture
me_land_3789,Amon duinion,me_belfalas_region,GON,place,5.473,me_gondorian,me_valar_worship,,livestock,rural_settlement,bhil
me_land_3790,Dol duinion,me_lindon_region,LIN,place,0.093,me_sindar,me_valar_worship,,wool,rural_settlement,
me_land_3791,Eithel duinion,me_ithilien_region,WILD,wilderness,0.015,me_gondorian,me_valar_worship,,clay,rural_settlement,
me_land_3792,Krimpburz Cleft,me_enedwaith_region,MOA,place,1.735,me_misty_orc,me_melkorism,,clay,rural_settlement,tapachultec_culture
me_land_3793,Snowpoint Sound,me_northern_wastes_region,WILD,wilderness,0.006,me_lossoth,me_lossoth_ways,,wild_game,rural_settlement,
me_land_3794,Valeholt,me_mirkwood_region,BEO,place,0.307,me_beorning,me_northern_ways,,livestock,rural_settlement,
me_land_3795,Bucklandridge End,me_shire_breeland_region,BRE,place,0.491,me_eriadoran,me_northern_ways,,wheat,rural_settlement,
me_land_3796,Lugburz Cleft,me_mordor_region,WILD,wilderness,0.013,me_mordor_orc,me_sauron_cult,,iron,rural_settlement,
me_land_3797,Mauhburz Cleft,me_mordor_region,MOR,place,1.265,me_mordor_orc,me_sauron_cult,,iron,rural_settlement,
me_land_3798,Cedarridge End,me_enedwaith_region,WILD,wilderness,0.008,me_dunlending,me_dunland_ways,,fish,rural_settlement,
me_land_3799,Starpoint Sound,me_northern_wastes_region,WILD,wilderness,0.006,me_lossoth,me_lossoth_ways,,fish,rural_settlement,
me_land_3800,Deepridge End,me_anduin_vale_region,WILD,wilderness,0.015,me_woodman,me_northern_ways,,clay,rural_settlement,
me_land_3801,Haycroft,me_shire_breeland_region,SHI,place,2.869,me_shire_hobbit,me_northern_ways,,fiber_crops,rural_settlement,khasi_culture
me_land_3802,Emyn duinion,me_mirkwood_region,WOO,place,0.325,me_silvan,me_valar_worship,,livestock,rural_settlement,
me_land_3803,Eastridge End,me_mirkwood_region,WILD,wilderness,0.013,me_woodman,me_northern_ways,,wool,rural_settlement,
me_land_3804,Greenridge End,me_enedwaith_region,WILD,wilderness,0.015,me_dunlending,me_dunland_ways,,wool,rural_settlement,
me_land_3805,Muzgburz Cleft,me_mordor_region,MOR,place,0.632,me_mordor_orc,me_sauron_cult,,stone,rural_settlement,
me_land_3806,Khurur Road,me_rhun_region,RH2,place,1.432,me_karmachi,me_melkorism,,wheat,rural_settlement,yiiji_culture
me_land_3807,Imlad duinion,me_north_arnor_region,WILD,wilderness,0.015,me_eriadoran,me_northern_ways,,clay,rural_settlement,
me_land_3808,Minas duinion,me_belfalas_region,GON,place,3.777,me_gondorian,me_valar_worship,,wool,rural_settlement,hungarian
me_land_3809,Ost duinion,me_brown_lands_region,WILD,wilderness,0.015,me_woodman,me_northern_ways,,wheat,rural_settlement,
me_land_3810,Hazelcroft,me_shire_breeland_region,SHI,place,2.869,me_shire_hobbit,me_northern_ways,,fiber_crops,rural_settlement,khas_culture
me_land_3811,Sharkibil,me_rhun_region,IRO,place,0.447,me_longbeard,me_mahal_cult,,livestock,rural_settlement,
me_land_3812,Taur duinion,me_ithilien_region,WILD,wilderness,0.016,me_gondorian,me_valar_worship,,livestock,rural_settlement,
me_land_3813,Greyridge End,me_enedwaith_region,WILD,wilderness,0.013,me_dunlending,me_dunland_ways,,livestock,rural_settlement,
me_land_3814,Bar duinion,me_brown_lands_region,WILD,wilderness,0.011,me_woodman,me_northern_ways,,livestock,rural_settlement,
me_land_3815,Calen duinion,me_ithilien_region,WILD,wilderness,0.016,me_gondorian,me_valar_worship,,clay,rural_settlement,
me_land_3816,Longmark,me_rhun_region,DOR,place,1.82,me_dorwinrim,me_northern_ways,,livestock,rural_settlement,susu
me_land_3817,Longridge End,me_enedwaith_region,WILD,wilderness,0.013,me_dunlending,me_dunland_ways,,livestock,rural_settlement,
me_land_3818,Northridge End,me_enedwaith_region,WILD,wilderness,0.015,me_dunlending,me_dunland_ways,,wheat,rural_settlement,
me_land_3819,Nazgburz Cleft,me_mordor_region,WILD,wilderness,0.013,me_mordor_orc,me_sauron_cult,,iron,rural_settlement,
me_land_3820,Darahir Oasis,me_near_harad_region,HNE,place,2.034,me_near_haradrim,me_southron_ways,,livestock,rural_settlement,piankeshaw_culture
me_land_3821,Celon duinion,me_ithilien_region,WILD,wilderness,0.016,me_gondorian,me_valar_worship,,clay,rural_settlement,
me_land_3822,Farahir Oasis,me_near_harad_region,UMB,place,1.679,me_umbarite,me_sauron_cult,,salt,rural_settlement,togiag_culture
me_land_3823,Hadrahir Oasis,me_far_harad_region,HFA,place,3.344,me_far_haradrim,me_southron_ways,,copper,rural_settlement,kaninde_culture
me_land_3824,Whitepoint Sound,me_northern_wastes_region,WILD,wilderness,0.006,me_lossoth,me_lossoth_ways,,fur,rural_settlement,
me_land_3825,Nim duinion,me_north_arnor_region,WILD,wilderness,0.015,me_eriadoran,me_northern_ways,,livestock,rural_settlement,
me_land_3826,Amon falasion,me_brown_lands_region,WILD,wilderness,0.015,me_woodman,me_northern_ways,,livestock,rural_settlement,
me_land_3827,Kharahir Oasis,me_far_harad_region,HRA,place,4.546,me_near_haradrim,me_southron_ways,,salt,rural_settlement,german_transylvanian
me_land_3828,Dol falasion,me_brown_lands_region,WILD,wilderness,0.015,me_woodman,me_northern_ways,,wool,rural_settlement,
me_land_3829,Eithel falasion,me_north_arnor_region,WILD,wilderness,0.013,me_eriadoran,me_northern_ways,,fish,rural_settlement,
me_land_3830,Emyn falasion,me_south_gondor_region,GON,place,5.473,me_gondorian,me_valar_worship,,wheat,rural_settlement,bezanozano_culture
me_land_3831,Hollycroft,me_shire_breeland_region,WILD,wilderness,0.015,me_eriadoran,me_northern_ways,,fiber_crops,rural_settlement,
me_land_3832,Northmark,me_rhun_region,DOR,place,1.82,me_dorwinrim,me_northern_ways,,clay,rural_settlement,surma_culture
me_land_3833,Winterpoint Sound,me_northern_wastes_region,WILD,wilderness,0.006,me_lossoth,me_lossoth_ways,,fur,rural_settlement,
me_land_3834,Imlad falasion,me_south_gondor_region,GON,place,0.833,me_gondorian,me_valar_worship,,salt,rural_settlement,
me_land_3835,Minas falasion,me_ithilien_region,WILD,wilderness,0.007,me_gondorian,me_valar_worship,,salt,rural_settlement,
me_land_3836,Mahrahir Oasis,me_near_harad_region,HRA,place,4.546,me_near_haradrim,me_southron_ways,,copper,rural_settlement,german_silesian
me_land_3837,Ost falasion,me_brown_lands_region,WILD,wilderness,0.011,me_woodman,me_northern_ways,,wheat,rural_settlement,
me_land_3838,Coldshore Sound,me_northern_wastes_region,WILD,wilderness,0.013,me_lossoth,me_lossoth_ways,,wool,rural_settlement,
me_land_3839,Lodur Road,me_rhun_region,RH2,place,1.908,me_karmachi,me_melkorism,,wool,rural_settlement,savonian
me_land_3840,Skaiburz Cleft,me_anduin_vale_region,GOB,place,1.224,me_misty_orc,me_melkorism,,livestock,rural_settlement,
me_land_3841,Taur falasion,me_lindon_region,LIN,place,0.093,me_sindar,me_valar_worship,,livestock,rural_settlement,
me_land_3842,Bar falasion,me_ithilien_region,WILD,wilderness,0.007,me_gondorian,me_valar_worship,,salt,rural_settlement,
me_land_3843,Ravenmark,me_rhun_region,DOR,place,1.366,me_dorwinrim,me_northern_ways,,wool,rural_settlement,
me_land_3844,Calen falasion,me_ithilien_region,WILD,wilderness,0.007,me_gondorian,me_valar_worship,,wool,rural_settlement,
me_land_3845,Oakridge End,me_enedwaith_region,WILD,wilderness,0.015,me_dunlending,me_dunland_ways,,livestock,rural_settlement,
me_land_3846,Celon falasion,me_lebennin_region,GON,place,5.473,me_gondorian,me_valar_worship,,livestock,rural_settlement,beyte_yisrael
me_land_3847,Southridge End,me_enedwaith_region,WILD,wilderness,0.013,me_dunlending,me_dunland_ways,,clay,rural_settlement,
me_land_3848,Narahir Oasis,me_far_harad_region,HRA,place,4.546,me_near_haradrim,me_southron_ways,,copper,rural_settlement,german_carpathian
me_land_3849,Nim falasion,me_north_arnor_region,WILD,wilderness,0.015,me_eriadoran,me_northern_ways,,wool,rural_settlement,
me_land_3850,Herumere,me_rohan_region,ROH,place,1.719,me_rohirric,me_northern_ways,,livestock,rural_settlement,tavastian
me_land_3851,Narur Road,me_rhun_region,RH3,place,4.951,me_sagath,me_melkorism,,wheat,rural_settlement,dorset_culture
me_land_3852,Amon galenion,me_brown_lands_region,WILD,wilderness,0.015,me_woodman,me_northern_ways,,clay,rural_settlement,
me_land_3853,Léodmere,me_rohan_region,ROH,place,2.399,me_rohirric,me_northern_ways,,horses,rural_settlement,nashi_culture
me_land_3854,Rhovur Road,me_rhun_region,RH2,place,1.908,me_karmachi,me_melkorism,,wheat,rural_settlement,sauzas_culture
me_land_3855,Dol galenion,me_belfalas_region,DAM,place,2.469,me_dol_amrothian,me_valar_worship,,clay,rural_settlement,monacan_culture
me_land_3856,Stoneridge End,me_enedwaith_region,WILD,wilderness,0.015,me_dunlending,me_dunland_ways,,livestock,rural_settlement,
me_land_3857,Sagur Road,me_rhun_region,RH2,place,1.432,me_karmachi,me_melkorism,,horses,rural_settlement,yidinjdji_culture
me_land_3858,Woodmen's Hall,me_mirkwood_region,WDM,town,6.822,me_woodman,me_northern_ways,,wild_game,town,arua_culture
me_land_3859,Westridge End,me_enedwaith_region,WILD,wilderness,0.013,me_dunlending,me_dunland_ways,,clay,rural_settlement,
me_land_3860,Qasahir Oasis,me_umbar_region,UMB,place,1.679,me_umbarite,me_sauron_cult,,livestock,rural_settlement,tocobaga_culture
me_land_3861,Ridmere,me_rohan_region,ROH,place,1.719,me_rohirric,me_northern_ways,,horses,rural_settlement,tausug_culture
me_land_3862,Balkuk Camp,me_far_harad_region,KHA,place,1.011,me_variag,me_melkorism,,wool,rural_settlement,
me_land_3863,Alderstead End,me_mirkwood_region,WILD,wilderness,0.011,me_woodman,me_northern_ways,,wool,rural_settlement,
me_land_3864,Uglburz Cleft,me_grey_mountains_region,GUN,place,5.13,me_northern_orc,me_melkorism,,clay,rural_settlement,dagbani
me_land_3865,Urukburz Cleft,me_mordor_region,WILD,wilderness,0.013,me_mordor_orc,me_sauron_cult,,livestock,rural_settlement,
me_land_3866,Eithel galenion,me_north_arnor_region,WILD,wilderness,0.015,me_eriadoran,me_northern_ways,,livestock,rural_settlement,
me_land_3867,Ashstead End,me_enedwaith_region,WILD,wilderness,0.013,me_dunlending,me_dunland_ways,,wheat,rural_settlement,
me_land_3868,Sharur Road,me_rhun_region,RH2,place,1.432,me_karmachi,me_melkorism,,fish,rural_settlement,yi_culture
me_land_3869,Emyn galenion,me_lindon_region,LIN,place,0.093,me_sindar,me_valar_worship,,wool,rural_settlement,
me_land_3870,Barrowstead End,me_enedwaith_region,WILD,wilderness,0.013,me_dunlending,me_dunland_ways,,wheat,rural_settlement,
me_land_3871,Rakhahir Oasis,me_umbar_region,UMB,place,1.679,me_umbarite,me_sauron_cult,,livestock,rural_settlement,toboso_culture
me_land_3872,Merrycroft,me_shire_breeland_region,SHI,place,2.869,me_shire_hobbit,me_northern_ways,,wool,rural_settlement,kharia_culture
me_land_3873,Zigilkibil,me_lindon_region,BLU,place,0.258,me_firebeard_broadbeam,me_mahal_cult,,clay,rural_settlement,
me_land_3874,Drazuk Camp,me_khand_region,KHA,place,1.011,me_variag,me_melkorism,,livestock,rural_settlement,
me_land_3875,Uldur Road,me_rhun_region,RHU,place,2.621,me_balchoth,me_sauron_cult,,horses,rural_settlement,lawa_culture
me_land_3876,Wainur Road,me_rhun_region,RHU,place,2.621,me_balchoth,me_sauron_cult,,wheat,rural_settlement,lavongai_culture
me_land_3877,Imlad galenion,me_brown_lands_region,WILD,wilderness,0.013,me_woodman,me_northern_ways,,clay,rural_settlement,
me_land_3878,Minas galenion,me_lindon_region,LIN,place,0.093,me_sindar,me_valar_worship,,wheat,rural_settlement,
me_land_3879,Beaconstead End,me_enedwaith_region,WILD,wilderness,0.013,me_dunlending,me_dunland_ways,,wool,rural_settlement,
me_land_3880,Gharuk Camp,me_far_harad_region,KHA,place,1.011,me_variag,me_melkorism,,wool,rural_settlement,
me_land_3881,Zorur Road,me_rhun_region,RH2,place,1.908,me_karmachi,me_melkorism,,wool,rural_settlement,satere_mawe_culture
me_land_3882,Wildholt,me_anduin_vale_region,BEO,place,0.307,me_beorning,me_northern_ways,,clay,rural_settlement,
me_land_3883,Blackstead End,me_enedwaith_region,WILD,wilderness,0.009,me_dunlending,me_dunland_ways,,wild_game,rural_settlement,
me_land_3884,Ost galenion,me_north_arnor_region,WILD,wilderness,0.015,me_eriadoran,me_northern_ways,,wheat,rural_settlement,
me_land_3885,Taur galenion,me_brown_lands_region,WILD,wilderness,0.015,me_woodman,me_northern_ways,,wheat,rural_settlement,
me_land_3886,Balach Steppe,me_rhun_region,RHU,place,3.494,me_balchoth,me_sauron_cult,,wheat,rural_settlement,kagwahiva_culture
me_land_3887,Borach Steppe,me_rhun_region,RH2,place,1.432,me_karmachi,me_melkorism,,wheat,rural_settlement,yerle_qaliq_culture
me_land_3888,Kanduk Camp,me_khand_region,KHA,place,1.011,me_variag,me_melkorism,,wool,rural_settlement,
me_land_3889,Sahrahir Oasis,me_far_harad_region,HFA,place,3.344,me_far_haradrim,me_southron_ways,,wool,rural_settlement,kanienkehaka_culture
me_land_3890,Driftshore Sound,me_northern_wastes_region,WILD,wilderness,0.013,me_lossoth,me_lossoth_ways,,wool,rural_settlement,
me_land_3891,Thengelmere,me_rohan_region,ROH,place,2.399,me_rohirric,me_northern_ways,,horses,rural_settlement,narraganset_culture
me_land_3892,Ashdûr Cleft,me_mordor_region,MOR,place,1.265,me_mordor_orc,me_sauron_cult,,iron,rural_settlement,
me_land_3893,Tazahir Oasis,me_near_harad_region,UMB,place,1.006,me_umbarite,me_sauron_cult,,fish,rural_settlement,
me_land_3894,Umrahir Oasis,me_umbar_region,UMB,place,1.679,me_umbarite,me_sauron_cult,,salt,rural_settlement,tobelo_culture
me_land_3895,Frostshore Sound,me_forochel_region,LOS,place,0.031,me_lossoth,me_lossoth_ways,,wild_game,rural_settlement,
me_land_3896,Bar galenion,me_anorien_region,GON,place,5.473,me_gondorian,me_valar_worship,,wool,rural_settlement,betsimisaraka_culture
me_land_3897,Iceshore Sound,me_forochel_region,LOS,place,0.031,me_lossoth,me_lossoth_ways,,wild_game,rural_settlement,
me_land_3898,Woodholt,me_anduin_vale_region,BEO,place,0.307,me_beorning,me_northern_ways,,livestock,rural_settlement,
me_land_3899,Azgdûr Cleft,me_mirkwood_region,DOL,place,1.939,me_mordor_orc,me_sauron_cult,,wild_game,rural_settlement,romansh
me_land_3900,Calen galenion,me_lindon_region,LIN,place,0.126,me_sindar,me_valar_worship,,wheat,rural_settlement,
me_land_3901,Blackdûr Cleft,me_mordor_region,MOR,place,1.265,me_mordor_orc,me_sauron_cult,,stone,rural_settlement,
me_land_3902,Northshore Sound,me_northern_wastes_region,WILD,wilderness,0.006,me_lossoth,me_lossoth_ways,,wild_game,rural_settlement,
me_land_3903,Zarahir Oasis,me_umbar_region,UMB,place,1.679,me_umbarite,me_sauron_cult,,wool,rural_settlement,toaripi_culture
me_land_3904,Bramblestead End,me_enedwaith_region,WILD,wilderness,0.013,me_dunlending,me_dunland_ways,,wool,rural_settlement,
me_land_3905,Burzdûr Cleft,me_mordor_region,WILD,wilderness,0.013,me_mordor_orc,me_sauron_cult,,wheat,rural_settlement,
me_land_3906,Celon galenion,me_south_gondor_region,GON,place,0.855,me_gondorian,me_valar_worship,,copper,rural_settlement,
me_land_3907,Gathach Steppe,me_rhun_region,RH3,place,4.951,me_sagath,me_melkorism,,wheat,rural_settlement,doolboong_culture
me_land_3908,Azramar Oasis,me_far_harad_region,HFA,place,5.583,me_far_haradrim,me_southron_ways,,salt,rural_settlement,balti_culture
me_land_3909,Karmach Steppe,me_rhun_region,RH2,place,1.432,me_karmachi,me_melkorism,,horses,rural_settlement,yemeni_culture
me_land_3910,Khurach Steppe,me_rhun_region,RHU,place,2.621,me_balchoth,me_sauron_cult,,livestock,rural_settlement,latvian
me_land_3911,Lodach Steppe,me_rhun_region,RH2,place,1.908,me_karmachi,me_melkorism,,clay,rural_settlement,sasak_culture
me_land_3912,Nim galenion,me_belfalas_region,GON,place,3.777,me_gondorian,me_valar_worship,,wool,rural_settlement,huizhou_hakka_culture
me_land_3913,Dushdûr Cleft,me_mirkwood_region,DOL,place,1.939,me_mordor_orc,me_sauron_cult,,wild_game,rural_settlement,romani_culture
me_land_3914,Narach Steppe,me_rhun_region,RH2,place,1.908,me_karmachi,me_melkorism,,clay,rural_settlement,sarta_culture
me_land_3915,Woldmere,me_rohan_region,ROH,place,2.399,me_rohirric,me_northern_ways,,clay,rural_settlement,naro_culture
me_land_3916,Alderbough,me_rohan_region,FAN,place,0.009,me_onodrim,me_eldest_ways,,medicaments,rural_settlement,
me_land_3917,Ghashdûr Cleft,me_anduin_vale_region,GOB,place,1.224,me_misty_orc,me_melkorism,,clay,rural_settlement,
me_land_3918,Amon gondion,me_north_arnor_region,WILD,wilderness,0.015,me_eriadoran,me_northern_ways,,clay,rural_settlement,
me_land_3919,Rhovach Steppe,me_rhun_region,RH2,place,1.432,me_karmachi,me_melkorism,,livestock,rural_settlement,yelmek_culture
me_land_3920,Gordûr Cleft,me_mirkwood_region,DOL,place,1.083,me_mordor_orc,me_sauron_cult,,wild_game,rural_settlement,
me_land_3921,Dol gondion,me_belfalas_region,GON,place,3.777,me_gondorian,me_valar_worship,,wool,rural_settlement,huichol_culture
me_land_3922,Grishdûr Cleft,me_mordor_region,MOR,place,1.265,me_mordor_orc,me_sauron_cult,,iron,rural_settlement,
me_land_3923,Paleshore Sound,me_northern_wastes_region,WILD,wilderness,0.006,me_lossoth,me_lossoth_ways,,fish,rural_settlement,
me_land_3924,Eithel gondion,me_brown_lands_region,WILD,wilderness,0.011,me_woodman,me_northern_ways,,livestock,rural_settlement,
me_land_3925,Azannâla,me_rhun_region,IRO,place,0.447,me_longbeard,me_mahal_cult,,livestock,rural_settlement,
me_land_3926,Bahramar Oasis,me_far_harad_region,HFA,place,3.344,me_far_haradrim,me_southron_ways,,salt,rural_settlement,kaniag_culture
me_land_3927,Krimpdûr Cleft,me_mordor_region,MOR,place,7.563,me_mordor_orc,me_sauron_cult,,wheat,rural_settlement,amarak_culture
me_land_3928,Daramar Oasis,me_near_harad_region,HNE,place,2.034,me_near_haradrim,me_southron_ways,,copper,rural_settlement,peruzzi_bank_culture
me_land_3929,Sealshore Sound,me_northern_wastes_region,WILD,wilderness,0.006,me_lossoth,me_lossoth_ways,,wild_game,rural_settlement,
me_land_3930,Bucklandstead End,me_enedwaith_region,WILD,wilderness,0.013,me_dunlending,me_dunland_ways,,livestock,rural_settlement,
me_land_3931,Snowshore Sound,me_northern_wastes_region,WILD,wilderness,0.013,me_lossoth,me_lossoth_ways,,wheat,rural_settlement,
me_land_3932,Lugdûr Cleft,me_angmar_region,WILD,wilderness,0.006,me_northern_orc,me_melkorism,,wild_game,rural_settlement,
me_land_3933,Cedarstead End,me_enedwaith_region,DUN,place,4.105,me_dunlending,me_dunland_ways,,clay,rural_settlement,halkomelem_culture
me_land_3934,Deepstead End,me_mirkwood_region,WDM,place,1.141,me_woodman,me_northern_ways,,wild_game,rural_settlement,
me_land_3935,Aldseld,me_rohan_region,ROH,place,2.399,me_rohirric,me_northern_ways,,horses,rural_settlement,nari_nari_culture
me_land_3936,Mauhdûr Cleft,me_angmar_region,WILD,wilderness,0.006,me_northern_orc,me_melkorism,,fish,rural_settlement,
me_land_3937,Muzgdûr Cleft,me_mordor_region,MOR,place,5.742,me_mordor_orc,me_sauron_cult,,livestock,rural_settlement,atikamekw_culture
me_land_3938,Emyn gondion,me_north_arnor_region,RAN,place,0.168,me_arnor_dunedain,me_valar_worship,,clay,rural_settlement,
me_land_3939,Eaststead End,me_anduin_vale_region,WILD,wilderness,0.015,me_woodman,me_northern_ways,,clay,rural_settlement,
me_land_3940,Imlad gondion,me_brown_lands_region,WILD,wilderness,0.011,me_woodman,me_northern_ways,,wool,rural_settlement,
me_land_3941,Minas gondion,me_lindon_region,LIN,place,0.093,me_sindar,me_valar_worship,,wheat,rural_settlement,
me_land_3942,Sagach Steppe,me_rhun_region,RHU,place,2.621,me_balchoth,me_sauron_cult,,livestock,rural_settlement,latje_latje_culture
me_land_3943,Sharach Steppe,me_rhun_region,RH2,place,1.908,me_karmachi,me_melkorism,,livestock,rural_settlement,sardinian
me_land_3944,Faramar Oasis,me_near_harad_region,HRA,place,4.546,me_near_haradrim,me_southron_ways,,livestock,rural_settlement,german_baltic
me_land_3945,Bearmead,me_mirkwood_region,BEO,place,0.168,me_beorning,me_northern_ways,,wool,rural_settlement,
me_land_3946,Starshore Sound,me_northern_wastes_region,WILD,wilderness,0.013,me_lossoth,me_lossoth_ways,,wool,rural_settlement,
me_land_3947,Hadramar Oasis,me_far_harad_region,HFA,place,3.344,me_far_haradrim,me_southron_ways,,wool,rural_settlement,kanhgag_culture
me_land_3948,Ost gondion,me_south_gondor_region,GON,place,0.833,me_gondorian,me_valar_worship,,stone,rural_settlement,
me_land_3949,Taur gondion,me_belfalas_region,GON,place,3.777,me_gondorian,me_valar_worship,,clay,rural_settlement,hui_muslim_culture
me_land_3950,Uldach Steppe,me_rhun_region,RH2,place,2.512,me_karmachi,me_melkorism,,livestock,rural_settlement,mbuun
me_land_3951,Mosscroft,me_shire_breeland_region,SHI,place,2.869,me_shire_hobbit,me_northern_ways,,fiber_crops,rural_settlement,kharchin_culture
me_land_3952,Greenstead End,me_mirkwood_region,WILD,wilderness,0.013,me_woodman,me_northern_ways,,livestock,rural_settlement,
me_land_3953,Greystead End,me_mirkwood_region,WILD,wilderness,0.013,me_woodman,me_northern_ways,,livestock,rural_settlement,
me_land_3954,Beechbough,me_anduin_vale_region,FAN,place,0.013,me_onodrim,me_eldest_ways,,medicaments,rural_settlement,
me_land_3955,Wainach Steppe,me_rhun_region,RHU,place,2.621,me_balchoth,me_sauron_cult,,livestock,rural_settlement,larrakia_culture
me_land_3956,Nazgdûr Cleft,me_mordor_region,WILD,wilderness,0.013,me_mordor_orc,me_sauron_cult,,stone,rural_settlement,
me_land_3957,Longstead End,me_anduin_vale_region,WILD,wilderness,0.015,me_woodman,me_northern_ways,,livestock,rural_settlement,
me_land_3958,Skaidûr Cleft,me_angmar_region,WILD,wilderness,0.006,me_northern_orc,me_melkorism,,wild_game,rural_settlement,
me_land_3959,Bar gondion,me_south_gondor_region,GON,place,0.855,me_gondorian,me_valar_worship,,wool,rural_settlement,
me_land_3960,Calen gondion,me_ithilien_region,WILD,wilderness,0.007,me_gondorian,me_valar_worship,,iron,rural_settlement,
me_land_3961,Celon gondion,me_anduin_vale_region,LOR,place,0.666,me_galadhrim,me_valar_worship,,wool,rural_settlement,
me_land_3962,Ugldûr Cleft,me_mordor_region,MOR,place,1.265,me_mordor_orc,me_sauron_cult,,stone,rural_settlement,
me_land_3963,Beorseld,me_rohan_region,ROH,place,2.399,me_rohirric,me_northern_ways,,horses,rural_settlement,narangga_culture
me_land_3964,Urukdûr Cleft,me_mordor_region,WILD,wilderness,0.013,me_mordor_orc,me_sauron_cult,,stone,rural_settlement,
me_land_3965,Zorach Steppe,me_rhun_region,RH2,place,1.908,me_karmachi,me_melkorism,,wool,rural_settlement,sara_culture
me_land_3966,Redmark,me_rhun_region,DOR,place,1.82,me_dorwinrim,me_northern_ways,,livestock,rural_settlement,surigaonon_culture
me_land_3967,Westmark,me_rhun_region,DOR,place,1.366,me_dorwinrim,me_northern_ways,,horses,rural_settlement,
me_land_3968,Nim gondion,me_belfalas_region,DAM,place,0.724,me_dol_amrothian,me_valar_worship,,copper,rural_settlement,
me_land_3969,Balad Steppe,me_rhun_region,RH2,place,1.432,me_karmachi,me_melkorism,,wheat,rural_settlement,yela_culture
me_land_3970,Amon lothion,me_lindon_region,LIN,place,0.093,me_sindar,me_valar_worship,,livestock,rural_settlement,
me_land_3971,Dol lothion,me_north_arnor_region,RAN,place,0.168,me_arnor_dunedain,me_valar_worship,,clay,rural_settlement,
me_land_3972,Northstead End,me_enedwaith_region,WILD,wilderness,0.012,me_dunlending,me_dunland_ways,,wool,rural_settlement,
me_land_3973,Kharamar Oasis,me_near_harad_region,HNE,place,2.034,me_near_haradrim,me_southron_ways,,wool,rural_settlement,pericu_culture
me_land_3974,Beemead,me_anduin_vale_region,BEO,place,0.307,me_beorning,me_northern_ways,,livestock,rural_settlement,
me_land_3975,Khazuk Camp,me_khand_region,KHA,place,1.011,me_variag,me_melkorism,,salt,rural_settlement,
me_land_3976,Bregoseld,me_rohan_region,ROH,place,2.399,me_rohirric,me_northern_ways,,clay,rural_settlement,napuruna_culture
me_land_3977,Mahramar Oasis,me_near_harad_region,UMB,place,1.679,me_umbarite,me_sauron_cult,,livestock,rural_settlement,tlingit_culture
me_land_3978,Borad Steppe,me_rhun_region,RH2,place,1.908,me_karmachi,me_melkorism,,wool,rural_settlement,sapmi
me_land_3979,Oakstead End,me_anduin_vale_region,WILD,wilderness,0.015,me_woodman,me_northern_ways,,clay,rural_settlement,
me_land_3980,Eithel lothion,me_north_arnor_region,WILD,wilderness,0.015,me_eriadoran,me_northern_ways,,wool,rural_settlement,
me_land_3981,Emyn lothion,me_belfalas_region,DAM,place,2.469,me_dol_amrothian,me_valar_worship,,wool,rural_settlement,mon_culture
me_land_3982,Gathad Steppe,me_rhun_region,RH2,place,1.432,me_karmachi,me_melkorism,,horses,rural_settlement,yei_culture
me_land_3983,Ceorlseld,me_rohan_region,ROH,place,2.399,me_rohirric,me_northern_ways,,horses,rural_settlement,nanwuinenan_culture
me_land_3984,Khoruk Camp,me_near_harad_region,KHA,place,1.011,me_variag,me_melkorism,,wool,rural_settlement,
me_land_3985,Amberness,me_dale_region,ESG,place,1.612,me_dalish,me_northern_ways,,clay,rural_settlement,wapaji_culture
me_land_3986,Southstead End,me_enedwaith_region,WILD,wilderness,0.015,me_dunlending,me_dunland_ways,,wool,rural_settlement,
me_land_3987,Nutcroft,me_shire_breeland_region,WILD,wilderness,0.015,me_eriadoran,me_northern_ways,,wool,rural_settlement,
me_land_3988,Stonestead End,me_enedwaith_region,WILD,wilderness,0.013,me_dunlending,me_dunland_ways,,wool,rural_settlement,
me_land_3989,Imlad lothion,me_belfalas_region,GON,place,3.777,me_gondorian,me_valar_worship,,wheat,rural_settlement,huetar_culture
me_land_3990,Ruzuk Camp,me_khand_region,KHA,place,1.011,me_variag,me_melkorism,,copper,rural_settlement,
me_land_3991,Karmad Steppe,me_rhun_region,RH2,place,1.432,me_karmachi,me_melkorism,,wool,rural_settlement,ychsma_culture
me_land_3992,Minas lothion,me_lindon_region,LIN,place,0.093,me_sindar,me_valar_worship,,livestock,rural_settlement,
me_land_3993,Naramar Oasis,me_near_harad_region,UMB,place,1.679,me_umbarite,me_sauron_cult,,copper,rural_settlement,tlicho_culture
me_land_3994,Birchbough,me_rohan_region,FAN,place,0.016,me_onodrim,me_eldest_ways,,wheat,rural_settlement,
me_land_3995,Khurad Steppe,me_rhun_region,RHU,place,2.621,me_balchoth,me_sauron_cult,,livestock,rural_settlement,laoxiang_culture
me_land_3996,Weststead End,me_enedwaith_region,WILD,wilderness,0.015,me_dunlending,me_dunland_ways,,wool,rural_settlement,
me_land_3997,Skarnuk Camp,me_khand_region,KHA,place,1.011,me_variag,me_melkorism,,wool,rural_settlement,
me_land_3998,Ost lothion,me_ithilien_region,WILD,wilderness,0.016,me_gondorian,me_valar_worship,,livestock,rural_settlement,
me_land_3999,Bardness,me_rhun_region,DOR,place,1.82,me_dorwinrim,me_northern_ways,,wool,rural_settlement,sundanese_culture
me_land_4000,Bellness,me_rhun_region,DOR,place,1.82,me_dorwinrim,me_northern_ways,,wheat,rural_settlement,sumuri_culture
me_land_4001,Alderwater End,me_enedwaith_region,WILD,wilderness,0.013,me_dunlending,me_dunland_ways,,fish,rural_settlement,
me_land_4002,Ashfang Cleft,me_anduin_vale_region,GOB,place,1.298,me_misty_orc,me_melkorism,,wheat,rural_settlement,
me_land_4003,Lodad Steppe,me_rhun_region,RH2,place,1.432,me_karmachi,me_melkorism,,livestock,rural_settlement,yazoo_culture
me_land_4004,Ashwater End,me_anduin_vale_region,WILD,wilderness,0.015,me_woodman,me_northern_ways,,livestock,rural_settlement,
me_land_4005,Barrowwater End,me_enedwaith_region,DUN,place,5.732,me_dunlending,me_dunland_ways,,livestock,rural_settlement,baining_culture
me_land_4006,Taur lothion,me_ithilien_region,WILD,wilderness,0.007,me_gondorian,me_valar_worship,,stone,rural_settlement,
me_land_4007,Bowness,me_dale_region,ESG,place,1.113,me_dalish,me_northern_ways,,wool,rural_settlement,
me_land_4008,Firien Wood,me_rohan_region,ROH,landmark,2.489,me_rohirric,me_northern_ways,,wool,rural_settlement,mi_niah_culture
me_land_4009,Qasamar Oasis,me_umbar_region,UMB,place,1.006,me_umbarite,me_sauron_cult,,wool,rural_settlement,
me_land_4010,Targuk Camp,me_near_harad_region,KHA,place,1.011,me_variag,me_melkorism,,copper,rural_settlement,
me_land_4011,Beaconwater End,me_mirkwood_region,WILD,wilderness,0.013,me_woodman,me_northern_ways,,livestock,rural_settlement,
me_land_4012,Carrockmead,me_anduin_vale_region,BEO,place,0.307,me_beorning,me_northern_ways,,clay,rural_settlement,
me_land_4013,Narad Steppe,me_rhun_region,RHU,place,2.621,me_balchoth,me_sauron_cult,,horses,rural_settlement,lao_culture
me_land_4014,Azgfang Cleft,me_mordor_region,MOR,place,0.632,me_mordor_orc,me_sauron_cult,,wheat,rural_settlement,
me_land_4015,Bar lothion,me_ithilien_region,WILD,wilderness,0.015,me_gondorian,me_valar_worship,,clay,rural_settlement,
me_land_4016,Déorseld,me_rohan_region,ROH,place,2.399,me_rohirric,me_northern_ways,,livestock,rural_settlement,nanticoke_culture
me_land_4017,Varkuk Camp,me_khand_region,KHA,place,1.011,me_variag,me_melkorism,,livestock,rural_settlement,
me_land_4018,Rhovad Steppe,me_rhun_region,RHU,place,2.621,me_balchoth,me_sauron_cult,,livestock,rural_settlement,languedocien
me_land_4019,Sagad Steppe,me_rhun_region,RH2,place,1.432,me_karmachi,me_melkorism,,wheat,rural_settlement,yawyu_culture
me_land_4020,Celduinness,me_rhun_region,DOR,place,1.366,me_dorwinrim,me_northern_ways,,wheat,rural_settlement,
me_land_4021,Blackwater End,me_enedwaith_region,WILD,wilderness,0.013,me_dunlending,me_dunland_ways,,livestock,rural_settlement,
me_land_4022,Calen lothion,me_brown_lands_region,WILD,wilderness,0.011,me_woodman,me_northern_ways,,livestock,rural_settlement,
me_land_4023,Celon lothion,me_belfalas_region,GON,place,3.777,me_gondorian,me_valar_worship,,clay,rural_settlement,huazhou_culture
me_land_4024,Blackfang Cleft,me_mordor_region,MOR,place,1.265,me_mordor_orc,me_sauron_cult,,iron,rural_settlement,
me_land_4025,Nim lothion,me_belfalas_region,DAM,place,2.469,me_dol_amrothian,me_valar_worship,,wool,rural_settlement,mollo_culture
me_land_4026,Amon mornion,me_ithilien_region,WILD,wilderness,0.015,me_gondorian,me_valar_worship,,livestock,rural_settlement,
me_land_4027,Zanduk Camp,me_khand_region,KHA,place,1.011,me_variag,me_melkorism,,livestock,rural_settlement,
me_land_4028,Rakhamar Oasis,me_far_harad_region,HRA,place,4.546,me_near_haradrim,me_southron_ways,,livestock,rural_settlement,georgian_culture
me_land_4029,Dol mornion,me_ithilien_region,WILD,wilderness,0.016,me_gondorian,me_valar_worship,,livestock,rural_settlement,
me_land_4030,Eithel mornion,me_north_arnor_region,WILD,wilderness,0.015,me_eriadoran,me_northern_ways,,livestock,rural_settlement,
me_land_4031,Burzfang Cleft,me_grey_mountains_region,GUN,place,5.13,me_northern_orc,me_melkorism,,wool,rural_settlement,daga_papua_culture
me_land_4032,Daleness,me_rhun_region,DOR,place,1.366,me_dorwinrim,me_northern_ways,,wool,rural_settlement,
me_land_4033,Sharad Steppe,me_rhun_region,RH2,place,1.432,me_karmachi,me_melkorism,,wool,rural_settlement,yavapai_culture
me_land_4034,Emyn mornion,me_north_arnor_region,WILD,wilderness,0.015,me_eriadoran,me_northern_ways,,clay,rural_settlement,
me_land_4035,Imlad mornion,me_lindon_region,LIN,place,0.05,me_sindar,me_valar_worship,,clay,rural_settlement,
me_land_4036,Dushfang Cleft,me_mordor_region,WILD,wilderness,0.007,me_mordor_orc,me_sauron_cult,,livestock,rural_settlement,
me_land_4037,Minas mornion,me_north_arnor_region,WILD,wilderness,0.015,me_eriadoran,me_northern_ways,,wheat,rural_settlement,
me_land_4038,Ghashfang Cleft,me_anduin_vale_region,DOL,place,3.575,me_mordor_orc,me_sauron_cult,,wheat,rural_settlement,juang_culture
me_land_4039,Bramblewater End,me_enedwaith_region,WILD,wilderness,0.015,me_dunlending,me_dunland_ways,,clay,rural_settlement,
me_land_4040,Ost mornion,me_lindon_region,LIN,place,0.093,me_sindar,me_valar_worship,,fish,rural_settlement,
me_land_4041,Uldad Steppe,me_rhun_region,RHU,place,2.621,me_balchoth,me_sauron_cult,,horses,rural_settlement,lamutk_culture
me_land_4042,Eorlseld,me_rohan_region,ROH,place,2.489,me_rohirric,me_northern_ways,,clay,rural_settlement,meyah_culture
me_land_4043,Gorfang Cleft,me_mordor_region,MOR,place,1.265,me_mordor_orc,me_sauron_cult,,stone,rural_settlement,
me_land_4044,Taur mornion,me_north_arnor_region,WILD,wilderness,0.015,me_eriadoran,me_northern_ways,,wool,rural_settlement,
me_land_4045,Rushcroft,me_shire_breeland_region,WILD,wilderness,0.015,me_eriadoran,me_northern_ways,,wool,rural_settlement,
me_land_4046,Whiteshore Sound,me_northern_wastes_region,WILD,wilderness,0.013,me_lossoth,me_lossoth_ways,,livestock,rural_settlement,
me_land_4047,Baraznâla,me_rhun_region,IRO,place,0.447,me_longbeard,me_mahal_cult,,horses,rural_settlement,
me_land_4048,Wintershore Sound,me_forochel_region,LOS,place,0.031,me_lossoth,me_lossoth_ways,,wild_game,rural_settlement,
me_land_4049,Grishfang Cleft,me_mordor_region,WILD,wilderness,0.013,me_mordor_orc,me_sauron_cult,,wheat,rural_settlement,
me_land_4050,Sahramar Oasis,me_far_harad_region,HNE,place,2.034,me_near_haradrim,me_southron_ways,,livestock,rural_settlement,pequot_culture
me_land_4051,Bucklandwater End,me_enedwaith_region,WILD,wilderness,0.015,me_dunlending,me_dunland_ways,,livestock,rural_settlement,
me_land_4052,Tazamar Oasis,me_umbar_region,UMB,place,1.679,me_umbarite,me_sauron_cult,,salt,rural_settlement,tlaxcaltec_culture
me_land_4053,Bar mornion,me_belfalas_region,DAM,place,2.469,me_dol_amrothian,me_valar_worship,,wheat,rural_settlement,moldovan
me_land_4054,Calen mornion,me_brown_lands_region,WILD,wilderness,0.015,me_woodman,me_northern_ways,,clay,rural_settlement,
me_land_4055,Wainad Steppe,me_rhun_region,RH3,place,4.951,me_sagath,me_melkorism,,livestock,rural_settlement,dongjiang_culture
me_land_4056,Bizarnâla,me_grey_mountains_region,ERE,place,1.435,me_longbeard,me_mahal_cult,,livestock,rural_settlement,wunambul_culture
me_land_4057,Zorad Steppe,me_rhun_region,RH2,place,1.432,me_karmachi,me_melkorism,,livestock,rural_settlement,yaur_culture
me_land_4058,Cedarwater End,me_mirkwood_region,WILD,wilderness,0.013,me_woodman,me_northern_ways,,wheat,rural_settlement,
me_land_4059,Krimpfang Cleft,me_mordor_region,MOR,place,1.265,me_mordor_orc,me_sauron_cult,,stone,rural_settlement,
me_land_4060,Lugfang Cleft,me_mordor_region,MOR,place,1.265,me_mordor_orc,me_sauron_cult,,livestock,rural_settlement,
me_land_4061,Celon mornion,me_ithilien_region,WILD,wilderness,0.007,me_gondorian,me_valar_worship,,iron,rural_settlement,
me_land_4062,Folcseld,me_rohan_region,ROH,place,1.719,me_rohirric,me_northern_ways,,horses,rural_settlement,tatuy_culture
me_land_4063,Goldenmead,me_anduin_vale_region,BEO,place,0.307,me_beorning,me_northern_ways,,clay,rural_settlement,
me_land_4064,Nim mornion,me_south_gondor_region,GON,place,5.473,me_gondorian,me_valar_worship,,clay,rural_settlement,betsileo_culture
me_land_4065,Balar Steppe,me_rhun_region,RH2,place,1.908,me_karmachi,me_melkorism,,clay,rural_settlement,sao_culture
me_land_4066,Amon nenion,me_south_gondor_region,GON,place,5.473,me_gondorian,me_valar_worship,,clay,rural_settlement,besermyan
me_land_4067,Bundnâla,me_lindon_region,BLU,place,0.258,me_firebeard_broadbeam,me_mahal_cult,,wheat,rural_settlement,
me_land_4068,Arzun Camp,me_khand_region,KHA,place,1.011,me_variag,me_melkorism,,copper,rural_settlement,
me_land_4069,Dol nenion,me_north_arnor_region,WILD,wilderness,0.013,me_eriadoran,me_northern_ways,,livestock,rural_settlement,
me_land_4070,Mauhfang Cleft,me_mordor_region,WILD,wilderness,0.013,me_mordor_orc,me_sauron_cult,,iron,rural_settlement,
me_land_4071,Coldwater Sound,me_forochel_region,WILD,wilderness,0.013,me_lossoth,me_lossoth_ways,,fur,rural_settlement,
me_land_4072,Eithel nenion,me_lindon_region,LIN,place,0.093,me_sindar,me_valar_worship,,fish,rural_settlement,
me_land_4073,Driftwater Sound,me_northern_wastes_region,WILD,wilderness,0.006,me_lossoth,me_lossoth_ways,,wild_game,rural_settlement,
me_land_4074,Balkun Camp,me_far_harad_region,KHA,place,1.011,me_variag,me_melkorism,,salt,rural_settlement,
me_land_4075,Emyn nenion,me_ithilien_region,WILD,wilderness,0.015,me_gondorian,me_valar_worship,,iron,rural_settlement,
me_land_4076,Imlad nenion,me_south_gondor_region,GON,place,5.473,me_gondorian,me_valar_worship,,clay,rural_settlement,berta_culture
me_land_4077,Borar Steppe,me_rhun_region,RH2,place,1.432,me_karmachi,me_melkorism,,wool,rural_settlement,yattinde_culture
me_land_4078,Minas nenion,me_lindon_region,LIN,place,0.093,me_sindar,me_valar_worship,,clay,rural_settlement,
me_land_4079,Muzgfang Cleft,me_mordor_region,WILD,wilderness,0.013,me_mordor_orc,me_sauron_cult,,wheat,rural_settlement,
me_land_4080,Ost nenion,me_lindon_region,LIN,place,0.093,me_sindar,me_valar_worship,,wheat,rural_settlement,
me_land_4081,Taur nenion,me_ithilien_region,WILD,wilderness,0.007,me_gondorian,me_valar_worship,,iron,rural_settlement,
me_land_4082,Nazgfang Cleft,me_mordor_region,MOR,place,7.563,me_mordor_orc,me_sauron_cult,,wheat,rural_settlement,amaimon_culture
me_land_4083,Bar nenion,me_north_arnor_region,WILD,wilderness,0.015,me_eriadoran,me_northern_ways,,wheat,rural_settlement,
me_land_4084,Umramar Oasis,me_far_harad_region,HFA,place,5.583,me_far_haradrim,me_southron_ways,,livestock,rural_settlement,balotipone_culture
me_land_4085,Calen nenion,me_north_arnor_region,WILD,wilderness,0.015,me_eriadoran,me_northern_ways,,livestock,rural_settlement,
me_land_4086,Celon nenion,me_mirkwood_region,WOO,place,0.648,me_silvan,me_valar_worship,,wool,rural_settlement,
me_land_4087,Nim nenion,me_lebennin_region,GON,place,0.855,me_gondorian,me_valar_worship,,salt,rural_settlement,
me_land_4088,Frostwater Sound,me_northern_wastes_region,WILD,wilderness,0.006,me_lossoth,me_lossoth_ways,,wild_game,rural_settlement,
me_land_4089,Amon rathion,me_ithilien_region,WILD,wilderness,0.007,me_gondorian,me_valar_worship,,iron,rural_settlement,
me_land_4090,Dol rathion,me_belfalas_region,GON,place,5.473,me_gondorian,me_valar_worship,,clay,rural_settlement,berrichon
me_land_4091,Zaramar Oasis,me_near_harad_region,HNE,place,2.034,me_near_haradrim,me_southron_ways,,wool,rural_settlement,penobscot_culture
me_land_4092,Skaifang Cleft,me_angmar_region,WILD,wilderness,0.006,me_northern_orc,me_melkorism,,fur,rural_settlement,
me_land_4093,Azran Oasis,me_umbar_region,UMB,place,1.679,me_umbarite,me_sauron_cult,,livestock,rural_settlement,tiwa_culture
me_land_4094,Eithel rathion,me_north_arnor_region,WILD,wilderness,0.015,me_eriadoran,me_northern_ways,,livestock,rural_settlement,
me_land_4095,Uglfang Cleft,me_mordor_region,MOR,place,5.742,me_mordor_orc,me_sauron_cult,,livestock,rural_settlement,atchakangouen_culture
me_land_4096,Gathar Steppe,me_rhun_region,RH2,place,2.512,me_karmachi,me_melkorism,,wool,rural_settlement,mbunda
me_land_4097,Emyn rathion,me_lindon_region,LIN,place,0.093,me_sindar,me_valar_worship,,wheat,rural_settlement,
me_land_4098,Imlad rathion,me_mirkwood_region,WOO,place,0.648,me_silvan,me_valar_worship,,medicaments,rural_settlement,
me_land_4099,Icewater Sound,me_northern_wastes_region,WILD,wilderness,0.013,me_lossoth,me_lossoth_ways,,wool,rural_settlement,
me_land_4100,Bahran Oasis,me_umbar_region,UMB,place,1.679,me_umbarite,me_sauron_cult,,copper,rural_settlement,tises_culture
me_land_4101,Northwater Sound,me_northern_wastes_region,WILD,wilderness,0.006,me_lossoth,me_lossoth_ways,,fish,rural_settlement,
me_land_4102,Minas rathion,me_ithilien_region,WILD,wilderness,0.007,me_gondorian,me_valar_worship,,iron,rural_settlement,
me_land_4103,Ost rathion,me_lindon_region,LIN,place,0.093,me_sindar,me_valar_worship,,wool,rural_settlement,
me_land_4104,Karmar Steppe,me_rhun_region,RH2,place,1.432,me_karmachi,me_melkorism,,wool,rural_settlement,yaros_culture
me_land_4105,Palewater Sound,me_northern_wastes_region,WILD,wilderness,0.006,me_lossoth,me_lossoth_ways,,fish,rural_settlement,
me_land_4106,Daran Oasis,me_near_harad_region,UMB,place,1.679,me_umbarite,me_sauron_cult,,livestock,rural_settlement,tiri_culture
me_land_4107,Drazun Camp,me_khand_region,KHA,place,1.011,me_variag,me_melkorism,,salt,rural_settlement,
me_land_4108,Taur rathion,me_north_arnor_region,WILD,wilderness,0.013,me_eriadoran,me_northern_ways,,wool,rural_settlement,
me_land_4109,Bar rathion,me_belfalas_region,GON,place,5.473,me_gondorian,me_valar_worship,,wool,rural_settlement,beothuk_culture
me_land_4110,Calen rathion,me_brown_lands_region,WILD,wilderness,0.011,me_woodman,me_northern_ways,,horses,rural_settlement,
me_land_4111,Deepwater End,me_anduin_vale_region,WILD,wilderness,0.015,me_woodman,me_northern_ways,,wool,rural_settlement,
me_land_4112,Khurar Steppe,me_rhun_region,RHU,place,2.621,me_balchoth,me_sauron_cult,,wheat,rural_settlement,lamtuna_culture
me_land_4113,Urukfang Cleft,me_anduin_vale_region,GOB,place,1.298,me_misty_orc,me_melkorism,,wheat,rural_settlement,
me_land_4114,Sealwater Sound,me_northern_wastes_region,WILD,wilderness,0.013,me_lossoth,me_lossoth_ways,,livestock,rural_settlement,
me_land_4115,Gharun Camp,me_khand_region,KHA,place,1.011,me_variag,me_melkorism,,wool,rural_settlement,
me_land_4116,Kandun Camp,me_far_harad_region,KHA,place,1.011,me_variag,me_melkorism,,salt,rural_settlement,
me_land_4117,Eastwater End,me_mirkwood_region,WDM,place,1.141,me_woodman,me_northern_ways,,wool,rural_settlement,
me_land_4118,Snowwater Sound,me_northern_wastes_region,WILD,wilderness,0.006,me_lossoth,me_lossoth_ways,,wild_game,rural_settlement,
me_land_4119,Greenwater End,me_anduin_vale_region,WILD,wilderness,0.013,me_woodman,me_northern_ways,,wheat,rural_settlement,
me_land_4120,Faran Oasis,me_near_harad_region,UMB,place,1.679,me_umbarite,me_sauron_cult,,copper,rural_settlement,tiou_culture
me_land_4121,Celon rathion,me_belfalas_region,DAM,place,2.469,me_dol_amrothian,me_valar_worship,,wool,rural_settlement,molalla_culture
me_land_4122,Nim rathion,me_belfalas_region,GON,place,3.777,me_gondorian,me_valar_worship,,wool,rural_settlement,huayla_culture
me_land_4123,Greywater End,me_mirkwood_region,WILD,wilderness,0.013,me_woodman,me_northern_ways,,wheat,rural_settlement,
me_land_4124,Amon sarnion,me_north_arnor_region,RAN,place,0.168,me_arnor_dunedain,me_valar_worship,,livestock,rural_settlement,
me_land_4125,Ashgash Cleft,me_mordor_region,MOR,place,0.632,me_mordor_orc,me_sauron_cult,,iron,rural_settlement,
me_land_4126,Lodar Steppe,me_rhun_region,RH2,place,1.432,me_karmachi,me_melkorism,,wheat,rural_settlement,yaro_culture
me_land_4127,Hadran Oasis,me_near_harad_region,HNE,place,2.034,me_near_haradrim,me_southron_ways,,copper,rural_settlement,pennacook_culture
me_land_4128,Azggash Cleft,me_mordor_region,MOR,place,1.265,me_mordor_orc,me_sauron_cult,,livestock,rural_settlement,
me_land_4129,Dumnâla,me_grey_mountains_region,WILD,wilderness,0.01,me_northern_orc,me_melkorism,,wild_game,rural_settlement,
me_land_4130,Longwater End,me_enedwaith_region,WILD,wilderness,0.013,me_dunlending,me_dunland_ways,,fish,rural_settlement,
me_land_4131,Kharan Oasis,me_umbar_region,UMB,place,1.679,me_umbarite,me_sauron_cult,,wool,rural_settlement,tionontate_culture
me_land_4132,Narar Steppe,me_rhun_region,RH2,place,1.908,me_karmachi,me_melkorism,,clay,rural_settlement,santal_culture
me_land_4133,Dol sarnion,me_north_arnor_region,WILD,wilderness,0.015,me_eriadoran,me_northern_ways,,clay,rural_settlement,
me_land_4134,Feleknâla,me_grey_mountains_region,ERE,place,1.435,me_longbeard,me_mahal_cult,,wheat,rural_settlement,wumbu
me_land_4135,Northwater End,me_anduin_vale_region,WILD,wilderness,0.015,me_woodman,me_northern_ways,,wheat,rural_settlement,
me_land_4136,Forochel Camp,me_forochel_region,LOS,camp,0.044,me_lossoth,me_lossoth_ways,,fur,town,
me_land_4137,Eithel sarnion,me_anorien_region,GON,place,5.473,me_gondorian,me_valar_worship,,livestock,rural_settlement,benue
me_land_4138,Rhovar Steppe,me_rhun_region,RH2,place,1.432,me_karmachi,me_melkorism,,livestock,rural_settlement,yarigui_culture
me_land_4139,Oakwater End,me_enedwaith_region,WILD,wilderness,0.015,me_dunlending,me_dunland_ways,,wheat,rural_settlement,
me_land_4140,Mahran Oasis,me_near_harad_region,UMB,place,1.679,me_umbarite,me_sauron_cult,,salt,rural_settlement,tinputz_culture
me_land_4141,Gamilnâla,me_lindon_region,BLU,place,0.258,me_firebeard_broadbeam,me_mahal_cult,,livestock,rural_settlement,
me_land_4142,Eastness,me_dale_region,DAL,place,1.967,me_dalish,me_northern_ways,,livestock,rural_settlement,rhine_alemannic
me_land_4143,Sagar Steppe,me_rhun_region,RH2,place,1.908,me_karmachi,me_melkorism,,wool,rural_settlement,sanhaja
me_land_4144,Southwater End,me_mirkwood_region,WILD,wilderness,0.011,me_woodman,me_northern_ways,,horses,rural_settlement,
me_land_4145,Khazun Camp,me_far_harad_region,KHA,place,1.011,me_variag,me_melkorism,,wool,rural_settlement,
me_land_4146,Esgarness,me_dale_region,ESG,place,0.437,me_dalish,me_northern_ways,,wool,rural_settlement,
me_land_4147,Stonewater End,me_enedwaith_region,WILD,wilderness,0.013,me_dunlending,me_dunland_ways,,livestock,rural_settlement,
me_land_4148,Blackgash Cleft,me_mordor_region,WILD,wilderness,0.013,me_mordor_orc,me_sauron_cult,,stone,rural_settlement,
me_land_4149,Khorun Camp,me_khand_region,KHA,place,1.011,me_variag,me_melkorism,,salt,rural_settlement,
me_land_4150,Burzgash Cleft,me_anduin_vale_region,GOB,place,1.298,me_misty_orc,me_melkorism,,livestock,rural_settlement,
me_land_4151,Dushgash Cleft,me_mordor_region,WILD,wilderness,0.013,me_mordor_orc,me_sauron_cult,,livestock,rural_settlement,
me_land_4152,Emyn sarnion,me_south_gondor_region,GON,place,0.855,me_gondorian,me_valar_worship,,copper,rural_settlement,
me_land_4153,Imlad sarnion,me_brown_lands_region,WILD,wilderness,0.011,me_woodman,me_northern_ways,,wool,rural_settlement,
me_land_4154,Minas sarnion,me_lindon_region,LIN,place,0.093,me_sindar,me_valar_worship,,livestock,rural_settlement,
me_land_4155,Sharar Steppe,me_rhun_region,RH3,place,4.951,me_sagath,me_melkorism,,wool,rural_settlement,dompu_culture
me_land_4156,Starwater Sound,me_northern_wastes_region,WILD,wilderness,0.006,me_lossoth,me_lossoth_ways,,wild_game,rural_settlement,
me_land_4157,Ost sarnion,me_belfalas_region,GON,place,3.777,me_gondorian,me_valar_worship,,fish,rural_settlement,huastec_culture
me_land_4158,Westwater End,me_enedwaith_region,WILD,wilderness,0.015,me_dunlending,me_dunland_ways,,wheat,rural_settlement,
me_land_4159,Uldar Steppe,me_rhun_region,RH2,place,1.908,me_karmachi,me_melkorism,,clay,rural_settlement,sangirese_culture
me_land_4160,Wainar Steppe,me_rhun_region,RHU,place,2.621,me_balchoth,me_sauron_cult,,wheat,rural_settlement,lampung_culture
me_land_4161,Taur sarnion,me_ithilien_region,WILD,wilderness,0.016,me_gondorian,me_valar_worship,,clay,rural_settlement,
me_land_4162,Naran Oasis,me_near_harad_region,HRA,place,4.546,me_near_haradrim,me_southron_ways,,wool,rural_settlement,gelao_culture
me_land_4163,Iron Hills,me_rhun_region,IRO,hold,2.212,me_longbeard,me_mahal_cult,,iron,town,osaakiiwaki_culture
me_land_4164,Zorar Steppe,me_rhun_region,RHU,place,2.621,me_balchoth,me_sauron_cult,,wool,rural_settlement,lamogai_culture
me_land_4165,Qasan Oasis,me_near_harad_region,HNE,place,2.034,me_near_haradrim,me_southron_ways,,copper,rural_settlement,penkwitikka_culture
me_land_4166,Ruzun Camp,me_khand_region,KHA,place,1.011,me_variag,me_melkorism,,wool,rural_settlement,
me_land_4167,Balath Steppe,me_rhun_region,RH3,place,4.951,me_sagath,me_melkorism,,livestock,rural_settlement,domari_culture
me_land_4168,Borath Steppe,me_rhun_region,RH2,place,1.432,me_karmachi,me_melkorism,,horses,rural_settlement,yareba_culture
me_land_4169,Boughbough,me_rohan_region,FAN,place,0.016,me_onodrim,me_eldest_ways,,wool,rural_settlement,
me_land_4170,Bar sarnion,me_mirkwood_region,WOO,place,0.325,me_silvan,me_valar_worship,,wild_game,rural_settlement,
me_land_4171,Kingness,me_rhun_region,DOR,place,1.366,me_dorwinrim,me_northern_ways,,wool,rural_settlement,
me_land_4172,Calen sarnion,me_ithilien_region,WILD,wilderness,0.007,me_gondorian,me_valar_worship,,stone,rural_settlement,
me_land_4173,Gathath Steppe,me_rhun_region,RHU,place,2.621,me_balchoth,me_sauron_cult,,wool,rural_settlement,lamalama_culture
me_land_4174,Celon sarnion,me_lindon_region,LIN,place,0.126,me_sindar,me_valar_worship,,wheat,rural_settlement,
me_land_4175,Karmath Steppe,me_rhun_region,RH3,place,4.951,me_sagath,me_melkorism,,wool,rural_settlement,dogon
me_land_4176,Nim sarnion,me_brown_lands_region,WILD,wilderness,0.013,me_woodman,me_northern_ways,,clay,rural_settlement,
me_land_4177,Gatholnâla,me_lindon_region,BLU,place,0.258,me_firebeard_broadbeam,me_mahal_cult,,clay,rural_settlement,
me_land_4178,Alderwood End,me_anduin_vale_region,WILD,wilderness,0.015,me_woodman,me_northern_ways,,wheat,rural_settlement,
me_land_4179,Ghashgash Cleft,me_angmar_region,WILD,wilderness,0.006,me_northern_orc,me_melkorism,,fur,rural_settlement,
me_land_4180,Ashwood End,me_enedwaith_region,WILD,wilderness,0.016,me_dunlending,me_dunland_ways,,wheat,rural_settlement,
me_land_4181,Gorgash Cleft,me_mordor_region,MOR,place,5.742,me_mordor_orc,me_sauron_cult,,iron,rural_settlement,atavillos_culture
me_land_4182,Amon thoronion,me_north_arnor_region,RAN,place,0.168,me_arnor_dunedain,me_valar_worship,,livestock,rural_settlement,
me_land_4183,Khurath Steppe,me_rhun_region,RHU,place,2.621,me_balchoth,me_sauron_cult,,wheat,rural_settlement,lamaholot_culture
me_land_4184,Barrowwood End,me_anduin_vale_region,WILD,wilderness,0.015,me_woodman,me_northern_ways,,wool,rural_settlement,
me_land_4185,Lodath Steppe,me_rhun_region,RH3,place,4.951,me_sagath,me_melkorism,,wool,rural_settlement,doeg_culture
me_land_4186,Narath Steppe,me_rhun_region,RH2,place,1.908,me_karmachi,me_melkorism,,livestock,rural_settlement,sandawe_culture
me_land_4187,Beaconwood End,me_enedwaith_region,WILD,wilderness,0.015,me_dunlending,me_dunland_ways,,livestock,rural_settlement,
me_land_4188,Dol thoronion,me_belfalas_region,GON,place,5.473,me_gondorian,me_valar_worship,,wheat,rural_settlement,bengali
me_land_4189,Lakeness,me_rhun_region,DOR,place,1.367,me_dorwinrim,me_northern_ways,,horses,rural_settlement,
me_land_4190,Blackwood End,me_anduin_vale_region,WILD,wilderness,0.015,me_woodman,me_northern_ways,,wool,rural_settlement,
me_land_4191,Whitewater Sound,me_forochel_region,WILD,wilderness,0.013,me_lossoth,me_lossoth_ways,,wild_game,rural_settlement,
me_land_4192,Rhovath Steppe,me_rhun_region,RH3,place,4.951,me_sagath,me_melkorism,,wheat,rural_settlement,djirbalngan_culture
me_land_4193,Bramblewood End,me_enedwaith_region,WILD,wilderness,0.013,me_dunlending,me_dunland_ways,,wheat,rural_settlement,
me_land_4194,Gundnâla,me_rhun_region,IRO,place,0.447,me_longbeard,me_mahal_cult,,livestock,rural_settlement,
me_land_4195,Eithel thoronion,me_lindon_region,LIN,place,0.093,me_sindar,me_valar_worship,,wheat,rural_settlement,
me_land_4196,Winterwater Sound,me_northern_wastes_region,WILD,wilderness,0.013,me_lossoth,me_lossoth_ways,,wool,rural_settlement,
me_land_4197,Coldbay Waste,me_northern_wastes_region,WILD,wilderness,0.006,me_lossoth,me_lossoth_ways,,wild_game,rural_settlement,
me_land_4198,Bucklandwood End,me_anduin_vale_region,WILD,wilderness,0.015,me_woodman,me_northern_ways,,wool,rural_settlement,
me_land_4199,Framseld,me_rohan_region,ROH,place,2.399,me_rohirric,me_northern_ways,,wheat,rural_settlement,nansemond_culture
me_land_4200,Driftbay Waste,me_northern_wastes_region,WILD,wilderness,0.011,me_lossoth,me_lossoth_ways,,livestock,rural_settlement,
me_land_4201,Sagath Steppe,me_rhun_region,RH3,place,4.951,me_sagath,me_melkorism,,wheat,rural_settlement,djeoromitxi_culture
me_land_4202,Emyn thoronion,me_north_arnor_region,WILD,wilderness,0.015,me_eriadoran,me_northern_ways,,wool,rural_settlement,
me_land_4203,Cedarwood End,me_enedwaith_region,WILD,wilderness,0.015,me_dunlending,me_dunland_ways,,clay,rural_settlement,
me_land_4204,Imlad thoronion,me_belfalas_region,GON,place,3.777,me_gondorian,me_valar_worship,,wheat,rural_settlement,huarco_culture
me_land_4205,Frostbay Waste,me_northern_wastes_region,WILD,wilderness,0.013,me_lossoth,me_lossoth_ways,,wheat,rural_settlement,
me_land_4206,Sharath Steppe,me_rhun_region,RHU,place,2.621,me_balchoth,me_sauron_cult,,wool,rural_settlement,lalagir_culture
me_land_4207,Deepwood End,me_enedwaith_region,WILD,wilderness,0.008,me_dunlending,me_dunland_ways,,wheat,rural_settlement,
me_land_4208,Minas thoronion,me_north_arnor_region,WILD,wilderness,0.015,me_eriadoran,me_northern_ways,,livestock,rural_settlement,
me_land_4209,Uldath Steppe,me_rhun_region,RHU,place,2.621,me_balchoth,me_sauron_cult,,livestock,rural_settlement,laklano_culture
me_land_4210,Icebay Waste,me_forochel_region,LOS,place,0.031,me_lossoth,me_lossoth_ways,,wild_game,rural_settlement,
me_land_4211,Longness,me_rhun_region,DOR,place,1.82,me_dorwinrim,me_northern_ways,,wheat,rural_settlement,sumbawa_culture
me_land_4212,Ost thoronion,me_north_arnor_region,WILD,wilderness,0.015,me_eriadoran,me_northern_ways,,livestock,rural_settlement,
me_land_4213,Wainath Steppe,me_rhun_region,RH2,place,1.432,me_karmachi,me_melkorism,,horses,rural_settlement,yaqui_culture
me_land_4214,Rakhan Oasis,me_umbar_region,UMB,place,1.679,me_umbarite,me_sauron_cult,,salt,rural_settlement,tinde_culture
me_land_4215,Northbay Waste,me_northern_wastes_region,WILD,wilderness,0.006,me_lossoth,me_lossoth_ways,,fur,rural_settlement,
me_land_4216,Eastwood End,me_anduin_vale_region,WILD,wilderness,0.015,me_woodman,me_northern_ways,,livestock,rural_settlement,
me_land_4217,Sahran Oasis,me_umbar_region,UMB,place,1.679,me_umbarite,me_sauron_cult,,copper,rural_settlement,timucua_culture
me_land_4218,Grishgash Cleft,me_mordor_region,WILD,wilderness,0.013,me_mordor_orc,me_sauron_cult,,wheat,rural_settlement,
me_land_4219,Tazan Oasis,me_near_harad_region,HNE,place,2.034,me_near_haradrim,me_southron_ways,,livestock,rural_settlement,pende
me_land_4220,Taur thoronion,me_ithilien_region,WILD,wilderness,0.015,me_gondorian,me_valar_worship,,wool,rural_settlement,
me_land_4221,Greenwood End,me_enedwaith_region,WILD,wilderness,0.015,me_dunlending,me_dunland_ways,,livestock,rural_settlement,
me_land_4222,Skarnun Camp,me_khand_region,KHA,place,1.011,me_variag,me_melkorism,,salt,rural_settlement,
me_land_4223,Greywood End,me_mirkwood_region,WILD,wilderness,0.011,me_woodman,me_northern_ways,,livestock,rural_settlement,
me_land_4224,Bar thoronion,me_north_arnor_region,WILD,wilderness,0.015,me_eriadoran,me_northern_ways,,livestock,rural_settlement,
me_land_4225,Longwood End,me_enedwaith_region,WILD,wilderness,0.013,me_dunlending,me_dunland_ways,,wool,rural_settlement,
me_land_4226,Northwood End,me_enedwaith_region,WILD,wilderness,0.015,me_dunlending,me_dunland_ways,,wool,rural_settlement,
me_land_4227,Targun Camp,me_far_harad_region,KHA,place,1.011,me_variag,me_melkorism,,wool,rural_settlement,
me_land_4228,Calen thoronion,me_brown_lands_region,WILD,wilderness,0.015,me_woodman,me_northern_ways,,wool,rural_settlement,
me_land_4229,Zorath Steppe,me_rhun_region,RH3,place,4.951,me_sagath,me_melkorism,,wheat,rural_settlement,djabuganjdji_culture
me_land_4230,Krimpgash Cleft,me_mordor_region,MOR,place,2.209,me_mordor_orc,me_sauron_cult,,wheat,rural_settlement,osheaga_culture
me_land_4231,Luggash Cleft,me_mordor_region,MOR,place,1.265,me_mordor_orc,me_sauron_cult,,livestock,rural_settlement,
me_land_4232,Palebay Waste,me_northern_wastes_region,WILD,wilderness,0.006,me_lossoth,me_lossoth_ways,,fish,rural_settlement,
me_land_4233,Sealbay Waste,me_northern_wastes_region,WILD,wilderness,0.006,me_lossoth,me_lossoth_ways,,fur,rural_settlement,
me_land_4234,Varkun Camp,me_far_harad_region,KHA,place,1.011,me_variag,me_melkorism,,livestock,rural_settlement,
me_land_4235,Celon thoronion,me_lebennin_region,GON,place,0.855,me_gondorian,me_valar_worship,,wool,rural_settlement,
me_land_4236,Zandun Camp,me_khand_region,KHA,place,1.011,me_variag,me_melkorism,,livestock,rural_settlement,
me_land_4237,Nim thoronion,me_anorien_region,GON,place,5.473,me_gondorian,me_valar_worship,,clay,rural_settlement,bena_lwalwa
me_land_4238,Mauhgash Cleft,me_north_arnor_region,ANG,place,1.484,me_northern_orc,me_melkorism,,wheat,rural_settlement,waveroo_culture
me_land_4239,Arzak Ford,me_near_harad_region,KHA,place,1.011,me_variag,me_melkorism,,wool,rural_settlement,
me_land_4240,Oakwood End,me_enedwaith_region,DUN,place,4.105,me_dunlending,me_dunland_ways,,wheat,rural_settlement,haliti_culture
me_land_4241,Muzggash Cleft,me_mordor_region,WILD,wilderness,0.013,me_mordor_orc,me_sauron_cult,,stone,rural_settlement,
me_land_4242,Amon adarlad,me_north_arnor_region,WILD,wilderness,0.015,me_eriadoran,me_northern_ways,,clay,rural_settlement,
me_land_4243,Umran Oasis,me_near_harad_region,UMB,place,1.006,me_umbarite,me_sauron_cult,,wool,rural_settlement,
me_land_4244,Balen Steppe,me_rhun_region,RHU,place,2.621,me_balchoth,me_sauron_cult,,wool,rural_settlement,lak_culture
me_land_4245,Thistlecroft,me_shire_breeland_region,SHI,place,2.869,me_shire_hobbit,me_northern_ways,,fiber_crops,rural_settlement,khanty_culture
me_land_4246,Southwood End,me_mirkwood_region,WDM,place,1.141,me_woodman,me_northern_ways,,wool,rural_settlement,
me_land_4247,Dol adarlad,me_belfalas_region,GON,place,5.473,me_gondorian,me_valar_worship,,livestock,rural_settlement,bena_culture
me_land_4248,Boren Steppe,me_rhun_region,RHU,place,2.621,me_balchoth,me_sauron_cult,,wool,rural_settlement,lahu_culture
me_land_4249,Eithel adarlad,me_belfalas_region,GON,place,3.777,me_gondorian,me_valar_worship,,livestock,rural_settlement,huancapampa_culture
me_land_4250,Emyn adarlad,me_mirkwood_region,WOO,place,0.325,me_silvan,me_valar_worship,,medicaments,rural_settlement,
me_land_4251,Nazggash Cleft,me_mordor_region,MOR,place,5.742,me_mordor_orc,me_sauron_cult,,iron,rural_settlement,ataronchronon_culture
me_land_4252,Skaigash Cleft,me_mordor_region,MOR,place,1.265,me_mordor_orc,me_sauron_cult,,wheat,rural_settlement,
me_land_4253,Imlad adarlad,me_north_arnor_region,WILD,wilderness,0.015,me_eriadoran,me_northern_ways,,wool,rural_settlement,
me_land_4254,Uglgash Cleft,me_mordor_region,WILD,wilderness,0.007,me_mordor_orc,me_sauron_cult,,wheat,rural_settlement,
me_land_4255,Stonewood End,me_enedwaith_region,WILD,wilderness,0.013,me_dunlending,me_dunland_ways,,livestock,rural_settlement,
me_land_4256,Minas adarlad,me_north_arnor_region,WILD,wilderness,0.013,me_eriadoran,me_northern_ways,,wheat,rural_settlement,
me_land_4257,Northness,me_dale_region,ESG,place,1.612,me_dalish,me_northern_ways,,clay,rural_settlement,wanka_culture
me_land_4258,Willowcroft,me_shire_breeland_region,SHI,place,2.869,me_shire_hobbit,me_northern_ways,,wool,rural_settlement,khandeshi
me_land_4259,Westwood End,me_anduin_vale_region,WILD,wilderness,0.015,me_woodman,me_northern_ways,,wool,rural_settlement,
me_land_4260,Honeymead,me_mirkwood_region,BEO,place,0.307,me_beorning,me_northern_ways,,livestock,rural_settlement,
me_land_4261,Snowbay Waste,me_northern_wastes_region,WILD,wilderness,0.006,me_lossoth,me_lossoth_ways,,fish,rural_settlement,
me_land_4262,Alderbank Fold,me_enedwaith_region,WILD,wilderness,0.013,me_dunlending,me_dunland_ways,,wheat,rural_settlement,
me_land_4263,Ost adarlad,me_lindon_region,LIN,place,0.093,me_sindar,me_valar_worship,,fish,rural_settlement,
me_land_4264,Starbay Waste,me_northern_wastes_region,WILD,wilderness,0.006,me_lossoth,me_lossoth_ways,,wild_game,rural_settlement,
me_land_4265,Taur adarlad,me_brown_lands_region,WILD,wilderness,0.011,me_woodman,me_northern_ways,,wool,rural_settlement,
me_land_4266,Whitebay Waste,me_forochel_region,LOS,place,0.216,me_lossoth,me_lossoth_ways,,wild_game,rural_settlement,
me_land_4267,Gathen Steppe,me_rhun_region,RH2,place,1.908,me_karmachi,me_melkorism,,wool,rural_settlement,sanaviron_culture
me_land_4268,Bar adarlad,me_north_arnor_region,WILD,wilderness,0.015,me_eriadoran,me_northern_ways,,wheat,rural_settlement,
me_land_4269,Urukgash Cleft,me_mordor_region,MOR,place,1.265,me_mordor_orc,me_sauron_cult,,wheat,rural_settlement,
me_land_4270,Shelob's Lair,me_ithilien_region,WILD,ruin,0,me_gondorian,me_valar_worship,,clay,rural_settlement,
me_land_4271,Winterbay Waste,me_northern_wastes_region,WILD,wilderness,0.006,me_lossoth,me_lossoth_ways,,wild_game,rural_settlement,
me_land_4272,Balkak Ford,me_khand_region,KHA,place,1.011,me_variag,me_melkorism,,wool,rural_settlement,
me_land_4273,Karmen Steppe,me_rhun_region,RHU,place,2.621,me_balchoth,me_sauron_cult,,wool,rural_settlement,lahkota_culture
me_land_4274,Drazak Ford,me_khand_region,KHA,place,1.011,me_variag,me_melkorism,,wool,rural_settlement,
me_land_4275,Zaran Oasis,me_far_harad_region,HFA,place,5.583,me_far_haradrim,me_southron_ways,,copper,rural_settlement,baloch_culture
me_land_4276,Coldcamp Waste,me_northern_wastes_region,WILD,wilderness,0.013,me_lossoth,me_lossoth_ways,,wool,rural_settlement,
me_land_4277,Khuren Steppe,me_rhun_region,RH2,place,1.908,me_karmachi,me_melkorism,,clay,rural_settlement,samogitian
me_land_4278,Driftcamp Waste,me_northern_wastes_region,WILD,wilderness,0.006,me_lossoth,me_lossoth_ways,,fish,rural_settlement,
me_land_4279,The Angle,me_north_arnor_region,RAN,refuge,0.656,me_arnor_dunedain,me_valar_worship,,clay,town,
me_land_4280,Frostcamp Waste,me_northern_wastes_region,WILD,wilderness,0.006,me_lossoth,me_lossoth_ways,,wild_game,rural_settlement,
me_land_4281,The Old Forest,me_shire_breeland_region,BRE,landmark,0.268,me_eriadoran,me_northern_ways,,wool,rural_settlement,
me_land_4282,Calen adarlad,me_anduin_vale_region,LOR,place,1.226,me_galadhrim,me_valar_worship,,clay,rural_settlement,
me_land_4283,Celon adarlad,me_ithilien_region,WILD,wilderness,0.016,me_gondorian,me_valar_worship,,livestock,rural_settlement,
me_land_4284,Loden Steppe,me_rhun_region,RH2,place,1.432,me_karmachi,me_melkorism,,livestock,rural_settlement,yaqay_culture
me_land_4285,Gharak Ford,me_far_harad_region,KHA,place,1.011,me_variag,me_melkorism,,livestock,rural_settlement,
me_land_4286,Azrara Oasis,me_umbar_region,UMB,place,1.679,me_umbarite,me_sauron_cult,,livestock,rural_settlement,timiscaming_culture
me_land_4287,Kandak Ford,me_khand_region,KHA,place,1.011,me_variag,me_melkorism,,livestock,rural_settlement,
me_land_4288,Bahrara Oasis,me_umbar_region,UMB,place,1.679,me_umbarite,me_sauron_cult,,copper,rural_settlement,timbisha_culture
me_land_4289,Naren Steppe,me_rhun_region,RH3,place,4.951,me_sagath,me_melkorism,,livestock,rural_settlement,dinka_culture
me_land_4290,Nim adarlad,me_lebennin_region,GON,place,0.855,me_gondorian,me_valar_worship,,copper,rural_settlement,
me_land_4291,Icecamp Waste,me_northern_wastes_region,WILD,wilderness,0.006,me_lossoth,me_lossoth_ways,,wild_game,rural_settlement,
me_land_4292,Rhoven Steppe,me_rhun_region,RH2,place,1.432,me_karmachi,me_melkorism,,wheat,rural_settlement,yapen_culture
me_land_4293,Sagen Steppe,me_rhun_region,RHU,place,2.621,me_balchoth,me_sauron_cult,,livestock,rural_settlement,ladin
me_land_4294,Ashglob Cleft,me_anduin_vale_region,GOB,place,1.298,me_misty_orc,me_melkorism,,wool,rural_settlement,
me_land_4295,Amon aellad,me_belfalas_region,GON,place,3.777,me_gondorian,me_valar_worship,,wool,rural_settlement,hualapai_culture
me_land_4296,Azgglob Cleft,me_mordor_region,WILD,wilderness,0.013,me_mordor_orc,me_sauron_cult,,stone,rural_settlement,
me_land_4297,Dol aellad,me_belfalas_region,GON,place,3.777,me_gondorian,me_valar_worship,,clay,rural_settlement,huaihai_culture
me_land_4298,Darara Oasis,me_umbar_region,UMB,place,1.679,me_umbarite,me_sauron_cult,,salt,rural_settlement,timbira_culture
me_land_4299,Northcamp Waste,me_northern_wastes_region,WILD,wilderness,0.006,me_lossoth,me_lossoth_ways,,fish,rural_settlement,
me_land_4300,Ashbank Fold,me_enedwaith_region,WILD,wilderness,0.013,me_dunlending,me_dunland_ways,,clay,rural_settlement,
me_land_4301,Barrowbank Fold,me_enedwaith_region,WILD,wilderness,0.013,me_dunlending,me_dunland_ways,,clay,rural_settlement,
me_land_4302,Sharen Steppe,me_rhun_region,RH3,place,4.951,me_sagath,me_melkorism,,wheat,rural_settlement,dinga
me_land_4303,Palecamp Waste,me_northern_wastes_region,WILD,wilderness,0.013,me_lossoth,me_lossoth_ways,,wheat,rural_settlement,
me_land_4304,Khazak Ford,me_khand_region,KHA,place,1.011,me_variag,me_melkorism,,salt,rural_settlement,
me_land_4305,Khorak Ford,me_khand_region,KHA,place,1.011,me_variag,me_melkorism,,wool,rural_settlement,
me_land_4306,Ruzak Ford,me_far_harad_region,KHA,place,1.011,me_variag,me_melkorism,,livestock,rural_settlement,
me_land_4307,Beaconbank Fold,me_mirkwood_region,WDM,place,1.141,me_woodman,me_northern_ways,,wool,rural_settlement,
me_land_4308,Skarnak Ford,me_far_harad_region,KHA,place,1.011,me_variag,me_melkorism,,salt,rural_settlement,
me_land_4309,Sealcamp Waste,me_northern_wastes_region,WILD,wilderness,0.006,me_lossoth,me_lossoth_ways,,fish,rural_settlement,
me_land_4310,Ulden Steppe,me_rhun_region,RH3,place,4.951,me_sagath,me_melkorism,,wool,rural_settlement,dine_culture
me_land_4311,Snowcamp Waste,me_northern_wastes_region,WILD,wilderness,0.013,me_lossoth,me_lossoth_ways,,wheat,rural_settlement,
me_land_4312,Eithel aellad,me_ithilien_region,WILD,wilderness,0.016,me_gondorian,me_valar_worship,,clay,rural_settlement,
me_land_4313,Wainen Steppe,me_rhun_region,RH3,place,4.951,me_sagath,me_melkorism,,livestock,rural_settlement,dimasa_culture
me_land_4314,Oakmead,me_mirkwood_region,BEO,place,0.168,me_beorning,me_northern_ways,,medicaments,rural_settlement,
me_land_4315,Khaznâla,me_lindon_region,BLU,place,0.351,me_firebeard_broadbeam,me_mahal_cult,,livestock,rural_settlement,
me_land_4316,Ravenness,me_rhun_region,DOR,place,1.82,me_dorwinrim,me_northern_ways,,livestock,rural_settlement,sumba_culture
me_land_4317,Zoren Steppe,me_rhun_region,RH2,place,1.908,me_karmachi,me_melkorism,,livestock,rural_settlement,sambal_culture
me_land_4318,Grimseld,me_rohan_region,ROH,place,1.719,me_rohirric,me_northern_ways,,wool,rural_settlement,tatoga_culture
me_land_4319,Emyn aellad,me_lebennin_region,GON,place,5.473,me_gondorian,me_valar_worship,,wool,rural_settlement,bembe
me_land_4320,Blackbank Fold,me_anduin_vale_region,WILD,wilderness,0.015,me_woodman,me_northern_ways,,livestock,rural_settlement,
me_land_4321,Imlad aellad,me_lindon_region,LIN,place,0.093,me_sindar,me_valar_worship,,clay,rural_settlement,
me_land_4322,Farara Oasis,me_near_harad_region,HNE,place,2.034,me_near_haradrim,me_southron_ways,,copper,rural_settlement,pemon_culture
me_land_4323,Minas aellad,me_belfalas_region,GON,place,5.473,me_gondorian,me_valar_worship,,wheat,rural_settlement,bemba
me_land_4324,Ost aellad,me_brown_lands_region,WILD,wilderness,0.013,me_woodman,me_northern_ways,,wheat,rural_settlement,
me_land_4325,Khelednâla,me_lindon_region,BLU,place,0.351,me_firebeard_broadbeam,me_mahal_cult,,clay,rural_settlement,
me_land_4326,Starcamp Waste,me_northern_wastes_region,WILD,wilderness,0.006,me_lossoth,me_lossoth_ways,,fish,rural_settlement,
me_land_4327,Elmbough,me_anduin_vale_region,FAN,place,0.013,me_onodrim,me_eldest_ways,,wool,rural_settlement,
me_land_4328,Bramblebank Fold,me_mirkwood_region,WDM,place,1.141,me_woodman,me_northern_ways,,medicaments,rural_settlement,
me_land_4329,Targak Ford,me_khand_region,KHA,place,1.011,me_variag,me_melkorism,,salt,rural_settlement,
me_land_4330,Varkak Ford,me_far_harad_region,KHA,place,1.011,me_variag,me_melkorism,,salt,rural_settlement,
me_land_4331,Taur aellad,me_north_arnor_region,WILD,wilderness,0.015,me_eriadoran,me_northern_ways,,wool,rural_settlement,
me_land_4332,Helmseld,me_rohan_region,ROH,place,2.399,me_rohirric,me_northern_ways,,clay,rural_settlement,nanagir_culture
me_land_4333,Hadrara Oasis,me_far_harad_region,HFA,place,14.82,me_far_haradrim,me_southron_ways,,livestock,rural_settlement,aimara_culture
me_land_4334,Bar aellad,me_north_arnor_region,WILD,wilderness,0.015,me_eriadoran,me_northern_ways,,wheat,rural_settlement,
me_land_4335,Kharara Oasis,me_far_harad_region,HRA,place,4.546,me_near_haradrim,me_southron_ways,,salt,rural_settlement,gela_culture
me_land_4336,Bucklandbank Fold,me_enedwaith_region,WILD,wilderness,0.013,me_dunlending,me_dunland_ways,,wheat,rural_settlement,
me_land_4337,Heruseld,me_rohan_region,ROH,place,1.719,me_rohirric,me_northern_ways,,horses,rural_settlement,tastil_culture
me_land_4338,Balod Steppe,me_rhun_region,RH2,place,1.432,me_karmachi,me_melkorism,,wool,rural_settlement,yapahruka_culture
me_land_4339,Mahrara Oasis,me_umbar_region,UMB,place,1.679,me_umbarite,me_sauron_cult,,fish,rural_settlement,timanae_culture
me_land_4340,Whitecamp Waste,me_forochel_region,LOS,place,0.216,me_lossoth,me_lossoth_ways,,fish,rural_settlement,
me_land_4341,Redness,me_rhun_region,DOR,place,1.367,me_dorwinrim,me_northern_ways,,livestock,rural_settlement,
me_land_4342,Wintercamp Waste,me_northern_wastes_region,WILD,wilderness,0.011,me_lossoth,me_lossoth_ways,,livestock,rural_settlement,
me_land_4343,Coldfell Waste,me_northern_wastes_region,WILD,wilderness,0.013,me_lossoth,me_lossoth_ways,,livestock,rural_settlement,
me_land_4344,Driftfell Waste,me_northern_wastes_region,WILD,wilderness,0.013,me_lossoth,me_lossoth_ways,,livestock,rural_settlement,
me_land_4345,Borod Steppe,me_rhun_region,RH2,place,1.432,me_karmachi,me_melkorism,,horses,rural_settlement,yap_culture
me_land_4346,Calen aellad,me_enedwaith_region,RAN,place,0.168,me_arnor_dunedain,me_valar_worship,,wheat,rural_settlement,
me_land_4347,Zandak Ford,me_khand_region,KHA,place,1.011,me_variag,me_melkorism,,copper,rural_settlement,
me_land_4348,Celon aellad,me_brown_lands_region,WILD,wilderness,0.013,me_woodman,me_northern_ways,,clay,rural_settlement,
me_land_4349,Nim aellad,me_ithilien_region,WILD,wilderness,0.016,me_gondorian,me_valar_worship,,clay,rural_settlement,
me_land_4350,Gathod Steppe,me_rhun_region,RHU,place,2.621,me_balchoth,me_sauron_cult,,livestock,rural_settlement,ladakh_culture
me_land_4351,Narara Oasis,me_umbar_region,UMB,place,1.679,me_umbarite,me_sauron_cult,,livestock,rural_settlement,tillamook_culture
me_land_4352,Karmod Steppe,me_rhun_region,RHU,place,2.621,me_balchoth,me_sauron_cult,,horses,rural_settlement,kyushu_culture
me_land_4353,Amon annonlad,me_mirkwood_region,WOO,place,0.578,me_silvan,me_valar_worship,,medicaments,rural_settlement,
me_land_4354,Blackglob Cleft,me_mordor_region,MOR,place,1.265,me_mordor_orc,me_sauron_cult,,livestock,rural_settlement,
me_land_4355,Burzglob Cleft,me_enedwaith_region,ISE,place,0.238,me_isengard_uruk,me_sauron_cult,,livestock,rural_settlement,
me_land_4356,Dol annonlad,me_lindon_region,LIN,place,0.093,me_sindar,me_valar_worship,,clay,rural_settlement,
me_land_4357,Dushglob Cleft,me_enedwaith_region,MOA,place,2.376,me_misty_orc,me_melkorism,,wheat,rural_settlement,onojutta_culture
me_land_4358,Cedarbank Fold,me_enedwaith_region,DUN,place,4.105,me_dunlending,me_dunland_ways,,wheat,rural_settlement,halbi
me_land_4359,Eithel annonlad,me_north_arnor_region,WILD,wilderness,0.015,me_eriadoran,me_northern_ways,,livestock,rural_settlement,
me_land_4360,Ghashglob Cleft,me_mordor_region,WILD,wilderness,0.013,me_mordor_orc,me_sauron_cult,,livestock,rural_settlement,
me_land_4361,Emyn annonlad,me_brown_lands_region,WILD,wilderness,0.015,me_woodman,me_northern_ways,,wool,rural_settlement,
me_land_4362,Westness,me_rhun_region,DOR,place,1.82,me_dorwinrim,me_northern_ways,,wool,rural_settlement,sula_culture
me_land_4363,Imlad annonlad,me_belfalas_region,GON,place,5.473,me_gondorian,me_valar_worship,,livestock,rural_settlement,beldet_culture
me_land_4364,Minas annonlad,me_north_arnor_region,WILD,wilderness,0.013,me_eriadoran,me_northern_ways,,wool,rural_settlement,
me_land_4365,Ost annonlad,me_lindon_region,LIN,place,0.093,me_sindar,me_valar_worship,,livestock,rural_settlement,
me_land_4366,Taur annonlad,me_belfalas_region,GON,place,3.777,me_gondorian,me_valar_worship,,wheat,rural_settlement,hopi_culture
me_land_4367,Qasara Oasis,me_near_harad_region,HRA,place,4.546,me_near_haradrim,me_southron_ways,,copper,rural_settlement,gedeo_culture
me_land_4368,Deepbank Fold,me_enedwaith_region,DUN,place,4.105,me_dunlending,me_dunland_ways,,clay,rural_settlement,haixi_culture
me_land_4369,Eastbank Fold,me_mirkwood_region,WILD,wilderness,0.013,me_woodman,me_northern_ways,,clay,rural_settlement,
me_land_4370,Gorglob Cleft,me_mordor_region,MOR,place,5.742,me_mordor_orc,me_sauron_cult,,stone,rural_settlement,atakapa_culture
me_land_4371,Greenbank Fold,me_enedwaith_region,DUN,place,5.732,me_dunlending,me_dunland_ways,,livestock,rural_settlement,baima_culture
me_land_4372,Arzan Ford,me_khand_region,KHA,place,1.011,me_variag,me_melkorism,,salt,rural_settlement,
me_land_4373,Khurod Steppe,me_rhun_region,RHU,place,2.621,me_balchoth,me_sauron_cult,,horses,rural_settlement,kyrgyz_culture
me_land_4374,Bar annonlad,me_lindon_region,LIN,place,0.093,me_sindar,me_valar_worship,,wool,rural_settlement,
me_land_4375,Grishglob Cleft,me_angmar_region,WILD,wilderness,0.006,me_northern_orc,me_melkorism,,fish,rural_settlement,
me_land_4376,Rakhara Oasis,me_far_harad_region,HFA,place,3.344,me_far_haradrim,me_southron_ways,,wool,rural_settlement,kangri
me_land_4377,Calen annonlad,me_north_arnor_region,WILD,wilderness,0.013,me_eriadoran,me_northern_ways,,wool,rural_settlement,
me_land_4378,Nargnâla,me_lindon_region,BLU,place,0.351,me_firebeard_broadbeam,me_mahal_cult,,wool,rural_settlement,
me_land_4379,Frostfell Waste,me_forochel_region,LOS,place,0.031,me_lossoth,me_lossoth_ways,,fur,rural_settlement,
me_land_4380,Celon annonlad,me_north_arnor_region,RIV,place,0.068,me_noldor,me_valar_worship,,clay,rural_settlement,
me_land_4381,Lodod Steppe,me_rhun_region,RH2,place,1.432,me_karmachi,me_melkorism,,horses,rural_settlement,yao_culture
me_land_4382,Nim annonlad,me_ithilien_region,WILD,wilderness,0.007,me_gondorian,me_valar_worship,,stone,rural_settlement,
me_land_4383,Greybank Fold,me_mirkwood_region,WILD,wilderness,0.011,me_woodman,me_northern_ways,,livestock,rural_settlement,
me_land_4384,Amon bellad,me_brown_lands_region,WILD,wilderness,0.015,me_woodman,me_northern_ways,,livestock,rural_settlement,
me_land_4385,Dol bellad,me_ithilien_region,WILD,wilderness,0.015,me_gondorian,me_valar_worship,,wheat,rural_settlement,
me_land_4386,Balkan Ford,me_near_harad_region,KHA,place,1.011,me_variag,me_melkorism,,wool,rural_settlement,
me_land_4387,Sahrara Oasis,me_far_harad_region,HRA,place,4.546,me_near_haradrim,me_southron_ways,,salt,rural_settlement,geawegal_culture
me_land_4388,Tazara Oasis,me_near_harad_region,UMB,place,1.679,me_umbarite,me_sauron_cult,,copper,rural_settlement,tigrinya
me_land_4389,Umrara Oasis,me_far_harad_region,HFA,place,3.344,me_far_haradrim,me_southron_ways,,salt,rural_settlement,kanembu_culture
me_land_4390,Eithel bellad,me_lindon_region,LIN,place,0.093,me_sindar,me_valar_worship,,clay,rural_settlement,
me_land_4391,Krimpglob Cleft,me_mordor_region,WILD,wilderness,0.013,me_mordor_orc,me_sauron_cult,,livestock,rural_settlement,
me_land_4392,Lugglob Cleft,me_mordor_region,WILD,wilderness,0.013,me_mordor_orc,me_sauron_cult,,stone,rural_settlement,
me_land_4393,Zarara Oasis,me_umbar_region,UMB,place,1.679,me_umbarite,me_sauron_cult,,salt,rural_settlement,tigre
me_land_4394,Longbank Fold,me_enedwaith_region,WILD,wilderness,0.015,me_dunlending,me_dunland_ways,,clay,rural_settlement,
me_land_4395,Azrasir Oasis,me_umbar_region,UMB,place,1.679,me_umbarite,me_sauron_cult,,livestock,rural_settlement,tidung_culture
me_land_4396,Drazan Ford,me_near_harad_region,KHA,place,1.011,me_variag,me_melkorism,,copper,rural_settlement,
me_land_4397,Bahrasir Oasis,me_near_harad_region,HNE,place,2.034,me_near_haradrim,me_southron_ways,,wool,rural_settlement,pekowi_culture
me_land_4398,Mauhglob Cleft,me_mordor_region,WILD,wilderness,0.013,me_mordor_orc,me_sauron_cult,,iron,rural_settlement,
me_land_4399,Amberstead,me_rhun_region,DOR,place,1.367,me_dorwinrim,me_northern_ways,,wool,rural_settlement,
me_land_4400,Muzgglob Cleft,me_anduin_vale_region,MOA,place,2.376,me_misty_orc,me_melkorism,,livestock,rural_settlement,onoid_culture
me_land_4401,Northbank Fold,me_enedwaith_region,WILD,wilderness,0.013,me_dunlending,me_dunland_ways,,wheat,rural_settlement,
me_land_4402,Emyn bellad,me_lindon_region,LIN,place,0.093,me_sindar,me_valar_worship,,wool,rural_settlement,
me_land_4403,Oakbank Fold,me_enedwaith_region,WILD,wilderness,0.013,me_dunlending,me_dunland_ways,,clay,rural_settlement,
me_land_4404,Imlad bellad,me_ithilien_region,WILD,wilderness,0.007,me_gondorian,me_valar_worship,,stone,rural_settlement,
me_land_4405,Darasir Oasis,me_umbar_region,UMB,place,1.671,me_umbarite,me_sauron_cult,,wool,rural_settlement,walloon
me_land_4406,Gharan Ford,me_khand_region,KHA,place,1.011,me_variag,me_melkorism,,salt,rural_settlement,
me_land_4407,Farasir Oasis,me_umbar_region,UMB,place,1.679,me_umbarite,me_sauron_cult,,livestock,rural_settlement,tidore_culture
me_land_4408,Icefell Waste,me_northern_wastes_region,WILD,wilderness,0.006,me_lossoth,me_lossoth_ways,,fur,rural_settlement,
me_land_4409,Kandan Ford,me_khand_region,KHA,place,1.011,me_variag,me_melkorism,,livestock,rural_settlement,
me_land_4410,Minas bellad,me_south_gondor_region,GON,place,5.473,me_gondorian,me_valar_worship,,wool,rural_settlement,belauan_culture
me_land_4411,Ost bellad,me_ithilien_region,WILD,wilderness,0.007,me_gondorian,me_valar_worship,,salt,rural_settlement,
me_land_4412,Northfell Waste,me_northern_wastes_region,WILD,wilderness,0.006,me_lossoth,me_lossoth_ways,,fur,rural_settlement,
me_land_4413,Taur bellad,me_north_arnor_region,WILD,wilderness,0.015,me_eriadoran,me_northern_ways,,clay,rural_settlement,
me_land_4414,Bar bellad,me_anorien_region,GON,place,5.473,me_gondorian,me_valar_worship,,livestock,rural_settlement,beja_culture
me_land_4415,Nazgglob Cleft,me_rohan_region,ISE,place,0.238,me_isengard_uruk,me_sauron_cult,,horses,rural_settlement,
me_land_4416,Narod Steppe,me_rhun_region,RHU,place,3.494,me_balchoth,me_sauron_cult,,wheat,rural_settlement,kaeti_culture
me_land_4417,Calen bellad,me_belfalas_region,GON,place,5.473,me_gondorian,me_valar_worship,,livestock,rural_settlement,bedouin_culture
me_land_4418,Bardstead,me_brown_lands_region,DOR,place,1.82,me_dorwinrim,me_northern_ways,,clay,rural_settlement,suku
me_land_4419,Khazan Ford,me_khand_region,KHA,place,1.011,me_variag,me_melkorism,,copper,rural_settlement,
me_land_4420,Celon bellad,me_brown_lands_region,WILD,wilderness,0.015,me_woodman,me_northern_ways,,wheat,rural_settlement,
me_land_4421,Southbank Fold,me_enedwaith_region,WILD,wilderness,0.013,me_dunlending,me_dunland_ways,,wool,rural_settlement,
me_land_4422,Stonebank Fold,me_enedwaith_region,WILD,wilderness,0.013,me_dunlending,me_dunland_ways,,fish,rural_settlement,
me_land_4423,Bellstead,me_dale_region,ESG,place,0.875,me_dalish,me_northern_ways,,livestock,rural_settlement,
me_land_4424,Palefell Waste,me_forochel_region,LOS,place,0.031,me_lossoth,me_lossoth_ways,,fish,rural_settlement,
me_land_4425,Skaiglob Cleft,me_angmar_region,WILD,wilderness,0.006,me_northern_orc,me_melkorism,,wild_game,rural_settlement,
me_land_4426,Hadrasir Oasis,me_near_harad_region,HNE,place,2.034,me_near_haradrim,me_southron_ways,,copper,rural_settlement,pehuenche_culture
me_land_4427,Westbank Fold,me_mirkwood_region,WILD,wilderness,0.013,me_woodman,me_northern_ways,,wheat,rural_settlement,
me_land_4428,Bowstead,me_rhun_region,DOR,place,1.367,me_dorwinrim,me_northern_ways,,wheat,rural_settlement,
me_land_4429,Khoran Ford,me_khand_region,KHA,place,1.011,me_variag,me_melkorism,,salt,rural_settlement,
me_land_4430,Sealfell Waste,me_forochel_region,LOS,place,0.031,me_lossoth,me_lossoth_ways,,wild_game,rural_settlement,
me_land_4431,Kharasir Oasis,me_near_harad_region,HRA,place,4.546,me_near_haradrim,me_southron_ways,,copper,rural_settlement,gbaya_culture
me_land_4432,Nim bellad,me_north_arnor_region,WILD,wilderness,0.015,me_eriadoran,me_northern_ways,,wool,rural_settlement,
me_land_4433,Amon bornlad,me_lebennin_region,GON,place,5.473,me_gondorian,me_valar_worship,,wool,rural_settlement,beary
me_land_4434,Rhovod Steppe,me_rhun_region,RHU,place,2.621,me_balchoth,me_sauron_cult,,horses,rural_settlement,kwomtari_culture
me_land_4435,Ruzan Ford,me_near_harad_region,KHA,place,1.011,me_variag,me_melkorism,,salt,rural_settlement,
me_land_4436,Dol bornlad,me_belfalas_region,DAM,place,0.388,me_dol_amrothian,me_valar_worship,,salt,rural_settlement,
me_land_4437,Sagod Steppe,me_rhun_region,RH2,place,1.908,me_karmachi,me_melkorism,,wheat,rural_settlement,samaritan_culture
me_land_4438,Sharod Steppe,me_rhun_region,RH2,place,1.432,me_karmachi,me_melkorism,,wheat,rural_settlement,yao_china_culture
me_land_4439,Uldod Steppe,me_rhun_region,RH3,place,4.951,me_sagath,me_melkorism,,wheat,rural_settlement,dhundhari
me_land_4440,Alderbourne Fold,me_enedwaith_region,WILD,wilderness,0.013,me_dunlending,me_dunland_ways,,livestock,rural_settlement,
me_land_4441,Ashbourne Fold,me_enedwaith_region,WILD,wilderness,0.015,me_dunlending,me_dunland_ways,,livestock,rural_settlement,
me_land_4442,Mahrasir Oasis,me_near_harad_region,HNE,place,2.034,me_near_haradrim,me_southron_ways,,copper,rural_settlement,pegas_culture
me_land_4443,Eithel bornlad,me_ithilien_region,WILD,wilderness,0.007,me_gondorian,me_valar_worship,,stone,rural_settlement,
me_land_4444,Uglglob Cleft,me_mordor_region,WILD,wilderness,0.013,me_mordor_orc,me_sauron_cult,,wheat,rural_settlement,
me_land_4445,Narasir Oasis,me_umbar_region,UMB,place,1.006,me_umbarite,me_sauron_cult,,salt,rural_settlement,
me_land_4446,Urukglob Cleft,me_angmar_region,WILD,wilderness,0.006,me_northern_orc,me_melkorism,,fur,rural_settlement,
me_land_4447,Ashgrat Cleft,me_north_arnor_region,ANG,place,1.084,me_northern_orc,me_melkorism,,wool,rural_settlement,
me_land_4448,Wainod Steppe,me_rhun_region,RH2,place,1.908,me_karmachi,me_melkorism,,wheat,rural_settlement,sama_culture
me_land_4449,Azggrat Cleft,me_anduin_vale_region,GOB,place,1.224,me_misty_orc,me_melkorism,,clay,rural_settlement,
me_land_4450,Zorod Steppe,me_rhun_region,RH3,place,4.951,me_sagath,me_melkorism,,wheat,rural_settlement,dhofari_culture
me_land_4451,Emyn bornlad,me_lindon_region,LIN,place,0.093,me_sindar,me_valar_worship,,wool,rural_settlement,
me_land_4452,Balor Steppe,me_rhun_region,RH3,place,4.951,me_sagath,me_melkorism,,horses,rural_settlement,dhivehi_culture
me_land_4453,Snowfell Waste,me_northern_wastes_region,WILD,wilderness,0.011,me_lossoth,me_lossoth_ways,,wool,rural_settlement,
me_land_4454,Imlad bornlad,me_brown_lands_region,WILD,wilderness,0.011,me_woodman,me_northern_ways,,wheat,rural_settlement,
me_land_4455,Skarnan Ford,me_khand_region,KHA,place,1.011,me_variag,me_melkorism,,wool,rural_settlement,
me_land_4456,Boror Steppe,me_rhun_region,RH2,place,1.432,me_karmachi,me_melkorism,,wheat,rural_settlement,yanyuwa_culture
me_land_4457,Blackgrat Cleft,me_mordor_region,WILD,wilderness,0.013,me_mordor_orc,me_sauron_cult,,wheat,rural_settlement,
me_land_4458,Minas bornlad,me_mirkwood_region,WOO,place,0.824,me_silvan,me_valar_worship,,wool,rural_settlement,
me_land_4459,Starfell Waste,me_northern_wastes_region,WILD,wilderness,0.013,me_lossoth,me_lossoth_ways,,livestock,rural_settlement,
me_land_4460,Ost bornlad,me_belfalas_region,DAM,place,2.469,me_dol_amrothian,me_valar_worship,,clay,rural_settlement,moksha_culture
me_land_4461,Barrowbourne Fold,me_enedwaith_region,WILD,wilderness,0.015,me_dunlending,me_dunland_ways,,livestock,rural_settlement,
me_land_4462,Taur bornlad,me_belfalas_region,DAM,place,2.469,me_dol_amrothian,me_valar_worship,,clay,rural_settlement,moi_culture
me_land_4463,Gathor Steppe,me_rhun_region,RH2,place,1.432,me_karmachi,me_melkorism,,livestock,rural_settlement,yangman_culture
me_land_4464,Beaconbourne Fold,me_mirkwood_region,WDM,place,0.639,me_woodman,me_northern_ways,,wool,rural_settlement,
me_land_4465,Targan Ford,me_khand_region,KHA,place,1.011,me_variag,me_melkorism,,copper,rural_settlement,
me_land_4466,Léodseld,me_rohan_region,ROH,place,2.399,me_rohirric,me_northern_ways,,livestock,rural_settlement,namo_me_culture
me_land_4467,Burzgrat Cleft,me_mordor_region,WILD,wilderness,0.013,me_mordor_orc,me_sauron_cult,,stone,rural_settlement,
me_land_4468,Celduinstead,me_dale_region,ESG,place,1.612,me_dalish,me_northern_ways,,wheat,rural_settlement,wangan_culture
me_land_4469,Ridseld,me_rohan_region,ROH,place,0.703,me_rohirric,me_northern_ways,,horses,rural_settlement,
me_land_4470,Karmor Steppe,me_rhun_region,RHU,place,2.621,me_balchoth,me_sauron_cult,,livestock,rural_settlement,kwini_culture
me_land_4471,Dushgrat Cleft,me_angmar_region,WILD,wilderness,0.006,me_northern_orc,me_melkorism,,wild_game,rural_settlement,
me_land_4472,Ghashgrat Cleft,me_mordor_region,WILD,wilderness,0.013,me_mordor_orc,me_sauron_cult,,iron,rural_settlement,
me_land_4473,Qasasir Oasis,me_near_harad_region,HNE,place,2.034,me_near_haradrim,me_southron_ways,,livestock,rural_settlement,peewareewa_culture
me_land_4474,Gorgrat Cleft,me_mordor_region,MOR,place,7.563,me_mordor_orc,me_sauron_cult,,livestock,rural_settlement,alyutor_culture
me_land_4475,Khuror Steppe,me_rhun_region,RHU,place,2.621,me_balchoth,me_sauron_cult,,livestock,rural_settlement,kwesten_culture
me_land_4476,Bar bornlad,me_brown_lands_region,WILD,wilderness,0.011,me_woodman,me_northern_ways,,horses,rural_settlement,
me_land_4477,Calen bornlad,me_north_arnor_region,WILD,wilderness,0.008,me_eriadoran,me_northern_ways,,clay,rural_settlement,
me_land_4478,Celon bornlad,me_south_gondor_region,GON,place,0.855,me_gondorian,me_valar_worship,,copper,rural_settlement,
me_land_4479,Nim bornlad,me_south_gondor_region,GON,place,0.855,me_gondorian,me_valar_worship,,salt,rural_settlement,
me_land_4480,Thengelseld,me_rohan_region,ROH,place,2.399,me_rohirric,me_northern_ways,,livestock,rural_settlement,nambu_culture
me_land_4481,Amon caranlad,me_brown_lands_region,WILD,wilderness,0.013,me_woodman,me_northern_ways,,wheat,rural_settlement,
me_land_4482,Sharnâla,me_rhun_region,IRO,place,0.447,me_longbeard,me_mahal_cult,,horses,rural_settlement,
me_land_4483,Blackbourne Fold,me_mirkwood_region,WILD,wilderness,0.013,me_woodman,me_northern_ways,,livestock,rural_settlement,
me_land_4484,Dol caranlad,me_belfalas_region,GON,place,5.473,me_gondorian,me_valar_worship,,wheat,rural_settlement,beami_culture
me_land_4485,Rakhasir Oasis,me_umbar_region,UMB,place,1.679,me_umbarite,me_sauron_cult,,wool,rural_settlement,tickanwatic_culture
me_land_4486,Lodor Steppe,me_rhun_region,RHU,place,3.494,me_balchoth,me_sauron_cult,,wool,rural_settlement,kaete_culture
me_land_4487,Sahrasir Oasis,me_umbar_region,UMB,place,1.006,me_umbarite,me_sauron_cult,,wool,rural_settlement,
me_land_4488,Bramblebourne Fold,me_enedwaith_region,WILD,wilderness,0.013,me_dunlending,me_dunland_ways,,clay,rural_settlement,
me_land_4489,Whitefell Waste,me_northern_wastes_region,WILD,wilderness,0.013,me_lossoth,me_lossoth_ways,,wheat,rural_settlement,
me_land_4490,Naror Steppe,me_rhun_region,RH3,place,4.951,me_sagath,me_melkorism,,wool,rural_settlement,dharug_culture
me_land_4491,Varkan Ford,me_far_harad_region,KHA,place,1.011,me_variag,me_melkorism,,salt,rural_settlement,
me_land_4492,Woldseld,me_rohan_region,ROH,place,2.399,me_rohirric,me_northern_ways,,horses,rural_settlement,nambikwara_culture
me_land_4493,Winterfell Waste,me_forochel_region,LOS,place,0.031,me_lossoth,me_lossoth_ways,,fur,rural_settlement,
me_land_4494,Grishgrat Cleft,me_mordor_region,WILD,wilderness,0.013,me_mordor_orc,me_sauron_cult,,livestock,rural_settlement,
me_land_4495,Eithel caranlad,me_lebennin_region,GON,place,5.473,me_gondorian,me_valar_worship,,clay,rural_settlement,bdewekhantunwan_culture
me_land_4496,Bucklandbourne Fold,me_anduin_vale_region,WILD,wilderness,0.015,me_woodman,me_northern_ways,,livestock,rural_settlement,
me_land_4497,Emyn caranlad,me_ithilien_region,WILD,wilderness,0.007,me_gondorian,me_valar_worship,,iron,rural_settlement,
me_land_4498,Krimpgrat Cleft,me_mordor_region,WILD,wilderness,0.013,me_mordor_orc,me_sauron_cult,,stone,rural_settlement,
me_land_4499,Luggrat Cleft,me_angmar_region,GUN,place,3.975,me_northern_orc,me_melkorism,,clay,rural_settlement,hengzhou_culture
me_land_4500,Coldfloe Waste,me_forochel_region,LOS,place,0.031,me_lossoth,me_lossoth_ways,,wild_game,rural_settlement,
me_land_4501,Imlad caranlad,me_north_arnor_region,WILD,wilderness,0.015,me_eriadoran,me_northern_ways,,livestock,rural_settlement,
me_land_4502,Cedarbourne Fold,me_anduin_vale_region,WILD,wilderness,0.015,me_woodman,me_northern_ways,,livestock,rural_settlement,
me_land_4503,Minas caranlad,me_anorien_region,GON,place,5.473,me_gondorian,me_valar_worship,,wool,rural_settlement,bazombo
me_land_4504,Aldstede,me_rohan_region,ROH,place,2.399,me_rohirric,me_northern_ways,,wheat,rural_settlement,namau_culture
me_land_4505,Rhovor Steppe,me_rhun_region,RH2,place,1.432,me_karmachi,me_melkorism,,wheat,rural_settlement,yangjiang_culture
me_land_4506,Tazasir Oasis,me_near_harad_region,HNE,place,2.034,me_near_haradrim,me_southron_ways,,salt,rural_settlement,pech_culture
me_land_4507,Deepbourne Fold,me_mirkwood_region,WILD,wilderness,0.015,me_woodman,me_northern_ways,,wool,rural_settlement,
me_land_4508,Dalestead,me_rhun_region,DOR,place,1.367,me_dorwinrim,me_northern_ways,,livestock,rural_settlement,
me_land_4509,Umrasir Oasis,me_near_harad_region,UMB,place,1.679,me_umbarite,me_sauron_cult,,copper,rural_settlement,tharu_culture
me_land_4510,Beorstede,me_rohan_region,ROH,place,2.399,me_rohirric,me_northern_ways,,clay,rural_settlement,nama_culture
me_land_4511,Sagor Steppe,me_rhun_region,RHU,place,2.621,me_balchoth,me_sauron_cult,,livestock,rural_settlement,kwerba_culture
me_land_4512,Sharor Steppe,me_rhun_region,RHU,place,2.621,me_balchoth,me_sauron_cult,,wool,rural_settlement,kwaza_culture
me_land_4513,Ost caranlad,me_belfalas_region,GON,place,3.777,me_gondorian,me_valar_worship,,wool,rural_settlement,honniasont_culture
me_land_4514,Uldor Steppe,me_rhun_region,RH2,place,1.432,me_karmachi,me_melkorism,,wheat,rural_settlement,yangga_culture
me_land_4515,Zarasir Oasis,me_near_harad_region,HNE,place,2.034,me_near_haradrim,me_southron_ways,,livestock,rural_settlement,pazioca_culture
me_land_4516,Mauhgrat Cleft,me_angmar_region,WILD,wilderness,0.006,me_northern_orc,me_melkorism,,wild_game,rural_settlement,
me_land_4517,Eastbourne Fold,me_enedwaith_region,WILD,wilderness,0.013,me_dunlending,me_dunland_ways,,wool,rural_settlement,
me_land_4518,Taur caranlad,me_ithilien_region,WILD,wilderness,0.007,me_gondorian,me_valar_worship,,salt,rural_settlement,
me_land_4519,Bar caranlad,me_belfalas_region,GON,place,5.473,me_gondorian,me_valar_worship,,wool,rural_settlement,bayono_culture
me_land_4520,Muzggrat Cleft,me_angmar_region,WILD,wilderness,0.006,me_northern_orc,me_melkorism,,fur,rural_settlement,
me_land_4521,Appledelving,me_shire_breeland_region,SHI,place,2.869,me_shire_hobbit,me_northern_ways,,wool,rural_settlement,khampa_culture
me_land_4522,Driftfloe Waste,me_northern_wastes_region,WILD,wilderness,0.011,me_lossoth,me_lossoth_ways,,horses,rural_settlement,
me_land_4523,Bregostede,me_rohan_region,ROH,place,2.399,me_rohirric,me_northern_ways,,horses,rural_settlement,nalyagir_culture
me_land_4524,Frostfloe Waste,me_northern_wastes_region,WILD,wilderness,0.011,me_lossoth,me_lossoth_ways,,wheat,rural_settlement,
me_land_4525,Zandan Ford,me_far_harad_region,KHA,place,1.011,me_variag,me_melkorism,,copper,rural_settlement,
me_land_4526,Arzar Ford,me_khand_region,KHA,place,1.011,me_variag,me_melkorism,,copper,rural_settlement,
me_land_4527,Calen caranlad,me_north_arnor_region,WILD,wilderness,0.013,me_eriadoran,me_northern_ways,,clay,rural_settlement,
me_land_4528,Greenbourne Fold,me_enedwaith_region,DUN,place,4.105,me_dunlending,me_dunland_ways,,clay,rural_settlement,haivodika_culture
me_land_4529,Icefloe Waste,me_northern_wastes_region,WILD,wilderness,0.013,me_lossoth,me_lossoth_ways,,wheat,rural_settlement,
me_land_4530,Greybourne Fold,me_anduin_vale_region,WILD,wilderness,0.015,me_woodman,me_northern_ways,,clay,rural_settlement,
me_land_4531,Ceorlstede,me_rohan_region,ROH,place,2.399,me_rohirric,me_northern_ways,,clay,rural_settlement,nakoda_culture
me_land_4532,Wainor Steppe,me_rhun_region,RHU,place,3.494,me_balchoth,me_sauron_cult,,livestock,rural_settlement,kadu_culture
me_land_4533,Brambledelving,me_shire_breeland_region,SHI,place,2.869,me_shire_hobbit,me_northern_ways,,wool,rural_settlement,khamag_culture
me_land_4534,Longbourne Fold,me_enedwaith_region,WILD,wilderness,0.013,me_dunlending,me_dunland_ways,,clay,rural_settlement,
me_land_4535,Zoror Steppe,me_rhun_region,RH2,place,1.432,me_karmachi,me_melkorism,,wool,rural_settlement,yanga_culture
me_land_4536,Nazggrat Cleft,me_brown_lands_region,DOL,place,2.683,me_mordor_orc,me_sauron_cult,,wool,rural_settlement,kowoj_culture
me_land_4537,Skaigrat Cleft,me_mordor_region,WILD,wilderness,0.013,me_mordor_orc,me_sauron_cult,,stone,rural_settlement,
me_land_4538,Zigilnâla,me_rhun_region,IRO,place,0.447,me_longbeard,me_mahal_cult,,horses,rural_settlement,
me_land_4539,Balun Steppe,me_rhun_region,RHU,place,2.621,me_balchoth,me_sauron_cult,,livestock,rural_settlement,kwaraae_culture
me_land_4540,Celon caranlad,me_belfalas_region,DAM,place,2.469,me_dol_amrothian,me_valar_worship,,salt,rural_settlement,modokni_culture
me_land_4541,Balkar Ford,me_khand_region,KHA,place,1.011,me_variag,me_melkorism,,wool,rural_settlement,
me_land_4542,Nim caranlad,me_lindon_region,LIN,place,0.093,me_sindar,me_valar_worship,,fish,rural_settlement,
me_land_4543,Uglgrat Cleft,me_angmar_region,WILD,wilderness,0.006,me_northern_orc,me_melkorism,,fish,rural_settlement,
me_land_4544,Northbourne Fold,me_enedwaith_region,WILD,wilderness,0.013,me_dunlending,me_dunland_ways,,wheat,rural_settlement,
me_land_4545,Azrem Oasis,me_umbar_region,UMB,place,4.45,me_umbarite,me_sauron_cult,,copper,rural_settlement,gxana_culture
me_land_4546,Drazar Ford,me_khand_region,KHA,place,1.011,me_variag,me_melkorism,,salt,rural_settlement,
me_land_4547,Urukgrat Cleft,me_mordor_region,MOR,place,5.742,me_mordor_orc,me_sauron_cult,,wheat,rural_settlement,atacame_culture
me_land_4548,Ashkrak Cleft,me_enedwaith_region,MOA,place,2.376,me_misty_orc,me_melkorism,,wool,rural_settlement,onghniaahra_culture
me_land_4549,Oakbourne Fold,me_enedwaith_region,WILD,wilderness,0.013,me_dunlending,me_dunland_ways,,clay,rural_settlement,
me_land_4550,Amon duinlad,me_south_gondor_region,GON,place,0.855,me_gondorian,me_valar_worship,,livestock,rural_settlement,
me_land_4551,Southbourne Fold,me_enedwaith_region,WILD,wilderness,0.015,me_dunlending,me_dunland_ways,,wool,rural_settlement,
me_land_4552,Dol duinlad,me_north_arnor_region,WILD,wilderness,0.013,me_eriadoran,me_northern_ways,,clay,rural_settlement,
me_land_4553,Stonebourne Fold,me_enedwaith_region,WILD,wilderness,0.015,me_dunlending,me_dunland_ways,,clay,rural_settlement,
me_land_4554,Eithel duinlad,me_dale_region,WOO,place,0.648,me_silvan,me_valar_worship,,medicaments,rural_settlement,
me_land_4555,Browndelving,me_shire_breeland_region,SHI,place,2.869,me_shire_hobbit,me_northern_ways,,wool,rural_settlement,khakas_culture
me_land_4556,Gharar Ford,me_khand_region,KHA,place,1.011,me_variag,me_melkorism,,copper,rural_settlement,
me_land_4557,Emyn duinlad,me_lindon_region,LIN,place,0.093,me_sindar,me_valar_worship,,wheat,rural_settlement,
me_land_4558,Northfloe Waste,me_forochel_region,LOS,place,0.031,me_lossoth,me_lossoth_ways,,wild_game,rural_settlement,
me_land_4559,Butterdelving,me_shire_breeland_region,SHI,place,2.869,me_shire_hobbit,me_northern_ways,,wool,rural_settlement,kete
me_land_4560,Palefloe Waste,me_forochel_region,LOS,place,0.216,me_lossoth,me_lossoth_ways,,fur,rural_settlement,
me_land_4561,Westbourne Fold,me_enedwaith_region,WILD,wilderness,0.015,me_dunlending,me_dunland_ways,,clay,rural_settlement,
me_land_4562,Borun Steppe,me_rhun_region,RH2,place,1.908,me_karmachi,me_melkorism,,wool,rural_settlement,saluan_culture
me_land_4563,Gathun Steppe,me_rhun_region,RH2,place,1.432,me_karmachi,me_melkorism,,horses,rural_settlement,yanesha_culture
me_land_4564,Karmun Steppe,me_rhun_region,RHU,place,2.621,me_balchoth,me_sauron_cult,,livestock,rural_settlement,kwakiutl_culture
me_land_4565,Bahrem Oasis,me_umbar_region,UMB,place,1.679,me_umbarite,me_sauron_cult,,salt,rural_settlement,tharawal_culture
me_land_4566,Alderbridge Fold,me_mirkwood_region,WDM,place,0.639,me_woodman,me_northern_ways,,wool,rural_settlement,
me_land_4567,Imlad duinlad,me_brown_lands_region,WILD,wilderness,0.011,me_woodman,me_northern_ways,,horses,rural_settlement,
me_land_4568,Azanrakhas,me_rhun_region,IRO,place,0.447,me_longbeard,me_mahal_cult,,wool,rural_settlement,
me_land_4569,Khurun Steppe,me_rhun_region,RH3,place,4.951,me_sagath,me_melkorism,,horses,rural_settlement,dhaasanac_culture
me_land_4570,Lodun Steppe,me_rhun_region,RH2,place,1.432,me_karmachi,me_melkorism,,wheat,rural_settlement,yandyr_culture
me_land_4571,Narun Steppe,me_rhun_region,RH2,place,1.908,me_karmachi,me_melkorism,,wheat,rural_settlement,salinan_culture
me_land_4572,Barazrakhas,me_lindon_region,BLU,place,0.258,me_firebeard_broadbeam,me_mahal_cult,,livestock,rural_settlement,
me_land_4573,Minas duinlad,me_mirkwood_region,WOO,place,0.648,me_silvan,me_valar_worship,,wild_game,rural_settlement,
me_land_4574,Darem Oasis,me_near_harad_region,HRA,place,4.546,me_near_haradrim,me_southron_ways,,wool,rural_settlement,gbari
me_land_4575,Rhovun Steppe,me_rhun_region,RHU,place,2.621,me_balchoth,me_sauron_cult,,wool,rural_settlement,kwaio_culture
me_land_4576,Azgkrak Cleft,me_mordor_region,MOR,place,1.265,me_mordor_orc,me_sauron_cult,,wheat,rural_settlement,
me_land_4577,Sagun Steppe,me_rhun_region,RHU,place,3.494,me_balchoth,me_sauron_cult,,livestock,rural_settlement,kado_culture
me_land_4578,Ost duinlad,me_mirkwood_region,WOO,place,0.578,me_silvan,me_valar_worship,,medicaments,rural_settlement,
me_land_4579,Sharun Steppe,me_rhun_region,RH2,place,1.432,me_karmachi,me_melkorism,,wool,rural_settlement,yandin_culture
me_land_4580,Kandar Ford,me_khand_region,KHA,place,1.011,me_variag,me_melkorism,,wool,rural_settlement,
me_land_4581,Sealfloe Waste,me_northern_wastes_region,WILD,wilderness,0.013,me_lossoth,me_lossoth_ways,,wool,rural_settlement,
me_land_4582,Ashbridge Fold,me_mirkwood_region,WILD,wilderness,0.013,me_woodman,me_northern_ways,,wheat,rural_settlement,
me_land_4583,Cloverdelving,me_shire_breeland_region,WILD,wilderness,0.015,me_eriadoran,me_northern_ways,,fiber_crops,rural_settlement,
me_land_4584,Taur duinlad,me_south_gondor_region,GON,place,0.833,me_gondorian,me_valar_worship,,stone,rural_settlement,
me_land_4585,Uldun Steppe,me_rhun_region,RHU,place,2.621,me_balchoth,me_sauron_cult,,livestock,rural_settlement,kvens
me_land_4586,Bar duinlad,me_ithilien_region,WILD,wilderness,0.015,me_gondorian,me_valar_worship,,wool,rural_settlement,
me_land_4587,Wainun Steppe,me_rhun_region,RHU,place,2.621,me_balchoth,me_sauron_cult,,wool,rural_settlement,kuyu
me_land_4588,Blackkrak Cleft,me_anduin_vale_region,GOB,place,1.298,me_misty_orc,me_melkorism,,wool,rural_settlement,
me_land_4589,Zorun Steppe,me_rhun_region,RHU,place,2.621,me_balchoth,me_sauron_cult,,wool,rural_settlement,kuy_culture
me_land_4590,Burzkrak Cleft,me_north_arnor_region,ANG,place,1.085,me_northern_orc,me_melkorism,,livestock,rural_settlement,
me_land_4591,Calen duinlad,me_ithilien_region,WILD,wilderness,0.007,me_gondorian,me_valar_worship,,iron,rural_settlement,
me_land_4592,Khazar Ford,me_far_harad_region,KHA,place,1.011,me_variag,me_melkorism,,copper,rural_settlement,
me_land_4593,Dushkrak Cleft,me_mordor_region,MOR,place,7.563,me_mordor_orc,me_sauron_cult,,iron,rural_settlement,alsea_culture
me_land_4594,Celon duinlad,me_lindon_region,LIN,place,0.126,me_sindar,me_valar_worship,,livestock,rural_settlement,
me_land_4595,Snowfloe Waste,me_northern_wastes_region,WILD,wilderness,0.006,me_lossoth,me_lossoth_ways,,fur,rural_settlement,
me_land_4596,Balur Steppe,me_rhun_region,RH2,place,1.432,me_karmachi,me_melkorism,,horses,rural_settlement,yanda_culture
me_land_4597,Ghashkrak Cleft,me_mordor_region,MOR,place,1.265,me_mordor_orc,me_sauron_cult,,iron,rural_settlement,
me_land_4598,Barrowbridge Fold,me_enedwaith_region,WILD,wilderness,0.013,me_dunlending,me_dunland_ways,,clay,rural_settlement,
me_land_4599,Beaconbridge Fold,me_enedwaith_region,WILD,wilderness,0.013,me_dunlending,me_dunland_ways,,wheat,rural_settlement,
me_land_4600,Starfloe Waste,me_northern_wastes_region,WILD,wilderness,0.013,me_lossoth,me_lossoth_ways,,wheat,rural_settlement,
me_land_4601,Whitefloe Waste,me_northern_wastes_region,WILD,wilderness,0.006,me_lossoth,me_lossoth_ways,,wild_game,rural_settlement,
me_land_4602,Gorkrak Cleft,me_mordor_region,MOR,place,0.632,me_mordor_orc,me_sauron_cult,,wheat,rural_settlement,
me_land_4603,Nim duinlad,me_ithilien_region,WILD,wilderness,0.007,me_gondorian,me_valar_worship,,stone,rural_settlement,
me_land_4604,Farem Oasis,me_far_harad_region,HFA,place,3.344,me_far_haradrim,me_southron_ways,,copper,rural_settlement,kandas_culture
me_land_4605,Amon falaslad,me_brown_lands_region,WILD,wilderness,0.011,me_woodman,me_northern_ways,,wool,rural_settlement,
me_land_4606,Blackbridge Fold,me_anduin_vale_region,WILD,wilderness,0.015,me_woodman,me_northern_ways,,livestock,rural_settlement,
me_land_4607,Grishkrak Cleft,me_mordor_region,MOR,place,1.265,me_mordor_orc,me_sauron_cult,,wheat,rural_settlement,
me_land_4608,Bramblebridge Fold,me_shire_breeland_region,BRE,place,0.349,me_eriadoran,me_northern_ways,,wool,rural_settlement,
me_land_4609,Dol falaslad,me_north_arnor_region,WILD,wilderness,0.015,me_eriadoran,me_northern_ways,,livestock,rural_settlement,
me_land_4610,Borur Steppe,me_rhun_region,RH3,place,4.951,me_sagath,me_melkorism,,livestock,rural_settlement,derung_culture
me_land_4611,Winterfloe Waste,me_forochel_region,LOS,place,0.031,me_lossoth,me_lossoth_ways,,wild_game,rural_settlement,
me_land_4612,Coldhaven Waste,me_northern_wastes_region,WILD,wilderness,0.016,me_lossoth,me_lossoth_ways,,wheat,rural_settlement,
me_land_4613,Gathur Steppe,me_rhun_region,RH2,place,1.432,me_karmachi,me_melkorism,,wheat,rural_settlement,yan_culture
me_land_4614,Krimpkrak Cleft,me_mordor_region,MOR,place,1.265,me_mordor_orc,me_sauron_cult,,iron,rural_settlement,
me_land_4615,Déorstede,me_rohan_region,ROH,place,2.399,me_rohirric,me_northern_ways,,clay,rural_settlement,nakh_culture
me_land_4616,Hadrem Oasis,me_far_harad_region,HRA,place,4.546,me_near_haradrim,me_southron_ways,,wool,rural_settlement,gayogohono_culture
me_land_4617,Drifthaven Waste,me_northern_wastes_region,WILD,wilderness,0.006,me_lossoth,me_lossoth_ways,,fish,rural_settlement,
me_land_4618,Karmur Steppe,me_rhun_region,RHU,place,2.621,me_balchoth,me_sauron_cult,,wheat,rural_settlement,kuuku_yau_culture
me_land_4619,Nurn,me_ithilien_region,WILD,landmark,0.014,me_gondorian,me_valar_worship,,iron,rural_settlement,
me_land_4620,Eithel falaslad,me_north_arnor_region,RAN,place,0.168,me_arnor_dunedain,me_valar_worship,,wool,rural_settlement,
me_land_4621,Esgarstead,me_rhun_region,DOR,place,1.82,me_dorwinrim,me_northern_ways,,clay,rural_settlement,suki_culture
me_land_4622,Bucklandbridge Fold,me_mirkwood_region,WILD,wilderness,0.013,me_woodman,me_northern_ways,,wheat,rural_settlement,
me_land_4623,Lugkrak Cleft,me_mordor_region,MOR,place,5.742,me_mordor_orc,me_sauron_cult,,livestock,rural_settlement,astrakhani
me_land_4624,Cedarbridge Fold,me_enedwaith_region,WILD,wilderness,0.013,me_dunlending,me_dunland_ways,,wool,rural_settlement,
me_land_4625,Khurur Steppe,me_rhun_region,RHU,place,3.494,me_balchoth,me_sauron_cult,,wool,rural_settlement,kadjerong_culture
me_land_4626,Emyn falaslad,me_lindon_region,LIN,place,0.093,me_sindar,me_valar_worship,,wool,rural_settlement,
me_land_4627,Imlad falaslad,me_anorien_region,GON,place,5.473,me_gondorian,me_valar_worship,,clay,rural_settlement,bayali_culture
me_land_4628,Dimpledelving,me_shire_breeland_region,SHI,place,2.869,me_shire_hobbit,me_northern_ways,,wool,rural_settlement,ket_culture
me_land_4629,Mauhkrak Cleft,me_mordor_region,MOR,place,5.742,me_mordor_orc,me_sauron_cult,,iron,rural_settlement,asmat_culture
me_land_4630,Deepbridge Fold,me_shire_breeland_region,BRE,place,0.491,me_eriadoran,me_northern_ways,,fiber_crops,rural_settlement,
me_land_4631,Minas falaslad,me_belfalas_region,GON,place,5.473,me_gondorian,me_valar_worship,,clay,rural_settlement,bayagoula_culture
me_land_4632,Eastbridge Fold,me_enedwaith_region,WILD,wilderness,0.013,me_dunlending,me_dunland_ways,,clay,rural_settlement,
me_land_4633,Muzgkrak Cleft,me_mordor_region,WILD,wilderness,0.013,me_mordor_orc,me_sauron_cult,,livestock,rural_settlement,
me_land_4634,Ost falaslad,me_belfalas_region,GON,place,3.777,me_gondorian,me_valar_worship,,wool,rural_settlement,holsatian
me_land_4635,Frosthaven Waste,me_northern_wastes_region,WILD,wilderness,0.013,me_lossoth,me_lossoth_ways,,wheat,rural_settlement,
me_land_4636,Icehaven Waste,me_forochel_region,LOS,place,0.216,me_lossoth,me_lossoth_ways,,fish,rural_settlement,
me_land_4637,Kharem Oasis,me_near_harad_region,HNE,place,2.034,me_near_haradrim,me_southron_ways,,wool,rural_settlement,patwin_culture
me_land_4638,Nazgkrak Cleft,me_angmar_region,ANG,place,1.085,me_northern_orc,me_melkorism,,clay,rural_settlement,
me_land_4639,Khorar Ford,me_far_harad_region,KHA,place,1.011,me_variag,me_melkorism,,wool,rural_settlement,
me_land_4640,Eorlstede,me_rohan_region,ROH,place,2.399,me_rohirric,me_northern_ways,,clay,rural_settlement,nakawe_culture
me_land_4641,Ruzar Ford,me_khand_region,KHA,place,1.011,me_variag,me_melkorism,,salt,rural_settlement,
me_land_4642,Skaikrak Cleft,me_north_arnor_region,ANG,place,1.484,me_northern_orc,me_melkorism,,livestock,rural_settlement,waunana_culture
me_land_4643,Taur falaslad,me_north_arnor_region,WILD,wilderness,0.015,me_eriadoran,me_northern_ways,,livestock,rural_settlement,
me_land_4644,Bar falaslad,me_ithilien_region,WILD,wilderness,0.007,me_gondorian,me_valar_worship,,iron,rural_settlement,
me_land_4645,Calen falaslad,me_lebennin_region,GON,place,5.473,me_gondorian,me_valar_worship,,wheat,rural_settlement,baxoje_culture
me_land_4646,Skarnar Ford,me_khand_region,KHA,place,1.011,me_variag,me_melkorism,,copper,rural_settlement,
me_land_4647,Uglkrak Cleft,me_mordor_region,MOR,place,1.265,me_mordor_orc,me_sauron_cult,,wheat,rural_settlement,
me_land_4648,Lodur Steppe,me_rhun_region,RH2,place,2.512,me_karmachi,me_melkorism,,livestock,rural_settlement,mbugu_culture
me_land_4649,Narur Steppe,me_rhun_region,RH2,place,1.908,me_karmachi,me_melkorism,,wheat,rural_settlement,saleesh_culture
me_land_4650,Northhaven Waste,me_northern_wastes_region,WILD,wilderness,0.013,me_lossoth,me_lossoth_ways,,wheat,rural_settlement,
me_land_4651,Rhovur Steppe,me_rhun_region,RHU,place,2.621,me_balchoth,me_sauron_cult,,wheat,rural_settlement,kuthant_culture
me_land_4652,Ferndelving,me_shire_breeland_region,SHI,place,2.869,me_shire_hobbit,me_northern_ways,,fiber_crops,rural_settlement,kerewo_culture
me_land_4653,Celon falaslad,me_north_arnor_region,WILD,wilderness,0.006,me_eriadoran,me_northern_ways,,fish,rural_settlement,
me_land_4654,Urukkrak Cleft,me_mordor_region,MOR,place,5.742,me_mordor_orc,me_sauron_cult,,livestock,rural_settlement,asinikawithini_culture
me_land_4655,Haydelving,me_shire_breeland_region,WILD,wilderness,0.015,me_eriadoran,me_northern_ways,,fiber_crops,rural_settlement,
me_land_4656,Mahrem Oasis,me_near_harad_region,HRA,place,4.546,me_near_haradrim,me_southron_ways,,copper,rural_settlement,gayo_culture
me_land_4657,Nim falaslad,me_brown_lands_region,WILD,wilderness,0.011,me_woodman,me_northern_ways,,livestock,rural_settlement,
me_land_4658,Ashlug Cleft,me_mordor_region,WILD,wilderness,0.013,me_mordor_orc,me_sauron_cult,,iron,rural_settlement,
me_land_4659,Folcstede,me_rohan_region,ROH,place,2.399,me_rohirric,me_northern_ways,,clay,rural_settlement,nakara_culture
me_land_4660,Amon galenlad,me_brown_lands_region,WILD,wilderness,0.011,me_woodman,me_northern_ways,,wheat,rural_settlement,
me_land_4661,Narem Oasis,me_near_harad_region,HRA,place,4.546,me_near_haradrim,me_southron_ways,,salt,rural_settlement,gatiya_pain_culture
me_land_4662,Azglug Cleft,me_mordor_region,WILD,wilderness,0.013,me_mordor_orc,me_sauron_cult,,stone,rural_settlement,
me_land_4663,Greenbridge Fold,me_mirkwood_region,WILD,wilderness,0.013,me_woodman,me_northern_ways,,livestock,rural_settlement,
me_land_4664,Targar Ford,me_khand_region,KHA,place,1.011,me_variag,me_melkorism,,wool,rural_settlement,
me_land_4665,Dol galenlad,me_brown_lands_region,WILD,wilderness,0.013,me_woodman,me_northern_ways,,wheat,rural_settlement,
me_land_4666,Eithel galenlad,me_north_arnor_region,WILD,wilderness,0.015,me_eriadoran,me_northern_ways,,clay,rural_settlement,
me_land_4667,Emyn galenlad,me_ithilien_region,WILD,wilderness,0.016,me_gondorian,me_valar_worship,,clay,rural_settlement,
me_land_4668,Imlad galenlad,me_ithilien_region,WILD,wilderness,0.007,me_gondorian,me_valar_worship,,stone,rural_settlement,
me_land_4669,Greybridge Fold,me_mirkwood_region,WDM,place,0.639,me_woodman,me_northern_ways,,wild_game,rural_settlement,
me_land_4670,Qasem Oasis,me_far_harad_region,HFA,place,3.344,me_far_haradrim,me_southron_ways,,livestock,rural_settlement,kanari_culture
me_land_4671,Minas galenlad,me_brown_lands_region,WILD,wilderness,0.011,me_woodman,me_northern_ways,,livestock,rural_settlement,
me_land_4672,Ost galenlad,me_lindon_region,LIN,place,0.093,me_sindar,me_valar_worship,,clay,rural_settlement,
me_land_4673,Blacklug Cleft,me_rohan_region,ISE,place,0.33,me_isengard_uruk,me_sauron_cult,,horses,rural_settlement,
me_land_4674,Rakhem Oasis,me_umbar_region,UMB,place,1.679,me_umbarite,me_sauron_cult,,copper,rural_settlement,thalanyji_culture
me_land_4675,Taur galenlad,me_mirkwood_region,WOO,place,0.648,me_silvan,me_valar_worship,,wool,rural_settlement,
me_land_4676,Bizarrakhas,me_rhun_region,IRO,place,0.447,me_longbeard,me_mahal_cult,,wheat,rural_settlement,
me_land_4677,Sagur Steppe,me_rhun_region,RH3,place,4.951,me_sagath,me_melkorism,,wool,rural_settlement,deori_culture
me_land_4678,Burzlug Cleft,me_angmar_region,GUN,place,0.495,me_northern_orc,me_melkorism,,wild_game,rural_settlement,
me_land_4679,Bar galenlad,me_anduin_vale_region,LOR,place,1.226,me_galadhrim,me_valar_worship,,clay,rural_settlement,
me_land_4680,Dushlug Cleft,me_grey_mountains_region,GUN,place,4.785,me_northern_orc,me_melkorism,,wool,rural_settlement,galician
me_land_4681,Longbridge Fold,me_enedwaith_region,WILD,wilderness,0.015,me_dunlending,me_dunland_ways,,wheat,rural_settlement,
me_land_4682,Palehaven Waste,me_northern_wastes_region,WILD,wilderness,0.011,me_lossoth,me_lossoth_ways,,livestock,rural_settlement,
me_land_4683,Calen galenlad,me_north_arnor_region,WILD,wilderness,0.015,me_eriadoran,me_northern_ways,,livestock,rural_settlement,
me_land_4684,Framstede,me_rohan_region,ROH,place,2.399,me_rohirric,me_northern_ways,,horses,rural_settlement,nakanamanga_culture
me_land_4685,Celon galenlad,me_ithilien_region,WILD,wilderness,0.007,me_gondorian,me_valar_worship,,iron,rural_settlement,
me_land_4686,Sharur Steppe,me_rhun_region,RHU,place,2.621,me_balchoth,me_sauron_cult,,horses,rural_settlement,kutai_culture
me_land_4687,Nim galenlad,me_north_arnor_region,WILD,wilderness,0.015,me_eriadoran,me_northern_ways,,clay,rural_settlement,
me_land_4688,Sahrem Oasis,me_near_harad_region,HNE,place,2.035,me_near_haradrim,me_southron_ways,,copper,rural_settlement,patpatar_culture
me_land_4689,Uldur Steppe,me_rhun_region,RHU,place,2.621,me_balchoth,me_sauron_cult,,wheat,rural_settlement,kusu_culture
me_land_4690,Wainur Steppe,me_rhun_region,RH2,place,1.908,me_karmachi,me_melkorism,,clay,rural_settlement,salar_culture
me_land_4691,Amon gondlad,me_belfalas_region,DAM,place,2.469,me_dol_amrothian,me_valar_worship,,livestock,rural_settlement,mobile_culture
me_land_4692,Tazem Oasis,me_near_harad_region,HNE,place,2.035,me_near_haradrim,me_southron_ways,,wool,rural_settlement,pasto_culture
me_land_4693,Dol gondlad,me_lebennin_region,GON,place,0.855,me_gondorian,me_valar_worship,,wool,rural_settlement,
me_land_4694,Umrem Oasis,me_umbar_region,UMB,place,1.679,me_umbarite,me_sauron_cult,,salt,rural_settlement,thai_culture
me_land_4695,Eithel gondlad,me_ithilien_region,WILD,wilderness,0.007,me_gondorian,me_valar_worship,,iron,rural_settlement,
me_land_4696,Zarem Oasis,me_near_harad_region,HRA,place,4.546,me_near_haradrim,me_southron_ways,,wool,rural_settlement,gascon
me_land_4697,Emyn gondlad,me_lindon_region,LIN,place,0.093,me_sindar,me_valar_worship,,fish,rural_settlement,
me_land_4698,Imlad gondlad,me_north_arnor_region,WILD,wilderness,0.015,me_eriadoran,me_northern_ways,,wool,rural_settlement,
me_land_4699,Varkar Ford,me_khand_region,KHA,place,1.011,me_variag,me_melkorism,,wool,rural_settlement,
me_land_4700,Zorur Steppe,me_rhun_region,RH3,place,4.951,me_sagath,me_melkorism,,livestock,rural_settlement,denesoline_culture
me_land_4701,Minas gondlad,me_lebennin_region,GON,place,5.473,me_gondorian,me_valar_worship,,clay,rural_settlement,bauzi_culture
me_land_4702,Azresh Oasis,me_umbar_region,UMB,place,1.679,me_umbarite,me_sauron_cult,,wool,rural_settlement,teushen_culture
me_land_4703,Gladden Fields,me_anduin_vale_region,WILD,ruin,0,me_woodman,me_northern_ways,,clay,rural_settlement,
me_land_4704,Ghashlug Cleft,me_angmar_region,WILD,wilderness,0.006,me_northern_orc,me_melkorism,,fur,rural_settlement,
me_land_4705,Bahresh Oasis,me_near_harad_region,HNE,place,2.035,me_near_haradrim,me_southron_ways,,copper,rural_settlement,passamaquoddy_culture
me_land_4706,Northbridge Fold,me_enedwaith_region,WILD,wilderness,0.013,me_dunlending,me_dunland_ways,,wheat,rural_settlement,
me_land_4707,Ost gondlad,me_lindon_region,LIN,place,0.093,me_sindar,me_valar_worship,,wool,rural_settlement,
me_land_4708,Balach of Balach,me_rhun_region,RH2,place,2.512,me_karmachi,me_melkorism,,wheat,rural_settlement,mboma
me_land_4709,Daresh Oasis,me_near_harad_region,HRA,place,4.546,me_near_haradrim,me_southron_ways,,wool,rural_settlement,garo_culture
me_land_4710,Faresh Oasis,me_far_harad_region,HFA,place,3.344,me_far_haradrim,me_southron_ways,,salt,rural_settlement,kanaka_maoli_culture
me_land_4711,Taur gondlad,me_lindon_region,LIN,place,0.093,me_sindar,me_valar_worship,,wheat,rural_settlement,
me_land_4712,Borach of Balach,me_rhun_region,RH2,place,1.432,me_karmachi,me_melkorism,,horses,rural_settlement,yampara_culture
me_land_4713,Gathach of Balach,me_rhun_region,RH2,place,1.432,me_karmachi,me_melkorism,,livestock,rural_settlement,yamasee_culture
me_land_4714,Bar gondlad,me_belfalas_region,GON,place,3.777,me_gondorian,me_valar_worship,,wool,rural_settlement,hohokam_culture
me_land_4715,Hadresh Oasis,me_umbar_region,UMB,place,1.679,me_umbarite,me_sauron_cult,,livestock,rural_settlement,tetum_culture
me_land_4716,Karmach of Balach,me_rhun_region,RHU,place,2.621,me_balchoth,me_sauron_cult,,wheat,rural_settlement,kuskokwag_culture
me_land_4717,Khurach of Balach,me_rhun_region,RHU,place,2.621,me_balchoth,me_sauron_cult,,wool,rural_settlement,kusiutta_culture
me_land_4718,Kharesh Oasis,me_umbar_region,UMB,place,1.679,me_umbarite,me_sauron_cult,,livestock,rural_settlement,tetadeka_culture
me_land_4719,Gorlug Cleft,me_rohan_region,ISE,place,0.33,me_isengard_uruk,me_sauron_cult,,horses,rural_settlement,
me_land_4720,Calen gondlad,me_brown_lands_region,WILD,wilderness,0.011,me_woodman,me_northern_ways,,wheat,rural_settlement,
me_land_4721,Celon gondlad,me_ithilien_region,WILD,wilderness,0.007,me_gondorian,me_valar_worship,,stone,rural_settlement,
me_land_4722,Nim gondlad,me_brown_lands_region,WILD,wilderness,0.011,me_woodman,me_northern_ways,,wool,rural_settlement,
me_land_4723,Amon lothlad,me_north_arnor_region,WILD,wilderness,0.016,me_eriadoran,me_northern_ways,,wheat,rural_settlement,
me_land_4724,Sealhaven Waste,me_northern_wastes_region,WILD,wilderness,0.006,me_lossoth,me_lossoth_ways,,wild_game,rural_settlement,
me_land_4725,Dol lothlad,me_lebennin_region,GON,place,3.777,me_gondorian,me_valar_worship,,livestock,rural_settlement,hocak_culture
me_land_4726,Zandar Ford,me_khand_region,KHA,place,1.011,me_variag,me_melkorism,,livestock,rural_settlement,
me_land_4727,Snowhaven Waste,me_northern_wastes_region,WILD,wilderness,0.013,me_lossoth,me_lossoth_ways,,wool,rural_settlement,
me_land_4728,Oakbridge Fold,me_mirkwood_region,WDM,place,2.103,me_woodman,me_northern_ways,,livestock,rural_settlement,paici_culture
me_land_4729,Starhaven Waste,me_forochel_region,LOS,place,0.216,me_lossoth,me_lossoth_ways,,fish,rural_settlement,
me_land_4730,Eithel lothlad,me_belfalas_region,DAM,place,2.469,me_dol_amrothian,me_valar_worship,,wheat,rural_settlement,mizrahi
me_land_4731,Mahresh Oasis,me_umbar_region,UMB,place,1.679,me_umbarite,me_sauron_cult,,livestock,rural_settlement,ternate_culture
me_land_4732,Grishlug Cleft,me_north_arnor_region,ANG,place,1.085,me_northern_orc,me_melkorism,,livestock,rural_settlement,
me_land_4733,Naresh Oasis,me_umbar_region,UMB,place,1.679,me_umbarite,me_sauron_cult,,salt,rural_settlement,terena_culture
me_land_4734,Southbridge Fold,me_enedwaith_region,WILD,wilderness,0.013,me_dunlending,me_dunland_ways,,clay,rural_settlement,
me_land_4735,Emyn lothlad,me_lebennin_region,GON,place,5.473,me_gondorian,me_valar_worship,,livestock,rural_settlement,baure_culture
me_land_4736,Kingstead,me_rhun_region,DOR,place,1.367,me_dorwinrim,me_northern_ways,,horses,rural_settlement,
me_land_4737,Lakestead,me_rhun_region,DOR,place,1.367,me_dorwinrim,me_northern_ways,,wool,rural_settlement,
me_land_4738,Arzash Ford,me_far_harad_region,KHA,place,1.011,me_variag,me_melkorism,,livestock,rural_settlement,
me_land_4739,Krimplug Cleft,me_mordor_region,WILD,wilderness,0.013,me_mordor_orc,me_sauron_cult,,iron,rural_settlement,
me_land_4740,Imlad lothlad,me_belfalas_region,GON,place,3.777,me_gondorian,me_valar_worship,,wheat,rural_settlement,ho_culture
me_land_4741,Lodach of Balach,me_rhun_region,RHU,place,2.621,me_balchoth,me_sauron_cult,,horses,rural_settlement,kurukh_culture
me_land_4742,Balkash Ford,me_near_harad_region,KHA,place,1.011,me_variag,me_melkorism,,livestock,rural_settlement,
me_land_4743,Minas lothlad,me_lebennin_region,GON,place,5.473,me_gondorian,me_valar_worship,,clay,rural_settlement,batak_culture
me_land_4744,Stonebridge Fold,me_enedwaith_region,WILD,wilderness,0.016,me_dunlending,me_dunland_ways,,wool,rural_settlement,
me_land_4745,Narach of Balach,me_rhun_region,RH2,place,1.908,me_karmachi,me_melkorism,,livestock,rural_settlement,sakkyryr_culture
me_land_4746,Qasesh Oasis,me_near_harad_region,HNE,place,2.035,me_near_haradrim,me_southron_ways,,livestock,rural_settlement,pashayi_culture
me_land_4747,Ost lothlad,me_belfalas_region,GON,place,5.473,me_gondorian,me_valar_worship,,clay,rural_settlement,bassa_culture
me_land_4748,Westbridge Fold,me_enedwaith_region,WILD,wilderness,0.013,me_dunlending,me_dunland_ways,,wheat,rural_settlement,
me_land_4749,Taur lothlad,me_lindon_region,LIN,place,0.093,me_sindar,me_valar_worship,,clay,rural_settlement,
me_land_4750,Alderbrook Fold,me_enedwaith_region,WILD,wilderness,0.013,me_dunlending,me_dunland_ways,,livestock,rural_settlement,
me_land_4751,Whitehaven Waste,me_forochel_region,LOS,place,0.216,me_lossoth,me_lossoth_ways,,fur,rural_settlement,
me_land_4752,Luglug Cleft,me_grey_mountains_region,GUN,place,5.13,me_northern_orc,me_melkorism,,wheat,rural_settlement,czech
me_land_4753,Rhovach of Balach,me_rhun_region,RH2,place,1.908,me_karmachi,me_melkorism,,wool,rural_settlement,sakha_culture
me_land_4754,Rakhesh Oasis,me_near_harad_region,HNE,place,2.035,me_near_haradrim,me_southron_ways,,wool,rural_settlement,pashash_culture
me_land_4755,Sagach of Balach,me_rhun_region,RH2,place,1.432,me_karmachi,me_melkorism,,wool,rural_settlement,yalarrnga_culture
me_land_4756,Ashbrook Fold,me_enedwaith_region,DUN,place,4.106,me_dunlending,me_dunland_ways,,clay,rural_settlement,haisla_culture
me_land_4757,Drazash Ford,me_khand_region,KHA,place,1.011,me_variag,me_melkorism,,livestock,rural_settlement,
me_land_4758,Gharash Ford,me_near_harad_region,KHA,place,1.011,me_variag,me_melkorism,,wool,rural_settlement,
me_land_4759,Barrowbrook Fold,me_anduin_vale_region,WILD,wilderness,0.016,me_woodman,me_northern_ways,,livestock,rural_settlement,
me_land_4760,Rivermead,me_mirkwood_region,BEO,place,0.307,me_beorning,me_northern_ways,,wool,rural_settlement,
me_land_4761,Hazeldelving,me_shire_breeland_region,SHI,place,2.869,me_shire_hobbit,me_northern_ways,,wheat,rural_settlement,keres_culture
me_land_4762,Beaconbrook Fold,me_enedwaith_region,WILD,wilderness,0.013,me_dunlending,me_dunland_ways,,livestock,rural_settlement,
me_land_4763,Blackbrook Fold,me_enedwaith_region,WILD,wilderness,0.016,me_dunlending,me_dunland_ways,,clay,rural_settlement,
me_land_4764,Sharach of Balach,me_rhun_region,RHU,place,2.621,me_balchoth,me_sauron_cult,,wheat,rural_settlement,kurtjar_culture
me_land_4765,Bar lothlad,me_anorien_region,GON,place,5.473,me_gondorian,me_valar_worship,,wheat,rural_settlement,basque
me_land_4766,Winterhaven Waste,me_forochel_region,LOS,place,0.216,me_lossoth,me_lossoth_ways,,fur,rural_settlement,
me_land_4767,Bundrakhas,me_rhun_region,IRO,place,0.447,me_longbeard,me_mahal_cult,,wool,rural_settlement,
me_land_4768,Uldach of Balach,me_rhun_region,RH2,place,1.432,me_karmachi,me_melkorism,,wheat,rural_settlement,yakama_culture
me_land_4769,Dumrakhas,me_lindon_region,BLU,place,0.351,me_firebeard_broadbeam,me_mahal_cult,,wool,rural_settlement,
me_land_4770,Hollydelving,me_shire_breeland_region,WILD,wilderness,0.016,me_eriadoran,me_northern_ways,,fiber_crops,rural_settlement,
me_land_4771,Calen lothlad,me_belfalas_region,GON,place,5.473,me_gondorian,me_valar_worship,,wheat,rural_settlement,basingui
me_land_4772,Felekrakhas,me_lindon_region,BLU,place,0.134,me_firebeard_broadbeam,me_mahal_cult,,medicaments,rural_settlement,
me_land_4773,Firbough,me_anduin_vale_region,FAN,place,0.019,me_onodrim,me_eldest_ways,,wool,rural_settlement,
me_land_4774,Bramblebrook Fold,me_enedwaith_region,WILD,wilderness,0.013,me_dunlending,me_dunland_ways,,wool,rural_settlement,
me_land_4775,Kandash Ford,me_far_harad_region,KHA,place,1.011,me_variag,me_melkorism,,wool,rural_settlement,
me_land_4776,Celon lothlad,me_belfalas_region,GON,place,3.777,me_gondorian,me_valar_worship,,clay,rural_settlement,hmong_culture
me_land_4777,Nim lothlad,me_brown_lands_region,WILD,wilderness,0.011,me_woodman,me_northern_ways,,wool,rural_settlement,
me_land_4778,Coldmere Waste,me_northern_wastes_region,WILD,wilderness,0.013,me_lossoth,me_lossoth_ways,,fish,rural_settlement,
me_land_4779,Wainach of Balach,me_rhun_region,RH3,place,4.951,me_sagath,me_melkorism,,horses,rural_settlement,dehwar_culture
me_land_4780,Sahresh Oasis,me_near_harad_region,HRA,place,4.546,me_near_haradrim,me_southron_ways,,copper,rural_settlement,garhwali
me_land_4781,Zorach of Balach,me_rhun_region,RHU,place,1.784,me_balchoth,me_sauron_cult,,wool,rural_settlement,tangga_culture
me_land_4782,Khazash Ford,me_near_harad_region,KHA,place,1.011,me_variag,me_melkorism,,salt,rural_settlement,
me_land_4783,Balad of Balach,me_rhun_region,RHU,place,2.621,me_balchoth,me_sauron_cult,,wheat,rural_settlement,kurrama_culture
me_land_4784,Tazesh Oasis,me_umbar_region,UMB,place,1.006,me_umbarite,me_sauron_cult,,salt,rural_settlement,
me_land_4785,Amon mornlad,me_north_arnor_region,WILD,wilderness,0.013,me_eriadoran,me_northern_ways,,clay,rural_settlement,
me_land_4786,Ravenstead,me_dale_region,ESG,place,1.113,me_dalish,me_northern_ways,,wool,rural_settlement,
me_land_4787,Bucklandbrook Fold,me_enedwaith_region,WILD,wilderness,0.013,me_dunlending,me_dunland_ways,,livestock,rural_settlement,
me_land_4788,Dol mornlad,me_belfalas_region,GON,place,5.473,me_gondorian,me_valar_worship,,wheat,rural_settlement,bashkir
me_land_4789,Driftmere Waste,me_forochel_region,LOS,place,0.216,me_lossoth,me_lossoth_ways,,fish,rural_settlement,
me_land_4790,Mauhlug Cleft,me_grey_mountains_region,GUN,place,2.781,me_northern_orc,me_melkorism,,wool,rural_settlement,koroa_culture
me_land_4791,Eithel mornlad,me_south_gondor_region,GON,place,5.473,me_gondorian,me_valar_worship,,clay,rural_settlement,bashilele
me_land_4792,Muzglug Cleft,me_mordor_region,MOR,place,1.265,me_mordor_orc,me_sauron_cult,,iron,rural_settlement,
me_land_4793,Khorash Ford,me_khand_region,KHA,place,1.011,me_variag,me_melkorism,,copper,rural_settlement,
me_land_4794,Frostmere Waste,me_northern_wastes_region,WILD,wilderness,0.006,me_lossoth,me_lossoth_ways,,fur,rural_settlement,
me_land_4795,Umresh Oasis,me_far_harad_region,HFA,place,3.344,me_far_haradrim,me_southron_ways,,wool,rural_settlement,kamoro_culture
me_land_4796,Cedarbrook Fold,me_enedwaith_region,WILD,wilderness,0.016,me_dunlending,me_dunland_ways,,wool,rural_settlement,
me_land_4797,Icemere Waste,me_forochel_region,LOS,place,0.031,me_lossoth,me_lossoth_ways,,fur,rural_settlement,
me_land_4798,Borad of Balach,me_rhun_region,RH3,place,4.951,me_sagath,me_melkorism,,livestock,rural_settlement,dehlavi
me_land_4799,Nazglug Cleft,me_mordor_region,MOR,place,1.265,me_mordor_orc,me_sauron_cult,,iron,rural_settlement,
me_land_4800,Zaresh Oasis,me_near_harad_region,HNE,place,2.035,me_near_haradrim,me_southron_ways,,salt,rural_settlement,paredarerme_culture
me_land_4801,Ruzash Ford,me_khand_region,KHA,place,1.011,me_variag,me_melkorism,,livestock,rural_settlement,
me_land_4802,Azrim Oasis,me_near_harad_region,UMB,place,1.679,me_umbarite,me_sauron_cult,,copper,rural_settlement,tepehuan_culture
me_land_4803,Bahrim Oasis,me_umbar_region,UMB,place,1.006,me_umbarite,me_sauron_cult,,copper,rural_settlement,
me_land_4804,Deepbrook Fold,me_enedwaith_region,WILD,wilderness,0.016,me_dunlending,me_dunland_ways,,wool,rural_settlement,
me_land_4805,Skarnash Ford,me_far_harad_region,KHA,place,1.011,me_variag,me_melkorism,,livestock,rural_settlement,
me_land_4806,Emyn mornlad,me_ithilien_region,WILD,wilderness,0.015,me_gondorian,me_valar_worship,,wheat,rural_settlement,
me_land_4807,Eastbrook Fold,me_enedwaith_region,WILD,wilderness,0.013,me_dunlending,me_dunland_ways,,wheat,rural_settlement,
me_land_4808,Imlad mornlad,me_lindon_region,LIN,place,0.093,me_sindar,me_valar_worship,,livestock,rural_settlement,
me_land_4809,Amon Hen,me_rohan_region,ROH,ruin,0,me_rohirric,me_northern_ways,,wool,rural_settlement,
me_land_4810,Gathad of Balach,me_rhun_region,RH2,place,1.432,me_karmachi,me_melkorism,,wool,rural_settlement,yaka
me_land_4811,Greenbrook Fold,me_mirkwood_region,WILD,wilderness,0.013,me_woodman,me_northern_ways,,wool,rural_settlement,
me_land_4812,Darim Oasis,me_umbar_region,UMB,place,1.679,me_umbarite,me_sauron_cult,,livestock,rural_settlement,tepecan_culture
me_land_4813,Farim Oasis,me_umbar_region,UMB,place,1.679,me_umbarite,me_sauron_cult,,salt,rural_settlement,tenetehara_culture
me_land_4814,Northmere Waste,me_northern_wastes_region,WILD,wilderness,0.013,me_lossoth,me_lossoth_ways,,clay,rural_settlement,
me_land_4815,Greybrook Fold,me_anduin_vale_region,WILD,wilderness,0.016,me_woodman,me_northern_ways,,clay,rural_settlement,
me_land_4816,Karmad of Balach,me_rhun_region,RH2,place,1.908,me_karmachi,me_melkorism,,wool,rural_settlement,sakao_culture
me_land_4817,Khurad of Balach,me_rhun_region,RHU,place,2.621,me_balchoth,me_sauron_cult,,livestock,rural_settlement,kurnai_culture
me_land_4818,Redstead,me_rhun_region,DOR,place,1.82,me_dorwinrim,me_northern_ways,,wool,rural_settlement,sui_culture
me_land_4819,Minas mornlad,me_north_arnor_region,RIV,place,0.068,me_noldor,me_valar_worship,,wheat,rural_settlement,
me_land_4820,Lodad of Balach,me_rhun_region,RH2,place,1.908,me_karmachi,me_melkorism,,wheat,rural_settlement,sakalava_culture
me_land_4821,Longbrook Fold,me_enedwaith_region,DUN,place,4.106,me_dunlending,me_dunland_ways,,clay,rural_settlement,haida_culture
me_land_4822,Northbrook Fold,me_enedwaith_region,WILD,wilderness,0.013,me_dunlending,me_dunland_ways,,clay,rural_settlement,
me_land_4823,Amberstrand,me_dale_region,ESG,place,0.875,me_dalish,me_northern_ways,,wool,rural_settlement,
me_land_4824,Oakbrook Fold,me_anduin_vale_region,WILD,wilderness,0.015,me_woodman,me_northern_ways,,wheat,rural_settlement,
me_land_4825,Hadrim Oasis,me_umbar_region,UMB,place,1.679,me_umbarite,me_sauron_cult,,livestock,rural_settlement,tenesch_culture
me_land_4826,Skailug Cleft,me_mordor_region,MOR,place,1.265,me_mordor_orc,me_sauron_cult,,wheat,rural_settlement,
me_land_4827,Narad of Balach,me_rhun_region,RHU,place,2.621,me_balchoth,me_sauron_cult,,horses,rural_settlement,kurdish_culture
me_land_4828,Ost mornlad,me_brown_lands_region,WILD,wilderness,0.011,me_woodman,me_northern_ways,,wheat,rural_settlement,
me_land_4829,Targash Ford,me_far_harad_region,KHA,place,1.011,me_variag,me_melkorism,,wool,rural_settlement,
me_land_4830,Gamilrakhas,me_lindon_region,BLU,place,0.258,me_firebeard_broadbeam,me_mahal_cult,,livestock,rural_settlement,
me_land_4831,Palemere Waste,me_forochel_region,LOS,place,0.031,me_lossoth,me_lossoth_ways,,fur,rural_settlement,
me_land_4832,Varkash Ford,me_khand_region,KHA,place,1.011,me_variag,me_melkorism,,livestock,rural_settlement,
me_land_4833,Grimstede,me_rohan_region,ROH,place,2.399,me_rohirric,me_northern_ways,,wheat,rural_settlement,najdi_culture
me_land_4834,Ugllug Cleft,me_mordor_region,WILD,wilderness,0.013,me_mordor_orc,me_sauron_cult,,wheat,rural_settlement,
me_land_4835,Southbrook Fold,me_mirkwood_region,WDM,place,0.639,me_woodman,me_northern_ways,,wild_game,rural_settlement,
me_land_4836,Taur mornlad,me_south_gondor_region,GON,place,0.417,me_gondorian,me_valar_worship,,salt,rural_settlement,
me_land_4837,Gatholrakhas,me_grey_mountains_region,ERE,place,1.435,me_longbeard,me_mahal_cult,,clay,rural_settlement,wulgurukaba_culture
me_land_4838,Rhovad of Balach,me_rhun_region,RH2,place,1.908,me_karmachi,me_melkorism,,wheat,rural_settlement,saintongeais
me_land_4839,Sealmere Waste,me_northern_wastes_region,WILD,wilderness,0.011,me_lossoth,me_lossoth_ways,,livestock,rural_settlement,
me_land_4840,Bardstrand,me_rhun_region,DOR,place,1.367,me_dorwinrim,me_northern_ways,,livestock,rural_settlement,
me_land_4841,Uruklug Cleft,me_rohan_region,ISE,place,0.33,me_isengard_uruk,me_sauron_cult,,horses,rural_settlement,
me_land_4842,Sagad of Balach,me_rhun_region,RH2,place,1.432,me_karmachi,me_melkorism,,wool,rural_settlement,yaghan_culture
me_land_4843,Bar mornlad,me_brown_lands_region,WILD,wilderness,0.013,me_woodman,me_northern_ways,,wheat,rural_settlement,
me_land_4844,Helmstede,me_rohan_region,ROH,place,2.399,me_rohirric,me_northern_ways,,horses,rural_settlement,nahua_culture
me_land_4845,Sharad of Balach,me_rhun_region,RH3,place,4.951,me_sagath,me_melkorism,,horses,rural_settlement,dehcho_culture
me_land_4846,Bellstrand,me_rhun_region,DOR,place,1.82,me_dorwinrim,me_northern_ways,,wool,rural_settlement,suena_culture
me_land_4847,Bowstrand,me_dale_region,ESG,place,1.113,me_dalish,me_northern_ways,,livestock,rural_settlement,
me_land_4848,Ashmauk Cleft,me_mordor_region,WILD,wilderness,0.013,me_mordor_orc,me_sauron_cult,,wheat,rural_settlement,
me_land_4849,Snowmere Waste,me_northern_wastes_region,WILD,wilderness,0.006,me_lossoth,me_lossoth_ways,,fish,rural_settlement,
me_land_4850,Azgmauk Cleft,me_mordor_region,WILD,wilderness,0.013,me_mordor_orc,me_sauron_cult,,iron,rural_settlement,
me_land_4851,Uldad of Balach,me_rhun_region,RHU,place,2.621,me_balchoth,me_sauron_cult,,horses,rural_settlement,kura_culture
me_land_4852,Blackmauk Cleft,me_mordor_region,WILD,wilderness,0.013,me_mordor_orc,me_sauron_cult,,iron,rural_settlement,
me_land_4853,Stonebrook Fold,me_anduin_vale_region,WILD,wilderness,0.015,me_woodman,me_northern_ways,,wool,rural_settlement,
me_land_4854,Kharim Oasis,me_far_harad_region,HFA,place,5.583,me_far_haradrim,me_southron_ways,,salt,rural_settlement,balkar_culture
me_land_4855,Wainad of Balach,me_rhun_region,RH2,place,1.908,me_karmachi,me_melkorism,,wheat,rural_settlement,saigoku_culture
me_land_4856,Zorad of Balach,me_rhun_region,RHU,place,2.621,me_balchoth,me_sauron_cult,,wheat,rural_settlement,kuot_culture
me_land_4857,Calen mornlad,me_anorien_region,GON,place,5.473,me_gondorian,me_valar_worship,,wheat,rural_settlement,barunggam_culture
me_land_4858,Westbrook Fold,me_enedwaith_region,WILD,wilderness,0.016,me_dunlending,me_dunland_ways,,clay,rural_settlement,
me_land_4859,Celon mornlad,me_ithilien_region,WILD,wilderness,0.015,me_gondorian,me_valar_worship,,livestock,rural_settlement,
me_land_4860,Nim mornlad,me_north_arnor_region,WILD,wilderness,0.016,me_eriadoran,me_northern_ways,,livestock,rural_settlement,
me_land_4861,Amon nenlad,me_lindon_region,LIN,place,0.093,me_sindar,me_valar_worship,,livestock,rural_settlement,
me_land_4862,Balar of Balach,me_rhun_region,RH3,place,4.951,me_sagath,me_melkorism,,wheat,rural_settlement,degar_culture
me_land_4863,Burzmauk Cleft,me_mordor_region,MOR,place,7.563,me_mordor_orc,me_sauron_cult,,livestock,rural_settlement,alor_culture
me_land_4864,Borar of Balach,me_rhun_region,RH2,place,1.432,me_karmachi,me_melkorism,,horses,rural_settlement,yagalingu_culture
me_land_4865,Dushmauk Cleft,me_mordor_region,MOR,place,1.265,me_mordor_orc,me_sauron_cult,,livestock,rural_settlement,
me_land_4866,Gathar of Balach,me_rhun_region,RHU,place,2.621,me_balchoth,me_sauron_cult,,livestock,rural_settlement,kunjen_culture
me_land_4867,Ghashmauk Cleft,me_enedwaith_region,MOA,place,2.376,me_misty_orc,me_melkorism,,livestock,rural_settlement,ongamo_culture
me_land_4868,Alderdown Fold,me_enedwaith_region,WILD,wilderness,0.013,me_dunlending,me_dunland_ways,,wheat,rural_settlement,
me_land_4869,Zandash Ford,me_khand_region,KHA,place,1.011,me_variag,me_melkorism,,copper,rural_settlement,
me_land_4870,Dol nenlad,me_lebennin_region,GON,place,5.473,me_gondorian,me_valar_worship,,livestock,rural_settlement,baruga_culture
me_land_4871,Eithel nenlad,me_lindon_region,LIN,place,0.126,me_sindar,me_valar_worship,,clay,rural_settlement,
me_land_4872,Karmar of Balach,me_rhun_region,RH2,place,1.432,me_karmachi,me_melkorism,,horses,rural_settlement,yadhaigana_culture
me_land_4873,Ashdown Fold,me_enedwaith_region,WILD,wilderness,0.016,me_dunlending,me_dunland_ways,,livestock,rural_settlement,
me_land_4874,Gormauk Cleft,me_mordor_region,WILD,wilderness,0.013,me_mordor_orc,me_sauron_cult,,iron,rural_settlement,
me_land_4875,Celduinstrand,me_rhun_region,DOR,place,1.82,me_dorwinrim,me_northern_ways,,livestock,rural_settlement,sudovian
me_land_4876,Emyn nenlad,me_north_arnor_region,WILD,wilderness,0.016,me_eriadoran,me_northern_ways,,clay,rural_settlement,
me_land_4877,Herustede,me_rohan_region,ROH,place,1.719,me_rohirric,me_northern_ways,,clay,rural_settlement,tarairiu_culture
me_land_4878,Imlad nenlad,me_belfalas_region,GON,place,3.777,me_gondorian,me_valar_worship,,clay,rural_settlement,hlai_culture
me_land_4879,Minas nenlad,me_ithilien_region,WILD,wilderness,0.016,me_gondorian,me_valar_worship,,wool,rural_settlement,
me_land_4880,Dalestrand,me_rhun_region,DOR,place,1.367,me_dorwinrim,me_northern_ways,,wheat,rural_settlement,
me_land_4881,Khurar of Balach,me_rhun_region,RH2,place,1.432,me_karmachi,me_melkorism,,wheat,rural_settlement,xuukhoe_culture
me_land_4882,Lodar of Balach,me_rhun_region,RHU,place,2.621,me_balchoth,me_sauron_cult,,wool,rural_settlement,kungarakany_culture
me_land_4883,Grishmauk Cleft,me_anduin_vale_region,GOB,place,1.298,me_misty_orc,me_melkorism,,clay,rural_settlement,
me_land_4884,Narar of Balach,me_rhun_region,RHU,place,2.621,me_balchoth,me_sauron_cult,,livestock,rural_settlement,kung_culture
me_land_4885,Ost nenlad,me_ithilien_region,WILD,wilderness,0.007,me_gondorian,me_valar_worship,,salt,rural_settlement,
me_land_4886,Mahrim Oasis,me_umbar_region,UMB,place,1.006,me_umbarite,me_sauron_cult,,salt,rural_settlement,
me_land_4887,Skinmead,me_anduin_vale_region,BEO,place,0.307,me_beorning,me_northern_ways,,wheat,rural_settlement,
me_land_4888,Taur nenlad,me_lindon_region,LIN,place,0.093,me_sindar,me_valar_worship,,clay,rural_settlement,
me_land_4889,Léodstede,me_rohan_region,ROH,place,2.489,me_rohirric,me_northern_ways,,horses,rural_settlement,mewati
me_land_4890,Barrowdown Fold,me_shire_breeland_region,BRE,place,0.491,me_eriadoran,me_northern_ways,,wheat,rural_settlement,
me_land_4891,Arzek Ford,me_khand_region,KHA,place,1.011,me_variag,me_melkorism,,livestock,rural_settlement,
me_land_4892,Krimpmauk Cleft,me_enedwaith_region,ISE,place,0.238,me_isengard_uruk,me_sauron_cult,,livestock,rural_settlement,
me_land_4893,Narim Oasis,me_near_harad_region,HNE,place,2.035,me_near_haradrim,me_southron_ways,,salt,rural_settlement,pankararu_culture
me_land_4894,Bar nenlad,me_brown_lands_region,WILD,wilderness,0.011,me_woodman,me_northern_ways,,wool,rural_settlement,
me_land_4895,Calen nenlad,me_mirkwood_region,WOO,place,0.648,me_silvan,me_valar_worship,,wool,rural_settlement,
me_land_4896,Starmere Waste,me_forochel_region,LOS,place,0.031,me_lossoth,me_lossoth_ways,,fur,rural_settlement,
me_land_4897,Lugmauk Cleft,me_enedwaith_region,ISE,place,0.238,me_isengard_uruk,me_sauron_cult,,wool,rural_settlement,
me_land_4898,Balkek Ford,me_far_harad_region,KHA,place,1.011,me_variag,me_melkorism,,salt,rural_settlement,
me_land_4899,Celon nenlad,me_belfalas_region,GON,place,3.777,me_gondorian,me_valar_worship,,clay,rural_settlement,hitchiti_culture
me_land_4900,Nim nenlad,me_brown_lands_region,WILD,wilderness,0.015,me_woodman,me_northern_ways,,wheat,rural_settlement,
me_land_4901,Rhovar of Balach,me_rhun_region,RHU,place,2.621,me_balchoth,me_sauron_cult,,livestock,rural_settlement,kunda
me_land_4902,Sagar of Balach,me_rhun_region,RH2,place,1.908,me_karmachi,me_melkorism,,wheat,rural_settlement,sahtu_culture
me_land_4903,Mauhmauk Cleft,me_grey_mountains_region,GUN,place,5.13,me_northern_orc,me_melkorism,,wool,rural_settlement,cuyonon_culture
me_land_4904,Muzgmauk Cleft,me_anduin_vale_region,GOB,place,1.298,me_misty_orc,me_melkorism,,wool,rural_settlement,
me_land_4905,Sharar of Balach,me_rhun_region,RHU,place,1.784,me_balchoth,me_sauron_cult,,medicaments,rural_settlement,taneks_culture
me_land_4906,Beacondown Fold,me_enedwaith_region,WILD,wilderness,0.013,me_dunlending,me_dunland_ways,,wheat,rural_settlement,
me_land_4907,Blackdown Fold,me_mirkwood_region,WILD,wilderness,0.013,me_woodman,me_northern_ways,,wool,rural_settlement,
me_land_4908,Amon rathlad,me_ithilien_region,WILD,wilderness,0.007,me_gondorian,me_valar_worship,,salt,rural_settlement,
me_land_4909,Drazek Ford,me_near_harad_region,KHA,place,1.011,me_variag,me_melkorism,,salt,rural_settlement,
me_land_4910,Qasim Oasis,me_near_harad_region,HNE,place,2.035,me_near_haradrim,me_southron_ways,,wool,rural_settlement,pankara_culture
me_land_4911,Dol rathlad,me_south_gondor_region,GON,place,1.6,me_gondorian,me_valar_worship,,livestock,rural_settlement,waropen_culture
me_land_4912,Eithel rathlad,me_north_arnor_region,WILD,wilderness,0.016,me_eriadoran,me_northern_ways,,livestock,rural_settlement,
me_land_4913,Gharek Ford,me_khand_region,KHA,place,1.011,me_variag,me_melkorism,,copper,rural_settlement,
me_land_4914,Emyn rathlad,me_belfalas_region,GON,place,3.777,me_gondorian,me_valar_worship,,clay,rural_settlement,hiraaca_culture
me_land_4915,Uldar of Balach,me_rhun_region,RH2,place,1.432,me_karmachi,me_melkorism,,livestock,rural_settlement,xumani_culture
me_land_4916,Whitemere Waste,me_northern_wastes_region,WILD,wilderness,0.013,me_lossoth,me_lossoth_ways,,wheat,rural_settlement,
me_land_4917,Nazgmauk Cleft,me_north_arnor_region,ANG,place,1.085,me_northern_orc,me_melkorism,,wool,rural_settlement,
me_land_4918,Wainar of Balach,me_rhun_region,RHU,place,3.494,me_balchoth,me_sauron_cult,,livestock,rural_settlement,kabyle
me_land_4919,Imlad rathlad,me_north_arnor_region,WILD,wilderness,0.006,me_eriadoran,me_northern_ways,,fish,rural_settlement,
me_land_4920,Minas rathlad,me_south_gondor_region,GON,place,0.833,me_gondorian,me_valar_worship,,iron,rural_settlement,
me_land_4921,Ost rathlad,me_belfalas_region,GON,place,5.473,me_gondorian,me_valar_worship,,livestock,rural_settlement,barna_culture
me_land_4922,Rakhim Oasis,me_umbar_region,UMB,place,1.679,me_umbarite,me_sauron_cult,,copper,rural_settlement,tenda_culture
me_land_4923,Ridstede,me_rohan_region,ROH,place,2.489,me_rohirric,me_northern_ways,,horses,rural_settlement,mewari
me_land_4924,Wintermere Waste,me_forochel_region,LOS,place,0.031,me_lossoth,me_lossoth_ways,,fish,rural_settlement,
me_land_4925,Eaststrand,me_dale_region,ESG,place,1.113,me_dalish,me_northern_ways,,wheat,rural_settlement,
me_land_4926,Taur rathlad,me_ithilien_region,WILD,wilderness,0.007,me_gondorian,me_valar_worship,,stone,rural_settlement,
me_land_4927,Bar rathlad,me_lindon_region,LIN,place,0.093,me_sindar,me_valar_worship,,wool,rural_settlement,
me_land_4928,Merrydelving,me_shire_breeland_region,SHI,place,2.869,me_shire_hobbit,me_northern_ways,,fiber_crops,rural_settlement,kerek_culture
me_land_4929,Zorar of Balach,me_rhun_region,RH3,place,4.951,me_sagath,me_melkorism,,horses,rural_settlement,daur_culture
me_land_4930,Skaimauk Cleft,me_mordor_region,WILD,wilderness,0.013,me_mordor_orc,me_sauron_cult,,stone,rural_settlement,
me_land_4931,Calen rathlad,me_brown_lands_region,WILD,wilderness,0.013,me_woodman,me_northern_ways,,wool,rural_settlement,
me_land_4932,Coldpoint Waste,me_northern_wastes_region,WILD,wilderness,0.013,me_lossoth,me_lossoth_ways,,wool,rural_settlement,
me_land_4933,Harnenhold,me_near_harad_region,HNE,city,20.297,me_near_haradrim,me_southron_ways,,livestock,city,agojuda_culture
me_land_4934,Celon rathlad,me_ithilien_region,WILD,wilderness,0.016,me_gondorian,me_valar_worship,,wool,rural_settlement,
me_land_4935,Balath of Balach,me_rhun_region,RH2,place,1.908,me_karmachi,me_melkorism,,wool,rural_settlement,sahnish_culture
me_land_4936,Sahrim Oasis,me_near_harad_region,HNE,place,2.035,me_near_haradrim,me_southron_ways,,copper,rural_settlement,pangasinan_culture
me_land_4937,Brambledown Fold,me_anduin_vale_region,WILD,wilderness,0.015,me_woodman,me_northern_ways,,clay,rural_settlement,
me_land_4938,Bucklanddown Fold,me_enedwaith_region,WILD,wilderness,0.013,me_dunlending,me_dunland_ways,,wheat,rural_settlement,
me_land_4939,Tazim Oasis,me_far_harad_region,HRA,place,4.546,me_near_haradrim,me_southron_ways,,livestock,rural_settlement,gaozhou_culture
me_land_4940,Nim rathlad,me_north_arnor_region,WILD,wilderness,0.006,me_eriadoran,me_northern_ways,,wild_game,rural_settlement,
me_land_4941,Uglmauk Cleft,me_north_arnor_region,ANG,place,1.484,me_northern_orc,me_melkorism,,wheat,rural_settlement,watjarri_culture
me_land_4942,Cedardown Fold,me_enedwaith_region,WILD,wilderness,0.016,me_dunlending,me_dunland_ways,,livestock,rural_settlement,
me_land_4943,Kandek Ford,me_khand_region,KHA,place,1.011,me_variag,me_melkorism,,salt,rural_settlement,
me_land_4944,Deepdown Fold,me_enedwaith_region,WILD,wilderness,0.013,me_dunlending,me_dunland_ways,,clay,rural_settlement,
me_land_4945,Urukmauk Cleft,me_anduin_vale_region,GOB,place,1.224,me_misty_orc,me_melkorism,,clay,rural_settlement,
me_land_4946,Ashnakh Cleft,me_angmar_region,ANG,place,0.138,me_northern_orc,me_melkorism,,fish,rural_settlement,
me_land_4947,Amon sarnlad,me_belfalas_region,DAM,place,2.469,me_dol_amrothian,me_valar_worship,,wool,rural_settlement,mixtec_culture
me_land_4948,Driftpoint Waste,me_northern_wastes_region,WILD,wilderness,0.006,me_lossoth,me_lossoth_ways,,fur,rural_settlement,
me_land_4949,Azgnakh Cleft,me_mordor_region,MOR,place,7.563,me_mordor_orc,me_sauron_cult,,livestock,rural_settlement,algerian
me_land_4950,Borath of Balach,me_rhun_region,RH2,place,1.908,me_karmachi,me_melkorism,,wheat,rural_settlement,sahaptin_culture
me_land_4951,Dol sarnlad,me_brown_lands_region,WILD,wilderness,0.011,me_woodman,me_northern_ways,,wheat,rural_settlement,
me_land_4952,Eithel sarnlad,me_ithilien_region,WILD,wilderness,0.016,me_gondorian,me_valar_worship,,clay,rural_settlement,
me_land_4953,Emyn sarnlad,me_lindon_region,LIN,place,0.091,me_sindar,me_valar_worship,,wool,rural_settlement,
me_land_4954,Imlad sarnlad,me_north_arnor_region,WILD,wilderness,0.013,me_eriadoran,me_northern_ways,,wool,rural_settlement,
me_land_4955,Gathath of Balach,me_rhun_region,RH3,place,4.951,me_sagath,me_melkorism,,wool,rural_settlement,darumbal_culture
me_land_4956,Khazek Ford,me_khand_region,KHA,place,1.011,me_variag,me_melkorism,,wool,rural_settlement,
me_land_4957,Eastdown Fold,me_enedwaith_region,WILD,wilderness,0.013,me_dunlending,me_dunland_ways,,wool,rural_settlement,
me_land_4958,Umrim Oasis,me_near_harad_region,HRA,place,4.546,me_near_haradrim,me_southron_ways,,wool,rural_settlement,gangulu_culture
me_land_4959,Minas sarnlad,me_mirkwood_region,WOO,place,0.648,me_silvan,me_valar_worship,,wild_game,rural_settlement,
me_land_4960,Greendown Fold,me_enedwaith_region,DUN,place,4.106,me_dunlending,me_dunland_ways,,wool,rural_settlement,hai_om_culture
me_land_4961,Blacknakh Cleft,me_rohan_region,ISE,place,0.331,me_isengard_uruk,me_sauron_cult,,wool,rural_settlement,
me_land_4962,Mossdelving,me_shire_breeland_region,SHI,place,2.869,me_shire_hobbit,me_northern_ways,,wheat,rural_settlement,kenyah_culture
me_land_4963,Karmath of Balach,me_rhun_region,RH2,place,1.432,me_karmachi,me_melkorism,,wheat,rural_settlement,xuanzhou_culture
me_land_4964,Gundrakhas,me_rhun_region,IRO,place,0.447,me_longbeard,me_mahal_cult,,horses,rural_settlement,
me_land_4965,Ost sarnlad,me_lebennin_region,GON,place,5.473,me_gondorian,me_valar_worship,,livestock,rural_settlement,bariba
me_land_4966,Frostpoint Waste,me_northern_wastes_region,WILD,wilderness,0.013,me_lossoth,me_lossoth_ways,,fish,rural_settlement,
me_land_4967,Zarim Oasis,me_near_harad_region,HNE,place,2.035,me_near_haradrim,me_southron_ways,,salt,rural_settlement,panche_culture
me_land_4968,Khazrakhas,me_grey_mountains_region,WILD,wilderness,0.01,me_northern_orc,me_melkorism,,wool,rural_settlement,
me_land_4969,Khurath of Balach,me_rhun_region,RHU,place,2.621,me_balchoth,me_sauron_cult,,livestock,rural_settlement,kunama_culture
me_land_4970,Taur sarnlad,me_brown_lands_region,WILD,wilderness,0.015,me_woodman,me_northern_ways,,wheat,rural_settlement,
me_land_4971,Nutdelving,me_shire_breeland_region,SHI,place,2.869,me_shire_hobbit,me_northern_ways,,fiber_crops,rural_settlement,kentaientonga_culture
me_land_4972,Burznakh Cleft,me_anduin_vale_region,MOA,place,2.376,me_misty_orc,me_melkorism,,livestock,rural_settlement,omok_culture
me_land_4973,Bar sarnlad,me_belfalas_region,GON,place,5.473,me_gondorian,me_valar_worship,,livestock,rural_settlement,barem_culture
me_land_4974,Greydown Fold,me_enedwaith_region,WILD,wilderness,0.013,me_dunlending,me_dunland_ways,,wheat,rural_settlement,
me_land_4975,Longdown Fold,me_enedwaith_region,WILD,wilderness,0.016,me_dunlending,me_dunland_ways,,wool,rural_settlement,
me_land_4976,Calen sarnlad,me_ithilien_region,WILD,wilderness,0.007,me_gondorian,me_valar_worship,,iron,rural_settlement,
me_land_4977,Rushdelving,me_shire_breeland_region,SHI,place,2.869,me_shire_hobbit,me_northern_ways,,wheat,rural_settlement,kejia_culture
me_land_4978,Icepoint Waste,me_northern_wastes_region,WILD,wilderness,0.006,me_lossoth,me_lossoth_ways,,fish,rural_settlement,
me_land_4979,Kheledrakhas,me_lindon_region,BLU,place,0.258,me_firebeard_broadbeam,me_mahal_cult,,wheat,rural_settlement,
me_land_4980,Dushnakh Cleft,me_mirkwood_region,DOL,place,3.575,me_mordor_orc,me_sauron_cult,,wheat,rural_settlement,jola
me_land_4981,Northdown Fold,me_mirkwood_region,WDM,place,1.63,me_woodman,me_northern_ways,,clay,rural_settlement,wamesa_culture
me_land_4982,Lodath of Balach,me_rhun_region,RH3,place,4.951,me_sagath,me_melkorism,,wool,rural_settlement,dargin_culture
me_land_4983,Celon sarnlad,me_belfalas_region,GON,place,3.777,me_gondorian,me_valar_worship,,clay,rural_settlement,hinonoeino_culture
me_land_4984,Nim sarnlad,me_north_arnor_region,WILD,wilderness,0.012,me_eriadoran,me_northern_ways,,wool,rural_settlement,
me_land_4985,Oakdown Fold,me_enedwaith_region,WILD,wilderness,0.016,me_dunlending,me_dunland_ways,,livestock,rural_settlement,
me_land_4986,Amon thoronlad,me_north_arnor_region,WILD,wilderness,0.016,me_eriadoran,me_northern_ways,,wool,rural_settlement,
me_land_4987,Dol thoronlad,me_belfalas_region,GON,place,3.777,me_gondorian,me_valar_worship,,livestock,rural_settlement,hiligaynon_culture
me_land_4988,Narath of Balach,me_rhun_region,RH2,place,1.908,me_karmachi,me_melkorism,,wool,rural_settlement,sacha_p_qulla_culture
me_land_4989,Ghashnakh Cleft,me_mordor_region,MOR,place,5.742,me_mordor_orc,me_sauron_cult,,wheat,rural_settlement,ashshipite_culture
me_land_4990,Eithel thoronlad,me_lebennin_region,GON,place,5.473,me_gondorian,me_valar_worship,,fish,rural_settlement,bare_culture
me_land_4991,Azrir Oasis,me_far_harad_region,HRA,place,4.546,me_near_haradrim,me_southron_ways,,copper,rural_settlement,ganggalida_culture
me_land_4992,Emyn thoronlad,me_lindon_region,LIN,place,0.093,me_sindar,me_valar_worship,,wheat,rural_settlement,
me_land_4993,Imlad thoronlad,me_south_gondor_region,GON,place,0.855,me_gondorian,me_valar_worship,,livestock,rural_settlement,
me_land_4994,Minas thoronlad,me_north_arnor_region,RAN,place,0.168,me_arnor_dunedain,me_valar_worship,,livestock,rural_settlement,
me_land_4995,Thistledelving,me_shire_breeland_region,SHI,place,2.869,me_shire_hobbit,me_northern_ways,,fiber_crops,rural_settlement,kei_culture
me_land_4996,Ost thoronlad,me_lindon_region,LIN,place,0.093,me_sindar,me_valar_worship,,livestock,rural_settlement,
me_land_4997,Taur thoronlad,me_lebennin_region,GON,place,5.473,me_gondorian,me_valar_worship,,clay,rural_settlement,bardi_culture
me_land_4998,Thengelstede,me_rohan_region,ROH,place,2.399,me_rohirric,me_northern_ways,,wheat,rural_settlement,nahani_culture
me_land_4999,Southdown Fold,me_enedwaith_region,WILD,wilderness,0.016,me_dunlending,me_dunland_ways,,livestock,rural_settlement,
me_land_5000,Northpoint Waste,me_forochel_region,LOS,place,0.031,me_lossoth,me_lossoth_ways,,fish,rural_settlement,
me_land_5001,Rhovath of Balach,me_rhun_region,RH2,place,1.432,me_karmachi,me_melkorism,,wheat,rural_settlement,xoon_culture
me_land_5002,Stonedown Fold,me_mirkwood_region,WILD,wilderness,0.013,me_woodman,me_northern_ways,,wool,rural_settlement,
me_land_5003,Bahrir Oasis,me_near_harad_region,HNE,place,2.035,me_near_haradrim,me_southron_ways,,livestock,rural_settlement,panatahuas_culture
me_land_5004,Bar thoronlad,me_ithilien_region,WILD,wilderness,0.007,me_gondorian,me_valar_worship,,salt,rural_settlement,
me_land_5005,Sagath of Balach,me_rhun_region,RHU,place,2.621,me_balchoth,me_sauron_cult,,wool,rural_settlement,kumyk_culture
me_land_5006,Woldstede,me_rohan_region,ROH,place,2.399,me_rohirric,me_northern_ways,,horses,rural_settlement,nagpuri_culture
me_land_5007,Calen thoronlad,me_north_arnor_region,WILD,wilderness,0.016,me_eriadoran,me_northern_ways,,clay,rural_settlement,
me_land_5008,Willowdelving,me_shire_breeland_region,SHI,place,2.869,me_shire_hobbit,me_northern_ways,,fiber_crops,rural_settlement,kazani
me_land_5009,Celon thoronlad,me_lindon_region,LIN,place,0.093,me_sindar,me_valar_worship,,clay,rural_settlement,
me_land_5010,Palepoint Waste,me_northern_wastes_region,WILD,wilderness,0.006,me_lossoth,me_lossoth_ways,,wild_game,rural_settlement,
me_land_5011,Esgarstrand,me_rhun_region,DOR,place,1.82,me_dorwinrim,me_northern_ways,,livestock,rural_settlement,sudanese_arab
me_land_5012,Nargrakhas,me_grey_mountains_region,ERE,place,0.78,me_longbeard,me_mahal_cult,,wild_game,rural_settlement,
me_land_5013,Applefold,me_shire_breeland_region,SHI,place,2.869,me_shire_hobbit,me_northern_ways,,fiber_crops,rural_settlement,kayan_culture
me_land_5014,Sharath of Balach,me_rhun_region,RH2,place,1.432,me_karmachi,me_melkorism,,wool,rural_settlement,xoco_culture
me_land_5015,Darir Oasis,me_near_harad_region,UMB,place,1.006,me_umbarite,me_sauron_cult,,wool,rural_settlement,
me_land_5016,Nim thoronlad,me_brown_lands_region,WILD,wilderness,0.011,me_woodman,me_northern_ways,,wheat,rural_settlement,
me_land_5017,Aldwæd,me_rohan_region,ROH,place,2.399,me_rohirric,me_northern_ways,,clay,rural_settlement,naga_culture
me_land_5018,Amon adarlin,me_belfalas_region,DAM,place,2.469,me_dol_amrothian,me_valar_worship,,wool,rural_settlement,mixe_culture
me_land_5019,Beorwæd,me_rohan_region,ROH,place,2.399,me_rohirric,me_northern_ways,,horses,rural_settlement,nabesna_culture
me_land_5020,Sharrakhas,me_grey_mountains_region,ERE,place,0.78,me_longbeard,me_mahal_cult,,wild_game,rural_settlement,
me_land_5021,Farir Oasis,me_near_harad_region,HRA,place,4.546,me_near_haradrim,me_southron_ways,,livestock,rural_settlement,gan_culture
me_land_5022,Uldath of Balach,me_rhun_region,RH3,place,4.951,me_sagath,me_melkorism,,livestock,rural_settlement,danzhou_culture
me_land_5023,Dol adarlin,me_brown_lands_region,WILD,wilderness,0.013,me_woodman,me_northern_ways,,livestock,rural_settlement,
me_land_5024,Wainath of Balach,me_rhun_region,RHU,place,2.621,me_balchoth,me_sauron_cult,,wool,rural_settlement,kumiai_culture
me_land_5025,Kingstrand,me_rhun_region,DOR,place,1.82,me_dorwinrim,me_northern_ways,,wool,rural_settlement,subanon_culture
me_land_5026,Zigilrakhas,me_rhun_region,IRO,place,0.447,me_longbeard,me_mahal_cult,,horses,rural_settlement,
me_land_5027,Westdown Fold,me_mirkwood_region,WILD,wilderness,0.013,me_woodman,me_northern_ways,,wheat,rural_settlement,
me_land_5028,Alderfield Fold,me_anduin_vale_region,WILD,wilderness,0.016,me_woodman,me_northern_ways,,clay,rural_settlement,
me_land_5029,Zorath of Balach,me_rhun_region,RHU,place,2.621,me_balchoth,me_sauron_cult,,wheat,rural_settlement,kumaoni
me_land_5030,Eithel adarlin,me_brown_lands_region,WILD,wilderness,0.011,me_woodman,me_northern_ways,,horses,rural_settlement,
me_land_5031,Gornakh Cleft,me_mordor_region,MOR,place,5.742,me_mordor_orc,me_sauron_cult,,livestock,rural_settlement,ashkenazi
me_land_5032,Emyn adarlin,me_brown_lands_region,WILD,wilderness,0.011,me_woodman,me_northern_ways,,wool,rural_settlement,
me_land_5033,Ashfield Fold,me_anduin_vale_region,WILD,wilderness,0.015,me_woodman,me_northern_ways,,livestock,rural_settlement,
me_land_5034,Balen of Balach,me_rhun_region,RH2,place,1.433,me_karmachi,me_melkorism,,wool,rural_settlement,xllang_culture
me_land_5035,Grishnakh Cleft,me_mordor_region,MOR,place,1.265,me_mordor_orc,me_sauron_cult,,livestock,rural_settlement,
me_land_5036,Krimpnakh Cleft,me_mordor_region,MOR,place,1.265,me_mordor_orc,me_sauron_cult,,livestock,rural_settlement,
me_land_5037,Boren of Balach,me_rhun_region,RH2,place,1.908,me_karmachi,me_melkorism,,wool,rural_settlement,saanich_culture
me_land_5038,Hadrir Oasis,me_umbar_region,UMB,place,1.679,me_umbarite,me_sauron_cult,,livestock,rural_settlement,temne
me_land_5039,Sealpoint Waste,me_northern_wastes_region,WILD,wilderness,0.013,me_lossoth,me_lossoth_ways,,wool,rural_settlement,
me_land_5040,Leafbough,me_anduin_vale_region,FAN,place,0.013,me_onodrim,me_eldest_ways,,medicaments,rural_settlement,
me_land_5041,Snowpoint Waste,me_northern_wastes_region,WILD,wilderness,0.006,me_lossoth,me_lossoth_ways,,fish,rural_settlement,
me_land_5042,Starpoint Waste,me_northern_wastes_region,WILD,wilderness,0.013,me_lossoth,me_lossoth_ways,,clay,rural_settlement,
me_land_5043,Kharir Oasis,me_near_harad_region,HNE,place,2.035,me_near_haradrim,me_southron_ways,,salt,rural_settlement,panara_culture
me_land_5044,Khorek Ford,me_far_harad_region,KHA,place,1.011,me_variag,me_melkorism,,copper,rural_settlement,
me_land_5045,Gathen of Balach,me_rhun_region,RH2,place,1.908,me_karmachi,me_melkorism,,wheat,rural_settlement,saa_culture
me_land_5046,Imlad adarlin,me_south_gondor_region,GON,place,0.855,me_gondorian,me_valar_worship,,wool,rural_settlement,
me_land_5047,Whitepoint Waste,me_northern_wastes_region,WILD,wilderness,0.006,me_lossoth,me_lossoth_ways,,wild_game,rural_settlement,
me_land_5048,Minas adarlin,me_lindon_region,LIN,place,0.093,me_sindar,me_valar_worship,,wool,rural_settlement,
me_land_5049,Lugnakh Cleft,me_grey_mountains_region,GUN,place,3.975,me_northern_orc,me_melkorism,,livestock,rural_settlement,hende_culture
me_land_5050,Mauhnakh Cleft,me_mordor_region,MOR,place,1.265,me_mordor_orc,me_sauron_cult,,stone,rural_settlement,
me_land_5051,Barrowfield Fold,me_enedwaith_region,WILD,wilderness,0.013,me_dunlending,me_dunland_ways,,livestock,rural_settlement,
me_land_5052,Muzgnakh Cleft,me_mordor_region,MOR,place,1.265,me_mordor_orc,me_sauron_cult,,iron,rural_settlement,
me_land_5053,Beaconfield Fold,me_anduin_vale_region,WILD,wilderness,0.015,me_woodman,me_northern_ways,,wheat,rural_settlement,
me_land_5054,Nazgnakh Cleft,me_anduin_vale_region,GOB,place,1.224,me_misty_orc,me_melkorism,,wheat,rural_settlement,
me_land_5055,Ost adarlin,me_ithilien_region,WILD,wilderness,0.007,me_gondorian,me_valar_worship,,iron,rural_settlement,
me_land_5056,Karmen of Balach,me_rhun_region,RHU,place,2.621,me_balchoth,me_sauron_cult,,wool,rural_settlement,kumandin_culture
me_land_5057,Khuren of Balach,me_rhun_region,RHU,place,2.621,me_balchoth,me_sauron_cult,,wheat,rural_settlement,kumalu_culture
me_land_5058,Bregowæd,me_rohan_region,ROH,place,2.399,me_rohirric,me_northern_ways,,wool,rural_settlement,naayeri_culture
me_land_5059,Blackfield Fold,me_enedwaith_region,WILD,wilderness,0.013,me_dunlending,me_dunland_ways,,clay,rural_settlement,
me_land_5060,Winterpoint Waste,me_forochel_region,LOS,place,0.216,me_lossoth,me_lossoth_ways,,wild_game,rural_settlement,
me_land_5061,Mahrir Oasis,me_far_harad_region,HFA,place,5.583,me_far_haradrim,me_southron_ways,,salt,rural_settlement,balinese_culture
me_land_5062,Skainakh Cleft,me_angmar_region,WILD,wilderness,0.006,me_northern_orc,me_melkorism,,fur,rural_settlement,
me_land_5063,Narir Oasis,me_far_harad_region,HFA,place,5.583,me_far_haradrim,me_southron_ways,,salt,rural_settlement,balanta
me_land_5064,Qasir Oasis,me_umbar_region,UMB,place,4.45,me_umbarite,me_sauron_cult,,livestock,rural_settlement,gwichin_culture
me_land_5065,Coldshore Waste,me_northern_wastes_region,WILD,wilderness,0.006,me_lossoth,me_lossoth_ways,,wild_game,rural_settlement,
me_land_5066,Ruzek Ford,me_khand_region,KHA,place,1.011,me_variag,me_melkorism,,salt,rural_settlement,
me_land_5067,Loden of Balach,me_rhun_region,RH2,place,1.433,me_karmachi,me_melkorism,,wheat,rural_settlement,xixime_culture
me_land_5068,Halls of Ered Luin,me_lindon_region,BLU,hold,6.268,me_firebeard_broadbeam,me_mahal_cult,me_longbeard:5,clay,town,ashalaho_culture
me_land_5069,Taur adarlin,me_ithilien_region,WILD,wilderness,0.007,me_gondorian,me_valar_worship,,stone,rural_settlement,
me_land_5070,Naren of Balach,me_rhun_region,RHU,place,2.621,me_balchoth,me_sauron_cult,,livestock,rural_settlement,kuku_yalanji_culture
me_land_5071,Rhoven of Balach,me_rhun_region,RH2,place,2.512,me_karmachi,me_melkorism,,clay,rural_settlement,mbay_culture
me_land_5072,Bar adarlin,me_ithilien_region,WILD,wilderness,0.007,me_gondorian,me_valar_worship,,stone,rural_settlement,
me_land_5073,Calen adarlin,me_anorien_region,GON,place,5.473,me_gondorian,me_valar_worship,,wheat,rural_settlement,bardi_bank_culture
me_land_5074,Bramblefield Fold,me_enedwaith_region,WILD,wilderness,0.013,me_dunlending,me_dunland_ways,,clay,rural_settlement,
me_land_5075,Celon adarlin,me_north_arnor_region,WILD,wilderness,0.016,me_eriadoran,me_northern_ways,,wool,rural_settlement,
me_land_5076,Nim adarlin,me_lebennin_region,GON,place,5.473,me_gondorian,me_valar_worship,,clay,rural_settlement,barbakoan_culture
me_land_5077,Bucklandfield Fold,me_anduin_vale_region,WILD,wilderness,0.015,me_woodman,me_northern_ways,,wheat,rural_settlement,
me_land_5078,Sagen of Balach,me_rhun_region,RHU,place,2.621,me_balchoth,me_sauron_cult,,wheat,rural_settlement,kukra_culture
me_land_5079,Amon aellin,me_belfalas_region,DAM,place,2.469,me_dol_amrothian,me_valar_worship,,wool,rural_settlement,miwok_culture
me_land_5080,Skarnek Ford,me_khand_region,KHA,place,1.011,me_variag,me_melkorism,,livestock,rural_settlement,
me_land_5081,Ceorlwæd,me_rohan_region,ROH,place,2.399,me_rohirric,me_northern_ways,,wool,rural_settlement,naasioi_culture
me_land_5082,Cedarfield Fold,me_mirkwood_region,WILD,wilderness,0.013,me_woodman,me_northern_ways,,clay,rural_settlement,
me_land_5083,Targek Ford,me_khand_region,KHA,place,1.011,me_variag,me_melkorism,,salt,rural_settlement,
me_land_5084,Dol aellin,me_north_arnor_region,WILD,wilderness,0.016,me_eriadoran,me_northern_ways,,wool,rural_settlement,
me_land_5085,Eithel aellin,me_belfalas_region,GON,place,3.777,me_gondorian,me_valar_worship,,clay,rural_settlement,hijazi_culture
me_land_5086,Driftshore Waste,me_northern_wastes_region,WILD,wilderness,0.006,me_lossoth,me_lossoth_ways,,fur,rural_settlement,
me_land_5087,Deepfield Fold,me_enedwaith_region,WILD,wilderness,0.013,me_dunlending,me_dunland_ways,,clay,rural_settlement,
me_land_5088,Uglnakh Cleft,me_mordor_region,MOR,place,1.265,me_mordor_orc,me_sauron_cult,,iron,rural_settlement,
me_land_5089,Emyn aellin,me_brown_lands_region,WILD,wilderness,0.015,me_woodman,me_northern_ways,,livestock,rural_settlement,
me_land_5090,Rakhir Oasis,me_far_harad_region,HRA,place,4.546,me_near_haradrim,me_southron_ways,,wool,rural_settlement,gamberre_culture
me_land_5091,Sharen of Balach,me_rhun_region,RHU,place,2.621,me_balchoth,me_sauron_cult,,livestock,rural_settlement,kukatj_culture
me_land_5092,Uruknakh Cleft,me_mordor_region,MOR,place,1.265,me_mordor_orc,me_sauron_cult,,wheat,rural_settlement,
me_land_5093,Ashshak Cleft,me_anduin_vale_region,GOB,place,1.224,me_misty_orc,me_melkorism,,wool,rural_settlement,
me_land_5094,Imlad aellin,me_lindon_region,LIN,place,0.093,me_sindar,me_valar_worship,,wool,rural_settlement,
me_land_5095,Minas aellin,me_ithilien_region,WILD,wilderness,0.016,me_gondorian,me_valar_worship,,wheat,rural_settlement,
me_land_5096,Ost aellin,me_belfalas_region,GON,place,5.473,me_gondorian,me_valar_worship,,wheat,rural_settlement,baradha_culture
me_land_5097,Taur aellin,me_north_arnor_region,WILD,wilderness,0.013,me_eriadoran,me_northern_ways,,fish,rural_settlement,
me_land_5098,Azgshak Cleft,me_mordor_region,MOR,place,2.209,me_mordor_orc,me_sauron_cult,,livestock,rural_settlement,osage_culture
me_land_5099,Déorwæd,me_rohan_region,ROH,place,2.489,me_rohirric,me_northern_ways,,clay,rural_settlement,messufa_culture
me_land_5100,Varkek Ford,me_near_harad_region,KHA,place,1.011,me_variag,me_melkorism,,fish,rural_settlement,
me_land_5101,Bar aellin,me_belfalas_region,DAM,place,2.469,me_dol_amrothian,me_valar_worship,,livestock,rural_settlement,mitsogo
me_land_5102,Ulden of Balach,me_rhun_region,RHU,place,2.621,me_balchoth,me_sauron_cult,,wheat,rural_settlement,kukakma_culture
me_land_5103,Wainen of Balach,me_rhun_region,RHU,place,2.621,me_balchoth,me_sauron_cult,,wheat,rural_settlement,kuikuro_culture
me_land_5104,Blackshak Cleft,me_mordor_region,MOR,place,7.563,me_mordor_orc,me_sauron_cult,,wheat,rural_settlement,alene_culture
me_land_5105,Zandek Ford,me_far_harad_region,KHA,place,1.011,me_variag,me_melkorism,,livestock,rural_settlement,
me_land_5106,Burzshak Cleft,me_mordor_region,MOR,place,7.563,me_mordor_orc,me_sauron_cult,,iron,rural_settlement,aldan_culture
me_land_5107,Dushshak Cleft,me_mordor_region,MOR,place,1.265,me_mordor_orc,me_sauron_cult,,stone,rural_settlement,
me_land_5108,Zoren of Balach,me_rhun_region,RHU,place,2.621,me_balchoth,me_sauron_cult,,wheat,rural_settlement,kuiba_culture
me_land_5109,Lakestrand,me_dale_region,DAL,place,2.849,me_dalish,me_northern_ways,,wool,rural_settlement,komo
me_land_5110,Balod of Balach,me_rhun_region,RHU,place,2.621,me_balchoth,me_sauron_cult,,wheat,rural_settlement,kuhtsutuuka_culture
me_land_5111,Calen aellin,me_lindon_region,LIN,place,0.093,me_sindar,me_valar_worship,,livestock,rural_settlement,
me_land_5112,Ghashshak Cleft,me_mordor_region,MOR,place,0.632,me_mordor_orc,me_sauron_cult,,stone,rural_settlement,
me_land_5113,Eastfield Fold,me_enedwaith_region,WILD,wilderness,0.013,me_dunlending,me_dunland_ways,,livestock,rural_settlement,
me_land_5114,Borod of Balach,me_rhun_region,RH2,place,1.433,me_karmachi,me_melkorism,,wool,rural_settlement,xinxiang_culture
me_land_5115,Gathod of Balach,me_rhun_region,RH2,place,1.433,me_karmachi,me_melkorism,,wheat,rural_settlement,xinka_culture
me_land_5116,Azansigin,me_grey_mountains_region,ERE,place,1.435,me_longbeard,me_mahal_cult,,livestock,rural_settlement,wuchuan_culture
me_land_5117,Eorlwæd,me_rohan_region,ROH,place,2.399,me_rohirric,me_northern_ways,,horses,rural_settlement,naadahende_culture
me_land_5118,Gorshak Cleft,me_mordor_region,WILD,wilderness,0.013,me_mordor_orc,me_sauron_cult,,wheat,rural_settlement,
me_land_5119,Bramblefold,me_shire_breeland_region,SHI,place,2.869,me_shire_hobbit,me_northern_ways,,wool,rural_settlement,kayambi_culture
me_land_5120,Arzesh Ford,me_khand_region,KHA,place,1.011,me_variag,me_melkorism,,wool,rural_settlement,
me_land_5121,Celon aellin,me_anorien_region,GON,place,3.878,me_gondorian,me_valar_worship,,medicaments,rural_settlement,het_culture
me_land_5122,Greenfield Fold,me_anduin_vale_region,WILD,wilderness,0.016,me_woodman,me_northern_ways,,livestock,rural_settlement,
me_land_5123,Grishshak Cleft,me_north_arnor_region,ANG,place,1.484,me_northern_orc,me_melkorism,,wheat,rural_settlement,wathaurong_culture
me_land_5124,Karmod of Balach,me_rhun_region,RH2,place,1.908,me_karmachi,me_melkorism,,wool,rural_settlement,ryukyu_culture
me_land_5125,Nim aellin,me_north_arnor_region,WILD,wilderness,0.013,me_eriadoran,me_northern_ways,,wool,rural_settlement,
me_land_5126,Khurod of Balach,me_rhun_region,RHU,place,2.621,me_balchoth,me_sauron_cult,,wheat,rural_settlement,kuccuntikka_culture
me_land_5127,Sahrir Oasis,me_near_harad_region,UMB,place,1.006,me_umbarite,me_sauron_cult,,fish,rural_settlement,
me_land_5128,Lodod of Balach,me_rhun_region,RH2,place,1.433,me_karmachi,me_melkorism,,livestock,rural_settlement,xinhui_culture
me_land_5129,Amon annonlin,me_enedwaith_region,RAN,place,0.168,me_arnor_dunedain,me_valar_worship,,clay,rural_settlement,
me_land_5130,Tazir Oasis,me_umbar_region,UMB,place,1.679,me_umbarite,me_sauron_cult,,wool,rural_settlement,tem
me_land_5131,Stonemead,me_anduin_vale_region,BEO,place,0.307,me_beorning,me_northern_ways,,clay,rural_settlement,
me_land_5132,Narod of Balach,me_rhun_region,RHU,place,2.621,me_balchoth,me_sauron_cult,,wheat,rural_settlement,kuba
me_land_5133,Folcwæd,me_rohan_region,ROH,place,2.399,me_rohirric,me_northern_ways,,wool,rural_settlement,n_ng_culture
me_land_5134,Dol annonlin,me_ithilien_region,WILD,wilderness,0.007,me_gondorian,me_valar_worship,,salt,rural_settlement,
me_land_5135,Eithel annonlin,me_anduin_vale_region,LOR,place,0.666,me_galadhrim,me_valar_worship,,wool,rural_settlement,
me_land_5136,Balkesh Ford,me_far_harad_region,KHA,place,1.011,me_variag,me_melkorism,,salt,rural_settlement,
me_land_5137,Emyn annonlin,me_ithilien_region,WILD,wilderness,0.007,me_gondorian,me_valar_worship,,stone,rural_settlement,
me_land_5138,Krimpshak Cleft,me_mordor_region,WILD,wilderness,0.013,me_mordor_orc,me_sauron_cult,,stone,rural_settlement,
me_land_5139,Rhovod of Balach,me_rhun_region,RHU,place,2.621,me_balchoth,me_sauron_cult,,livestock,rural_settlement,ktunaxa_culture
me_land_5140,Umrir Oasis,me_near_harad_region,HRA,place,4.546,me_near_haradrim,me_southron_ways,,copper,rural_settlement,gallo
me_land_5141,Imlad annonlin,me_anorien_region,GON,place,3.878,me_gondorian,me_valar_worship,,livestock,rural_settlement,herero
me_land_5142,Minas annonlin,me_lindon_region,LIN,place,0.094,me_sindar,me_valar_worship,,clay,rural_settlement,
me_land_5143,Drazesh Ford,me_khand_region,KHA,place,1.011,me_variag,me_melkorism,,livestock,rural_settlement,
me_land_5144,Frostshore Waste,me_forochel_region,LOS,place,0.031,me_lossoth,me_lossoth_ways,,wild_game,rural_settlement,
me_land_5145,Lugshak Cleft,me_mordor_region,WILD,wilderness,0.013,me_mordor_orc,me_sauron_cult,,stone,rural_settlement,
me_land_5146,Greyfield Fold,me_anduin_vale_region,WILD,wilderness,0.016,me_woodman,me_northern_ways,,wool,rural_settlement,
me_land_5147,Longfield Fold,me_anduin_vale_region,WILD,wilderness,0.015,me_woodman,me_northern_ways,,wool,rural_settlement,
me_land_5148,Sagod of Balach,me_rhun_region,RHU,place,2.621,me_balchoth,me_sauron_cult,,wool,rural_settlement,kren_culture
me_land_5149,Sharod of Balach,me_rhun_region,RH2,place,1.908,me_karmachi,me_melkorism,,clay,rural_settlement,ryazanian
me_land_5150,Iceshore Waste,me_northern_wastes_region,WILD,wilderness,0.006,me_lossoth,me_lossoth_ways,,fish,rural_settlement,
me_land_5151,Northfield Fold,me_enedwaith_region,WILD,wilderness,0.013,me_dunlending,me_dunland_ways,,clay,rural_settlement,
me_land_5152,Northshore Waste,me_forochel_region,LOS,place,0.031,me_lossoth,me_lossoth_ways,,wild_game,rural_settlement,
me_land_5153,Gharesh Ford,me_near_harad_region,KHA,place,1.011,me_variag,me_melkorism,,copper,rural_settlement,
me_land_5154,Mauhshak Cleft,me_mordor_region,MOR,place,1.265,me_mordor_orc,me_sauron_cult,,livestock,rural_settlement,
me_land_5155,Zarir Oasis,me_umbar_region,UMB,place,1.679,me_umbarite,me_sauron_cult,,copper,rural_settlement,telugu
me_land_5156,Oakfield Fold,me_enedwaith_region,WILD,wilderness,0.013,me_dunlending,me_dunland_ways,,wheat,rural_settlement,
me_land_5157,Uldod of Balach,me_rhun_region,RH2,place,1.433,me_karmachi,me_melkorism,,horses,rural_settlement,xinghua_culture
me_land_5158,Azrun Oasis,me_near_harad_region,HNE,place,2.035,me_near_haradrim,me_southron_ways,,salt,rural_settlement,pamona_culture
